trial,dnl_at_256_lsb,inl_at_256_lsb,max_dnl_lsb,argmax_dnl_code,max_inl_lsb,argmax_inl_code,gain_error_lsb
0,0.3293710968994219,0.16421781014014414,0.3293710968994219,256,0.22698675354837405,284,0.39738275104815496
1,-0.29201069553553793,-0.14622581162745973,0.3231465045188031,128,0.3605419863883981,147,-0.1340726773190945
2,-0.05323145842868371,-0.026766536813454422,-0.1814577942449489,96,0.146393106930077,90,0.3458249270122965
3,0.4754343318037968,0.2376986823061884,0.49145061297610937,128,0.4296376725050095,392,0.6680063262550405
4,-0.20941383441706307,-0.1045391601971346,0.6496695903608725,384,0.4054574198256091,136,-0.24020837517358612
5,0.25709942150555776,0.12848632403051852,0.25709942150555776,256,-0.23779211783988785,204,-0.4492605692982212
6,0.052589957641970386,0.02684367812773303,-0.38490783758264513,128,-0.32008274346446797,139,-0.9039719359152091
7,-0.05807645889058222,-0.029192482140388165,-0.27640738341786175,128,-0.1809183744947518,397,-0.06717324062083377
8,0.19335782888722974,0.0967308355010914,0.27071379551009045,128,-0.2665835706724664,102,-0.28878989788953163
9,0.06472752189620223,0.032130077399529,-0.1866314488182894,128,-0.19128817186236802,213,-0.009096974863967433
10,-0.06089062057230876,-0.030520120983055676,-0.11880129893842195,128,0.14961887721473488,83,-0.5449934429347597
11,-0.718451888051419,-0.3595047247278842,-0.718451888051419,256,0.3782862355247403,253,-0.03892118839006886
12,0.4761089015818243,0.2378853080884369,0.4761089015818243,256,0.35046834045181186,271,-0.6137395354334682
13,0.0427336057846901,0.021465994031700575,0.27762436635441645,320,-0.2983025461005866,170,-0.36699765595260864
14,-0.27448807769158634,-0.13738716669723772,-0.27448807769158634,256,0.27836430215987207,204,0.5817798070427378
15,-0.4090470509854356,-0.2043999735116131,0.7282436150052547,128,-0.5183748966479698,374,-0.2558159629733892
16,0.0938293935021477,0.04711307952277366,0.25802501790349197,320,0.1549599803190631,448,-0.535441840598895
17,-0.2617087897243948,-0.13105972636307683,-0.2617087897243948,256,-0.2598688451770954,307,0.2724333777416019
18,-0.0423739083649366,-0.021040537050055264,0.2924376167092646,384,0.18109320759847947,136,-0.04872874840406226
19,-0.24326345049726683,-0.12064407466334615,0.3274057855085175,384,0.273621811297005,148,-0.6175965222902604
20,0.9280455159481278,0.4644711104926955,0.9280455159481278,256,0.5119358997466747,338,-0.1537265423209338
21,0.1515315379459139,0.07582025053721964,-0.2121692260332111,64,0.1881583546027059,287,0.23889905828442773
22,-0.04857364570619893,-0.024519098008056517,-0.11801453504210713,288,-0.1184441873614901,352,-0.20927264728713346
23,-0.517620691153212,-0.2591688881759353,-0.517620691153212,256,-0.3679108039839889,273,0.6498061011998553
24,0.4099910042668853,0.20479792050656442,0.4099910042668853,256,0.27511076020994096,341,-0.18193767879189748
25,-0.09246333380013994,-0.04581059110927299,0.31835164987467834,64,-0.24847811680240284,317,-0.2598592431041114
26,0.41417854657396447,0.20721079399885411,-0.4526825787498723,128,-0.4413507912142336,170,-0.14656988491736292
27,0.384724650850643,0.19218046036297665,0.384724650850643,256,0.2143761735770795,292,0.6914722014917629
28,0.27343847294588386,0.1367252672570487,0.2737063266075239,64,-0.2780937305667095,58,-0.4315384905626466
29,0.25165360271117265,0.12624861673916143,0.25165360271117265,256,-0.26238230167905385,225,-0.587099754709249
30,0.3915534506222116,0.1962862997750392,0.3915534506222116,256,-0.30347257187503374,191,-0.721651510221628
31,0.6118463391012767,0.3058053460109136,0.6230152343526925,384,0.46429246664206403,384,0.32067194269007204
32,0.7807791537803155,0.3899939228283529,0.7807791537803155,256,0.4584907678218997,263,0.05245959467361727
33,-0.16396175109312594,-0.08180854534356286,0.19707296989798806,128,-0.18034726013280533,333,0.26454220423407543
34,-0.20077563880616367,-0.10037836657343746,-0.20077563880616367,256,0.1728200375501956,244,0.21506125329511863
35,0.20862307977549222,0.10462932520940171,0.20862307977549222,256,0.19969411462056996,297,-0.7317139869315994
36,0.37288232454346826,0.1857887771147375,0.37288232454346826,256,0.2994406447458573,284,0.8246904179140847
37,-0.11051951829279005,-0.05550549531676552,0.22678522866510775,416,0.17640306652339177,33,-0.0981168047640944
38,0.38076383926036783,0.19034315772847776,0.38076383926036783,256,-0.2930271271738718,180,-0.23078407404815882
39,-0.44164207505045283,-0.22051953293814108,-0.44164207505045283,256,-0.39369946343583706,303,-0.36298669042520404
40,-0.4053781656224089,-0.20208709118091406,-0.4053781656224089,256,0.28722148284589366,234,-0.5868483258386783
41,0.29019278688303984,0.1449574248459271,0.29019278688303984,256,-0.245753072565833,216,0.2952957028982108
42,-0.3507469070861191,-0.17497490055464482,-0.3507469070861191,256,0.27972268966931324,151,-0.3221916478343381
43,-0.14449344965950672,-0.07229649019748763,-0.14449344965950672,256,0.14358187856323923,96,0.07626815800332305
44,0.35805230404571375,0.17906049173979,0.35805230404571375,256,-0.3264623911072704,198,-0.283220557933822
45,0.12552665897973725,0.06286691311328241,0.2049201193344743,384,0.2277753192474279,412,-0.140835679550448
46,-0.012816311831613802,-0.005906595438119666,0.1302893996468697,384,0.11389382770369139,220,-0.1150809169169657
47,-0.6003591097417598,-0.30009725728945114,-0.6003591097417598,256,-0.3907873998692821,310,-0.05417769383057002
48,-0.31084590719234484,-0.15541621591603416,-0.3656699147631457,384,0.28286660082484616,103,-0.8616057709904597
49,0.26132057388454655,0.13094765495526417,0.26132057388454655,256,0.25956402422161773,305,-0.4681139943255308
50,0.27322956536588094,0.13624014553170127,0.27322956536588094,256,-0.22143174761953333,238,0.25562675372247823
51,-0.5539168848274301,-0.27692299884523663,-0.5539168848274301,256,0.34677477899911935,111,-0.39967100759104274
52,-0.054080993910417874,-0.027425137909290243,0.4551845086228923,128,0.26336176649215304,131,0.1752280728222524
53,0.014821193421113321,0.007762879797098776,0.17196051562295622,128,0.15211971558710502,450,0.1953529005693127
54,0.14693737841216148,0.07374854897523164,0.14693737841216148,256,-0.17029747629467806,167,0.48938366091770674
55,0.10630689596013099,0.053624953660659,-0.2183209479332504,384,-0.17772259428591042,146,-0.5748441626580162
56,1.0549001777536944,0.5268039557632846,1.0549001777536944,256,-0.6808012490720046,246,0.8253875112069774
57,0.46649891781518704,0.23302901363115325,0.46649891781518704,256,0.4053846697356107,398,0.35715415666413186
58,-0.746527806911871,-0.37299537085948486,-0.746527806911871,256,0.4964399649033453,226,-0.2810897931379405
59,0.23329481871797952,0.11617158051700471,0.23329481871797952,256,0.15836744426769656,322,1.072354455451992
60,0.14520348667247163,0.0727235199870222,0.24348992252834023,128,-0.24190194943422227,78,-0.624354832394969
61,-0.10825163794510217,-0.05453299078754981,-0.10825163794510217,256,0.0802176191050421,187,1.0078176095734839
62,0.3297299446933266,0.1646322225582253,-0.3555348341768081,384,0.2873249458413625,314,-0.336826592425884
63,-0.6378784155118069,-0.31886223375627765,-0.6378784155118069,256,0.36862737974817605,235,-0.011017396130025545
64,0.09435294224959989,0.04742325039117645,-0.15390677640687045,384,-0.13789019683696324,148,-0.18667701501174372
65,-0.602501442051846,-0.3011835311490927,-0.602501442051846,256,0.32457600584478996,231,-0.1276298338479306
66,-0.36714892653040465,-0.18389343621933563,-0.36714892653040465,256,-0.29057444475802185,389,0.473465501097021
67,0.2804329814438802,0.1401383721583329,0.2804329814438802,256,0.20589654634335375,391,-0.17037367780391366
68,0.21931466695642143,0.11008499499430968,0.21931466695642143,256,0.25859218411636675,311,-1.3509463018233676
69,0.19526340728572222,0.0973636232466788,0.4506156429940802,128,0.38360514634592846,391,-0.13353581872649012
70,0.46813470156948256,0.23461460773424392,0.46813470156948256,256,-0.3308527856946739,179,-0.5576363092460044
71,-0.10538978106967534,-0.05297107289175074,0.28866897122276214,192,0.2769203059236389,86,0.3099294456919452
72,-0.18593693756494645,-0.09283138387726808,-0.4013457405948344,128,0.28538470648680914,82,0.36771515031312724
73,-0.26935355889801826,-0.1350552916346146,-0.26935355889801826,256,0.22323992257065584,184,0.5293932021243987
74,-0.3745669446982163,-0.18742961416910475,-0.3745669446982163,256,-0.2711062720754285,344,-0.2239266782446057
75,-0.4167239764844908,-0.208318953405211,-0.4531845409265003,128,0.3527744722161543,110,0.07631473097281308
76,0.1330645240207673,0.06646301428042989,0.17736554017034223,128,0.13006939032248965,392,-0.4927841294073142
77,0.4102514151104799,0.20517488178768417,0.4102514151104799,256,-0.27690513065682865,119,0.07803360029487635
78,0.686810405634759,0.3434569934503884,0.686810405634759,256,0.41858519102316905,327,-0.04664276406486853
79,0.3609149799875979,0.18132754571527698,0.3609149799875979,256,-0.2869494577232672,211,-0.2403479158014019
80,0.40296961966407707,0.20158337536051363,0.40296961966407707,256,-0.28702914529344525,182,-0.20164005505200183
81,0.30602736032170696,0.1529459839632068,0.30602736032170696,256,-0.2136533100223943,94,0.5524269391613372
82,-0.1841006027394485,-0.09186505498200859,0.43358727942603537,384,0.3071942318090066,133,-0.2419187733867155
83,-0.3698348573694261,-0.18521876138450466,-0.3698348573694261,256,0.29400187988906623,220,0.5628856560392467
84,-0.3723945537090003,-0.18622203962064532,-0.3723945537090003,256,0.2767944214475264,63,0.11579725823747482
85,0.25508877647857275,0.12734388744900116,0.28480586998884405,160,0.23855066013197757,354,0.6775183708240233
86,0.3687435016764766,0.18431266820647352,0.3687435016764766,256,0.34034627705824505,362,0.17863341936179103
87,0.521425233307184,0.26070916229133445,0.521425233307184,256,-0.3008313512964662,221,-0.17816422854207198
88,-0.06273256716221454,-0.031147440021356942,-0.2514309594239421,448,0.1872923946882068,61,-0.0660574911082508
89,-0.2583097832004171,-0.12920701874639917,-0.2583097832004171,256,0.265533338214766,146,-0.15096458344923783
90,-0.11556884652182475,-0.057623774319239374,-0.2348287930190054,128,-0.24971964957984483,412,-0.17675843407962807
91,-0.21816647075624473,-0.10907755009918674,0.3436678941690161,160,0.3327436249171569,98,-0.054225327020549385
92,-0.12389155561174903,-0.0626709838574584,-0.1713386489345794,128,0.1374464663615811,118,0.6674937333087361
93,-0.11302991074734337,-0.05645620995298373,-0.4315748716778103,128,0.28171985723794535,63,-0.2413104520819856
94,0.03615627731983295,0.017650359777121594,0.5025656913608145,128,0.2650108517797207,386,0.5295816974651991
95,-0.07644639358807126,-0.038045918903549136,0.09383071963077327,128,0.15044265323911077,186,-0.057812541382042726
96,-0.1594825167649958,-0.07988062605571145,0.23989852888354335,320,-0.29617255070934334,279,-0.12634956449006526
97,-0.6946869207953625,-0.3469415922544101,-0.6946869207953625,256,-0.5138382247482127,343,-0.16743501217546428
98,-0.21825258473671738,-0.10922697982596219,-0.23049579085210326,192,-0.24631464911504963,451,0.3540093885532643
99,-0.4144001068540888,-0.2067919839163892,-0.4144001068540888,256,0.23727333712747622,207,-0.12537775164950626
100,-0.3001436145655134,-0.15059001000889793,-0.3001436145655134,256,0.33926475042471793,102,1.2432113456034934
101,0.17704573028990467,0.0884770837080282,-0.24398511982485616,368,-0.2595192554190078,210,-0.07928675527321208
102,0.0950861859205645,0.047528514806913336,0.0950861859205645,256,0.14359010570393593,342,0.20676738035249528
103,0.06763130700974784,0.03330478783084345,0.15116601307852306,96,-0.1710482240221438,213,0.18287204101202875
104,0.00442067476842567,0.0022311914599413285,0.24212457840565094,384,0.22787178738667535,455,-0.03642468680139967
105,-0.8373412484287996,-0.4187346767909048,-0.8373412484287996,256,-0.44632880178983214,273,0.28765336523663215
106,-0.26593483379295435,-0.13239157637158883,-0.26593483379295435,256,0.21852546307553666,236,-1.0402874343929935
107,0.04318823777765601,0.02131095285324136,0.273939046851865,384,-0.18777541063799674,60,0.2939437494152776
108,0.4540696865438463,0.22728215289311038,0.4540696865438463,256,0.31834007166617084,385,-0.18035444322430783
109,0.22552648024387167,0.11320942829286196,0.368528919202987,128,-0.30760321178964034,106,-0.14612564446099907
110,0.07255954137883691,0.036102763398446314,-0.12298998209183765,320,0.16963155076814473,283,-0.1388103843580733
111,-0.11837797657403826,-0.05894875012040757,-0.30133534451442756,160,0.3128051883224998,157,-0.21533768890610858
112,-0.2909570092771787,-0.1459361087638058,-0.2909570092771787,256,-0.17899275385423152,281,0.3276652347871849
113,-0.05802808262077974,-0.028857681151606585,-0.20152806278537128,160,0.24318772702335423,87,-0.3804867941492866
114,-0.12829779843625033,-0.06393302831386904,-0.30547618083696193,64,0.2039675939023482,183,-0.2457773028705215
115,0.4896815213828063,0.24456085573967812,0.4896815213828063,256,-0.32751748267847347,173,-0.36707015442166674
116,0.15417743475543944,0.07698899989850361,0.15417743475543944,256,0.14561151544569384,370,-0.1836580421251358
117,-0.1948592115412282,-0.09675135402684987,-0.1948592115412282,256,0.21966610757394278,188,-0.2382568500117711
118,-0.49513657831909086,-0.24812189892520564,-0.49513657831909086,256,-0.29635115965822934,261,0.6870357445640471
119,0.657760357385996,0.32950218490159955,0.657760357385996,256,-0.4517589567562652,191,-1.4910090954707806
120,-0.0329024250669363,-0.016969079346893068,0.2444080747699786,416,-0.27982004426962703,413,0.6587274069326483
121,0.09486600506139098,0.047947831098440474,0.2272012981625835,128,-0.23002587370589822,106,-0.9430765655916065
122,-0.14982228067560754,-0.07466765745417092,0.2151146021698196,416,-0.18666867842171087,469,-0.5139676120106723
123,0.1871422306603847,0.09378653151608773,0.1871422306603847,256,-0.1888733917799641,152,-0.6495691368037878
124,0.05197600361776722,0.026122555530434965,0.276159220617501,128,0.22312563771356508,407,0.019560996023717886
125,0.02617804982241978,0.013057011662112927,-0.16117391998500352,480,0.1476713726709704,471,0.09027093049959058
126,-0.17046082585866884,-0.08568650314487058,0.2824077123180473,320,0.26209607262137524,196,0.348816301686189
127,0.081061048406184,0.040448625359033485,-0.39968776990201604,192,-0.29657847714042873,192,-0.22891230079524888
128,-0.08337842203974333,-0.04188355477396044,0.40351495123292125,384,0.2454954692639717,131,0.5873147287240603
129,-0.21727060535897635,-0.10862069230114457,-0.21727060535897635,256,0.2137532545119143,177,-0.04709376964949512
130,0.11937261721226378,0.059439846706766275,-0.44114017498429803,384,-0.3744441674548966,170,0.05652371187225852
131,-0.2122301656015111,-0.10631165595574998,-0.2122301656015111,256,-0.15994275550957582,275,0.16179741451519225
132,0.028496273150153684,0.015094007526613495,-0.23069884494498183,128,0.14100963726002647,351,-0.06536653069061704
133,0.46843319189162,0.23397234643243792,0.46843319189162,256,0.2681958441265806,391,0.3787393667237412
134,-0.017911575659610435,-0.008619218796013683,0.19846295228671806,384,0.16069242661089334,164,-0.24716888045698088
135,0.18653882740818517,0.09329976841041798,0.2239935414124261,128,-0.22048164652727564,102,-0.36514410014203974
136,-0.6708993582491019,-0.3349878236309678,-0.6708993582491019,256,0.3349878236309678,255,-0.787577990314159
137,0.030472554323438317,0.01547772587193208,-0.2744393368023452,352,-0.1657434828595683,164,-0.4777518520918278
138,0.207317915414734,0.10398378841068734,0.5052181995890805,384,-0.3263870074027295,121,-0.40572942674797474
139,-0.002690801350638594,-0.0013239436671312887,-0.3521532315499485,128,0.2446340305672834,121,0.03224308307820429
140,-0.5921151168826384,-0.29583813439316486,-0.5921151168826384,256,0.454342883943724,192,-0.8646806095192875
141,-0.31548802927051156,-0.15770565532176306,-0.31548802927051156,256,0.3777101506740621,184,-0.2146149291379378
142,0.08156369498473737,0.040920699196874466,0.10874113216529224,64,-0.14209898962491252,182,-0.5295015383124286
143,0.1433894671688165,0.07196976567630031,0.1433894671688165,256,0.1407753907782876,419,-0.9410253259555794
144,0.42502773314305387,0.21190983006857778,0.42502773314305387,256,0.2897154574272349,338,0.45112197689982103
145,-0.15264905028615772,-0.07530315413475819,-0.15264905028615772,256,-0.24861643107090003,335,-1.0622495587165741
146,-0.2883629725907042,-0.14394435232182445,0.5541860092192792,384,0.4031273648328124,174,-0.7849567206333372
147,-0.1760841707326506,-0.08785507037333673,0.31555752452720753,384,0.2681391507759372,198,0.22372993425086873
148,-0.36144743450833516,-0.18047843203913772,-0.6255185531754819,128,0.4571418409379504,108,-0.55085727366176
149,0.2655478450032547,0.1324592417674353,0.2655478450032547,256,-0.21528637312147225,168,0.2725450762447418
150,-0.10171382118164729,-0.051642890048526624,0.23299358633602196,32,0.19480188573979262,161,1.1546802165365246
151,-0.04029692365500637,-0.020117092703657136,0.20223295842606603,448,-0.19482126552628642,301,-0.04401602748825306
152,-0.044072162228559364,-0.021748210954569913,0.12486575926266141,448,-0.14076710085561217,313,-0.2719575885740981
153,-0.16194250241196073,-0.08084908476405417,0.39372238737183807,128,0.38133292425740706,160,0.20242735796785125
154,-0.03425011238834941,-0.01731848990772278,-0.13670407543179408,448,0.15682542561518176,156,0.19250807433470415
155,0.44962906580178696,0.22518026112828693,0.44962906580178696,256,0.2660563345599485,269,0.3296716442891263
156,0.15289388933848613,0.07618873875782128,0.48610678285490394,128,0.3119385077157517,388,0.6631387361807928
157,0.09854021627617726,0.04887207996074494,0.09854021627617726,256,0.13323340046770227,328,0.4914758635914551
158,-0.025606807903415074,-0.012868976529546217,-0.5101525498223509,128,0.33087275995237064,106,0.2030535245314855
159,-0.5765779137913682,-0.2893481365896946,-0.5765779137913682,256,-0.3288297702972045,281,1.049291420511685
160,-0.10087188333983477,-0.05094257114581069,-0.10087188333983477,256,0.14820918904959512,170,0.20331761615647748
161,0.05814579971479361,0.029173508213261812,0.12820088794211415,128,-0.12967898461885596,44,0.2919085349456705
162,-0.15790572029879968,-0.07851528949106523,-0.34817033208958037,384,-0.337433832730369,392,0.1513445875570103
163,-0.16209996618931655,-0.08116343744777055,-0.16209996618931655,256,0.17670990125535013,231,0.3126488166634951
164,0.3470590385290393,0.17383906015842854,-0.37628031650723415,320,-0.3455919379162822,197,-0.6549653962711945
165,-0.17666316851921238,-0.08781208093569148,-0.17666316851921238,256,0.21061234789999617,202,0.12286674294495681
166,-0.07648223194439652,-0.03813949640746728,0.22864351892951618,32,0.2260539028240487,50,-0.06101224786444201
167,0.10306942137458464,0.05245258560125876,-0.17377296445658885,160,-0.25014288552557673,164,-0.817307290236467
168,0.17101868756088834,0.08552531387746853,0.17101868756088834,256,0.14590772493039594,347,0.290431439459234
169,-0.09535015017601722,-0.047723304545144174,-0.2684820027668593,384,0.2798296907885458,107,-0.5663390200930261
170,0.2851284698322729,0.14224910863333662,0.2851284698322729,256,0.19958298620394999,312,-0.11379183204081417
171,0.13106915771857075,0.06555902951015469,0.13106915771857075,256,0.13636125061617577,427,-0.9629090973497528
172,0.26637703531298484,0.13354018013461655,0.26637703531298484,256,-0.22889772200775838,212,-0.9398171999896459
173,-0.5546229913341278,-0.27739067455590316,-0.5546229913341278,256,-0.31565248391700607,265,0.38884170359052617
174,0.23832389647850505,0.1189205073342805,0.23832389647850505,256,-0.2188289221713262,211,-0.1343928060306983
175,0.04291235960320705,0.021795789389216225,-0.5272071587783387,128,-0.3118650105350014,192,-0.10287398300306488
176,0.13572599897378268,0.06815072603285444,-0.2562912273324969,192,-0.1747692323806973,88,0.20934690153730212
177,0.3280293001785992,0.16432609761901062,0.3280293001785992,256,0.21934988585752535,281,-0.007736164632105191
178,0.05425029893700639,0.0273563883417296,-0.19994130751530292,320,0.1468230897167473,414,0.5078407056483891
179,-0.19411901794654796,-0.09748956338802373,0.2993333186148561,128,0.2551693154444479,226,0.2013412436100503
180,0.001779610909807161,0.0008688000457937051,-0.18145453732074657,384,0.13604109187684799,348,-0.0968999604112543
181,-0.1533516931028771,-0.07704929083661227,0.3066592436039173,128,-0.29171973535113693,371,0.009711722144413792
182,0.09786611208340901,0.048546237622986155,-0.34025505163219805,192,0.27781143328110147,423,0.11878274841427772
183,-0.18575336890251037,-0.09270940124122262,-0.19709724516616234,320,0.24670046350163943,186,0.4151427188846002
184,0.06900684007237601,0.03456622793078168,0.1686676095683879,64,-0.1502045087670254,52,0.14224490097680495
185,0.2210386653785008,0.1102852703417625,0.2210386653785008,256,-0.19121546028678438,102,-0.1713897409207683
186,0.3220477590236044,0.16094919453973944,0.3220477590236044,256,-0.3004328068827107,112,-0.14542064203935892
187,-0.268238377754642,-0.1342793295596323,-0.268238377754642,256,0.19582086485692685,187,0.3926542310930973
188,0.024975916108417096,0.012462247313862918,-0.1516220495595917,304,-0.14149583145761824,112,0.33115613034857494
189,0.2773647166832234,0.13810274005066958,0.2773647166832234,256,-0.16324277322874536,110,1.1035450634548631
190,-0.1968100094362626,-0.09883796742877848,-0.5558318532525419,128,-0.44584659356860357,411,0.6127527421790044
191,-0.1344643383984021,-0.06757624809301888,-0.14373398912118773,192,0.1372056579094192,178,0.15804393309271864
192,0.2856482535744931,0.14258273182508674,-0.38494493689961473,128,0.4012506614950553,357,0.584847852083861
193,-0.2840785560815391,-0.14174033225225457,-0.2840785560815391,256,0.17202077283229755,250,-0.28793916164888916
194,-0.3696852171071896,-0.18518603583524396,-0.3696852171071896,256,0.26520927643275627,223,-0.017984534822431675
195,0.7025140366192772,0.35105563066809964,0.7025140366192772,256,0.36070986545212236,258,0.19572802631086472
196,0.15469845078195021,0.07732495794761007,0.2073446488141144,352,-0.23892555850272856,89,-0.5646133926938861
197,-0.4236560230565942,-0.21199972789952426,-0.4236560230565942,256,0.3072976823949034,159,0.10734652351105797
198,-0.03852619710227145,-0.01932778734766316,0.47074860410486963,384,0.28647117038372016,139,0.4488476710751834
199,0.3010984658466498,0.15039644646554962,0.3010984658466498,256,-0.2510357506902494,186,-0.43177363687272485
200,-0.19418612861286988,-0.09609597780971058,-0.29290744427328264,96,0.2657519011977172,221,-1.185377983596046
201,0.0726091569746643,0.036093975032656544,-0.08273680261305572,288,-0.16075800119736527,237,-0.3427160362791143
202,-0.2255475013534749,-0.11313317173443238,-0.2255475013534749,256,-0.21494941899709374,310,0.18009457533442247
203,-0.4906045212903223,-0.24558610324893948,-0.4906045212903223,256,0.305273002444693,92,0.19601680062073498
204,0.23238284821843536,0.11630705999726842,0.23238284821843536,256,-0.20767620371378825,230,0.2576100540583983
205,-0.1028749321760074,-0.05136090075291122,0.2981565171459408,192,-0.2057595191676569,431,0.02927493041920444
206,0.1131634524692231,0.05589585636198535,0.4425454547995713,128,0.26498783179260954,386,0.6122259607259085
207,0.23261208850581738,0.11641132354438355,0.4940729271840496,384,-0.3053474046556772,127,0.21516247409136396
208,0.49192653257938446,0.2462492363735862,0.49192653257938446,256,-0.43137542075777446,193,-0.26045829519172725
209,-0.23799245575770556,-0.11923415907801882,0.3111516563274108,384,0.3181829268858678,176,-0.029818567334826684
210,0.16763786151474847,0.08361604642362863,0.16763786151474847,256,-0.18508742384688048,180,0.026508701261912015
211,-0.32567286722562017,-0.16254325105279577,-0.32567286722562017,256,0.22487773545546474,218,-0.04283098380359429
212,-0.5090805304320725,-0.255183794301729,-0.5090805304320725,256,0.34307811850987946,228,1.2212387302120293
213,0.7692705997808105,0.38417673527362695,0.7692705997808105,256,0.4683539090426052,261,0.7088118046117847
214,-0.08143940670794336,-0.041056314427351026,0.2904340807713197,320,0.2101002126802598,208,-0.09292453630235159
215,0.5726770789590887,0.2862756790368053,0.5726770789590887,256,-0.3564682843214655,186,0.15150131115760623
216,-0.1315798591215298,-0.06610336449085707,-0.2079037660329277,128,0.20971911011062616,113,0.2832569539047532
217,0.4806960611331874,0.24002702208099436,0.4806960611331874,256,0.30843707897224704,288,0.1568748899381297
218,0.43743011474759896,0.21895560571289252,0.43743011474759896,256,-0.3118837683459219,205,0.05994630462066858
219,-0.29789034792335656,-0.14885801070656157,-0.29789034792335656,256,0.2955638354271173,179,-0.0945922772665744
220,0.13040241871664193,0.0645822910819902,-0.15211705494476746,288,0.14782420099209048,286,0.40424735245652893
221,-0.011279740387294623,-0.005370066445749444,-0.12296646721726745,128,0.1368723108140273,103,-0.46815309592542137
222,0.3058048436001286,0.15274642881064437,0.3058048436001286,256,0.1994278685521067,387,-0.1283949551700515
223,-0.07552023151151843,-0.03740293814499296,0.09847687712544939,416,0.13627193615945998,238,-0.5521393431878523
224,-0.15003423917755754,-0.07510696887916879,-0.1938868447628579,128,0.17096546798260448,61,0.5119457611605267
225,-0.29536886168108367,-0.1483035754634443,-0.29536886168108367,256,0.23590872812235375,219,0.4979740169692407
226,-0.18974578139156506,-0.09453984808115479,0.23861633256046844,64,0.2081932430218103,195,0.4650638788861216
227,-0.16065380729747858,-0.08026100935595082,-0.16065380729747858,256,0.25502775527561994,207,-0.740640675757346
228,-0.0041921037163206165,-0.001424403537271246,0.4325037054342147,128,0.2346528094110738,160,-1.0365406428921782
229,-0.5560648120833207,-0.27858934550880576,-0.5560648120833207,256,-0.31711604947145133,261,0.6455536854242543
230,-0.0451430614490107,-0.02252629669035855,-0.1973401793536027,416,0.1950569409479357,92,0.1217650486181661
231,-0.16687958653628243,-0.08443946903651067,-0.1746012585861081,64,-0.1660405527385933,457,0.31157099479009265
232,0.061590696735066786,0.030502789948059217,0.43269766087612993,128,-0.2958311786718184,83,-0.044934219720482504
233,0.24467913143598707,0.12243653240733465,-0.24657550507039616,64,-0.3208420350631229,212,-0.2761249443579515
234,0.3330386284409883,0.16645955684634828,0.3330386284409883,256,-0.3221917707730313,209,-0.01064317306519872
235,-0.4326141088799318,-0.2157220503367796,-0.4326141088799318,256,0.26943200758836383,236,-0.7317083109440192
236,-0.47263521553270493,-0.23646380344547424,-0.47263521553270493,256,0.3074290738679224,214,0.3832663121095766
237,-0.033313034988907475,-0.016506380298835666,-0.15206191305958328,96,0.1575037787353608,87,-0.17648232345229103
238,-0.14982850780185686,-0.07550717838194032,0.1956036531554446,192,0.22652625355433997,197,1.0369089339180022
239,0.18943699849594964,0.09480724487121961,0.18943699849594964,256,-0.1740657924037805,244,0.31440487081575264
240,-0.32865995621878596,-0.1642590363690033,-0.32865995621878596,256,-0.39090085966029164,334,0.2728427066167801
241,-0.6929142800463808,-0.346247178788758,-0.6929142800463808,256,-0.42238426172718846,338,0.1526048031871004
242,-0.3282884750507833,-0.16437137250755995,-0.3282884750507833,256,0.305877631726986,197,-0.221066447975402
243,0.18497395502151903,0.09261758908883166,0.18497395502151903,256,0.15132346261958673,422,0.20501048941700845
244,0.20451671830929286,0.10301103186532146,0.20451671830929286,256,0.1327224431971672,274,-1.458893339002382
245,0.25772991712142357,0.1295646773150736,0.25772991712142357,256,0.16951654385871961,310,-1.4703096865720313
246,0.0048635565664767455,0.0019811089914583135,-0.33504665528126054,128,-0.17333505939961924,129,0.726775220094307
247,-0.2154002190554536,-0.10752845633501806,-0.2154002190554536,256,0.15205320879096007,238,0.24243638102208295
248,0.2931237477909576,0.14670386371045652,0.2931237477909576,256,0.19879835139761326,330,0.12347293230597686
249,0.21908421331897898,0.10981085396346657,0.21908421331897898,256,0.18236701075994688,286,-0.585400459723327
250,-0.4219557484211691,-0.21080062666214872,-0.4219557484211691,256,0.21799744706203228,223,-0.6851041535463578
251,-0.06448771080377469,-0.031859105244251396,-0.3799397878347719,128,-0.2971433511469286,472,-0.7988174068912994
252,-0.02313874472665134,-0.011747854976647432,0.11926933383199412,192,0.12988214841459467,203,0.45034564154798756
253,-0.18456344673160174,-0.09242637915019714,0.28675211682161716,384,0.31296241255904533,177,-0.010830770542671897
254,0.2779476919452577,0.13921958560453618,0.2779476919452577,256,0.20585489542219193,294,-0.4487587196193343
255,0.21543150111929776,0.10765526612107124,-0.47580635023405193,128,-0.3961002586940481,145,0.3634498123879989
256,-0.31652851563057993,-0.15868938422227075,-0.46978496703570727,384,0.327949146212859,126,0.5935496913039764
257,-0.3046386449166505,-0.15255499228246094,-0.3046386449166505,256,0.24660685644533942,237,-0.45670263919316706
258,0.8328359749809238,0.4160339813577707,0.8328359749809238,256,-0.5835539856860805,141,0.49358463352581367
259,-0.05985555739420079,-0.029984277049265984,-0.0800417573001937,336,0.06993718719046171,111,-0.12092650298796623
260,0.13002079364196106,0.06490881936804271,0.16271453730036,288,-0.1707259375127137,217,-0.13683914998172164
261,-0.020840055171134964,-0.010541469796123693,-0.22811768117924203,384,0.2138936557080484,105,0.4350916728670135
262,-0.20523334594795983,-0.1027072464636376,-0.20523334594795983,256,0.22872008788795029,172,-0.41448393883981305
263,-0.2596050009414341,-0.13014437846635474,-0.2596050009414341,256,0.25560765832696575,159,1.4338814295099593
264,-0.42255558401163285,-0.21138023986404164,-0.42255558401163285,256,0.2721884446421541,251,-0.06703096310078359
265,-0.35703186597083914,-0.17848996376534387,-0.35703186597083914,256,0.19870319076045462,253,-0.03672385400590655
266,0.8515642770551608,0.42564990221200105,0.8515642770551608,256,0.5097966346668272,294,0.7342550663051001
267,-0.690738098253064,-0.3450930064841202,-0.690738098253064,256,0.41938465088833254,238,-0.6344944670887451
268,-0.04244367445369335,-0.02102947991494375,0.4431962456042271,128,0.26010649598708824,129,-0.23196508792489037
269,0.4224561167856109,0.2108811231265122,0.4224561167856109,256,0.3934561157730627,340,0.6290418494336192
270,-0.3214088000262052,-0.16100779093559936,-0.3214088000262052,256,0.2409044424645117,204,-0.1337590931741579
271,0.3732287893702164,0.18724986369085173,0.3732287893702164,256,0.2867585236032255,294,-0.6752212039592452
272,-0.40127335218633675,-0.20103196892893038,-0.40127335218633675,256,0.2479100372651999,251,0.7974700505968926
273,-0.7198282350366014,-0.3595322176264233,-0.7198282350366014,256,0.380659924780403,120,-0.19567320381343456
274,0.41477213843370464,0.2071600095018198,0.41477213843370464,256,0.380327098904786,286,0.7207187486184603
275,0.18013773185029436,0.09053648080512744,0.19263962962682513,224,0.1913555711652748,294,-0.2802720002605703
276,0.007648501214731596,0.0034464297816043654,-0.1243332427897883,128,-0.10692141488249263,141,0.4242701336934368
277,-0.3585169121395211,-0.1794080010960215,-0.3585169121395211,256,0.2958630915043159,179,0.8708603332828533
278,-0.4809167505264611,-0.2407126537033264,-0.4809167505264611,256,-0.3528347648417025,313,0.25748068157080123
279,-0.4283852548220466,-0.2141149515718439,-0.4283852548220466,256,-0.37069358419512355,284,-0.018481062983883786
280,0.36456885645890225,0.18276469161042996,0.36456885645890225,256,0.294087116163837,342,-0.666450709929657
281,-0.5448093483416585,-0.27273553462438827,-0.5448093483416585,256,0.2925694838233994,251,0.029372447207866414
282,-0.14222267293430946,-0.07092773353019766,-0.14222267293430946,256,0.15117252217169153,199,0.5841890466493839
283,-0.0867926464780453,-0.043575217279510525,0.23449587886470624,128,0.20002311169437803,149,0.24779286793288421
284,-0.2629314652866981,-0.13137673070104938,0.32879283079071797,128,0.34060465151029007,139,-0.0558998417837225
285,-0.01718450119463455,-0.008260292463376118,0.244666563588396,320,0.20847951538365805,197,-0.7372360033372873
286,-0.09500612814881038,-0.04763966179615409,-0.09500612814881038,256,0.11757109328820547,53,0.08114649545889922
287,0.6116233535942115,0.3057601943238524,0.6116233535942115,256,-0.41387031389848516,222,0.2117473544283474
288,-0.28647580936981853,-0.1432325277617963,-0.28647580936981853,256,0.2699797669338295,182,-0.3159283815472557
289,0.0919545065486318,0.046245088822388425,-0.5839790340655213,384,0.331608169549952,366,-0.45176542742998954
290,-0.7253853416362972,-0.3630435065574602,-0.7253853416362972,256,0.3814534674292247,245,0.5487701423359704
291,0.046232285980806864,0.023875168953054526,-0.08919576151740216,128,0.10654184562815772,366,-1.1702562045533567
292,0.2822090259294612,0.1417548991390447,0.2822090259294612,256,-0.24298301968474334,241,-1.0480706753104194
293,-0.3531864147486772,-0.1763924679999036,-0.3531864147486772,256,0.2591316221173514,111,0.17906084663824254
294,-0.10037519825021946,-0.05032225144412905,0.1725051874278165,416,0.20888457051223952,102,0.3808612167407617
295,0.03701807729947859,0.01852089364425069,-0.34950944036910414,384,0.2704422001079365,377,-0.11936483491301281
296,0.18474435939285172,0.09254391814431528,-0.29068891546191367,128,0.3043781568027839,340,0.37907933112837133
297,-0.021902234018085665,-0.010833090728880279,-0.3182327606478452,64,0.20953683577145554,29,-0.1305900630342548
298,-0.19401842537328662,-0.0967692786676082,0.40267674040256907,64,-0.2815530080896451,414,0.06604325684672296
299,-0.019263351280471852,-0.009699248611582334,-0.47088913248200726,64,0.31191454172696353,185,0.14923351790354905
300,0.24754725429826863,0.12411912985260187,0.24754725429826863,256,0.2600600111516087,344,-0.3250295696577523
301,0.16684539750667682,0.08330413721256491,-0.3104483543760921,384,0.2680791254363726,373,-0.13308208422136347
302,-0.11396450472130937,-0.05706179980074921,0.13513456187502015,64,0.14579844497183103,216,0.15027140606107986
303,0.3967998176362926,0.19853379272535676,0.3967998176362926,256,-0.34130591339356897,204,-1.0362597509583866
304,-0.512677993371824,-0.25650532384440794,-0.512677993371824,256,0.39569822540715904,241,0.11577552861378815
305,-0.2363023955341248,-0.11818265171305598,-0.2363023955341248,256,0.19764185057206873,229,-0.293340458367786
306,-0.14102524162657915,-0.07067175433354578,-0.41714057426759865,64,0.29148363015116274,188,-0.2605990361964194
307,-0.22743284769015304,-0.1139207900771737,-0.22743284769015304,256,-0.22827154173040753,297,-0.5229359070724362
308,0.1722410162710446,0.08609121563864619,0.1722410162710446,256,0.1260029484296865,274,0.6107018012605756
309,0.20190477372861437,0.10113907663514965,0.20190477372861437,256,0.13756541601651406,324,0.059478204417900055
310,0.41640995343783516,0.2078409458613919,0.41640995343783516,256,0.27371767650674883,386,-0.13056920431487756
311,0.06909400946392452,0.034725279604032266,0.17531384953827,32,-0.13130024042538935,151,-0.12818990044690526
312,-0.23427281506837971,-0.11763000441823124,0.25140195443994173,128,0.2312769677888582,207,0.4008707444444709
313,-0.08315093405073526,-0.04179582170218055,-0.22806050913501963,192,-0.16057504757378638,336,0.26526878266540355
314,0.432664904588421,0.21608106786851522,0.432664904588421,256,0.35346852466364,423,0.11015524875929245
315,0.11945474840487691,0.05959560443164946,0.18883416201279601,128,0.1414911177535032,420,0.7881557602188055
316,-0.45293174528211466,-0.22582998180752156,-0.45293174528211466,256,0.3021365347279925,216,-0.6462229080317359
317,-0.13392164125275485,-0.0672554592243273,-0.33461954325036913,128,0.20861851192947256,117,-0.23481767915945517
318,0.021497247487928917,0.010858038456433405,0.1546836371084055,448,-0.16765048359479806,58,-0.13550686296295134
319,0.5305745549147218,0.2650288603996387,0.5305745549147218,256,-0.36738081263894173,197,0.15651732432265528
320,-0.03799517398209673,-0.01900746801987907,0.2922997422883782,128,0.15564372412529792,128,-0.13808921981734854
321,0.02566793382854371,0.012961109437384266,-0.12250269131385494,160,-0.09825120098194873,106,-0.3900989118756615
322,0.10101968814751672,0.04923188215570917,0.3017538862922038,128,0.21949127898460574,402,1.4238572583056515
323,-0.03446640225649844,-0.016928073451595083,0.27781397940560737,320,0.21495428819579843,77,-0.8613529148531454
324,0.14294179518716987,0.07078378635884519,-0.16549433991548312,64,0.2032054577300073,307,0.680387778148274
325,-0.3925670585807097,-0.19642815876170516,-0.3925670585807097,256,-0.35463391109544773,387,-0.35000587363376817
326,-0.07362275697457221,-0.03686529095350011,0.16459139849970938,192,0.20144254701261843,80,-0.4453695069871981
327,0.12885519113171995,0.06438549968584084,-0.2985383141871196,64,-0.2507104027315563,194,-0.15440572579777265
328,0.11447856662226741,0.057224153653351095,0.16359793278426338,64,0.19684890075103567,452,-0.33268806382495997
329,-0.7658471182514006,-0.3828395070053432,-0.7658471182514006,256,0.5124301360880281,109,-0.7872753367576945
330,0.10012104866387972,0.04995264694650814,-0.20168566388906584,64,-0.2548416377954936,89,0.6827729058453392
331,-0.09009189841665943,-0.04474767088873932,0.16664069167302387,192,-0.1408428376040547,429,-0.46541266407728366
332,-0.16605445410868924,-0.08329643804319176,0.3846639586652145,128,0.34330043016444733,137,0.047863140020643125
333,0.24440367015711217,0.1223236501943461,0.24440367015711217,256,-0.2674771087715726,225,-0.23648984403842335
334,0.3526634511673592,0.1764606509723592,0.3526634511673592,256,0.30785192315676113,417,-0.4989112217074867
335,-0.2477459663598438,-0.1239549695234814,-0.2804754239300564,320,0.24077467440415035,190,-0.3109742933130486
336,-0.5733717951755182,-0.28689321569027015,-0.5733717951755182,256,0.42826140305558624,177,0.6065247805859943
337,0.16694880665289702,0.08334875944063924,-0.17153261300876466,208,0.17641640622719024,362,0.158318659863447
338,-0.031247198671337628,-0.015628266475573582,-0.6307150001287667,64,0.42481935394934567,55,-0.3444988410944697
339,-0.2129820286799884,-0.1067711395404558,0.2798024202865861,128,-0.3158937445613219,371,0.5175088647253956
340,-0.38268746852571667,-0.19137147906963037,-0.38268746852571667,256,0.23062726173361625,250,0.48749586194097766
341,-0.3842184178568573,-0.19231335254437454,0.4784981643294941,384,0.5168106365835001,158,0.34672186318938414
342,-0.1469534151245,-0.07326803841689866,0.20579421878312587,320,-0.1974842437876987,422,-0.15667987311351145
343,0.2816248086284645,0.1408019295287204,0.2816248086284645,256,-0.27282925812184544,224,0.18205291933141574
344,0.075455219025514,0.03716336505408435,0.10520021752637376,288,0.09315200999918716,288,-0.6657834541305048
345,0.0706233730623751,0.03553224805776267,-0.13892732947294917,192,-0.14539030692552046,89,-0.05417838683084397
346,-0.3218517146589477,-0.16155308241479815,-0.3218517146589477,256,0.2501988996512807,230,0.7142588611848855
347,-0.018076628473636447,-0.009079012837673872,0.24866715212283452,128,0.23176922663387245,177,0.020829221064796104
348,-0.4551268749975179,-0.22781735226635647,-0.4551268749975179,256,-0.2720678055384269,323,0.3642608574893797
349,0.13327531910115908,0.06679905746173631,0.2132702218666509,64,0.2679706594138338,345,-0.2798878564968761
350,-0.7842025327504984,-0.3920134754809794,-0.7842025327504984,256,0.4762737694592829,229,-0.33778005437166697
351,0.04987991794422442,0.024958158188525204,-0.39781605720037305,384,0.2989271717304405,374,-0.14039230789377052
352,0.3811389631959514,0.19077441958506824,0.3811389631959514,256,-0.251628090820077,176,-0.34460454998066464
353,0.6503713943158971,0.3248369773443187,0.6503713943158971,256,0.35543854431432464,271,0.2972094589140326
354,-0.33447005789986406,-0.16684260774755444,-0.33447005789986406,256,-0.2508652706088128,333,0.14968770009149596
355,0.3954586966411284,0.19775491534068124,0.3954586966411284,256,-0.32163716754263305,203,0.4176829718543163
356,-0.5256331936694778,-0.26309362824434857,-0.5256331936694778,256,0.3090164429659126,238,0.046636350916163305
357,-0.22207191705891205,-0.11050530983470708,-0.22207191705891205,256,0.2186358862181521,105,-0.6792058308509802
358,0.6222192196914307,0.3105091031426923,0.6222192196914307,256,-0.4281227044495495,182,1.083200755003884
359,0.7169628826706003,0.35856072019052476,0.7169628826706003,256,-0.44523279251262693,171,0.5532258155288674
360,-0.21269807135661267,-0.10677562476746516,0.24298461263674653,128,0.29027242694795063,141,1.4168995168746814
361,0.010758864929499623,0.005477509901709254,0.19116716149511603,128,0.17169887584992694,431,-0.29607146855130184
362,-0.04497680545202343,-0.022336978009633413,0.17522273641873198,384,0.14201002861815937,145,-1.2532387405308567
363,0.2703120221404447,0.13473348001980412,0.2703120221404447,256,-0.1970824508012754,172,0.2615925394881703
364,-0.9453408319310483,-0.4733102540078562,-0.9453408319310483,256,0.5373870066533755,184,0.5535902055058525
365,-0.7093569568955047,-0.3538651235979273,-0.7093569568955047,256,0.4863939441353011,219,-1.9699945885110024
366,0.3485012077296403,0.17410644586703938,0.3485012077296403,256,0.2951945809356289,315,-0.1539283637427456
367,0.10644871878162121,0.05317440391479522,0.3328279289647327,128,0.20551999475048888,448,0.1564996116789572
368,-0.20149943511671609,-0.10081572410564377,-0.20149943511671609,256,-0.17640487845903863,263,0.4071435750348166
369,0.15964320528433973,0.07995271742527166,0.28236871495550986,368,0.2950986766696815,308,-0.7297983254176211
370,0.21835102537568218,0.1092756957848735,0.21835102537568218,256,-0.1670552449359377,248,-0.5708821400808118
371,0.0940579622919131,0.04691271092178795,0.25212661956197735,384,-0.17293675451340818,62,0.5224711315067053
372,-0.4605516438806774,-0.23007547635930337,-0.4605516438806774,256,0.46376477041576436,200,-0.3298692335130865
373,0.4098907042764779,0.20493123149645953,0.4098907042764779,256,-0.37501777278396276,238,0.07483895570407581
374,-0.14421754998650727,-0.0724047057755115,0.41049552525737454,384,0.26884954704917163,161,-0.14296326749628574
375,-0.0489268401577192,-0.024237973574201988,-0.24502052972273702,128,0.2340199323647596,82,-0.2643184539537175
376,0.6992158870089042,0.3498730707370328,0.6992158870089042,256,-0.4448728386907419,232,-0.9759414320274232
377,0.34062253080676896,0.1699166793742961,0.34062253080676896,256,-0.32952589356992235,104,0.3987289215335067
378,0.24105588920630794,0.12120975362478248,0.24105588920630794,256,-0.2394362201620197,108,-0.6038806335461328
379,0.09210652510301998,0.04583545579674819,0.09210652510301998,256,0.11653428093791263,282,0.6277874247073666
380,0.6700140291338812,0.33461522528796195,0.6700140291338812,256,0.4746280922343544,310,0.36548344098193436
381,0.2758093914627011,0.13775721076757463,0.2758093914627011,256,-0.24317115522853783,219,0.4097828641434861
382,-0.007109475677481214,-0.003315892243392682,-0.1140110949983324,128,0.1376315485679953,40,-0.244732743757493
383,-0.2647936230702328,-0.13228720815499173,-0.4842677716928421,128,-0.4407251689057716,428,-0.3004261884876956
384,0.450748080664539,0.22536792041051967,0.450748080664539,256,0.41936152491126677,330,0.009662646817288904
385,-0.4270766004968607,-0.21326836180978148,-0.4270766004968607,256,0.28047403540334415,119,-0.008962784551221736
386,-0.396015610061653,-0.1980265602840916,-0.396015610061653,256,0.258961210356631,243,-0.24273798282429732
387,0.2939126819769058,0.1467082360284735,0.2939126819769058,256,-0.23572574424952109,122,-0.5861782604187212
388,0.08030768219978768,0.04005015115961896,0.11858676706538063,384,-0.10608809988092816,46,-0.3074690288051185
389,-0.26794533282330235,-0.1342507754417852,-0.26794533282330235,256,0.20637028459485407,113,0.702241825264412
390,0.016295267610246356,0.0086693721685549,-0.0695623650002517,456,-0.07937584443226342,218,-0.8763172015672641
391,0.0990682653215913,0.04919151003622346,0.3028950615296253,320,0.1893023710217676,323,0.4536364513338246
392,0.15364477676718025,0.0766894048807103,0.15364477676718025,256,-0.1996178217827378,171,0.4862519658196749
393,-0.36340798961646215,-0.1819587693458402,-0.36340798961646215,256,-0.3025718076993371,315,0.4144045832929956
394,0.2055698979691556,0.1025626987637338,0.43800043015278334,128,-0.3607977901156687,120,0.5451134369071834
395,0.5634058293487101,0.281352806469215,0.5634058293487101,256,0.44615680432991667,300,0.5606128624829498
396,0.19805540311210734,0.09824869122434166,0.19805540311210734,256,0.1388715823406983,337,0.9698601616192014
397,-0.0022297573422065398,-0.001214033148528415,0.1797063521689779,128,0.15770763370608165,167,0.012275420511257282
398,-0.23039049199493888,-0.11535681943234977,-0.23039049199493888,256,0.16325582247876014,109,1.006903590241603
399,0.2589436730825412,0.1290465437423336,0.2589436730825412,256,-0.2363612007150664,198,-0.29862574404769726
400,-0.011118021291906643,-0.0060168244864371445,-0.22468348360632717,128,0.18693396478660418,115,0.9829035423452652
401,-0.1976193077683206,-0.09923178542987898,0.26002219603066123,384,0.23451278606253823,135,-0.17381300464817057
402,-0.3406128759077376,-0.17011969778067737,-0.3406128759077376,256,0.19525652483901013,244,0.14291182094363258
403,-0.2776597480148837,-0.1391454268293728,-0.2776597480148837,256,0.2604129333124945,184,0.42050148862766473
404,0.43808282200976123,0.21957716868422494,0.43808282200976123,256,-0.43709245870348923,98,-0.8739413719131499
405,-0.013050995723631331,-0.006596181313852867,0.19203021080983262,352,0.1864999429225236,168,-0.2087899618418768
406,0.07359537744576983,0.03612175030337994,-0.18786182949537533,128,0.20634866307506172,368,0.23861191241007684
407,0.07973286382986089,0.03932183894528407,0.14372865664847723,368,0.15729460626670289,404,0.7421198215384818
408,0.056456557109612504,0.02790356405455441,0.3110155403809074,128,0.20557082219426093,396,0.6268368370426776
409,-0.01053009296256846,-0.004758238926058311,0.1872718654099117,96,0.20149523781518042,44,-0.6794588035869276
410,0.40424723291937426,0.20246764191796274,0.40424723291937426,256,-0.25792587994016003,231,0.22080497573095714
411,-0.3523178669601066,-0.17618771224815077,-0.3523178669601066,256,0.25782889367536654,79,0.14959188022412157
412,-0.24456505619917834,-0.12205792826284778,0.3419426162244008,192,0.252800841525044,96,-0.6962328945288939
413,-0.13336701033628628,-0.06656560002758738,0.23773919061665083,128,0.2142476593632523,152,-0.033320824787239495
414,0.3284081334535358,0.16460005678257517,0.4230076974995427,384,-0.3596621796154551,118,-0.4821762885278289
415,0.4708007008997015,0.23578826314783896,0.4708007008997015,256,0.3568286542653709,321,-0.538056476138325
416,0.03229232987467867,0.01671723394301239,0.076411535314719,128,-0.08809248913564716,115,-0.15182242811621616
417,-0.08021941022497003,-0.040364085893259016,-0.101991021039737,128,-0.0983370331754827,405,0.5160954569459641
418,-1.0301809964006168,-0.5157276944642035,-1.0301809964006168,256,-0.6055362566079339,270,0.7950748526509055
419,-0.4917149493479087,-0.24563441175982348,-0.4917149493479087,256,0.27178884463572217,246,-0.666074284826599
420,-0.11032506865501546,-0.055039489175129575,-0.11032506865501546,256,0.10467958192930382,195,-0.5168892562212788
421,-0.3054166425752953,-0.1525277493668682,-0.48811754176219324,128,0.3504823825583685,106,0.620415937901963
422,-0.3379093706231515,-0.1685510838666744,-0.3379093706231515,256,0.33812659632269515,219,-0.5477829514823855
423,-0.18898687531526548,-0.09503476571399005,-0.18898687531526548,256,0.1740369337574066,216,0.277947287369291
424,0.5279915259126255,0.2637465541057509,0.5279915259126255,256,-0.35350119186853135,204,0.36171455307594724
425,-0.168311689509693,-0.08450388106950868,-0.2562072546307661,128,0.20258607116501537,118,0.1537438204129271
426,0.8392725626439415,0.42012062979694065,0.8392725626439415,256,-0.5634270022908083,188,0.03140890099958488
427,-0.3114753929135645,-0.1556668045848255,0.3580617686949381,128,0.33580493143563217,153,-0.5899232280407843
428,-0.13132818795529033,-0.06529239972616097,-0.2434841856529033,192,0.20486512247811106,186,-0.0191111120713941
429,0.07311533400269354,0.03688162708331788,-0.4276330377742852,448,0.29751258551067394,318,-0.41050423973985317
430,-0.23643340528425938,-0.11819718313125804,-0.23643340528425938,256,0.22161828979480447,217,0.0220585883805096
431,-0.4070458887261168,-0.20310612234095515,-0.4070458887261168,256,0.27982192169508835,227,-0.1195119956904635
432,-0.08613596495786169,-0.043072370952728534,0.12085114608242975,320,0.1593567312530979,216,-0.5176294138311757
433,-0.5100264149783982,-0.2550380304077464,-0.5100264149783982,256,-0.3046013395872933,269,0.0009510685041165673
434,0.27870175592795476,0.13945412605332308,0.5265887201078385,384,0.37324028420118793,425,-0.14316024049925596
435,0.4737367006223394,0.23685309488229223,0.4737367006223394,256,-0.37228177439180854,218,-0.19882112500431173
436,-0.2527984831451988,-0.1257525547478906,-0.43535971298965137,128,0.37185325941416636,84,-0.5875612305917927
437,0.046552066234824,0.02336096696228651,-0.19478305638119764,96,0.1827917014758782,391,-0.2628933841353257
438,0.38653514039395986,0.19354832423940138,0.38653514039395986,256,0.31593043518699915,330,-0.20901120385692065
439,0.24794975424524068,0.12429950400905909,0.24794975424524068,256,-0.2063127765674153,186,-0.2699922878174841
440,0.24876133451641635,0.12443694676508699,0.24876133451641635,256,0.240559455045684,312,-0.29381549879174773
441,0.2215390757124851,0.11064123319312102,0.2215390757124851,256,0.2851426001292907,354,0.42514750723811345
442,-0.08361960611657082,-0.04202267390962788,0.21822113101308105,384,-0.2154845087232502,357,0.2908782117341445
443,-0.049836114944440624,-0.024834188483083608,0.44479103138462506,128,0.2984507981591378,153,-0.13561112465388436
444,-0.06733357863984679,-0.033359755473583164,0.12379115781226346,384,0.13218954138073968,199,-0.4209719799718304
445,-0.26218210386377905,-0.13133231154614577,-0.26218210386377905,256,0.19987777300605103,212,0.06962295178781794
446,0.11529640231714211,0.057605558433124315,-0.1405734902227067,128,-0.1873252753438237,226,-0.5736273494818718
447,-0.1263629591997244,-0.06324106263636509,0.26394596624027145,128,0.21223313717001702,151,-0.0210625817939791
448,-0.2710749873509144,-0.13542766276617613,-0.5256148194875578,128,0.3638456455968253,106,-0.12958667175631172
449,-0.17637757320375158,-0.08892586790352652,-0.20998014794440678,160,0.26455753644282254,151,0.8195156578902537
450,-0.2759993527906772,-0.13741204482607827,-0.292569785386263,128,0.3320866465762151,103,-0.26267967859344565
451,0.25010090566502186,0.12495792659342442,-0.3068034930907402,160,0.24774246423214663,403,0.2918935500438724
452,-1.0535698789731214,-0.5270676676379367,-1.0535698789731214,256,0.5336575444031268,253,0.4052210634618654
453,-0.13677809557060527,-0.06840420920025281,-0.13677809557060527,256,0.12929323658195813,201,0.0010050241845165394
454,-0.42273132942381153,-0.21139146803861308,-0.42273132942381153,256,0.37072273424860214,147,-0.022304933594842546
455,-0.1380471268012684,-0.0687976886757724,-0.34314847011411587,128,-0.31897427078564533,391,-0.46348317235042225
456,-0.8017944667610095,-0.4009188880897625,-0.8017944667610095,256,0.4457723700120937,239,0.37920970083592387
457,-0.19814272592680027,-0.09902530010785426,-0.40180200244516584,128,0.34032758985456724,116,0.39515658859695635
458,-0.32636337271699745,-0.16326362334066857,-0.32636337271699745,256,-0.2607228672524684,324,-0.14128263813612357
459,-0.7973774821270752,-0.3976890309488397,-0.7973774821270752,256,0.5354928260348686,227,-0.6694689218296398
460,0.4990937096088146,0.2491150891248708,0.4990937096088146,256,-0.2855753121693283,254,0.815686453433141
461,0.5615533709224678,0.2808898365914274,0.5615533709224678,256,-0.3548146755602488,217,-0.12090861486455022
462,-0.1242629880095194,-0.061874629371743595,-0.20734594039430476,288,-0.2488769376615778,308,-0.20601882340546723
463,-0.03828447021109582,-0.0193148829635561,-0.11977563005075353,416,0.10977841407137134,21,-0.17308601095081913
464,0.2025491812233895,0.10137505915579936,0.2025491812233895,256,-0.21161100063795857,206,0.4881623431662955
465,-0.38692419058213545,-0.19363184291941593,-0.38692419058213545,256,0.21638575710645114,215,0.03859525751162465
466,-0.17779416087520872,-0.0884441835215739,0.24751292551360393,480,0.27201178634555845,104,-1.2595578873002797
467,0.28051055499506106,0.14013178373363644,0.28051055499506106,256,-0.29287975310120373,195,-0.2016473249406554
468,-0.41098689825309975,-0.2053362576285167,-0.41098689825309975,256,0.3612965763331317,195,0.4906037319763763
469,-0.26345029438473944,-0.13173143295762202,-0.26345029438473944,256,0.22612320405184505,237,0.06096068962092697
470,-0.18670056235328047,-0.09406878540892194,0.2525132532545058,384,0.27326306288526325,181,-0.2528583477040822
471,0.09389251928382691,0.04668913055024859,-0.12824979795294666,320,0.12964981685365728,395,-0.14402927980602975
472,0.4735784599611179,0.23647376511956963,0.5266196802928107,128,0.38123125784522927,384,0.7126568709770399
473,-0.40555196446791797,-0.20292391605261173,-0.40555196446791797,256,0.2736783738302506,234,0.12207972009013847
474,0.2181609915276681,0.10880025592189213,0.2181609915276681,256,0.11456399568174902,266,0.7252427573346174
475,0.5859831607348838,0.29264319286727414,0.5859831607348838,256,-0.3456102706081765,207,-0.1001554071519456
476,0.15102490544722968,0.07562705529056757,-0.38788968770938936,128,-0.3042065048673521,159,0.21208417168015473
477,0.1128943570794263,0.056098827306755084,-0.18106791039112125,128,0.21231610981379845,341,0.4452175565951876
478,-0.14233000540420448,-0.07058779040815466,-0.3185105092915137,384,0.2237011504781492,122,-0.24957867185107824
479,-0.7278111252709891,-0.3637281644556367,-0.7278111252709891,256,0.36372816445566514,255,-0.2975327499370983
480,-0.17576738964697824,-0.08796840852721743,-0.17576738964697824,256,0.21339509656053224,230,-0.31068597240965357
481,0.43862628232642464,0.21908768155782354,0.43862628232642464,256,-0.3099761417766729,214,-0.08074354721681595
482,0.30335135564970983,0.1517396127990196,-0.3184521556983668,128,0.342943956358738,282,0.7370806702983226
483,0.20446183616169833,0.1024364482389899,0.20817198488697386,448,-0.18072120345314602,28,-0.27423103970313406
484,0.09464022822066909,0.04734503813205038,-0.13094531229310746,128,0.17097491725252212,310,0.46763504635621467
485,0.5064692251254996,0.2537776122479727,0.5064692251254996,256,0.3935335075693729,307,-0.48515154942587757
486,-0.39147393773063754,-0.19588942182048186,0.6157112266089939,384,0.5022242655943501,153,-0.2365997270651049
487,0.3963977425922849,0.1984272379052925,0.3963977425922849,256,0.29263658423042216,335,-0.568573314369818
488,-0.2312802110994312,-0.11547348887930298,-0.2742267805666643,128,0.20490965492918178,91,-0.23526998189778187
489,0.8242622841633533,0.4120020371196915,0.8242622841633533,256,-0.422591352994516,251,-0.025457216493556437
490,-0.05502443982408067,-0.027574181611328186,-0.07812049249344,384,0.10217367583061332,103,-0.19457739059027102
491,-0.15810808370287077,-0.07914682839250986,0.3098942991937008,128,0.3125479111948266,159,-0.22261569361970174
492,-0.16935763177860963,-0.08470009025597847,-0.17729346005354785,128,-0.17649901111309418,423,-0.7823344823854286
493,-0.20650525734157554,-0.10289491123074868,-0.20650525734157554,256,0.22545413337715559,234,-0.7197161859575558
494,-0.030864224775854154,-0.016173117850883045,0.3838699074797205,384,-0.22376102640220097,343,0.08395910027565656
495,0.47714762342613426,0.238284588828094,0.47714762342613426,256,-0.27446423251114993,206,-0.22944703826978313
496,0.5943204481631597,0.2971722918587716,0.5943204481631597,256,-0.3836667779781635,240,-0.20310641212327518
497,-0.18969428515427467,-0.09501922104695382,-0.18969428515427467,256,0.1917270676881344,202,0.4626667322108301
498,-0.07392376537200107,-0.03635584407865622,0.5736594418899585,128,0.3408440174596592,131,-1.1224335542438408
499,0.5271212120852624,0.263246354374985,0.5271212120852624,256,-0.42152408309164,230,-0.08670772275180255
500,-0.05832619240771919,-0.028496386247894634,0.19188702182805173,368,-0.20834295567652816,427,-0.7018638636827581
501,-0.15552537610929562,-0.07774284319228286,0.19672125149099884,384,0.2576376204706037,198,0.15676678072788466
502,0.3571949626770845,0.17846333015609162,-0.38980634220422417,384,0.3646118193272514,318,0.15923155539573416
503,0.020374858847389987,0.00985844342881137,-0.11758375517393915,416,0.11797977471951526,334,0.3454600929774685
504,0.4058269457275969,0.20319635724393947,0.4058269457275969,256,-0.26660231906024023,173,-1.0877063694821896
505,-0.12245746313919881,-0.06131178242497981,-0.1904210109949105,128,0.16703147607424285,118,0.22801636734278116
506,0.03169790272482942,0.015779998425784925,0.1835538147484499,64,0.1401831223889758,451,-0.2018560568259723
507,-0.14133261290709243,-0.07131704607076017,-0.23188680297471365,448,0.2564819185534475,168,0.6738535903608824
508,-0.19459133294452613,-0.09772269752193097,-0.19459133294452613,256,0.18588381126643583,116,0.19386253927391042
509,0.10027868930771433,0.050382916803044964,0.30792475932480556,128,-0.2452667357063234,92,0.011583778163395203
510,0.5907778118737497,0.29506460370026844,0.5907778118737497,256,-0.35713501113741586,246,0.1928173137557483
511,-0.012063437046407444,-0.005585792012794855,0.12088724701408182,128,0.15002834440113588,181,-1.1396211516824237
512,0.09920941951605755,0.04985238991545771,-0.19281946801606864,96,0.21408050747157858,334,0.030607645242065107
513,0.26445130023097363,0.1320856094828855,0.26445130023097363,256,0.22078295050340557,276,0.31663853840473977
514,-0.15093927273906615,-0.075102560335921,0.3455024685640069,384,0.2819727242079466,166,-0.21988380054132534
515,0.07861677188296312,0.0390049841046789,-0.28328592460422897,448,-0.20179285877935627,210,-0.09182480603725351
516,0.40532407157104444,0.2030224486386203,0.40532407157104444,256,-0.256344655107398,236,-0.1653802106109491
517,0.002347386156770881,0.00040854048694427547,0.35303483330488916,320,-0.22416845796766438,186,0.33881218693376525
518,0.06684374826608064,0.03401757033256558,-0.2178610590299428,128,0.16315939224887188,372,-0.10416554930124827
519,0.12035839199432985,0.06049061237851561,0.36454493062667126,64,-0.2617318732836793,50,-0.11418799061911453
520,-0.41950915544887835,-0.21006167359138317,-0.41950915544887835,256,-0.3134271800829538,363,-0.2887370660759227
521,0.3787960522717526,0.18993185193599516,0.3787960522717526,256,-0.27455972701002906,174,-0.9282708944123578
522,0.7534028317011234,0.376427670983162,0.7534028317011234,256,0.4146286898235303,278,0.9917422212368254
523,0.01679596283170781,0.008280391674588827,-0.5631236459148568,384,-0.30685109108370057,138,-0.20857325806357532
524,0.43700397967069193,0.21860887579089194,0.43700397967069193,256,0.2265711986456722,259,-0.23533933111176372
525,0.5652008140918952,0.28285526519053406,0.5652008140918952,256,0.4887947881022683,322,-0.20708352366437618
526,-0.12302747406675962,-0.06118142454158715,0.15303907905729375,128,0.21108938865930327,184,-0.4477030905259485
527,-0.19902098938217705,-0.09984576370629838,-0.19902098938217705,256,0.2378814752818812,149,0.22332357868566555
528,-0.14497442091268908,-0.07248284987204556,-0.2957652652391971,448,0.1969190629162938,190,-0.1701630252440181
529,0.03223392500609634,0.015808561506503338,0.3746476643524801,128,0.21762475318593033,387,0.43667715004955937
530,-0.1771971569009736,-0.0882475358674526,0.24926333649887056,448,0.2557101512153963,200,-0.21178971754130424
531,-0.11689721435379852,-0.05856334192515078,-0.11689721435379852,256,0.1442686676363394,91,0.13050389769442128
532,-0.02534422337765818,-0.01276068567386801,-0.5959583879231474,128,-0.30471972873016284,385,0.24896269112381125
533,-0.3227648408904429,-0.16125886422233293,-0.3227648408904429,256,0.28760235628087116,175,0.11810571237463476
534,-0.11971606873541418,-0.060129697620084244,0.32493877384161607,64,-0.3227483551560226,309,0.15358025991097746
535,-0.34450555183852316,-0.1727731044014149,-0.34450555183852316,256,0.29421823044009443,228,-0.24021654759053657
536,-0.14838645844639586,-0.07446733157394192,0.3955509237117667,384,0.2718952544928186,194,-0.010521192371663102
537,-0.46469374285226195,-0.23231662299147615,-0.46469374285226195,256,0.30108837498215735,180,0.10974211190836289
538,-0.21821442301322236,-0.10906647298943994,0.23882696225155087,320,0.24642749382721263,198,0.127716217622105
539,0.8303684777652052,0.41462370653533753,0.8303684777652052,256,-0.45753228831546267,246,0.19964570573591162
540,-0.21828398198780974,-0.10898396260714094,-0.21828398198780974,256,0.19638165652008865,158,-0.2511444072131682
541,0.3141034293144003,0.15695775537523105,0.3141034293144003,256,-0.27154514365173554,228,-0.40347835733848275
542,-0.149518159850345,-0.07508093802533722,0.15281390754938684,240,-0.19090069008882438,359,0.0694028036695239
543,-0.29556061908823494,-0.1474709797350897,-0.29556061908823494,256,-0.3003529063810788,399,-0.1937435440772003
544,0.3490441452327957,0.17437370820647402,-0.3529152916630096,128,0.35097502782991796,320,0.2804906756660786
545,0.26486585913986005,0.13250951163351488,0.26486585913986005,256,-0.2387440381810677,173,-0.1809517573580654
546,0.24815203951078502,0.12417255636972868,0.24815203951078502,256,0.1665026834933201,266,-0.03122122091222526
547,-0.25114599022535344,-0.1259385822078798,-0.25114599022535344,256,0.19052749057055962,221,0.414489778264774
548,-0.11854023125582103,-0.05912636883053324,0.4024228345514871,64,0.3171863191690534,205,-0.17388600652474295
549,0.1530587339466365,0.07645696047529782,-0.17251194363461764,176,-0.234429498374368,211,-0.006870778219289941
550,0.11428709090588995,0.057526955822453374,-0.18907000219954284,64,-0.18092754685716272,210,0.08263045699441646
551,0.47804601553383463,0.23904358620680455,0.47804601553383463,256,-0.36973306020144037,182,0.03599711827812671
552,-0.23164944689636968,-0.11638160808018938,-0.2510006272753458,384,0.2008796732218201,115,0.7866082600148249
553,-0.10399708646704653,-0.05187799200683685,-0.25876492126917583,128,0.2079380671365385,53,-0.24380309532287975
554,-0.3506184641191794,-0.17514142868645877,-0.3506184641191794,256,0.32157660800601207,161,-0.06416422287591837
555,-0.04166126579775664,-0.021123045684873887,0.21447034244353347,128,0.24381290231124808,150,1.0000739522124165
556,0.44070663299521584,0.22072324244498986,0.44070663299521584,256,0.2888252641649274,357,-0.7716480197940501
557,0.5188901114270834,0.25973375897689266,0.5188901114270834,256,-0.29686505682030884,237,-0.2382874195126041
558,0.5008676039635702,0.250615539921597,0.5008676039635702,256,0.2941463903441104,385,-0.014334144396623116
559,-0.27388675385745387,-0.13709995382637885,-0.27388675385745387,256,0.2499925897290325,188,0.5417792012959918
560,0.38661399398017693,0.19309158827149986,0.38661399398017693,256,-0.3011446144917187,95,0.7119745407186757
561,-0.014785942475100455,-0.007563273290429606,0.4249582822129838,128,-0.23172287838593775,375,0.0078043272502702765
562,-0.04720345512254198,-0.023869215731338045,0.16334764746147812,288,-0.14303318164832035,283,0.37561329018946327
563,0.24327020588702908,0.12191820996298475,-0.32132646752742744,128,0.2647028757367593,374,-1.0167457951669963
564,0.13927674464781603,0.06969160715965472,0.13927674464781603,256,-0.13080482366410706,233,-0.3939317859257879
565,-0.4408534020713262,-0.2204086962645988,-0.4408534020713262,256,0.3112490078567589,206,0.14519918862807202
566,0.37209149706023936,0.18612855005915208,0.37209149706023936,256,-0.20645318517790656,219,-0.48587400481973875
567,0.0778109570098593,0.03869757863594714,0.27754319368878555,128,0.19563750868746865,391,0.4554286521458262
568,-0.60966194847407,-0.3046545146379458,-0.60966194847407,256,0.48727760930685804,205,-0.3279099516761811
569,0.12132929760241495,0.06051766966049854,0.12132929760241495,256,-0.12758053742786046,226,0.5053954039687242
570,-0.2747933125114912,-0.13845939003533658,-0.2747933125114912,256,-0.28924147291149893,347,1.1062077677566253
571,0.1602983148659689,0.08057486106272904,0.2843151561497592,128,0.2852066708757661,413,-0.21732638057871595
572,0.34110075148072383,0.17071512537575018,0.34110075148072383,256,-0.3088802379006381,214,0.06339595502206252
573,0.4716798118387828,0.23578105074079758,0.4716798118387828,256,0.3751501263629393,362,-0.8766438817245277
574,-0.19911794810496986,-0.09987217178951369,-0.19911794810496986,256,0.21747949278875467,87,0.5599817638244795
575,-0.1425208578490924,-0.07125823966586609,-0.2917394615983895,64,-0.23463291189113988,325,0.25652615467206347
576,0.2831312410865223,0.14195666089096903,0.2831312410865223,256,-0.18260075509203944,232,-0.6433420298925752
577,-0.44041828239244296,-0.2197129386086658,-0.44041828239244296,256,-0.4798737930300945,311,-1.2922397642770544
578,-0.2024601794967964,-0.10104751947415025,0.5824469284179372,128,0.3768666830793279,153,-0.11201562562022774
579,0.37272624399116694,0.18628147365484438,0.37272624399116694,256,-0.30228139297133794,220,0.986033796082336
580,-0.3239484943351556,-0.16164424257081578,-0.3239484943351556,256,0.2415075421739914,213,-0.14017060014774407
581,-0.32750009441818406,-0.1638050698871325,-0.32750009441818406,256,0.35396624192691206,187,-0.30596916518705286
582,-0.6927776770882019,-0.3464833670453231,-0.6927776770882019,256,0.4693807942752102,111,0.10107113108471243
583,0.7270580581769366,0.36279652178291144,0.7270580581769366,256,-0.42825347981298023,117,0.5062617669787648
584,-0.11901139962131424,-0.059120486340418665,0.22693480069759175,128,0.23618565745886144,182,-0.7842155687613956
585,0.2553769345608998,0.12783390287788166,0.2553769345608998,256,-0.23557548349022994,50,-0.45117434902860937
586,0.09549642945546566,0.04794342867128876,0.38282521192058994,192,0.31859814860018787,468,-0.05544018838172912
587,0.04173211116383868,0.020963429690596058,0.4274608250221661,128,-0.2770827931001776,125,-0.16585695473647843
588,0.0680978120788609,0.03375634724000065,-0.24885820712455597,384,-0.2428206766271046,154,0.5804661505355617
589,-0.03652949646112802,-0.018386555754716483,0.11048595859426769,64,0.11636878204762979,237,-0.14926821311250763
590,-0.5194534424957737,-0.2592487711117144,-0.5194534424957737,256,0.34989116326826775,185,0.10375872259972535
591,0.5000939655946297,0.24968346135415231,0.5000939655946297,256,-0.3243868234044385,253,0.7679626535506674
592,-0.018808069928809346,-0.008864412853284875,-0.14957945978557063,64,0.16668898217272954,166,-0.2260161240351336
593,-0.4176672862253952,-0.20923054209882253,-0.4176672862253952,256,-0.29758212147436325,293,0.14073500463374833
594,0.08728206416503781,0.0436822701483095,0.2350185787269652,64,0.1579717151724367,330,0.37271539091438094
595,0.399112337733186,0.19941756000002897,-0.40233032649160805,384,-0.43558111022798585,153,0.3624821388138749
596,-0.1011872457014249,-0.05052746848400602,0.26004798247328154,384,0.18905262844364756,166,0.4678510706158617
597,0.32030966461064736,0.16046782248920977,0.3766340422541816,128,0.26886392255556757,384,-0.5636458348921678
598,0.24520041275891913,0.12346518633856363,-0.4623743890269907,384,-0.3101740098496748,194,-0.8946117134614173
599,-0.09294238821573231,-0.04665061209288979,0.13485696269702885,200,0.17713386380691531,200,-0.04681955109123623
600,-0.012170080320970555,-0.005632017191544492,-0.4168992005378982,128,0.22849191643014422,111,-0.17787166682960442
601,0.46449031741991575,0.23229133791286927,0.46449031741991575,256,0.3959988952594813,303,0.21861970166241812
602,0.27921819623222177,0.13995773208699802,0.27921819623222177,256,-0.25636807223258984,200,-0.6613824042586842
603,0.38502391292499283,0.19282543362717774,0.38502391292499283,256,0.33067267065030137,426,-0.3056403613388806
604,0.6961124837703494,0.34775803440379605,0.6961124837703494,256,-0.5130349342199167,158,0.3062087772007963
605,-0.3188234096391227,-0.15975252409981522,-0.3188234096391227,256,0.2015011017699635,109,0.2165269041785074
606,-0.6360729061574943,-0.3173941361637276,-0.6360729061574943,256,0.36444190714505,236,-0.3202005809769221
607,-0.1261022281933606,-0.06342069388955451,-0.1261022281933606,256,0.12339456771300661,242,0.9374732200313985
608,0.16324364926799717,0.08153824814581867,-0.2292211626156586,416,0.25185967233625206,282,-0.14924554961048264
609,0.26444699747503364,0.13255399937881407,0.31676881943693047,128,0.24891996209453282,419,-0.13815086623750222
610,-0.6078550638136448,-0.3038746434296229,-0.6078550638136448,256,-0.33661905826244265,386,0.05236824776982118
611,0.25524423406284313,0.1276599560570162,0.25524423406284313,256,0.2412180256656029,338,-0.43853240115613146
612,-0.1098416573112786,-0.0554782731039154,-0.1098416573112786,256,0.09873273081034029,120,0.36331109428109437
613,-0.029200657158042986,-0.014299666599271177,-0.23431147682140363,320,-0.16448919538589735,450,-0.2013849725547935
614,-0.050446157597207275,-0.02531408834204285,-0.2543894268632698,384,0.3013352777258689,84,-0.3647149092080153
615,0.2915963086133502,0.14524112412442491,0.2915963086133502,256,-0.1930046155416676,116,0.6770998229774685
616,0.765449235935364,0.38282517056288157,0.765449235935364,256,0.4687982737983134,304,-0.5239200200266574
617,-0.05011588041261916,-0.024819283139919435,-0.36218747769946447,128,0.22935092843540872,121,-0.3603219788584573
618,0.05190834816971801,0.025231611949266153,-0.355534104626372,384,-0.227512838338356,193,0.6469608554909247
619,0.0303396361126147,0.01518211553349147,0.2576526951160787,128,-0.14899229306018924,63,0.5640251828100088
620,0.11350705165091313,0.05612809632424387,0.22342788517175904,384,0.20644177965266408,414,0.595367777899237
621,0.31599972513566854,0.158529498544425,0.31599972513566854,256,-0.2582417043939813,134,-1.0480157267683685
622,0.05805655944118371,0.02905070249286723,-0.10071010155434124,112,-0.1402023179483649,210,-0.10881402490688724
623,-0.03422448270137579,-0.016275530331142818,0.16175268427429046,128,0.11798659199234862,143,-1.0338467714064106
624,0.09308154663176538,0.04686978335914205,-0.3439004870120925,288,0.31772964966705786,412,-0.6023873294205919
625,0.20743591724453836,0.10386909627791852,0.20743591724453836,256,0.13123163673805038,385,-0.03886473097273904
626,-0.40478833221538935,-0.2027325014758503,-0.40478833221538935,256,0.24013444659598804,201,0.12983944018013666
627,-0.21294559841618366,-0.10695939133069032,0.22068340211842497,128,0.32547190652474,169,0.4514614259211128
628,0.21652918519916398,0.1080874665640863,0.21652918519916398,256,0.17318620185778855,277,-0.1742268208423484
629,0.14334068903707475,0.07167030780163941,-0.35807130839408785,128,0.25044463284967833,370,-0.08728246089130846
630,0.04972276571274392,0.025071228892585395,0.15089336826787303,384,0.16933161019693443,426,0.24600357044372498
631,-0.16858945575089024,-0.08455491611186972,-0.16858945575089024,256,0.18807707802957907,202,0.33363721195343293
632,0.06766296026367513,0.033849271175654394,-0.2891198718253918,352,0.28971453080441734,408,-0.48060749056487223
633,0.06472223943723066,0.03225450941437202,0.5648440726702688,128,0.3315632156817969,396,-0.12018248392794648
634,0.06487890866131352,0.03278054625818072,0.0893320275951055,384,0.07727877380466452,391,0.10862214292462219
635,0.397154066442738,0.19820390043332736,0.397154066442738,256,-0.22931414995670707,120,0.09784333620139013
636,0.08838911966819296,0.043875249797338256,0.35113960186669146,320,-0.2519801032893909,57,-0.8517310576523136
637,-0.19529727032499977,-0.09785312027213422,-0.2189191175402243,192,0.2657455866173848,188,0.02512146810601565
638,0.10232188915708207,0.050631947903241326,-0.1800964937534104,320,0.18192378018437694,294,1.5290407707114482
639,0.12596129054952598,0.06282097666388609,-0.2422359985222755,128,-0.17323389417086332,214,0.30435946237474626
640,-0.03831457590501941,-0.019781596323980466,0.4123990904836461,128,-0.3135135526762838,349,-0.09576853822967435
641,-0.3678746385612328,-0.18404600627363266,0.5386024087238752,384,0.4179353993826851,153,0.32172709081092304
642,0.3510512617148436,0.1759152319188786,0.3510512617148436,256,-0.3065111992740981,174,-0.29289274392117015
643,0.17409180999405294,0.08713195759318637,0.17409180999405294,256,0.15221668011656675,283,-0.4298640500012938
644,0.03941354274891751,0.02011435456648769,0.09203114419716485,192,0.11350985704700634,326,-0.27995433726461605
645,-0.7776282070977061,-0.38858226719386835,-0.7776282070977061,256,0.4436403900533321,231,0.45618592333194874
646,-0.089354612774315,-0.04415729437397431,0.5046680797817658,128,0.3790966790212451,155,-0.6782878978725009
647,0.24862744078072296,0.12427619931850131,0.24862744078072296,256,0.2573391611916236,300,-0.3219789253378113
648,0.203067610196058,0.10133895766398382,0.203067610196058,256,-0.13453669759024933,244,-0.17327702290791075
649,-0.046107284568620344,-0.023236035732793425,0.22429303303192683,128,-0.20109066383650998,361,0.22702421407689533
650,0.10990584164196093,0.05512189451880545,0.22803759461193351,64,-0.2903039562998231,180,-0.023616039433590696
651,0.2596332573524478,0.129873033430016,0.2596332573524478,256,0.25525304639347723,306,-0.08629232288421038
652,-0.10965110532495714,-0.05499621620418793,0.3001940512169483,128,0.28608209301128795,167,-0.010795565087529213
653,-0.10739687796950648,-0.05344728072671501,0.27764470063937097,160,0.28110517507701616,99,-0.20854626445722554
654,0.07194398269612634,0.03593458811906203,-0.14909201382954507,192,-0.13925622494156187,198,-0.3229674785807211
655,-0.658494118606086,-0.3290489473786522,-0.658494118606086,256,0.382499973073692,118,-0.03181295081456817
656,-0.12179986943112908,-0.061127313430517916,-0.39652091964558167,288,0.32022992898410507,157,0.0007925198908969866
657,0.1332921263190201,0.06620389685252803,0.22298651074663667,160,0.2271508225751404,306,0.6519603749505771
658,0.2838541931063503,0.14230185735780765,-0.32972578176725165,448,0.2798536173725097,308,-0.3188466418247745
659,0.471278820620455,0.2356786199063663,0.471278820620455,256,0.3062257340557153,270,-0.012258219645800216
660,-0.032898710880829185,-0.016771585220453744,-0.3871595212246035,128,-0.2583211343645644,401,-0.2114577404171743
661,-0.6475114762126282,-0.3237478504871376,-0.6475114762126282,256,0.37998387014604873,237,-0.15064813002562233
662,0.21188021292621784,0.10616567965729473,0.21188021292621784,256,-0.21900118148357706,198,-0.6376723006975469
663,0.30781085686405163,0.1536007774055861,0.30781085686405163,256,0.23016686273524556,417,0.734458558094882
664,0.36222428705943344,0.1811825400330349,0.36222428705943344,256,0.25688875411515255,263,-0.8356328145213808
665,-0.306038944296688,-0.1526118796909941,-0.3509006609815799,128,0.2891010955058846,123,-1.0471038797796828
666,-0.3782118972065973,-0.18884829654467694,-0.3782118972065973,256,0.3080821844297077,231,-0.036943438224596725
667,-0.02084899926774142,-0.010124529397245396,-0.3405411298884644,128,0.22816311441620485,117,0.24683205170895284
668,-0.2417332026643919,-0.12057837661760118,0.3318735250706766,128,-0.34186454188295556,357,-0.561748898706458
669,-0.1817097990950174,-0.09046155831970282,-0.1817097990950174,256,0.1271036183476042,249,-0.09432540901493086
670,-0.06516134057380896,-0.03262491811187829,-0.14933570277426966,32,0.13913342820362118,94,0.035192451317344726
671,0.4076851974002693,0.2043068655418665,0.4076851974002693,256,-0.29222082942507654,206,-0.7609420698066509
672,-0.6261603026028411,-0.31292844215406035,-0.6261603026028411,256,0.38646113365257406,223,0.20945912729867278
673,-0.14058436692823761,-0.06995715971095251,0.21683823551677506,352,0.17148053664465124,224,-0.9989625656063054
674,0.3858294567728535,0.19295476059755856,0.3858294567728535,256,-0.2908542957791269,214,0.1373112855989591
675,-0.2693444438450001,-0.13459859466163948,-0.2693444438450001,256,0.18867233618581736,205,0.3112944504807268
676,-0.20482639329787844,-0.10202716386416455,0.2348446910933717,448,-0.2604709098838498,431,-0.39902702876005236
677,-0.5748465478776268,-0.28761855872133424,-0.5748465478776268,256,0.3791753617555287,190,-0.08167180435652197
678,0.3951961764897476,0.19772385228006328,0.3951961764897476,256,0.23777273836213908,402,-0.013746885799751501
679,-0.01968571461884494,-0.010028785676013285,-0.3647241300413384,384,0.215893203656492,122,0.5550327183351043
680,-0.7903047704135702,-0.39525082209752327,-0.7903047704135702,256,0.4225700243836741,205,-0.475652116812179
681,-0.6616269298120585,-0.3307387029124129,-0.6616269298120585,256,0.36367137369666125,190,-0.45090918691646825
682,-0.156574282536468,-0.07799207834841582,-0.33599014239189273,384,0.2509210644740847,118,-0.7078232854951578
683,-0.013851377999316128,-0.006527420827723063,0.35006932530802715,128,0.20338242807193296,130,-0.23661467090261395
684,-0.42200490915328714,-0.21158901014581488,-0.42200490915328714,256,-0.33929705425560996,337,0.9549623571979946
685,0.33375443325178367,0.16678591416786048,0.33375443325178367,256,0.29625269030606205,334,-0.23720624221449796
686,0.5700158037348046,0.28520425545556805,0.5700158037348046,256,0.3751499675600485,288,0.2845550183205543
687,0.06562705054221851,0.033350075776013455,0.28316711961576857,288,0.20146147427635697,352,-0.926379995463633
688,-0.19028567374786576,-0.09517209146864047,0.2769634319396346,448,0.22562163414713154,209,0.08499552647191622
689,-0.0037672420432670606,-0.0017227252741918164,-0.44954628623669635,64,0.32279475437681526,183,0.07462973817889657
690,-0.14987789449889988,-0.0750224146268863,0.1507072179351212,384,-0.2017015923260601,345,0.4836673079583426
691,-0.18625825690719466,-0.0930053158965336,-0.21772820390140168,320,-0.2089044637467623,329,-0.22303292963486657
692,0.2972750063851777,0.1487521143786239,0.38368297128896245,128,0.29329227192124563,449,-0.6401642567115226
693,0.9678251071400439,0.4839910980279001,0.9678251071400439,256,0.5492443397093894,328,-0.30251497953983186
694,0.17699415371814098,0.08900634687952902,0.26570936709004656,64,-0.2969648116084329,186,-0.7271989107330874
695,0.2916839163346481,0.14541946846253495,0.2916839163346481,256,-0.2293442281683724,213,0.38766404269127563
696,0.37067523024637694,0.18506425153913142,0.37067523024637694,256,-0.2535543843401342,190,0.5239330841478451
697,0.13544785599424358,0.06845469756211742,-0.1832257067771934,48,-0.19001534871347303,181,-0.4794250234156603
698,-0.5909574857352595,-0.2948824364349889,-0.5909574857352595,256,0.3233613353402234,231,-0.2685335006988956
699,0.033085147997013564,0.016011063429857586,-0.2084629573193979,288,-0.16196939242098551,102,0.8305049686046938
700,0.220186880254289,0.11014468342770556,0.2583096777964897,320,-0.3038635353391044,163,-0.09660075253768782
701,0.08457008583096126,0.04245255603126452,0.17235227607397974,352,-0.21225418868056067,153,-0.12976701994821263
702,-0.023240692190910295,-0.011658085800547724,-0.20576922743669002,320,-0.16892443862701612,325,0.5449687922527972
703,0.3648690956154894,0.18220328131337737,-0.45974767548787554,128,0.364773214156628,365,-0.1634810504646695
704,0.9605295144963577,0.48037956061509135,0.9605295144963577,256,-0.50439425658098,248,-0.45764488000198367
705,0.12226174776182575,0.06107702899674905,0.23583104505462416,384,0.1925557730215246,468,0.06450927869318238
706,-0.2648413266147429,-0.13253113932972838,-0.2648413266147429,256,0.30298785951740115,144,-0.6328732067461484
707,-0.21252198795872346,-0.105695907281671,-0.21252198795872346,256,-0.14707575947755913,399,-0.3779692638248523
708,-0.18403761168224264,-0.092204755330215,-0.18403761168224264,256,0.1417057187664028,117,0.7890763789856965
709,0.6733172204021685,0.33672060155683425,0.6733172204021685,256,-0.35063203528474673,252,0.0025495136915365535
710,0.22562229831694935,0.11300674879950634,0.3595019638524093,128,-0.25392914075312945,124,-0.7559289162881093
711,0.2030372534462117,0.10162300968605109,0.2030372534462117,256,-0.245547050162088,206,-0.4728529460170675
712,0.12880796103851821,0.06430121284222423,-0.1526969211417395,128,0.19008975549030538,330,-0.15046888894123334
713,-0.1919858843345139,-0.09580243935678823,-0.2336181500913881,128,0.20813079348846486,87,0.07718698179294106
714,0.35397118499128055,0.17673468970451722,-0.4361151913311687,384,0.33364966427893705,316,0.24505155736431103
715,-0.1101642736577162,-0.055563648115139586,-0.36124362946836186,192,0.27320125301167764,183,0.04136696573212317
716,-0.533548796605885,-0.2670393860668412,-0.533548796605885,256,-0.3922499681917202,321,0.38676769567313735
717,-0.13446885931648467,-0.06688498426024125,0.3379634815347572,128,0.28743599775873463,193,-0.13950517147858443
718,0.08938457308394732,0.04478324308217907,0.13409632973883845,160,-0.1390151603178822,158,-0.5607653941565504
719,-0.05131635406397095,-0.025530222838284544,-0.18674044384266608,384,-0.1507439346246997,426,0.23084755462501164
720,0.36115278233185677,0.18077801194721133,0.4648304789267854,384,-0.3453103940398421,105,0.36704553235034965
721,-0.2783518301433219,-0.1395199696188456,-0.2975679117513508,64,0.30831625670471396,55,-0.2963936086082781
722,-0.5247420032766001,-0.2622887508993017,-0.5247420032766001,256,0.34456181500280536,190,-0.014926542675485807
723,-0.4565167321260617,-0.2285026621997588,-0.4565167321260617,256,0.25211996479325194,239,0.38933841615223025
724,-0.509340988739126,-0.2545552588927933,-0.509340988739126,256,0.3853893622296596,208,0.0244200562732578
725,-0.08535314827497587,-0.04246340201345333,-0.15008044103507245,384,0.155367039065041,97,-0.2661660982472892
726,-0.35681818803328724,-0.17815598392175502,-0.35681818803328724,256,-0.20724754784424704,275,-0.35308722838047635
727,0.09758785428212491,0.048807382882102957,0.357779810043354,128,0.2170043921183833,394,0.23409740346373273
728,-0.1793387202692145,-0.08987304554273123,0.2543986953754711,64,0.2944115079860694,203,0.26660861268768254
729,-0.7217730095770492,-0.3609703005406857,-0.7217730095770492,256,0.39658245474871023,232,-0.3759506143313081
730,-0.22099269375777908,-0.11021298845651017,-0.22099269375777908,256,-0.20739135888584315,289,-0.20038778542102462
731,-0.17632142248268678,-0.08814763932153369,0.37065867122426255,128,0.2715004224629638,197,-0.2255926535556557
732,0.08702340778020812,0.04364423735697187,-0.167801122518199,128,0.13876139218251637,361,-0.6370375011844658
733,-0.2325621787815635,-0.11654891801032363,-0.2715340779411761,64,-0.31179323742662746,343,0.5548732990639644
734,-0.6347418134966176,-0.31693013239282664,-0.6347418134966176,256,0.35654451154138656,245,-0.08799554362721301
735,0.1282567542128561,0.06399601190827298,-0.16218945909150762,480,0.20283110439254415,282,-0.20921443171221193
736,0.4329306616977249,0.21632501193778353,0.4329306616977249,256,-0.25297444266993807,225,0.3602878642470052
737,0.49490569541939067,0.24779268443839442,0.49490569541939067,256,-0.31292951211847253,204,-0.009037531682951072
738,0.4739273325807858,0.2368448874166802,0.4739273325807858,256,0.3159702981103578,269,0.17777836273992437
739,-0.0861914182107455,-0.04287106129640961,-0.19959627322418783,192,0.19980508625695848,183,-0.5311686987792011
740,0.36558418020464956,0.1831117194221008,0.36558418020464956,256,-0.20109961836544699,238,-0.29570504860839125
741,-0.2588485617862091,-0.12868305357594068,-0.2588485617862091,256,-0.21554015667061321,333,-0.6750682926015126
742,0.17822950467467535,0.08915926292999643,-0.3232417718973011,384,-0.3221822469566291,150,0.419128873559
743,0.5798561766827106,0.28989619741838624,0.5798561766827106,256,-0.4291945092378171,139,-0.1951019925692109
744,0.2479190360433563,0.12413664770159016,0.2479190360433563,256,0.1804684755283006,402,-0.14725640958585057
745,0.28257397831509934,0.1413598587255649,0.28257397831509934,256,-0.20631037236404381,235,0.17890486776553247
746,-0.061222617175047844,-0.03061699181787958,0.2648956964538911,384,0.18243857818967513,182,0.3378399573738871
747,0.29888602407498865,0.14909654509744996,0.29888602407498865,256,-0.2543212547812743,108,0.8378158896374237
748,-0.06465171877329112,-0.03233687094297011,-0.17322986218016467,208,0.1751730678010972,111,-0.008450280864821622
749,-0.026056326643555394,-0.013007209709741119,-0.3494626459594201,320,-0.24603334121724174,329,-0.30900687383775166
750,-0.05407162266976684,-0.02764702296502719,0.13352010620013743,192,0.1402393672190101,228,0.54698261138399
751,-0.1675789948895101,-0.08384544802612481,0.28956551384834484,288,0.26256066031001524,225,-0.15424727961693133
752,-0.15361971828443188,-0.07700136969617688,0.18503388379266994,128,0.24928766059554164,178,0.17714981794555373
753,-0.46688532184691667,-0.23339584488891774,-0.46688532184691667,256,0.30348066593225553,240,0.22474545416603223
754,-0.028926228445698143,-0.014536149890886918,0.21579442913650837,128,0.17338936119116966,225,-0.13037817052600098
755,-0.24196531768947693,-0.12116112531489875,-0.24196531768947693,256,0.2428652670539293,229,-0.01097914474109385
756,-0.45975375700319887,-0.2302721086086308,-0.45975375700319887,256,0.33492467307550555,233,0.003644246378189997
757,0.8152246000640844,0.40707702297208925,0.8152246000640844,256,-0.4831779642507854,151,0.49626118269998565
758,0.2405247179037815,0.12022583110979213,0.2405247179037815,256,-0.23609629981086755,239,-0.06501637388415005
759,-0.11231534592752723,-0.056575570184634216,-0.18175621479002757,128,-0.15541380081720035,386,0.9169587958789289
760,0.2092469536540591,0.10442532728330889,-0.23061825199130936,64,-0.2182363152365383,242,0.2989229587999268
761,0.12515596569392073,0.062103905727894926,-0.17245566632335851,128,0.21144732145160106,362,0.12821794895212207
762,-0.0004266826618959385,-0.00034463669283013587,-0.2627961071826235,384,0.1550246739215595,119,0.18061569251985737
763,0.6643895243107636,0.3323785353806272,0.6643895243107636,256,0.38575172730600116,278,-0.32199433831831004
764,0.2684722888866986,0.13469539368750816,-0.29601337159340346,64,0.2551888028313556,438,-1.253762607827177
765,-0.5995837635315979,-0.2997848962234855,-0.5995837635315979,256,0.35257574880981224,245,0.5014738873519364
766,0.44795647077609146,0.22418974896351074,0.44795647077609146,256,0.3498753327048121,284,0.18921414719395685
767,-0.08950193806151674,-0.044941069515687104,-0.24299133044327448,128,0.19218456559107722,118,0.22553705045723016
768,0.1064683400215074,0.05279274965477043,0.15011180027124738,384,0.18875916226227218,422,-0.034367373794188916
769,-0.18002305537530106,-0.09047843549029722,-0.39324364592550864,64,0.3034894899377889,191,0.8143943445883546
770,-0.17513758664975398,-0.0875052970040997,0.2861837235502165,64,0.2013628413660058,192,-0.3196582681532454
771,0.1581893070357978,0.079440480364525,-0.3710994602643751,128,-0.2676071945346621,169,-0.6859707010149076
772,0.003822387982438613,0.0014265991938486877,0.1661271353946745,400,-0.12075270369160762,206,0.24961013185656722
773,-0.04681246747142609,-0.023216711318298167,0.12366172084082905,128,-0.0825746368881255,311,-0.509461194650399
774,-1.115334257746781,-0.5578426314443448,-1.115334257746781,256,0.5945344846628302,219,0.4837311122793786
775,0.234243844747823,0.11741727609518193,-0.31844704980227334,384,0.29737622792504226,326,-0.02340561529014501
776,-0.04486618299495149,-0.022727324116146974,-0.49910371646052454,384,-0.28419291683144365,391,0.26726982057886794
777,-0.702612614453443,-0.3516113251533568,-0.702612614453443,256,-0.44999291564221267,269,0.1999530486799987
778,-0.04333448265910533,-0.021569282618031593,0.21647566368710613,128,0.15354590850208183,133,0.045260019619726005
779,-0.13851026980765369,-0.06978984924023734,-0.3893254054327997,192,0.32315317975434255,189,-0.0711840887885068
780,0.1264834934018495,0.06328886787602528,-0.505184365422366,128,0.35467331593531526,364,-0.1241451392963566
781,0.5796565659941848,0.2899689728563999,0.5796565659941848,256,-0.3901283526631687,218,0.1552836641397072
782,-0.5964895233071843,-0.29880668235469443,-0.5964895233071843,256,0.3524648821623657,215,0.2846340044260155
783,0.04286351291113988,0.021918167586960635,0.21578191183054685,128,0.18966787193392065,416,-0.5038094620176536
784,0.2903843236225043,0.1453244516622476,0.40281574906451567,128,0.339628376237215,399,-0.31056790499617415
785,-0.4075888281154789,-0.203441435269184,-0.4075888281154789,256,0.2603027695982121,233,-0.2943572772413357
786,-0.2201761050287132,-0.11033929803136289,-0.2201761050287132,256,0.18883050102220977,186,0.1050915299799538
787,-0.6093252570238405,-0.30423640231992977,-0.6093252570238405,256,0.3042364023199582,255,-0.6829558541710907
788,-0.3193346928087806,-0.15982163319139886,-0.3193346928087806,256,0.3261790055634606,192,0.3703900969209112
789,-0.0392117277847035,-0.02023746648268343,0.31906050940318664,320,-0.20897294583966186,443,0.821263242223174
790,-0.1922954905105314,-0.09635296327792275,-0.1922954905105314,256,0.2126222807690965,123,0.013726202785824787
791,0.15564960225756863,0.07775962240737044,-0.16681208812894965,224,-0.2562118346424995,172,-0.1988118773889584
792,-0.31618257525661875,-0.1581749646119306,-0.370083839757811,128,-0.31924522749500284,393,0.3683024304330031
793,-0.26983171863679445,-0.1345634511177991,-0.26983171863679445,256,0.18518383015270956,226,0.1635863524549116
794,-0.7024421573844393,-0.35129324278122454,-0.7024421573844393,256,0.5573039244234224,195,-0.01398542776042444
795,0.2596861329849105,0.1295766179384259,0.2596861329849105,256,0.2499459522335883,401,0.26333715950928865
796,0.3521020478363539,0.1765279456718929,0.3521020478363539,256,-0.30365169935873837,155,-1.1156278852031645
797,-0.055166607442941995,-0.02779239384540233,-0.25253887346903525,128,-0.1766085859429154,393,-0.14817764076825776
798,0.02498064597773464,0.012086784869893563,-0.18806397461526103,384,-0.14885150241431688,212,0.6187401836994694
799,0.1786235236118614,0.08962342320455718,0.1786235236118614,256,-0.17383818746887414,143,-0.30942866935516655
800,-0.31767749559170966,-0.15934153863150868,-0.31767749559170966,256,0.222664444206373,188,1.1436551653724947
801,-0.2197892058809714,-0.10977045817119802,-0.2197892058809714,256,0.25973755499697404,174,-0.15981978389024099
802,0.08826444466774319,0.0442570019084485,-0.11646357419155606,128,-0.16212851144794627,140,-0.18563848167764763
803,-0.1339229595931215,-0.06724862794607134,0.4501697528430668,128,0.38983983956225643,183,0.3455584434661827
804,0.17819960858093964,0.08912428283309737,-0.2343358748862272,160,-0.21110566199632785,162,0.025505810635601645
805,-0.34546430895585445,-0.1726819800477415,-0.34546430895585445,256,0.28732019384955265,234,-0.6268907665836323
806,0.11647022330649293,0.05840061745954017,0.29851915998267486,384,0.23319942260394555,409,-0.10094130215185629
807,-0.6484686745514807,-0.3236291987186064,-0.6484686745514807,256,0.37275843837124967,209,-0.8885620866937615
808,0.4917709902296963,0.2461120449470684,0.4917709902296963,256,0.34114927537990525,282,-0.38440360971580345
809,0.012657912448815978,0.00646666479195801,-0.24887279197366752,336,-0.22139026972178044,212,0.682222540907068
810,-0.03456008113363396,-0.016870856896304076,0.3887209522122248,384,-0.3539494501569038,357,-0.6050347391855437
811,0.042296612070060746,0.02110048457842595,0.42500802308694574,384,-0.23920609106318125,115,0.453142691454549
812,0.21667662796153309,0.10849123945700967,0.21667662796153309,256,0.13893881807251773,387,-0.11629946426658422
813,-0.4750567101363288,-0.23793546951674216,-0.4750567101363288,256,-0.4354230411132676,299,0.6381397421565663
814,-0.8855802076810448,-0.44244001446523384,-0.8855802076810448,256,0.5092738420473211,232,0.550350219779863
815,-0.18546647501031543,-0.09275912805495068,-0.18546647501031543,256,0.23053122525092817,155,0.13753517503212814
816,0.44427103344611396,0.22199406791276033,0.44427103344611396,256,-0.3572429348603805,171,-0.05547861016630237
817,-0.2254798997517753,-0.112796674982377,-0.262940073339621,384,0.23918048015808324,122,0.3709883185318419
818,0.05075247355824786,0.0250466006126544,-0.2734245941693416,384,0.16591886376835419,359,0.07813581445380552
819,0.5235854604879364,0.26202900523813355,0.5235854604879364,256,0.42873902439413314,399,0.3061224170683596
820,-0.021579496008342858,-0.010487316929356894,-0.355199017288669,64,0.2177759908575041,47,0.49380757838817063
821,0.42272382514107676,0.21131312364155974,0.42272382514107676,256,0.2513641165076592,405,-0.6550783732314405
822,0.38048901860975093,0.1904142026847353,0.38048901860975093,256,-0.3281367391424226,242,-0.37634434311440473
823,-0.05647711916489584,-0.028290459968644655,-0.4355257760655036,192,0.29089886590219294,188,-0.15041990364591518
824,0.2342513245051805,0.11784796704708356,-0.5328253952581008,384,-0.350401681082559,131,-0.8634979863082357
825,0.5985630626254306,0.2995496106037763,0.5985630626254306,256,0.3582887086064943,386,-0.2660496012614058
826,-0.10779348068149375,-0.05415604077984426,0.2177424650663511,416,0.23960522675690754,166,0.8690993679153589
827,-0.4512513952198276,-0.22529933376509348,-0.7668775352476587,128,0.5399852183116707,87,-0.19701774993654664
828,-0.22798184441452918,-0.11393604140010893,-0.22798184441452918,256,0.22645632429760099,232,0.15777083221361504
829,0.3684361462781851,0.18367568488787356,0.3684361462781851,256,0.29398534379305374,270,0.8800469560625729
830,0.17295031567448405,0.08566079325390774,-0.308962959017947,128,-0.23614036815109785,130,1.3561702883156568
831,0.35390913444760486,0.17666036423162268,0.35390913444760486,256,-0.3067840027582349,186,0.2551353488832128
832,-0.3365886511375038,-0.1683409494766579,-0.3365886511375038,256,0.3147101866075275,225,0.11398055707906785
833,0.05196298799029364,0.02525449020049564,-0.08837278034326346,96,0.11057441456580364,409,0.12018039370230427
834,0.6884732370909887,0.3442049878137823,0.6884732370909887,256,0.36615131618083296,288,0.25525415079326236
835,0.6630043308086897,0.33178972683367647,0.6630043308086897,256,0.3737193922344204,269,-0.5478456846983346
836,-0.2574680810571408,-0.12894530877747457,-0.2574680810571408,256,0.28165738803252793,151,0.29097494145716307
837,-0.45060065694229934,-0.22605017592212562,-0.45060065694229934,256,0.2506824446520568,237,0.6698324789437087
838,-0.012478532649822682,-0.005677921517929008,0.3259397064363796,64,0.2666354689523587,198,-0.39665204295754075
839,0.11681924252326326,0.058855848305739755,0.2412008939450061,96,0.22590472717240573,306,-0.3534639878748681
840,0.5364617075216813,0.2677948938563759,0.5364617075216813,256,-0.36824169657157313,248,-0.09459579768560583
841,0.27845227387081195,0.13926435220068356,-0.3900413545454171,384,0.3084135533658241,380,-0.44254985316926915
842,-0.16470282764797162,-0.0824276714625114,-0.16470282764797162,256,0.22964322258951597,210,0.07762118373037027
843,-0.47416805228283465,-0.2369162863045915,-0.47416805228283465,256,0.3778193846931117,148,-0.1487849338383345
844,0.09467869484529956,0.047611698913271994,-0.1569248801993126,144,-0.24102027940546122,210,-0.0846251769008366
845,0.27795729989315987,0.13920249746885816,0.27795729989315987,256,0.19946906851600943,262,-0.32982345577176664
846,0.2192384231552751,0.1097574520956357,0.2192384231552751,256,0.2035128203201566,394,-0.14059569776398506
847,-0.11041287599428529,-0.054815098095645,-0.11041287599428529,256,-0.13854689969940637,298,-0.15398352271770066
848,0.4845950025797947,0.24225972365627513,0.4845950025797947,256,-0.2783241031837349,252,0.02712429225478058
849,-0.0055777446761453575,-0.0030536135602687864,-0.4097032831886054,384,-0.22705198742710309,425,0.2616550577505031
850,-0.5146985124096375,-0.25709898382814345,-0.5146985124096375,256,-0.30898791898101763,322,0.13393914505516008
851,-0.229306430675706,-0.11509264890349868,-0.229306430675706,256,0.19117316156609832,108,0.6319511917593316
852,0.3741673734343749,0.18728817683623333,0.3741673734343749,256,0.23046176688984588,354,-0.48185310034078954
853,0.1332586560285165,0.0672015151507992,0.16460068400351702,352,0.15561348715186796,419,-0.3455029231472122
854,1.0074648330879654,0.5032612813243986,1.0074648330879654,256,0.5175141152068363,260,0.37801246035132774
855,0.03477060157968026,0.017594578256961313,-0.18155365109794275,208,0.14023613079803,423,0.3052020663174879
856,-0.1394070652278856,-0.06966642754292707,0.3039163688773101,288,-0.3080255573042905,347,0.21616249065633386
857,0.32016996477756265,0.15963308691254952,0.32016996477756265,256,0.24994194159387462,427,-0.20533165766333827
858,0.07477105191321698,0.03727233051984058,0.24934674274174995,128,0.19367451813019443,460,0.3569009922648091
859,-0.24560090198616535,-0.12291647461191246,-0.24560090198616535,256,-0.26800796888147715,331,-0.21417301131167865
860,0.05898645398153235,0.02916166745734472,-0.18765059372174164,224,0.1604334055898562,473,0.5251837743652574
861,-0.3111381066611898,-0.15524130740607234,-0.3111381066611898,256,0.2644994245132466,216,-0.6872209652622845
862,-0.32936611495185275,-0.1647095885969918,-0.32936611495185275,256,0.24607696103504395,235,-0.6056187378558773
863,0.15307984531150964,0.07641450214299539,0.3912257242040198,128,-0.25748430351427487,121,0.15381911690592423
864,0.530310578749777,0.2653943544439983,0.530310578749777,256,-0.4721848254590384,172,-0.13445445088025249
865,-0.24839795550920485,-0.12367971004840683,-0.24839795550920485,256,0.29097390361766884,204,-0.7140226327336263
866,-0.05439948966326824,-0.02691462169516967,-0.26960235885309203,128,-0.1871209329462431,451,0.019781489486748183
867,-0.13145412986835936,-0.06528741643643343,0.24596201185357813,240,0.26660102442517086,208,-0.6333639903075187
868,-0.12554819374958015,-0.062079582516588516,-0.12554819374958015,256,0.15353674402800266,180,-0.8743188951783752
869,-0.3339696785347712,-0.16662092594174283,-0.3339696785347712,256,0.21038167602830526,231,-0.8063778242295707
870,-0.2666474510756984,-0.1330200950941105,-0.2666474510756984,256,0.3396869505550626,77,-0.9764931604186835
871,-0.1731222656946727,-0.08702162639309563,-0.3802681763648934,320,0.2836369550306159,61,0.2780891789269922
872,-0.05922292969950149,-0.029561655977772716,0.47126091626316224,128,0.42014591224068454,158,-0.18680494078344634
873,-0.4025401167271241,-0.20078666656829114,-0.4025401167271241,256,0.2618327021586424,212,-0.4499654004639456
874,0.43841644689427994,0.2198797819421543,0.43841644689427994,256,-0.35429277676425386,204,-0.6934225443386605
875,0.04390913716346745,0.021960459273770994,0.41577724118494075,128,0.29764833804171076,473,-0.4973551789549936
876,-0.2914783765295965,-0.14541285955331773,-0.2914783765295965,256,0.29708283375978795,151,-0.08384958275333965
877,1.0129635700068036,0.5066609551653016,1.0129635700068036,256,0.5156795935192804,272,-0.13948061201328488
878,0.08771124433883415,0.04388586909007586,0.22206717844430557,128,-0.23535453912528226,112,0.2566370692974771
879,0.2837425822173998,0.14207908535070146,-0.29121105291756066,384,0.2541640565893317,368,-0.09299003146708912
880,-0.2375486384526937,-0.11922435565008982,-0.2375486384526937,256,0.19882573343733156,228,0.9009393484802415
881,-0.10288329379881134,-0.0520201138037919,0.36152350199722605,128,0.2452176149941181,204,0.7908545163496116
882,0.04217326544403477,0.020590436709710502,0.14793069307245332,128,-0.10574924707799482,114,0.6406615304417592
883,0.2762802060185834,0.13738807316946122,0.2970336032343255,128,-0.2994621342459709,120,0.4915802193850223
884,0.04350867007278225,0.021597928643927844,0.3332828553606646,384,0.2883204609403833,409,0.5693088669945399
885,-0.1257128704594379,-0.06339783585406167,-0.19410771271611793,384,0.19720299284234954,105,0.5540310645804076
886,-0.33769326367158214,-0.16867984541815417,-0.33769326367158214,256,-0.22652216455048801,322,0.008636396370199972
887,-0.9394802704973984,-0.4699594953574433,-0.9394802704973984,256,0.48797445134442796,254,0.15099795950567824
888,-0.050119420753276245,-0.025248356509791847,-0.29031971661532907,128,0.19024160341871266,111,0.7567804927260637
889,-0.9606367933750448,-0.48042566215963234,-0.9606367933750448,256,0.508522988683211,251,-0.053228992438291226
890,-0.18977192843127,-0.09487483610473646,-0.18977192843127,256,0.14329814542222152,249,0.49353735908297536
891,0.11010804148577336,0.05466415210884179,-0.3170510022329722,384,0.28629618790392897,348,0.022469722788612256
892,0.4320127855296221,0.21668898841119244,0.4320127855296221,256,-0.33236773933390396,216,-0.2284192104256193
893,0.2552149885829067,0.12768260916959662,-0.2749233558427022,192,-0.2989317908316593,231,0.023377144959871504
894,-0.07551518866597462,-0.037827202771239854,-0.24297664217320403,128,0.17227065314983747,102,-0.12723663007067534
895,0.6264253562346482,0.31346573338311146,0.6264253562346482,256,0.43108308418044317,387,-0.0817679403887083
896,-0.2662357791300849,-0.13316384542497417,-0.2662357791300849,256,0.3767629394404821,169,0.3030105475654597
897,0.06845881552266064,0.034371170450555155,-0.36329424128979326,384,-0.27998681660199054,146,-0.0933303753647309
898,-0.47085418270319224,-0.2357038522255266,-0.47085418270319224,256,-0.3779551919503774,401,0.22929947822255708
899,-0.11912792942405304,-0.05916049081568531,0.2712732633106043,192,0.2540988216427422,196,-0.6849634978240735
900,-0.2054314092417826,-0.10244507231422517,0.21270753312606416,64,0.2940314074513708,216,-0.18447740453837647
901,-0.14496856639357247,-0.07252074496329897,0.3986751480499606,192,0.2929897067947991,199,0.001959434273165625
902,-0.03489652970185375,-0.017472215824398063,-0.12029977091339106,192,0.15921144519600716,149,0.247572844146364
903,-0.40464781234970815,-0.2028168254229854,-0.40464781234970815,256,0.30333692428234826,220,0.5291810950065287
904,-0.3478602732941454,-0.17425923557343026,-0.3478602732941454,256,-0.2842747508146317,285,0.1117659659533276
905,0.19642748807069665,0.09785652627220998,0.5700976578270343,128,0.374613465721211,390,0.3037003384534913
906,-0.48291932512893254,-0.24135402340510836,-0.48291932512893254,256,0.30604499385162853,243,0.11201932836959588
907,-0.4920939878978743,-0.24598800073960092,-0.4920939878978743,256,-0.3220474041271473,361,-0.09716449506595776
908,-0.16539959189498177,-0.08272608447725815,-0.16539959189498177,256,-0.13781149626368006,287,0.21131620548957217
909,0.42398225684360114,0.21244843015173842,0.42398225684360114,256,-0.43210534599563744,211,-0.3630926950533111
910,-0.2893444140515271,-0.14535922291560155,-0.2893444140515271,256,-0.2224100048971991,409,1.3849258878138508
911,0.3088653707508797,0.15437982932149907,0.3088653707508797,256,0.24229115918706157,358,-0.16979206342146577
912,0.40824112757584885,0.20433622032336984,0.40824112757584885,256,-0.4396994768436002,192,0.08463133456434768
913,-0.12269473792545682,-0.06145976814917731,0.25734351251145426,384,0.20468963500488258,196,0.43807008332432007
914,-0.23555345600453848,-0.11771016948011948,0.23941246203914446,32,-0.23982934054367888,413,0.834349369890163
915,0.06577752420417937,0.03330426688367538,-0.23853636517652888,64,0.21598676868552502,308,-0.5531765177183594
916,-0.17904279228997666,-0.09027411968457955,0.3521199561106414,320,0.2693947734791493,211,0.6532734052897835
917,-0.2144731958720456,-0.10651776166287164,-0.22633902523250526,320,0.3594792878739099,153,-0.8600741100007947
918,-0.09818613553511568,-0.04914906558514076,0.2796234945257652,128,0.2389668452115643,158,-0.03348450382687268
919,0.03863395146174753,0.01935006644342252,0.26357580181230844,128,-0.2538800556037444,101,-0.6222436363166628
920,0.21638692695890427,0.10814556079742488,0.21638692695890427,256,-0.18601763517642667,172,0.20032729603201638
921,-0.38803160883600185,-0.19425142888445635,-0.38803160883600185,256,0.31941314116477315,93,1.2481081246565129
922,0.3663241472039829,0.18294918338102661,0.3663241472039829,256,-0.31643310377501166,229,0.7398035330233097
923,-0.13948265537842985,-0.06994288273949678,0.17974243073706475,320,0.16448947457129748,193,-0.6428392530631635
924,-0.17964622431503585,-0.09001798511582138,0.2091181036300327,128,0.23825937283851317,204,0.28197466852632636
925,0.16759561522826516,0.08423433837566563,0.16759561522826516,256,-0.14143495668628248,172,-0.42936099393621385
926,0.12125286839761884,0.0601684996934182,-0.3849480621455541,384,0.25969369388855057,380,0.29474809172216293
927,-0.5407362122257098,-0.2705134030350962,-0.5407362122257098,256,0.2841660671932402,125,-0.35751404746330034
928,-0.460984443176784,-0.23081748080340958,-0.460984443176784,256,0.34978939227050887,218,0.6630605706519883
929,-0.006803724593851257,-0.003138422204528979,-0.19708354647457327,384,-0.1330206035557353,393,0.4822280929284426
930,-0.3791525844044372,-0.18972350224075285,-0.3791525844044372,256,0.28098430981270894,245,-0.41424916032830283
931,-0.3450274074703543,-0.17208703582954854,-0.3450274074703543,256,-0.25584368128824053,285,-0.7387080611888481
932,0.7695633152551977,0.3848087069894177,0.7695633152551977,256,0.5018294053141972,294,-0.2633231901351274
933,0.17676735613341066,0.08869812173497849,0.17676735613341066,256,0.15206392700685,387,0.21833329945658986
934,-0.4011011809192553,-0.20047264892991734,-0.4011011809192553,256,0.34810180080006603,153,-0.12269922516209131
935,-0.2686957417654412,-0.1340549875872057,-0.2686957417654412,256,0.2173353476482589,213,-0.29352300412148685
936,-0.34762491569648546,-0.1741382245815828,-0.34762491569648546,256,0.2815794428422578,201,0.409431594534885
937,-0.07172294505616605,-0.036011591230590057,0.08731561320468018,64,0.126876239820092,209,0.06254886288727834
938,-0.35100218137256434,-0.1753818415353976,-0.35100218137256434,256,0.2268429819088169,242,0.15755916405431503
939,-0.323189204776952,-0.16158390216159546,0.3471702999758719,64,0.3566306728555162,201,-0.41053973495160306
940,-0.22037911387789677,-0.10960506333577769,-0.41204450560930184,128,0.2777972047090742,100,-0.20502576978243142
941,-0.36808891893784335,-0.18423606407873194,-0.36808891893784335,256,0.3085071215129176,200,0.8363573986739418
942,0.15686296115381992,0.07918106657683666,0.15686296115381992,256,0.14723455446829803,282,-0.8288578524821487
943,-8.516367509514566e-05,-0.0003152100491092824,0.27841077563073213,384,0.14913270794042432,208,0.3114521656160941
944,-0.06807748693171334,-0.033972601962091176,-0.10222721658136891,128,-0.13847759037827245,425,-0.3332134932654889
945,0.2588184650378764,0.12976703072081364,-0.3301203644529096,384,0.2846520564496018,374,-0.6230635675519696
946,0.2523209885934534,0.1258533735406786,0.2523209885934534,256,0.2015247858387852,286,0.2980726585943141
947,0.1831792776882537,0.09164211750416484,0.27852708729906794,128,0.27684504215699235,438,0.09636199807440118
948,-0.34474472128317757,-0.17225550632218756,-0.34474472128317757,256,-0.19348248145882962,258,-0.1610988461778503
949,-0.14928134471247745,-0.0746241942734116,0.16316582207099373,128,0.18577071106494714,227,0.21428017755990458
950,-0.46304320824188494,-0.23119363501683665,-0.46304320824188494,256,-0.3801869953745154,291,0.4416221924784395
951,0.13781551021401128,0.06873226038953817,0.2481395433525222,192,0.2795569987119393,368,0.1878298531293519
952,0.2940568857284802,0.1468431564917978,0.2940568857284802,256,0.33932813649153104,354,-0.17429877546530062
953,0.14741375378343946,0.07370641528882516,0.2973172445429668,128,0.25417031531782186,393,-0.34608901612091564
954,0.0008273119087789382,0.0008990768063483756,0.5334784382211524,128,0.39096812082829047,416,-0.21533454955424497
955,-0.39601661595941096,-0.19765686328295828,-0.39601661595941096,256,0.2558089392142051,186,-0.446304131606108
956,0.5803142294474242,0.28974421019484,0.5803142294474242,256,-0.3081519153486738,250,0.3146764705356133
957,0.1333043273467922,0.06626003615554055,-0.48478678322800306,384,-0.308110392118607,137,0.5392795622146818
958,0.39699321092305695,0.19949893571194366,0.39699321092305695,256,-0.3286349455978552,113,-0.8318916400228097
959,-0.10966490195022516,-0.05483368112166431,0.41750767553659784,128,0.291906467907296,135,-0.2892976077667806
960,0.22069693809837077,0.11057406954927274,0.22069693809837077,256,-0.2332962774956684,181,0.1394613370486836
961,0.22391871683009867,0.11166567277854256,0.3324731364892983,128,-0.2596935933788842,102,0.19131184117036404
962,-0.34624117353067163,-0.1728763467855572,-0.34624117353067163,256,-0.31556935884901804,305,-0.4001643073676333
963,-0.35907817821293975,-0.17949334260430305,-0.35907817821293975,256,0.2808657768823082,171,0.21630346754743485
964,-0.06546951927199984,-0.032875877130152276,0.3851964931455143,128,0.24219393130778144,140,0.36189019664219996
965,0.08803621581253651,0.04459731107402831,0.2830744617119194,128,0.20579864421199545,387,-1.5066441460106377
966,-0.2519493108938491,-0.12572964051514646,-0.2519493108938491,256,0.23787747552810856,230,-0.30719563112494325
967,0.7303616159276203,0.3652292598156066,0.7303616159276203,256,0.4858754149215656,364,0.9578639394741014
968,-0.1698411753843061,-0.08495091659213472,-0.17224454572297532,128,0.21724691403524332,100,0.08335600407066454
969,-0.5081504345149597,-0.25423882303260825,-0.5081504345149597,256,0.27322872617307326,251,-0.23802725027043262
970,-0.06476602311408897,-0.03200888180140282,0.19129474177717043,128,0.16066958441263068,199,-0.47538022036097327
971,0.579755816434016,0.2898782999349976,0.579755816434016,256,0.43087733717914034,291,0.183472905827485
972,-0.36592029087410083,-0.18329958655735368,-0.4550365248753394,128,0.35186764079352884,103,0.5446740232833505
973,0.10822256282779108,0.054469852866702695,0.2831150887142826,160,-0.29012769547367157,222,-0.5223227181037494
974,0.39012134369772866,0.1946918406132454,0.39012134369772866,256,-0.24759979576501223,174,0.19509072668628014
975,0.4128094484524354,0.20611413031554093,0.4128094484524354,256,0.23350317912490937,284,0.9949437831657938
976,0.12378863510426186,0.06202119038982801,0.12378863510426186,256,0.1655148562124964,282,0.007846500054819683
977,0.2592586289542851,0.1297113427021941,0.2592586289542851,256,0.17704321861549488,261,-0.026196258144675404
978,0.010295772187987495,0.004945260414501718,-0.26718607969414165,128,-0.22736441575750632,204,0.3573606938669262
979,-0.4367284312712627,-0.21882542611359668,-0.4367284312712627,256,0.3994777780487766,196,0.1128516644319465
980,-0.4723861371287228,-0.23631404076797935,-0.4723861371287228,256,0.30773615830599965,249,0.039861677779866184
981,0.31451680097799795,0.1577432861452337,0.31451680097799795,256,0.28060251425534943,368,-0.11261091124656392
982,0.27182622817849733,0.1364726745991902,0.40541146239877435,128,-0.27632003188143983,125,-0.5353923453141328
983,0.48559427854604564,0.24246600287085585,0.48559427854604564,256,0.310970128062138,336,0.38989074429769877
984,0.0500294460839541,0.024914493286246397,0.09853471217832066,304,0.13706873291386046,338,-0.19604874496355015
985,-0.06651223691486052,-0.032743989663288176,0.18309740670690644,128,0.19753684173156216,164,-0.09121609062573499
986,0.861222923229576,0.43099273637210445,0.861222923229576,256,0.6067208576635608,280,-0.5618004548542019
987,0.08428680748937722,0.04257135155495462,-0.37459776426454994,128,-0.32642079986786143,147,-0.17263391043961118
988,-0.15341213244926166,-0.07682373392236741,-0.15341213244926166,256,0.17717052034623748,101,0.058058576963410755
989,0.13761302703366596,0.06871518066446924,0.29810664733543035,384,0.2432858002760554,424,0.5181076678244713
990,-0.13540536390925695,-0.0673928140061264,0.286878031343889,128,-0.28132010245468564,313,-0.5144224124608967
991,-0.09320204571577051,-0.04679345132171875,-0.10175689847363856,272,-0.12582809969791242,277,0.31103156060330805
992,0.5085351716392665,0.2542256556710072,0.5085351716392665,256,0.27706984813875124,276,0.3540184958849755
993,-0.13143216417057602,-0.06565786934373818,0.14018178285965632,128,0.15650155194558124,153,-0.234901993715338
994,-0.22615705082597515,-0.11343129303014621,-0.22615705082597515,256,0.19626020134515443,194,0.12540531328643723
995,-0.6677522606970854,-0.33389739273195573,-0.6677522606970854,256,0.36899290732282,196,0.37413018972818257
996,-0.2769422003233615,-0.13861164507201806,-0.2769422003233615,256,-0.1737139141276316,392,0.005118526869396428
997,-0.4438958205108179,-0.221856920670092,-0.4438958205108179,256,-0.3251252960765214,419,-0.41938867277328606
998,0.28761726831990586,0.14442115901732677,0.28761726831990586,256,0.25553701159986986,336,-0.11006999842689003
999,0.4215632762497705,0.21104508126953192,0.4215632762497705,256,0.3097553272183404,305,-0.08290183116711641
1000,0.09306862136327254,0.046921826093324626,0.16226097521243332,192,0.12952221070145242,454,-0.564816089768996
1001,0.24644510881540782,0.12381600882517318,0.24644510881540782,256,-0.2554309965320414,112,-0.0983607284301008
1002,0.35991893130113795,0.17958417260751958,0.35991893130113795,256,0.28863480990855805,340,0.9388856808584425
1003,-0.04020666084230129,-0.020041937829262224,-0.23293353019124652,192,-0.1375810082957969,448,0.2642619538722212
1004,0.11976808904901759,0.06007341232682961,0.14049588860297035,128,0.179455548871033,392,0.09944303754448136
1005,-0.1202228860984178,-0.06037798149503715,-0.47646218692904085,384,0.28578217500705705,125,-0.12409029784965536
1006,-0.3698359816673644,-0.18556556382452527,-0.3698359816673644,256,0.28050432588776175,107,0.8599343858240076
1007,-0.23401514556502434,-0.11633605337837594,0.27300327300832805,128,0.28223832487114464,199,-0.0408005087826776
1008,0.3823605072624048,0.19148018476093398,0.3823605072624048,256,0.3392660460054344,333,0.1677366433308608
1009,0.4304808236462918,0.21488377032471817,0.4304808236462918,256,0.46001492834903956,339,0.25263222875059826
1010,-0.152770775389655,-0.0764064376676572,-0.5114253901699612,384,-0.3540462159191975,395,-0.4912144733482556
1011,0.27143576179719275,0.13549726734987644,0.27143576179719275,256,-0.21451708023784022,166,0.5855174753487776
1012,-0.09755783770626181,-0.04838553494917619,0.30191896314451583,128,-0.21660751355238972,349,-1.1907782481731166
1013,-0.2050755272630056,-0.10239092330346011,-0.2050755272630056,256,0.11777983533482939,151,-0.35287375543602073
1014,-0.3620955274678863,-0.18098229695021928,-0.3620955274678863,256,0.2495865394700445,243,-0.8423203292087694
1015,-0.2151196662368875,-0.10763243052312532,0.28046607427222625,384,-0.23232478688942138,287,0.120366979569885
1016,0.302317215960187,0.15106969434248185,0.302317215960187,256,0.3459258305318258,424,0.3145205972003997
1017,0.23120352783973885,0.11578436540298753,-0.4438185799215404,128,-0.430929199723181,180,0.025007509187144672
1018,0.34799228409752914,0.17372506007910715,0.34799228409752914,256,-0.23615495504350292,206,1.0313260353927265
1019,-0.4212973362789114,-0.21073059869939925,-0.4212973362789114,256,0.25697160410334163,235,0.5646317021116551
1020,0.38227436870485576,0.19168137043737943,0.38227436870485576,256,-0.3038797174882575,229,-0.2810947066647193
1021,-0.01429131575696374,-0.006787139623241956,-0.23040410737105788,128,0.1634563617802911,115,-0.11268352974901755
1022,0.48667905148303703,0.24384047803584963,0.48667905148303703,256,-0.31800538623906505,93,-0.14488889231476776
1023,0.43217409303431964,0.21673024723185108,0.43217409303431964,256,0.3427521661382116,302,-0.9394660253857872
1024,-0.5529263455405271,-0.27591314681095014,-0.5529263455405271,256,0.27591314681097856,255,-0.8015989006842769
1025,-0.5679357786742969,-0.28358474959628666,-0.5679357786742969,256,0.3828521177013897,236,0.49335504473431174
1026,-0.37939624899826185,-0.1894358846494697,-0.37939624899826185,256,0.24498731705216414,102,-0.8615270162193673
1027,-0.035155982316041445,-0.01769800399978294,-0.26450653105031563,128,0.20108551776495176,85,-0.005744197012674132
1028,-0.1683095324501096,-0.08413074191761893,0.1689222824877561,352,-0.19889917069480134,409,0.1878666765571696
1029,0.2227897270969379,0.11127123043075926,-0.276568513037148,384,-0.27300965831304325,174,-0.41117918069685144
1030,-0.032513166433830065,-0.016111541871367763,0.18138725823780533,288,0.1830990813813571,105,0.21043394993444453
1031,-0.5407991088249844,-0.27007129158786825,-0.5407991088249844,256,0.35527390039351303,228,0.1264577481159359
1032,-0.008663753610164804,-0.0041924696617172685,0.349835122200048,128,-0.17715320307428328,383,0.4939452156041635
1033,-0.27237020062972306,-0.13595254289174363,-0.27237020062972306,256,0.2640046538243155,179,-0.40562888073282777
1034,-0.3997765380707392,-0.2000596265621084,-0.3997765380707392,256,0.24170043805318642,123,-0.19890487615435093
1035,0.14239055879428975,0.07125125239460317,-0.16747733836042045,64,0.20270021687258577,280,-0.3429812740845858
1036,-0.452194749725237,-0.22619937400702383,-0.452194749725237,256,0.31235622428796717,93,-0.11476791583313162
1037,-0.25362656796158944,-0.1268823701181816,-0.25362656796158944,256,0.22707904173776683,201,-0.31263082191566705
1038,-0.13978734212824406,-0.07034232446608257,-0.5178170141134331,192,0.33970041601375556,163,0.8713411301417944
1039,-0.5406270562050679,-0.2701572514111774,-0.5406270562050679,256,0.4945678752306435,99,-0.14023931912094406
1040,0.1558832350656303,0.07831221593005466,0.1558832350656303,256,-0.156832494942023,97,-0.6587927607102828
1041,0.3571038729199927,0.17850057867997293,0.3571038729199927,256,0.3019056721912534,419,0.4699159617463258
1042,0.26720021203010447,0.13366596407422549,-0.2807692409365927,384,0.2912847683306268,345,0.25516680588151197
1043,-0.040553514651378464,-0.020510141855652364,0.37319246216844704,320,0.26534619146497107,82,0.6326403380852321
1044,-0.1280698670441609,-0.06416794517429025,-0.1280698670441609,256,0.15093983074220318,147,0.32785870200532286
1045,0.39671706733781775,0.198765117622969,0.39671706733781775,256,0.3317722058690151,360,-0.40464896323125
1046,0.1723681463711273,0.08691540300884526,-0.28106993496590604,64,-0.2203504712789055,100,-1.0521333082971556
1047,-0.16225292878411324,-0.08092869831480698,-0.16225292878411324,256,0.18713994834814685,77,-0.26700444200872653
1048,0.09937104774314776,0.04934817119595891,0.40367331484935676,320,-0.23883571552985217,63,0.30354715221980966
1049,0.29467276563923406,0.14750029221465866,0.30751474435362525,128,-0.25778815941102096,122,-0.2794381720351665
1050,-0.22839672737023875,-0.11395661283839331,-0.22839672737023875,256,-0.1929731464061888,407,0.06385902279849837
1051,0.33441724927541827,0.16705711041271343,0.33441724927541827,256,-0.39142159266697263,160,0.3875591452193916
1052,-0.06012324071451758,-0.030249865312043767,-0.17924450601105946,384,0.19545631064592328,89,0.12647179598032848
1053,-0.09152971452238035,-0.0465326544545519,-0.10377201957203397,400,0.10242704757840215,111,0.8675756660935148
1054,-0.1447696917763608,-0.07269510374470656,-0.566397580946159,128,0.37039935255484124,107,0.5380193810199196
1055,0.28136380314231246,0.14089378136898745,0.7094484831719683,384,0.4319829191606459,387,-0.24799512665128118
1056,-0.24553470837335567,-0.12249628167919013,-0.3219984726234202,384,0.24695168453175143,125,0.28843768321622615
1057,0.06869111351159063,0.033763858605823316,-0.19700923740944631,64,-0.17256721512610795,96,0.7733412950059116
1058,0.16734904771135461,0.08338360969662517,-0.2877274028453485,384,-0.3677753782314994,206,-0.17646675243559218
1059,0.297138207033413,0.14807234946840708,0.297138207033413,256,0.16263347461642752,320,0.34950305432639867
1060,0.03226908820704466,0.016132648776874703,-0.1649957241972686,192,-0.16025871102996803,198,0.11384451369806001
1061,-0.08603103961957004,-0.04373454077710903,0.22518598590018257,64,0.20414017712478483,103,0.9024218033574911
1062,0.25226371593899444,0.12630962768815834,-0.3069968972727395,128,0.3149965117044644,295,-0.23804611788122101
1063,-0.07146891412767786,-0.0356519647684479,0.15907784218286736,64,0.15042907674057915,97,0.10420804117051997
1064,0.2557037809560825,0.1279337131005036,0.2557037809560825,256,0.2005569219183485,298,0.2270732555588601
1065,-0.01058961255438362,-0.005337643950895199,0.23267768584651094,384,0.2072879786648798,229,-0.14174896856306674
1066,-0.21345843778544804,-0.10684471784793459,-0.21345843778544804,256,0.21642218684692693,215,0.580942700190138
1067,0.41376651298844536,0.20690544816446277,0.41376651298844536,256,-0.24992884604429833,178,-0.13449176478255104
1068,-0.017379794436067186,-0.008632211140849222,-0.3146834985660121,384,0.2519511145413986,71,0.5470721871472932
1069,-0.09396336071534961,-0.04700510339631592,0.3308608539441593,384,0.32877280239983975,147,-0.07954112720899432
1070,0.22590303436632553,0.1132839658776561,0.22590303436632553,256,0.23665896275804243,280,-0.538909749398926
1071,0.24800343582336382,0.1241849814380771,0.24800343582336382,256,0.149490586217496,368,-0.44351186915885377
1072,-0.046341027359545706,-0.022510284977272477,0.06276655074208293,496,-0.09439096389951374,427,-0.19448745745184487
1073,-0.21738726530011832,-0.10865404581198845,-0.21738726530011832,256,-0.20908823205434146,375,-0.0009557807299530319
1074,0.6640169566481973,0.3317872347663524,0.6640169566481973,256,-0.417117104571588,245,-0.21536803437644014
1075,0.15994429643097874,0.07994335053359691,-0.3011117195664319,32,-0.32761051103807404,162,0.16170639959159566
1076,0.03939643299503359,0.01960302535331948,0.40601671227159386,384,-0.2567041447966574,99,-0.07028799569943454
1077,0.5203920593296516,0.25991418368079167,0.5203920593296516,256,0.37039844927807053,330,0.30810801606787797
1078,0.0798569481075333,0.039461180974797117,-0.1958002582395153,128,-0.1552534027111676,150,0.437927250261093
1079,0.24195628904249133,0.12086025448246573,-0.38069880800918554,128,-0.44464035197165686,173,-0.22877981337440928
1080,0.4749538580198873,0.23749808660616623,0.4749538580198873,256,-0.2610889966450145,252,-0.47011486137137276
1081,0.2270206907049328,0.11381971865623086,0.2270206907049328,256,-0.14215303054209016,119,-0.6812146147423854
1082,-0.27316499146667184,-0.1363587176695944,-0.27316499146667184,256,0.1985412932766053,117,0.0716907765504455
1083,-0.2220029446226306,-0.11087913282091222,0.2724728179337603,384,-0.2537832697632325,327,-0.5804989939718774
1084,0.2313670228587057,0.11588827090449172,0.2313670228587057,256,-0.21140780147970872,95,0.16069772958364859
1085,-0.15917922960582587,-0.07940390293416044,-0.18414347202786985,384,0.14762048675549266,45,-0.4476010648099954
1086,0.053805528916569756,0.026654459832229804,0.18144191037143287,128,-0.15689905384556369,101,0.15325754508985118
1087,-0.6846515562384923,-0.34222832213924903,-0.6846515562384923,256,-0.353429255209619,289,-0.28427445806732154
1088,-0.7141656555027964,-0.35716445248979767,-0.7141656555027964,256,0.3794717343652678,223,-0.3479754484172503
1089,0.13816658299026585,0.0693935740824827,0.2279256901981057,128,0.20051480710014857,453,-0.3452524814712127
1090,-0.41192644620966234,-0.20636670608979557,-0.41192644620966234,256,-0.31022935767941817,363,-0.3380815714363644
1091,0.5890081317259614,0.29427276045032613,0.5890081317259614,256,0.4096440621145234,276,1.0004001323099703
1092,0.3215539063483277,0.16052577748524754,-0.324110969750393,320,-0.3359840671844836,193,0.18825505131890352
1093,-0.21512845601623098,-0.10767293792977739,-0.29099565804818894,384,0.29777274608962045,86,0.17202930414620307
1094,0.12010257185963269,0.059982468810517275,0.24630665507578442,288,0.22899586974205022,288,0.6825775522643025
1095,0.07977135742390828,0.039819289383842715,0.4471157808991393,128,-0.30813942502109626,106,0.6192480992872944
1096,0.22417727351063377,0.11219051564094684,0.22417727351063377,256,0.2281826452432938,329,-0.28802807625966526
1097,-0.37090544265410585,-0.18519860610194883,-0.37090544265410585,256,0.26997707480157374,171,-0.6678128951234493
1098,0.325191538917295,0.16249854645457162,0.7977065472606455,384,0.48000532385350425,384,-0.21062223923487985
1099,0.11255640874932737,0.05654542329540391,0.16487164054098002,288,0.17208003592247678,421,0.29339517010399563
1100,0.858016831619409,0.4293550336854537,0.858016831619409,256,-0.4844317903351225,246,-0.8854092029046233
1101,-0.4865042379712463,-0.2431566911371874,-0.4865042379712463,256,-0.4494853472371574,347,0.2065507664034098
1102,0.19758463538843785,0.09853197764482502,-0.27965450071280884,128,0.34420611023352876,311,0.5411989194825264
1103,0.46451244026803806,0.23202338593432614,0.46451244026803806,256,0.3861628270583992,368,0.2602717805999503
1104,-0.0426778747819867,-0.02159172212981275,-0.12582953242976203,128,0.08210687910728609,43,0.8392346588905137
1105,0.012702477841344262,0.006613680747193484,-0.1216099490580973,384,-0.15199393812702056,141,-0.24851695257953393
1106,0.6079565829220144,0.3036550589483795,0.6079565829220144,256,0.52935277557782,307,0.5083838396287601
1107,0.42858285750855885,0.21391151810547626,0.42858285750855885,256,-0.2342346561507611,250,0.12472034148946476
1108,0.32100358742189883,0.16095741971929556,0.32100358742189883,256,-0.2482512240660526,96,-0.5503784998757684
1109,0.6494351267760408,0.3253746886660167,0.6494351267760408,256,-0.5150867362380609,189,-0.22986093144230207
1110,0.24434653842735088,0.12210201818334099,0.24434653842735088,256,-0.21122935877184545,157,0.05232483990252644
1111,-0.38129896945605424,-0.19056583934880678,-0.4832778790338921,384,-0.3433494276961824,385,-0.2112202830718849
1112,-0.2537618848808165,-0.1272882565948521,-0.2537618848808165,256,0.20448560842800134,203,0.7385301345388728
1113,0.17891633396857287,0.0894202116845122,0.17891633396857287,256,0.18915443294929446,332,0.22256966484610008
1114,-0.37962547573499705,-0.18993733922096112,-0.37962547573499705,256,0.27491854342278543,93,0.07957015514391515
1115,-0.34163234074424054,-0.1706911546858123,-0.34163234074424054,256,0.26470100409392217,106,-0.31572207285335485
1116,-0.23384200442527003,-0.11641316212717356,0.2897656855571995,448,0.29407970156138674,96,-0.5493914290373692
1117,-0.7557729526870105,-0.3778228176202276,-0.7557729526870105,256,0.40642849025556416,243,-0.47528158980782603
1118,0.22993307299134358,0.11499226905368687,0.22993307299134358,256,-0.13579405737664274,214,-0.42353347646628203
1119,0.196371731960312,0.09752701932922037,0.196371731960312,256,-0.2106575556671828,180,1.2078022972825357
1120,0.276543279167214,0.1380549666609454,0.276543279167214,256,-0.21791937779542536,108,0.033027848564524676
1121,0.04477437859895872,0.0222461085015766,-0.22313121139154646,320,0.26505434022493546,310,0.13468618279863606
1122,0.3949320240519967,0.1973601290412148,0.3949320240519967,256,-0.3687923101465742,206,0.6532098561341397
1123,-0.2295709581015899,-0.11498043790464862,-0.2295709581015899,256,0.19777549197149824,133,0.325221607027805
1124,-0.17323003379425472,-0.08647312902886028,0.20332831585962197,128,-0.24609697700645938,359,-0.11425021851931025
1125,0.2723416923962816,0.13646237644042003,0.2723416923962816,256,0.2033794614902149,262,0.425030400597298
1126,-0.3052281522590192,-0.15297035629004085,-0.3052281522590192,256,0.2722709084080748,98,0.1716925223977713
1127,0.1477277522857321,0.07407158989923346,-0.3031313968324554,128,0.2585455766222253,328,-0.3572883786949488
1128,-0.10016220287383248,-0.04982896035369322,0.27716407851426084,128,0.29310729224221177,232,-0.5931406382584226
1129,0.2508942160342258,0.12491786554181772,-0.29491833182216,128,0.35462207353577924,295,0.4747598761853916
1130,-0.057158536709238206,-0.02866257280248874,0.28809114342622166,64,-0.21214033725362924,318,-0.04376130659362587
1131,0.5425341426549721,0.2710489850056206,0.5425341426549721,256,-0.37652694599002245,119,-0.005618328829429586
1132,-0.19231208560552204,-0.09672272393527237,-0.25793644600332755,32,0.2823873768171268,223,0.9322754486020393
1133,-0.9757537973428612,-0.48801797245732814,-0.9757537973428612,256,0.5045983824171003,252,-0.19637211209778255
1134,0.1255190097997172,0.06329753973946595,0.19939538227049525,480,0.24191847761693452,425,0.07311400532984169
1135,-0.15223740258929297,-0.07663115117162533,0.1663066382453735,320,0.21925947041006566,229,-0.30228653769115166
1136,0.3078011779285248,0.1544765756777906,0.3078011779285248,256,0.30513006938952003,340,-0.5222186007374703
1137,-0.178242916834364,-0.08924927928680404,-0.178242916834364,256,0.16731384461289167,203,-0.11806317243014192
1138,-0.10253020747930464,-0.051027945986078294,0.21301934783696197,128,0.24701830831679672,163,-0.07784583971194442
1139,0.0701749249657837,0.035035136363376296,-0.14233693876224152,384,0.1731883296500314,342,-0.09189439901936033
1140,0.07157149385375305,0.035725899772444336,-0.1938381758090486,128,0.15943469829443302,356,0.37342099752062397
1141,0.7118162651882471,0.35564034443865467,0.7118162651882471,256,0.3980930660935087,278,0.17744590212551425
1142,-0.1931106446986064,-0.09644586388455423,0.30005956379329746,384,-0.24284586587947388,311,-0.6207320601819654
1143,-0.0967528265826445,-0.048569936178694206,0.29818502562362426,128,0.18969828314507708,193,-0.05090427373081824
1144,0.2969605100919068,0.1483584806945828,0.2969605100919068,256,0.22025897355024426,321,-0.19734742093234814
1145,-0.4022434670060022,-0.2014686499098559,-0.4022434670060022,256,-0.2808074101340594,293,0.08458340913018886
1146,0.32419105230826517,0.16218959663342503,0.32419105230826517,256,0.3053979849370876,334,0.05238194337167157
1147,-0.12449554844971544,-0.06256028688659399,0.20401901111995357,160,0.19365998412788343,40,-0.25930184479013146
1148,-0.3684971485020583,-0.18398327229755296,-0.3684971485020583,256,-0.2445004323871558,401,-0.19491407922250653
1149,-0.3420528866467123,-0.17075458831976675,-0.3420528866467123,256,0.2254678868294775,244,-0.5353683301407364
1150,-0.4156196498953193,-0.20828144693228978,-0.4156196498953193,256,0.2556364796434707,123,0.7603123757392041
1151,-0.10926923397352084,-0.05533443653359882,0.18175515540877996,384,0.18873062806562757,195,0.9402892002611383
1152,0.4143821905890661,0.20695290821686285,0.4143821905890661,256,0.28261979758030975,271,-0.21252931148519302
1153,0.10773030066945921,0.053812734881034885,-0.40544420184426144,288,-0.4026549693761581,160,-0.07736466808562541
1154,-0.3303310138104223,-0.16451889184980928,-0.3818883132407791,128,0.32376671765160836,103,-1.1901389195643781
1155,0.3436919269131238,0.1717427120782986,0.3436919269131238,256,0.1925942729211556,388,0.2477709688256065
1156,0.28490502644189064,0.14259539188378767,0.28490502644189064,256,-0.22104406515006758,229,-0.9796383361380776
1157,0.3693487130102824,0.18523043820715657,0.3693487130102824,256,-0.24971495968139834,105,-0.8364083811632466
1158,0.2579066725373309,0.12899516924130694,0.2579066725373309,256,0.2165401046754596,357,-0.4174613156517151
1159,0.602658255961444,0.3009501679761115,0.602658255961444,256,0.38466238025819166,296,-0.010334549163967532
1160,0.35789507363321604,0.17823913425223736,0.35789507363321604,256,0.4718703160598352,344,1.1290152086456207
1161,-0.11133128850295293,-0.05600640249610933,-0.25431725577655584,128,0.2495273359644301,87,-0.0017187819479239086
1162,0.11969138927392464,0.059261900818455615,0.24373032173895126,192,0.1719172147463155,448,0.9052625785912047
1163,0.2497027467027806,0.12505296025759094,-0.3483008411212296,128,0.2710371410382777,354,-0.286470563235187
1164,0.3970341446124337,0.19896278958145786,0.5556485324738958,128,0.3980088781753466,400,-0.5102982153135533
1165,-0.11488675798037207,-0.05756288045387237,0.16947995391495851,384,0.21734089817960012,214,-0.18541898244808747
1166,-0.06805025670925602,-0.03401721946252678,0.23895847301885453,32,0.197764940673693,162,0.1068998905649404
1167,-0.23055006016716106,-0.11524329814230327,-0.23055006016716106,256,-0.22890200699032448,401,0.596375411721203
1168,0.12348442976599472,0.06196304519582441,0.2848699482791801,128,-0.2564228517614424,83,-0.38340460849100905
1169,0.3758942493867039,0.18754272583288412,0.3758942493867039,256,-0.3480089750999582,162,0.7681702597810793
1170,-0.3556173681604662,-0.1778955799390758,-0.3556173681604662,256,-0.2886071563729047,305,0.023757882100184438
1171,-0.3151731790580925,-0.1581405007971739,-0.3151731790580925,256,-0.35290999050062055,371,0.5450409145214858
1172,-0.17714760567764642,-0.08867159255669321,-0.17714760567764642,256,0.16186423531712535,220,-0.3907687218810644
1173,0.10614878035954689,0.0526736724160628,0.316562217983801,384,-0.1926761961283887,126,0.5543482901608612
1174,0.09577116994373114,0.048078881297186626,-0.46129173962737013,128,0.31629469564512647,366,-0.8755016815698302
1175,0.3795524595113875,0.1897616942601985,0.3795524595113875,256,0.2821545857373735,304,-0.15551126594328862
1176,0.25007741859209887,0.12553396247034243,0.38510645885827444,128,-0.32657213468645807,102,-1.248481369086082
1177,-0.23280274505736998,-0.1161531106774305,-0.44878836197621297,128,-0.2977148170964483,389,0.1364817073474378
1178,0.706759952359505,0.35364200694456827,0.706759952359505,256,0.410223468525885,276,-0.2701083951462899
1179,-0.3191109636896954,-0.15973471017460383,-0.3222785542693032,192,0.25667573688747325,174,0.11339706541552902
1180,0.5563331235490523,0.27775348919618637,0.5563331235490523,256,-0.2947039080973184,127,0.21745247177138888
1181,-0.022515148894882486,-0.011451762952447098,-0.4239753968717821,192,0.32182636671372933,61,0.34506940997032187
1182,0.2027249350396687,0.10139404513250838,-0.3100513295120777,192,0.32411844500188636,315,-0.44621146322304406
1183,0.03179914319872523,0.0155885409008647,0.08757801337873161,184,0.08096389271707949,314,-0.17964920025040437
1184,0.009822438588656723,0.0046714684825701625,0.37098427665529243,384,0.21320767194839618,401,0.5336330621651058
1185,0.0615096114511573,0.03163404052207852,-0.17543624018458104,56,0.14537599314553518,390,-0.6927958693061128
1186,-0.1539083150352667,-0.07706837970556535,-0.2246330636785956,128,0.24339203803786802,53,0.19641767428214427
1187,0.25520332446430416,0.1280501424430156,0.25520332446430416,256,0.17701874954337882,385,-0.33244402279793306
1188,-0.07109850538338947,-0.035558903148597665,0.17910428058183925,384,-0.1839395537330688,341,0.1367549885630694
1189,0.47279281749371194,0.23654335001359073,0.47279281749371194,256,0.27452878594635877,325,0.46897065638926383
1190,0.028448362940196148,0.014136064408660332,0.1735832219451936,224,-0.18145644751510304,158,-0.009103616736947803
1191,0.14734346148836153,0.07366706401842293,-0.16526896324975837,128,0.15064406250269258,372,-0.5842278480094829
1192,-0.031017377984966288,-0.015833518494105192,0.2182135035324677,64,0.17537898453414869,194,0.3159836675748977
1193,0.042373642435762804,0.02089860544140265,-0.17524434523704713,416,0.13673621168948102,471,0.4595028657408471
1194,0.29435802268429256,0.1470826613135614,0.29435802268429256,256,0.15686157566585734,274,0.7120989168084808
1195,0.01983760453396144,0.010295726177361075,0.13766706357530012,64,0.1276347187367719,353,-0.14200304292896732
1196,0.19737874681607082,0.09810243143311936,0.19737874681607082,256,-0.15522016735872057,224,1.9370924707524029
1197,0.1796708586530542,0.09009007901482846,0.1796708586530542,256,-0.14824810801690091,146,-0.7738333656286704
1198,-0.27768135577920816,-0.13893830779713312,-0.27768135577920816,256,0.2126683633465234,102,0.4325421306258018
1199,0.1507035554658387,0.07527061997433293,-0.5326338337064271,448,-0.3771755815384097,208,0.0006477910375654455
1200,-0.05956769444080123,-0.02969322585428813,0.1690532060737837,160,0.1717762907388476,228,-0.012190807864227174
1201,0.30947125837127487,0.154602517075773,-0.33622272332985403,384,-0.31283276243613045,204,-0.30920688575069355
1202,-0.3839131197841823,-0.19171044565172224,-0.3839131197841823,256,-0.34302624949265237,356,0.0261960565496846
1203,0.14052788298937458,0.0702785485223103,0.14052788298937458,256,-0.14277824238445191,184,-0.6412958728060582
1204,-0.5619444589182194,-0.2814277844940989,-0.5619444589182194,256,0.33668556191150856,219,0.4679399410245426
1205,-0.19805252134935358,-0.09976845040364424,-0.19805252134935358,256,0.19662913227381296,195,0.8607368718247723
1206,0.5813305211075885,0.2910196928946789,0.5813305211075885,256,0.2989825097540688,296,-0.17873097804411092
1207,-0.6149997017846829,-0.3079178323443159,-0.6149997017846829,256,-0.4898632028891825,289,0.5412614032453348
1208,-0.6926969813133041,-0.345748529449736,-0.6926969813133041,256,0.5705799250808354,154,-0.9831142469835337
1209,-0.2335961057308964,-0.11655891687468056,-0.2335961057308964,256,0.18165324480662548,220,0.005351197356835036
1210,-0.16750819572118303,-0.08382797273873166,-0.16750819572118303,256,0.20793391736154376,217,-0.45021714998169043
1211,-0.1246421693748232,-0.06219458759989038,-0.1246421693748232,256,0.12321904105965586,245,-0.29910791806079007
1212,-0.1646918365155159,-0.08159534964462978,-0.1646918365155159,256,0.1828224944325143,179,-0.751200344312563
1213,0.0976613998821847,0.0491385780537712,-0.20135316128109082,64,-0.2148078637676747,204,-1.0115134435857847
1214,-0.32288119647304825,-0.16140048670951046,-0.32288119647304825,256,0.22041814666525283,218,-0.13132100481829692
1215,0.22371017618806377,0.11194333547365432,0.22371017618806377,256,0.20050505676056218,412,-0.6620538977876503
1216,0.20510001140297618,0.10298149283877933,-0.35125380758583447,128,-0.30706265652088405,141,-0.6734604080937387
1217,0.21671875266343932,0.10845188639444814,0.21671875266343932,256,-0.15906826957444764,244,-0.04008037697079744
1218,-0.012061127328934163,-0.006296617434770724,-0.5831161865921217,384,0.3402604918349539,122,0.1777245585180935
1219,0.12522293596936152,0.06272268572925555,-0.3331799802620026,384,0.3596532123357292,355,0.053169160177790414
1220,-0.19022890708544082,-0.0953683669741281,-0.19022890708544082,256,0.17779412323613997,226,-0.07517096603448431
1221,0.14174661247369613,0.0709246565733963,-0.30416234176738044,352,0.3771050462461858,350,-0.2905795813669255
1222,0.19811788036525968,0.09912978498425673,0.32008228975564634,384,-0.22882372626651204,110,-0.3322065016254007
1223,0.15358269964818305,0.07682376273362479,-0.28113285011542644,128,-0.2590836528767966,154,-0.4970803746821486
1224,-0.23701450337264873,-0.11828332243158002,0.32780972390690977,352,0.2791007373673722,224,0.19889103019311605
1225,-0.13865088541129467,-0.06932252052084209,0.28638164354629225,192,-0.23568056757989098,436,-0.09117331418716537
1226,-0.32942262731458527,-0.1646177132376465,-0.32942262731458527,256,-0.2828173716347919,339,-0.41504554044685976
1227,0.10851658005285003,0.05451792120871346,-0.2588660659421578,192,0.2858015515946022,412,0.4090009490991816
1228,0.10455505508156193,0.0521594289189693,-0.27187704306936666,128,0.232228962944248,367,0.7110148055740804
1229,-0.08598526926013506,-0.04273350334639758,-0.14104147298417047,160,0.1833471306892136,152,-0.06975885585724553
1230,-0.07244317413281465,-0.03606768410759287,-0.19360314822432656,128,0.14093872148153963,58,-0.45054237304764444
1231,0.001012922354419743,5.96182343883811e-05,0.2958005889674098,128,0.2180441216698341,449,0.5064210325019065
1232,-0.24323968541435192,-0.12156181082190187,-0.24323968541435192,256,0.2114455644966995,44,-0.5779022710037838
1233,0.0042566827546011154,0.0017838734034967274,-0.16057255557274175,288,0.13128936277087178,476,0.41132659446704045
1234,0.12329694511035427,0.06207421378351796,0.46271034775611497,448,-0.47784883104174014,177,-0.0962285954666558
1235,0.7946664030387467,0.39796084634684803,0.7946664030387467,256,-0.5279068830257643,227,-1.5898739561170925
1236,0.29091833791113686,0.145236773047543,0.29091833791113686,256,-0.22138682691355882,84,1.117480590587835
1237,-0.30928019527161155,-0.1540543554631597,0.356566418216147,128,-0.34446995972820105,317,-0.7385862770239907
1238,0.34878660765480163,0.17453329085833502,0.4607819418091168,128,-0.3603209517672781,107,-0.25952131815363166
1239,-0.23432446375193194,-0.11734415851901758,-0.23432446375193194,256,-0.19095753282982741,397,-0.31220762132059626
1240,0.3582851412539583,0.1791495396444418,0.4842123831357412,384,0.36680972724849426,407,-0.8824494019002892
1241,0.7438908224198144,0.3724319192245389,0.7438908224198144,256,-0.6160171378288339,186,0.3501358523112804
1242,-0.10136947619506032,-0.050547618180559084,0.1272860749645588,384,-0.13627527756125346,345,0.1754163182529274
1243,-0.32043842001945677,-0.160975492900036,-0.32043842001945677,256,-0.25071382383231366,303,0.8162926741917124
1244,0.09384353755311281,0.046828765601958366,0.18098233238868033,448,-0.18168465002675305,42,0.11080210123182044
1245,-0.14881899834819023,-0.07375326324483922,0.2939552796387659,128,0.22952826952601413,151,-1.2834375765396433
1246,-0.26488538849315546,-0.13232771510010366,-0.26488538849315546,256,-0.2726184329574153,316,0.28713088285763666
1247,0.5121380515407452,0.2559728129512564,0.5121380515407452,256,0.30324269850649443,273,-0.06768137136059978
1248,0.6430779968142986,0.3216178449917777,0.6430779968142986,256,0.39653944920172535,384,-0.6995878925802621
1249,0.23234332776848987,0.11628860475107672,0.23234332776848987,256,0.26677073942971674,313,-0.157085843981392
1250,0.19290072119082424,0.09664568550383024,-0.2753644859645874,384,0.2442815699220091,300,-0.22358442465839057
1251,0.040088764356767115,0.019760932595829672,-0.45364771886718813,64,0.27468653084821426,446,0.1486051519879926
1252,-0.5107764253301923,-0.25532245946899934,-0.5107764253301923,256,0.33562486911432643,224,-0.1445316383823569
1253,-0.43110880352733716,-0.21506165285427414,-0.43110880352733716,256,0.2806396201891772,117,-0.20036753080464992
1254,0.4575032673630801,0.228550567100001,0.4575032673630801,256,0.32358677559227544,277,0.29023738202170135
1255,-0.41877059527354277,-0.2090042076259806,-0.41877059527354277,256,0.3030600502178231,101,-0.6081337576873566
1256,-0.12693676533703524,-0.06306580230904046,-0.23187749711441086,128,0.19849372547106725,124,-0.9393443853039363
1257,-0.3561861676665501,-0.1786419176305003,-0.3561861676665501,256,-0.24311331254057222,309,0.9940195928002744
1258,-0.5113740531721191,-0.25602367418201766,-0.5113740531721191,256,0.3702732845103469,164,0.26266390720546084
1259,-0.12625824696817745,-0.0632812042276214,-0.39036036689225284,384,-0.28295729525149227,393,0.21846556541437112
1260,0.2324240023553159,0.11635826810234562,0.2324240023553159,256,0.254465839771683,328,-0.3338855323865688
1261,0.25736155792088766,0.1289143742293959,0.25736155792088766,256,0.15138660030243045,404,-0.1417966738257222
1262,0.11706715300397263,0.05926087222766796,0.4998552626196897,96,0.4285126110058286,356,-0.6699011807148416
1263,-0.6816141332287771,-0.34056469533268796,-0.6816141332287771,256,0.377569121889195,187,-0.6005938528387358
1264,0.10865880557383889,0.05420458877358669,0.2507396985122483,64,0.21646097492015315,453,0.2116959392948359
1265,-0.44865910728776726,-0.22414065287048857,-0.44865910728776726,256,0.29296798820925574,191,-0.3845702914815847
1266,0.3519462982694108,0.17615695666418674,0.3519462982694108,256,0.31691628378752057,282,-0.6207844155308953
1267,-0.035687843788878126,-0.01841520476767755,0.4001947768887817,128,0.2594108181565389,137,0.2750732907294801
1268,0.49759574916333804,0.24886474372860334,0.49759574916333804,256,-0.2950205116335951,234,-0.6942119157080173
1269,-0.12746971770781101,-0.06397134327863796,0.18051739902108466,320,0.21494682319287506,87,-0.23205185246893417
1270,-0.02121026766545242,-0.01159282658045413,-0.41327343080018863,384,0.26466774998256426,89,1.355406833420429
1271,0.7739217069068332,0.38660931049611236,0.7739217069068332,256,-0.4680136042876768,248,0.14635522459649963
1272,0.11795660666672347,0.058558068595289114,0.11795660666672347,256,0.14957011303334866,343,0.4826671028086969
1273,0.1235446730812555,0.06112192336826183,0.29699618329476607,128,0.23859590094281202,419,0.5761844282568657
1274,0.294814076577552,0.14714772142207266,0.294814076577552,256,0.17938025412121306,277,0.7126255929440783
1275,0.0036919311830558854,0.0020781212888891787,-0.1507393849633445,288,-0.1589475329238894,163,-0.31213172245229637
1276,-0.08863954866436075,-0.043971335719021454,-0.41670071900239236,384,0.2669953242956069,94,-0.9109500860048301
1277,0.885228373769678,0.442517377638751,0.885228373769678,256,0.4455406640458932,265,1.1731514428116998
1278,0.30512609744201313,0.15224252303539743,0.30512609744201313,256,-0.27873881675046164,193,0.44801124433774486
1279,0.2538022116429488,0.12716096032281143,0.2538022116429488,256,-0.165434385030494,247,-0.1302680282500227
1280,0.03978661436872244,0.020077119630371953,-0.10178200981462027,64,0.1315083837252473,438,-0.5983369472321056
1281,-0.06215321116923178,-0.03101651786667503,0.21329225430628185,128,0.21424289330266788,199,-0.054659751488482365
1282,0.20037928532923388,0.09940997661016127,-0.44684501899064344,128,-0.3204683955025871,194,0.763420936076507
1283,0.37073900630696244,0.18473201255545746,0.5921520581255777,128,-0.4741840139833471,122,0.6949101941812444
1284,0.27647458978378836,0.13803863368519842,0.27647458978378836,256,-0.17466852206567296,94,0.44154871459174766
1285,0.1905783603551754,0.09543851590888153,0.26745759097832433,448,-0.2568565218436447,180,0.735525325797423
1286,0.8330284912318007,0.4167252182363086,0.8330284912318007,256,0.47938650812471906,324,-0.06372407536630781
1287,0.09382825656564364,0.04679439247570372,0.09382825656564364,256,-0.13257025259045463,148,0.4334374819617049
1288,-0.3059781931381167,-0.15317216630592156,-0.3059781931381167,256,0.24597991758381,115,0.34369395542959263
1289,-0.041253966593160385,-0.020820842961086328,-0.838659801708161,384,0.46547415482550036,123,0.07039256969242982
1290,0.01073198592982294,0.005520974712908355,0.2607503029377085,448,0.26017030022546805,339,-0.4289423206620191
1291,0.021894081327275217,0.01072299397498,-0.16563456528041343,384,0.15243832029182158,371,0.5760097508419042
1292,0.03600652282230499,0.01815141873581183,0.3175415326899156,96,-0.24544219358492114,215,-0.2470426861572782
1293,-0.4657670698603056,-0.2332668657378747,-0.4657670698603056,256,0.28987918567042925,251,0.38681250154160285
1294,-0.049256522716234485,-0.02482085386560584,0.09598575561687994,448,0.09957711905087763,231,0.6555463871560365
1295,0.29332329604869756,0.14671056018727313,0.29332329604869756,256,-0.25833128051840504,185,0.1825749910761246
1296,0.09632539427565234,0.04721096038019823,0.24746007724355223,64,-0.1896622939660233,60,1.2882834306225537
1297,0.29735815519558173,0.1489224933915807,-0.46314373554912436,192,0.3469463234152954,308,0.054188918996506075
1298,-0.07442691568587634,-0.03736924995070012,-0.1335387601295679,136,0.19015539893190692,103,-0.5992679805176495
1299,-0.24899112721104188,-0.12488624199727383,-0.24899112721104188,256,0.2822766011542228,203,0.061888091806853285
1300,0.16229109449443513,0.08123400138788384,-0.3393343853834949,384,0.23909981170476158,370,-0.5997776929291628
1301,-0.3516630181453877,-0.1755226687627669,-0.3516630181453877,256,-0.34560086201639706,332,-0.38058509616328084
1302,-0.09410917542891184,-0.046792843481654245,0.46672993493149306,288,0.4151356369857808,160,0.34898135315725115
1303,0.1857172500221509,0.09343318178486015,0.1857172500221509,256,0.21189875292543547,305,-0.4661937783821676
1304,-0.23594237780565663,-0.11797365236009227,-0.23594237780565663,256,-0.19583148938932027,453,0.7459033810104309
1305,0.5754595719449185,0.28774419197713996,0.5754595719449185,256,0.34729127249016756,386,-0.15590730561559446
1306,-0.2010597690504028,-0.10085724405689689,-0.2010597690504028,256,0.16576615799402816,204,0.9469220889589995
1307,0.36035225915526325,0.1801417243857486,0.36035225915526325,256,-0.3340232744919547,226,0.10657743193076266
1308,0.46149732819358746,0.23086254869519962,0.49604844703875983,128,0.3717047674385867,390,-0.06323458712416272
1309,0.08911867324545142,0.044334471159231725,-0.2757688662746034,128,-0.29126953533005917,153,-0.17874421039589133
1310,-0.454116909978751,-0.2270044182891695,-0.454116909978751,256,0.2927051347846259,248,-0.6778340718777564
1311,0.04905622367536466,0.024755872027441228,-0.19105325209193325,128,-0.18937453146594407,141,-0.5129342980837233
1312,0.1660755907487328,0.08349251102458766,0.24847327916540962,448,-0.21661074638464584,181,-0.5702163650811399
1313,-0.1490425820738892,-0.07406643239389155,0.1851170671158684,448,0.1601493474394573,70,-1.2139752384734694
1314,-0.09664747840383825,-0.048630270371688766,0.22130499240677182,192,-0.2381207184661207,429,0.1812456276440572
1315,-0.029448231619426224,-0.014949871609417187,0.2710905686378169,128,-0.23408839618338106,343,-0.1883324398317009
1316,0.24945511728353154,0.12461312020309379,0.24945511728353154,256,-0.1996320898548447,122,0.08646386279333305
1317,-0.17380324454734364,-0.08684571907659233,-0.17380324454734364,256,0.1955088532977527,156,0.29709352337174655
1318,-0.3297827677479006,-0.16489003524080204,-0.3297827677479006,256,0.23396964448485846,181,-0.37611778574702415
1319,-0.32893371022703377,-0.16426537934432872,-0.32893371022703377,256,0.22853153751174204,172,0.0631433670145839
1320,0.27700072356768146,0.13858069533827688,-0.5045362868961547,384,-0.4348452379518619,144,-0.004893600535348638
1321,-0.3220041567193732,-0.16086493203300734,-0.3330927632691214,128,0.2727117470493283,121,-0.3019888793087616
1322,-0.0745254895317089,-0.037053494907723916,-0.6085561835914746,128,-0.3674937119066044,409,-0.43099728681507393
1323,-0.117781158194191,-0.05877966859483763,0.17492072550757598,192,0.2025736127051374,72,0.15504280613792595
1324,0.12347498653139155,0.061648076467236024,-0.2143795858789872,384,-0.24235834029371972,170,-0.4310273928847761
1325,0.1342381581488894,0.06698459613301111,-0.19941718284212584,320,-0.17988414757391524,198,-0.013404818318613093
1326,0.056112013422279006,0.028140224759965804,-0.17082965853944643,16,0.16241549058031524,329,-0.2568404739305918
1327,-0.05937648350931113,-0.02960651965707939,-0.11528557574513343,128,0.16920890613089057,105,-0.4240942783192327
1328,0.13435321493511765,0.06699139006781252,-0.36556499808523313,384,-0.28699329226748205,156,-0.23784095715442907
1329,-0.2882582705708785,-0.14398913801238677,-0.2882582705708785,256,-0.19324799564520845,295,0.1597372892028365
1330,-0.12812413745808726,-0.06372996484782334,0.25968213642694593,64,0.23968051550730252,80,-0.07102397506343938
1331,-0.23304292986767905,-0.11616841841271253,-0.23304292986767905,256,0.19647423853808732,211,-0.7018542376458097
1332,0.4715200681642102,0.23649157672508636,0.4715200681642102,256,-0.304934487247408,184,-0.9394708953844007
1333,-0.4656843318107917,-0.2325823628021908,-0.4656843318107917,256,-0.4682131948812298,319,-0.36727869170477534
1334,-0.20006785776214997,-0.10030009417124575,-0.24210532195419887,128,0.19268153587968584,91,0.733846471084297
1335,0.18008724733550707,0.0897709862948659,-0.4264551585256413,128,-0.3549673791831651,163,0.6903067234254046
1336,0.07001056915296999,0.03461365860573551,0.30300396817295905,384,-0.27175669392437385,97,1.1571076100448643
1337,0.16141937839785214,0.08081083312143278,-0.1934894824231037,224,0.2105642292617631,284,-0.030373227891038232
1338,-0.25221765805741825,-0.12660839956913605,0.38205077232714757,384,0.39502183925762324,139,0.09526178373980237
1339,-0.10515024753900093,-0.0525812229136875,0.23441924393438285,128,0.27400605833918235,153,-0.7237497825801864
1340,0.8075770609785025,0.4038851171985698,0.8075770609785025,256,-0.4098280386937745,230,-0.0671981184491382
1341,-0.6445543397127835,-0.3221061458422696,-0.6445543397127835,256,-0.4261744522383424,425,0.019206147431484993
1342,-0.420427004357947,-0.20988166520047002,-0.420427004357947,256,0.28110268031949204,206,-0.44313883702883183
1343,0.7443321352774319,0.37220683873482585,0.7443321352774319,256,0.42788527576465185,282,0.15144212611025196
1344,0.16100823830296918,0.08021952384899578,0.16100823830296918,256,0.15092327704314812,470,0.6134307545041027
1345,-0.580365347185051,-0.289670394725249,-0.580365347185051,256,0.2914670005776543,231,-0.8138502755471622
1346,0.2969066732437966,0.1486780624148878,0.2969066732437966,256,0.19894822489646913,333,-0.1198997154530938
1347,0.4225017727090119,0.21100237632350627,0.4225017727090119,256,-0.31596839161889534,168,0.3046277182067475
1348,-0.4538907433484951,-0.22674484531532357,-0.4538907433484951,256,0.303861290373618,236,-0.2592007071859218
1349,-0.16829906090396207,-0.08417452841098338,0.29817333906271415,352,0.23133509342028447,224,-0.3926754423094779
1350,-0.25531874410387445,-0.12775301554808038,-0.25531874410387445,256,0.3231593493892717,211,-0.5299136533268582
1351,-0.29908204098413194,-0.14935917785786046,-0.29908204098413194,256,-0.19163120781576026,417,0.2622613416009646
1352,-0.30905929630731066,-0.15470803424224755,0.37460009530769867,192,-0.2684130792781616,441,0.28659843449956357
1353,0.8710017506759016,0.4341988139186128,0.8710017506759016,256,-0.4563881991133769,245,1.1150413771734111
1354,0.06548409785921194,0.03273149019975108,0.1938320449079498,64,0.15310614254298116,323,-0.18088341161103305
1355,0.15158021844956693,0.0755941529557731,-0.3044503857197185,64,-0.20996864723153408,196,0.4617255487575941
1356,0.21051537602579629,0.10544362906014726,0.21051537602579629,256,-0.23132778007555999,182,-0.0936099574348632
1357,-0.04447065735593014,-0.022038680034143,-0.17855443125381498,352,0.22800472572762942,147,-0.6183996019770848
1358,-0.10676788247192803,-0.05329722564439976,0.21094376121345704,192,-0.21937891696796896,299,-0.32491997555015534
1359,0.07114259249578936,0.0356673774503804,-0.2248564568237157,288,0.24311643305139796,409,0.2221188984724029
1360,0.04821297896543797,0.02443790997469364,-0.29892786517479664,64,-0.2437411357946786,96,-0.37213938181698
1361,0.035176932111028236,0.017974862041938877,0.31655194142729215,384,-0.27236891959996967,110,-0.03085902155120379
1362,0.6360169370218216,0.31812265893881886,0.6360169370218216,256,0.4276366978236865,271,0.12335127387078294
1363,-0.2767197527772396,-0.13937745363324439,-0.2767197527772396,256,0.21112109207709295,150,1.1881299009657753
1364,-0.13158229995562465,-0.06636215885305319,0.2661040558782872,128,-0.2593823181610446,323,0.7557155404024775
1365,0.03443067032515046,0.01719425832015986,-0.17431599587393976,288,0.1503313220054565,284,0.43550946772869015
1366,0.3317635252796549,0.16505115955646943,0.3317635252796549,256,0.2743803483498368,458,0.38302437538957046
1367,0.07455183145648903,0.03743689133611383,0.218493884831247,128,-0.2372083352143477,82,-0.37011849270194475
1368,0.16610053330674646,0.08271124086638793,-0.31495904007971376,384,0.23872157137452632,361,0.3219393031741173
1369,-0.4954081181352592,-0.24750068835646744,-0.4954081181352592,256,0.3065508913745987,250,-0.3841332964126062
1370,0.3358700577055629,0.16747262337173652,-0.6231346125518371,128,0.5347257682942086,342,-0.2146064008437718
1371,0.7325373368886403,0.36683345622964225,0.7325373368886403,256,0.3871169599934774,272,0.06105102758872516
1372,0.0817012329319482,0.04082385294071855,-0.17515193169083432,496,-0.20152993884767056,180,-0.22588881322978158
1373,0.21141443757736056,0.10520919245482219,0.21141443757736056,256,-0.13415511474224218,206,0.19475044822754795
1374,-0.17914946363939066,-0.08993187881725362,0.2125470393704063,384,-0.1661802789794251,363,0.6115543971883795
1375,-0.22530051633194148,-0.11255344577983806,-0.3125300954073964,128,0.2547284045465119,91,0.37767111678015797
1376,0.27736327439913566,0.13888679705553386,-0.32735132110946097,192,0.33724861320291666,416,0.12717455604785954
1377,0.1061441249305517,0.05295789852334565,0.15427051655509416,64,0.1638837285835848,359,0.16478711631771792
1378,-0.1263339198757194,-0.06348111352855312,0.42533272559262514,128,0.272823860409261,131,0.3380142643955937
1379,-0.020880805617196074,-0.010941950019969227,0.31116786808763663,128,0.1863512468544002,181,0.6598090163774949
1380,0.16880982978375414,0.08436854941089678,0.19985214112023186,288,-0.2581885296087876,81,-0.1869216455268729
1381,-0.2006789355381784,-0.10022109774297405,0.2251734290047125,128,0.20795747159775146,146,0.15842635542332814
1382,-0.3311465811432015,-0.16568517124798632,-0.3311465811432015,256,0.2534737489738177,233,-0.19354783100651937
1383,0.17051126504344438,0.0849627223611833,-0.3690908824471535,448,0.30279421228351566,434,0.5419893305461148
1384,-0.2678040734760714,-0.1338244919005831,-0.2678040734760714,256,0.2815770342185715,150,-0.7398771656514026
1385,0.6641837528249823,0.33194858941459415,0.6641837528249823,256,0.42809375144702244,353,0.15342124429229337
1386,-0.36702749449628413,-0.18378216898793198,-0.36702749449628413,256,0.22987702972255875,190,0.24463403161159458
1387,0.33717622414161497,0.16875118137525646,0.33717622414161497,256,-0.2167572485306124,121,-0.5441189387331413
1388,-0.03781281040821227,-0.018858174129917415,-0.2957340142557996,128,0.20972219787127244,82,-0.2878162765057714
1389,0.16457818534391322,0.08186123111795496,0.2064887104824038,320,-0.23513765705769174,149,0.43827824723573094
1390,0.09700101028406038,0.0484404274696999,-0.2585086233096945,448,0.19731651797081895,307,0.6981822408129323
1391,0.294935588374841,0.14741545244430654,0.39091850717210264,384,0.32933778667779734,419,0.15052856500748485
1392,0.4635806835912035,0.2318198188066276,0.4635806835912035,256,-0.4226980230483264,144,0.4746758452898774
1393,-0.07948073444097759,-0.03946065521830633,0.32619253962590733,128,0.2495503827864809,152,-0.5632749850569216
1394,-0.3762858148948851,-0.1880590331134897,-0.42881787415407757,128,-0.3148853622236629,385,-0.5828665923169588
1395,0.02186914604590129,0.010938250384953108,-0.17699361596790197,128,-0.12709114324741222,193,-0.13346322063314625
1396,0.18165632763032136,0.0906852193101031,-0.3143484711808924,320,0.2858065687539124,299,0.21357691231503173
1397,-0.44977157933971057,-0.22498274452121336,-0.44977157933971057,256,0.34587847910782443,118,-0.052499847556515905
1398,0.01877294143491781,0.009530879639328305,0.3586025165187152,128,0.2611776118721423,407,-0.06561237815176559
1399,0.07941508350018012,0.039593802451406646,-0.181344401178535,384,0.17493218315490822,358,-0.19421996969386973
1400,0.5324980564604402,0.2661438288714635,0.5324980564604402,256,0.2801173461984945,290,-0.044888495196528655
1401,-0.12198140526982115,-0.06143737139427685,-0.23407657309599017,192,0.2120612234265593,169,0.5284774188113063
1402,0.3385919415625551,0.1690159340633386,0.3385919415625551,256,-0.22774930781437774,186,0.28545390995867354
1403,-0.2768058151001469,-0.1387893462959937,-0.2768058151001469,256,0.22572702809451073,104,0.9865669140763484
1404,-0.16730717207175871,-0.08335977607310951,-0.16730717207175871,256,-0.18119440270083942,339,-0.45525886897346757
1405,0.15615037200632287,0.07818451248749625,0.2193258563515883,384,0.2375435458583297,412,-0.591704572639347
1406,0.11701191852506554,0.05875043633793098,-0.40792405205417026,384,-0.33295340206117885,142,-0.17740604743842459
1407,-0.27510144324222097,-0.13714497696471994,-0.27510144324222097,256,0.20207108541632124,227,-0.7002638540893191
1408,0.2027331457961452,0.10182326556576982,0.2072771429265572,320,0.23177567419816114,344,-0.27844252950422466
1409,0.14247270344409912,0.07154929465326632,-0.22679185509464617,128,-0.1789347178043954,164,0.4306855615429671
1410,0.22798015893931733,0.11391065576640358,0.2454435531436161,192,-0.2451389681801288,169,-0.060974893985689366
1411,0.42896576143232323,0.21458775010614772,0.42896576143232323,256,-0.2754917634638616,172,0.47183962406242974
1412,-0.14886720774475748,-0.07479609740818205,0.3441044604713852,64,0.2643073965150222,201,0.41431183214229833
1413,-0.8296688695414218,-0.4150054419401954,-0.8296688695414218,256,0.446834623021914,222,0.2305098257991033
1414,0.4916464166264518,0.24537838413448299,0.4916464166264518,256,0.3300586625662163,362,0.70606320870341
1415,0.12618882619912597,0.062431831926858194,0.2942070165452151,384,0.24095724096275717,401,0.5810783965599933
1416,-0.30505301679957597,-0.15257218649381343,-0.30505301679957597,256,-0.30104939693200095,329,0.2969529852997317
1417,-0.2670952069916268,-0.13308263352234917,-0.2670952069916268,256,0.29103429897884325,158,-0.7282547264359919
1418,-0.07307190380191741,-0.03675947531195334,-0.20208543455731842,272,0.21427257035165326,170,0.04502842962241346
1419,-0.09160509390147809,-0.04562285109545883,0.22347197613947856,288,0.22567993592582525,160,0.4958425786623886
1420,-0.14297813838521733,-0.07218339882439295,-0.1998391024677204,64,-0.22543082152787974,333,0.6778164212201806
1421,0.10826254119768919,0.05381747445056817,0.26164825851060414,32,-0.20938466486197171,219,0.08733767957451535
1422,0.4460761122109602,0.22325523383520363,0.4460761122109602,256,0.30804990277329125,288,0.13902253184968336
1423,-0.060944623272462195,-0.030412088435326723,0.582263931431612,384,0.34126939173347637,177,-0.3028320566126378
1424,0.13468259107736458,0.06738231483615209,-0.24163344235815032,128,0.18892710040046268,315,0.10328170564520955
1425,-0.035968116476112755,-0.018031899255674944,0.253438287065876,128,0.18023041642493354,135,0.0035423348582188513
1426,0.18895657458145365,0.09480918509819958,0.33869833922392445,320,-0.31718413741029394,182,0.0030466039655827615
1427,-0.20063354695807334,-0.10046209071145995,0.29613920066194055,128,0.2985814866615897,179,0.7612805069506232
1428,0.037088711450053324,0.01860025181051128,-0.3625637706381326,128,0.27537868651921826,358,0.19736030629793136
1429,0.0979948517219782,0.048951031034960124,0.0979948517219782,256,-0.11323644462905236,210,0.4292821665396343
1430,-0.7363054385551209,-0.36851147832936704,-0.7363054385551209,256,0.47097639453386364,215,0.4173593783396401
1431,-0.13649072392354356,-0.06867032929426387,0.1597424796451321,64,0.22457828824613557,217,1.001657678802967
1432,-0.34653103974042665,-0.17338759856627917,-0.34653103974042665,256,0.2473530812414424,127,-0.1811009416293337
1433,-0.15776426086384276,-0.0787925054700338,0.22266964524203559,288,-0.2921689984195268,349,-0.27925527180333015
1434,0.8098542199260237,0.40527142364513224,0.8098542199260237,256,-0.5831667609342901,206,0.11433635045543872
1435,0.5475868216316826,0.27384700226534164,0.5475868216316826,256,-0.3399424464540459,250,-0.28683415519543587
1436,-0.021923501649865784,-0.010923602476253791,0.26987661345151537,416,0.24424882140976933,106,-0.07759316756911068
1437,-0.2371602350434614,-0.11873667394945642,0.5777201442528508,64,0.42939676586175324,193,-0.18559217627562372
1438,-0.306641819978438,-0.15345885141226745,-0.306641819978438,256,-0.2668443883933378,327,-0.45545299640053527
1439,-0.24849109877374076,-0.12402452664269958,-0.24849109877374076,256,0.13709240490010188,223,0.029818701598029074
1440,0.21679414841102584,0.1086592094227683,0.21679414841102584,256,-0.15025835425277023,226,-1.0761721914096245
1441,0.2739292005005609,0.13664286779697932,0.2739292005005609,256,0.1655371852633607,274,-0.10125223796084543
1442,0.3343360631300243,0.16764101848477253,0.3343360631300243,256,0.27813303503160114,348,-0.49292522291019647
1443,0.380350084982922,0.19023352280905215,0.380350084982922,256,-0.20922023320221683,247,0.8338910046852042
1444,-0.1913567265547158,-0.09531715400819962,-0.1913567265547158,256,0.1780546858159937,193,0.009009743905145196
1445,0.19850308782559978,0.09920371958304486,0.19850308782559978,256,-0.2551367846402286,236,0.46661586243034336
1446,0.16026129031763503,0.08013167698584311,0.16026129031763503,256,0.14546109767616144,281,0.6772560243061236
1447,0.2658128694108939,0.13270206935965234,0.28072826550112495,384,-0.24049330713164352,79,0.0370102034335231
1448,-0.34698737926831313,-0.17416360349983506,-0.34698737926831313,256,0.22930606923665664,110,0.8078059076666502
1449,-0.34685952344776183,-0.17385896049188432,-0.34685952344776183,256,0.3258132657007877,171,0.3591109765470295
1450,-0.1459241321214506,-0.07247216825834357,0.36595467802993653,384,0.23346370629712965,148,-0.5093865078627029
1451,-0.03515058498487633,-0.01780594898622212,0.1010981425628188,144,0.1285811708164033,113,0.18505015023135846
1452,0.06498445538645115,0.03251799132920041,-0.2993397560436222,128,0.23112342252630924,344,0.16060892040378513
1453,0.07349556813619529,0.036911695052822324,-0.39065745378746897,128,-0.2971967541317042,156,-0.9091651125606356
1454,0.1344317616483579,0.066994809434334,0.2761407848363149,64,-0.20245674383120615,62,0.4026766556975823
1455,0.2674782197460104,0.13353129552353948,0.2674782197460104,256,-0.22339715769345503,232,0.4366844971707444
1456,-0.18573327149556462,-0.09307694088744256,-0.18573327149556462,256,0.14745745802952115,220,0.01586101361122577
1457,-0.2883732207207004,-0.14437004090072492,-0.4598363203095346,384,0.37732356620684016,115,-0.20182070833712945
1458,-0.06149931026527611,-0.030291417644349394,0.17407433178789233,192,0.15645962566188132,207,-0.2512127832524189
1459,0.09736172158153522,0.04830090713295476,-0.37332630665255806,128,0.23841756965583727,378,1.086566874911132
1460,-0.06629250563986488,-0.033399285261509704,0.1673834325187613,128,-0.1843854060809349,375,0.12395513593456739
1461,-0.5272678435325133,-0.2635920008288224,-0.5272678435325133,256,0.34100200328137475,228,-0.06815798246631168
1462,-0.2220644784649437,-0.11066302275585826,-0.2220644784649437,256,-0.1983207777632856,337,-0.0375435927992262
1463,0.0027251404218304742,0.0018610255948203758,-0.33339693389194736,384,0.26792529808693644,358,-0.38922258245072244
1464,-0.8249610488451538,-0.4126687673077356,-0.8249610488451538,256,-0.48781759418250203,385,-0.03272631191279585
1465,-0.2716248745470011,-0.13618418700303891,-0.2716248745470011,256,0.225702784573798,244,0.005995572961188689
1466,-0.04454696960823412,-0.022486899502553115,0.19010415267189273,128,0.14837659211701748,149,0.39415469296362293
1467,-0.14270785236362826,-0.071215884263097,0.6124719184389278,128,0.3973954138247109,165,-0.12568032372796215
1468,0.12717683854563688,0.06365250813132661,-0.3483534731230691,192,0.26518145956242734,317,-0.7242722566118027
1469,0.3488623859032032,0.1743640661782706,0.3488623859032032,256,0.3358315379827559,398,0.2801114993016238
1470,0.7437716061244259,0.37119340215957664,0.7437716061244259,256,-0.4990155069122011,194,1.4792513916211643
1471,-0.07252170054454155,-0.03620507715737631,0.4524007885218566,128,0.24516429041693755,129,0.2738457041374855
1472,-0.48204852950200916,-0.24126900521449102,-0.48204852950200916,256,-0.27185723175063004,257,-0.03984333330847367
1473,-0.44565671408875573,-0.22259869923823317,-0.44565671408875573,256,0.32935138781667206,229,-0.14638665247872457
1474,0.06138496363041668,0.030446293992895335,-0.1629970458899379,160,0.17950617721470508,410,-0.08863843759866896
1475,-0.20015526380137771,-0.10007791484278528,0.2475339055868062,384,0.23865755711560155,162,-0.6801556110797725
1476,-0.41155684974222595,-0.20605072263080615,-0.41155684974222595,256,0.3426931678991991,199,-0.13893000454877258
1477,-0.2975287495995076,-0.14880175276002205,-0.4049515307208651,128,0.3082413391664858,121,0.8485567313928578
1478,-0.29948131844045633,-0.14972311010777162,0.4007922471166978,128,-0.32420525955313906,341,0.015440026462309644
1479,-0.14074426258613926,-0.07029748054813467,-0.16861293308136283,320,0.19690354218840866,166,0.037996185152462544
1480,-0.050798456784008295,-0.025201105308241267,-0.24512836017760264,192,0.2736516129734241,184,-0.20834572587631284
1481,-0.13933426671502502,-0.06915030774041497,0.20122180292190706,304,0.2771822441162044,212,-0.8520155326189467
1482,0.04294329471599667,0.02102300454600936,-0.24007713754366478,64,0.20356592073267166,318,0.6749004347933086
1483,-0.0163075587472008,-0.00784738457042522,0.25684903962701355,96,0.2356975147344471,35,-0.42068859186183155
1484,0.6274135081565646,0.3135565198146537,0.6274135081565646,256,0.3524787772323066,268,0.3349672430689804
1485,-0.047370767183224416,-0.023637224465772988,-0.3062045344133253,128,0.27483394365424374,108,0.26581198726410193
1486,0.2214608217118439,0.1109205551437924,0.2214608217118439,256,0.19739969604944463,286,-0.9670480458371866
1487,0.5592557170701866,0.27961592060495377,0.5592557170701866,256,0.3243571429866279,261,-0.7575593798366947
1488,0.25015608252113,0.12499177844296128,0.2709321845735104,128,-0.3556301123714718,88,0.08003529659691414
1489,-0.34316530497002873,-0.17196393561050627,-0.34316530497002873,256,0.2507287571031611,242,0.17123203173947715
1490,0.39341555214915047,0.19666342865804154,0.39341555214915047,256,-0.31719598073357247,183,0.2989835364668286
1491,-0.12077400233584967,-0.060509792365451176,0.13574257717806404,280,0.170975123263446,248,0.044961095953054836
1492,-0.00544759554784946,-0.002952167128285055,-0.2161126658265573,128,0.1711063872670877,118,0.1711431078906927
1493,-0.31320145536355426,-0.15679318150668564,0.3204916813926957,192,0.39305862997383656,204,0.1830591993155292
1494,0.2274926685997798,0.1141294182246213,0.2274926685997798,256,0.2036118842900123,282,-0.25667763363262885
1495,-0.7768214972000465,-0.38796019379418567,-0.7768214972000465,256,0.4073302158181775,254,-0.7665363092138913
1496,0.19295988621229299,0.09671947273091064,0.19295988621229299,256,0.20062040213736054,390,-0.19500104042763997
1497,-0.022599033110935807,-0.01097160800571828,-0.40184680133666006,320,-0.24548254428935934,326,0.2174988258988902
1498,-0.271701840220544,-0.13572964649381447,0.29128385665501355,384,0.2683509691293864,141,-0.23990038776117534
1499,0.05021570791495833,0.025103190707284284,0.32318607141513667,128,0.22958281132667935,395,-0.00611735188761982
1500,-0.6144000355825483,-0.3074162751056235,-0.6144000355825483,256,0.3357421816194801,250,0.4306268601473986
1501,0.555717784897098,0.27771813286199176,0.555717784897098,256,-0.36290626283789607,187,0.26987427281389753
1502,0.05945910237994667,0.02915403281753015,-0.22213948445846654,320,0.22816326796368003,279,0.6417936341055479
1503,0.08147184860223433,0.040740251291424556,0.10228943637920906,192,-0.09472381882858372,38,0.27232634819786317
1504,0.40192356213484004,0.2009789535216555,0.44195263018815467,384,-0.39179185014293694,120,-0.23497999621568108
1505,0.17978400448322418,0.08933969035820155,0.17978400448322418,256,0.1537303307669049,330,0.10181095050953831
1506,0.018100677154649247,0.008703835953497219,0.48885981395955014,384,0.3308767067910594,416,0.6541298172218725
1507,0.29792994128496275,0.14869692254762867,0.29792994128496275,256,-0.2674031549929623,224,-0.060220814890853736
1508,0.06126818482101726,0.03064173078698218,-0.21010508798185867,128,-0.21771777394965852,180,-0.012027876351861344
1509,0.6952922489166156,0.3473828366097109,0.6952922489166156,256,0.35095922699434823,272,-0.2091150847471384
1510,-0.1370104881507075,-0.06871460609238511,-0.1370104881507075,256,-0.1345032167768636,323,1.0834886381633027
1511,0.5495296028880148,0.2751166495809514,0.5495296028880148,256,-0.4254937088128088,216,-0.4989982415216162
1512,0.17110682370605446,0.08595268309116477,-0.2497329661110541,128,0.344317484572116,354,-0.28673213887308324
1513,0.01746167960172329,0.008757570276799242,-0.18817656217339618,192,0.1543957487583043,441,0.6858049008576629
1514,-0.22371783059540462,-0.11219973442138098,0.2260182049192565,128,0.2940345889016953,220,0.7973034404350391
1515,0.05871244064346115,0.029280073332529355,-0.2823380963922659,320,0.2071571901757352,315,0.005489014837721573
1516,0.4105720452917865,0.2051477623948017,0.4105720452917865,256,0.26713266513343115,274,0.5435457774617224
1517,-0.7037245833127486,-0.3511510365694619,-0.7037245833127486,256,0.38900811852911943,177,-0.23735204212432026
1518,-0.14314272664825012,-0.07196696168153949,0.37987035174057837,128,0.29389177046786585,145,0.9469383772261316
1519,-0.1557913899235075,-0.07790939255482954,-0.1557913899235075,256,0.17563526167762689,180,-0.6212064977422644
1520,0.2941150925375382,0.14654339440176045,0.2941150925375382,256,-0.17072950321755798,244,1.1618105988655092
1521,-0.2336630998911744,-0.11606007112720818,-0.2336630998911744,256,0.20401784305667547,92,-0.508451043077994
1522,-0.2974263551662375,-0.1486866880681248,-0.41506543653105155,384,0.2854462706329457,126,-0.1730165789826597
1523,0.12463120086667345,0.06315495521150183,-0.1337332262144315,32,0.16181295100966508,470,-0.93942114063781
1524,0.3036895339241994,0.15191110323897306,-0.40994883747995914,128,-0.37778235989850373,218,-0.23946017444607176
1525,0.16699162637561926,0.08292492330923551,-0.30717708690076506,384,0.28091961277857536,301,1.0747827888626473
1526,-0.16411381304715178,-0.08201530828367254,-0.2528158127717006,384,0.21785619571684833,83,-0.4561330731192495
1527,-0.11038775629859288,-0.05508125367714456,0.17446996381937652,128,-0.1906233190058515,301,-0.03423951209186907
1528,-0.24253234591375872,-0.12086247368057457,-0.4148416830717423,128,0.33010681181544044,91,-0.6441906082728488
1529,-0.03066784768850539,-0.01541548047583774,0.2532367220401852,320,-0.1661318544369692,445,0.24299156352451262
1530,-0.04620279206960731,-0.02341785973419519,-0.18960877631567996,32,-0.2054751178270635,358,0.2551966653537039
1531,-0.027226752286196643,-0.014167295888057652,-0.14258233847522206,384,0.12487558989016634,55,0.7915976696264911
1532,-0.20131609786983518,-0.10070416751648281,-0.2619443749208159,128,0.2731375791523334,115,0.012229248733866056
1533,0.02096621210472449,0.010181890167757501,0.19357840086610167,288,-0.14785231590408898,92,-0.15020661900556365
1534,0.12460848129924784,0.062473128040920756,-0.3376983120155046,320,0.21253499065966253,303,0.3326275750004972
1535,-0.40956802100276946,-0.20455931772428926,-0.40956802100276946,256,-0.33967412002158426,389,-0.07398579924487483
1536,-0.17052946924732737,-0.08515343375745488,-0.22555796418282625,384,-0.19855954116064822,412,-0.6065649898913476
1537,0.25719877378094225,0.12832560874443288,-0.26349525066302704,320,0.21893251110697065,439,0.6642653792566064
1538,-0.056565597732515016,-0.02827504995889285,-0.20662357718782687,64,0.18450007783403066,57,0.2753580877428792
1539,-0.3868465911889132,-0.1932337600562164,-0.3868465911889132,256,0.328685136230348,195,-0.6319236690282077
1540,0.2476689582452991,0.12346015180827408,0.3209954649253177,128,0.2741816440604907,391,0.8480770395202339
1541,-0.6625492782405615,-0.33046239651929454,-0.6625492782405615,256,-0.417219772673036,281,-0.5613601673611508
1542,-0.11651264183436183,-0.05868447978718905,-0.20230182368555916,384,0.179074962775303,92,0.4140572103979058
1543,-0.18453945691169338,-0.09215502456666513,-0.254873374224303,384,0.19360886478699513,121,-0.17183433183211702
1544,0.22500412022412775,0.11213266784994858,0.27371761527217586,384,0.2619849067968971,398,0.5513950319840689
1545,-0.06191678262837286,-0.030680126968633203,0.4294439011356559,128,0.3417629466071901,166,0.17950542194070984
1546,-0.34782869940073624,-0.17377664572472895,-0.34782869940073624,256,0.28987903593070996,164,-0.05175710136695856
1547,0.8215595797387891,0.4109895948558062,0.8215595797387891,256,0.4397844567900506,260,0.08390356282022099
1548,0.21395624521770173,0.10674103319632877,0.21395624521770173,256,-0.24710753114334238,84,0.4091805253787071
1549,-0.6839759067483442,-0.3421365771400531,-0.6839759067483442,256,0.41204988719655944,148,0.33016743862269615
1550,-0.24271855432459688,-0.12167838389643748,0.45787015983263757,128,0.3459084280663376,133,0.7114878283194459
1551,-0.17655301679505442,-0.08861049475240179,0.38668660575129365,128,0.31142512494253083,147,0.715296784911704
1552,0.20606956293440248,0.10299495716787987,0.37009500885463353,128,0.2798234558227364,391,-0.16714604172069603
1553,0.1703636160642077,0.08468999444374958,-0.1982165395413773,128,-0.20096854588490487,139,0.5405343511356216
1554,-0.2722165857703942,-0.13608326265196524,-0.2722165857703942,256,0.3348114772359452,163,-0.2796588815321111
1555,-0.021115321251414798,-0.010465451095313938,0.3766821742278239,384,0.2679143599747249,150,-0.38293623200589094
1556,0.3280348229518495,0.16440048724300027,0.41397631764684206,128,0.32784752099041725,417,-0.9536600677572219
1557,-0.5644091709256429,-0.2820520738002301,-0.5644091709256429,256,-0.43281586833046504,295,-0.29951544997790325
1558,0.5152450093413847,0.25804627052096407,0.5152450093413847,256,0.30515159961703375,286,-0.6683482568969448
1559,0.3603129609614939,0.17984966380606693,0.3603129609614939,256,0.35157875908333835,322,0.07682105339837586
1560,0.03186612937216182,0.01589242083082354,0.16684165589813915,64,-0.10097253304974174,191,-0.03816057661497697
1561,0.16521568045527601,0.08270403358181966,0.40446109050805035,384,0.2720209021568394,389,-0.0867224051843333
1562,-0.438281227932805,-0.21909962692870977,0.45175251610641,384,0.4510066183083268,143,-0.40342357421089226
1563,-0.1942010345558174,-0.0971884376015737,-0.1942010345558174,256,0.16627641653815317,170,-0.0011666937629678104
1564,-0.4142598501082375,-0.20701790595234115,-0.4142598501082375,256,0.2493170926502728,163,-0.2514471337258959
1565,-0.16034207263840017,-0.08016889999643695,-0.30063375411288007,384,0.1967124227385426,94,0.19666032079785842
1566,0.17451446525376468,0.0871232866447258,-0.2770527451027647,384,0.34681457503717183,370,0.324429782350774
1567,0.04474356469259533,0.02269946156903302,-0.1990820880084243,384,-0.1908096989075716,168,-0.6886700907208494
1568,0.3504807199808795,0.17531313237770974,0.3504807199808795,256,-0.2586943965500268,217,-0.17375928094409196
1569,-0.6277200379386159,-0.3141761876783562,-0.6277200379386159,256,0.3705311274834173,234,0.5993622259541032
1570,-0.0741878309166566,-0.03684338515896002,0.25025808997776977,32,0.24410752565677285,166,-0.4979401105778771
1571,-0.37953192571515615,-0.18954277440309397,-0.4273552136313725,128,0.37959171198768615,122,-0.7369225075568218
1572,0.007260530348048633,0.0034204709500613717,0.35874249941224434,128,-0.22740285055431286,102,-0.08858448440735225
1573,0.3989942254236496,0.19937425288054555,0.3989942254236496,256,-0.2848154037883148,158,0.1615562882911591
1574,0.7032818851979812,0.3513697218870675,0.7032818851979812,256,0.49554223570248723,299,-0.0980350196849667
1575,-0.053237638224516104,-0.027002346596418647,-0.20197746648705106,128,0.15919146315630428,92,0.464845988116816
1576,-0.07642658777004385,-0.03838670432656954,-0.22204396449717478,384,0.17120041573740252,113,0.1775308123780645
1577,0.2762087269205722,0.13773912870539107,0.2762087269205722,256,-0.22742692190220737,92,0.41701222671250704
1578,0.0844011480703557,0.04225519284040047,-0.3334593736447573,384,-0.2526611798277827,142,0.19328531627826714
1579,-0.12196065966585934,-0.060932102119380716,0.16130553929656344,128,0.16366990244270596,145,-0.306955677315397
1580,-0.5442135037918661,-0.27258102456184474,-0.5442135037918661,256,0.27454026139437815,253,0.9439060590025603
1581,-0.04376153941839789,-0.02177768548594372,-0.09972853705897933,128,0.12028437071944609,90,-0.6615446974768173
1582,-0.9013943760005532,-0.45086012244914286,-0.9013943760005532,256,-0.4598753080949791,321,0.19252436383476076
1583,-0.24680053957035852,-0.12384546931247087,-0.24680053957035852,256,-0.19298314124688432,265,-0.06858818901526986
1584,-0.3960375972685881,-0.1977020486359038,-0.3960375972685881,256,0.2888965553745493,232,-0.96166714016803
1585,0.9050566271586717,0.4524418635418783,0.9050566271586717,256,0.46586431205196277,264,0.47142345573147676
1586,-0.5120741401568409,-0.25638200871244976,-0.5120741401568409,256,0.4454224416520276,227,0.9352747921723623
1587,0.618762587848039,0.30946191659955957,0.618762587848039,256,0.34551344901132097,278,0.09684491105009682
1588,0.17918315240845573,0.08994216373733366,-0.20234577406893095,64,-0.24586054499889087,207,-0.3575537567307338
1589,-0.13483216170715195,-0.06763279625647556,-0.17975884487918847,192,0.1509055686962597,158,0.2482268354606658
1590,0.2431538318400328,0.12211150317946817,0.2431538318400328,256,0.17168881496485255,299,-1.2485558900621547
1591,-0.2669874608946827,-0.1333369540539593,-0.2669874608946827,256,-0.20305902680064492,387,-0.08443901130215088
1592,0.3944286943272459,0.19723637001862926,0.3944286943272459,256,0.36424393884470874,334,-1.0269936795379986
1593,-0.19782615801634051,-0.09892520754979728,-0.19782615801634051,256,0.22083917695911737,115,-0.3722469384346393
1594,0.34618641426004615,0.1729903352975839,0.34618641426004615,256,-0.3223501387473675,209,0.3095814398465768
1595,-0.022797177588500972,-0.011901946982675327,-0.16829971298403734,288,0.16202716328564293,154,0.28510293672639847
1596,-0.04429575979878564,-0.02217338555581705,0.5641039745486012,128,0.2931131743957849,128,-0.0067946323198141215
1597,-0.1395797932962637,-0.06963042078626813,-0.2834851245482497,128,0.2601828696071635,107,-0.11152914518050168
1598,-0.20474832604938342,-0.10220686556149872,-0.2972981378032955,384,-0.2554260351893731,400,-0.1464903768594484
1599,0.018503287848915306,0.009291189846720727,0.22124230001401202,128,-0.17101626772416978,100,0.4559405302203881
1600,0.3046756510137243,0.15215797883075766,0.3046756510137243,256,-0.19678479201019172,188,0.2654376134423516
1601,-0.007711505831707655,-0.0037443464473767563,-0.31137582344223347,320,0.26326952915670176,170,0.33563188987322434
1602,-0.5089197291213452,-0.25482414251771957,-0.5348068569643516,64,0.46643317405130347,183,0.4780172962454536
1603,0.32820758136202244,0.1640694591974352,0.32820758136202244,256,-0.29547823002923224,208,0.3375364947906696
1604,0.36431677720079847,0.18175078869546724,0.36431677720079847,256,-0.26838786203302334,159,0.4218193176591663
1605,0.1267436011596601,0.06317332987134705,0.2682567621541807,128,-0.16551657530420982,127,-0.12440189182398204
1606,0.5583049000013887,0.2793295462105334,0.5583049000013887,256,-0.3374814905872654,242,0.021447260463111822
1607,0.16895623639052815,0.08413074039083313,-0.2107815904003587,192,0.19788687089351242,410,0.15051663459074385
1608,-0.5287947297022697,-0.2645257755907551,-0.5287947297022697,256,-0.3625771171295469,327,0.34945399486739476
1609,0.22698097908119053,0.11380151803646754,0.22698097908119053,256,0.1822875568769291,408,-0.1415991030771796
1610,0.39937782948970835,0.19962945301614354,0.39937782948970835,256,0.26200631347262515,384,-0.06608155474557484
1611,-0.15230618823139253,-0.07591110430365688,-0.1792175370520681,160,0.1950448658062669,207,-0.0524746458603971
1612,-0.4278653979866931,-0.21371342084927392,-0.4278653979866931,256,0.2380900202150542,222,-0.4307570343249122
1613,0.6001151497263209,0.3000648757549129,0.6001151497263209,256,-0.3096288091103929,253,-0.34304734616468463
1614,-0.0368094905499845,-0.01812604284509689,0.12688939002612187,320,0.09706779835882173,81,0.32609385823036857
1615,-0.2151448831685343,-0.1075357832098689,-0.2151448831685343,256,0.20368452134917447,141,-0.4190431951372252
1616,-0.2245734771771879,-0.11234320331848835,0.39239446897579455,384,-0.3827217850219995,363,-0.09602179806859673
1617,0.10389401315362079,0.05125743609505662,0.16221522342607386,64,0.1504144843490849,332,1.1039066307922898
1618,-0.21735807817833575,-0.10866164611434215,-0.21735807817833575,256,0.2991386957262421,167,0.2465184014947609
1619,-0.22624559871846373,-0.11265894972555657,-0.22624559871846373,256,0.2176945212705732,189,-0.3396350164007618
1620,0.024476910885425696,0.012194540053599212,-0.36662272752880654,320,-0.22593036249611487,197,0.01740501675593016
1621,-0.18169725131190262,-0.09115468928536075,-0.23479238101964484,384,0.2321058393171711,79,0.26213919328099333
1622,-0.3312635309611096,-0.16533269003116402,-0.3312635309611096,256,0.2965102995700306,113,-0.5283937042922342
1623,0.35966036785592337,0.17943403316883177,0.3732645194218662,192,-0.39497289175497485,190,0.874213698840172
1624,-0.6607628370533689,-0.3304604833532494,-0.6607628370533689,256,0.3304604833532778,255,-0.06954910383238276
1625,-0.3589823058748607,-0.17941744225123557,-0.3589823058748607,256,0.3476159737572573,179,0.0166587679907933
1626,-0.47055063612182835,-0.23492271336752424,-0.47055063612182835,256,0.286620395948205,221,-0.3808739078227255
1627,-0.4540594328080658,-0.22753598077531478,-0.4540594328080658,256,0.23317234000688813,253,0.5693593133986015
1628,-0.5403054348386149,-0.2707282115159728,-0.5403054348386149,256,0.383054589339082,149,0.5576927719860625
1629,0.020142269255018164,0.010245298497125077,-0.15832733868319337,384,0.11578937015883639,348,-0.17130622790233757
1630,0.3313499768113104,0.1653336403997514,0.3313499768113104,256,0.22458851154021886,278,0.0610858722609835
1631,0.49595143560981114,0.248099403775484,0.49595143560981114,256,0.3743849238177859,316,-0.13067934657687014
1632,0.21720878992894654,0.10916662134928856,-0.31605905325341155,192,-0.3377663564345994,215,-0.4983906630922364
1633,0.0611753699178621,0.03078503619718731,-0.18273553900570505,448,-0.11951559204729278,194,0.3081199856725733
1634,-0.2691041135899468,-0.13510402077969275,-0.2691041135899468,256,0.25052161931895967,161,0.652096304768969
1635,-0.45007579152431276,-0.225277437922216,-0.45007579152431276,256,-0.316461850927908,305,-0.02844961519181255
1636,0.29598388220784955,0.14808035271843778,0.29598388220784955,256,-0.17503616153138069,250,-0.26486119767776145
1637,0.007740030215671823,0.0038074408413422134,0.33305520578448977,192,0.22938933881533785,470,-0.1396984552289236
1638,-0.05635823453363287,-0.027657290783764665,0.15792908188245747,240,0.17387445856624595,177,-0.6752174033618545
1639,-0.1877306182841778,-0.0939170341178226,0.23854851249336662,288,-0.22882759392507523,284,0.3182199475853328
1640,-0.00950832167748672,-0.0054288849319164,-0.3857987006828125,128,0.2370649024304754,120,0.7748970642933584
1641,-0.2692258086248671,-0.134789695171861,-0.2692258086248671,256,0.1903324646514193,248,-0.049605504427288505
1642,0.3871065233009858,0.19362004100065633,0.3871065233009858,256,-0.43006064203487426,216,-0.003710879850566867
1643,0.5346176736390476,0.26694616198977883,0.5346176736390476,256,0.43605598821875446,290,0.6956093359436433
1644,0.4705867483140196,0.23539587922402916,0.4705867483140196,256,0.2499528793503032,258,0.2385863918626553
1645,0.4053169117692619,0.20245530031610315,0.5965576365741185,384,0.414770535019386,386,-0.014340279519451438
1646,0.05151142897696559,0.026339002702115977,-0.4764887428301563,192,0.27559271203364233,443,-1.0088338979303046
1647,0.022066554430438146,0.011087723697187357,-0.1679237699644318,192,-0.20346835233590355,214,-0.29626307954534825
1648,-0.01042521248419348,-0.004902807202114445,0.28537970474715735,128,0.22017363232205867,182,0.08920285425308189
1649,0.21546681798457712,0.10765065760705284,-0.31444321672495334,384,-0.22227177295872025,134,-0.040914117284978416
1650,0.1320303435608423,0.06628303950094505,0.16230789401954837,64,0.14565297728370297,454,-0.39996001999544495
1651,-0.11764380186582457,-0.05824808361273881,0.2410008348404915,64,0.2283835931821585,100,-0.9367771411692869
1652,0.04390348658526477,0.02200276332627027,0.16952945596494828,432,0.13908741717438033,272,-0.1732977018235164
1653,-0.17797711810180772,-0.08893637303705759,-0.18654283026216945,480,-0.19056076667499156,289,0.05059168934148048
1654,0.09290599231081842,0.04633765787139055,-0.3955226636264939,128,-0.2935647030780615,152,0.30182832000947546
1655,-0.3490769861598153,-0.17406356719442329,-0.3490769861598153,256,0.322101469956408,187,0.09876452833572591
1656,-0.11142924506395957,-0.05524566546844767,0.20823677776419558,32,-0.1857069030016305,347,-0.8508964155904288
1657,0.11758549426394893,0.058746979445743364,0.3399036939642883,384,0.268797520292253,394,-0.18792407198947497
1658,0.030131204420825952,0.01509310067348224,-0.22607940205489285,192,0.2070053359905728,435,-0.26930761004239157
1659,0.0770933578014592,0.038299780107138304,0.2724321934804266,384,0.18525605807781176,390,-0.37950271273557373
1660,0.38038755855598083,0.18988677731516646,0.6603891920103138,128,-0.4680352712456397,125,0.5526223345929157
1661,0.04013273810156193,0.019970538798759208,0.12453574002978485,384,0.12825094717896945,396,0.06218154839084486
1662,0.2737934214983113,0.1373177310881033,0.2737934214983113,256,-0.383525147460432,182,-0.21180806701384783
1663,0.7525181800397434,0.37623220481629005,0.7525181800397434,256,-0.4002214549119856,250,-0.35650197062750777
1664,0.2497426336400963,0.12417203563671819,0.2497426336400963,256,0.2235616128467086,334,1.2637626117782221
1665,-0.1687258426999847,-0.08421634770931519,-0.26675136896541574,128,0.1839738596290772,126,-0.3992083517255271
1666,-0.21792973811378147,-0.10911813577934026,-0.21792973811378147,256,0.17167093190525406,174,-0.33338590570197985
1667,0.07331508212874382,0.03669843135168094,-0.3610526662766915,384,-0.26782672319305334,134,-0.21462079500493203
1668,0.9585952823279058,0.47923145350119967,0.9585952823279058,256,-0.48758113203354014,254,0.17799627123157166
1669,-0.2528939435740085,-0.12622316763534513,-0.2528939435740085,256,0.27785897763664025,178,-0.21514462512038046
1670,-0.29581295446570266,-0.14791556886052604,0.34204688267743677,128,0.3331230866874364,150,-0.08500362114411275
1671,0.4387376155587219,0.21854619341155512,0.4387376155587219,256,-0.3199598320528452,54,0.3448655332909133
1672,0.4473528618859177,0.2234226290670449,0.4473528618859177,256,0.2824965613329482,296,1.202748896773948
1673,0.15151683369796842,0.07586253263576737,0.2414135493156664,160,0.23261749736855108,352,-0.3293790030442145
1674,-0.08091681011239871,-0.040490253384490416,0.33722322324146603,128,0.3178338010357038,149,-0.6222605213357874
1675,0.07545616287347912,0.038008520535811385,-0.1417872403256979,128,-0.12359519132755281,146,0.03666116292944033
1676,0.08755738211854691,0.04349767351834544,-0.22185569158929752,192,0.1998854208088119,309,0.08563869626701115
1677,-0.28375898038041214,-0.14143336120727668,-0.28375898038041214,256,0.2075691095057266,203,-0.5315074563430936
1678,-0.010825687742340051,-0.005614622467248864,-0.0917552466567031,28,0.10244939901100736,91,0.5545884940531274
1679,0.2595825805310312,0.13014730079879655,0.2595825805310312,256,-0.22051823159074502,173,-0.5197599982821197
1680,-0.5452669206696612,-0.2722526404151324,-0.5452669206696612,256,-0.35767275212606364,362,-0.05318909493794016
1681,0.01706490306847286,0.008435594389652579,0.147147235572902,384,-0.16242651167451072,103,0.2815859033323033
1682,0.5567845699675615,0.2781319313319841,0.5567845699675615,256,-0.32331300841320854,124,0.274805688420361
1683,0.4342088354076168,0.21689570708485917,0.4342088354076168,256,-0.4010465207569496,110,0.13955687714039935
1684,0.003694210776984619,0.0015457854352689537,-0.08947628886937764,448,-0.09567335806011101,198,0.36845544653422313
1685,0.49043384264336964,0.24536368402635844,0.49043384264336964,256,-0.35092861815400056,225,-0.2551807970207239
1686,-0.3316223556732325,-0.16551408922077826,-0.3316223556732325,256,0.1783906540835858,249,-1.081416984442738
1687,-0.3330957993695449,-0.1672788233004212,-0.3330957993695449,256,0.24895757762908488,246,1.1338742228309049
1688,-0.19830485709164236,-0.09896671909012866,-0.19830485709164236,256,0.204822679827231,216,-0.2775873790343528
1689,-0.22428089868088819,-0.11210395462586575,0.32063308283255765,384,0.2827027160138016,157,0.22034086050380464
1690,0.46702103920188165,0.23431123410549048,0.46702103920188165,256,-0.41039637850107624,204,-1.863180129464331
1691,-0.5560204357596206,-0.27796016794650313,-0.5560204357596206,256,-0.32096270587493336,284,-0.22850724494728455
1692,0.022994528146597304,0.011448131960150931,0.41314392753207585,384,-0.2153639922962185,126,-0.23152075521200927
1693,-0.19813776122484228,-0.0986756464524774,0.2606907831724641,128,0.30367923780127626,203,-0.5188525275413507
1694,-0.04047062104851307,-0.0205143596886046,0.3811013919414563,384,0.24814426672449486,139,0.573349672405395
1695,-0.049685487477972856,-0.024458621273566905,0.20091070352947327,112,0.19712140688626434,20,-0.24749486919386635
1696,0.05373111620798454,0.027362669084396885,-0.25589758203659585,192,-0.19212898673823986,84,-0.10749173482181501
1697,-0.022343763802552985,-0.011379938397965361,0.48140127796631305,352,0.28778481318309446,96,0.0617267164816101
1698,-0.017787283898798023,-0.008821591508421989,0.34592226734105225,448,-0.23974095167375253,442,0.4294907428959101
1699,0.16662658443914324,0.08327033367368131,-0.28172995087723507,128,-0.2631852275836195,141,0.08313331169543575
1700,0.11259980951911075,0.05612890524048453,-0.254112245862089,128,-0.21524058388234835,195,0.6051030415950323
1701,0.43792594506675186,0.21872119680222113,0.43792594506675186,256,-0.4075891104314735,190,0.359051565097741
1702,-0.05070907202423314,-0.025693309697771838,-0.2287824151339919,192,0.19274789842128826,51,0.28892658176153735
1703,0.42852250184117224,0.2147202399021353,0.42852250184117224,256,0.28919713689407445,281,-0.08276213244862429
1704,-0.17631264139978953,-0.08827517585592659,-0.5264886252287511,384,0.3368842951568922,93,0.21340385225802416
1705,-0.3644205131816136,-0.18263666816534396,-0.3644205131816136,256,0.2880966449539528,211,0.18629082957249687
1706,0.3835575363438295,0.19241341293795244,0.3835575363438295,256,0.3523926813404614,308,-0.24982733869667662
1707,-0.2023844104822956,-0.10180895779967614,-0.2023844104822956,256,0.20769496049680924,210,0.60191281894018
1708,0.2760472228712274,0.13848830771277676,0.2760472228712274,256,-0.20194608333994069,58,-0.11480161821898083
1709,0.15543559855603917,0.07758412726383312,0.15543559855603917,256,-0.13023148937674023,124,-0.4108943236963444
1710,0.5178846294327855,0.25834360024128955,0.5178846294327855,256,0.2803180369171514,320,0.19516468488151062
1711,-0.20046753043965282,-0.10041095491629903,-0.20046753043965282,256,0.17796993152350638,231,0.5521487514809922
1712,0.4412594573183526,0.220819235714373,0.4412594573183526,256,-0.2992289093736815,80,-0.6117729753085777
1713,-0.5967625366692744,-0.29837528886835685,-0.5967625366692744,256,-0.3722484555543133,270,-0.08094504777214145
1714,-0.15273786976572978,-0.07666369240354243,-0.15273786976572978,256,0.1584457727773554,217,0.18052881140675694
1715,-0.04439345335427447,-0.02234345905361579,-0.2681583340238376,384,0.21107395410387397,53,0.17648165254377318
1716,0.1254085546777901,0.06280971758027931,-0.22857270312263722,128,-0.23332828692667817,156,-0.4264543352353039
1717,-0.6693295738653546,-0.3349403612178037,-0.6693295738653546,256,0.3379001808164901,250,0.508265040460025
1718,-0.37285132511610186,-0.18614154495458024,-0.37285132511610186,256,0.3478895447669288,170,-0.5131596585864935
1719,-0.707602419991531,-0.35400684252024917,-0.707602419991531,256,0.36350875403726945,253,-0.10994397147657331
1720,0.4680911579876579,0.2340886420121535,0.4680911579876579,256,0.46114524771985543,352,-0.22994013043611752
1721,0.44249429391797435,0.2209281129938745,0.4465808423936437,384,0.3622920309217079,400,0.31768698593653955
1722,0.1560391360638107,0.07843215886836674,-0.2407645510919565,416,0.2480190982686281,277,-0.32497338192612185
1723,0.2215281483369722,0.11052744824314686,0.31994282358433423,64,-0.2758793992156825,182,-0.38163160109050737
1724,-0.13120500185706874,-0.06566848256969138,-0.3072420229391497,128,0.24002821200207336,88,0.5111572086081589
1725,-0.011790964069717802,-0.005927405775310035,0.15111855964261167,192,-0.13359758328653015,427,-0.2508626340455647
1726,-0.05650987293776666,-0.02810812403043883,-0.22010000788020534,384,-0.13902156412035538,393,-0.17909526685833124
1727,0.552351351195199,0.2763124266881505,0.552351351195199,256,-0.41154055584766525,226,0.22479993983921057
1728,0.3834779242050672,0.19195688054554694,0.3834779242050672,256,0.38105698328104154,334,-0.7085201848243448
1729,0.19393583534363756,0.0968249131479979,-0.2562569565583317,32,-0.21256158720353824,230,-0.0639052431608764
1730,0.2989790412619868,0.14963498629236938,0.2989790412619868,256,-0.30529223909945813,179,-0.12414758732343041
1731,-0.34392419675305064,-0.1720289164323674,-0.34392419675305064,256,0.38865593726453085,177,-0.22262748437865623
1732,-0.04337346303057643,-0.02145130168457854,0.4485559462908668,128,0.29074260316608047,141,-0.11167378046929437
1733,-0.3527515986446872,-0.17613562234726032,-0.3619072631163931,384,0.2999578960613576,112,0.2839897712998803
1734,0.011144238716013888,0.0058183926976767,0.3041227151990711,128,-0.20477345273012304,121,-0.11152935673845588
1735,-0.21214618342366975,-0.10588721011916391,0.3578786620759047,384,-0.2769212351467445,351,0.05812602841287623
1736,0.18267769621837715,0.09130782127959947,0.18267769621837715,256,0.1822294167960763,309,0.23314761267077663
1737,-0.5643524260026993,-0.28204506545387176,-0.5643524260026993,256,0.4014430332350116,206,0.01359307856926581
1738,-0.08100958325567831,-0.040339374090706315,0.32319627612791635,128,0.27293302764056193,217,-0.14317746318982455
1739,-0.7135993951642376,-0.35700977519650223,-0.7135993951642376,256,0.4600271851447246,209,-0.14006872773201987
1740,0.5071649837539667,0.25367093530016405,0.5071649837539667,256,-0.3776116622218666,113,0.398165015658944
1741,0.3968996817107495,0.1985129297968058,0.3968996817107495,256,-0.3280521911522669,199,0.27725078635549194
1742,-0.2105980049149423,-0.10483555739108397,-0.4704446886161264,128,-0.33170381170845076,396,-0.609865007785787
1743,0.2383847183044736,0.1194160814039833,0.2383847183044736,256,-0.25170810089719,138,-0.5244578034154688
1744,-0.3386974230011788,-0.1696298758824355,-0.3386974230011788,256,0.3087376357148628,201,0.18080215448161208
1745,0.12851111581909436,0.0641953759704279,-0.3590679657183955,480,0.24993395790659179,414,-0.21036744250749795
1746,-0.07124082382028973,-0.03541246674768672,-0.13324808134194654,384,-0.12163043708750365,458,-0.10761203596214153
1747,-0.010754604526880485,-0.005504157251948527,0.3019515839519613,128,-0.17720709574643934,317,-0.21096900885509187
1748,0.3387799084205483,0.1693976455812276,0.3387799084205483,256,0.278627214229914,268,0.0388671934812687
1749,-0.25905133432843286,-0.12900864926959343,-0.25905133432843286,256,0.1908862288236719,246,-0.46060284452497546
1750,-0.7146578569214341,-0.3572495855008242,-0.7146578569214341,256,-0.39514557402105766,329,-0.5035454004334907
1751,-0.7230684364205331,-0.361571802991989,-0.7230684364205331,256,0.5471067779970724,213,-0.4280070784258239
1752,-0.4913332910827535,-0.24571061283018025,-0.4913332910827535,256,-0.35498243816698505,385,-1.031265011444739
1753,-0.33972959227023125,-0.16936550298964903,-0.33972959227023125,256,0.1870516513535847,188,-0.7569974018509653
1754,0.1812265946966818,0.09042602263485833,0.21387176497302107,128,0.1815332168631585,465,0.49204188042047414
1755,0.24270761893788517,0.12155937491041868,0.24270761893788517,256,0.2014446823989715,448,-0.30018550974320474
1756,-0.6193914728297614,-0.309506480553722,-0.6193914728297614,256,0.41507065585068403,231,-0.1576260729217553
1757,-0.3599661275282813,-0.1798384107670472,-0.3599661275282813,256,0.32543030749619106,197,0.06439713928386928
1758,0.22545355291467217,0.11278751671369491,0.22545355291467217,256,-0.18830515929253977,108,-0.28832226634916674
1759,-0.3969091400709317,-0.19902600789919234,-0.3969091400709317,256,0.33875219725436523,117,0.6173868074869266
1760,0.05825878198439227,0.028952569523085003,-0.3667169517377147,384,-0.2459199901222462,178,0.09892170698744773
1761,0.1273066256800064,0.06342766733666849,0.31539597504698236,128,0.20432165458521467,416,0.10820436238459741
1762,0.36541885471888236,0.18254000141064353,0.36541885471888236,256,0.3332356914614252,366,0.3897158031771284
1763,0.6894855102930251,0.34435691335750107,0.6894855102930251,256,0.4170980132004729,347,0.7764151123596464
1764,-0.09927610848569657,-0.05003733083242423,0.17151161760193645,160,-0.1795191287911848,287,0.4630479645467352
1765,-0.2810343173971148,-0.14029382355084863,-0.3241436106839046,320,0.26940662713522556,190,0.26522620946419895
1766,-0.10649133368849562,-0.053161243030814376,-0.38212232989900485,128,0.271125179030264,101,-0.008036341249875192
1767,0.18818477904756037,0.09380053665171317,0.259434768319295,160,0.19615584444062506,354,0.3199544821410165
1768,-0.038008115865665104,-0.01879070828744034,0.6188689874953752,384,0.38484297006448287,149,-0.09056582754938503
1769,-0.39336654215580324,-0.1965338489310966,-0.39336654215580324,256,0.2919708175707285,198,-0.10059349499395517
1770,-0.17660977076766926,-0.08823901587496152,-0.22779530524661595,192,0.18633893316313532,62,-0.17604245617706454
1771,-0.0003085381933374265,0.0002863872283285218,0.1610514406932566,224,0.11729201955387225,354,-0.7831104567718412
1772,0.18371740038020334,0.09178819229680357,0.18726563700272436,128,0.20915534564664995,396,-0.5290777733934786
1773,0.08136321536744617,0.04088927190551317,-0.3142148034630736,384,-0.30041305962524234,214,-0.5777715845463557
1774,-0.06758397918162018,-0.034310466903264114,-0.1843942667413252,32,0.1750539604347523,87,0.21740072424050982
1775,-0.16270789447409584,-0.08088514159041438,-0.2084740548176569,128,-0.19365629880957158,426,-0.31934072217262444
1776,-0.35137262817809756,-0.17573920909092067,-0.35137262817809756,256,0.21765895994727202,127,-0.18837006441586912
1777,-0.0651289554304526,-0.03229691717422156,0.5039159310260288,384,0.32368635397045864,173,-0.32002781043580075
1778,-0.2234155131405089,-0.11172337999656179,-0.4176146965329508,64,-0.29108684574885046,323,0.5894204986981939
1779,-0.8066258805129678,-0.4031544154686344,-0.8066258805129678,256,0.4436203566551171,238,-0.16987333341764238
1780,0.15607263852547248,0.07783996367066948,-0.265886657873196,128,-0.21028756653774394,194,0.115332710471989
1781,1.3237840897373587,0.6619339983499515,1.3237840897373587,256,0.7285303332553212,282,-0.23914950037735716
1782,-0.014920763336760956,-0.007535230028167916,-0.3014893927864364,192,0.27084420949074683,59,-0.11868952398119556
1783,0.4158498393990442,0.2073142049918033,0.4158498393990442,256,-0.3416149129658095,232,0.8621582736246505
1784,0.21466121401115856,0.10729894466646783,0.21466121401115856,256,-0.18730509352980107,114,-0.3822600183507456
1785,0.2739962946349692,0.13734481642902097,-0.3849205802243887,384,-0.34179337732328463,152,-0.7299155772018298
1786,-0.14763284164087054,-0.07367229322753133,-0.16365142661055643,64,0.15644250736762366,11,-0.2149946628089185
1787,-0.2558923056268725,-0.12807703631634126,-0.421888067147961,320,0.3398332988584798,191,-0.22342155701195926
1788,0.030431249444404784,0.015015468084754957,0.2340063832295982,384,0.19200785460844827,453,0.3679406749195455
1789,0.3421207611438888,0.17183181512424994,0.3421207611438888,256,-0.26279554482437106,224,-1.1188765844550395
1790,-0.07092699508805822,-0.03624618706584215,0.3048747317154721,384,0.2423986105956999,155,0.5700930220482825
1791,0.11406551791182551,0.056851655232264875,0.14850094648443246,224,-0.14837122131491753,92,-0.34014765443709655
1792,0.23382912751151252,0.11700225832638012,0.23382912751151252,256,0.21362172344203145,325,-0.0968734015980551
1793,0.5066076809502817,0.2535410312635804,0.5066076809502817,256,-0.30729254559139463,224,-0.16483109766873139
1794,0.24248303081012068,0.12167914124853496,-0.4246022591091787,128,0.3305554669694857,367,-0.011410572522739415
1795,0.32628111740615395,0.16295419651777365,-0.6329131007114484,384,-0.49850015500544487,140,0.34414304454938555
1796,-0.0579087790720223,-0.028863573586733082,-0.22006992496800137,128,-0.19329555007016097,422,-0.15403964560741618
1797,0.06303266457410928,0.031658884906249796,0.38625156305081987,128,-0.21854382504997716,126,0.4764962310220514
1798,-0.30021406816780427,-0.1501872047684003,-0.30021406816780427,256,-0.203903544086927,347,0.4041316221103893
1799,0.1168664470607439,0.05873799657666723,-0.2567291283871782,384,-0.16480318721130516,133,-0.582328857454522
1800,-0.4781940024079745,-0.2395739999919897,-0.4781940024079745,256,0.26650959317481693,227,0.705992499148872
1801,0.3398070216987037,0.1694082081543229,0.3398070216987037,256,0.19339595891079853,420,0.7718632299622703
1802,-0.7815210221965572,-0.39168099526108335,-0.7815210221965572,256,-0.48944618134089524,263,0.9916039459426822
1803,-0.3557840226666258,-0.1776909413655403,-0.3557840226666258,256,0.3337483059833062,218,-0.24341213959652303
1804,0.14007463409066645,0.07082125728570077,-0.2986673647188809,320,0.20663109454449113,312,-0.9080444137227928
1805,0.0507652734676185,0.02517292525681114,0.537031446884896,384,0.34448874483928194,402,-0.019360807579771433
1806,0.40676112147963295,0.2035609963562024,0.40676112147963295,256,0.30021733317107646,324,0.4434486665144584
1807,-0.039130449737115214,-0.019352896882708137,-0.3808363439304401,128,0.21226417816330923,117,-0.42347494293668164
1808,-0.443003935730502,-0.2209708274613149,-0.443003935730502,256,0.32534591801100987,233,-0.1768177861652867
1809,0.08458152528223195,0.04224578747891883,-0.15706727569079248,384,0.1760855983340548,284,0.14562151962812525
1810,0.29789790072106825,0.14871411569799875,0.29789790072106825,256,-0.14871411569799875,255,-0.00035389550923550783
1811,-0.31087219539065813,-0.15446087743720227,-0.327698936222248,128,-0.2834867331709461,388,-0.8776091451186157
1812,-0.34162903214217977,-0.17103915436351258,-0.34162903214217977,256,0.26161105144456087,175,0.2238183987420672
1813,0.16900045990209378,0.08448095938945244,0.22368521678035336,128,0.17826250950537315,385,0.05618151786270814
1814,-0.02636686911617403,-0.01265006542610081,-0.11374566553708121,32,0.09243973287505014,158,-0.7854545849614942
1815,-0.13074155210210847,-0.06566519446340635,-0.20995350560282589,128,0.21842543776999435,113,0.22135940311327063
1816,-0.3336281130299028,-0.16709028389885816,-0.3336281130299028,256,0.2704648061616126,230,0.17600025155293603
1817,-0.1432616845442567,-0.07188258102860345,0.3212709315131832,128,0.3015340132063784,210,0.12026179654691768
1818,0.0977309717423509,0.04871143908087561,0.0977309717423509,256,0.14791617712893412,363,-0.2544813795097205
1819,-0.4050456258248687,-0.20297384025502652,-0.4050456258248687,256,0.21517062211856341,239,0.8743364220882262
1820,-0.05650606694567273,-0.028164658824636035,-0.18141023485168262,384,-0.14028277064539907,459,-0.21833671581346448
1821,-0.3086925935135696,-0.15421039209647347,-0.3086925935135696,256,0.20806234830843096,167,0.314860180588561
1822,-0.2013666997889061,-0.10087304971995081,-0.2013666997889061,256,0.19467309225458962,210,-0.40661831859261904
1823,0.6181631540311514,0.3092206898439258,0.6181631540311514,256,0.34901409564258756,264,-1.0323788142395147
1824,-0.18463903236809642,-0.09216118990525501,-0.18463903236809642,256,-0.16502261266629148,271,0.073876691088587
1825,-0.7183667991349978,-0.35957443801606814,-0.7183667991349978,256,0.4607346211863046,220,0.19523692397304585
1826,0.10682970516680257,0.05328773539275744,-0.23840664692505698,384,0.2872835697960454,306,0.1879791746773643
1827,0.1914231335670138,0.09484884312752229,0.1914231335670138,256,-0.19635123554030542,165,0.7523475720142524
1828,-0.09167348896747285,-0.04621347857624869,0.19116693226715853,32,0.2191875296924337,107,-0.2699267862396683
1829,0.011431580031626254,0.005559174207576234,0.21799968448874552,64,0.1957932997697185,485,0.2803427342336777
1830,0.41146978319846994,0.20559536868057648,0.4325131302322802,128,0.31891472653774144,384,0.8011820395564868
1831,-0.04412986530715557,-0.022719842948959013,0.27321003971053415,288,0.23432571943899916,170,1.239773415316555
1832,-0.20068606800253974,-0.10040317185342928,-0.2510151604362818,448,0.20871370752812624,37,0.08420470050381836
1833,-0.9430903343522061,-0.47181576937336445,-0.9430903343522061,256,-0.4837348010200344,257,0.2627681230912171
1834,-0.13761296710873694,-0.06873345773377082,-0.35028235387575535,128,0.2588829888410942,115,0.08432468475983378
1835,-0.019769198343055905,-0.00957143007028094,0.24337979793439501,96,0.20116381247098047,173,-0.5260062186872134
1836,-0.01981474002775485,-0.009789421233620033,-0.09598033951684215,160,0.1261478128526079,83,-0.002977674008912551
1837,-0.1612458504100971,-0.08104015160728295,0.25199231903349073,320,0.2352263849128633,203,0.6197965648314328
1838,-0.13074120626839658,-0.06524165564664486,0.22823233500514561,320,0.1722411687702703,84,0.022767000092206724
1839,0.1311829859913871,0.06533719361004842,-0.22987948116366397,320,0.2200298884208678,444,-0.35137527977700034
1840,0.4380415475970665,0.2191633839738074,0.4380415475970665,256,-0.34383689964209907,218,0.2655032066427091
1841,0.23577908594171504,0.11753228586962905,-0.2366603630666333,128,0.2533002807807634,367,0.17372961968400785
1842,0.14766270696264883,0.07378718905505366,0.45030911993001155,128,0.28671360766458065,396,0.5274609722074166
1843,0.1341152775032981,0.06735793619040464,-0.286626658906755,320,0.24190367260678158,313,-0.2343804879255872
1844,-0.09660366530036413,-0.04874581701699299,0.10480600529825779,384,0.13921716586983734,145,-0.11489400649114823
1845,-0.08648053845874415,-0.042674096128763495,-0.19185074673100644,496,0.20518223183168516,141,-0.7151184773049578
1846,0.4394433167418015,0.21945010215046068,0.4394433167418015,256,0.35808127926588895,312,0.38719466286264104
1847,-0.40939090184505744,-0.204050706571536,-0.40939090184505744,256,0.26488841875197977,215,-0.8113547638175737
1848,0.3249097107049579,0.16257817158680155,0.344943819729977,64,-0.3096322021775677,188,-0.006269429672240395
1849,-0.49831753666964573,-0.2492414600413042,-0.49831753666964573,256,0.37193187228434965,110,-0.13256040464114507
1850,-0.07019635965548332,-0.035163153866164976,-0.1999049088695415,384,0.16603587413820264,122,-0.005837858791890249
1851,0.3418684225732136,0.17054274618919862,0.3418684225732136,256,-0.2907036783799981,153,0.3861411834397437
1852,0.2846695295981192,0.14221550446052333,0.2846695295981192,256,-0.2790455137166816,174,0.3057599789739447
1853,0.35238790044084567,0.17560777784251513,0.35238790044084567,256,-0.2764386197894311,90,0.3582109925996756
1854,-0.2902371978781275,-0.14533069679168875,0.35566358961017386,384,0.354478961995909,209,0.7139987590707717
1855,-0.5162880943120456,-0.2581962207235904,-0.5162880943120456,256,0.25940065315344896,247,0.03256759305140544
1856,-0.4474800061901476,-0.2238390759135882,-0.4474800061901476,256,-0.33924799416740825,403,-0.260547981890933
1857,-0.21048150274083355,-0.10493360663227236,0.2339819499621001,128,0.2485676145548723,168,0.23465954122864674
1858,-0.4711049937145333,-0.23539746224963665,-0.5490798842212143,384,0.5066703291256829,104,0.5045641071978408
1859,0.12462453376505778,0.0621985091650572,-0.1526789910807409,64,-0.16924214771836432,198,-0.2668512919362174
1860,0.07440546440369644,0.036762743117719765,0.17598354538728245,128,0.20190406380953618,422,0.830273261275021
1861,0.06310235992688717,0.03107310269035679,-0.13748949664770294,128,0.14422734643255808,304,0.7336266551952454
1862,-0.6078125823989637,-0.30391889299298214,-0.6078125823989637,256,0.375029053508797,207,0.09689340025518473
1863,-0.2309844060402213,-0.11531744756956641,0.2582571144575354,64,0.23766508363264904,81,-0.52161448214576
1864,-0.059778676934570285,-0.03006289785895433,0.10719029899530597,336,0.11624771739563045,53,0.5553517780728844
1865,-0.6443391569135031,-0.32199761609012967,-0.6443391569135031,256,0.3903983488754079,220,-0.7328973446278798
1866,0.11184970626220547,0.0566336399874956,0.2653628461554547,128,0.23540339759205153,398,-0.1035276879998478
1867,-0.05067509643561152,-0.025529244019992348,0.07203907204311122,224,0.070939891534465,232,-0.023618558546184498
1868,-0.14727374591285525,-0.07392383946159953,-0.5122636801571616,384,0.31857186545767036,91,0.41557604063035436
1869,-0.0909400848452151,-0.044669259050692744,-0.22808130554450656,96,0.19863647809091844,214,-0.818112649817046
1870,0.3818405749276508,0.19119966873037697,0.3818405749276508,256,0.2501914848359661,270,-0.6970539601840222
1871,-0.18003952757067054,-0.08960058265341786,-0.18003952757067054,256,0.2436352451003927,148,-0.8138807369973876
1872,-0.17486225266281963,-0.08780043124482972,-0.17486225266281963,256,0.18504170703545242,158,0.49028304568636566
1873,0.12269470118070558,0.061597931636669045,0.3358714708496109,320,-0.27507922481100877,174,0.06173343161751699
1874,0.25567939497040015,0.12801203254247184,0.377695748291913,128,-0.2530262254744571,127,-0.6573926267413748
1875,-0.1702934588747098,-0.08501160753917247,-0.4351317914639026,384,0.2828060133899726,123,-0.1355435906023965
1876,0.3182996310052886,0.15914882535827246,0.3182996310052886,256,0.3266361519576435,299,-0.13138004493347133
1877,0.4349379728879512,0.2171024122044969,0.4349379728879512,256,0.3259338885762304,278,-0.07180196632331909
1878,0.20800945505297364,0.10391831277524943,0.6287064475314992,384,0.38363651671198795,390,-0.06357862078889044
1879,-0.6512080206437645,-0.32527227663089775,-0.6512080206437645,256,0.4588027296618691,221,0.16797591570357684
1880,0.34172366042812996,0.1702192266413931,0.34172366042812996,256,-0.2504402508572525,184,0.4920889106068929
1881,-0.04371267152254177,-0.02187326453889682,-0.1297993401694839,192,0.14430369657644349,57,-0.6069122313580979
1882,-0.08186108691663208,-0.04028927287700412,-0.19603043092894268,192,0.16845362467294223,55,-0.30186563956981305
1883,-0.08233240583842871,-0.0407261694213048,0.33425808419090686,128,0.23674852761405418,166,-0.359509261164747
1884,-0.25061507580417697,-0.12519670640477898,-0.6542967642813835,128,0.3896359038458286,127,-0.19983692874069175
1885,-0.3140643607615061,-0.15717058273082785,0.34264462386475003,64,0.31725359538515363,200,-0.009328086043878497
1886,0.4125033146578403,0.20609833133755728,0.4125033146578403,256,-0.3083747693168277,236,0.07020434913352672
1887,0.6815472499186512,0.3406783104949227,0.6815472499186512,256,-0.3572975038727577,250,0.7035994926986203
1888,0.12480898249165762,0.06227507560242884,0.234263430640965,224,-0.2338067618705395,218,-0.6824748641185396
1889,0.10067128907834899,0.05077917511792407,0.2492164247715607,192,-0.22989290375682003,181,-0.4382578909188498
1890,-0.5324208183587871,-0.2658716203231677,-0.5324208183587871,256,0.40106825944238267,212,-0.0948088270008603
1891,0.3089494524577958,0.15447844037691993,0.36663327624351894,64,0.3111240211745212,456,0.4054761703080561
1892,0.22468583204545212,0.11262958392620703,-0.3069188311549169,128,-0.29699262044994157,172,-0.252403344112677
1893,-0.10265015539468436,-0.051870158184101456,0.3304934363225698,192,-0.30313727902773735,317,0.9725675480924124
1894,0.4312090158089177,0.21501082388812165,0.4388356983916495,64,-0.3293900117412818,190,0.6659394724062513
1895,0.15873748459887338,0.07900559218194303,0.2973692798815364,448,-0.26455275332816086,172,0.3323239464299565
1896,-0.690616724512978,-0.34568918252557523,-0.690616724512978,256,-0.4768957650926495,386,-0.029966493720264387
1897,0.13872100754952044,0.0695281620079129,0.3327555582641253,96,-0.24419675583226308,31,-0.14711396842907587
1898,0.22945132297894588,0.11466770480592459,-0.43899292003226265,448,0.327099653555706,431,-0.623320279732665
1899,0.18558423472524055,0.09281238121013757,0.18558423472524055,256,-0.1405761329993993,189,-0.20368224436094876
1900,-0.014819235041841239,-0.006987920876326825,0.28823479804795227,64,0.16430121431324096,208,-0.21680572356592914
1901,0.035152192629823276,0.0173884034340972,0.07768867390933565,320,0.08636383113270085,474,0.09107650016846802
1902,0.4395655101924376,0.2195816682893792,0.4395655101924376,256,0.26790847128654605,296,0.16160877172741459
1903,-0.10722978835300978,-0.05387134224577039,0.2530743493636862,128,-0.19961582689421675,348,-0.3039688175078849
1904,0.09908495261137773,0.04947410118586504,-0.36288721903520127,128,0.3127482754476887,352,0.6222254976415078
1905,-0.013767056457140825,-0.0062530405045606585,0.23308016919742158,192,-0.1714940242233638,319,-0.3071895847335263
1906,0.4235736877808165,0.21201522009806695,0.4235736877808165,256,-0.2754020353090709,116,-0.1537999916970182
1907,0.520271198667217,0.2600508561666288,0.520271198667217,256,0.43935779699148725,324,0.08145660867924172
1908,-0.10751692221046483,-0.05331659012315981,0.11739933822252624,32,0.1306050224975479,240,-0.25726268728392476
1909,0.18574231046750356,0.09289581886193332,0.18574231046750356,256,0.21536385117377677,298,-0.19860888360430962
1910,-0.22108002351723144,-0.110369514604713,-0.22108002351723144,256,0.1766290810717237,177,-0.020822162810278544
1911,0.4423233409999341,0.2212415768267988,0.4423233409999341,256,-0.29926666843846306,220,-0.14554353238269804
1912,0.09349533563116097,0.04620977711232399,-0.3310561493184707,128,0.2244719489340241,376,0.8972628466023891
1913,-0.06361062029191089,-0.031940706002615116,0.12713671209127142,416,0.11025474797241941,161,0.011413964341310784
1914,-0.3854104958205369,-0.19298668972587052,-0.3854104958205369,256,0.235409631357129,199,0.11386356943033785
1915,0.30952323693210815,0.15519713056687579,-0.5876028038084087,192,-0.42328180948845784,198,-0.5396867757855411
1916,-0.011232952863565515,-0.0052790935334883216,-0.4111057154353688,128,0.327928858979206,101,-0.811865808487046
1917,0.15772326395958203,0.07922879380856784,-0.16130789881920293,128,-0.22302966133821656,185,0.5062412858528674
1918,-0.0694978702518938,-0.03491010026203867,-0.33769437506640543,384,0.26338225240428415,111,-0.18144006042091868
1919,0.18101220748553715,0.09064069738201397,-0.20468932998342382,128,0.2674324228298701,340,0.14377342066927828
1920,0.4192240966503391,0.2097560253072288,0.4192240966503391,256,-0.25817640587069945,246,0.09718902672674498
1921,-0.02594566052778191,-0.012781272754097017,0.11130766575899997,288,0.13527913375460798,105,-0.7240008513759745
1922,0.0688637408667887,0.034547716813392526,-0.12924921650215992,184,-0.11883873933885525,216,-0.1132853294581656
1923,0.5443222487122057,0.272176345210454,0.5443222487122057,256,0.29244773291935644,280,-0.487396381183736
1924,-0.2290120244509808,-0.11474021152571368,-0.2290120244509808,256,0.20636393625974847,191,0.4417631825882248
1925,0.02265720075001809,0.011305550096949446,0.32871648082226557,192,0.23380301547263116,324,0.12175365916119496
1926,0.11489291389364098,0.05751692057944524,0.252222762879569,128,-0.15579282286921625,123,0.04535384286897634
1927,0.0970850793542013,0.048995693904146265,-0.21519038998644646,384,-0.2759248921460937,172,-1.4114802335090109
1928,-0.1513884582415983,-0.07542388790139398,-0.1513884582415983,256,-0.1341751870685357,287,-0.5841798311699566
1929,0.09036681563378579,0.04548082200153658,-0.16537485426883336,128,-0.23885175713050444,150,-0.40077585809066935
1930,-0.528650352003865,-0.26448248285396403,-0.528650352003865,256,0.33153024169399714,210,0.30128931038881046
1931,0.24828430871667706,0.12412708929628025,-0.5413423300185656,128,-0.3735838283314763,137,0.09828271118469353
1932,-0.3615252379879621,-0.18075850856891407,-0.3615252379879621,256,0.2269059669496869,248,-0.04164447809478107
1933,-0.4799994756553758,-0.2396491415874209,-0.4799994756553758,256,0.2995512235269757,231,-0.3749589658082926
1934,-0.6838530911289524,-0.3413112847269417,-0.6838530911289524,256,-0.3501955247642172,264,0.009583699015622615
1935,0.402798347401756,0.20117380441229216,0.402798347401756,256,-0.2970566197253248,111,-0.27634744359844027
1936,-0.11855436930295582,-0.05945171584846776,-0.11855436930295582,256,0.10906036481186732,71,0.47537843522480927
1937,-0.6393349177631933,-0.3193940402512965,-0.6393349177631933,256,0.390846426837129,184,0.10992004898214836
1938,-0.3055920714018896,-0.15253519247792724,-0.3055920714018896,256,0.26145566670786025,180,-0.21282530906706548
1939,-0.05780280728828302,-0.029304733301728447,-0.16689791866110681,64,-0.17201398807264923,467,1.1626379662396678
1940,0.04580750320417337,0.02291915163064573,0.08799337149879705,128,-0.06596868336225725,124,0.18170173099928089
1941,0.29285333108802547,0.1469962521567254,0.29285333108802547,256,-0.255169184294914,158,-0.4528576503217603
1942,-0.24694297163460988,-0.12345371817914952,0.3825765984288978,128,0.3143303572867353,158,-0.16555714275062808
1943,0.0272798585506564,0.013463138878648806,0.09782506177077721,384,0.10349033436273203,418,0.15771329093365077
1944,-0.27664412134950567,-0.1380063268001379,-0.31994253958094987,384,0.2363885499275824,125,-0.5977076022372615
1945,0.3898946665234462,0.1950502410921615,0.3898946665234462,256,-0.2944312793826782,149,-0.5833154609221177
1946,0.11098309710564536,0.05555468659176199,-0.5610614007659507,128,0.3709103926425996,359,-0.22039680312528692
1947,-0.44069522180390663,-0.2205425121573228,-0.44069522180390663,256,0.29399937941684584,234,0.5855577155737769
1948,0.1363701367746728,0.0680877456449025,-0.2646580194426349,64,-0.2036852440038217,192,-0.4116128992950111
1949,0.015585665547689587,0.00797262399481724,0.1803236963027075,128,0.12226259530734751,456,0.16730706298115613
1950,-0.37372542565321965,-0.18675587892465728,-0.37372542565321965,256,0.3475145044475596,113,0.4707145028320578
1951,-0.5010751413070977,-0.2498999611032673,0.6094794345505363,128,0.4417275774886207,199,-0.30121208892252943
1952,-0.05670958643077029,-0.028464785896574085,0.27734945145448364,320,0.3216009726913285,75,0.36159665921333706
1953,0.5740106297407692,0.28722435621040177,0.5740106297407692,256,0.3504769313627776,263,-0.03976584623286822
1954,-0.19394735257648676,-0.09675918563607411,0.35037465512107246,128,0.2956211029104736,195,-0.3661636941716745
1955,-0.24735137351197523,-0.12343460718852839,-0.24735137351197523,256,0.20935665727878927,234,0.039216457128197546
1956,0.06305075953849837,0.0319973632766164,-0.21473046184905797,384,-0.27650335998572473,172,-0.5844537121980711
1957,-0.05957624947205886,-0.029570804876868806,0.15856535563847274,384,0.12093526054539439,196,-0.9053582500341251
1958,-0.4858421670838311,-0.24280128323948702,-0.4858421670838311,256,-0.4034653257053833,309,-0.1943502286447477
1959,-0.26686820293070923,-0.1337393498909023,-0.26686820293070923,256,0.27792002295808516,195,-0.10547913310824558
1960,0.04583161260151769,0.023464092385950153,0.11111877833744188,192,-0.10908867068718564,179,-0.42626199571765583
1961,0.057949091188021384,0.029425423727303723,-0.32162921281225465,128,0.32833172824723533,340,0.24674727222672477
1962,0.24284806116975233,0.12092421863638947,0.24284806116975233,256,0.1433319209719457,384,0.35898854512951983
1963,0.07366906313745858,0.036576359807270364,0.2227044142994714,288,-0.1951680019655555,91,0.17901868240011104
1964,0.13821677187581827,0.06928643251112021,0.13821677187581827,256,-0.15449453546449377,211,0.02927516911714262
1965,0.8169984104613377,0.408503494090354,0.8169984104613377,256,-0.5267427496591495,242,0.2042857399566968
1966,0.03367864204778925,0.016464384884784522,0.10172728831400946,28,-0.13849359929741922,203,-0.36443147554774635
1967,-0.37320277421878245,-0.18679797755626737,-0.37320277421878245,256,0.2250688744088336,57,0.34258039479107216
1968,0.6153680545691032,0.3076605714047105,0.6153680545691032,256,0.3709029807593538,332,-0.09434258687404899
1969,-0.2522344951599962,-0.12639803796747628,-0.2522344951599962,256,0.2964078355465176,107,0.40886386998418023
1970,-0.059910764784035564,-0.030035006036200684,-0.1594322337145968,192,0.15838643751741444,43,-0.15841071920251265
1971,-0.09808326973879389,-0.048992523826626666,0.3541212463712782,128,0.301264734965514,156,-0.7125244934946249
1972,-0.346645469170511,-0.17303457079390228,-0.346645469170511,256,0.2759459006024372,182,-0.45028039555959665
1973,-0.5341355556262215,-0.2669946331889719,-0.5341355556262215,256,0.3296265139339596,230,-0.22020079025526812
1974,0.446266375207756,0.22257349359620093,0.446266375207756,256,-0.36631502419453454,154,0.7811690855394701
1975,0.094462076561598,0.046727797484322764,0.12596051008284803,480,0.11965962786752016,419,-0.14964731152223698
1976,-0.8306576823694911,-0.4155622201032827,-0.8306576823694911,256,0.44133069797209146,219,0.5901098432415112
1977,0.3702093053292117,0.1853610983159797,-0.38554685338178274,128,0.3712262527736243,372,-0.6632107506430645
1978,-0.02643805987020187,-0.01305126069206608,0.25102633212230785,448,-0.18662448253940056,441,-0.6669955665710906
1979,0.39239851722430785,0.19582151888880617,0.39239851722430785,256,0.31500916682659863,359,0.004631481963375428
1980,0.4213462340973706,0.21090389621170402,0.4213462340973706,256,0.31410569405198885,412,-0.5957781647229143
1981,0.14656543867542382,0.0730556861436753,0.2567042248453504,320,0.2382389294525069,467,0.15038493732627112
1982,-0.8113675418654793,-0.40503933506067824,-0.8113675418654793,256,0.47898210976464384,237,-0.28267543024418207
1983,0.1402867729044317,0.07068624770059273,0.31041633422188397,128,-0.22505676863421087,55,-0.5759351032732478
1984,-0.0016501944522815393,-0.001201574967126362,0.12542178894761946,288,0.13771313436935628,34,-0.5022553355513137
1985,-0.45539213176067506,-0.2275282664871554,-0.45539213176067506,256,0.39372951339100837,108,-0.3758398882497068
1986,-0.04017885634294771,-0.01927550736618855,-0.4251499085979731,384,0.2778137420510802,118,-0.5293284344279253
1987,0.24561041425931762,0.12270708039056899,-0.25312981400259105,192,-0.31320594829205106,194,0.0366517862834448
1988,0.4486616344219385,0.22458642224196979,0.4486616344219385,256,-0.2705583744669866,175,-0.8535149304391942
1989,-0.2663514982487243,-0.1329154856571222,-0.2663514982487243,256,0.23621111153261154,175,-0.7059577127243937
1990,-0.3800386188499374,-0.1899241862934673,-0.3800386188499374,256,0.2930597611685357,230,0.0931278539860548
1991,-0.05838570204591065,-0.02906947811308669,-0.2833241803141391,320,0.24075318017072078,47,0.11691986498852452
1992,-0.4217251948765295,-0.21064254177085218,-0.4217251948765295,256,-0.3577500203213617,271,-0.2331575352454393
1993,-0.5208507654429582,-0.26059563560704646,-0.5208507654429582,256,-0.2877203597876701,257,0.3240979515678932
1994,0.8198146488010707,0.4095078131223886,0.8198146488010707,256,0.41994040624877016,257,0.3129438585677575
1995,0.4013244994979459,0.2002186940201227,0.4013244994979459,256,-0.2801331077155851,248,0.8565474312111816
1996,-0.5992075088749687,-0.3002141024136904,-0.5992075088749687,256,0.31861517106369774,251,0.4389622818717951
1997,-0.10329644157371831,-0.051324181869517815,-0.13085116518720952,320,0.19022519276049366,176,-0.5169434657970307
1998,0.396284818822096,0.19793699036227963,0.396284818822096,256,0.33373479810830986,356,0.8299220542191273
1999,0.30937696104166434,0.15466704638657802,-0.5071630676608834,128,0.3734354130922384,374,-0.38585447055347866
