
Note: No compatibility mode selected!


Circuit: * adc-enob-fft @ tt_125c_2.97v -- generated by sim/harness, do not edit

Reducing trtol to 1 for xspice 'A' devices
Doing analysis at TEMP = 125.000000 and TNOM = 27.000000

Using SPARSE 1.3 as Direct Linear Solver

Initial Transient Solution
--------------------------

Node                                   Voltage
----                                   -------
clk                                          0
cmpclk                                       0
cmpclkb                                   2.97
vddt                                      2.97
vddd                                      2.97
vddc                                      2.97
vrefs                                     2.97
vrefn                                     2.97
vcmn                                     1.485
se_vinp                                  1.485
se_vinn                                  1.485
se_start                                     0
se_mode                                      0
se_cmp                                 1.23664
se_samp_tp_n                                 0
se_sel_in_n                                  0
se_drdy                                   2.97
se_c9                                        0
se_c8                                        0
se_c7                                        0
se_c6                                        0
se_c5                                        0
se_c4                                        0
se_c3                                        0
se_c2                                        0
se_c1                                        0
se_c0                                        0
se_rel_n_256p                             2.97
se_sel_hi_n_256p                             0
se_sel_lo_n_256p                             0
se_rel_n_128p                             2.97
se_sel_hi_n_128p                             0
se_sel_lo_n_128p                             0
se_rel_n_64p                              2.97
se_sel_hi_n_64p                              0
se_sel_lo_n_64p                              0
se_rel_n_32p                              2.97
se_sel_hi_n_32p                              0
se_sel_lo_n_32p                              0
se_rel_n_16p                              2.97
se_sel_hi_n_16p                              0
se_sel_lo_n_16p                              0
se_rel_n_8p                               2.97
se_sel_hi_n_8p                               0
se_sel_lo_n_8p                               0
se_rel_n_4p                               2.97
se_sel_hi_n_4p                               0
se_sel_lo_n_4p                               0
se_rel_n_2p                               2.97
se_sel_hi_n_2p                               0
se_sel_lo_n_2p                               0
se_rel_n_1p                               2.97
se_sel_hi_n_1p                               0
se_sel_lo_n_1p                               0
se_rel_n_256n                             2.97
se_sel_hi_n_256n                             0
se_sel_lo_n_256n                             0
se_rel_n_128n                             2.97
se_sel_hi_n_128n                             0
se_sel_lo_n_128n                             0
se_rel_n_64n                              2.97
se_sel_hi_n_64n                              0
se_sel_lo_n_64n                              0
se_rel_n_32n                              2.97
se_sel_hi_n_32n                              0
se_sel_lo_n_32n                              0
se_rel_n_16n                              2.97
se_sel_hi_n_16n                              0
se_sel_lo_n_16n                              0
se_rel_n_8n                               2.97
se_sel_hi_n_8n                               0
se_sel_lo_n_8n                               0
se_rel_n_4n                               2.97
se_sel_hi_n_4n                               0
se_sel_lo_n_4n                               0
se_rel_n_2n                               2.97
se_sel_hi_n_2n                               0
se_sel_lo_n_2n                               0
se_rel_n_1n                               2.97
se_sel_hi_n_1n                               0
se_sel_lo_n_1n                               0
se_pinp                                  1.485
se_pinn                                  1.485
xdut.\$65__t0                             2.97
xdut.sel_in__t0                              0
xdut.vss__t0                       1.26003e-08
xdut.\$27__t2                      1.26267e-08
xdut.rel_256_p__t2                        2.97
xdut.vss__t46                      1.95735e-09
xdut.\$29__t2                             2.97
xdut.hi_256_p__t2                            0
xdut.vss__t45                      1.22525e-08
xdut.\$9__t2                              2.97
xdut.lo_256_p__t2                            0
xdut.vss__t44                      1.20786e-08
xdut.vinp__t0                            1.485
xdut.sel_in__t1                              0
xdut.\$10__t0                            1.485
xdut.vcm__t27                            1.485
xdut.rel_256_p__t1                        2.97
xdut.\$10__t262                          1.485
xdut.vref__t21                            2.97
xdut.hi_256_p__t1                            0
xdut.\$10__t261                          1.485
xdut.vss__t24                      7.51514e-08
xdut.lo_256_p__t1                            0
xdut.\$10__t263                          1.485
xdut.\$67__t2                             2.97
xdut.sel_in__t50                             0
xdut.vss__t94                      9.74768e-09
xdut.\$31__t2                      1.21774e-08
xdut.rel_128_p__t2                        2.97
xdut.vss__t109                     1.50809e-09
xdut.\$33__t2                             2.97
xdut.hi_128_p__t2                            0
xdut.vss__t96                      9.40085e-09
xdut.\$11__t2                             2.97
xdut.lo_128_p__t2                            0
xdut.vss__t99                      9.22751e-09
xdut.vinp__t12                           1.485
xdut.sel_in__t25                             0
xdut.\$12__t132                          1.485
xdut.vcm__t30                            1.485
xdut.rel_128_p__t1                        2.97
xdut.\$12__t133                          1.485
xdut.vref__t23                            2.97
xdut.hi_128_p__t1                            0
xdut.\$12__t134                          1.485
xdut.vss__t25                      5.63052e-08
xdut.lo_128_p__t1                            0
xdut.\$12__t135                          1.485
xdut.\$69__t2                             2.97
xdut.sel_in__t52                             0
xdut.vss__t102                     6.90765e-09
xdut.\$35__t2                      1.17302e-08
xdut.rel_64_p__t2                         2.97
xdut.vss__t103                     1.06094e-09
xdut.\$37__t2                             2.97
xdut.hi_64_p__t2                             0
xdut.vss__t104                     6.56339e-09
xdut.\$13__t2                             2.97
xdut.lo_64_p__t2                             0
xdut.vss__t105                     6.39147e-09
xdut.vinp__t13                           1.485
xdut.sel_in__t26                             0
xdut.\$14__t68                           1.485
xdut.vcm__t31                            1.485
xdut.rel_64_p__t1                         2.97
xdut.\$14__t69                           1.485
xdut.vref__t32                            2.97
xdut.hi_64_p__t1                             0
xdut.\$14__t71                           1.485
xdut.vss__t29                      3.75506e-08
xdut.lo_64_p__t1                             0
xdut.\$14__t70                           1.485
xdut.\$71__t2                             2.97
xdut.sel_in__t46                             0
xdut.vss__t76                      4.10658e-09
xdut.\$39__t2                      1.12898e-08
xdut.rel_32_p__t2                         2.97
xdut.vss__t75                      6.20469e-10
xdut.\$41__t2                             2.97
xdut.hi_32_p__t2                             0
xdut.vss__t65                      3.77228e-09
xdut.\$15__t2                             2.97
xdut.lo_32_p__t2                             0
xdut.vss__t70                       3.6062e-09
xdut.vinp__t16                           1.485
xdut.sel_in__t31                             0
xdut.\$16__t37                           1.485
xdut.vcm__t35                            1.485
xdut.rel_32_p__t1                         2.97
xdut.\$16__t38                           1.485
xdut.vref__t30                            2.97
xdut.hi_32_p__t1                             0
xdut.\$16__t39                           1.485
xdut.vss__t28                      1.91583e-08
xdut.lo_32_p__t1                             0
xdut.\$16__t36                           1.485
xdut.\$73__t2                             2.97
xdut.sel_in__t45                             0
xdut.vss__t71                      1.56922e-09
xdut.\$43__t2                      1.08985e-08
xdut.rel_16_p__t2                         2.97
xdut.vss__t72                      2.29172e-10
xdut.\$45__t2                             2.97
xdut.hi_16_p__t2                             0
xdut.vss__t73                      1.35357e-09
xdut.\$17__t2                             2.97
xdut.lo_16_p__t2                             0
xdut.vss__t74                      1.26828e-09
xdut.vinp__t17                           1.485
xdut.sel_in__t32                             0
xdut.\$18__t23                           1.485
xdut.vcm__t33                            1.485
xdut.rel_16_p__t1                         2.97
xdut.\$18__t20                           1.485
xdut.vref__t29                            2.97
xdut.hi_16_p__t1                             0
xdut.\$18__t21                           1.485
xdut.vss__t32                      6.42287e-09
xdut.lo_16_p__t1                             0
xdut.\$18__t22                           1.485
xdut.\$75__t2                             2.97
xdut.sel_in__t38                             0
xdut.vss__t41                      2.12388e-09
xdut.\$47__t2                      1.10274e-08
xdut.rel_8_p__t2                          2.97
xdut.vss__t67                       3.5805e-10
xdut.\$49__t2                             2.97
xdut.hi_8_p__t2                              0
xdut.vss__t83                      2.42574e-09
xdut.\$19__t2                             2.97
xdut.lo_8_p__t2                              0
xdut.vss__t38                      2.58116e-09
xdut.vinp__t11                           1.485
xdut.sel_in__t24                             0
xdut.\$20__t12                           1.485
xdut.vcm__t26                            1.485
xdut.rel_8_p__t1                          2.97
xdut.\$20__t13                           1.485
xdut.vref__t20                            2.97
xdut.hi_8_p__t1                              0
xdut.\$20__t14                           1.485
xdut.vss__t22                      2.08012e-08
xdut.lo_8_p__t1                              0
xdut.\$20__t15                           1.485
xdut.\$77__t2                             2.97
xdut.sel_in__t51                             0
xdut.vss__t101                     4.79681e-09
xdut.\$51__t2                      1.14516e-08
xdut.rel_4_p__t2                          2.97
xdut.vss__t100                     7.82317e-10
xdut.\$53__t2                             2.97
xdut.hi_4_p__t2                              0
xdut.vss__t98                      5.13676e-09
xdut.\$21__t2                             2.97
xdut.lo_4_p__t2                              0
xdut.vss__t97                      5.30719e-09
xdut.vinp__t14                           1.485
xdut.sel_in__t28                             0
xdut.\$22__t11                           1.485
xdut.vcm__t28                            1.485
xdut.rel_4_p__t1                          2.97
xdut.\$22__t10                           1.485
xdut.vref__t22                            2.97
xdut.hi_4_p__t1                              0
xdut.\$22__t9                            1.485
xdut.vss__t23                      3.92601e-08
xdut.lo_4_p__t1                              0
xdut.\$22__t8                            1.485
xdut.\$79__t2                             2.97
xdut.sel_in__t49                             0
xdut.vss__t93                        7.613e-09
xdut.\$55__t2                      1.18957e-08
xdut.rel_2_p__t2                          2.97
xdut.vss__t92                      1.22637e-09
xdut.\$57__t2                             2.97
xdut.hi_2_p__t2                              0
xdut.vss__t85                      7.95854e-09
xdut.\$23__t2                             2.97
xdut.lo_2_p__t2                              0
xdut.vss__t84                      8.13143e-09
xdut.vinp__t10                           1.485
xdut.sel_in__t23                             0
xdut.\$24__t6                            1.485
xdut.vcm__t32                            1.485
xdut.rel_2_p__t1                          2.97
xdut.\$24__t7                            1.485
xdut.vref__t27                            2.97
xdut.hi_2_p__t1                              0
xdut.\$24__t8                            1.485
xdut.vss__t30                      5.80279e-08
xdut.lo_2_p__t1                              0
xdut.\$24__t9                            1.485
xdut.\$81__t2                             2.97
xdut.sel_in__t39                             0
xdut.vss__t48                      1.04574e-08
xdut.\$59__t2                      1.23438e-08
xdut.rel_1_p__t2                          2.97
xdut.vss__t47                      1.67454e-09
xdut.\$61__t2                             2.97
xdut.hi_1_p__t2                              0
xdut.vss__t43                      1.08046e-08
xdut.\$25__t2                             2.97
xdut.lo_1_p__t2                              0
xdut.vss__t42                      1.09783e-08
xdut.vinp__t15                           1.485
xdut.sel_in__t30                             0
xdut.\$26__t8                            1.485
xdut.vcm__t34                            1.485
xdut.rel_1_p__t1                          2.97
xdut.\$26__t7                            1.485
xdut.vref__t28                            2.97
xdut.hi_1_p__t1                              0
xdut.\$26__t6                            1.485
xdut.vss__t21                      7.68787e-08
xdut.lo_1_p__t1                              0
xdut.\$26__t5                            1.485
xdut.\$83__t2                             2.97
xdut.sel_in__t53                             0
xdut.vss__t107                     1.25754e-08
xdut.\$85__t2                      1.26227e-08
xdut.rel_256_n__t2                        2.97
xdut.vss__t108                     1.95336e-09
xdut.\$87__t2                             2.97
xdut.hi_256_n__t2                            0
xdut.vss__t95                      1.22268e-08
xdut.\$89__t2                             2.97
xdut.lo_256_n__t2                            0
xdut.vss__t55                      1.20526e-08
xdut.vinn__t13                           1.485
xdut.sel_in__t29                             0
xdut.\$90__t261                          1.485
xdut.vcm__t41                            1.485
xdut.rel_256_n__t1                        2.97
xdut.\$90__t263                          1.485
xdut.vref__t26                            2.97
xdut.hi_256_n__t1                            0
xdut.\$90__t260                          1.485
xdut.vss__t31                      7.51713e-08
xdut.lo_256_n__t1                            0
xdut.\$90__t262                          1.485
xdut.\$92__t2                             2.97
xdut.sel_in__t43                             0
xdut.vss__t62                      9.71539e-09
xdut.\$94__t2                      1.21722e-08
xdut.rel_128_n__t2                        2.97
xdut.vss__t63                      1.50291e-09
xdut.\$96__t2                             2.97
xdut.hi_128_n__t2                            0
xdut.vss__t64                      9.36737e-09
xdut.\$98__t2                             2.97
xdut.lo_128_n__t2                            0
xdut.vss__t106                      9.1934e-09
xdut.vinn__t17                           1.485
xdut.sel_in__t36                             0
xdut.\$99__t135                          1.485
xdut.vcm__t40                            1.485
xdut.rel_128_n__t1                        2.97
xdut.\$99__t134                          1.485
xdut.vref__t31                            2.97
xdut.hi_128_n__t1                            0
xdut.\$99__t133                          1.485
xdut.vss__t33                      5.63319e-08
xdut.lo_128_n__t1                            0
xdut.\$99__t132                          1.485
xdut.\$100__t2                            2.97
xdut.sel_in__t42                             0
xdut.vss__t56                      6.86201e-09
xdut.\$102__t2                     1.17229e-08
xdut.rel_64_n__t2                         2.97
xdut.vss__t59                      1.05356e-09
xdut.\$104__t2                            2.97
xdut.hi_64_n__t2                             0
xdut.vss__t60                      6.51534e-09
xdut.\$106__t2                            2.97
xdut.lo_64_n__t2                             0
xdut.vss__t61                      6.34211e-09
xdut.vinn__t14                           1.485
xdut.sel_in__t33                             0
xdut.\$107__t71                          1.485
xdut.vcm__t36                            1.485
xdut.rel_64_n__t1                         2.97
xdut.\$107__t70                          1.485
xdut.vref__t25                            2.97
xdut.hi_64_n__t1                             0
xdut.\$107__t68                          1.485
xdut.vss__t26                      3.75905e-08
xdut.lo_64_n__t1                             0
xdut.\$107__t69                          1.485
xdut.\$108__t2                            2.97
xdut.sel_in__t47                             0
xdut.vss__t77                      4.02934e-09
xdut.\$110__t2                     1.12771e-08
xdut.rel_32_n__t2                         2.97
xdut.vss__t78                      6.07774e-10
xdut.\$112__t2                            2.97
xdut.hi_32_n__t2                             0
xdut.vss__t79                      3.68805e-09
xdut.\$114__t2                            2.97
xdut.lo_32_n__t2                             0
xdut.vss__t80                      3.51799e-09
xdut.vinn__t12                           1.485
xdut.sel_in__t27                             0
xdut.\$115__t39                          1.485
xdut.vcm__t29                            1.485
xdut.rel_32_n__t1                         2.97
xdut.\$115__t37                          1.485
xdut.vref__t24                            2.97
xdut.hi_32_n__t1                             0
xdut.\$115__t38                          1.485
xdut.vss__t20                      1.92364e-08
xdut.lo_32_n__t1                             0
xdut.\$115__t36                          1.485
xdut.\$116__t2                            2.97
xdut.sel_in__t44                             0
xdut.vss__t66                      1.35425e-09
xdut.\$118__t2                     1.08615e-08
xdut.rel_16_n__t2                         2.97
xdut.vss__t81                      1.92166e-10
xdut.\$120__t2                            2.97
xdut.hi_16_n__t2                             0
xdut.vss__t68                      1.09714e-09
xdut.\$122__t2                            2.97
xdut.lo_16_n__t2                             0
xdut.vss__t69                      9.89995e-10
xdut.vinn__t9                            1.485
xdut.sel_in__t20                             0
xdut.\$123__t22                          1.485
xdut.vcm__t23                            1.485
xdut.rel_16_n__t1                         2.97
xdut.\$123__t20                          1.485
xdut.vref__t18                            2.97
xdut.hi_16_n__t1                             0
xdut.\$123__t21                          1.485
xdut.vss__t27                      6.65219e-09
xdut.lo_16_n__t1                             0
xdut.\$123__t23                          1.485
xdut.\$124__t2                            2.97
xdut.sel_in__t48                             0
xdut.vss__t82                      1.97039e-09
xdut.\$126__t2                     1.10049e-08
xdut.rel_8_n__t2                          2.97
xdut.vss__t91                       3.3557e-10
xdut.\$128__t2                            2.97
xdut.hi_8_n__t2                              0
xdut.vss__t90                      2.29255e-09
xdut.\$130__t2                            2.97
xdut.lo_8_n__t2                              0
xdut.vss__t89                      2.45641e-09
xdut.vinn__t16                           1.485
xdut.sel_in__t35                             0
xdut.\$131__t15                          1.485
xdut.vcm__t39                            1.485
xdut.rel_8_n__t1                          2.97
xdut.\$131__t14                          1.485
xdut.vref__t35                            2.97
xdut.hi_8_n__t1                              0
xdut.\$131__t13                          1.485
xdut.vss__t36                      2.08732e-08
xdut.lo_8_n__t1                              0
xdut.\$131__t12                          1.485
xdut.\$132__t2                            2.97
xdut.sel_in__t41                             0
xdut.vss__t54                      4.73085e-09
xdut.\$134__t2                     1.14416e-08
xdut.rel_4_n__t2                          2.97
xdut.vss__t88                      7.72288e-10
xdut.\$136__t2                            2.97
xdut.hi_4_n__t2                              0
xdut.vss__t87                      5.07522e-09
xdut.\$138__t2                            2.97
xdut.lo_4_n__t2                              0
xdut.vss__t86                      5.24765e-09
xdut.vinn__t10                           1.485
xdut.sel_in__t21                             0
xdut.\$139__t11                          1.485
xdut.vcm__t25                            1.485
xdut.rel_4_n__t1                          2.97
xdut.\$139__t10                          1.485
xdut.vref__t19                            2.97
xdut.hi_4_n__t1                              0
xdut.\$139__t9                           1.485
xdut.vss__t19                      3.92982e-08
xdut.lo_4_n__t1                              0
xdut.\$139__t8                           1.485
xdut.\$140__t2                            2.97
xdut.sel_in__t37                             0
xdut.vss__t37                      7.57162e-09
xdut.\$142__t2                     1.18893e-08
xdut.rel_2_n__t2                          2.97
xdut.vss__t53                         1.22e-09
xdut.\$144__t2                            2.97
xdut.hi_2_n__t2                              0
xdut.vss__t40                      7.91896e-09
xdut.\$146__t2                            2.97
xdut.lo_2_n__t2                              0
xdut.vss__t39                       8.0927e-09
xdut.vinn__t11                           1.485
xdut.sel_in__t22                             0
xdut.\$147__t6                           1.485
xdut.vcm__t38                            1.485
xdut.rel_2_n__t1                          2.97
xdut.\$147__t9                           1.485
xdut.vref__t34                            2.97
xdut.hi_2_n__t1                              0
xdut.\$147__t8                           1.485
xdut.vss__t35                      5.80537e-08
xdut.lo_2_n__t1                              0
xdut.\$147__t7                           1.485
xdut.\$148__t2                            2.97
xdut.sel_in__t40                             0
xdut.vss__t49                      1.04273e-08
xdut.\$150__t2                     1.23392e-08
xdut.rel_1_n__t2                          2.97
xdut.vss__t50                      1.66988e-09
xdut.\$152__t2                            2.97
xdut.hi_1_n__t2                              0
xdut.vss__t51                      1.07755e-08
xdut.\$154__t2                            2.97
xdut.lo_1_n__t2                              0
xdut.vss__t52                      1.09497e-08
xdut.vinn__t15                           1.485
xdut.sel_in__t34                             0
xdut.\$155__t8                           1.485
xdut.vcm__t37                            1.485
xdut.rel_1_n__t1                          2.97
xdut.\$155__t7                           1.485
xdut.vref__t33                            2.97
xdut.hi_1_n__t1                              0
xdut.\$155__t6                           1.485
xdut.vss__t34                      7.68982e-08
xdut.lo_1_n__t1                              0
xdut.\$155__t5                           1.485
xdut.\$166__t2                            2.97
xdut.tp_gn__t4                               0
xdut.vss__t57                      1.39484e-08
xdut.vcm__t24                            1.485
xdut.tp_gn__t3                               0
xdut.topp__t513                        1.53123
xdut.\$167__t2                            2.97
xdut.tp_gn__t5                               0
xdut.vss__t58                      1.47301e-08
xdut.vcm__t22                            1.485
xdut.tp_gn__t2                               0
xdut.topn__t513                         1.8226
xdut.\$65__t1                             2.97
xdut.sel_in__t2                              0
xdut.vdd__t0                              2.97
xdut.\$27__t1                       1.5401e-08
xdut.rel_256_p__t0                        2.97
xdut.vdd__t61                             2.97
xdut.\$29__t1                             2.97
xdut.hi_256_p__t0                            0
xdut.vdd__t60                             2.97
xdut.\$9__t1                              2.97
xdut.lo_256_p__t0                            0
xdut.vdd__t70                             2.97
xdut.vinp__t1                            1.485
xdut.\$65__t2                             2.97
xdut.\$10__t1                            1.485
xdut.vcm__t21                            1.485
xdut.\$27__t0                      1.49088e-08
xdut.\$10__t260                          1.485
xdut.vref__t3                             2.97
xdut.\$29__t0                             2.97
xdut.\$10__t258                          1.485
xdut.vss__t5                       5.38305e-10
xdut.\$9__t0                              2.97
xdut.\$10__t259                          1.485
xdut.\$67__t1                             2.97
xdut.sel_in__t19                             0
xdut.vdd__t72                             2.97
xdut.\$31__t1                      1.49517e-08
xdut.rel_128_p__t0                        2.97
xdut.vdd__t71                             2.97
xdut.\$33__t1                             2.97
xdut.hi_128_p__t0                            0
xdut.vdd__t58                             2.97
xdut.\$11__t1                             2.97
xdut.lo_128_p__t0                            0
xdut.vdd__t59                             2.97
xdut.vinp__t6                            1.485
xdut.\$67__t0                             2.97
xdut.\$12__t131                          1.485
xdut.vcm__t6                             1.485
xdut.\$31__t0                      1.44595e-08
xdut.\$12__t130                          1.485
xdut.vref__t4                             2.97
xdut.\$33__t0                             2.97
xdut.\$12__t129                          1.485
xdut.vss__t2                       3.83313e-10
xdut.\$11__t0                             2.97
xdut.\$12__t128                          1.485
xdut.\$69__t1                             2.97
xdut.sel_in__t16                             0
xdut.vdd__t62                             2.97
xdut.\$35__t1                      1.45046e-08
xdut.rel_64_p__t0                         2.97
xdut.vdd__t53                             2.97
xdut.\$37__t1                             2.97
xdut.hi_64_p__t0                             0
xdut.vdd__t69                             2.97
xdut.\$13__t1                             2.97
xdut.lo_64_p__t0                             0
xdut.vdd__t3                              2.97
xdut.vinp__t9                            1.485
xdut.\$69__t0                             2.97
xdut.\$14__t67                           1.485
xdut.vcm__t18                            1.485
xdut.\$35__t0                      1.40123e-08
xdut.\$14__t66                           1.485
xdut.vref__t15                            2.97
xdut.\$37__t0                             2.97
xdut.\$14__t65                           1.485
xdut.vss__t4                       2.28993e-10
xdut.\$13__t0                             2.97
xdut.\$14__t64                           1.485
xdut.\$71__t1                             2.97
xdut.sel_in__t4                              0
xdut.vdd__t8                              2.97
xdut.\$39__t1                      1.40641e-08
xdut.rel_32_p__t0                         2.97
xdut.vdd__t10                             2.97
xdut.\$41__t1                             2.97
xdut.hi_32_p__t0                             0
xdut.vdd__t12                             2.97
xdut.\$15__t1                             2.97
xdut.lo_32_p__t0                             0
xdut.vdd__t13                             2.97
xdut.vinp__t3                            1.485
xdut.\$71__t0                             2.97
xdut.\$16__t32                           1.485
xdut.vcm__t13                            1.485
xdut.\$39__t0                      1.35719e-08
xdut.\$16__t33                           1.485
xdut.vref__t10                            2.97
xdut.\$41__t0                             2.97
xdut.\$16__t34                           1.485
xdut.vss__t12                      7.93658e-11
xdut.\$15__t0                             2.97
xdut.\$16__t35                           1.485
xdut.\$73__t1                             2.97
xdut.sel_in__t18                             0
xdut.vdd__t67                             2.97
xdut.\$43__t1                      1.36728e-08
xdut.rel_16_p__t0                         2.97
xdut.vdd__t68                             2.97
xdut.\$45__t1                             2.97
xdut.hi_16_p__t0                             0
xdut.vdd__t6                              2.97
xdut.\$17__t1                             2.97
xdut.lo_16_p__t0                             0
xdut.vdd__t7                              2.97
xdut.vinp__t7                            1.485
xdut.\$73__t0                             2.97
xdut.\$18__t19                           1.485
xdut.vcm__t4                             1.485
xdut.\$43__t0                      1.31806e-08
xdut.\$18__t16                           1.485
xdut.vref__t2                             2.97
xdut.\$45__t0                             2.97
xdut.\$18__t17                           1.485
xdut.vss__t6                         9.226e-11
xdut.\$17__t0                             2.97
xdut.\$18__t18                           1.485
xdut.\$75__t1                             2.97
xdut.sel_in__t14                             0
xdut.vdd__t50                             2.97
xdut.\$47__t1                      1.38017e-08
xdut.rel_8_p__t0                          2.97
xdut.vdd__t51                             2.97
xdut.\$49__t1                             2.97
xdut.hi_8_p__t0                              0
xdut.vdd__t43                             2.97
xdut.\$19__t1                             2.97
xdut.lo_8_p__t0                              0
xdut.vdd__t19                             2.97
xdut.vinp__t4                            1.485
xdut.\$75__t0                             2.97
xdut.\$20__t8                            1.485
xdut.vcm__t12                            1.485
xdut.\$47__t0                      1.33095e-08
xdut.\$20__t9                            1.485
xdut.vref__t9                             2.97
xdut.\$49__t0                             2.97
xdut.\$20__t10                           1.485
xdut.vss__t11                      2.43057e-10
xdut.\$19__t0                             2.97
xdut.\$20__t11                           1.485
xdut.\$77__t1                             2.97
xdut.sel_in__t11                             0
xdut.vdd__t38                             2.97
xdut.\$51__t1                      1.42259e-08
xdut.rel_4_p__t0                          2.97
xdut.vdd__t39                             2.97
xdut.\$53__t1                             2.97
xdut.hi_4_p__t0                              0
xdut.vdd__t40                             2.97
xdut.\$21__t1                             2.97
xdut.lo_4_p__t0                              0
xdut.vdd__t41                             2.97
xdut.vinp__t2                            1.485
xdut.\$77__t0                             2.97
xdut.\$22__t4                            1.485
xdut.vcm__t5                             1.485
xdut.\$51__t0                      1.37337e-08
xdut.\$22__t5                            1.485
xdut.vref__t1                             2.97
xdut.\$53__t0                             2.97
xdut.\$22__t6                            1.485
xdut.vss__t1                       3.97485e-10
xdut.\$21__t0                             2.97
xdut.\$22__t7                            1.485
xdut.\$79__t1                             2.97
xdut.sel_in__t10                             0
xdut.vdd__t35                             2.97
xdut.\$55__t1                        1.467e-08
xdut.rel_2_p__t0                          2.97
xdut.vdd__t31                             2.97
xdut.\$57__t1                             2.97
xdut.hi_2_p__t0                              0
xdut.vdd__t32                             2.97
xdut.\$23__t1                             2.97
xdut.lo_2_p__t0                              0
xdut.vdd__t33                             2.97
xdut.vinp__t8                            1.485
xdut.\$79__t0                             2.97
xdut.\$24__t2                            1.485
xdut.vcm__t14                            1.485
xdut.\$55__t0                      1.41778e-08
xdut.\$24__t3                            1.485
xdut.vref__t11                            2.97
xdut.\$57__t0                             2.97
xdut.\$24__t4                            1.485
xdut.vss__t13                      5.52506e-10
xdut.\$23__t0                             2.97
xdut.\$24__t5                            1.485
xdut.\$81__t1                             2.97
xdut.sel_in__t9                              0
xdut.vdd__t34                             2.97
xdut.\$59__t1                      1.51182e-08
xdut.rel_1_p__t0                          2.97
xdut.vdd__t54                             2.97
xdut.\$61__t1                             2.97
xdut.hi_1_p__t0                              0
xdut.vdd__t20                             2.97
xdut.\$25__t1                             2.97
xdut.lo_1_p__t0                              0
xdut.vdd__t21                             2.97
xdut.vinp__t5                            1.485
xdut.\$81__t0                             2.97
xdut.\$26__t1                            1.485
xdut.vcm__t7                             1.485
xdut.\$59__t0                      1.46259e-08
xdut.\$26__t2                            1.485
xdut.vref__t12                            2.97
xdut.\$61__t0                             2.97
xdut.\$26__t3                            1.485
xdut.vss__t16                      7.07732e-10
xdut.\$25__t0                             2.97
xdut.\$26__t4                            1.485
xdut.\$83__t1                             2.97
xdut.sel_in__t17                             0
xdut.vdd__t66                             2.97
xdut.\$85__t1                       1.5397e-08
xdut.rel_256_n__t0                        2.97
xdut.vdd__t65                             2.97
xdut.\$87__t1                             2.97
xdut.hi_256_n__t0                            0
xdut.vdd__t64                             2.97
xdut.\$89__t1                             2.97
xdut.lo_256_n__t0                            0
xdut.vdd__t63                             2.97
xdut.vinn__t7                            1.485
xdut.\$83__t0                             2.97
xdut.\$90__t256                          1.485
xdut.vcm__t19                            1.485
xdut.\$85__t0                      1.49048e-08
xdut.\$90__t257                          1.485
xdut.vref__t16                            2.97
xdut.\$87__t0                             2.97
xdut.\$90__t258                          1.485
xdut.vss__t17                      5.41655e-10
xdut.\$89__t0                             2.97
xdut.\$90__t259                          1.485
xdut.\$92__t1                             2.97
xdut.sel_in__t15                             0
xdut.vdd__t57                             2.97
xdut.\$94__t1                      1.49465e-08
xdut.rel_128_n__t0                        2.97
xdut.vdd__t56                             2.97
xdut.\$96__t1                             2.97
xdut.hi_128_n__t0                            0
xdut.vdd__t55                             2.97
xdut.\$98__t1                             2.97
xdut.lo_128_n__t0                            0
xdut.vdd__t73                             2.97
xdut.vinn__t8                            1.485
xdut.\$92__t0                             2.97
xdut.\$99__t128                          1.485
xdut.vcm__t20                            1.485
xdut.\$94__t0                      1.44543e-08
xdut.\$99__t129                          1.485
xdut.vref__t17                            2.97
xdut.\$96__t0                             2.97
xdut.\$99__t130                          1.485
xdut.vss__t18                      3.88004e-10
xdut.\$98__t0                             2.97
xdut.\$99__t131                          1.485
xdut.\$100__t1                            2.97
xdut.sel_in__t7                              0
xdut.vdd__t26                             2.97
xdut.\$102__t1                     1.44972e-08
xdut.rel_64_n__t0                         2.97
xdut.vdd__t5                              2.97
xdut.\$104__t1                            2.97
xdut.hi_64_n__t0                             0
xdut.vdd__t11                             2.97
xdut.\$106__t1                            2.97
xdut.lo_64_n__t0                             0
xdut.vdd__t14                             2.97
xdut.vinn__t6                            1.485
xdut.\$100__t0                            2.97
xdut.\$107__t67                          1.485
xdut.vcm__t16                            1.485
xdut.\$102__t0                      1.4005e-08
xdut.\$107__t66                          1.485
xdut.vref__t14                            2.97
xdut.\$104__t0                            2.97
xdut.\$107__t65                          1.485
xdut.vss__t15                      2.36761e-10
xdut.\$106__t0                            2.97
xdut.\$107__t64                          1.485
xdut.\$108__t1                            2.97
xdut.sel_in__t3                              0
xdut.vdd__t1                              2.97
xdut.\$110__t1                     1.40514e-08
xdut.rel_32_n__t0                         2.97
xdut.vdd__t4                              2.97
xdut.\$112__t1                            2.97
xdut.hi_32_n__t0                             0
xdut.vdd__t2                              2.97
xdut.\$114__t1                            2.97
xdut.lo_32_n__t0                             0
xdut.vdd__t18                             2.97
xdut.vinn__t5                            1.485
xdut.\$108__t0                            2.97
xdut.\$115__t35                          1.485
xdut.vcm__t15                            1.485
xdut.\$110__t0                     1.35592e-08
xdut.\$115__t34                          1.485
xdut.vref__t13                            2.97
xdut.\$112__t0                            2.97
xdut.\$115__t33                          1.485
xdut.vss__t14                      9.95822e-11
xdut.\$114__t0                            2.97
xdut.\$115__t32                          1.485
xdut.\$116__t1                            2.97
xdut.sel_in__t5                              0
xdut.vdd__t17                             2.97
xdut.\$118__t1                     1.36358e-08
xdut.rel_16_n__t0                         2.97
xdut.vdd__t16                             2.97
xdut.\$120__t1                            2.97
xdut.hi_16_n__t0                             0
xdut.vdd__t15                             2.97
xdut.\$122__t1                            2.97
xdut.lo_16_n__t0                             0
xdut.vdd__t9                              2.97
xdut.vinn__t4                            1.485
xdut.\$116__t0                            2.97
xdut.\$123__t18                          1.485
xdut.vcm__t17                            1.485
xdut.\$118__t0                     1.31436e-08
xdut.\$123__t19                          1.485
xdut.vref__t0                             2.97
xdut.\$120__t0                            2.97
xdut.\$123__t16                          1.485
xdut.vss__t9                       1.10134e-10
xdut.\$122__t0                            2.97
xdut.\$123__t17                          1.485
xdut.\$124__t1                            2.97
xdut.sel_in__t12                             0
xdut.vdd__t42                             2.97
xdut.\$126__t1                     1.37792e-08
xdut.rel_8_n__t0                          2.97
xdut.vdd__t52                             2.97
xdut.\$128__t1                            2.97
xdut.hi_8_n__t0                              0
xdut.vdd__t44                             2.97
xdut.\$130__t1                            2.97
xdut.lo_8_n__t0                              0
xdut.vdd__t45                             2.97
xdut.vinn__t2                            1.485
xdut.\$124__t0                            2.97
xdut.\$131__t11                          1.485
xdut.vcm__t11                            1.485
xdut.\$126__t0                      1.3287e-08
xdut.\$131__t10                          1.485
xdut.vref__t8                             2.97
xdut.\$128__t0                            2.97
xdut.\$131__t9                           1.485
xdut.vss__t3                       2.50389e-10
xdut.\$130__t0                            2.97
xdut.\$131__t8                           1.485
xdut.\$132__t1                            2.97
xdut.sel_in__t13                             0
xdut.vdd__t46                             2.97
xdut.\$134__t1                     1.42159e-08
xdut.rel_4_n__t0                          2.97
xdut.vdd__t47                             2.97
xdut.\$136__t1                            2.97
xdut.hi_4_n__t0                              0
xdut.vdd__t48                             2.97
xdut.\$138__t1                            2.97
xdut.lo_4_n__t0                              0
xdut.vdd__t49                             2.97
xdut.vinn__t0                            1.485
xdut.\$132__t0                            2.97
xdut.\$139__t4                           1.485
xdut.vcm__t8                             1.485
xdut.\$134__t0                     1.37237e-08
xdut.\$139__t5                           1.485
xdut.vref__t5                             2.97
xdut.\$136__t0                            2.97
xdut.\$139__t6                           1.485
xdut.vss__t7                        4.0201e-10
xdut.\$138__t0                            2.97
xdut.\$139__t7                           1.485
xdut.\$140__t1                            2.97
xdut.sel_in__t6                              0
xdut.vdd__t22                             2.97
xdut.\$142__t1                     1.46636e-08
xdut.rel_2_n__t0                          2.97
xdut.vdd__t23                             2.97
xdut.\$144__t1                            2.97
xdut.hi_2_n__t0                              0
xdut.vdd__t24                             2.97
xdut.\$146__t1                            2.97
xdut.lo_2_n__t0                              0
xdut.vdd__t25                             2.97
xdut.vinn__t1                            1.485
xdut.\$140__t0                            2.97
xdut.\$147__t2                           1.485
xdut.vcm__t9                             1.485
xdut.\$142__t0                     1.41714e-08
xdut.\$147__t3                           1.485
xdut.vref__t6                             2.97
xdut.\$144__t0                            2.97
xdut.\$147__t4                           1.485
xdut.vss__t8                        5.5577e-10
xdut.\$146__t0                            2.97
xdut.\$147__t5                           1.485
xdut.\$148__t1                            2.97
xdut.sel_in__t8                              0
xdut.vdd__t27                             2.97
xdut.\$150__t1                     1.51135e-08
xdut.rel_1_n__t0                          2.97
xdut.vdd__t28                             2.97
xdut.\$152__t1                            2.97
xdut.hi_1_n__t0                              0
xdut.vdd__t29                             2.97
xdut.\$154__t1                            2.97
xdut.lo_1_n__t0                              0
xdut.vdd__t30                             2.97
xdut.vinn__t3                            1.485
xdut.\$148__t0                            2.97
xdut.\$155__t4                           1.485
xdut.vcm__t10                            1.485
xdut.\$150__t0                     1.46213e-08
xdut.\$155__t1                           1.485
xdut.vref__t7                             2.97
xdut.\$152__t0                            2.97
xdut.\$155__t2                           1.485
xdut.vss__t10                      7.10283e-10
xdut.\$154__t0                            2.97
xdut.\$155__t3                           1.485
xdut.\$166__t1                            2.97
xdut.tp_gn__t0                               0
xdut.vdd__t36                             2.97
xdut.vcm__t3                             1.485
xdut.\$166__t0                            2.97
xdut.topp__t512                        1.53123
xdut.\$167__t1                            2.97
xdut.tp_gn__t1                               0
xdut.vdd__t37                             2.97
xdut.vcm__t2                             1.485
xdut.\$167__t0                            2.97
xdut.topn__t512                         1.8226
xdut.\$10__t248                          1.485
xdut.topp__t0                          1.53123
xdut.\$24__t1                            1.485
xdut.topp__t494                        1.53123
xdut.\$10__t247                          1.485
xdut.topp__t493                        1.53123
xdut.\$22__t3                            1.485
xdut.topp__t492                        1.53123
xdut.\$10__t246                          1.485
xdut.topp__t491                        1.53123
xdut.\$20__t7                            1.485
xdut.topp__t490                        1.53123
xdut.\$10__t245                          1.485
xdut.topp__t489                        1.53123
xdut.\$20__t6                            1.485
xdut.topp__t488                        1.53123
xdut.\$10__t244                          1.485
xdut.topp__t487                        1.53123
xdut.\$18__t15                           1.485
xdut.topp__t486                        1.53123
xdut.\$10__t243                          1.485
xdut.topp__t485                        1.53123
xdut.\$18__t14                           1.485
xdut.topp__t484                        1.53123
xdut.\$10__t242                          1.485
xdut.topp__t483                        1.53123
xdut.\$18__t13                           1.485
xdut.topp__t482                        1.53123
xdut.\$10__t249                          1.485
xdut.topp__t496                        1.53123
xdut.\$18__t12                           1.485
xdut.topp__t450                        1.53123
xdut.\$10__t257                          1.485
xdut.topp__t511                        1.53123
xdut.\$16__t30                           1.485
xdut.topp__t495                        1.53123
xdut.\$10__t198                          1.485
xdut.topp__t392                        1.53123
xdut.\$16__t27                           1.485
xdut.topp__t476                        1.53123
xdut.\$10__t233                          1.485
xdut.topp__t462                        1.53123
xdut.\$16__t25                           1.485
xdut.topp__t461                        1.53123
xdut.\$10__t232                          1.485
xdut.topp__t460                        1.53123
xdut.\$16__t24                           1.485
xdut.topp__t459                        1.53123
xdut.\$10__t231                          1.485
xdut.topp__t458                        1.53123
xdut.\$16__t26                           1.485
xdut.topp__t471                        1.53123
xdut.\$10__t256                          1.485
xdut.topp__t510                        1.53123
xdut.\$16__t31                           1.485
xdut.topp__t497                        1.53123
xdut.\$10__t241                          1.485
xdut.topp__t480                        1.53123
xdut.\$16__t29                           1.485
xdut.topp__t479                        1.53123
xdut.\$10__t240                          1.485
xdut.topp__t478                        1.53123
xdut.\$16__t28                           1.485
xdut.topp__t477                        1.53123
xdut.\$90__t252                          1.485
xdut.topn__t506                         1.8226
xdut.\$147__t1                           1.485
xdut.topn__t505                         1.8226
xdut.\$90__t173                          1.485
xdut.topn__t346                         1.8226
xdut.\$139__t3                           1.485
xdut.topn__t345                         1.8226
xdut.\$90__t172                          1.485
xdut.topn__t344                         1.8226
xdut.\$131__t7                           1.485
xdut.topn__t343                         1.8226
xdut.\$90__t171                          1.485
xdut.topn__t342                         1.8226
xdut.\$131__t6                           1.485
xdut.topn__t341                         1.8226
xdut.\$90__t170                          1.485
xdut.topn__t340                         1.8226
xdut.\$123__t9                           1.485
xdut.topn__t339                         1.8226
xdut.\$90__t169                          1.485
xdut.topn__t338                         1.8226
xdut.\$123__t12                          1.485
xdut.topn__t385                         1.8226
xdut.\$90__t199                          1.485
xdut.topn__t400                         1.8226
xdut.\$123__t7                           1.485
xdut.topn__t211                         1.8226
xdut.\$90__t176                          1.485
xdut.topn__t352                         1.8226
xdut.\$123__t10                          1.485
xdut.topn__t351                         1.8226
xdut.\$90__t175                          1.485
xdut.topn__t350                         1.8226
xdut.\$115__t22                          1.485
xdut.topn__t349                         1.8226
xdut.\$90__t174                          1.485
xdut.topn__t348                         1.8226
xdut.\$115__t21                          1.485
xdut.topn__t347                         1.8226
xdut.\$90__t137                          1.485
xdut.topn__t277                         1.8226
xdut.\$115__t15                          1.485
xdut.topn__t214                         1.8226
xdut.\$90__t113                          1.485
xdut.topn__t230                         1.8226
xdut.\$115__t19                          1.485
xdut.topn__t229                         1.8226
xdut.\$90__t112                          1.485
xdut.topn__t228                         1.8226
xdut.\$115__t18                          1.485
xdut.topn__t227                         1.8226
xdut.\$90__t111                          1.485
xdut.topn__t226                         1.8226
xdut.\$115__t20                          1.485
xdut.topn__t241                         1.8226
xdut.\$90__t109                          1.485
xdut.topn__t224                         1.8226
xdut.\$115__t17                          1.485
xdut.topn__t218                         1.8226
xdut.\$90__t105                          1.485
xdut.topn__t216                         1.8226
xdut.\$115__t16                          1.485
xdut.topn__t215                         1.8226
xdut.\$10__t229                          1.485
xdut.topp__t456                        1.53123
xdut.\$14__t50                           1.485
xdut.topp__t455                        1.53123
xdut.\$10__t228                          1.485
xdut.topp__t454                        1.53123
xdut.\$14__t49                           1.485
xdut.topp__t453                        1.53123
xdut.\$10__t227                          1.485
xdut.topp__t452                        1.53123
xdut.\$14__t48                           1.485
xdut.topp__t451                        1.53123
xdut.\$10__t250                          1.485
xdut.topp__t498                        1.53123
xdut.\$14__t58                           1.485
xdut.topp__t499                        1.53123
xdut.\$10__t251                          1.485
xdut.topp__t500                        1.53123
xdut.\$14__t59                           1.485
xdut.topp__t501                        1.53123
xdut.\$10__t252                          1.485
xdut.topp__t502                        1.53123
xdut.\$14__t60                           1.485
xdut.topp__t503                        1.53123
xdut.\$10__t253                          1.485
xdut.topp__t504                        1.53123
xdut.\$14__t61                           1.485
xdut.topp__t505                        1.53123
xdut.\$10__t254                          1.485
xdut.topp__t506                        1.53123
xdut.\$14__t62                           1.485
xdut.topp__t507                        1.53123
xdut.\$10__t255                          1.485
xdut.topp__t508                        1.53123
xdut.\$14__t63                           1.485
xdut.topp__t509                        1.53123
xdut.\$10__t197                          1.485
xdut.topp__t391                        1.53123
xdut.\$14__t56                           1.485
xdut.topp__t475                        1.53123
xdut.\$10__t239                          1.485
xdut.topp__t474                        1.53123
xdut.\$14__t55                           1.485
xdut.topp__t473                        1.53123
xdut.\$10__t238                          1.485
xdut.topp__t472                        1.53123
xdut.\$14__t57                           1.485
xdut.topp__t481                        1.53123
xdut.\$10__t237                          1.485
xdut.topp__t470                        1.53123
xdut.\$14__t54                           1.485
xdut.topp__t469                        1.53123
xdut.\$10__t236                          1.485
xdut.topp__t468                        1.53123
xdut.\$14__t53                           1.485
xdut.topp__t467                        1.53123
xdut.\$10__t235                          1.485
xdut.topp__t466                        1.53123
xdut.\$14__t52                           1.485
xdut.topp__t465                        1.53123
xdut.\$10__t234                          1.485
xdut.topp__t464                        1.53123
xdut.\$14__t51                           1.485
xdut.topp__t463                        1.53123
xdut.\$90__t251                          1.485
xdut.topn__t504                         1.8226
xdut.\$107__t63                          1.485
xdut.topn__t503                         1.8226
xdut.\$90__t103                          1.485
xdut.topn__t210                         1.8226
xdut.\$107__t31                          1.485
xdut.topn__t321                         1.8226
xdut.\$90__t184                          1.485
xdut.topn__t368                         1.8226
xdut.\$107__t38                          1.485
xdut.topn__t367                         1.8226
xdut.\$90__t183                          1.485
xdut.topn__t366                         1.8226
xdut.\$107__t37                          1.485
xdut.topn__t365                         1.8226
xdut.\$90__t182                          1.485
xdut.topn__t364                         1.8226
xdut.\$107__t36                          1.485
xdut.topn__t363                         1.8226
xdut.\$90__t181                          1.485
xdut.topn__t362                         1.8226
xdut.\$107__t35                          1.485
xdut.topn__t361                         1.8226
xdut.\$90__t180                          1.485
xdut.topn__t360                         1.8226
xdut.\$107__t34                          1.485
xdut.topn__t359                         1.8226
xdut.\$90__t179                          1.485
xdut.topn__t358                         1.8226
xdut.\$107__t33                          1.485
xdut.topn__t357                         1.8226
xdut.\$90__t178                          1.485
xdut.topn__t356                         1.8226
xdut.\$107__t32                          1.485
xdut.topn__t355                         1.8226
xdut.\$90__t177                          1.485
xdut.topn__t354                         1.8226
xdut.\$107__t39                          1.485
xdut.topn__t369                         1.8226
xdut.\$90__t136                          1.485
xdut.topn__t276                         1.8226
xdut.\$107__t17                          1.485
xdut.topn__t213                         1.8226
xdut.\$90__t104                          1.485
xdut.topn__t212                         1.8226
xdut.\$107__t25                          1.485
xdut.topn__t239                         1.8226
xdut.\$90__t117                          1.485
xdut.topn__t238                         1.8226
xdut.\$107__t24                          1.485
xdut.topn__t237                         1.8226
xdut.\$90__t116                          1.485
xdut.topn__t236                         1.8226
xdut.\$107__t23                          1.485
xdut.topn__t235                         1.8226
xdut.\$90__t115                          1.485
xdut.topn__t234                         1.8226
xdut.\$107__t22                          1.485
xdut.topn__t233                         1.8226
xdut.\$90__t114                          1.485
xdut.topn__t232                         1.8226
xdut.\$107__t21                          1.485
xdut.topn__t231                         1.8226
xdut.\$10__t168                          1.485
xdut.topp__t335                        1.53123
xdut.\$12__t91                           1.485
xdut.topp__t336                        1.53123
xdut.\$10__t169                          1.485
xdut.topp__t337                        1.53123
xdut.\$12__t92                           1.485
xdut.topp__t338                        1.53123
xdut.\$10__t170                          1.485
xdut.topp__t339                        1.53123
xdut.\$12__t93                           1.485
xdut.topp__t340                        1.53123
xdut.\$10__t171                          1.485
xdut.topp__t341                        1.53123
xdut.\$12__t94                           1.485
xdut.topp__t342                        1.53123
xdut.\$10__t172                          1.485
xdut.topp__t343                        1.53123
xdut.\$12__t95                           1.485
xdut.topp__t344                        1.53123
xdut.\$10__t173                          1.485
xdut.topp__t345                        1.53123
xdut.\$12__t96                           1.485
xdut.topp__t346                        1.53123
xdut.\$10__t174                          1.485
xdut.topp__t347                        1.53123
xdut.\$12__t97                           1.485
xdut.topp__t348                        1.53123
xdut.\$10__t175                          1.485
xdut.topp__t349                        1.53123
xdut.\$12__t106                          1.485
xdut.topp__t366                        1.53123
xdut.\$10__t176                          1.485
xdut.topp__t351                        1.53123
xdut.\$12__t99                           1.485
xdut.topp__t352                        1.53123
xdut.\$10__t177                          1.485
xdut.topp__t353                        1.53123
xdut.\$12__t100                          1.485
xdut.topp__t354                        1.53123
xdut.\$10__t178                          1.485
xdut.topp__t355                        1.53123
xdut.\$12__t101                          1.485
xdut.topp__t356                        1.53123
xdut.\$10__t179                          1.485
xdut.topp__t357                        1.53123
xdut.\$12__t102                          1.485
xdut.topp__t358                        1.53123
xdut.\$10__t180                          1.485
xdut.topp__t359                        1.53123
xdut.\$12__t103                          1.485
xdut.topp__t360                        1.53123
xdut.\$10__t181                          1.485
xdut.topp__t361                        1.53123
xdut.\$12__t104                          1.485
xdut.topp__t362                        1.53123
xdut.\$10__t182                          1.485
xdut.topp__t363                        1.53123
xdut.\$12__t105                          1.485
xdut.topp__t364                        1.53123
xdut.\$10__t183                          1.485
xdut.topp__t365                        1.53123
xdut.\$12__t98                           1.485
xdut.topp__t350                        1.53123
xdut.\$90__t153                          1.485
xdut.topn__t306                         1.8226
xdut.\$99__t81                           1.485
xdut.topn__t307                         1.8226
xdut.\$90__t154                          1.485
xdut.topn__t308                         1.8226
xdut.\$99__t82                           1.485
xdut.topn__t309                         1.8226
xdut.\$90__t155                          1.485
xdut.topn__t310                         1.8226
xdut.\$99__t83                           1.485
xdut.topn__t311                         1.8226
xdut.\$90__t156                          1.485
xdut.topn__t312                         1.8226
xdut.\$99__t84                           1.485
xdut.topn__t313                         1.8226
xdut.\$90__t157                          1.485
xdut.topn__t314                         1.8226
xdut.\$99__t85                           1.485
xdut.topn__t315                         1.8226
xdut.\$90__t158                          1.485
xdut.topn__t316                         1.8226
xdut.\$99__t86                           1.485
xdut.topn__t317                         1.8226
xdut.\$90__t159                          1.485
xdut.topn__t318                         1.8226
xdut.\$99__t87                           1.485
xdut.topn__t319                         1.8226
xdut.\$90__t160                          1.485
xdut.topn__t320                         1.8226
xdut.\$99__t95                           1.485
xdut.topn__t337                         1.8226
xdut.\$90__t161                          1.485
xdut.topn__t322                         1.8226
xdut.\$99__t88                           1.485
xdut.topn__t323                         1.8226
xdut.\$90__t162                          1.485
xdut.topn__t324                         1.8226
xdut.\$99__t89                           1.485
xdut.topn__t325                         1.8226
xdut.\$90__t163                          1.485
xdut.topn__t326                         1.8226
xdut.\$99__t90                           1.485
xdut.topn__t327                         1.8226
xdut.\$90__t164                          1.485
xdut.topn__t328                         1.8226
xdut.\$99__t91                           1.485
xdut.topn__t329                         1.8226
xdut.\$90__t165                          1.485
xdut.topn__t330                         1.8226
xdut.\$99__t92                           1.485
xdut.topn__t331                         1.8226
xdut.\$90__t166                          1.485
xdut.topn__t332                         1.8226
xdut.\$99__t93                           1.485
xdut.topn__t333                         1.8226
xdut.\$90__t167                          1.485
xdut.topn__t334                         1.8226
xdut.\$99__t94                           1.485
xdut.topn__t335                         1.8226
xdut.\$90__t168                          1.485
xdut.topn__t336                         1.8226
xdut.\$99__t96                           1.485
xdut.topn__t353                         1.8226
xdut.\$10__t66                           1.485
xdut.topp__t129                        1.53123
xdut.\$12__t34                           1.485
xdut.topp__t128                        1.53123
xdut.\$10__t67                           1.485
xdut.topp__t131                        1.53123
xdut.\$12__t35                           1.485
xdut.topp__t130                        1.53123
xdut.\$10__t65                           1.485
xdut.topp__t127                        1.53123
xdut.\$12__t33                           1.485
xdut.topp__t126                        1.53123
xdut.\$10__t92                           1.485
xdut.topp__t182                        1.53123
xdut.\$12__t36                           1.485
xdut.topp__t133                        1.53123
xdut.\$10__t68                           1.485
xdut.topp__t132                        1.53123
xdut.\$12__t53                           1.485
xdut.topp__t190                        1.53123
xdut.\$10__t87                           1.485
xdut.topp__t170                        1.53123
xdut.\$12__t42                           1.485
xdut.topp__t164                        1.53123
xdut.\$10__t81                           1.485
xdut.topp__t158                        1.53123
xdut.\$12__t46                           1.485
xdut.topp__t171                        1.53123
xdut.\$10__t84                           1.485
xdut.topp__t163                        1.53123
xdut.\$12__t41                           1.485
xdut.topp__t162                        1.53123
xdut.\$10__t83                           1.485
xdut.topp__t161                        1.53123
xdut.\$12__t40                           1.485
xdut.topp__t160                        1.53123
xdut.\$10__t136                          1.485
xdut.topp__t273                        1.53123
xdut.\$12__t117                          1.485
xdut.topp__t414                        1.53123
xdut.\$10__t199                          1.485
xdut.topp__t394                        1.53123
xdut.\$12__t112                          1.485
xdut.topp__t393                        1.53123
xdut.\$10__t218                          1.485
xdut.topp__t433                        1.53123
xdut.\$12__t126                          1.485
xdut.topp__t445                        1.53123
xdut.\$10__t223                          1.485
xdut.topp__t444                        1.53123
xdut.\$12__t125                          1.485
xdut.topp__t443                        1.53123
xdut.\$10__t194                          1.485
xdut.topp__t386                        1.53123
xdut.\$12__t109                          1.485
xdut.topp__t385                        1.53123
xdut.\$10__t193                          1.485
xdut.topp__t384                        1.53123
xdut.\$12__t108                          1.485
xdut.topp__t383                        1.53123
xdut.\$10__t192                          1.485
xdut.topp__t382                        1.53123
xdut.\$12__t107                          1.485
xdut.topp__t381                        1.53123
xdut.\$90__t202                          1.485
xdut.topn__t406                         1.8226
xdut.\$99__t99                           1.485
xdut.topn__t405                         1.8226
xdut.\$90__t56                           1.485
xdut.topn__t115                         1.8226
xdut.\$99__t29                           1.485
xdut.topn__t87                          1.8226
xdut.\$90__t58                           1.485
xdut.topn__t118                         1.8226
xdut.\$99__t14                           1.485
xdut.topn__t34                          1.8226
xdut.\$90__t51                           1.485
xdut.topn__t106                         1.8226
xdut.\$99__t35                           1.485
xdut.topn__t116                         1.8226
xdut.\$90__t50                           1.485
xdut.topn__t104                         1.8226
xdut.\$99__t36                           1.485
xdut.topn__t135                         1.8226
xdut.\$90__t57                           1.485
xdut.topn__t117                         1.8226
xdut.\$99__t112                          1.485
xdut.topn__t433                         1.8226
xdut.\$90__t11                           1.485
xdut.topn__t23                          1.8226
xdut.\$99__t8                            1.485
xdut.topn__t22                          1.8226
xdut.\$90__t10                           1.485
xdut.topn__t21                          1.8226
xdut.\$99__t10                           1.485
xdut.topn__t27                          1.8226
xdut.\$90__t13                           1.485
xdut.topn__t26                          1.8226
xdut.\$99__t9                            1.485
xdut.topn__t25                          1.8226
xdut.\$90__t12                           1.485
xdut.topn__t24                          1.8226
xdut.\$99__t17                           1.485
xdut.topn__t39                          1.8226
xdut.\$90__t185                          1.485
xdut.topn__t370                         1.8226
xdut.\$99__t19                           1.485
xdut.topn__t43                          1.8226
xdut.\$90__t20                           1.485
xdut.topn__t42                          1.8226
xdut.\$99__t18                           1.485
xdut.topn__t41                          1.8226
xdut.\$90__t19                           1.485
xdut.topn__t40                          1.8226
xdut.\$99__t37                           1.485
xdut.topn__t136                         1.8226
xdut.\$90__t84                           1.485
xdut.topn__t170                         1.8226
xdut.\$99__t43                           1.485
xdut.topn__t169                         1.8226
xdut.\$90__t83                           1.485
xdut.topn__t168                         1.8226
xdut.\$99__t22                           1.485
xdut.topn__t57                          1.8226
xdut.\$90__t26                           1.485
xdut.topn__t56                          1.8226
xdut.\$99__t20                           1.485
xdut.topn__t44                          1.8226
xdut.\$12__t0                            1.485
xdut.topp__t181                        1.53123
xdut.\$10__t91                           1.485
xdut.topp__t180                        1.53123
xdut.\$12__t51                           1.485
xdut.topp__t179                        1.53123
xdut.\$10__t90                           1.485
xdut.topp__t178                        1.53123
xdut.\$12__t50                           1.485
xdut.topp__t177                        1.53123
xdut.\$10__t89                           1.485
xdut.topp__t176                        1.53123
xdut.\$12__t49                           1.485
xdut.topp__t175                        1.53123
xdut.\$10__t88                           1.485
xdut.topp__t174                        1.53123
xdut.\$12__t48                           1.485
xdut.topp__t173                        1.53123
xdut.\$10__t94                           1.485
xdut.topp__t186                        1.53123
xdut.\$12__t39                           1.485
xdut.topp__t157                        1.53123
xdut.\$10__t80                           1.485
xdut.topp__t156                        1.53123
xdut.\$12__t38                           1.485
xdut.topp__t155                        1.53123
xdut.\$10__t79                           1.485
xdut.topp__t154                        1.53123
xdut.\$12__t43                           1.485
xdut.topp__t165                        1.53123
xdut.\$10__t82                           1.485
xdut.topp__t159                        1.53123
xdut.\$12__t52                           1.485
xdut.topp__t183                        1.53123
xdut.\$10__t85                           1.485
xdut.topp__t166                        1.53123
xdut.\$12__t90                           1.485
xdut.topp__t308                        1.53123
xdut.\$10__t208                          1.485
xdut.topp__t415                        1.53123
xdut.\$12__t124                          1.485
xdut.topp__t442                        1.53123
xdut.\$10__t222                          1.485
xdut.topp__t441                        1.53123
xdut.\$12__t123                          1.485
xdut.topp__t440                        1.53123
xdut.\$10__t191                          1.485
xdut.topp__t380                        1.53123
xdut.\$12__t111                          1.485
xdut.topp__t390                        1.53123
xdut.\$10__t190                          1.485
xdut.topp__t379                        1.53123
xdut.\$12__t122                          1.485
xdut.topp__t426                        1.53123
xdut.\$10__t214                          1.485
xdut.topp__t425                        1.53123
xdut.\$12__t121                          1.485
xdut.topp__t424                        1.53123
xdut.\$10__t213                          1.485
xdut.topp__t423                        1.53123
xdut.\$12__t120                          1.485
xdut.topp__t422                        1.53123
xdut.\$10__t212                          1.485
xdut.topp__t421                        1.53123
xdut.\$99__t113                          1.485
xdut.topn__t444                         1.8226
xdut.\$90__t203                          1.485
xdut.topn__t407                         1.8226
xdut.\$99__t34                           1.485
xdut.topn__t114                         1.8226
xdut.\$90__t55                           1.485
xdut.topn__t113                         1.8226
xdut.\$99__t33                           1.485
xdut.topn__t112                         1.8226
xdut.\$90__t54                           1.485
xdut.topn__t111                         1.8226
xdut.\$99__t32                           1.485
xdut.topn__t110                         1.8226
xdut.\$90__t53                           1.485
xdut.topn__t109                         1.8226
xdut.\$99__t31                           1.485
xdut.topn__t108                         1.8226
xdut.\$90__t52                           1.485
xdut.topn__t107                         1.8226
xdut.\$99__t30                           1.485
xdut.topn__t105                         1.8226
xdut.\$90__t217                          1.485
xdut.topn__t434                         1.8226
xdut.\$99__t7                            1.485
xdut.topn__t20                          1.8226
xdut.\$90__t9                            1.485
xdut.topn__t19                          1.8226
xdut.\$99__t6                            1.485
xdut.topn__t18                          1.8226
xdut.\$90__t4                            1.485
xdut.topn__t9                           1.8226
xdut.\$99__t21                           1.485
xdut.topn__t55                          1.8226
xdut.\$90__t33                           1.485
xdut.topn__t70                          1.8226
xdut.\$99__t28                           1.485
xdut.topn__t69                          1.8226
xdut.\$90__t14                           1.485
xdut.topn__t28                          1.8226
xdut.\$99__t97                           1.485
xdut.topn__t371                         1.8226
xdut.\$90__t82                           1.485
xdut.topn__t167                         1.8226
xdut.\$99__t42                           1.485
xdut.topn__t166                         1.8226
xdut.\$90__t81                           1.485
xdut.topn__t165                         1.8226
xdut.\$99__t41                           1.485
xdut.topn__t164                         1.8226
xdut.\$90__t80                           1.485
xdut.topn__t163                         1.8226
xdut.\$99__t40                           1.485
xdut.topn__t141                         1.8226
xdut.\$90__t86                           1.485
xdut.topn__t174                         1.8226
xdut.\$99__t44                           1.485
xdut.topn__t175                         1.8226
xdut.\$90__t28                           1.485
xdut.topn__t60                          1.8226
xdut.\$99__t23                           1.485
xdut.topn__t59                          1.8226
xdut.\$90__t27                           1.485
xdut.topn__t58                          1.8226
xdut.\$12__t47                           1.485
xdut.topp__t172                        1.53123
xdut.\$10__t69                           1.485
xdut.topp__t134                        1.53123
xdut.\$12__t32                           1.485
xdut.topp__t125                        1.53123
xdut.\$10__t64                           1.485
xdut.topp__t124                        1.53123
xdut.\$12__t31                           1.485
xdut.topp__t123                        1.53123
xdut.\$10__t63                           1.485
xdut.topp__t122                        1.53123
xdut.\$12__t30                           1.485
xdut.topp__t121                        1.53123
xdut.\$10__t62                           1.485
xdut.topp__t120                        1.53123
xdut.\$12__t44                           1.485
xdut.topp__t167                        1.53123
xdut.\$10__t95                           1.485
xdut.topp__t187                        1.53123
xdut.\$12__t45                           1.485
xdut.topp__t169                        1.53123
xdut.\$10__t86                           1.485
xdut.topp__t168                        1.53123
xdut.\$12__t37                           1.485
xdut.topp__t153                        1.53123
xdut.\$10__t78                           1.485
xdut.topp__t152                        1.53123
xdut.\$12__t119                          1.485
xdut.topp__t419                        1.53123
xdut.\$10__t230                          1.485
xdut.topp__t457                        1.53123
xdut.\$12__t118                          1.485
xdut.topp__t418                        1.53123
xdut.\$10__t210                          1.485
xdut.topp__t417                        1.53123
xdut.\$12__t74                           1.485
xdut.topp__t271                        1.53123
xdut.\$10__t225                          1.485
xdut.topp__t448                        1.53123
xdut.\$12__t127                          1.485
xdut.topp__t447                        1.53123
xdut.\$10__t224                          1.485
xdut.topp__t446                        1.53123
xdut.\$12__t115                          1.485
xdut.topp__t400                        1.53123
xdut.\$10__t202                          1.485
xdut.topp__t399                        1.53123
xdut.\$12__t114                          1.485
xdut.topp__t398                        1.53123
xdut.\$10__t201                          1.485
xdut.topp__t397                        1.53123
xdut.\$12__t113                          1.485
xdut.topp__t396                        1.53123
xdut.\$10__t200                          1.485
xdut.topp__t395                        1.53123
xdut.\$12__t116                          1.485
xdut.topp__t406                        1.53123
xdut.\$10__t196                          1.485
xdut.topp__t389                        1.53123
xdut.\$12__t110                          1.485
xdut.topp__t388                        1.53123
xdut.\$10__t195                          1.485
xdut.topp__t387                        1.53123
xdut.\$99__t100                          1.485
xdut.topn__t409                         1.8226
xdut.\$90__t204                          1.485
xdut.topn__t408                         1.8226
xdut.\$99__t16                           1.485
xdut.topn__t38                          1.8226
xdut.\$90__t18                           1.485
xdut.topn__t37                          1.8226
xdut.\$99__t15                           1.485
xdut.topn__t36                          1.8226
xdut.\$90__t17                           1.485
xdut.topn__t35                          1.8226
xdut.\$99__t13                           1.485
xdut.topn__t33                          1.8226
xdut.\$90__t16                           1.485
xdut.topn__t32                          1.8226
xdut.\$99__t12                           1.485
xdut.topn__t31                          1.8226
xdut.\$90__t15                           1.485
xdut.topn__t30                          1.8226
xdut.\$99__t11                           1.485
xdut.topn__t29                          1.8226
xdut.\$90__t218                          1.485
xdut.topn__t435                         1.8226
xdut.\$99__t5                            1.485
xdut.topn__t17                          1.8226
xdut.\$90__t8                            1.485
xdut.topn__t16                          1.8226
xdut.\$99__t4                            1.485
xdut.topn__t15                          1.8226
xdut.\$90__t7                            1.485
xdut.topn__t14                          1.8226
xdut.\$99__t3                            1.485
xdut.topn__t13                          1.8226
xdut.\$90__t6                            1.485
xdut.topn__t12                          1.8226
xdut.\$99__t2                            1.485
xdut.topn__t11                          1.8226
xdut.\$90__t5                            1.485
xdut.topn__t10                          1.8226
xdut.\$99__t98                           1.485
xdut.topn__t372                         1.8226
xdut.\$90__t87                           1.485
xdut.topn__t176                         1.8226
xdut.\$99__t45                           1.485
xdut.topn__t177                         1.8226
xdut.\$90__t88                           1.485
xdut.topn__t178                         1.8226
xdut.\$99__t27                           1.485
xdut.topn__t68                          1.8226
xdut.\$90__t32                           1.485
xdut.topn__t67                          1.8226
xdut.\$99__t26                           1.485
xdut.topn__t66                          1.8226
xdut.\$90__t31                           1.485
xdut.topn__t65                          1.8226
xdut.\$99__t25                           1.485
xdut.topn__t64                          1.8226
xdut.\$90__t30                           1.485
xdut.topn__t63                          1.8226
xdut.\$99__t24                           1.485
xdut.topn__t62                          1.8226
xdut.\$90__t29                           1.485
xdut.topn__t61                          1.8226
xdut.\$14__t19                           1.485
xdut.topp__t147                        1.53123
xdut.\$10__t75                           1.485
xdut.topp__t146                        1.53123
xdut.\$14__t18                           1.485
xdut.topp__t145                        1.53123
xdut.\$10__t74                           1.485
xdut.topp__t144                        1.53123
xdut.\$14__t17                           1.485
xdut.topp__t143                        1.53123
xdut.\$10__t73                           1.485
xdut.topp__t142                        1.53123
xdut.\$14__t16                           1.485
xdut.topp__t141                        1.53123
xdut.\$10__t72                           1.485
xdut.topp__t140                        1.53123
xdut.\$14__t15                           1.485
xdut.topp__t139                        1.53123
xdut.\$10__t96                           1.485
xdut.topp__t188                        1.53123
xdut.\$14__t22                           1.485
xdut.topp__t228                        1.53123
xdut.\$10__t118                          1.485
xdut.topp__t231                        1.53123
xdut.\$14__t23                           1.485
xdut.topp__t234                        1.53123
xdut.\$10__t116                          1.485
xdut.topp__t229                        1.53123
xdut.\$14__t21                           1.485
xdut.topp__t227                        1.53123
xdut.\$10__t115                          1.485
xdut.topp__t226                        1.53123
xdut.\$14__t20                           1.485
xdut.topp__t185                        1.53123
xdut.\$10__t93                           1.485
xdut.topp__t184                        1.53123
xdut.\$14__t28                           1.485
xdut.topp__t277                        1.53123
xdut.\$10__t221                          1.485
xdut.topp__t439                        1.53123
xdut.\$14__t47                           1.485
xdut.topp__t438                        1.53123
xdut.\$10__t220                          1.485
xdut.topp__t437                        1.53123
xdut.\$14__t46                           1.485
xdut.topp__t436                        1.53123
xdut.\$10__t219                          1.485
xdut.topp__t435                        1.53123
xdut.\$14__t45                           1.485
xdut.topp__t434                        1.53123
xdut.\$10__t226                          1.485
xdut.topp__t449                        1.53123
xdut.\$14__t44                           1.485
xdut.topp__t432                        1.53123
xdut.\$10__t217                          1.485
xdut.topp__t431                        1.53123
xdut.\$14__t43                           1.485
xdut.topp__t430                        1.53123
xdut.\$10__t216                          1.485
xdut.topp__t429                        1.53123
xdut.\$14__t42                           1.485
xdut.topp__t428                        1.53123
xdut.\$10__t215                          1.485
xdut.topp__t427                        1.53123
xdut.\$107__t53                          1.485
xdut.topn__t446                         1.8226
xdut.\$90__t224                          1.485
xdut.topn__t445                         1.8226
xdut.\$107__t4                           1.485
xdut.topn__t77                          1.8226
xdut.\$90__t37                           1.485
xdut.topn__t76                          1.8226
xdut.\$107__t3                           1.485
xdut.topn__t75                          1.8226
xdut.\$90__t36                           1.485
xdut.topn__t74                          1.8226
xdut.\$107__t2                           1.485
xdut.topn__t73                          1.8226
xdut.\$90__t35                           1.485
xdut.topn__t72                          1.8226
xdut.\$107__t8                           1.485
xdut.topn__t119                         1.8226
xdut.\$90__t66                           1.485
xdut.topn__t134                         1.8226
xdut.\$107__t9                           1.485
xdut.topn__t133                         1.8226
xdut.\$90__t219                          1.485
xdut.topn__t436                         1.8226
xdut.\$107__t0                           1.485
xdut.topn__t0                           1.8226
xdut.\$90__t48                           1.485
xdut.topn__t102                         1.8226
xdut.\$107__t7                           1.485
xdut.topn__t101                         1.8226
xdut.\$90__t47                           1.485
xdut.topn__t100                         1.8226
xdut.\$107__t6                           1.485
xdut.topn__t99                          1.8226
xdut.\$90__t46                           1.485
xdut.topn__t98                          1.8226
xdut.\$107__t5                           1.485
xdut.topn__t97                          1.8226
xdut.\$90__t45                           1.485
xdut.topn__t96                          1.8226
xdut.\$107__t40                          1.485
xdut.topn__t373                         1.8226
xdut.\$90__t79                           1.485
xdut.topn__t162                         1.8226
xdut.\$107__t14                          1.485
xdut.topn__t161                         1.8226
xdut.\$90__t78                           1.485
xdut.topn__t160                         1.8226
xdut.\$107__t13                          1.485
xdut.topn__t159                         1.8226
xdut.\$90__t77                           1.485
xdut.topn__t158                         1.8226
xdut.\$107__t12                          1.485
xdut.topn__t147                         1.8226
xdut.\$90__t71                           1.485
xdut.topn__t146                         1.8226
xdut.\$107__t11                          1.485
xdut.topn__t145                         1.8226
xdut.\$90__t70                           1.485
xdut.topn__t144                         1.8226
xdut.\$107__t10                          1.485
xdut.topn__t143                         1.8226
xdut.\$90__t69                           1.485
xdut.topn__t142                         1.8226
xdut.\$16__t10                           1.485
xdut.topp__t199                        1.53123
xdut.\$10__t77                           1.485
xdut.topp__t150                        1.53123
xdut.\$16__t9                            1.485
xdut.topp__t149                        1.53123
xdut.\$10__t76                           1.485
xdut.topp__t148                        1.53123
xdut.\$16__t8                            1.485
xdut.topp__t138                        1.53123
xdut.\$10__t111                          1.485
xdut.topp__t220                        1.53123
xdut.\$16__t12                           1.485
xdut.topp__t219                        1.53123
xdut.\$10__t110                          1.485
xdut.topp__t218                        1.53123
xdut.\$16__t11                           1.485
xdut.topp__t217                        1.53123
xdut.\$10__t97                           1.485
xdut.topp__t189                        1.53123
xdut.\$16__t13                           1.485
xdut.topp__t233                        1.53123
xdut.\$10__t119                          1.485
xdut.topp__t232                        1.53123
xdut.\$16__t16                           1.485
xdut.topp__t247                        1.53123
xdut.\$10__t117                          1.485
xdut.topp__t230                        1.53123
xdut.\$16__t15                           1.485
xdut.topp__t246                        1.53123
xdut.\$10__t125                          1.485
xdut.topp__t245                        1.53123
xdut.\$18__t7                            1.485
xdut.topp__t244                        1.53123
xdut.\$10__t124                          1.485
xdut.topp__t243                        1.53123
xdut.\$18__t9                            1.485
xdut.topp__t274                        1.53123
xdut.\$10__t189                          1.485
xdut.topp__t378                        1.53123
xdut.\$18__t11                           1.485
xdut.topp__t377                        1.53123
xdut.\$10__t188                          1.485
xdut.topp__t376                        1.53123
xdut.\$18__t10                           1.485
xdut.topp__t375                        1.53123
xdut.\$10__t187                          1.485
xdut.topp__t374                        1.53123
xdut.\$20__t5                            1.485
xdut.topp__t373                        1.53123
xdut.\$10__t186                          1.485
xdut.topp__t372                        1.53123
xdut.\$20__t4                            1.485
xdut.topp__t371                        1.53123
xdut.\$10__t185                          1.485
xdut.topp__t370                        1.53123
xdut.\$22__t2                            1.485
xdut.topp__t369                        1.53123
xdut.\$10__t184                          1.485
xdut.topp__t368                        1.53123
xdut.\$26__t0                            1.485
xdut.topp__t367                        1.53123
xdut.\$10__t209                          1.485
xdut.topp__t416                        1.53123
xdut.\$115__t24                          1.485
xdut.topn__t443                         1.8226
xdut.\$90__t223                          1.485
xdut.topn__t442                         1.8226
xdut.\$115__t8                           1.485
xdut.topn__t123                         1.8226
xdut.\$90__t60                           1.485
xdut.topn__t122                         1.8226
xdut.\$115__t7                           1.485
xdut.topn__t121                         1.8226
xdut.\$90__t59                           1.485
xdut.topn__t120                         1.8226
xdut.\$115__t3                           1.485
xdut.topn__t82                          1.8226
xdut.\$90__t39                           1.485
xdut.topn__t81                          1.8226
xdut.\$115__t2                           1.485
xdut.topn__t80                          1.8226
xdut.\$90__t38                           1.485
xdut.topn__t79                          1.8226
xdut.\$115__t1                           1.485
xdut.topn__t78                          1.8226
xdut.\$90__t220                          1.485
xdut.topn__t437                         1.8226
xdut.\$115__t5                           1.485
xdut.topn__t94                          1.8226
xdut.\$90__t44                           1.485
xdut.topn__t93                          1.8226
xdut.\$115__t4                           1.485
xdut.topn__t92                          1.8226
xdut.\$90__t43                           1.485
xdut.topn__t91                          1.8226
xdut.\$123__t4                           1.485
xdut.topn__t90                          1.8226
xdut.\$90__t42                           1.485
xdut.topn__t89                          1.8226
xdut.\$123__t3                           1.485
xdut.topn__t88                          1.8226
xdut.\$90__t49                           1.485
xdut.topn__t103                         1.8226
xdut.\$123__t11                          1.485
xdut.topn__t374                         1.8226
xdut.\$90__t34                           1.485
xdut.topn__t71                          1.8226
xdut.\$123__t0                           1.485
xdut.topn__t54                          1.8226
xdut.\$90__t25                           1.485
xdut.topn__t53                          1.8226
xdut.\$131__t1                           1.485
xdut.topn__t52                          1.8226
xdut.\$90__t24                           1.485
xdut.topn__t51                          1.8226
xdut.\$131__t0                           1.485
xdut.topn__t50                          1.8226
xdut.\$90__t23                           1.485
xdut.topn__t49                          1.8226
xdut.\$139__t0                           1.485
xdut.topn__t48                          1.8226
xdut.\$90__t22                           1.485
xdut.topn__t47                          1.8226
xdut.\$155__t0                           1.485
xdut.topn__t46                          1.8226
xdut.\$90__t21                           1.485
xdut.topn__t45                          1.8226
xdut.\$10__t112                          1.485
xdut.topp__t222                        1.53123
xdut.vcm__t0                             1.485
xdut.topp__t221                        1.53123
xdut.\$10__t109                          1.485
xdut.topp__t216                        1.53123
xdut.\$22__t1                            1.485
xdut.topp__t137                        1.53123
xdut.\$10__t71                           1.485
xdut.topp__t136                        1.53123
xdut.\$20__t2                            1.485
xdut.topp__t151                        1.53123
xdut.\$10__t114                          1.485
xdut.topp__t225                        1.53123
xdut.\$20__t3                            1.485
xdut.topp__t224                        1.53123
xdut.\$10__t113                          1.485
xdut.topp__t223                        1.53123
xdut.\$18__t3                            1.485
xdut.topp__t191                        1.53123
xdut.\$10__t123                          1.485
xdut.topp__t242                        1.53123
xdut.\$18__t6                            1.485
xdut.topp__t241                        1.53123
xdut.\$10__t122                          1.485
xdut.topp__t240                        1.53123
xdut.\$18__t5                            1.485
xdut.topp__t239                        1.53123
xdut.\$10__t121                          1.485
xdut.topp__t238                        1.53123
xdut.\$18__t4                            1.485
xdut.topp__t237                        1.53123
xdut.\$10__t120                          1.485
xdut.topp__t236                        1.53123
xdut.\$16__t14                           1.485
xdut.topp__t235                        1.53123
xdut.\$10__t135                          1.485
xdut.topp__t269                        1.53123
xdut.\$16__t23                           1.485
xdut.topp__t413                        1.53123
xdut.\$10__t207                          1.485
xdut.topp__t412                        1.53123
xdut.\$16__t22                           1.485
xdut.topp__t411                        1.53123
xdut.\$10__t206                          1.485
xdut.topp__t410                        1.53123
xdut.\$16__t21                           1.485
xdut.topp__t409                        1.53123
xdut.\$10__t205                          1.485
xdut.topp__t408                        1.53123
xdut.\$16__t20                           1.485
xdut.topp__t407                        1.53123
xdut.\$10__t211                          1.485
xdut.topp__t420                        1.53123
xdut.\$16__t19                           1.485
xdut.topp__t405                        1.53123
xdut.\$10__t204                          1.485
xdut.topp__t404                        1.53123
xdut.\$16__t18                           1.485
xdut.topp__t403                        1.53123
xdut.\$10__t203                          1.485
xdut.topp__t402                        1.53123
xdut.\$16__t17                           1.485
xdut.topp__t401                        1.53123
xdut.\$90__t222                          1.485
xdut.topn__t441                         1.8226
xdut.vcm__t1                             1.485
xdut.topn__t440                         1.8226
xdut.\$90__t65                           1.485
xdut.topn__t132                         1.8226
xdut.\$139__t1                           1.485
xdut.topn__t131                         1.8226
xdut.\$90__t64                           1.485
xdut.topn__t130                         1.8226
xdut.\$131__t3                           1.485
xdut.topn__t129                         1.8226
xdut.\$90__t63                           1.485
xdut.topn__t128                         1.8226
xdut.\$131__t2                           1.485
xdut.topn__t127                         1.8226
xdut.\$90__t62                           1.485
xdut.topn__t126                         1.8226
xdut.\$123__t5                           1.485
xdut.topn__t125                         1.8226
xdut.\$90__t61                           1.485
xdut.topn__t124                         1.8226
xdut.\$123__t13                          1.485
xdut.topn__t438                         1.8226
xdut.\$90__t41                           1.485
xdut.topn__t85                          1.8226
xdut.\$123__t1                           1.485
xdut.topn__t84                          1.8226
xdut.\$90__t40                           1.485
xdut.topn__t83                          1.8226
xdut.\$123__t2                           1.485
xdut.topn__t86                          1.8226
xdut.\$90__t212                          1.485
xdut.topn__t423                         1.8226
xdut.\$115__t23                          1.485
xdut.topn__t402                         1.8226
xdut.\$90__t200                          1.485
xdut.topn__t403                         1.8226
xdut.\$115__t6                           1.485
xdut.topn__t95                          1.8226
xdut.\$90__t186                          1.485
xdut.topn__t375                         1.8226
xdut.\$115__t13                          1.485
xdut.topn__t157                         1.8226
xdut.\$90__t76                           1.485
xdut.topn__t156                         1.8226
xdut.\$115__t14                          1.485
xdut.topn__t171                         1.8226
xdut.\$90__t75                           1.485
xdut.topn__t155                         1.8226
xdut.\$115__t12                          1.485
xdut.topn__t154                         1.8226
xdut.\$90__t74                           1.485
xdut.topn__t153                         1.8226
xdut.\$115__t11                          1.485
xdut.topn__t152                         1.8226
xdut.\$90__t73                           1.485
xdut.topn__t151                         1.8226
xdut.\$115__t10                          1.485
xdut.topn__t150                         1.8226
xdut.\$90__t72                           1.485
xdut.topn__t149                         1.8226
xdut.\$115__t9                           1.485
xdut.topn__t148                         1.8226
xdut.\$10__t134                          1.485
xdut.topp__t267                        1.53123
xdut.\$14__t26                           1.485
xdut.topp__t266                        1.53123
xdut.\$10__t133                          1.485
xdut.topp__t265                        1.53123
xdut.\$14__t25                           1.485
xdut.topp__t264                        1.53123
xdut.\$10__t139                          1.485
xdut.topp__t279                        1.53123
xdut.\$14__t24                           1.485
xdut.topp__t263                        1.53123
xdut.\$10__t161                          1.485
xdut.topp__t322                        1.53123
xdut.\$14__t36                           1.485
xdut.topp__t323                        1.53123
xdut.\$10__t162                          1.485
xdut.topp__t324                        1.53123
xdut.\$14__t41                           1.485
xdut.topp__t334                        1.53123
xdut.\$10__t164                          1.485
xdut.topp__t326                        1.53123
xdut.\$14__t37                           1.485
xdut.topp__t327                        1.53123
xdut.\$10__t165                          1.485
xdut.topp__t328                        1.53123
xdut.\$14__t38                           1.485
xdut.topp__t329                        1.53123
xdut.\$10__t166                          1.485
xdut.topp__t330                        1.53123
xdut.\$14__t39                           1.485
xdut.topp__t331                        1.53123
xdut.\$10__t167                          1.485
xdut.topp__t332                        1.53123
xdut.\$14__t40                           1.485
xdut.topp__t333                        1.53123
xdut.\$10__t163                          1.485
xdut.topp__t325                        1.53123
xdut.\$14__t35                           1.485
xdut.topp__t321                        1.53123
xdut.\$10__t160                          1.485
xdut.topp__t320                        1.53123
xdut.\$14__t34                           1.485
xdut.topp__t319                        1.53123
xdut.\$10__t159                          1.485
xdut.topp__t318                        1.53123
xdut.\$14__t33                           1.485
xdut.topp__t317                        1.53123
xdut.\$10__t158                          1.485
xdut.topp__t316                        1.53123
xdut.\$14__t32                           1.485
xdut.topp__t315                        1.53123
xdut.\$10__t157                          1.485
xdut.topp__t314                        1.53123
xdut.\$14__t31                           1.485
xdut.topp__t313                        1.53123
xdut.\$10__t156                          1.485
xdut.topp__t312                        1.53123
xdut.\$14__t30                           1.485
xdut.topp__t311                        1.53123
xdut.\$10__t155                          1.485
xdut.topp__t310                        1.53123
xdut.\$14__t29                           1.485
xdut.topp__t309                        1.53123
xdut.\$90__t85                           1.485
xdut.topn__t173                         1.8226
xdut.\$107__t15                          1.485
xdut.topn__t172                         1.8226
xdut.\$90__t187                          1.485
xdut.topn__t376                         1.8226
xdut.\$107__t41                          1.485
xdut.topn__t377                         1.8226
xdut.\$90__t188                          1.485
xdut.topn__t378                         1.8226
xdut.\$107__t42                          1.485
xdut.topn__t379                         1.8226
xdut.\$90__t189                          1.485
xdut.topn__t380                         1.8226
xdut.\$107__t43                          1.485
xdut.topn__t381                         1.8226
xdut.\$90__t190                          1.485
xdut.topn__t382                         1.8226
xdut.\$107__t44                          1.485
xdut.topn__t383                         1.8226
xdut.\$90__t191                          1.485
xdut.topn__t384                         1.8226
xdut.\$107__t52                          1.485
xdut.topn__t401                         1.8226
xdut.\$90__t192                          1.485
xdut.topn__t386                         1.8226
xdut.\$107__t45                          1.485
xdut.topn__t387                         1.8226
xdut.\$90__t193                          1.485
xdut.topn__t388                         1.8226
xdut.\$107__t46                          1.485
xdut.topn__t389                         1.8226
xdut.\$90__t194                          1.485
xdut.topn__t390                         1.8226
xdut.\$107__t47                          1.485
xdut.topn__t391                         1.8226
xdut.\$90__t195                          1.485
xdut.topn__t392                         1.8226
xdut.\$107__t48                          1.485
xdut.topn__t393                         1.8226
xdut.\$90__t196                          1.485
xdut.topn__t394                         1.8226
xdut.\$107__t49                          1.485
xdut.topn__t395                         1.8226
xdut.\$90__t197                          1.485
xdut.topn__t396                         1.8226
xdut.\$107__t50                          1.485
xdut.topn__t397                         1.8226
xdut.\$90__t198                          1.485
xdut.topn__t398                         1.8226
xdut.\$107__t51                          1.485
xdut.topn__t399                         1.8226
xdut.\$90__t106                          1.485
xdut.topn__t217                         1.8226
xdut.\$107__t18                          1.485
xdut.topn__t219                         1.8226
xdut.\$90__t107                          1.485
xdut.topn__t220                         1.8226
xdut.\$107__t19                          1.485
xdut.topn__t221                         1.8226
xdut.\$90__t108                          1.485
xdut.topn__t222                         1.8226
xdut.\$107__t20                          1.485
xdut.topn__t223                         1.8226
xdut.\$10__t19                           1.485
xdut.topp__t36                         1.53123
xdut.\$12__t63                           1.485
xdut.topp__t210                        1.53123
xdut.\$10__t105                          1.485
xdut.topp__t209                        1.53123
xdut.\$12__t62                           1.485
xdut.topp__t208                        1.53123
xdut.\$10__t22                           1.485
xdut.topp__t41                         1.53123
xdut.\$12__t10                           1.485
xdut.topp__t40                         1.53123
xdut.\$10__t21                           1.485
xdut.topp__t39                         1.53123
xdut.\$12__t9                            1.485
xdut.topp__t38                         1.53123
xdut.\$10__t20                           1.485
xdut.topp__t37                         1.53123
xdut.\$12__t26                           1.485
xdut.topp__t110                        1.53123
xdut.\$10__t104                          1.485
xdut.topp__t207                        1.53123
xdut.\$12__t61                           1.485
xdut.topp__t205                        1.53123
xdut.\$10__t102                          1.485
xdut.topp__t204                        1.53123
xdut.\$12__t60                           1.485
xdut.topp__t203                        1.53123
xdut.\$10__t103                          1.485
xdut.topp__t206                        1.53123
xdut.\$12__t58                           1.485
xdut.topp__t201                        1.53123
xdut.\$10__t101                          1.485
xdut.topp__t200                        1.53123
xdut.\$12__t54                           1.485
xdut.topp__t193                        1.53123
xdut.\$10__t138                          1.485
xdut.topp__t278                        1.53123
xdut.\$12__t27                           1.485
xdut.topp__t112                        1.53123
xdut.\$10__t132                          1.485
xdut.topp__t262                        1.53123
xdut.\$12__t89                           1.485
xdut.topp__t307                        1.53123
xdut.\$10__t147                          1.485
xdut.topp__t293                        1.53123
xdut.\$12__t82                           1.485
xdut.topp__t292                        1.53123
xdut.\$10__t146                          1.485
xdut.topp__t291                        1.53123
xdut.\$12__t17                           1.485
xdut.topp__t89                         1.53123
xdut.\$10__t45                           1.485
xdut.topp__t88                         1.53123
xdut.\$12__t15                           1.485
xdut.topp__t74                         1.53123
xdut.\$10__t38                           1.485
xdut.topp__t73                         1.53123
xdut.\$12__t29                           1.485
xdut.topp__t115                        1.53123
xdut.\$10__t58                           1.485
xdut.topp__t114                        1.53123
xdut.\$12__t28                           1.485
xdut.topp__t113                        1.53123
xdut.\$90__t2                            1.485
xdut.topn__t6                           1.8226
xdut.\$99__t1                            1.485
xdut.topn__t5                           1.8226
xdut.\$90__t233                          1.485
xdut.topn__t465                         1.8226
xdut.\$99__t118                          1.485
xdut.topn__t466                         1.8226
xdut.\$90__t234                          1.485
xdut.topn__t467                         1.8226
xdut.\$99__t119                          1.485
xdut.topn__t468                         1.8226
xdut.\$90__t235                          1.485
xdut.topn__t469                         1.8226
xdut.\$99__t120                          1.485
xdut.topn__t470                         1.8226
xdut.\$90__t206                          1.485
xdut.topn__t412                         1.8226
xdut.\$99__t101                          1.485
xdut.topn__t410                         1.8226
xdut.\$90__t205                          1.485
xdut.topn__t411                         1.8226
xdut.\$99__t72                           1.485
xdut.topn__t273                         1.8226
xdut.\$90__t216                          1.485
xdut.topn__t431                         1.8226
xdut.\$99__t111                          1.485
xdut.topn__t432                         1.8226
xdut.\$90__t221                          1.485
xdut.topn__t439                         1.8226
xdut.\$99__t107                          1.485
xdut.topn__t424                         1.8226
xdut.\$90__t213                          1.485
xdut.topn__t425                         1.8226
xdut.\$99__t108                          1.485
xdut.topn__t426                         1.8226
xdut.\$90__t214                          1.485
xdut.topn__t427                         1.8226
xdut.\$99__t109                          1.485
xdut.topn__t428                         1.8226
xdut.\$90__t118                          1.485
xdut.topn__t240                         1.8226
xdut.\$99__t51                           1.485
xdut.topn__t189                         1.8226
xdut.\$90__t97                           1.485
xdut.topn__t201                         1.8226
xdut.\$99__t74                           1.485
xdut.topn__t279                         1.8226
xdut.\$90__t145                          1.485
xdut.topn__t291                         1.8226
xdut.\$99__t79                           1.485
xdut.topn__t303                         1.8226
xdut.\$90__t89                           1.485
xdut.topn__t183                         1.8226
xdut.\$99__t48                           1.485
xdut.topn__t184                         1.8226
xdut.\$90__t90                           1.485
xdut.topn__t185                         1.8226
xdut.\$99__t49                           1.485
xdut.topn__t186                         1.8226
xdut.\$90__t91                           1.485
xdut.topn__t187                         1.8226
xdut.\$99__t50                           1.485
xdut.topn__t188                         1.8226
xdut.\$10__t18                           1.485
xdut.topp__t35                         1.53123
xdut.\$12__t8                            1.485
xdut.topp__t34                         1.53123
xdut.\$10__t17                           1.485
xdut.topp__t33                         1.53123
xdut.\$12__t7                            1.485
xdut.topp__t32                         1.53123
xdut.\$10__t70                           1.485
xdut.topp__t135                        1.53123
xdut.\$12__t65                           1.485
xdut.topp__t214                        1.53123
xdut.\$10__t107                          1.485
xdut.topp__t213                        1.53123
xdut.\$12__t64                           1.485
xdut.topp__t212                        1.53123
xdut.\$10__t106                          1.485
xdut.topp__t211                        1.53123
xdut.\$12__t6                            1.485
xdut.topp__t29                         1.53123
xdut.\$10__t108                          1.485
xdut.topp__t215                        1.53123
xdut.\$12__t57                           1.485
xdut.topp__t198                        1.53123
xdut.\$10__t100                          1.485
xdut.topp__t197                        1.53123
xdut.\$12__t56                           1.485
xdut.topp__t196                        1.53123
xdut.\$10__t99                           1.485
xdut.topp__t195                        1.53123
xdut.\$12__t55                           1.485
xdut.topp__t194                        1.53123
xdut.\$10__t98                           1.485
xdut.topp__t192                        1.53123
xdut.\$12__t59                           1.485
xdut.topp__t202                        1.53123
xdut.\$10__t137                          1.485
xdut.topp__t276                        1.53123
xdut.\$12__t73                           1.485
xdut.topp__t261                        1.53123
xdut.\$10__t131                          1.485
xdut.topp__t260                        1.53123
xdut.\$12__t72                           1.485
xdut.topp__t259                        1.53123
xdut.\$10__t130                          1.485
xdut.topp__t258                        1.53123
xdut.\$12__t71                           1.485
xdut.topp__t257                        1.53123
xdut.\$10__t129                          1.485
xdut.topp__t256                        1.53123
xdut.\$12__t70                           1.485
xdut.topp__t255                        1.53123
xdut.\$10__t128                          1.485
xdut.topp__t254                        1.53123
xdut.\$12__t69                           1.485
xdut.topp__t253                        1.53123
xdut.\$10__t127                          1.485
xdut.topp__t252                        1.53123
xdut.\$12__t68                           1.485
xdut.topp__t251                        1.53123
xdut.\$10__t126                          1.485
xdut.topp__t250                        1.53123
xdut.\$12__t67                           1.485
xdut.topp__t249                        1.53123
xdut.\$90__t68                           1.485
xdut.topn__t138                         1.8226
xdut.\$99__t38                           1.485
xdut.topn__t139                         1.8226
xdut.\$90__t207                          1.485
xdut.topn__t413                         1.8226
xdut.\$99__t102                          1.485
xdut.topn__t414                         1.8226
xdut.\$90__t208                          1.485
xdut.topn__t415                         1.8226
xdut.\$99__t103                          1.485
xdut.topn__t416                         1.8226
xdut.\$90__t253                          1.485
xdut.topn__t507                         1.8226
xdut.\$99__t126                          1.485
xdut.topn__t508                         1.8226
xdut.\$90__t254                          1.485
xdut.topn__t509                         1.8226
xdut.\$99__t127                          1.485
xdut.topn__t511                         1.8226
xdut.\$90__t201                          1.485
xdut.topn__t404                         1.8226
xdut.\$99__t65                           1.485
xdut.topn__t259                         1.8226
xdut.\$90__t209                          1.485
xdut.topn__t417                         1.8226
xdut.\$99__t104                          1.485
xdut.topn__t418                         1.8226
xdut.\$90__t210                          1.485
xdut.topn__t419                         1.8226
xdut.\$99__t105                          1.485
xdut.topn__t420                         1.8226
xdut.\$90__t211                          1.485
xdut.topn__t421                         1.8226
xdut.\$99__t106                          1.485
xdut.topn__t422                         1.8226
xdut.\$90__t215                          1.485
xdut.topn__t429                         1.8226
xdut.\$99__t110                          1.485
xdut.topn__t430                         1.8226
xdut.\$90__t110                          1.485
xdut.topn__t225                         1.8226
xdut.\$99__t52                           1.485
xdut.topn__t190                         1.8226
xdut.\$90__t92                           1.485
xdut.topn__t191                         1.8226
xdut.\$99__t53                           1.485
xdut.topn__t192                         1.8226
xdut.\$90__t102                          1.485
xdut.topn__t209                         1.8226
xdut.\$99__t54                           1.485
xdut.topn__t194                         1.8226
xdut.\$90__t94                           1.485
xdut.topn__t195                         1.8226
xdut.\$99__t55                           1.485
xdut.topn__t196                         1.8226
xdut.\$90__t95                           1.485
xdut.topn__t197                         1.8226
xdut.\$99__t56                           1.485
xdut.topn__t198                         1.8226
xdut.\$90__t96                           1.485
xdut.topn__t199                         1.8226
xdut.\$99__t57                           1.485
xdut.topn__t200                         1.8226
xdut.\$12__t25                           1.485
xdut.topp__t108                        1.53123
xdut.\$10__t61                           1.485
xdut.topp__t119                        1.53123
xdut.\$12__t24                           1.485
xdut.topp__t106                        1.53123
xdut.\$10__t55                           1.485
xdut.topp__t105                        1.53123
xdut.\$12__t23                           1.485
xdut.topp__t104                        1.53123
xdut.\$10__t54                           1.485
xdut.topp__t103                        1.53123
xdut.\$12__t22                           1.485
xdut.topp__t102                        1.53123
xdut.\$10__t53                           1.485
xdut.topp__t101                        1.53123
xdut.\$12__t21                           1.485
xdut.topp__t100                        1.53123
xdut.\$10__t52                           1.485
xdut.topp__t99                         1.53123
xdut.\$12__t20                           1.485
xdut.topp__t98                         1.53123
xdut.\$10__t51                           1.485
xdut.topp__t97                         1.53123
xdut.\$12__t19                           1.485
xdut.topp__t96                         1.53123
xdut.\$10__t50                           1.485
xdut.topp__t95                         1.53123
xdut.\$12__t18                           1.485
xdut.topp__t94                         1.53123
xdut.\$10__t49                           1.485
xdut.topp__t93                         1.53123
xdut.\$12__t16                           1.485
xdut.topp__t77                         1.53123
xdut.\$10__t16                           1.485
xdut.topp__t30                         1.53123
xdut.\$12__t76                           1.485
xdut.topp__t275                        1.53123
xdut.\$10__t154                          1.485
xdut.topp__t306                        1.53123
xdut.\$12__t88                           1.485
xdut.topp__t305                        1.53123
xdut.\$10__t153                          1.485
xdut.topp__t304                        1.53123
xdut.\$12__t87                           1.485
xdut.topp__t303                        1.53123
xdut.\$10__t152                          1.485
xdut.topp__t302                        1.53123
xdut.\$12__t86                           1.485
xdut.topp__t301                        1.53123
xdut.\$10__t151                          1.485
xdut.topp__t300                        1.53123
xdut.\$12__t85                           1.485
xdut.topp__t299                        1.53123
xdut.\$10__t150                          1.485
xdut.topp__t298                        1.53123
xdut.\$12__t84                           1.485
xdut.topp__t297                        1.53123
xdut.\$10__t149                          1.485
xdut.topp__t296                        1.53123
xdut.\$12__t83                           1.485
xdut.topp__t295                        1.53123
xdut.\$10__t148                          1.485
xdut.topp__t294                        1.53123
xdut.\$99__t39                           1.485
xdut.topn__t140                         1.8226
xdut.\$90__t67                           1.485
xdut.topn__t137                         1.8226
xdut.\$99__t66                           1.485
xdut.topn__t262                         1.8226
xdut.\$90__t130                          1.485
xdut.topn__t263                         1.8226
xdut.\$99__t67                           1.485
xdut.topn__t264                         1.8226
xdut.\$90__t131                          1.485
xdut.topn__t265                         1.8226
xdut.\$99__t68                           1.485
xdut.topn__t266                         1.8226
xdut.\$90__t132                          1.485
xdut.topn__t267                         1.8226
xdut.\$99__t69                           1.485
xdut.topn__t268                         1.8226
xdut.\$90__t133                          1.485
xdut.topn__t269                         1.8226
xdut.\$99__t70                           1.485
xdut.topn__t270                         1.8226
xdut.\$90__t134                          1.485
xdut.topn__t271                         1.8226
xdut.\$99__t71                           1.485
xdut.topn__t272                         1.8226
xdut.\$90__t93                           1.485
xdut.topn__t193                         1.8226
xdut.\$99__t61                           1.485
xdut.topn__t251                         1.8226
xdut.\$90__t124                          1.485
xdut.topn__t252                         1.8226
xdut.\$99__t62                           1.485
xdut.topn__t253                         1.8226
xdut.\$90__t125                          1.485
xdut.topn__t254                         1.8226
xdut.\$99__t63                           1.485
xdut.topn__t255                         1.8226
xdut.\$90__t126                          1.485
xdut.topn__t256                         1.8226
xdut.\$99__t46                           1.485
xdut.topn__t179                         1.8226
xdut.\$90__t98                           1.485
xdut.topn__t202                         1.8226
xdut.\$99__t58                           1.485
xdut.topn__t203                         1.8226
xdut.\$90__t99                           1.485
xdut.topn__t204                         1.8226
xdut.\$99__t59                           1.485
xdut.topn__t205                         1.8226
xdut.\$90__t100                          1.485
xdut.topn__t206                         1.8226
xdut.\$99__t60                           1.485
xdut.topn__t207                         1.8226
xdut.\$90__t101                          1.485
xdut.topn__t208                         1.8226
xdut.\$99__t64                           1.485
xdut.topn__t257                         1.8226
xdut.\$90__t135                          1.485
xdut.topn__t274                         1.8226
xdut.\$99__t73                           1.485
xdut.topn__t275                         1.8226
xdut.\$90__t138                          1.485
xdut.topn__t278                         1.8226
xdut.\$12__t11                           1.485
xdut.topp__t43                         1.53123
xdut.\$10__t23                           1.485
xdut.topp__t42                         1.53123
xdut.\$12__t12                           1.485
xdut.topp__t44                         1.53123
xdut.\$10__t3                            1.485
xdut.topp__t5                          1.53123
xdut.\$12__t1                            1.485
xdut.topp__t4                          1.53123
xdut.\$10__t26                           1.485
xdut.topp__t48                         1.53123
xdut.\$12__t14                           1.485
xdut.topp__t63                         1.53123
xdut.\$10__t24                           1.485
xdut.topp__t46                         1.53123
xdut.\$12__t13                           1.485
xdut.topp__t45                         1.53123
xdut.\$10__t57                           1.485
xdut.topp__t111                        1.53123
xdut.\$12__t4                            1.485
xdut.topp__t26                         1.53123
xdut.\$10__t14                           1.485
xdut.topp__t25                         1.53123
xdut.\$12__t3                            1.485
xdut.topp__t16                         1.53123
xdut.\$10__t5                            1.485
xdut.topp__t8                          1.53123
xdut.\$12__t2                            1.485
xdut.topp__t7                          1.53123
xdut.\$10__t4                            1.485
xdut.topp__t6                          1.53123
xdut.\$12__t5                            1.485
xdut.topp__t28                         1.53123
xdut.\$10__t15                           1.485
xdut.topp__t27                         1.53123
xdut.\$12__t75                           1.485
xdut.topp__t272                        1.53123
xdut.\$10__t145                          1.485
xdut.topp__t290                        1.53123
xdut.\$12__t81                           1.485
xdut.topp__t289                        1.53123
xdut.\$10__t144                          1.485
xdut.topp__t288                        1.53123
xdut.\$12__t80                           1.485
xdut.topp__t287                        1.53123
xdut.\$10__t143                          1.485
xdut.topp__t286                        1.53123
xdut.\$12__t79                           1.485
xdut.topp__t285                        1.53123
xdut.\$10__t142                          1.485
xdut.topp__t284                        1.53123
xdut.\$12__t78                           1.485
xdut.topp__t283                        1.53123
xdut.\$10__t141                          1.485
xdut.topp__t282                        1.53123
xdut.\$12__t77                           1.485
xdut.topp__t281                        1.53123
xdut.\$10__t140                          1.485
xdut.topp__t280                        1.53123
xdut.\$12__t66                           1.485
xdut.topp__t248                        1.53123
xdut.\$10__t46                           1.485
xdut.topp__t90                         1.53123
xdut.\$99__t0                            1.485
xdut.topn__t4                           1.8226
xdut.\$90__t1                            1.485
xdut.topn__t3                           1.8226
xdut.\$99__t121                          1.485
xdut.topn__t471                         1.8226
xdut.\$90__t228                          1.485
xdut.topn__t454                         1.8226
xdut.\$99__t114                          1.485
xdut.topn__t455                         1.8226
xdut.\$90__t229                          1.485
xdut.topn__t456                         1.8226
xdut.\$99__t115                          1.485
xdut.topn__t457                         1.8226
xdut.\$90__t230                          1.485
xdut.topn__t458                         1.8226
xdut.\$99__t116                          1.485
xdut.topn__t459                         1.8226
xdut.\$90__t231                          1.485
xdut.topn__t460                         1.8226
xdut.\$99__t117                          1.485
xdut.topn__t461                         1.8226
xdut.\$90__t127                          1.485
xdut.topn__t258                         1.8226
xdut.\$99__t124                          1.485
xdut.topn__t488                         1.8226
xdut.\$90__t245                          1.485
xdut.topn__t489                         1.8226
xdut.\$99__t122                          1.485
xdut.topn__t474                         1.8226
xdut.\$90__t241                          1.485
xdut.topn__t483                         1.8226
xdut.\$99__t123                          1.485
xdut.topn__t484                         1.8226
xdut.\$90__t242                          1.485
xdut.topn__t485                         1.8226
xdut.\$99__t125                          1.485
xdut.topn__t502                         1.8226
xdut.\$90__t244                          1.485
xdut.topn__t487                         1.8226
xdut.\$99__t47                           1.485
xdut.topn__t180                         1.8226
xdut.\$90__t139                          1.485
xdut.topn__t280                         1.8226
xdut.\$99__t75                           1.485
xdut.topn__t281                         1.8226
xdut.\$90__t140                          1.485
xdut.topn__t282                         1.8226
xdut.\$99__t76                           1.485
xdut.topn__t283                         1.8226
xdut.\$90__t141                          1.485
xdut.topn__t284                         1.8226
xdut.\$99__t77                           1.485
xdut.topn__t285                         1.8226
xdut.\$90__t142                          1.485
xdut.topn__t286                         1.8226
xdut.\$99__t78                           1.485
xdut.topn__t287                         1.8226
xdut.\$90__t143                          1.485
xdut.topn__t288                         1.8226
xdut.\$99__t80                           1.485
xdut.topn__t305                         1.8226
xdut.\$90__t144                          1.485
xdut.topn__t290                         1.8226
xdut.\$14__t0                            1.485
xdut.topp__t3                          1.53123
xdut.\$10__t2                            1.485
xdut.topp__t2                          1.53123
xdut.\$14__t8                            1.485
xdut.topp__t55                         1.53123
xdut.\$10__t29                           1.485
xdut.topp__t54                         1.53123
xdut.\$14__t7                            1.485
xdut.topp__t53                         1.53123
xdut.\$10__t28                           1.485
xdut.topp__t52                         1.53123
xdut.\$14__t6                            1.485
xdut.topp__t51                         1.53123
xdut.\$10__t27                           1.485
xdut.topp__t50                         1.53123
xdut.\$14__t5                            1.485
xdut.topp__t49                         1.53123
xdut.\$10__t56                           1.485
xdut.topp__t109                        1.53123
xdut.\$14__t4                            1.485
xdut.topp__t24                         1.53123
xdut.\$10__t13                           1.485
xdut.topp__t23                         1.53123
xdut.\$14__t3                            1.485
xdut.topp__t22                         1.53123
xdut.\$10__t12                           1.485
xdut.topp__t21                         1.53123
xdut.\$14__t2                            1.485
xdut.topp__t20                         1.53123
xdut.\$10__t11                           1.485
xdut.topp__t19                         1.53123
xdut.\$14__t1                            1.485
xdut.topp__t18                         1.53123
xdut.\$10__t10                           1.485
xdut.topp__t17                         1.53123
xdut.\$14__t27                           1.485
xdut.topp__t270                        1.53123
xdut.\$10__t44                           1.485
xdut.topp__t87                         1.53123
xdut.\$14__t14                           1.485
xdut.topp__t86                         1.53123
xdut.\$10__t43                           1.485
xdut.topp__t85                         1.53123
xdut.\$14__t13                           1.485
xdut.topp__t84                         1.53123
xdut.\$10__t42                           1.485
xdut.topp__t83                         1.53123
xdut.\$14__t12                           1.485
xdut.topp__t82                         1.53123
xdut.\$10__t41                           1.485
xdut.topp__t81                         1.53123
xdut.\$14__t11                           1.485
xdut.topp__t80                         1.53123
xdut.\$10__t40                           1.485
xdut.topp__t79                         1.53123
xdut.\$14__t10                           1.485
xdut.topp__t78                         1.53123
xdut.\$10__t47                           1.485
xdut.topp__t91                         1.53123
xdut.\$14__t9                            1.485
xdut.topp__t76                         1.53123
xdut.\$10__t39                           1.485
xdut.topp__t75                         1.53123
xdut.\$107__t1                           1.485
xdut.topn__t2                           1.8226
xdut.\$90__t0                            1.485
xdut.topn__t1                           1.8226
xdut.\$107__t62                          1.485
xdut.topn__t501                         1.8226
xdut.\$90__t243                          1.485
xdut.topn__t486                         1.8226
xdut.\$107__t54                          1.485
xdut.topn__t447                         1.8226
xdut.\$90__t225                          1.485
xdut.topn__t448                         1.8226
xdut.\$107__t55                          1.485
xdut.topn__t449                         1.8226
xdut.\$90__t226                          1.485
xdut.topn__t450                         1.8226
xdut.\$107__t56                          1.485
xdut.topn__t451                         1.8226
xdut.\$90__t227                          1.485
xdut.topn__t452                         1.8226
xdut.\$107__t57                          1.485
xdut.topn__t453                         1.8226
xdut.\$90__t128                          1.485
xdut.topn__t260                         1.8226
xdut.\$107__t59                          1.485
xdut.topn__t490                         1.8226
xdut.\$90__t246                          1.485
xdut.topn__t491                         1.8226
xdut.\$107__t60                          1.485
xdut.topn__t492                         1.8226
xdut.\$90__t247                          1.485
xdut.topn__t493                         1.8226
xdut.\$107__t61                          1.485
xdut.topn__t494                         1.8226
xdut.\$90__t255                          1.485
xdut.topn__t510                         1.8226
xdut.\$107__t58                          1.485
xdut.topn__t472                         1.8226
xdut.\$90__t236                          1.485
xdut.topn__t473                         1.8226
xdut.\$107__t16                          1.485
xdut.topn__t181                         1.8226
xdut.\$90__t146                          1.485
xdut.topn__t292                         1.8226
xdut.\$107__t26                          1.485
xdut.topn__t293                         1.8226
xdut.\$90__t147                          1.485
xdut.topn__t294                         1.8226
xdut.\$107__t27                          1.485
xdut.topn__t295                         1.8226
xdut.\$90__t148                          1.485
xdut.topn__t296                         1.8226
xdut.\$107__t28                          1.485
xdut.topn__t297                         1.8226
xdut.\$90__t149                          1.485
xdut.topn__t298                         1.8226
xdut.\$107__t29                          1.485
xdut.topn__t299                         1.8226
xdut.\$90__t150                          1.485
xdut.topn__t300                         1.8226
xdut.\$107__t30                          1.485
xdut.topn__t301                         1.8226
xdut.\$90__t151                          1.485
xdut.topn__t302                         1.8226
xdut.\$16__t0                            1.485
xdut.topp__t1                          1.53123
xdut.\$10__t25                           1.485
xdut.topp__t47                         1.53123
xdut.\$16__t7                            1.485
xdut.topp__t62                         1.53123
xdut.\$10__t32                           1.485
xdut.topp__t61                         1.53123
xdut.\$16__t6                            1.485
xdut.topp__t60                         1.53123
xdut.\$10__t31                           1.485
xdut.topp__t59                         1.53123
xdut.\$16__t5                            1.485
xdut.topp__t58                         1.53123
xdut.\$10__t30                           1.485
xdut.topp__t57                         1.53123
xdut.\$16__t4                            1.485
xdut.topp__t56                         1.53123
xdut.\$10__t48                           1.485
xdut.topp__t92                         1.53123
xdut.\$16__t3                            1.485
xdut.topp__t31                         1.53123
xdut.\$10__t9                            1.485
xdut.topp__t15                         1.53123
xdut.\$16__t2                            1.485
xdut.topp__t14                         1.53123
xdut.\$10__t8                            1.485
xdut.topp__t13                         1.53123
xdut.\$16__t1                            1.485
xdut.topp__t12                         1.53123
xdut.\$10__t7                            1.485
xdut.topp__t11                         1.53123
xdut.\$18__t0                            1.485
xdut.topp__t10                         1.53123
xdut.\$10__t6                            1.485
xdut.topp__t9                          1.53123
xdut.\$18__t8                            1.485
xdut.topp__t268                        1.53123
xdut.\$10__t37                           1.485
xdut.topp__t72                         1.53123
xdut.\$18__t2                            1.485
xdut.topp__t71                         1.53123
xdut.\$10__t36                           1.485
xdut.topp__t70                         1.53123
xdut.\$18__t1                            1.485
xdut.topp__t69                         1.53123
xdut.\$10__t35                           1.485
xdut.topp__t68                         1.53123
xdut.\$20__t1                            1.485
xdut.topp__t67                         1.53123
xdut.\$10__t34                           1.485
xdut.topp__t66                         1.53123
xdut.\$20__t0                            1.485
xdut.topp__t65                         1.53123
xdut.\$10__t33                           1.485
xdut.topp__t64                         1.53123
xdut.\$22__t0                            1.485
xdut.topp__t107                        1.53123
xdut.\$10__t60                           1.485
xdut.topp__t118                        1.53123
xdut.\$24__t0                            1.485
xdut.topp__t117                        1.53123
xdut.\$10__t59                           1.485
xdut.topp__t116                        1.53123
xdut.\$115__t0                           1.485
xdut.topn__t8                           1.8226
xdut.\$90__t3                            1.485
xdut.topn__t7                           1.8226
xdut.\$115__t25                          1.485
xdut.topn__t462                         1.8226
xdut.\$90__t232                          1.485
xdut.topn__t463                         1.8226
xdut.\$115__t26                          1.485
xdut.topn__t464                         1.8226
xdut.\$90__t248                          1.485
xdut.topn__t495                         1.8226
xdut.\$115__t29                          1.485
xdut.topn__t496                         1.8226
xdut.\$90__t249                          1.485
xdut.topn__t497                         1.8226
xdut.\$115__t30                          1.485
xdut.topn__t498                         1.8226
xdut.\$90__t250                          1.485
xdut.topn__t499                         1.8226
xdut.\$115__t31                          1.485
xdut.topn__t500                         1.8226
xdut.\$90__t129                          1.485
xdut.topn__t261                         1.8226
xdut.\$115__t27                          1.485
xdut.topn__t475                         1.8226
xdut.\$90__t237                          1.485
xdut.topn__t476                         1.8226
xdut.\$115__t28                          1.485
xdut.topn__t477                         1.8226
xdut.\$90__t238                          1.485
xdut.topn__t478                         1.8226
xdut.\$123__t14                          1.485
xdut.topn__t479                         1.8226
xdut.\$90__t239                          1.485
xdut.topn__t480                         1.8226
xdut.\$123__t15                          1.485
xdut.topn__t481                         1.8226
xdut.\$90__t240                          1.485
xdut.topn__t482                         1.8226
xdut.\$123__t6                           1.485
xdut.topn__t182                         1.8226
xdut.\$90__t152                          1.485
xdut.topn__t304                         1.8226
xdut.\$123__t8                           1.485
xdut.topn__t289                         1.8226
xdut.\$90__t119                          1.485
xdut.topn__t242                         1.8226
xdut.\$131__t4                           1.485
xdut.topn__t243                         1.8226
xdut.\$90__t120                          1.485
xdut.topn__t244                         1.8226
xdut.\$131__t5                           1.485
xdut.topn__t245                         1.8226
xdut.\$90__t121                          1.485
xdut.topn__t246                         1.8226
xdut.\$139__t2                           1.485
xdut.topn__t247                         1.8226
xdut.\$90__t122                          1.485
xdut.topn__t248                         1.8226
xdut.\$147__t0                           1.485
xdut.topn__t249                         1.8226
xdut.\$90__t123                          1.485
xdut.topn__t250                         1.8226
xdut.\$10                                1.485
xdut.\$100                                2.97
xdut.\$102                          1.4005e-08
xdut.\$104                                2.97
xdut.\$106                                2.97
xdut.\$107                               1.485
xdut.\$108                                2.97
xdut.\$11                                 2.97
xdut.\$110                         1.35592e-08
xdut.\$112                                2.97
xdut.\$114                                2.97
xdut.\$115                               1.485
xdut.\$116                                2.97
xdut.\$118                         1.31436e-08
xdut.\$12                                1.485
xdut.\$120                                2.97
xdut.\$122                                2.97
xdut.\$123                               1.485
xdut.\$124                                2.97
xdut.\$126                          1.3287e-08
xdut.\$128                                2.97
xdut.\$13                                 2.97
xdut.\$130                                2.97
xdut.\$131                               1.485
xdut.\$132                                2.97
xdut.\$134                         1.37237e-08
xdut.\$136                                2.97
xdut.\$138                                2.97
xdut.\$139                               1.485
xdut.\$14                                1.485
xdut.\$140                                2.97
xdut.\$142                         1.41714e-08
xdut.\$144                                2.97
xdut.\$146                                2.97
xdut.\$147                               1.485
xdut.\$148                                2.97
xdut.\$15                                 2.97
xdut.\$150                         1.46213e-08
xdut.\$152                                2.97
xdut.\$154                                2.97
xdut.\$155                               1.485
xdut.\$16                                1.485
xdut.\$166                                2.97
xdut.\$167                                2.97
xdut.\$17                                 2.97
xdut.\$18                                1.485
xdut.\$19                                 2.97
xdut.\$20                                1.485
xdut.\$21                                 2.97
xdut.\$22                                1.485
xdut.\$23                                 2.97
xdut.\$24                                1.485
xdut.\$25                                 2.97
xdut.\$26                                1.485
xdut.\$27                          1.49088e-08
xdut.\$29                                 2.97
xdut.\$31                          1.44595e-08
xdut.\$33                                 2.97
xdut.\$35                          1.40123e-08
xdut.\$37                                 2.97
xdut.\$39                          1.35719e-08
xdut.\$41                                 2.97
xdut.\$43                          1.31806e-08
xdut.\$45                                 2.97
xdut.\$47                          1.33095e-08
xdut.\$49                                 2.97
xdut.\$51                          1.37337e-08
xdut.\$53                                 2.97
xdut.\$55                          1.41778e-08
xdut.\$57                                 2.97
xdut.\$59                          1.46259e-08
xdut.\$61                                 2.97
xdut.\$65                                 2.97
xdut.\$67                                 2.97
xdut.\$69                                 2.97
xdut.\$71                                 2.97
xdut.\$73                                 2.97
xdut.\$75                                 2.97
xdut.\$77                                 2.97
xdut.\$79                                 2.97
xdut.\$81                                 2.97
xdut.\$83                                 2.97
xdut.\$85                          1.49048e-08
xdut.\$87                                 2.97
xdut.\$89                                 2.97
xdut.\$9                                  2.97
xdut.\$90                                1.485
xdut.\$92                                 2.97
xdut.\$94                          1.44543e-08
xdut.\$96                                 2.97
xdut.\$98                                 2.97
xdut.\$99                                1.485
se_topn                                 1.8226
se_topp                                1.53123
se_ibias                              0.678004
xsecmp.xpre.ptail                     0.936537
xsecmp.pon                             2.96488
xsecmp.preamp_in1                      1.53123
xsecmp.pop                             1.52653
xsecmp.preamp_in2                       1.8226
xsecmp.xpre.xrlp.11                    2.96944
xsecmp.xpre.xrlp.21                    1.52709
xsecmp.xpre.xrln.11                       2.97
xsecmp.xpre.xrln.21                    2.96488
xsecmp.xlat.ltail                      2.26023
xsecmp.xlat.dip                           2.97
xsecmp.xlat.din                           2.97
xsecmp.outn                               2.97
xsecmp.outp                               2.97
xsecmp.sset                        1.77263e-08
xsecmp.srst                        1.77263e-08
xsecmp.xno1.ps                         2.77772
se_cmpb                                1.23664
xsecmp.xno2.ps                         2.77772
se_code                                      0
se_dacp                            1.11022e-16
se_dacn                            1.11022e-16
se_di                                        0
se_err                                  100.46
se_aerrh                                     0
seph                                      2.97
bseph#branch                                 0
bseea#branch                                 0
bsee#branch                                  0
bsedi#branch                                 0
bsedacn#branch                               0
bsedacp#branch                               0
bsecode#branch                               0
lref#branch                        1.59036e-09
v.xsecmp.vpn#branch                1.57821e-28
v.xsecmp.vpp#branch                2.27291e-28
vsemode#branch                               0
vsestart#branch                              0
vsevinn#branch                     1.06376e-11
vsein#branch                       1.06376e-11
vcms#branch                       -1.12767e-08
vrefs#branch                      -1.59036e-09
vddc#branch                       -0.000428446
vddd#branch                       -7.21316e-09
vddt#branch                                  0
vcmpclkb#branch                              0
vcmpclk#branch                               0
vclk#branch                                  0
a.xsectrl.a_gn#branch_1_0           3.1225e-17
a.xsectrl.a_gn#branch_1_1                    0
a.xsectrl.a_gn#branch_1_2                    0
a.xsectrl.a_gn#branch_1_3           3.1225e-17
a.xsectrl.a_gn#branch_1_4                    0
a.xsectrl.a_gn#branch_1_5                    0
a.xsectrl.a_gn#branch_1_6           3.1225e-17
a.xsectrl.a_gn#branch_1_7                    0
a.xsectrl.a_gn#branch_1_8                    0
a.xsectrl.a_gn#branch_1_9           3.1225e-17
a.xsectrl.a_gn#branch_1_10                   0
a.xsectrl.a_gn#branch_1_11                   0
a.xsectrl.a_gn#branch_1_12          3.1225e-17
a.xsectrl.a_gn#branch_1_13                   0
a.xsectrl.a_gn#branch_1_14                   0
a.xsectrl.a_gn#branch_1_15          3.1225e-17
a.xsectrl.a_gn#branch_1_16                   0
a.xsectrl.a_gn#branch_1_17                   0
a.xsectrl.a_gn#branch_1_18          3.1225e-17
a.xsectrl.a_gn#branch_1_19                   0
a.xsectrl.a_gn#branch_1_20                   0
a.xsectrl.a_gn#branch_1_21          3.1225e-17
a.xsectrl.a_gn#branch_1_22                   0
a.xsectrl.a_gn#branch_1_23                   0
a.xsectrl.a_gn#branch_1_24          3.1225e-17
a.xsectrl.a_gn#branch_1_25                   0
a.xsectrl.a_gn#branch_1_26                   0
a.xsectrl.a_gn#branch_1_27          3.1225e-17
a.xsectrl.a_gn#branch_1_28                   0
a.xsectrl.a_gn#branch_1_29                   0
a.xsectrl.a_gn#branch_1_30          3.1225e-17
a.xsectrl.a_gn#branch_1_31                   0
a.xsectrl.a_gn#branch_1_32                   0
a.xsectrl.a_gn#branch_1_33          3.1225e-17
a.xsectrl.a_gn#branch_1_34                   0
a.xsectrl.a_gn#branch_1_35                   0
a.xsectrl.a_gn#branch_1_36          3.1225e-17
a.xsectrl.a_gn#branch_1_37                   0
a.xsectrl.a_gn#branch_1_38                   0
a.xsectrl.a_gn#branch_1_39          3.1225e-17
a.xsectrl.a_gn#branch_1_40                   0
a.xsectrl.a_gn#branch_1_41                   0
a.xsectrl.a_gn#branch_1_42          3.1225e-17
a.xsectrl.a_gn#branch_1_43                   0
a.xsectrl.a_gn#branch_1_44                   0
a.xsectrl.a_gn#branch_1_45          3.1225e-17
a.xsectrl.a_gn#branch_1_46                   0
a.xsectrl.a_gn#branch_1_47                   0
a.xsectrl.a_gn#branch_1_48          3.1225e-17
a.xsectrl.a_gn#branch_1_49                   0
a.xsectrl.a_gn#branch_1_50                   0
a.xsectrl.a_gn#branch_1_51          3.1225e-17
a.xsectrl.a_gn#branch_1_52                   0
a.xsectrl.a_gn#branch_1_53                   0
a.xsectrl.a_dout#branch_1_0                  0
a.xsectrl.a_dout#branch_1_1                  0
a.xsectrl.a_dout#branch_1_2                  0
a.xsectrl.a_dout#branch_1_3                  0
a.xsectrl.a_dout#branch_1_4                  0
a.xsectrl.a_dout#branch_1_5                  0
a.xsectrl.a_dout#branch_1_6                  0
a.xsectrl.a_dout#branch_1_7                  0
a.xsectrl.a_dout#branch_1_8                  0
a.xsectrl.a_dout#branch_1_9                  0
a.xsectrl.a_dout#branch_1_10                 0
a.xsectrl.a_dout#branch_1_11                 0
a.xsectrl.a_dout#branch_1_12                 0

 Reference value :  0.00000e+00
 Reference value :  3.09402e-09
 Reference value :  3.17406e-08
 Reference value :  8.04510e-08
 Reference value :  1.25010e-07
 Reference value :  1.56375e-07
 Reference value :  1.87831e-07
 Reference value :  2.18853e-07
 Reference value :  2.50285e-07
 Reference value :  2.81281e-07
 Reference value :  3.12601e-07
 Reference value :  3.19371e-07
 Reference value :  3.53897e-07
 Reference value :  3.77722e-07
 Reference value :  4.07422e-07
 Reference value :  4.40072e-07
 Reference value :  4.69010e-07
 Reference value :  5.01705e-07
 Reference value :  5.31332e-07
 Reference value :  5.62731e-07
 Reference value :  5.68492e-07
 Reference value :  6.15844e-07
 Reference value :  6.27574e-07
 Reference value :  6.56650e-07
 Reference value :  6.90038e-07
 Reference value :  7.19032e-07
 Reference value :  7.50661e-07
 Reference value :  7.81323e-07
 Reference value :  8.12700e-07
 Reference value :  8.31369e-07
 Reference value :  8.75065e-07
 Reference value :  8.77635e-07
 Reference value :  9.06748e-07
 Reference value :  9.39793e-07
 Reference value :  9.69551e-07
 Reference value :  1.00053e-06
 Reference value :  1.00300e-06
 Reference value :  1.03177e-06
 Reference value :  1.06299e-06
 Reference value :  1.09448e-06
 Reference value :  1.12521e-06
 Reference value :  1.15656e-06
 Reference value :  1.18760e-06
 Reference value :  1.19039e-06
 Reference value :  1.21991e-06
 Reference value :  1.25269e-06
 Reference value :  1.28137e-06
 Reference value :  1.31270e-06
 Reference value :  1.32096e-06
 Reference value :  1.34465e-06
 Reference value :  1.37727e-06
 Reference value :  1.40639e-06
 Reference value :  1.43987e-06
 Reference value :  1.46930e-06
 Reference value :  1.50264e-06
 Reference value :  1.54655e-06
 Reference value :  1.56527e-06
 Reference value :  1.59432e-06
 Reference value :  1.62727e-06
 Reference value :  1.65635e-06
 Reference value :  1.68792e-06
 Reference value :  1.71877e-06
 Reference value :  1.75010e-06
 Reference value :  1.75296e-06
 Reference value :  1.78229e-06
 Reference value :  1.81486e-06
 Reference value :  1.84409e-06
 Reference value :  1.87626e-06
 Reference value :  1.90632e-06
 Reference value :  1.93779e-06
 Reference value :  1.96947e-06
 Reference value :  2.00049e-06
 Reference value :  2.00338e-06
 Reference value :  2.04236e-06
 Reference value :  2.09382e-06
 Reference value :  2.12537e-06
 Reference value :  2.15690e-06
 Reference value :  2.19007e-06
 Reference value :  2.22023e-06
 Reference value :  2.25296e-06
 Reference value :  2.28151e-06
 Reference value :  2.31295e-06
 Reference value :  2.34376e-06
 Reference value :  2.36583e-06
 Reference value :  2.37759e-06
 Reference value :  2.40661e-06
 Reference value :  2.43802e-06
 Reference value :  2.46624e-06
 Reference value :  2.50019e-06
 Reference value :  2.50683e-06
 Reference value :  2.53219e-06
 Reference value :  2.56479e-06
 Reference value :  2.59389e-06
 Reference value :  2.62520e-06
 Reference value :  2.62909e-06
 Reference value :  2.65690e-06
 Reference value :  2.68969e-06
 Reference value :  2.71890e-06
 Reference value :  2.75042e-06
 Reference value :  2.78126e-06
 Reference value :  2.79366e-06
 Reference value :  2.81501e-06
 Reference value :  2.84395e-06
 Reference value :  2.87520e-06
 Reference value :  2.87859e-06
 Reference value :  2.93182e-06
 Reference value :  2.96882e-06
 Reference value :  3.00032e-06
 Reference value :  3.00304e-06
 Reference value :  3.03187e-06
 Reference value :  3.09376e-06
 Reference value :  3.12526e-06
 Reference value :  3.15686e-06
 Reference value :  3.19000e-06
 Reference value :  3.21916e-06
 Reference value :  3.25277e-06
 Reference value :  3.28145e-06
 Reference value :  3.31279e-06
 Reference value :  3.32668e-06
 Reference value :  3.34637e-06
 Reference value :  3.37752e-06
 Reference value :  3.40652e-06
 Reference value :  3.43786e-06
 Reference value :  3.44442e-06
 Reference value :  3.46944e-06
 Reference value :  3.50227e-06
 Reference value :  3.53137e-06
 Reference value :  3.56263e-06
 Reference value :  3.56524e-06
 Reference value :  3.59422e-06
 Reference value :  3.62548e-06
 Reference value :  3.65332e-06
 Reference value :  3.65733e-06
 Reference value :  3.68977e-06
 Reference value :  3.71886e-06
 Reference value :  3.75019e-06
 Reference value :  3.75359e-06
 Reference value :  3.79426e-06
 Reference value :  3.81508e-06
 Reference value :  3.84415e-06
 Reference value :  3.87584e-06
 Reference value :  3.89749e-06
 Reference value :  3.91136e-06
 Reference value :  3.95378e-06
 Reference value :  4.00001e-06
 Reference value :  4.00259e-06
 Reference value :  4.03132e-06
 Reference value :  4.06273e-06
 Reference value :  4.09415e-06
 Reference value :  4.13219e-06
 Reference value :  4.18753e-06
 Reference value :  4.19096e-06
 Reference value :  4.25003e-06
 Reference value :  4.25299e-06
 Reference value :  4.28158e-06
 Reference value :  4.31291e-06
 Reference value :  4.34260e-06
 Reference value :  4.36380e-06
 Reference value :  4.37769e-06
 Reference value :  4.40666e-06
 Reference value :  4.43976e-06
 Reference value :  4.46882e-06
 Reference value :  4.50010e-06
 Reference value :  4.50299e-06
 Reference value :  4.53188e-06
 Reference value :  4.56492e-06
 Reference value :  4.59391e-06
 Reference value :  4.62554e-06
 Reference value :  4.65631e-06
 Reference value :  4.68770e-06
 Reference value :  4.69491e-06
 Reference value :  4.72467e-06
 Reference value :  4.75255e-06
 Reference value :  4.78158e-06
 Reference value :  4.81287e-06
 Reference value :  4.84384e-06
 Reference value :  4.87520e-06
 Reference value :  4.87824e-06
 Reference value :  4.90675e-06
 Reference value :  4.95362e-06
 Reference value :  5.00032e-06
 Reference value :  5.00297e-06
 Reference value :  5.03154e-06
 Reference value :  5.06376e-06
 Reference value :  5.12181e-06
 Reference value :  5.15634e-06
 Reference value :  5.18787e-06
 Reference value :  5.21882e-06
 Reference value :  5.25053e-06
 Reference value :  5.28144e-06
 Reference value :  5.31270e-06
 Reference value :  5.31763e-06
 Reference value :  5.34429e-06
 Reference value :  5.37566e-06
 Reference value :  5.40627e-06
 Reference value :  5.43769e-06
 Reference value :  5.44620e-06
 Reference value :  5.46943e-06
 Reference value :  5.50148e-06
 Reference value :  5.53129e-06
 Reference value :  5.56250e-06
 Reference value :  5.56509e-06
 Reference value :  5.59410e-06
 Reference value :  5.62593e-06
 Reference value :  5.65632e-06
 Reference value :  5.68753e-06
 Reference value :  5.69015e-06
 Reference value :  5.71929e-06
 Reference value :  5.75226e-06
 Reference value :  5.78139e-06
 Reference value :  5.81283e-06
 Reference value :  5.84188e-06
 Reference value :  5.84866e-06
 Reference value :  5.87734e-06
 Reference value :  5.90631e-06
 Reference value :  5.93751e-06
 Reference value :  5.96881e-06
 Reference value :  6.00019e-06
 Reference value :  6.00277e-06
 Reference value :  6.03137e-06
 Reference value :  6.06266e-06
 Reference value :  6.09388e-06
 Reference value :  6.12519e-06
 Reference value :  6.15645e-06
 Reference value :  6.18819e-06
 Reference value :  6.21895e-06
 Reference value :  6.25297e-06
 Reference value :  6.28378e-06
 Reference value :  6.32058e-06
 Reference value :  6.37517e-06
 Reference value :  6.40629e-06
 Reference value :  6.43881e-06
 Reference value :  6.46922e-06
 Reference value :  6.50297e-06
 Reference value :  6.53203e-06
 Reference value :  6.56305e-06
 Reference value :  6.59375e-06
 Reference value :  6.60403e-06
 Reference value :  6.62744e-06
 Reference value :  6.65640e-06
 Reference value :  6.68788e-06
 Reference value :  6.71732e-06
 Reference value :  6.75006e-06
 Reference value :  6.75280e-06
 Reference value :  6.78202e-06
 Reference value :  6.81479e-06
 Reference value :  6.84395e-06
 Reference value :  6.87549e-06
 Reference value :  6.88911e-06
 Reference value :  6.90716e-06
 Reference value :  6.94108e-06
 Reference value :  6.99217e-06
 Reference value :  7.00257e-06
 Reference value :  7.03129e-06
 Reference value :  7.05728e-06
 Reference value :  7.09382e-06
 Reference value :  7.12510e-06
 Reference value :  7.15636e-06
 Reference value :  7.18799e-06
 Reference value :  7.21882e-06
 Reference value :  7.25032e-06
 Reference value :  7.26662e-06
 Reference value :  7.31253e-06
 Reference value :  7.31543e-06
 Reference value :  7.34431e-06
 Reference value :  7.37562e-06
 Reference value :  7.40631e-06
 Reference value :  7.43767e-06
 Reference value :  7.44207e-06
 Reference value :  7.47024e-06
 Reference value :  7.50243e-06
 Reference value :  7.53139e-06
 Reference value :  7.56295e-06
 Reference value :  7.57740e-06
 Reference value :  7.61101e-06
 Reference value :  7.62760e-06
 Reference value :  7.65657e-06
 Reference value :  7.68792e-06
 Reference value :  7.70927e-06
 Reference value :  7.75000e-06
 Reference value :  7.75274e-06
 Reference value :  7.78195e-06
 Reference value :  7.81478e-06
 Reference value :  7.84390e-06
 Reference value :  7.87529e-06
 Reference value :  7.87939e-06
 Reference value :  7.91422e-06
 Reference value :  7.96876e-06
 Reference value :  8.00016e-06
 Reference value :  8.00269e-06
 Reference value :  8.03137e-06
 Reference value :  8.06299e-06
 Reference value :  8.09431e-06
 Reference value :  8.12569e-06
 Reference value :  8.16208e-06
 Reference value :  8.19006e-06
 Reference value :  8.21938e-06
 Reference value :  8.25275e-06
 Reference value :  8.28142e-06
 Reference value :  8.31291e-06
 Reference value :  8.34375e-06
 Reference value :  8.36393e-06
 Reference value :  8.37754e-06
 Reference value :  8.40644e-06
 Reference value :  8.43806e-06
 Reference value :  8.46876e-06
 Reference value :  8.50010e-06
 Reference value :  8.50306e-06
 Reference value :  8.53174e-06
 Reference value :  8.56303e-06
 Reference value :  8.58826e-06
 Reference value :  8.62503e-06
 Reference value :  8.62770e-06
 Reference value :  8.65655e-06
 Reference value :  8.68816e-06
 Reference value :  8.71882e-06
 Reference value :  8.75019e-06
 Reference value :  8.75440e-06
 Reference value :  8.78241e-06
 Reference value :  8.81486e-06
 Reference value :  8.84395e-06
 Reference value :  8.87520e-06
 Reference value :  8.87790e-06
 Reference value :  8.90661e-06
 Reference value :  8.93788e-06
 Reference value :  8.96898e-06
 Reference value :  9.00061e-06
 Reference value :  9.00313e-06
 Reference value :  9.05012e-06
 Reference value :  9.09385e-06
 Reference value :  9.12511e-06
 Reference value :  9.15635e-06
 Reference value :  9.18791e-06
 Reference value :  9.21880e-06
 Reference value :  9.25032e-06
 Reference value :  9.28125e-06
 Reference value :  9.31253e-06
 Reference value :  9.31531e-06
 Reference value :  9.34423e-06
 Reference value :  9.37552e-06
 Reference value :  9.40273e-06
 Reference value :  9.43760e-06
 Reference value :  9.44034e-06
 Reference value :  9.46920e-06
 Reference value :  9.50049e-06
 Reference value :  9.51505e-06
 Reference value :  9.55250e-06
 Reference value :  9.56513e-06
 Reference value :  9.59406e-06
 Reference value :  9.62525e-06
 Reference value :  9.62921e-06
 Reference value :  9.65691e-06
 Reference value :  9.68832e-06
 Reference value :  9.71881e-06
 Reference value :  9.75016e-06
 Reference value :  9.75600e-06
 Reference value :  9.78234e-06
 Reference value :  9.81490e-06
 Reference value :  9.84405e-06
 Reference value :  9.87570e-06
 Reference value :  9.90629e-06
 Reference value :  9.93753e-06
 Reference value :  9.96882e-06
 Reference value :  1.00003e-05
 Reference value :  1.00030e-05
 Reference value :  1.00316e-05
 Reference value :  1.00841e-05
 Reference value :  1.01160e-05
 Reference value :  1.01563e-05
 Reference value :  1.01877e-05
 Reference value :  1.02188e-05
 Reference value :  1.02502e-05
 Reference value :  1.02586e-05
 Reference value :  1.03125e-05
 Reference value :  1.03159e-05
 Reference value :  1.03443e-05
 Reference value :  1.03757e-05
 Reference value :  1.04063e-05
 Reference value :  1.04376e-05
 Reference value :  1.04402e-05
 Reference value :  1.04692e-05
 Reference value :  1.05006e-05
 Reference value :  1.05313e-05
 Reference value :  1.05627e-05
 Reference value :  1.05689e-05
 Reference value :  1.05945e-05
 Reference value :  1.06273e-05
 Reference value :  1.06563e-05
 Reference value :  1.06877e-05
 Reference value :  1.07025e-05
 Reference value :  1.07207e-05
 Reference value :  1.07525e-05
 Reference value :  1.07816e-05
 Reference value :  1.08127e-05
 Reference value :  1.08177e-05
 Reference value :  1.08448e-05
 Reference value :  1.08773e-05
 Reference value :  1.09063e-05
 Reference value :  1.09376e-05
 Reference value :  1.09688e-05
 Reference value :  1.10002e-05
 Reference value :  1.10028e-05
 Reference value :  1.10314e-05
 Reference value :  1.10628e-05
 Reference value :  1.10942e-05
 Reference value :  1.11255e-05
 Reference value :  1.11569e-05
 Reference value :  1.11905e-05
 Reference value :  1.12500e-05
 Reference value :  1.12532e-05
 Reference value :  1.13046e-05
 Reference value :  1.13151e-05
 Reference value :  1.13442e-05
 Reference value :  1.13754e-05
 Reference value :  1.13935e-05
 Reference value :  1.14077e-05
 Reference value :  1.14400e-05
 Reference value :  1.14689e-05
 Reference value :  1.15005e-05
 Reference value :  1.15313e-05
 Reference value :  1.15496e-05
 Reference value :  1.15651e-05
 Reference value :  1.15939e-05
 Reference value :  1.16256e-05
 Reference value :  1.16563e-05
 Reference value :  1.16877e-05
 Reference value :  1.16942e-05
 Reference value :  1.17197e-05
 Reference value :  1.17523e-05
 Reference value :  1.17814e-05
 Reference value :  1.18129e-05
 Reference value :  1.18438e-05
 Reference value :  1.18486e-05
 Reference value :  1.18773e-05
 Reference value :  1.19063e-05
 Reference value :  1.19377e-05
 Reference value :  1.19689e-05
 Reference value :  1.20003e-05
 Reference value :  1.20030e-05
 Reference value :  1.20315e-05
 Reference value :  1.20765e-05
 Reference value :  1.21010e-05
 Reference value :  1.21563e-05
 Reference value :  1.21876e-05
 Reference value :  1.21908e-05
 Reference value :  1.22463e-05
 Reference value :  1.22530e-05
 Reference value :  1.22818e-05
 Reference value :  1.23148e-05
 Reference value :  1.23439e-05
 Reference value :  1.23753e-05
 Reference value :  1.23896e-05
 Reference value :  1.24072e-05
 Reference value :  1.24398e-05
 Reference value :  1.24688e-05
 Reference value :  1.25002e-05
 Reference value :  1.25051e-05
 Reference value :  1.25422e-05
 Reference value :  1.25651e-05
 Reference value :  1.25939e-05
 Reference value :  1.26252e-05
 Reference value :  1.26291e-05
 Reference value :  1.26569e-05
 Reference value :  1.26884e-05
 Reference value :  1.27188e-05
 Reference value :  1.27502e-05
 Reference value :  1.27576e-05
 Reference value :  1.28033e-05
 Reference value :  1.28153e-05
 Reference value :  1.28445e-05
 Reference value :  1.28773e-05
 Reference value :  1.29063e-05
 Reference value :  1.29377e-05
 Reference value :  1.29689e-05
 Reference value :  1.30003e-05
 Reference value :  1.30030e-05
 Reference value :  1.30315e-05
 Reference value :  1.30638e-05
 Reference value :  1.30945e-05
 Reference value :  1.31403e-05
 Reference value :  1.31876e-05
 Reference value :  1.31907e-05
 Reference value :  1.32500e-05
 Reference value :  1.32530e-05
 Reference value :  1.32815e-05
 Reference value :  1.33138e-05
 Reference value :  1.33438e-05
 Reference value :  1.33753e-05
 Reference value :  1.34022e-05
 Reference value :  1.34111e-05
 Reference value :  1.34400e-05
 Reference value :  1.34690e-05
 Reference value :  1.35009e-05
 Reference value :  1.35313e-05
 Reference value :  1.35627e-05
 Reference value :  1.35794e-05
 Reference value :  1.36020e-05
 Reference value :  1.36275e-05
 Reference value :  1.36566e-05
 Reference value :  1.36878e-05
 Reference value :  1.36945e-05
 Reference value :  1.37198e-05
 Reference value :  1.37524e-05
 Reference value :  1.37816e-05
 Reference value :  1.38148e-05
 Reference value :  1.38441e-05
 Reference value :  1.38759e-05
 Reference value :  1.39038e-05
 Reference value :  1.39376e-05
 Reference value :  1.39689e-05
 Reference value :  1.40004e-05
 Reference value :  1.40030e-05
 Reference value :  1.40316e-05
 Reference value :  1.40664e-05
 Reference value :  1.40947e-05
 Reference value :  1.41424e-05
 Reference value :  1.41876e-05
 Reference value :  1.41917e-05
 Reference value :  1.42358e-05
 Reference value :  1.42530e-05
 Reference value :  1.42815e-05
 Reference value :  1.43131e-05
 Reference value :  1.43438e-05
 Reference value :  1.43752e-05
 Reference value :  1.43813e-05
 Reference value :  1.44068e-05
 Reference value :  1.44385e-05
 Reference value :  1.44688e-05
 Reference value :  1.45002e-05
 Reference value :  1.45048e-05
 Reference value :  1.45318e-05
 Reference value :  1.45632e-05
 Reference value :  1.45938e-05
 Reference value :  1.46251e-05
 Reference value :  1.46280e-05
 Reference value :  1.46568e-05
 Reference value :  1.46898e-05
 Reference value :  1.47188e-05
 Reference value :  1.47500e-05
 Reference value :  1.47526e-05
 Reference value :  1.47817e-05
 Reference value :  1.48128e-05
 Reference value :  1.48203e-05
 Reference value :  1.48516e-05
 Reference value :  1.48774e-05
 Reference value :  1.49064e-05
 Reference value :  1.49381e-05
 Reference value :  1.49697e-05
 Reference value :  1.50025e-05
 Reference value :  1.50086e-05
 Reference value :  1.50524e-05
 Reference value :  1.50938e-05
 Reference value :  1.51250e-05
 Reference value :  1.51563e-05
 Reference value :  1.51877e-05
 Reference value :  1.52188e-05
 Reference value :  1.52529e-05
 Reference value :  1.52827e-05
 Reference value :  1.53150e-05
 Reference value :  1.53440e-05
 Reference value :  1.53759e-05
 Reference value :  1.54063e-05
 Reference value :  1.54375e-05
 Reference value :  1.54402e-05
 Reference value :  1.54692e-05
 Reference value :  1.55005e-05
 Reference value :  1.55313e-05
 Reference value :  1.55625e-05
 Reference value :  1.55651e-05
 Reference value :  1.55942e-05
 Reference value :  1.56255e-05
 Reference value :  1.56563e-05
 Reference value :  1.56877e-05
 Reference value :  1.56934e-05
 Reference value :  1.57413e-05
 Reference value :  1.57526e-05
 Reference value :  1.57818e-05
 Reference value :  1.58129e-05
 Reference value :  1.58397e-05
 Reference value :  1.58449e-05
 Reference value :  1.58773e-05
 Reference value :  1.59064e-05
 Reference value :  1.59379e-05
 Reference value :  1.59693e-05
 Reference value :  1.60023e-05
 Reference value :  1.60051e-05
 Reference value :  1.60447e-05
 Reference value :  1.60938e-05
 Reference value :  1.61250e-05
 Reference value :  1.61563e-05
 Reference value :  1.61877e-05
 Reference value :  1.62125e-05
 Reference value :  1.62501e-05
 Reference value :  1.62566e-05
 Reference value :  1.63130e-05
 Reference value :  1.63439e-05
 Reference value :  1.63776e-05
 Reference value :  1.64074e-05
 Reference value :  1.64419e-05
 Reference value :  1.65001e-05
 Reference value :  1.65313e-05
 Reference value :  1.65633e-05
 Reference value :  1.65938e-05
 Reference value :  1.66252e-05
 Reference value :  1.66304e-05
 Reference value :  1.66593e-05
 Reference value :  1.66901e-05
 Reference value :  1.67191e-05
 Reference value :  1.67502e-05
 Reference value :  1.67547e-05
 Reference value :  1.67819e-05
 Reference value :  1.68131e-05
 Reference value :  1.68438e-05
 Reference value :  1.68751e-05
 Reference value :  1.68777e-05
 Reference value :  1.69067e-05
 Reference value :  1.69396e-05
 Reference value :  1.69838e-05
 Reference value :  1.70027e-05
 Reference value :  1.70318e-05
 Reference value :  1.70939e-05
 Reference value :  1.71284e-05
 Reference value :  1.71880e-05
 Reference value :  1.72195e-05
 Reference value :  1.72537e-05
 Reference value :  1.73128e-05
 Reference value :  1.73440e-05
 Reference value :  1.73759e-05
 Reference value :  1.74063e-05
 Reference value :  1.74377e-05
 Reference value :  1.74466e-05
 Reference value :  1.74698e-05
 Reference value :  1.75023e-05
 Reference value :  1.75314e-05
 Reference value :  1.75629e-05
 Reference value :  1.75877e-05
 Reference value :  1.75964e-05
 Reference value :  1.76274e-05
 Reference value :  1.76564e-05
 Reference value :  1.76877e-05
 Reference value :  1.76908e-05
 Reference value :  1.77195e-05
 Reference value :  1.77525e-05
 Reference value :  1.77820e-05
 Reference value :  1.78148e-05
 Reference value :  1.78439e-05
 Reference value :  1.78750e-05
 Reference value :  1.78776e-05
 Reference value :  1.79065e-05
 Reference value :  1.79377e-05
 Reference value :  1.79690e-05
 Reference value :  1.80023e-05
 Reference value :  1.80048e-05
 Reference value :  1.80367e-05
 Reference value :  1.80938e-05
 Reference value :  1.81252e-05
 Reference value :  1.81565e-05
 Reference value :  1.81886e-05
 Reference value :  1.82189e-05
 Reference value :  1.82505e-05
 Reference value :  1.82765e-05
 Reference value :  1.83126e-05
 Reference value :  1.83175e-05
 Reference value :  1.83750e-05
 Reference value :  1.84063e-05
 Reference value :  1.84386e-05
 Reference value :  1.84693e-05
 Reference value :  1.85026e-05
 Reference value :  1.85316e-05
 Reference value :  1.85629e-05
 Reference value :  1.85741e-05
 Reference value :  1.85946e-05
 Reference value :  1.86273e-05
 Reference value :  1.86564e-05
 Reference value :  1.86876e-05
 Reference value :  1.86903e-05
 Reference value :  1.87193e-05
 Reference value :  1.87523e-05
 Reference value :  1.87814e-05
 Reference value :  1.88127e-05
 Reference value :  1.88159e-05
 Reference value :  1.88752e-05
 Reference value :  1.89063e-05
 Reference value :  1.89383e-05
 Reference value :  1.90000e-05
 Reference value :  1.90027e-05
 Reference value :  1.90319e-05
 Reference value :  1.90940e-05
 Reference value :  1.91563e-05
 Reference value :  1.91881e-05
 Reference value :  1.92248e-05
 Reference value :  1.92588e-05
 Reference value :  1.93126e-05
 Reference value :  1.93162e-05
 Reference value :  1.93511e-05
 Reference value :  1.93775e-05
 Reference value :  1.94065e-05
 Reference value :  1.94381e-05
 Reference value :  1.94688e-05
 Reference value :  1.94770e-05
 Reference value :  1.95024e-05
 Reference value :  1.95314e-05
 Reference value :  1.95627e-05
 Reference value :  1.95679e-05
 Reference value :  1.96228e-05
 Reference value :  1.96347e-05
 Reference value :  1.96877e-05
 Reference value :  1.97046e-05
 Reference value :  1.97500e-05
 Reference value :  1.97529e-05
 Reference value :  1.97821e-05
 Reference value :  1.98149e-05
 Reference value :  1.98441e-05
 Reference value :  1.98756e-05
 Reference value :  1.99063e-05
 Reference value :  1.99376e-05
 Reference value :  1.99689e-05
 Reference value :  2.00006e-05
 Reference value :  2.00032e-05
 Reference value :  2.00320e-05
 Reference value :  2.00938e-05
 Reference value :  2.01252e-05
 Reference value :  2.01566e-05
 Reference value :  2.01879e-05
 Reference value :  2.02188e-05
 Reference value :  2.02503e-05
 Reference value :  2.02617e-05
 Reference value :  2.03126e-05
 Reference value :  2.03172e-05
 Reference value :  2.03461e-05
 Reference value :  2.03774e-05
 Reference value :  2.04064e-05
 Reference value :  2.04378e-05
 Reference value :  2.04688e-05
 Reference value :  2.05023e-05
 Reference value :  2.05313e-05
 Reference value :  2.05626e-05
 Reference value :  2.05663e-05
 Reference value :  2.05965e-05
 Reference value :  2.06275e-05
 Reference value :  2.06565e-05
 Reference value :  2.06878e-05
 Reference value :  2.06989e-05
 Reference value :  2.07500e-05
 Reference value :  2.07530e-05
 Reference value :  2.07820e-05
 Reference value :  2.08141e-05
 Reference value :  2.08439e-05
 Reference value :  2.08751e-05
 Reference value :  2.08776e-05
 Reference value :  2.09067e-05
 Reference value :  2.09381e-05
 Reference value :  2.09693e-05
 Reference value :  2.10023e-05
 Reference value :  2.10042e-05
 Reference value :  2.10626e-05
 Reference value :  2.10948e-05
 Reference value :  2.11563e-05
 Reference value :  2.11817e-05
 Reference value :  2.11901e-05
 Reference value :  2.12193e-05
 Reference value :  2.12527e-05
 Reference value :  2.12813e-05
 Reference value :  2.13128e-05
 Reference value :  2.13354e-05
 Reference value :  2.13751e-05
 Reference value :  2.13781e-05
 Reference value :  2.14163e-05
 Reference value :  2.14400e-05
 Reference value :  2.14690e-05
 Reference value :  2.15009e-05
 Reference value :  2.15313e-05
 Reference value :  2.15626e-05
 Reference value :  2.15652e-05
 Reference value :  2.15941e-05
 Reference value :  2.16255e-05
 Reference value :  2.16486e-05
 Reference value :  2.16875e-05
 Reference value :  2.16903e-05
 Reference value :  2.17193e-05
 Reference value :  2.17506e-05
 Reference value :  2.17813e-05
 Reference value :  2.18127e-05
 Reference value :  2.18242e-05
 Reference value :  2.18712e-05
 Reference value :  2.18776e-05
 Reference value :  2.19066e-05
 Reference value :  2.19379e-05
 Reference value :  2.19690e-05
 Reference value :  2.20011e-05
 Reference value :  2.20034e-05
 Reference value :  2.20327e-05
 Reference value :  2.20938e-05
 Reference value :  2.21252e-05
 Reference value :  2.21565e-05
 Reference value :  2.21880e-05
 Reference value :  2.22188e-05
 Reference value :  2.22500e-05
 Reference value :  2.22530e-05
 Reference value :  2.22815e-05
 Reference value :  2.23148e-05
 Reference value :  2.23439e-05
 Reference value :  2.23753e-05
 Reference value :  2.23891e-05
 Reference value :  2.24375e-05
 Reference value :  2.24401e-05
 Reference value :  2.24690e-05
 Reference value :  2.25011e-05
 Reference value :  2.25313e-05
 Reference value :  2.25625e-05
 Reference value :  2.25651e-05
 Reference value :  2.25941e-05
 Reference value :  2.26254e-05
 Reference value :  2.26432e-05
 Reference value :  2.26876e-05
 Reference value :  2.26905e-05
 Reference value :  2.27197e-05
 Reference value :  2.27524e-05
 Reference value :  2.27815e-05
 Reference value :  2.28127e-05
 Reference value :  2.28159e-05
 Reference value :  2.28445e-05
 Reference value :  2.28759e-05
 Reference value :  2.28952e-05
 Reference value :  2.29376e-05
 Reference value :  2.29688e-05
 Reference value :  2.30003e-05
 Reference value :  2.30030e-05
 Reference value :  2.30315e-05
 Reference value :  2.30632e-05
 Reference value :  2.31008e-05
 Reference value :  2.31563e-05
 Reference value :  2.31876e-05
 Reference value :  2.31912e-05
 Reference value :  2.32195e-05
 Reference value :  2.32527e-05
 Reference value :  2.32814e-05
 Reference value :  2.33129e-05
 Reference value :  2.33438e-05
 Reference value :  2.33752e-05
 Reference value :  2.33824e-05
 Reference value :  2.34359e-05
 Reference value :  2.34401e-05
 Reference value :  2.34692e-05
 Reference value :  2.35013e-05
 Reference value :  2.35314e-05
 Reference value :  2.35625e-05
 Reference value :  2.35651e-05
 Reference value :  2.35940e-05
 Reference value :  2.36253e-05
 Reference value :  2.36405e-05
 Reference value :  2.36875e-05
 Reference value :  2.36903e-05
 Reference value :  2.37195e-05
 Reference value :  2.37523e-05
 Reference value :  2.37815e-05
 Reference value :  2.38133e-05
 Reference value :  2.38438e-05
 Reference value :  2.38751e-05
 Reference value :  2.39063e-05
 Reference value :  2.39378e-05
 Reference value :  2.39941e-05
 Reference value :  2.40030e-05
 Reference value :  2.40626e-05
 Reference value :  2.40939e-05
 Reference value :  2.41256e-05
 Reference value :  2.41654e-05
 Reference value :  2.41904e-05
 Reference value :  2.42265e-05
 Reference value :  2.42529e-05
 Reference value :  2.42814e-05
 Reference value :  2.43127e-05
 Reference value :  2.43180e-05
 Reference value :  2.43751e-05
 Reference value :  2.43786e-05
 Reference value :  2.44069e-05
 Reference value :  2.44398e-05
 Reference value :  2.44689e-05
 Reference value :  2.45006e-05
 Reference value :  2.45300e-05
 Reference value :  2.45344e-05
 Reference value :  2.45649e-05
 Reference value :  2.45940e-05
 Reference value :  2.46253e-05
 Reference value :  2.46563e-05
 Reference value :  2.46877e-05
 Reference value :  2.47188e-05
 Reference value :  2.47500e-05
 Reference value :  2.47526e-05
 Reference value :  2.47818e-05
 Reference value :  2.48129e-05
 Reference value :  2.48388e-05
 Reference value :  2.48449e-05
 Reference value :  2.48773e-05
 Reference value :  2.49064e-05
 Reference value :  2.49377e-05
 Reference value :  2.49689e-05
 Reference value :  2.50005e-05
 Reference value :  2.50032e-05
 Reference value :  2.50323e-05
 Reference value :  2.50938e-05
 Reference value :  2.51252e-05
 Reference value :  2.51565e-05
 Reference value :  2.51882e-05
 Reference value :  2.52189e-05
 Reference value :  2.52505e-05
 Reference value :  2.52615e-05
 Reference value :  2.52819e-05
 Reference value :  2.53148e-05
 Reference value :  2.53439e-05
 Reference value :  2.53754e-05
 Reference value :  2.54063e-05
 Reference value :  2.54377e-05
 Reference value :  2.54456e-05
 Reference value :  2.55001e-05
 Reference value :  2.55031e-05
 Reference value :  2.55318e-05
 Reference value :  2.55632e-05
 Reference value :  2.55938e-05
 Reference value :  2.56236e-05
 Reference value :  2.56276e-05
 Reference value :  2.56566e-05
 Reference value :  2.56879e-05
 Reference value :  2.57013e-05
 Reference value :  2.57478e-05
 Reference value :  2.57527e-05
 Reference value :  2.57819e-05
 Reference value :  2.58148e-05
 Reference value :  2.58439e-05
 Reference value :  2.58751e-05
 Reference value :  2.58777e-05
 Reference value :  2.59066e-05
 Reference value :  2.59401e-05
 Reference value :  2.60002e-05
 Reference value :  2.60030e-05
 Reference value :  2.60316e-05
 Reference value :  2.60842e-05
 Reference value :  2.61252e-05
 Reference value :  2.61565e-05
 Reference value :  2.61898e-05
 Reference value :  2.62193e-05
 Reference value :  2.62528e-05
 Reference value :  2.62815e-05
 Reference value :  2.63129e-05
 Reference value :  2.63438e-05
 Reference value :  2.63752e-05
 Reference value :  2.63860e-05
 Reference value :  2.64375e-05
 Reference value :  2.64403e-05
 Reference value :  2.64694e-05
 Reference value :  2.65023e-05
 Reference value :  2.65314e-05
 Reference value :  2.65627e-05
 Reference value :  2.65660e-05
 Reference value :  2.65957e-05
 Reference value :  2.66276e-05
 Reference value :  2.66566e-05
 Reference value :  2.66882e-05
 Reference value :  2.67188e-05
 Reference value :  2.67502e-05
 Reference value :  2.67814e-05
 Reference value :  2.68131e-05
 Reference value :  2.68441e-05
 Reference value :  2.68758e-05
 Reference value :  2.69064e-05
 Reference value :  2.69688e-05
 Reference value :  2.70008e-05
 Reference value :  2.70313e-05
 Reference value :  2.70627e-05
 Reference value :  2.70939e-05
 Reference value :  2.71256e-05
 Reference value :  2.71570e-05
 Reference value :  2.71902e-05
 Reference value :  2.72489e-05
 Reference value :  2.72530e-05
 Reference value :  2.72815e-05
 Reference value :  2.73128e-05
 Reference value :  2.73246e-05
 Reference value :  2.73691e-05
 Reference value :  2.73866e-05
 Reference value :  2.74379e-05
 Reference value :  2.74690e-05
 Reference value :  2.75023e-05
 Reference value :  2.75315e-05
 Reference value :  2.75628e-05
 Reference value :  2.75711e-05
 Reference value :  2.76048e-05
 Reference value :  2.76276e-05
 Reference value :  2.76566e-05
 Reference value :  2.76878e-05
 Reference value :  2.76989e-05
 Reference value :  2.77500e-05
 Reference value :  2.77813e-05
 Reference value :  2.78127e-05
 Reference value :  2.78159e-05
 Reference value :  2.78448e-05
 Reference value :  2.78773e-05
 Reference value :  2.79063e-05
 Reference value :  2.79378e-05
 Reference value :  2.79690e-05
 Reference value :  2.80009e-05
 Reference value :  2.80032e-05
 Reference value :  2.80318e-05
 Reference value :  2.80782e-05
 Reference value :  2.81250e-05
 Reference value :  2.81564e-05
 Reference value :  2.81878e-05
 Reference value :  2.82158e-05
 Reference value :  2.82501e-05
 Reference value :  2.82530e-05
 Reference value :  2.82818e-05
 Reference value :  2.83131e-05
 Reference value :  2.83438e-05
 Reference value :  2.83752e-05
 Reference value :  2.83799e-05
 Reference value :  2.84093e-05
 Reference value :  2.84399e-05
 Reference value :  2.84689e-05
 Reference value :  2.85002e-05
 Reference value :  2.85031e-05
 Reference value :  2.85320e-05
 Reference value :  2.85648e-05
 Reference value :  2.85939e-05
 Reference value :  2.86251e-05
 Reference value :  2.86276e-05
 Reference value :  2.86565e-05
 Reference value :  2.86882e-05
 Reference value :  2.87188e-05
 Reference value :  2.87502e-05
 Reference value :  2.87537e-05
 Reference value :  2.87826e-05
 Reference value :  2.88150e-05
 Reference value :  2.88446e-05
 Reference value :  2.88773e-05
 Reference value :  2.89064e-05
 Reference value :  2.89377e-05
 Reference value :  2.89689e-05
 Reference value :  2.90023e-05
 Reference value :  2.90313e-05
 Reference value :  2.90627e-05
 Reference value :  2.90940e-05
 Reference value :  2.91257e-05
 Reference value :  2.91750e-05
 Reference value :  2.91904e-05
 Reference value :  2.92285e-05
 Reference value :  2.92529e-05
 Reference value :  2.92814e-05
 Reference value :  2.93131e-05
 Reference value :  2.93440e-05
 Reference value :  2.93763e-05
 Reference value :  2.94063e-05
 Reference value :  2.94378e-05
 Reference value :  2.94622e-05
 Reference value :  2.94770e-05
 Reference value :  2.95024e-05
 Reference value :  2.95314e-05
 Reference value :  2.95630e-05
 Reference value :  2.95897e-05
 Reference value :  2.96251e-05
 Reference value :  2.96278e-05
 Reference value :  2.96570e-05
 Reference value :  2.96901e-05
 Reference value :  2.97194e-05
 Reference value :  2.97527e-05
 Reference value :  2.98054e-05
 Reference value :  2.98258e-05
 Reference value :  2.98755e-05
 Reference value :  2.99064e-05
 Reference value :  2.99401e-05
 Reference value :  3.00003e-05
 Reference value :  3.00030e-05
 Reference value :  3.00316e-05
 Reference value :  3.00684e-05
 Reference value :  3.01250e-05
 Reference value :  3.01564e-05
 Reference value :  3.01879e-05
 Reference value :  3.02188e-05
 Reference value :  3.02502e-05
 Reference value :  3.02547e-05
 Reference value :  3.02819e-05
 Reference value :  3.03133e-05
 Reference value :  3.03438e-05
 Reference value :  3.03751e-05
 Reference value :  3.03800e-05
 Reference value :  3.04069e-05
 Reference value :  3.04398e-05
 Reference value :  3.04689e-05
 Reference value :  3.05002e-05
 Reference value :  3.05036e-05
 Reference value :  3.05324e-05
 Reference value :  3.05650e-05
 Reference value :  3.05940e-05
 Reference value :  3.06255e-05
 Reference value :  3.06531e-05
 Reference value :  3.06876e-05
 Reference value :  3.06910e-05
 Reference value :  3.07194e-05
 Reference value :  3.07507e-05
 Reference value :  3.07813e-05
 Reference value :  3.08132e-05
 Reference value :  3.08438e-05
 Reference value :  3.08752e-05
 Reference value :  3.08908e-05
 Reference value :  3.09311e-05
 Reference value :  3.09688e-05
 Reference value :  3.10001e-05
 Reference value :  3.10027e-05
 Reference value :  3.10314e-05
 Reference value :  3.10630e-05
 Reference value :  3.10948e-05
 Reference value :  3.11563e-05
 Reference value :  3.11880e-05
 Reference value :  3.12188e-05
 Reference value :  3.12504e-05
 Reference value :  3.12679e-05
 Reference value :  3.13125e-05
 Reference value :  3.13152e-05
 Reference value :  3.13442e-05
 Reference value :  3.13773e-05
 Reference value :  3.14064e-05
 Reference value :  3.14377e-05
 Reference value :  3.14423e-05
 Reference value :  3.14693e-05
 Reference value :  3.15012e-05
 Reference value :  3.15313e-05
 Reference value :  3.15625e-05
 Reference value :  3.15651e-05
 Reference value :  3.15940e-05
 Reference value :  3.16273e-05
 Reference value :  3.16567e-05
 Reference value :  3.16898e-05
 Reference value :  3.17189e-05
 Reference value :  3.17501e-05
 Reference value :  3.17536e-05
 Reference value :  3.17860e-05
 Reference value :  3.18151e-05
 Reference value :  3.18441e-05
 Reference value :  3.18754e-05
 Reference value :  3.18797e-05
 Reference value :  3.19070e-05
 Reference value :  3.19456e-05
 Reference value :  3.20000e-05
 Reference value :  3.20030e-05
 Reference value :  3.20627e-05
 Reference value :  3.21075e-05
 Reference value :  3.21564e-05
 Reference value :  3.21883e-05
 Reference value :  3.22189e-05
 Reference value :  3.22505e-05
 Reference value :  3.22705e-05
 Reference value :  3.22823e-05
 Reference value :  3.23148e-05
 Reference value :  3.23439e-05
 Reference value :  3.23754e-05
 Reference value :  3.23960e-05
 Reference value :  3.24126e-05
 Reference value :  3.24400e-05
 Reference value :  3.24689e-05
 Reference value :  3.25004e-05
 Reference value :  3.25242e-05
 Reference value :  3.25627e-05
 Reference value :  3.25662e-05
 Reference value :  3.25945e-05
 Reference value :  3.26282e-05
 Reference value :  3.26877e-05
 Reference value :  3.27189e-05
 Reference value :  3.27525e-05
 Reference value :  3.27820e-05
 Reference value :  3.28153e-05
 Reference value :  3.28751e-05
 Reference value :  3.28795e-05
 Reference value :  3.29076e-05
 Reference value :  3.29504e-05
 Reference value :  3.30000e-05
 Reference value :  3.30026e-05
 Reference value :  3.30313e-05
 Reference value :  3.30627e-05
 Reference value :  3.30940e-05
 Reference value :  3.31258e-05
 Reference value :  3.31594e-05
 Reference value :  3.31901e-05
 Reference value :  3.32193e-05
 Reference value :  3.32527e-05
 Reference value :  3.32814e-05
 Reference value :  3.33143e-05
 Reference value :  3.33443e-05
 Reference value :  3.33775e-05
 Reference value :  3.34070e-05
 Reference value :  3.34410e-05
 Reference value :  3.35002e-05
 Reference value :  3.35313e-05
 Reference value :  3.35648e-05
 Reference value :  3.35947e-05
 Reference value :  3.36382e-05
 Reference value :  3.36879e-05
 Reference value :  3.37191e-05
 Reference value :  3.37504e-05
 Reference value :  3.37813e-05
 Reference value :  3.37834e-05
 Reference value :  3.38148e-05
 Reference value :  3.38439e-05
 Reference value :  3.38752e-05
 Reference value :  3.38783e-05
 Reference value :  3.39068e-05
 Reference value :  3.39399e-05
 Reference value :  3.39868e-05
 Reference value :  3.40026e-05
 Reference value :  3.40313e-05
 Reference value :  3.40627e-05
 Reference value :  3.40939e-05
 Reference value :  3.41257e-05
 Reference value :  3.41875e-05
 Reference value :  3.41904e-05
 Reference value :  3.42481e-05
 Reference value :  3.42530e-05
 Reference value :  3.42817e-05
 Reference value :  3.43131e-05
 Reference value :  3.43438e-05
 Reference value :  3.43750e-05
 Reference value :  3.43776e-05
 Reference value :  3.44066e-05
 Reference value :  3.44380e-05
 Reference value :  3.44574e-05
 Reference value :  3.45001e-05
 Reference value :  3.45032e-05
 Reference value :  3.45318e-05
 Reference value :  3.45637e-05
 Reference value :  3.45938e-05
 Reference value :  3.46251e-05
 Reference value :  3.46277e-05
 Reference value :  3.46567e-05
 Reference value :  3.46880e-05
 Reference value :  3.47149e-05
 Reference value :  3.47501e-05
 Reference value :  3.47529e-05
 Reference value :  3.47819e-05
 Reference value :  3.48131e-05
 Reference value :  3.48438e-05
 Reference value :  3.48752e-05
 Reference value :  3.48778e-05
 Reference value :  3.49069e-05
 Reference value :  3.49424e-05
 Reference value :  3.49984e-05
 Reference value :  3.50026e-05
 Reference value :  3.50313e-05
 Reference value :  3.50627e-05
 Reference value :  3.51008e-05
 Reference value :  3.51563e-05
 Reference value :  3.51880e-05
 Reference value :  3.52188e-05
 Reference value :  3.52504e-05
 Reference value :  3.52813e-05
 Reference value :  3.53125e-05
 Reference value :  3.53155e-05
 Reference value :  3.53443e-05
 Reference value :  3.53773e-05
 Reference value :  3.54065e-05
 Reference value :  3.54380e-05
 Reference value :  3.54666e-05
 Reference value :  3.54870e-05
 Reference value :  3.55027e-05
 Reference value :  3.55318e-05
 Reference value :  3.55647e-05
 Reference value :  3.55939e-05
 Reference value :  3.56252e-05
 Reference value :  3.56317e-05
 Reference value :  3.56607e-05
 Reference value :  3.56901e-05
 Reference value :  3.57191e-05
 Reference value :  3.57504e-05
 Reference value :  3.57724e-05
 Reference value :  3.58125e-05
 Reference value :  3.58153e-05
 Reference value :  3.58444e-05
 Reference value :  3.58773e-05
 Reference value :  3.59063e-05
 Reference value :  3.59376e-05
 Reference value :  3.59688e-05
 Reference value :  3.60002e-05
 Reference value :  3.60027e-05
 Reference value :  3.60314e-05
 Reference value :  3.60632e-05
 Reference value :  3.61058e-05
 Reference value :  3.61563e-05
 Reference value :  3.61877e-05
 Reference value :  3.62127e-05
 Reference value :  3.62501e-05
 Reference value :  3.62532e-05
 Reference value :  3.62818e-05
 Reference value :  3.63131e-05
 Reference value :  3.63438e-05
 Reference value :  3.63691e-05
 Reference value :  3.63776e-05
 Reference value :  3.64079e-05
 Reference value :  3.64400e-05
 Reference value :  3.64693e-05
 Reference value :  3.65023e-05
 Reference value :  3.65313e-05
 Reference value :  3.65629e-05
 Reference value :  3.65796e-05
 Reference value :  3.66250e-05
 Reference value :  3.66280e-05
 Reference value :  3.66569e-05
 Reference value :  3.66898e-05
 Reference value :  3.67189e-05
 Reference value :  3.67502e-05
 Reference value :  3.67534e-05
 Reference value :  3.67819e-05
 Reference value :  3.68131e-05
 Reference value :  3.68438e-05
 Reference value :  3.68752e-05
 Reference value :  3.68805e-05
 Reference value :  3.69178e-05
 Reference value :  3.69688e-05
 Reference value :  3.70002e-05
 Reference value :  3.70028e-05
 Reference value :  3.70314e-05
 Reference value :  3.70631e-05
 Reference value :  3.70978e-05
 Reference value :  3.71563e-05
 Reference value :  3.71877e-05
 Reference value :  3.72058e-05
 Reference value :  3.72501e-05
 Reference value :  3.72531e-05
 Reference value :  3.72817e-05
 Reference value :  3.73131e-05
 Reference value :  3.73438e-05
 Reference value :  3.73734e-05
 Reference value :  3.73776e-05
 Reference value :  3.74067e-05
 Reference value :  3.74397e-05
 Reference value :  3.74688e-05
 Reference value :  3.75000e-05
 Reference value :  3.75032e-05
 Reference value :  3.75319e-05
 Reference value :  3.75646e-05
 Reference value :  3.75938e-05
 Reference value :  3.76252e-05
 Reference value :  3.76307e-05
 Reference value :  3.76570e-05
 Reference value :  3.76898e-05
 Reference value :  3.77189e-05
 Reference value :  3.77502e-05
 Reference value :  3.77654e-05
 Reference value :  3.78127e-05
 Reference value :  3.78284e-05
 Reference value :  3.78447e-05
 Reference value :  3.78773e-05
 Reference value :  3.79063e-05
 Reference value :  3.79376e-05
 Reference value :  3.79688e-05
 Reference value :  3.80002e-05
 Reference value :  3.80028e-05
 Reference value :  3.80314e-05
 Reference value :  3.80626e-05
 Reference value :  3.80938e-05
 Reference value :  3.81251e-05
 Reference value :  3.81564e-05
 Reference value :  3.81898e-05
 Reference value :  3.82191e-05
 Reference value :  3.82527e-05
 Reference value :  3.82813e-05
 Reference value :  3.83125e-05
 Reference value :  3.83152e-05
 Reference value :  3.83441e-05
 Reference value :  3.83753e-05
 Reference value :  3.83885e-05
 Reference value :  3.84293e-05
 Reference value :  3.84401e-05
 Reference value :  3.84690e-05
 Reference value :  3.85029e-05
 Reference value :  3.85625e-05
 Reference value :  3.85938e-05
 Reference value :  3.86254e-05
 Reference value :  3.86564e-05
 Reference value :  3.86899e-05
 Reference value :  3.87338e-05
 Reference value :  3.87812e-05
 Reference value :  3.88130e-05
 Reference value :  3.88444e-05
 Reference value :  3.88777e-05
 Reference value :  3.89376e-05
 Reference value :  3.89697e-05
 Reference value :  3.90029e-05
 Reference value :  3.90321e-05
 Reference value :  3.90939e-05
 Reference value :  3.91400e-05
 Reference value :  3.91882e-05
 Reference value :  3.92286e-05
 Reference value :  3.92607e-05
 Reference value :  3.93129e-05
 Reference value :  3.93440e-05
 Reference value :  3.93773e-05
 Reference value :  3.94163e-05
 Reference value :  3.94523e-05
 Reference value :  3.95007e-05
 Reference value :  3.95317e-05
 Reference value :  3.95657e-05
 Reference value :  3.96252e-05
 Reference value :  3.96564e-05
 Reference value :  3.96881e-05
 Reference value :  3.97190e-05
 Reference value :  3.97526e-05
 Reference value :  3.98126e-05
 Reference value :  3.98438e-05
 Reference value :  3.98766e-05
 Reference value :  3.99066e-05
 Reference value :  3.99688e-05
 Reference value :  4.00024e-05
 Reference value :  4.00314e-05
 Reference value :  4.00938e-05
 Reference value :  4.01258e-05
 Reference value :  4.01877e-05
 Reference value :  4.02190e-05
 Reference value :  4.02534e-05
 Reference value :  4.03102e-05
 Reference value :  4.03151e-05
 Reference value :  4.03442e-05
 Reference value :  4.03755e-05
 Reference value :  4.04063e-05
 Reference value :  4.04376e-05
 Reference value :  4.04402e-05
 Reference value :  4.04695e-05
 Reference value :  4.05034e-05
 Reference value :  4.05318e-05
 Reference value :  4.05631e-05
 Reference value :  4.05938e-05
 Reference value :  4.06252e-05
 Reference value :  4.06388e-05
 Reference value :  4.06875e-05
 Reference value :  4.06905e-05
 Reference value :  4.07198e-05
 Reference value :  4.07524e-05
 Reference value :  4.07822e-05
 Reference value :  4.08173e-05
 Reference value :  4.08751e-05
 Reference value :  4.08983e-05
 Reference value :  4.09377e-05
 Reference value :  4.09937e-05
 Reference value :  4.10030e-05
 Reference value :  4.10319e-05
 Reference value :  4.10938e-05
 Reference value :  4.11074e-05
 Reference value :  4.11563e-05
 Reference value :  4.11877e-05
 Reference value :  4.12043e-05
 Reference value :  4.12501e-05
 Reference value :  4.12533e-05
 Reference value :  4.12885e-05
 Reference value :  4.13151e-05
 Reference value :  4.13443e-05
 Reference value :  4.13756e-05
 Reference value :  4.14064e-05
 Reference value :  4.14379e-05
 Reference value :  4.14625e-05
 Reference value :  4.14759e-05
 Reference value :  4.15024e-05
 Reference value :  4.15314e-05
 Reference value :  4.15629e-05
 Reference value :  4.15790e-05
 Reference value :  4.15949e-05
 Reference value :  4.16273e-05
 Reference value :  4.16564e-05
 Reference value :  4.16877e-05
 Reference value :  4.16907e-05
 Reference value :  4.17197e-05
 Reference value :  4.17524e-05
 Reference value :  4.17815e-05
 Reference value :  4.18127e-05
 Reference value :  4.18179e-05
 Reference value :  4.18556e-05
 Reference value :  4.18775e-05
 Reference value :  4.19063e-05
 Reference value :  4.19376e-05
 Reference value :  4.19688e-05
 Reference value :  4.20002e-05
 Reference value :  4.20029e-05
 Reference value :  4.20314e-05
 Reference value :  4.20630e-05
 Reference value :  4.20943e-05
 Reference value :  4.21257e-05
 Reference value :  4.21583e-05
 Reference value :  4.21901e-05
 Reference value :  4.22195e-05
 Reference value :  4.22529e-05
 Reference value :  4.22815e-05
 Reference value :  4.23138e-05
 Reference value :  4.23439e-05
 Reference value :  4.23751e-05
 Reference value :  4.23782e-05
 Reference value :  4.24068e-05
 Reference value :  4.24382e-05
 Reference value :  4.24688e-05
 Reference value :  4.24969e-05
 Reference value :  4.25027e-05
 Reference value :  4.25315e-05
 Reference value :  4.25633e-05
 Reference value :  4.25938e-05
 Reference value :  4.26250e-05
 Reference value :  4.26276e-05
 Reference value :  4.26567e-05
 Reference value :  4.26898e-05
 Reference value :  4.27189e-05
 Reference value :  4.27501e-05
 Reference value :  4.27532e-05
 Reference value :  4.27820e-05
 Reference value :  4.28134e-05
 Reference value :  4.28438e-05
 Reference value :  4.28750e-05
 Reference value :  4.28775e-05
 Reference value :  4.29064e-05
 Reference value :  4.29377e-05
 Reference value :  4.29689e-05
 Reference value :  4.30007e-05
 Reference value :  4.30032e-05
 Reference value :  4.30320e-05
 Reference value :  4.30937e-05
 Reference value :  4.31041e-05
 Reference value :  4.31563e-05
 Reference value :  4.31877e-05
 Reference value :  4.32118e-05
 Reference value :  4.32502e-05
 Reference value :  4.32535e-05
 Reference value :  4.32844e-05
 Reference value :  4.33150e-05
 Reference value :  4.33439e-05
 Reference value :  4.33752e-05
 Reference value :  4.33858e-05
 Reference value :  4.34068e-05
 Reference value :  4.34383e-05
 Reference value :  4.34688e-05
 Reference value :  4.35001e-05
 Reference value :  4.35029e-05
 Reference value :  4.35317e-05
 Reference value :  4.35630e-05
 Reference value :  4.35937e-05
 Reference value :  4.36251e-05
 Reference value :  4.36280e-05
 Reference value :  4.36573e-05
 Reference value :  4.36899e-05
 Reference value :  4.37189e-05
 Reference value :  4.37502e-05
 Reference value :  4.37536e-05
 Reference value :  4.37820e-05
 Reference value :  4.38132e-05
 Reference value :  4.38438e-05
 Reference value :  4.38750e-05
 Reference value :  4.38775e-05
 Reference value :  4.39064e-05
 Reference value :  4.39381e-05
 Reference value :  4.39693e-05
 Reference value :  4.40023e-05
 Reference value :  4.40073e-05
 Reference value :  4.40628e-05
 Reference value :  4.41039e-05
 Reference value :  4.41564e-05
 Reference value :  4.41880e-05
 Reference value :  4.42188e-05
 Reference value :  4.42503e-05
 Reference value :  4.42813e-05
 Reference value :  4.43126e-05
 Reference value :  4.43158e-05
 Reference value :  4.43444e-05
 Reference value :  4.43757e-05
 Reference value :  4.44063e-05
 Reference value :  4.44375e-05
 Reference value :  4.44402e-05
 Reference value :  4.44692e-05
 Reference value :  4.45023e-05
 Reference value :  4.45314e-05
 Reference value :  4.45629e-05
 Reference value :  4.45938e-05
 Reference value :  4.46252e-05
 Reference value :  4.46563e-05
 Reference value :  4.46876e-05
 Reference value :  4.46903e-05
 Reference value :  4.47194e-05
 Reference value :  4.47523e-05
 Reference value :  4.47814e-05
 Reference value :  4.48129e-05
 Reference value :  4.48438e-05
 Reference value :  4.48751e-05
 Reference value :  4.48777e-05
 Reference value :  4.49065e-05
 Reference value :  4.49379e-05
 Reference value :  4.49693e-05
 Reference value :  4.50024e-05
 Reference value :  4.50199e-05
 Reference value :  4.50581e-05
 Reference value :  4.50938e-05
 Reference value :  4.51250e-05
 Reference value :  4.51563e-05
 Reference value :  4.51886e-05
 Reference value :  4.52190e-05
 Reference value :  4.52511e-05
 Reference value :  4.52814e-05
 Reference value :  4.53148e-05
 Reference value :  4.53439e-05
 Reference value :  4.53776e-05
 Reference value :  4.54066e-05
 Reference value :  4.54399e-05
 Reference value :  4.54689e-05
 Reference value :  4.55005e-05
 Reference value :  4.55313e-05
 Reference value :  4.55629e-05
 Reference value :  4.55938e-05
 Reference value :  4.56040e-05
 Reference value :  4.56274e-05
 Reference value :  4.56569e-05
 Reference value :  4.56890e-05
 Reference value :  4.57191e-05
 Reference value :  4.57504e-05
 Reference value :  4.57795e-05
 Reference value :  4.58125e-05
 Reference value :  4.58152e-05
 Reference value :  4.58444e-05
 Reference value :  4.58772e-05
 Reference value :  4.59063e-05
 Reference value :  4.59274e-05
 Reference value :  4.59654e-05
 Reference value :  4.60001e-05
 Reference value :  4.60030e-05
 Reference value :  4.60386e-05
 Reference value :  4.60938e-05
 Reference value :  4.61251e-05
 Reference value :  4.61563e-05
 Reference value :  4.61877e-05
 Reference value :  4.62188e-05
 Reference value :  4.62502e-05
 Reference value :  4.62532e-05
 Reference value :  4.62822e-05
 Reference value :  4.63149e-05
 Reference value :  4.63439e-05
 Reference value :  4.63755e-05
 Reference value :  4.64044e-05
 Reference value :  4.64080e-05
 Reference value :  4.64398e-05
 Reference value :  4.64689e-05
 Reference value :  4.65003e-05
 Reference value :  4.65142e-05
 Reference value :  4.65321e-05
 Reference value :  4.65654e-05
 Reference value :  4.66252e-05
 Reference value :  4.66564e-05
 Reference value :  4.66900e-05
 Reference value :  4.67302e-05
 Reference value :  4.67753e-05
 Reference value :  4.68127e-05
 Reference value :  4.68439e-05
 Reference value :  4.68773e-05
 Reference value :  4.69067e-05
 Reference value :  4.69688e-05
 Reference value :  4.70009e-05
 Reference value :  4.70313e-05
 Reference value :  4.70632e-05
 Reference value :  4.71251e-05
 Reference value :  4.71569e-05
 Reference value :  4.71908e-05
 Reference value :  4.72505e-05
 Reference value :  4.72814e-05
 Reference value :  4.73151e-05
 Reference value :  4.73751e-05
 Reference value :  4.74063e-05
 Reference value :  4.74377e-05
 Reference value :  4.74410e-05
 Reference value :  4.74693e-05
 Reference value :  4.75006e-05
 Reference value :  4.75312e-05
 Reference value :  4.75356e-05
 Reference value :  4.75649e-05
 Reference value :  4.75939e-05
 Reference value :  4.76252e-05
 Reference value :  4.76281e-05
 Reference value :  4.76570e-05
 Reference value :  4.76898e-05
 Reference value :  4.77189e-05
 Reference value :  4.77505e-05
 Reference value :  4.77813e-05
 Reference value :  4.77915e-05
 Reference value :  4.78150e-05
 Reference value :  4.78440e-05
 Reference value :  4.78752e-05
 Reference value :  4.78776e-05
 Reference value :  4.79065e-05
 Reference value :  4.79386e-05
 Reference value :  4.79701e-05
 Reference value :  4.80024e-05
 Reference value :  4.80130e-05
 Reference value :  4.80614e-05
 Reference value :  4.80938e-05
 Reference value :  4.81251e-05
 Reference value :  4.81564e-05
 Reference value :  4.81878e-05
 Reference value :  4.82188e-05
 Reference value :  4.82502e-05
 Reference value :  4.82536e-05
 Reference value :  4.82926e-05
 Reference value :  4.83151e-05
 Reference value :  4.83441e-05
 Reference value :  4.83773e-05
 Reference value :  4.84064e-05
 Reference value :  4.84376e-05
 Reference value :  4.84405e-05
 Reference value :  4.84692e-05
 Reference value :  4.85005e-05
 Reference value :  4.85313e-05
 Reference value :  4.85626e-05
 Reference value :  4.85674e-05
 Reference value :  4.85990e-05
 Reference value :  4.86276e-05
 Reference value :  4.86566e-05
 Reference value :  4.86884e-05
 Reference value :  4.87188e-05
 Reference value :  4.87502e-05
 Reference value :  4.87536e-05
 Reference value :  4.87819e-05
 Reference value :  4.88131e-05
 Reference value :  4.88438e-05
 Reference value :  4.88752e-05
 Reference value :  4.88786e-05
 Reference value :  4.89068e-05
 Reference value :  4.89382e-05
 Reference value :  4.89694e-05
 Reference value :  4.90024e-05
 Reference value :  4.90082e-05
 Reference value :  4.90626e-05
 Reference value :  4.90939e-05
 Reference value :  4.91251e-05
 Reference value :  4.91564e-05
 Reference value :  4.91880e-05
 Reference value :  4.92188e-05
 Reference value :  4.92502e-05
 Reference value :  4.92537e-05
 Reference value :  4.92901e-05
 Reference value :  4.93150e-05
 Reference value :  4.93439e-05
 Reference value :  4.93754e-05
 Reference value :  4.93935e-05
 Reference value :  4.94376e-05
 Reference value :  4.94408e-05
 Reference value :  4.94693e-05
 Reference value :  4.95006e-05
 Reference value :  4.95283e-05
 Reference value :  4.95626e-05
 Reference value :  4.95655e-05
 Reference value :  4.95943e-05
 Reference value :  4.96275e-05
 Reference value :  4.96569e-05
 Reference value :  4.96881e-05
 Reference value :  4.97188e-05
 Reference value :  4.97249e-05
 Reference value :  4.97524e-05
 Reference value :  4.97816e-05
 Reference value :  4.98130e-05
 Reference value :  4.98438e-05
 Reference value :  4.98560e-05
 Reference value :  4.98774e-05
 Reference value :  4.99064e-05
 Reference value :  4.99377e-05
 Reference value :  4.99689e-05
 Reference value :  5.00002e-05
 Reference value :  5.00029e-05
 Reference value :  5.00314e-05
 Reference value :  5.00629e-05
 Reference value :  5.00942e-05
 Reference value :  5.01257e-05
 Reference value :  5.01568e-05
 Reference value :  5.01881e-05
 Reference value :  5.02188e-05
 Reference value :  5.02503e-05
 Reference value :  5.02547e-05
 Reference value :  5.03049e-05
 Reference value :  5.03151e-05
 Reference value :  5.03444e-05
 Reference value :  5.03773e-05
 Reference value :  5.04064e-05
 Reference value :  5.04379e-05
 Reference value :  5.04687e-05
 Reference value :  5.04810e-05
 Reference value :  5.05025e-05
 Reference value :  5.05314e-05
 Reference value :  5.05627e-05
 Reference value :  5.05684e-05
 Reference value :  5.05945e-05
 Reference value :  5.06262e-05
 Reference value :  5.06563e-05
 Reference value :  5.06876e-05
 Reference value :  5.06902e-05
 Reference value :  5.07195e-05
 Reference value :  5.07523e-05
 Reference value :  5.07814e-05
 Reference value :  5.08126e-05
 Reference value :  5.08152e-05
 Reference value :  5.08444e-05
 Reference value :  5.08754e-05
 Reference value :  5.08849e-05
 Reference value :  5.09375e-05
 Reference value :  5.09688e-05
 Reference value :  5.10002e-05
 Reference value :  5.10029e-05
 Reference value :  5.10315e-05
 Reference value :  5.10634e-05
 Reference value :  5.11142e-05
 Reference value :  5.11564e-05
 Reference value :  5.11877e-05
 Reference value :  5.11905e-05
 Reference value :  5.12303e-05
 Reference value :  5.12529e-05
 Reference value :  5.12814e-05
 Reference value :  5.13131e-05
 Reference value :  5.13438e-05
 Reference value :  5.13751e-05
 Reference value :  5.13779e-05
 Reference value :  5.14066e-05
 Reference value :  5.14388e-05
 Reference value :  5.14688e-05
 Reference value :  5.14911e-05
 Reference value :  5.15025e-05
 Reference value :  5.15318e-05
 Reference value :  5.15632e-05
 Reference value :  5.15938e-05
 Reference value :  5.16252e-05
 Reference value :  5.16282e-05
 Reference value :  5.16570e-05
 Reference value :  5.16898e-05
 Reference value :  5.17196e-05
 Reference value :  5.17525e-05
 Reference value :  5.17814e-05
 Reference value :  5.18136e-05
 Reference value :  5.18441e-05
 Reference value :  5.18756e-05
 Reference value :  5.19063e-05
 Reference value :  5.19377e-05
 Reference value :  5.19689e-05
 Reference value :  5.20006e-05
 Reference value :  5.20030e-05
 Reference value :  5.20315e-05
 Reference value :  5.20643e-05
 Reference value :  5.21168e-05
 Reference value :  5.21563e-05
 Reference value :  5.21875e-05
 Reference value :  5.21901e-05
 Reference value :  5.22337e-05
 Reference value :  5.22530e-05
 Reference value :  5.22814e-05
 Reference value :  5.23130e-05
 Reference value :  5.23440e-05
 Reference value :  5.23763e-05
 Reference value :  5.24063e-05
 Reference value :  5.24377e-05
 Reference value :  5.24454e-05
 Reference value :  5.24970e-05
 Reference value :  5.25026e-05
 Reference value :  5.25318e-05
 Reference value :  5.25630e-05
 Reference value :  5.25837e-05
 Reference value :  5.26177e-05
 Reference value :  5.26276e-05
 Reference value :  5.26566e-05
 Reference value :  5.26879e-05
 Reference value :  5.27104e-05
 Reference value :  5.27500e-05
 Reference value :  5.27527e-05
 Reference value :  5.27819e-05
 Reference value :  5.28148e-05
 Reference value :  5.28439e-05
 Reference value :  5.28752e-05
 Reference value :  5.28779e-05
 Reference value :  5.29067e-05
 Reference value :  5.29381e-05
 Reference value :  5.29693e-05
 Reference value :  5.30023e-05
 Reference value :  5.30038e-05
 Reference value :  5.30331e-05
 Reference value :  5.30938e-05
 Reference value :  5.31251e-05
 Reference value :  5.31564e-05
 Reference value :  5.31876e-05
 Reference value :  5.31910e-05
 Reference value :  5.32479e-05
 Reference value :  5.32530e-05
 Reference value :  5.32818e-05
 Reference value :  5.33148e-05
 Reference value :  5.33439e-05
 Reference value :  5.33754e-05
 Reference value :  5.33995e-05
 Reference value :  5.34375e-05
 Reference value :  5.34401e-05
 Reference value :  5.34690e-05
 Reference value :  5.35011e-05
 Reference value :  5.35313e-05
 Reference value :  5.35559e-05
 Reference value :  5.35650e-05
 Reference value :  5.35941e-05
 Reference value :  5.36254e-05
 Reference value :  5.36340e-05
 Reference value :  5.36571e-05
 Reference value :  5.36890e-05
 Reference value :  5.37188e-05
 Reference value :  5.37501e-05
 Reference value :  5.37527e-05
 Reference value :  5.37818e-05
 Reference value :  5.38148e-05
 Reference value :  5.38439e-05
 Reference value :  5.38755e-05
 Reference value :  5.38850e-05
 Reference value :  5.39376e-05
 Reference value :  5.39688e-05
 Reference value :  5.40002e-05
 Reference value :  5.40029e-05
 Reference value :  5.40314e-05
 Reference value :  5.40629e-05
 Reference value :  5.40944e-05
 Reference value :  5.41430e-05
 Reference value :  5.41875e-05
 Reference value :  5.41902e-05
 Reference value :  5.42193e-05
 Reference value :  5.42507e-05
 Reference value :  5.42800e-05
 Reference value :  5.43126e-05
 Reference value :  5.43167e-05
 Reference value :  5.43734e-05
 Reference value :  5.43778e-05
 Reference value :  5.44070e-05
 Reference value :  5.44399e-05
 Reference value :  5.44689e-05
 Reference value :  5.45005e-05
 Reference value :  5.45313e-05
 Reference value :  5.45434e-05
 Reference value :  5.45650e-05
 Reference value :  5.45939e-05
 Reference value :  5.46252e-05
 Reference value :  5.46291e-05
 Reference value :  5.46713e-05
 Reference value :  5.46901e-05
 Reference value :  5.47192e-05
 Reference value :  5.47517e-05
 Reference value :  5.47814e-05
 Reference value :  5.48126e-05
 Reference value :  5.48152e-05
 Reference value :  5.48443e-05
 Reference value :  5.48755e-05
 Reference value :  5.48914e-05
 Reference value :  5.49376e-05
 Reference value :  5.49688e-05
 Reference value :  5.50003e-05
 Reference value :  5.50030e-05
 Reference value :  5.50315e-05
 Reference value :  5.50634e-05
 Reference value :  5.51028e-05
 Reference value :  5.51563e-05
 Reference value :  5.51877e-05
 Reference value :  5.52104e-05
 Reference value :  5.52229e-05
 Reference value :  5.52528e-05
 Reference value :  5.52814e-05
 Reference value :  5.53129e-05
 Reference value :  5.53426e-05
 Reference value :  5.53751e-05
 Reference value :  5.53778e-05
 Reference value :  5.54067e-05
 Reference value :  5.54398e-05
 Reference value :  5.54688e-05
 Reference value :  5.55004e-05
 Reference value :  5.55100e-05
 Reference value :  5.55322e-05
 Reference value :  5.55648e-05
 Reference value :  5.55938e-05
 Reference value :  5.56251e-05
 Reference value :  5.56281e-05
 Reference value :  5.56571e-05
 Reference value :  5.56899e-05
 Reference value :  5.57190e-05
 Reference value :  5.57506e-05
 Reference value :  5.57813e-05
 Reference value :  5.58127e-05
 Reference value :  5.58165e-05
 Reference value :  5.58445e-05
 Reference value :  5.58773e-05
 Reference value :  5.59063e-05
 Reference value :  5.59376e-05
 Reference value :  5.59688e-05
 Reference value :  5.60002e-05
 Reference value :  5.60029e-05
 Reference value :  5.60314e-05
 Reference value :  5.60631e-05
 Reference value :  5.60949e-05
 Reference value :  5.61563e-05
 Reference value :  5.61876e-05
 Reference value :  5.61907e-05
 Reference value :  5.62365e-05
 Reference value :  5.62530e-05
 Reference value :  5.62817e-05
 Reference value :  5.63150e-05
 Reference value :  5.63751e-05
 Reference value :  5.64063e-05
 Reference value :  5.64377e-05
 Reference value :  5.64434e-05
 Reference value :  5.64967e-05
 Reference value :  5.65027e-05
 Reference value :  5.65318e-05
 Reference value :  5.65631e-05
 Reference value :  5.65919e-05
 Reference value :  5.66098e-05
 Reference value :  5.66275e-05
 Reference value :  5.66565e-05
 Reference value :  5.66882e-05
 Reference value :  5.67188e-05
 Reference value :  5.67500e-05
 Reference value :  5.67526e-05
 Reference value :  5.67818e-05
 Reference value :  5.68130e-05
 Reference value :  5.68438e-05
 Reference value :  5.68501e-05
 Reference value :  5.68774e-05
 Reference value :  5.69064e-05
 Reference value :  5.69377e-05
 Reference value :  5.69689e-05
 Reference value :  5.70005e-05
 Reference value :  5.70031e-05
 Reference value :  5.70321e-05
 Reference value :  5.70938e-05
 Reference value :  5.71252e-05
 Reference value :  5.71565e-05
 Reference value :  5.71884e-05
 Reference value :  5.72189e-05
 Reference value :  5.72509e-05
 Reference value :  5.72813e-05
 Reference value :  5.73126e-05
 Reference value :  5.73153e-05
 Reference value :  5.73443e-05
 Reference value :  5.73773e-05
 Reference value :  5.74063e-05
 Reference value :  5.74377e-05
 Reference value :  5.74441e-05
 Reference value :  5.74776e-05
 Reference value :  5.75025e-05
 Reference value :  5.75314e-05
 Reference value :  5.75629e-05
 Reference value :  5.75791e-05
 Reference value :  5.75948e-05
 Reference value :  5.76273e-05
 Reference value :  5.76564e-05
 Reference value :  5.76877e-05
 Reference value :  5.76919e-05
 Reference value :  5.77338e-05
 Reference value :  5.77526e-05
 Reference value :  5.77817e-05
 Reference value :  5.78132e-05
 Reference value :  5.78438e-05
 Reference value :  5.78751e-05
 Reference value :  5.78776e-05
 Reference value :  5.79068e-05
 Reference value :  5.79421e-05
 Reference value :  5.79976e-05
 Reference value :  5.80026e-05
 Reference value :  5.80313e-05
 Reference value :  5.80626e-05
 Reference value :  5.80939e-05
 Reference value :  5.81257e-05
 Reference value :  5.81653e-05
 Reference value :  5.81901e-05
 Reference value :  5.82300e-05
 Reference value :  5.82530e-05
 Reference value :  5.82814e-05
 Reference value :  5.83127e-05
 Reference value :  5.83171e-05
 Reference value :  5.83611e-05
 Reference value :  5.83783e-05
 Reference value :  5.84209e-05
 Reference value :  5.84400e-05
 Reference value :  5.84690e-05
 Reference value :  5.85009e-05
 Reference value :  5.85313e-05
 Reference value :  5.85626e-05
 Reference value :  5.85652e-05
 Reference value :  5.85945e-05
 Reference value :  5.86274e-05
 Reference value :  5.86567e-05
 Reference value :  5.86898e-05
 Reference value :  5.87189e-05
 Reference value :  5.87502e-05
 Reference value :  5.87675e-05
 Reference value :  5.87867e-05
 Reference value :  5.88149e-05
 Reference value :  5.88440e-05
 Reference value :  5.88756e-05
 Reference value :  5.89042e-05
 Reference value :  5.89144e-05
 Reference value :  5.89556e-05
 Reference value :  5.90001e-05
 Reference value :  5.90026e-05
 Reference value :  5.90313e-05
 Reference value :  5.90627e-05
 Reference value :  5.90941e-05
 Reference value :  5.91263e-05
 Reference value :  5.91673e-05
 Reference value :  5.91901e-05
 Reference value :  5.92192e-05
 Reference value :  5.92527e-05
 Reference value :  5.92814e-05
 Reference value :  5.93126e-05
 Reference value :  5.93155e-05
 Reference value :  5.93463e-05
 Reference value :  5.93775e-05
 Reference value :  5.94064e-05
 Reference value :  5.94379e-05
 Reference value :  5.94604e-05
 Reference value :  5.94784e-05
 Reference value :  5.95025e-05
 Reference value :  5.95315e-05
 Reference value :  5.95627e-05
 Reference value :  5.95663e-05
 Reference value :  5.95944e-05
 Reference value :  5.96273e-05
 Reference value :  5.96564e-05
 Reference value :  5.96877e-05
 Reference value :  5.96935e-05
 Reference value :  5.97326e-05
 Reference value :  5.97526e-05
 Reference value :  5.97816e-05
 Reference value :  5.98129e-05
 Reference value :  5.98228e-05
 Reference value :  5.98590e-05
 Reference value :  5.98775e-05
 Reference value :  5.99064e-05
 Reference value :  5.99378e-05
 Reference value :  5.99689e-05
 Reference value :  6.00006e-05
 Reference value :  6.00031e-05
 Reference value :  6.00315e-05
 Reference value :  6.00634e-05
 Reference value :  6.01128e-05
 Reference value :  6.01563e-05
 Reference value :  6.01877e-05
 Reference value :  6.02188e-05
 Reference value :  6.02502e-05
 Reference value :  6.02536e-05
 Reference value :  6.02818e-05
 Reference value :  6.03148e-05
 Reference value :  6.03439e-05
 Reference value :  6.03755e-05
 Reference value :  6.04062e-05
 Reference value :  6.04377e-05
 Reference value :  6.04689e-05
 Reference value :  6.05001e-05
 Reference value :  6.05312e-05
 Reference value :  6.05626e-05
 Reference value :  6.05654e-05
 Reference value :  6.05943e-05
 Reference value :  6.06260e-05
 Reference value :  6.06564e-05
 Reference value :  6.06882e-05
 Reference value :  6.07189e-05
 Reference value :  6.07503e-05
 Reference value :  6.07717e-05
 Reference value :  6.07824e-05
 Reference value :  6.08148e-05
 Reference value :  6.08439e-05
 Reference value :  6.08752e-05
 Reference value :  6.08778e-05
 Reference value :  6.09069e-05
 Reference value :  6.09424e-05
 Reference value :  6.10000e-05
 Reference value :  6.10030e-05
 Reference value :  6.10322e-05
 Reference value :  6.10938e-05
 Reference value :  6.11251e-05
 Reference value :  6.11564e-05
 Reference value :  6.11903e-05
 Reference value :  6.12502e-05
 Reference value :  6.12813e-05
 Reference value :  6.13125e-05
 Reference value :  6.13173e-05
 Reference value :  6.13630e-05
 Reference value :  6.13778e-05
 Reference value :  6.14068e-05
 Reference value :  6.14402e-05
 Reference value :  6.14694e-05
 Reference value :  6.15015e-05
 Reference value :  6.15313e-05
 Reference value :  6.15627e-05
 Reference value :  6.15731e-05
 Reference value :  6.16168e-05
 Reference value :  6.16277e-05
 Reference value :  6.16653e-05
 Reference value :  6.16901e-05
 Reference value :  6.17192e-05
 Reference value :  6.17504e-05
 Reference value :  6.17782e-05
 Reference value :  6.17860e-05
 Reference value :  6.18150e-05
 Reference value :  6.18440e-05
 Reference value :  6.18756e-05
 Reference value :  6.18938e-05
 Reference value :  6.19105e-05
 Reference value :  6.19497e-05
 Reference value :  6.20000e-05
 Reference value :  6.20027e-05
 Reference value :  6.20313e-05
 Reference value :  6.20627e-05
 Reference value :  6.20945e-05
 Reference value :  6.21563e-05
 Reference value :  6.21877e-05
 Reference value :  6.22189e-05
 Reference value :  6.22530e-05
 Reference value :  6.22831e-05
 Reference value :  6.23201e-05
 Reference value :  6.23757e-05
 Reference value :  6.24063e-05
 Reference value :  6.24376e-05
 Reference value :  6.24404e-05
 Reference value :  6.24693e-05
 Reference value :  6.25006e-05
 Reference value :  6.25313e-05
 Reference value :  6.25629e-05
 Reference value :  6.25938e-05
 Reference value :  6.26141e-05
 Reference value :  6.26288e-05
 Reference value :  6.26853e-05
 Reference value :  6.26904e-05
 Reference value :  6.27197e-05
 Reference value :  6.27536e-05
 Reference value :  6.28127e-05
 Reference value :  6.28439e-05
 Reference value :  6.28753e-05
 Reference value :  6.29063e-05
 Reference value :  6.29380e-05
 Reference value :  6.30001e-05
 Reference value :  6.30032e-05
 Reference value :  6.30626e-05
 Reference value :  6.31035e-05
 Reference value :  6.31563e-05
 Reference value :  6.31879e-05
 Reference value :  6.32190e-05
 Reference value :  6.32530e-05
 Reference value :  6.32821e-05
 Reference value :  6.33167e-05
 Reference value :  6.33752e-05
 Reference value :  6.34063e-05
 Reference value :  6.34379e-05
 Reference value :  6.34688e-05
 Reference value :  6.34823e-05
 Reference value :  6.35026e-05
 Reference value :  6.35323e-05
 Reference value :  6.35656e-05
 Reference value :  6.35987e-05
 Reference value :  6.36276e-05
 Reference value :  6.36736e-05
 Reference value :  6.37030e-05
 Reference value :  6.37311e-05
 Reference value :  6.37526e-05
 Reference value :  6.37821e-05
 Reference value :  6.38151e-05
 Reference value :  6.38444e-05
 Reference value :  6.38755e-05
 Reference value :  6.38932e-05
 Reference value :  6.39377e-05
 Reference value :  6.39689e-05
 Reference value :  6.40003e-05
 Reference value :  6.40162e-05
 Reference value :  6.40629e-05
 Reference value :  6.41252e-05
 Reference value :  6.41638e-05
 Reference value :  6.41903e-05
 Reference value :  6.42374e-05
 Reference value :  6.42530e-05
 Reference value :  6.42818e-05
 Reference value :  6.43137e-05
 Reference value :  6.43438e-05
 Reference value :  6.43752e-05
 Reference value :  6.43866e-05
 Reference value :  6.44078e-05
 Reference value :  6.44401e-05
 Reference value :  6.44696e-05
 Reference value :  6.45026e-05
 Reference value :  6.45320e-05
 Reference value :  6.45650e-05
 Reference value :  6.45939e-05
 Reference value :  6.46252e-05
 Reference value :  6.46287e-05
 Reference value :  6.46754e-05
 Reference value :  6.46902e-05
 Reference value :  6.47196e-05
 Reference value :  6.47526e-05
 Reference value :  6.47820e-05
 Reference value :  6.48137e-05
 Reference value :  6.48438e-05
 Reference value :  6.48753e-05
 Reference value :  6.49063e-05
 Reference value :  6.49375e-05
 Reference value :  6.49688e-05
 Reference value :  6.50002e-05
 Reference value :  6.50028e-05
 Reference value :  6.50314e-05
 Reference value :  6.50630e-05
 Reference value :  6.50945e-05
 Reference value :  6.51563e-05
 Reference value :  6.51877e-05
 Reference value :  6.52087e-05
 Reference value :  6.52501e-05
 Reference value :  6.52531e-05
 Reference value :  6.52818e-05
 Reference value :  6.53131e-05
 Reference value :  6.53438e-05
 Reference value :  6.53540e-05
 Reference value :  6.53775e-05
 Reference value :  6.54064e-05
 Reference value :  6.54376e-05
 Reference value :  6.54402e-05
 Reference value :  6.54690e-05
 Reference value :  6.55006e-05
 Reference value :  6.55218e-05
 Reference value :  6.55625e-05
 Reference value :  6.55661e-05
 Reference value :  6.56251e-05
 Reference value :  6.56563e-05
 Reference value :  6.56880e-05
 Reference value :  6.57191e-05
 Reference value :  6.57525e-05
 Reference value :  6.57816e-05
 Reference value :  6.58129e-05
 Reference value :  6.58439e-05
 Reference value :  6.58774e-05
 Reference value :  6.59068e-05
 Reference value :  6.59688e-05
No. of Data Rows : 161478
s000                =  7.23000e+02
s001                =  3.43000e+02
s002                =  6.36000e+02
s003                =  4.33000e+02
s004                =  5.44000e+02
s005                =  5.27000e+02
s006                =  4.49000e+02
s007                =  6.20000e+02
s008                =  3.57000e+02
s009                =  7.10000e+02
s010                =  2.72000e+02
s011                =  7.91000e+02
s012                =  1.96000e+02
s013                =  8.61000e+02
s014                =  1.32000e+02
s015                =  9.18000e+02
s016                =  8.30000e+01
s017                =  9.59000e+02
s018                =  4.90000e+01
s019                =  9.84000e+02
s020                =  3.40000e+01
s021                =  9.90000e+02
s022                =  3.70000e+01
s023                =  9.77000e+02
s024                =  5.80000e+01
s025                =  9.47000e+02
s026                =  9.70000e+01
s027                =  9.00000e+02
s028                =  1.52000e+02
s029                =  8.38000e+02
s030                =  2.20000e+02
s031                =  7.63000e+02
s032                =  3.00000e+02
s033                =  6.80000e+02
s034                =  3.88000e+02
s035                =  5.90000e+02
s036                =  4.80000e+02
s037                =  4.96000e+02
s038                =  5.74000e+02
s039                =  4.03000e+02
s040                =  6.66000e+02
s041                =  3.14000e+02
s042                =  7.52000e+02
s043                =  2.33000e+02
s044                =  8.28000e+02
s045                =  1.62000e+02
s046                =  8.92000e+02
s047                =  1.05000e+02
s048                =  9.41000e+02
s049                =  6.40000e+01
s050                =  9.74000e+02
s051                =  4.00000e+01
s052                =  9.89000e+02
s053                =  3.30000e+01
s054                =  9.86000e+02
s055                =  4.60000e+01
s056                =  9.64000e+02
s057                =  7.60000e+01
s058                =  9.25000e+02
s059                =  1.23000e+02
s060                =  8.70000e+02
s061                =  1.85000e+02
s062                =  8.02000e+02
s063                =  2.59000e+02
cmax                =  9.90000e+02 at=  2.49396e-05
cmin                =  3.30000e+01 at=  5.69396e-05
d000                =  2.70089e+02 at=  2.50014e-06
d008                =  6.35336e+02 at=  1.07815e-05
d016                =  8.56211e+02 at=  1.88751e-05
d024                =  5.98647e+02 at=  2.68751e-05
d032                =  2.69946e+02 at=  3.45001e-05
d040                =  6.35313e+02 at=  4.27813e-05
d048                =  8.56452e+02 at=  5.08751e-05
d056                =  5.98186e+02 at=  5.88751e-05
vrefhi              =  2.97196e+00 at=  6.31252e-05
vreflo              =  2.96818e+00 at=  6.40725e-05
m_code_s000 = 7.2300000000e+02
m_code_s001 = 3.4300000000e+02
m_code_s002 = 6.3600000000e+02
m_code_s003 = 4.3300000000e+02
m_code_s004 = 5.4400000000e+02
m_code_s005 = 5.2700000000e+02
m_code_s006 = 4.4900000000e+02
m_code_s007 = 6.2000000000e+02
m_code_s008 = 3.5700000000e+02
m_code_s009 = 7.1000000000e+02
m_code_s010 = 2.7200000000e+02
m_code_s011 = 7.9100000000e+02
m_code_s012 = 1.9600000000e+02
m_code_s013 = 8.6100000000e+02
m_code_s014 = 1.3200000000e+02
m_code_s015 = 9.1800000000e+02
m_code_s016 = 8.3000000000e+01
m_code_s017 = 9.5900000000e+02
m_code_s018 = 4.9000000000e+01
m_code_s019 = 9.8400000000e+02
m_code_s020 = 3.4000000000e+01
m_code_s021 = 9.9000000000e+02
m_code_s022 = 3.7000000000e+01
m_code_s023 = 9.7700000000e+02
m_code_s024 = 5.8000000000e+01
m_code_s025 = 9.4700000000e+02
m_code_s026 = 9.7000000000e+01
m_code_s027 = 9.0000000000e+02
m_code_s028 = 1.5200000000e+02
m_code_s029 = 8.3800000000e+02
m_code_s030 = 2.2000000000e+02
m_code_s031 = 7.6300000000e+02
m_code_s032 = 3.0000000000e+02
m_code_s033 = 6.8000000000e+02
m_code_s034 = 3.8800000000e+02
m_code_s035 = 5.9000000000e+02
m_code_s036 = 4.8000000000e+02
m_code_s037 = 4.9600000000e+02
m_code_s038 = 5.7400000000e+02
m_code_s039 = 4.0300000000e+02
m_code_s040 = 6.6600000000e+02
m_code_s041 = 3.1400000000e+02
m_code_s042 = 7.5200000000e+02
m_code_s043 = 2.3300000000e+02
m_code_s044 = 8.2800000000e+02
m_code_s045 = 1.6200000000e+02
m_code_s046 = 8.9200000000e+02
m_code_s047 = 1.0500000000e+02
m_code_s048 = 9.4100000000e+02
m_code_s049 = 6.4000000000e+01
m_code_s050 = 9.7400000000e+02
m_code_s051 = 4.0000000000e+01
m_code_s052 = 9.8900000000e+02
m_code_s053 = 3.3000000000e+01
m_code_s054 = 9.8600000000e+02
m_code_s055 = 4.6000000000e+01
m_code_s056 = 9.6400000000e+02
m_code_s057 = 7.6000000000e+01
m_code_s058 = 9.2500000000e+02
m_code_s059 = 1.2300000000e+02
m_code_s060 = 8.7000000000e+02
m_code_s061 = 1.8500000000e+02
m_code_s062 = 8.0200000000e+02
m_code_s063 = 2.5900000000e+02
m_decerr_c000_lsb = 2.7008880000e+02
m_decerr_c008_lsb = 6.3533620000e+02
m_decerr_c016_lsb = 8.5621120000e+02
m_decerr_c024_lsb = 5.9864690000e+02
m_decerr_c032_lsb = 2.6994550000e+02
m_decerr_c040_lsb = 6.3531330000e+02
m_decerr_c048_lsb = 8.5645150000e+02
m_decerr_c056_lsb = 5.9818580000e+02
m_code_max = 9.9000000000e+02
m_code_min = 3.3000000000e+01
m_vref_droop_mv = 3.7860000000e+00
Note: Simulation executed from .control section 

Note: Starting dynamic gmin stepping
Warning: Dynamic gmin stepping failed
Note: Starting true gmin stepping
Note: True gmin stepping completed
