
Note: No compatibility mode selected!


Circuit: * adc-inl-dnl @ ff_125c_3.30v -- generated by sim/harness, do not edit

Reducing trtol to 1 for xspice 'A' devices
Doing analysis at TEMP = 125.000000 and TNOM = 27.000000

Using SPARSE 1.3 as Direct Linear Solver

Initial Transient Solution
--------------------------

Node                                   Voltage
----                                   -------
clk                                          0
cmpclk                                       0
cmpclkb                                    3.3
vddt                                       3.3
vddd                                       3.3
vddc                                       3.3
vrefs                                      3.3
vrefn                                      3.3
vcmn                                      1.65
se_vinp                             0.00402832
se_vinn                                   1.65
se_start                                     0
se_mode                                      0
se_cmp                                 1.34355
se_samp_tp_n                                 0
se_sel_in_n                                  0
se_drdy                                    3.3
se_c9                                        0
se_c8                                        0
se_c7                                        0
se_c6                                        0
se_c5                                        0
se_c4                                        0
se_c3                                        0
se_c2                                        0
se_c1                                        0
se_c0                                        0
se_rel_n_256p                              3.3
se_sel_hi_n_256p                             0
se_sel_lo_n_256p                             0
se_rel_n_128p                              3.3
se_sel_hi_n_128p                             0
se_sel_lo_n_128p                             0
se_rel_n_64p                               3.3
se_sel_hi_n_64p                              0
se_sel_lo_n_64p                              0
se_rel_n_32p                               3.3
se_sel_hi_n_32p                              0
se_sel_lo_n_32p                              0
se_rel_n_16p                               3.3
se_sel_hi_n_16p                              0
se_sel_lo_n_16p                              0
se_rel_n_8p                                3.3
se_sel_hi_n_8p                               0
se_sel_lo_n_8p                               0
se_rel_n_4p                                3.3
se_sel_hi_n_4p                               0
se_sel_lo_n_4p                               0
se_rel_n_2p                                3.3
se_sel_hi_n_2p                               0
se_sel_lo_n_2p                               0
se_rel_n_1p                                3.3
se_sel_hi_n_1p                               0
se_sel_lo_n_1p                               0
se_rel_n_256n                              3.3
se_sel_hi_n_256n                             0
se_sel_lo_n_256n                             0
se_rel_n_128n                              3.3
se_sel_hi_n_128n                             0
se_sel_lo_n_128n                             0
se_rel_n_64n                               3.3
se_sel_hi_n_64n                              0
se_sel_lo_n_64n                              0
se_rel_n_32n                               3.3
se_sel_hi_n_32n                              0
se_sel_lo_n_32n                              0
se_rel_n_16n                               3.3
se_sel_hi_n_16n                              0
se_sel_lo_n_16n                              0
se_rel_n_8n                                3.3
se_sel_hi_n_8n                               0
se_sel_lo_n_8n                               0
se_rel_n_4n                                3.3
se_sel_hi_n_4n                               0
se_sel_lo_n_4n                               0
se_rel_n_2n                                3.3
se_sel_hi_n_2n                               0
se_sel_lo_n_2n                               0
se_rel_n_1n                                3.3
se_sel_hi_n_1n                               0
se_sel_lo_n_1n                               0
se_pinp                             0.00402975
se_pinn                                   1.65
xdut.\$65__t0                              3.3
xdut.sel_in__t0                              0
xdut.vss__t0                       1.24826e-07
xdut.\$27__t2                      9.99493e-08
xdut.rel_256_p__t2                         3.3
xdut.vss__t46                      1.76203e-08
xdut.\$29__t2                              3.3
xdut.hi_256_p__t2                            0
xdut.vss__t45                       1.2138e-07
xdut.\$9__t2                               3.3
xdut.lo_256_p__t2                            0
xdut.vss__t44                      1.19657e-07
xdut.vinp__t0                        0.0040317
xdut.sel_in__t1                              0
xdut.\$10__t0                          1.64999
xdut.vcm__t27                             1.65
xdut.rel_256_p__t1                         3.3
xdut.\$10__t262                        1.64999
xdut.vref__t21                             3.3
xdut.hi_256_p__t1                            0
xdut.\$10__t261                        1.64999
xdut.vss__t24                      7.45257e-07
xdut.lo_256_p__t1                            0
xdut.\$10__t263                        1.64999
xdut.\$67__t2                              3.3
xdut.sel_in__t50                             0
xdut.vss__t94                      9.65657e-08
xdut.\$31__t2                       9.5905e-08
xdut.rel_128_p__t2                         3.3
xdut.vss__t109                      1.3576e-08
xdut.\$33__t2                              3.3
xdut.hi_128_p__t2                            0
xdut.vss__t96                      9.31299e-08
xdut.\$11__t2                              3.3
xdut.lo_128_p__t2                            0
xdut.vss__t99                      9.14127e-08
xdut.vinp__t12                      0.00403124
xdut.sel_in__t25                             0
xdut.\$12__t132                           1.65
xdut.vcm__t30                             1.65
xdut.rel_128_p__t1                         3.3
xdut.\$12__t133                           1.65
xdut.vref__t23                             3.3
xdut.hi_128_p__t1                            0
xdut.\$12__t134                           1.65
xdut.vss__t25                      5.58367e-07
xdut.lo_128_p__t1                            0
xdut.\$12__t135                           1.65
xdut.\$69__t2                              3.3
xdut.sel_in__t52                             0
xdut.vss__t102                     6.84309e-08
xdut.\$35__t2                      9.18797e-08
xdut.rel_64_p__t2                          3.3
xdut.vss__t103                      9.5507e-09
xdut.\$37__t2                              3.3
xdut.hi_64_p__t2                             0
xdut.vss__t104                     6.50205e-08
xdut.\$13__t2                              3.3
xdut.lo_64_p__t2                             0
xdut.vss__t105                     6.33174e-08
xdut.vinp__t13                      0.00403078
xdut.sel_in__t26                             0
xdut.\$14__t68                            1.65
xdut.vcm__t31                             1.65
xdut.rel_64_p__t1                          3.3
xdut.\$14__t69                            1.65
xdut.vref__t32                             3.3
xdut.hi_64_p__t1                             0
xdut.\$14__t71                            1.65
xdut.vss__t29                      3.72384e-07
xdut.lo_64_p__t1                             0
xdut.\$14__t70                            1.65
xdut.\$71__t2                              3.3
xdut.sel_in__t46                             0
xdut.vss__t76                      4.06821e-08
xdut.\$39__t2                      8.79146e-08
xdut.rel_32_p__t2                          3.3
xdut.vss__t75                      5.58555e-09
xdut.\$41__t2                              3.3
xdut.hi_32_p__t2                             0
xdut.vss__t65                      3.73703e-08
xdut.\$15__t2                              3.3
xdut.lo_32_p__t2                             0
xdut.vss__t70                       3.5725e-08
xdut.vinp__t16                      0.00403033
xdut.sel_in__t31                             0
xdut.\$16__t37                            1.65
xdut.vcm__t35                             1.65
xdut.rel_32_p__t1                          3.3
xdut.\$16__t38                            1.65
xdut.vref__t30                             3.3
xdut.hi_32_p__t1                             0
xdut.\$16__t39                            1.65
xdut.vss__t28                       1.8999e-07
xdut.lo_32_p__t1                             0
xdut.\$16__t36                            1.65
xdut.\$73__t2                              3.3
xdut.sel_in__t45                             0
xdut.vss__t71                      1.55455e-08
xdut.\$43__t2                      8.43921e-08
xdut.rel_16_p__t2                          3.3
xdut.vss__t72                      2.06304e-09
xdut.\$45__t2                              3.3
xdut.hi_16_p__t2                             0
xdut.vss__t73                      1.34092e-08
xdut.\$17__t2                              3.3
xdut.lo_16_p__t2                             0
xdut.vss__t74                      1.25643e-08
xdut.vinp__t17                      0.00402987
xdut.sel_in__t32                             0
xdut.\$18__t23                            1.65
xdut.vcm__t33                             1.65
xdut.rel_16_p__t1                          3.3
xdut.\$18__t20                            1.65
xdut.vref__t29                             3.3
xdut.hi_16_p__t1                             0
xdut.\$18__t21                            1.65
xdut.vss__t32                      6.36951e-08
xdut.lo_16_p__t1                             0
xdut.\$18__t22                            1.65
xdut.\$75__t2                              3.3
xdut.sel_in__t38                             0
xdut.vss__t41                      2.10404e-08
xdut.\$47__t2                      8.55523e-08
xdut.rel_8_p__t2                           3.3
xdut.vss__t67                      3.22322e-09
xdut.\$49__t2                              3.3
xdut.hi_8_p__t2                              0
xdut.vss__t83                      2.40307e-08
xdut.\$19__t2                              3.3
xdut.lo_8_p__t2                              0
xdut.vss__t38                      2.55704e-08
xdut.vinp__t11                       0.0040301
xdut.sel_in__t24                             0
xdut.\$20__t12                            1.65
xdut.vcm__t26                             1.65
xdut.rel_8_p__t1                           3.3
xdut.\$20__t13                            1.65
xdut.vref__t20                             3.3
xdut.hi_8_p__t1                              0
xdut.\$20__t14                            1.65
xdut.vss__t22                      2.06283e-07
xdut.lo_8_p__t1                              0
xdut.\$20__t15                            1.65
xdut.\$77__t2                              3.3
xdut.sel_in__t51                             0
xdut.vss__t101                     4.75198e-08
xdut.\$51__t2                      8.93716e-08
xdut.rel_4_p__t2                           3.3
xdut.vss__t100                     7.04254e-09
xdut.\$53__t2                              3.3
xdut.hi_4_p__t2                              0
xdut.vss__t98                      5.08876e-08
xdut.\$21__t2                              3.3
xdut.lo_4_p__t2                              0
xdut.vss__t97                      5.25759e-08
xdut.vinp__t14                      0.00403055
xdut.sel_in__t28                             0
xdut.\$22__t11                            1.65
xdut.vcm__t28                             1.65
xdut.rel_4_p__t1                           3.3
xdut.\$22__t10                            1.65
xdut.vref__t22                             3.3
xdut.hi_4_p__t1                              0
xdut.\$22__t9                             1.65
xdut.vss__t23                      3.89336e-07
xdut.lo_4_p__t1                              0
xdut.\$22__t8                             1.65
xdut.\$79__t2                              3.3
xdut.sel_in__t49                             0
xdut.vss__t93                      7.54185e-08
xdut.\$55__t2                       9.3369e-08
xdut.rel_2_p__t2                           3.3
xdut.vss__t92                        1.104e-08
xdut.\$57__t2                              3.3
xdut.hi_2_p__t2                              0
xdut.vss__t85                      7.88416e-08
xdut.\$23__t2                              3.3
xdut.lo_2_p__t2                              0
xdut.vss__t84                      8.05544e-08
xdut.vinp__t10                      0.00403101
xdut.sel_in__t23                             0
xdut.\$24__t6                          1.64999
xdut.vcm__t32                             1.65
xdut.rel_2_p__t1                           3.3
xdut.\$24__t7                             1.65
xdut.vref__t27                             3.3
xdut.hi_2_p__t1                              0
xdut.\$24__t8                             1.65
xdut.vss__t30                       5.7545e-07
xdut.lo_2_p__t1                              0
xdut.\$24__t9                          1.64999
xdut.\$81__t2                              3.3
xdut.sel_in__t39                             0
xdut.vss__t48                      1.03596e-07
xdut.\$59__t2                      9.74034e-08
xdut.rel_1_p__t2                           3.3
xdut.vss__t47                      1.50744e-08
xdut.\$61__t2                              3.3
xdut.hi_1_p__t2                              0
xdut.vss__t43                      1.07037e-07
xdut.\$25__t2                              3.3
xdut.lo_1_p__t2                              0
xdut.vss__t42                      1.08757e-07
xdut.vinp__t15                      0.00403147
xdut.sel_in__t30                             0
xdut.\$26__t8                          1.64999
xdut.vcm__t34                             1.65
xdut.rel_1_p__t1                           3.3
xdut.\$26__t7                             1.65
xdut.vref__t28                             3.3
xdut.hi_1_p__t1                              0
xdut.\$26__t6                          1.64999
xdut.vss__t21                      7.62386e-07
xdut.lo_1_p__t1                              0
xdut.\$26__t5                          1.64999
xdut.\$83__t2                              3.3
xdut.sel_in__t53                             0
xdut.vss__t107                     1.24578e-07
xdut.\$85__t2                      9.99134e-08
xdut.rel_256_n__t2                         3.3
xdut.vss__t108                     1.75844e-08
xdut.\$87__t2                              3.3
xdut.hi_256_n__t2                            0
xdut.vss__t95                      1.21126e-07
xdut.\$89__t2                              3.3
xdut.lo_256_n__t2                            0
xdut.vss__t55                      1.19399e-07
xdut.vinn__t13                            1.65
xdut.sel_in__t29                             0
xdut.\$90__t261                           1.65
xdut.vcm__t41                             1.65
xdut.rel_256_n__t1                         3.3
xdut.\$90__t263                           1.65
xdut.vref__t26                             3.3
xdut.hi_256_n__t1                            0
xdut.\$90__t260                           1.65
xdut.vss__t31                      7.45456e-07
xdut.lo_256_n__t1                            0
xdut.\$90__t262                           1.65
xdut.\$92__t2                              3.3
xdut.sel_in__t43                             0
xdut.vss__t62                      9.62459e-08
xdut.\$94__t2                      9.58584e-08
xdut.rel_128_n__t2                         3.3
xdut.vss__t63                      1.35294e-08
xdut.\$96__t2                              3.3
xdut.hi_128_n__t2                            0
xdut.vss__t64                      9.27982e-08
xdut.\$98__t2                              3.3
xdut.lo_128_n__t2                            0
xdut.vss__t106                     9.10748e-08
xdut.vinn__t17                            1.65
xdut.sel_in__t36                             0
xdut.\$99__t135                           1.65
xdut.vcm__t40                             1.65
xdut.rel_128_n__t1                         3.3
xdut.\$99__t134                           1.65
xdut.vref__t31                             3.3
xdut.hi_128_n__t1                            0
xdut.\$99__t133                           1.65
xdut.vss__t33                      5.58632e-07
xdut.lo_128_n__t1                            0
xdut.\$99__t132                           1.65
xdut.\$100__t2                             3.3
xdut.sel_in__t42                             0
xdut.vss__t56                      6.79788e-08
xdut.\$102__t2                     9.18134e-08
xdut.rel_64_n__t2                          3.3
xdut.vss__t59                      9.48431e-09
xdut.\$104__t2                             3.3
xdut.hi_64_n__t2                             0
xdut.vss__t60                      6.45445e-08
xdut.\$106__t2                             3.3
xdut.lo_64_n__t2                             0
xdut.vss__t61                      6.28285e-08
xdut.vinn__t14                            1.65
xdut.sel_in__t33                             0
xdut.\$107__t71                           1.65
xdut.vcm__t36                             1.65
xdut.rel_64_n__t1                          3.3
xdut.\$107__t70                           1.65
xdut.vref__t25                             3.3
xdut.hi_64_n__t1                             0
xdut.\$107__t68                           1.65
xdut.vss__t26                       3.7278e-07
xdut.lo_64_n__t1                             0
xdut.\$107__t69                           1.65
xdut.\$108__t2                             3.3
xdut.sel_in__t47                             0
xdut.vss__t77                      3.99169e-08
xdut.\$110__t2                     8.78003e-08
xdut.rel_32_n__t2                          3.3
xdut.vss__t78                      5.47127e-09
xdut.\$112__t2                             3.3
xdut.hi_32_n__t2                             0
xdut.vss__t79                      3.65358e-08
xdut.\$114__t2                             3.3
xdut.lo_32_n__t2                             0
xdut.vss__t80                      3.48511e-08
xdut.vinn__t12                            1.65
xdut.sel_in__t27                             0
xdut.\$115__t39                           1.65
xdut.vcm__t29                             1.65
xdut.rel_32_n__t1                          3.3
xdut.\$115__t37                           1.65
xdut.vref__t24                             3.3
xdut.hi_32_n__t1                             0
xdut.\$115__t38                           1.65
xdut.vss__t20                      1.90765e-07
xdut.lo_32_n__t1                             0
xdut.\$115__t36                           1.65
xdut.\$116__t2                             3.3
xdut.sel_in__t44                             0
xdut.vss__t66                       1.3416e-08
xdut.\$118__t2                      8.4059e-08
xdut.rel_16_n__t2                          3.3
xdut.vss__t81                       1.7299e-09
xdut.\$120__t2                             3.3
xdut.hi_16_n__t2                             0
xdut.vss__t68                      1.08689e-08
xdut.\$122__t2                             3.3
xdut.lo_16_n__t2                             0
xdut.vss__t69                      9.80744e-09
xdut.vinn__t9                             1.65
xdut.sel_in__t20                             0
xdut.\$123__t22                           1.65
xdut.vcm__t23                             1.65
xdut.rel_16_n__t1                          3.3
xdut.\$123__t20                           1.65
xdut.vref__t18                             3.3
xdut.hi_16_n__t1                             0
xdut.\$123__t21                           1.65
xdut.vss__t27                      6.59693e-08
xdut.lo_16_n__t1                             0
xdut.\$123__t23                           1.65
xdut.\$124__t2                             3.3
xdut.sel_in__t48                             0
xdut.vss__t82                      1.95198e-08
xdut.\$126__t2                     8.53499e-08
xdut.rel_8_n__t2                           3.3
xdut.vss__t91                      3.02085e-09
xdut.\$128__t2                             3.3
xdut.hi_8_n__t2                              0
xdut.vss__t90                      2.27113e-08
xdut.\$130__t2                             3.3
xdut.lo_8_n__t2                              0
xdut.vss__t89                      2.43346e-08
xdut.vinn__t16                            1.65
xdut.sel_in__t35                             0
xdut.\$131__t15                           1.65
xdut.vcm__t39                             1.65
xdut.rel_8_n__t1                           3.3
xdut.\$131__t14                           1.65
xdut.vref__t35                             3.3
xdut.hi_8_n__t1                              0
xdut.\$131__t13                           1.65
xdut.vss__t36                      2.06997e-07
xdut.lo_8_n__t1                              0
xdut.\$131__t12                           1.65
xdut.\$132__t2                             3.3
xdut.sel_in__t41                             0
xdut.vss__t54                      4.68664e-08
xdut.\$134__t2                     8.92813e-08
xdut.rel_4_n__t2                           3.3
xdut.vss__t88                      6.95225e-09
xdut.\$136__t2                             3.3
xdut.hi_4_n__t2                              0
xdut.vss__t87                      5.02779e-08
xdut.\$138__t2                             3.3
xdut.lo_4_n__t2                              0
xdut.vss__t86                      5.19861e-08
xdut.vinn__t10                            1.65
xdut.sel_in__t21                             0
xdut.\$139__t11                           1.65
xdut.vcm__t25                             1.65
xdut.rel_4_n__t1                           3.3
xdut.\$139__t10                           1.65
xdut.vref__t19                             3.3
xdut.hi_4_n__t1                              0
xdut.\$139__t9                            1.65
xdut.vss__t19                      3.89715e-07
xdut.lo_4_n__t1                              0
xdut.\$139__t8                            1.65
xdut.\$140__t2                             3.3
xdut.sel_in__t37                             0
xdut.vss__t37                      7.50085e-08
xdut.\$142__t2                     9.33116e-08
xdut.rel_2_n__t2                           3.3
xdut.vss__t53                      1.09826e-08
xdut.\$144__t2                             3.3
xdut.hi_2_n__t2                              0
xdut.vss__t40                      7.84495e-08
xdut.\$146__t2                             3.3
xdut.lo_2_n__t2                              0
xdut.vss__t39                      8.01706e-08
xdut.vinn__t11                            1.65
xdut.sel_in__t22                             0
xdut.\$147__t6                            1.65
xdut.vcm__t38                             1.65
xdut.rel_2_n__t1                           3.3
xdut.\$147__t9                            1.65
xdut.vref__t34                             3.3
xdut.hi_2_n__t1                              0
xdut.\$147__t8                            1.65
xdut.vss__t35                      5.75707e-07
xdut.lo_2_n__t1                              0
xdut.\$147__t7                            1.65
xdut.\$148__t2                             3.3
xdut.sel_in__t40                             0
xdut.vss__t49                      1.03298e-07
xdut.\$150__t2                     9.73615e-08
xdut.rel_1_n__t2                           3.3
xdut.vss__t50                      1.50325e-08
xdut.\$152__t2                             3.3
xdut.hi_1_n__t2                              0
xdut.vss__t51                      1.06748e-07
xdut.\$154__t2                             3.3
xdut.lo_1_n__t2                              0
xdut.vss__t52                      1.08473e-07
xdut.vinn__t15                            1.65
xdut.sel_in__t34                             0
xdut.\$155__t8                            1.65
xdut.vcm__t37                             1.65
xdut.rel_1_n__t1                           3.3
xdut.\$155__t7                            1.65
xdut.vref__t33                             3.3
xdut.hi_1_n__t1                              0
xdut.\$155__t6                            1.65
xdut.vss__t34                      7.62581e-07
xdut.lo_1_n__t1                              0
xdut.\$155__t5                            1.65
xdut.\$166__t2                             3.3
xdut.tp_gn__t4                               0
xdut.vss__t57                       1.3818e-07
xdut.vcm__t24                             1.65
xdut.tp_gn__t3                               0
xdut.topp__t513                        1.65574
xdut.\$167__t2                             3.3
xdut.tp_gn__t5                               0
xdut.vss__t58                      1.45925e-07
xdut.vcm__t22                             1.65
xdut.tp_gn__t2                               0
xdut.topn__t513                        1.96987
xdut.\$65__t1                              3.3
xdut.sel_in__t2                              0
xdut.vdd__t0                               3.3
xdut.\$27__t1                       1.2488e-07
xdut.rel_256_p__t0                         3.3
xdut.vdd__t61                              3.3
xdut.\$29__t1                              3.3
xdut.hi_256_p__t0                            0
xdut.vdd__t60                              3.3
xdut.\$9__t1                               3.3
xdut.lo_256_p__t0                            0
xdut.vdd__t70                              3.3
xdut.vinp__t1                       0.00402975
xdut.\$65__t2                              3.3
xdut.\$10__t1                          1.64999
xdut.vcm__t21                             1.65
xdut.\$27__t0                      1.20457e-07
xdut.\$10__t260                        1.64999
xdut.vref__t3                              3.3
xdut.\$29__t0                              3.3
xdut.\$10__t258                        1.64999
xdut.vss__t5                       7.37691e-10
xdut.\$9__t0                               3.3
xdut.\$10__t259                        1.64999
xdut.\$67__t1                              3.3
xdut.sel_in__t19                             0
xdut.vdd__t72                              3.3
xdut.\$31__t1                      1.20836e-07
xdut.rel_128_p__t0                         3.3
xdut.vdd__t71                              3.3
xdut.\$33__t1                              3.3
xdut.hi_128_p__t0                            0
xdut.vdd__t58                              3.3
xdut.\$11__t1                              3.3
xdut.lo_128_p__t0                            0
xdut.vdd__t59                              3.3
xdut.vinp__t6                       0.00402975
xdut.\$67__t0                              3.3
xdut.\$12__t131                           1.65
xdut.vcm__t6                              1.65
xdut.\$31__t0                      1.16412e-07
xdut.\$12__t130                           1.65
xdut.vref__t4                              3.3
xdut.\$33__t0                              3.3
xdut.\$12__t129                           1.65
xdut.vss__t2                       5.25291e-10
xdut.\$11__t0                              3.3
xdut.\$12__t128                           1.65
xdut.\$69__t1                              3.3
xdut.sel_in__t16                             0
xdut.vdd__t62                              3.3
xdut.\$35__t1                       1.1681e-07
xdut.rel_64_p__t0                          3.3
xdut.vdd__t53                              3.3
xdut.\$37__t1                              3.3
xdut.hi_64_p__t0                             0
xdut.vdd__t69                              3.3
xdut.\$13__t1                              3.3
xdut.lo_64_p__t0                             0
xdut.vdd__t3                               3.3
xdut.vinp__t9                       0.00402975
xdut.\$69__t0                              3.3
xdut.\$14__t67                            1.65
xdut.vcm__t18                             1.65
xdut.\$35__t0                      1.12387e-07
xdut.\$14__t66                            1.65
xdut.vref__t15                             3.3
xdut.\$37__t0                              3.3
xdut.\$14__t65                            1.65
xdut.vss__t4                       3.13812e-10
xdut.\$13__t0                              3.3
xdut.\$14__t64                            1.65
xdut.\$71__t1                              3.3
xdut.sel_in__t4                              0
xdut.vdd__t8                               3.3
xdut.\$39__t1                      1.12845e-07
xdut.rel_32_p__t0                          3.3
xdut.vdd__t10                              3.3
xdut.\$41__t1                              3.3
xdut.hi_32_p__t0                             0
xdut.vdd__t12                              3.3
xdut.\$15__t1                              3.3
xdut.lo_32_p__t0                             0
xdut.vdd__t13                              3.3
xdut.vinp__t3                       0.00402975
xdut.\$71__t0                              3.3
xdut.\$16__t32                            1.65
xdut.vcm__t13                             1.65
xdut.\$39__t0                      1.08422e-07
xdut.\$16__t33                            1.65
xdut.vref__t10                             3.3
xdut.\$41__t0                              3.3
xdut.\$16__t34                            1.65
xdut.vss__t12                      1.08763e-10
xdut.\$15__t0                              3.3
xdut.\$16__t35                            1.65
xdut.\$73__t1                              3.3
xdut.sel_in__t18                             0
xdut.vdd__t67                              3.3
xdut.\$43__t1                      1.09323e-07
xdut.rel_16_p__t0                          3.3
xdut.vdd__t68                              3.3
xdut.\$45__t1                              3.3
xdut.hi_16_p__t0                             0
xdut.vdd__t6                               3.3
xdut.\$17__t1                              3.3
xdut.lo_16_p__t0                             0
xdut.vdd__t7                               3.3
xdut.vinp__t7                       0.00402975
xdut.\$73__t0                              3.3
xdut.\$18__t19                            1.65
xdut.vcm__t4                              1.65
xdut.\$43__t0                        1.049e-07
xdut.\$18__t16                            1.65
xdut.vref__t2                              3.3
xdut.\$45__t0                              3.3
xdut.\$18__t17                            1.65
xdut.vss__t6                       1.26433e-10
xdut.\$17__t0                              3.3
xdut.\$18__t18                            1.65
xdut.\$75__t1                              3.3
xdut.sel_in__t14                             0
xdut.vdd__t50                              3.3
xdut.\$47__t1                      1.10483e-07
xdut.rel_8_p__t0                           3.3
xdut.vdd__t51                              3.3
xdut.\$49__t1                              3.3
xdut.hi_8_p__t0                              0
xdut.vdd__t43                              3.3
xdut.\$19__t1                              3.3
xdut.lo_8_p__t0                              0
xdut.vdd__t19                              3.3
xdut.vinp__t4                       0.00402975
xdut.\$75__t0                              3.3
xdut.\$20__t8                             1.65
xdut.vcm__t12                             1.65
xdut.\$47__t0                       1.0606e-07
xdut.\$20__t9                             1.65
xdut.vref__t9                              3.3
xdut.\$49__t0                              3.3
xdut.\$20__t10                            1.65
xdut.vss__t11                      3.33085e-10
xdut.\$19__t0                              3.3
xdut.\$20__t11                            1.65
xdut.\$77__t1                              3.3
xdut.sel_in__t11                             0
xdut.vdd__t38                              3.3
xdut.\$51__t1                      1.14302e-07
xdut.rel_4_p__t0                           3.3
xdut.vdd__t39                              3.3
xdut.\$53__t1                              3.3
xdut.hi_4_p__t0                              0
xdut.vdd__t40                              3.3
xdut.\$21__t1                              3.3
xdut.lo_4_p__t0                              0
xdut.vdd__t41                              3.3
xdut.vinp__t2                       0.00402975
xdut.\$77__t0                              3.3
xdut.\$22__t4                             1.65
xdut.vcm__t5                              1.65
xdut.\$51__t0                      1.09879e-07
xdut.\$22__t5                             1.65
xdut.vref__t1                              3.3
xdut.\$53__t0                              3.3
xdut.\$22__t6                             1.65
xdut.vss__t1                       5.44712e-10
xdut.\$21__t0                              3.3
xdut.\$22__t7                             1.65
xdut.\$79__t1                              3.3
xdut.sel_in__t10                             0
xdut.vdd__t35                              3.3
xdut.\$55__t1                      1.18299e-07
xdut.rel_2_p__t0                           3.3
xdut.vdd__t31                              3.3
xdut.\$57__t1                              3.3
xdut.hi_2_p__t0                              0
xdut.vdd__t32                              3.3
xdut.\$23__t1                              3.3
xdut.lo_2_p__t0                              0
xdut.vdd__t33                              3.3
xdut.vinp__t8                       0.00402975
xdut.\$79__t0                              3.3
xdut.\$24__t2                             1.65
xdut.vcm__t14                             1.65
xdut.\$55__t0                      1.13876e-07
xdut.\$24__t3                             1.65
xdut.vref__t11                             3.3
xdut.\$57__t0                              3.3
xdut.\$24__t4                             1.65
xdut.vss__t13                      7.57153e-10
xdut.\$23__t0                              3.3
xdut.\$24__t5                             1.65
xdut.\$81__t1                              3.3
xdut.sel_in__t9                              0
xdut.vdd__t34                              3.3
xdut.\$59__t1                      1.22334e-07
xdut.rel_1_p__t0                           3.3
xdut.vdd__t54                              3.3
xdut.\$61__t1                              3.3
xdut.hi_1_p__t0                              0
xdut.vdd__t20                              3.3
xdut.\$25__t1                              3.3
xdut.lo_1_p__t0                              0
xdut.vdd__t21                              3.3
xdut.vinp__t5                       0.00402976
xdut.\$81__t0                              3.3
xdut.\$26__t1                          1.64999
xdut.vcm__t7                              1.65
xdut.\$59__t0                      1.17911e-07
xdut.\$26__t2                             1.65
xdut.vref__t12                             3.3
xdut.\$61__t0                              3.3
xdut.\$26__t3                          1.64999
xdut.vss__t16                      9.69873e-10
xdut.\$25__t0                              3.3
xdut.\$26__t4                          1.64999
xdut.\$83__t1                              3.3
xdut.sel_in__t17                             0
xdut.vdd__t66                              3.3
xdut.\$85__t1                      1.24844e-07
xdut.rel_256_n__t0                         3.3
xdut.vdd__t65                              3.3
xdut.\$87__t1                              3.3
xdut.hi_256_n__t0                            0
xdut.vdd__t64                              3.3
xdut.\$89__t1                              3.3
xdut.lo_256_n__t0                            0
xdut.vdd__t63                              3.3
xdut.vinn__t7                             1.65
xdut.\$83__t0                              3.3
xdut.\$90__t256                           1.65
xdut.vcm__t19                             1.65
xdut.\$85__t0                      1.20421e-07
xdut.\$90__t257                           1.65
xdut.vref__t16                             3.3
xdut.\$87__t0                              3.3
xdut.\$90__t258                           1.65
xdut.vss__t17                      7.42282e-10
xdut.\$89__t0                              3.3
xdut.\$90__t259                           1.65
xdut.\$92__t1                              3.3
xdut.sel_in__t15                             0
xdut.vdd__t57                              3.3
xdut.\$94__t1                      1.20789e-07
xdut.rel_128_n__t0                         3.3
xdut.vdd__t56                              3.3
xdut.\$96__t1                              3.3
xdut.hi_128_n__t0                            0
xdut.vdd__t55                              3.3
xdut.\$98__t1                              3.3
xdut.lo_128_n__t0                            0
xdut.vdd__t73                              3.3
xdut.vinn__t8                             1.65
xdut.\$92__t0                              3.3
xdut.\$99__t128                           1.65
xdut.vcm__t20                             1.65
xdut.\$94__t0                      1.16366e-07
xdut.\$99__t129                           1.65
xdut.vref__t17                             3.3
xdut.\$96__t0                              3.3
xdut.\$99__t130                           1.65
xdut.vss__t18                      5.31719e-10
xdut.\$98__t0                              3.3
xdut.\$99__t131                           1.65
xdut.\$100__t1                             3.3
xdut.sel_in__t7                              0
xdut.vdd__t26                              3.3
xdut.\$102__t1                     1.16744e-07
xdut.rel_64_n__t0                          3.3
xdut.vdd__t5                               3.3
xdut.\$104__t1                             3.3
xdut.hi_64_n__t0                             0
xdut.vdd__t11                              3.3
xdut.\$106__t1                             3.3
xdut.lo_64_n__t0                             0
xdut.vdd__t14                              3.3
xdut.vinn__t6                             1.65
xdut.\$100__t0                             3.3
xdut.\$107__t67                           1.65
xdut.vcm__t16                             1.65
xdut.\$102__t0                     1.12321e-07
xdut.\$107__t66                           1.65
xdut.vref__t14                             3.3
xdut.\$104__t0                             3.3
xdut.\$107__t65                           1.65
xdut.vss__t15                      3.24456e-10
xdut.\$106__t0                             3.3
xdut.\$107__t64                           1.65
xdut.\$108__t1                             3.3
xdut.sel_in__t3                              0
xdut.vdd__t1                               3.3
xdut.\$110__t1                     1.12731e-07
xdut.rel_32_n__t0                          3.3
xdut.vdd__t4                               3.3
xdut.\$112__t1                             3.3
xdut.hi_32_n__t0                             0
xdut.vdd__t2                               3.3
xdut.\$114__t1                             3.3
xdut.lo_32_n__t0                             0
xdut.vdd__t18                              3.3
xdut.vinn__t5                             1.65
xdut.\$108__t0                             3.3
xdut.\$115__t35                           1.65
xdut.vcm__t15                             1.65
xdut.\$110__t0                     1.08308e-07
xdut.\$115__t34                           1.65
xdut.vref__t13                             3.3
xdut.\$112__t0                             3.3
xdut.\$115__t33                           1.65
xdut.vss__t14                      1.36467e-10
xdut.\$114__t0                             3.3
xdut.\$115__t32                           1.65
xdut.\$116__t1                             3.3
xdut.sel_in__t5                              0
xdut.vdd__t17                              3.3
xdut.\$118__t1                      1.0899e-07
xdut.rel_16_n__t0                          3.3
xdut.vdd__t16                              3.3
xdut.\$120__t1                             3.3
xdut.hi_16_n__t0                             0
xdut.vdd__t15                              3.3
xdut.\$122__t1                             3.3
xdut.lo_16_n__t0                             0
xdut.vdd__t9                               3.3
xdut.vinn__t4                             1.65
xdut.\$116__t0                             3.3
xdut.\$123__t18                           1.65
xdut.vcm__t17                             1.65
xdut.\$118__t0                     1.04566e-07
xdut.\$123__t19                           1.65
xdut.vref__t0                              3.3
xdut.\$120__t0                             3.3
xdut.\$123__t16                           1.65
xdut.vss__t9                       1.50928e-10
xdut.\$122__t0                             3.3
xdut.\$123__t17                           1.65
xdut.\$124__t1                             3.3
xdut.sel_in__t12                             0
xdut.vdd__t42                              3.3
xdut.\$126__t1                      1.1028e-07
xdut.rel_8_n__t0                           3.3
xdut.vdd__t52                              3.3
xdut.\$128__t1                             3.3
xdut.hi_8_n__t0                              0
xdut.vdd__t44                              3.3
xdut.\$130__t1                             3.3
xdut.lo_8_n__t0                              0
xdut.vdd__t45                              3.3
xdut.vinn__t2                             1.65
xdut.\$124__t0                             3.3
xdut.\$131__t11                           1.65
xdut.vcm__t11                             1.65
xdut.\$126__t0                     1.05857e-07
xdut.\$131__t10                           1.65
xdut.vref__t8                              3.3
xdut.\$128__t0                             3.3
xdut.\$131__t9                            1.65
xdut.vss__t3                       3.43132e-10
xdut.\$130__t0                             3.3
xdut.\$131__t8                            1.65
xdut.\$132__t1                             3.3
xdut.sel_in__t13                             0
xdut.vdd__t46                              3.3
xdut.\$134__t1                     1.14212e-07
xdut.rel_4_n__t0                           3.3
xdut.vdd__t47                              3.3
xdut.\$136__t1                             3.3
xdut.hi_4_n__t0                              0
xdut.vdd__t48                              3.3
xdut.\$138__t1                             3.3
xdut.lo_4_n__t0                              0
xdut.vdd__t49                              3.3
xdut.vinn__t0                             1.65
xdut.\$132__t0                             3.3
xdut.\$139__t4                            1.65
xdut.vcm__t8                              1.65
xdut.\$134__t0                     1.09789e-07
xdut.\$139__t5                            1.65
xdut.vref__t5                              3.3
xdut.\$136__t0                             3.3
xdut.\$139__t6                            1.65
xdut.vss__t7                       5.50913e-10
xdut.\$138__t0                             3.3
xdut.\$139__t7                            1.65
xdut.\$140__t1                             3.3
xdut.sel_in__t6                              0
xdut.vdd__t22                              3.3
xdut.\$142__t1                     1.18242e-07
xdut.rel_2_n__t0                           3.3
xdut.vdd__t23                              3.3
xdut.\$144__t1                             3.3
xdut.hi_2_n__t0                              0
xdut.vdd__t24                              3.3
xdut.\$146__t1                             3.3
xdut.lo_2_n__t0                              0
xdut.vdd__t25                              3.3
xdut.vinn__t1                             1.65
xdut.\$140__t0                             3.3
xdut.\$147__t2                            1.65
xdut.vcm__t9                              1.65
xdut.\$142__t0                     1.13819e-07
xdut.\$147__t3                            1.65
xdut.vref__t6                              3.3
xdut.\$144__t0                             3.3
xdut.\$147__t4                            1.65
xdut.vss__t8                       7.61626e-10
xdut.\$146__t0                             3.3
xdut.\$147__t5                            1.65
xdut.\$148__t1                             3.3
xdut.sel_in__t8                              0
xdut.vdd__t27                              3.3
xdut.\$150__t1                     1.22292e-07
xdut.rel_1_n__t0                           3.3
xdut.vdd__t28                              3.3
xdut.\$152__t1                             3.3
xdut.hi_1_n__t0                              0
xdut.vdd__t29                              3.3
xdut.\$154__t1                             3.3
xdut.lo_1_n__t0                              0
xdut.vdd__t30                              3.3
xdut.vinn__t3                             1.65
xdut.\$148__t0                             3.3
xdut.\$155__t4                            1.65
xdut.vcm__t10                             1.65
xdut.\$150__t0                     1.17869e-07
xdut.\$155__t1                            1.65
xdut.vref__t7                              3.3
xdut.\$152__t0                             3.3
xdut.\$155__t2                            1.65
xdut.vss__t10                      9.73369e-10
xdut.\$154__t0                             3.3
xdut.\$155__t3                            1.65
xdut.\$166__t1                             3.3
xdut.tp_gn__t0                               0
xdut.vdd__t36                              3.3
xdut.vcm__t3                              1.65
xdut.\$166__t0                             3.3
xdut.topp__t512                        1.65574
xdut.\$167__t1                             3.3
xdut.tp_gn__t1                               0
xdut.vdd__t37                              3.3
xdut.vcm__t2                              1.65
xdut.\$167__t0                             3.3
xdut.topn__t512                        1.96987
xdut.\$10__t2                          1.64999
xdut.topp__t0                          1.65574
xdut.\$24__t1                             1.65
xdut.topp__t494                        1.65574
xdut.\$10__t248                        1.64999
xdut.topp__t493                        1.65574
xdut.\$22__t3                             1.65
xdut.topp__t492                        1.65574
xdut.\$10__t247                        1.64999
xdut.topp__t491                        1.65574
xdut.\$20__t7                             1.65
xdut.topp__t490                        1.65574
xdut.\$10__t246                        1.64999
xdut.topp__t489                        1.65574
xdut.\$20__t6                             1.65
xdut.topp__t488                        1.65574
xdut.\$10__t245                        1.64999
xdut.topp__t487                        1.65574
xdut.\$18__t15                            1.65
xdut.topp__t486                        1.65574
xdut.\$10__t244                        1.64999
xdut.topp__t485                        1.65574
xdut.\$18__t14                            1.65
xdut.topp__t484                        1.65574
xdut.\$10__t243                        1.64999
xdut.topp__t483                        1.65574
xdut.\$18__t13                            1.65
xdut.topp__t482                        1.65574
xdut.\$10__t249                        1.64999
xdut.topp__t496                        1.65574
xdut.\$18__t12                            1.65
xdut.topp__t450                        1.65574
xdut.\$10__t257                        1.64999
xdut.topp__t511                        1.65574
xdut.\$16__t30                            1.65
xdut.topp__t495                        1.65574
xdut.\$10__t199                        1.64999
xdut.topp__t392                        1.65574
xdut.\$16__t27                            1.65
xdut.topp__t476                        1.65574
xdut.\$10__t234                        1.64999
xdut.topp__t462                        1.65574
xdut.\$16__t25                            1.65
xdut.topp__t461                        1.65574
xdut.\$10__t233                        1.64999
xdut.topp__t460                        1.65574
xdut.\$16__t24                            1.65
xdut.topp__t459                        1.65574
xdut.\$10__t232                        1.64999
xdut.topp__t458                        1.65574
xdut.\$16__t26                            1.65
xdut.topp__t471                        1.65574
xdut.\$10__t256                        1.64999
xdut.topp__t510                        1.65574
xdut.\$16__t31                            1.65
xdut.topp__t497                        1.65574
xdut.\$10__t242                        1.64999
xdut.topp__t480                        1.65574
xdut.\$16__t29                            1.65
xdut.topp__t479                        1.65574
xdut.\$10__t241                        1.64999
xdut.topp__t478                        1.65574
xdut.\$16__t28                            1.65
xdut.topp__t477                        1.65574
xdut.\$90__t252                           1.65
xdut.topn__t506                        1.96987
xdut.\$147__t1                            1.65
xdut.topn__t505                        1.96987
xdut.\$90__t173                           1.65
xdut.topn__t346                        1.96987
xdut.\$139__t3                            1.65
xdut.topn__t345                        1.96987
xdut.\$90__t172                           1.65
xdut.topn__t344                        1.96987
xdut.\$131__t7                            1.65
xdut.topn__t343                        1.96987
xdut.\$90__t171                           1.65
xdut.topn__t342                        1.96987
xdut.\$131__t6                            1.65
xdut.topn__t341                        1.96987
xdut.\$90__t170                           1.65
xdut.topn__t340                        1.96987
xdut.\$123__t9                            1.65
xdut.topn__t339                        1.96987
xdut.\$90__t169                           1.65
xdut.topn__t338                        1.96987
xdut.\$123__t12                           1.65
xdut.topn__t385                        1.96987
xdut.\$90__t199                           1.65
xdut.topn__t400                        1.96987
xdut.\$123__t7                            1.65
xdut.topn__t211                        1.96987
xdut.\$90__t176                           1.65
xdut.topn__t352                        1.96987
xdut.\$123__t10                           1.65
xdut.topn__t351                        1.96987
xdut.\$90__t175                           1.65
xdut.topn__t350                        1.96987
xdut.\$115__t22                           1.65
xdut.topn__t349                        1.96987
xdut.\$90__t174                           1.65
xdut.topn__t348                        1.96987
xdut.\$115__t21                           1.65
xdut.topn__t347                        1.96987
xdut.\$90__t137                           1.65
xdut.topn__t277                        1.96987
xdut.\$115__t15                           1.65
xdut.topn__t214                        1.96987
xdut.\$90__t113                           1.65
xdut.topn__t230                        1.96987
xdut.\$115__t19                           1.65
xdut.topn__t229                        1.96987
xdut.\$90__t112                           1.65
xdut.topn__t228                        1.96987
xdut.\$115__t18                           1.65
xdut.topn__t227                        1.96987
xdut.\$90__t111                           1.65
xdut.topn__t226                        1.96987
xdut.\$115__t20                           1.65
xdut.topn__t241                        1.96987
xdut.\$90__t109                           1.65
xdut.topn__t224                        1.96987
xdut.\$115__t17                           1.65
xdut.topn__t218                        1.96987
xdut.\$90__t105                           1.65
xdut.topn__t216                        1.96987
xdut.\$115__t16                           1.65
xdut.topn__t215                        1.96987
xdut.\$10__t230                        1.64999
xdut.topp__t456                        1.65574
xdut.\$14__t50                            1.65
xdut.topp__t455                        1.65574
xdut.\$10__t229                        1.64999
xdut.topp__t454                        1.65574
xdut.\$14__t49                            1.65
xdut.topp__t453                        1.65574
xdut.\$10__t228                        1.64999
xdut.topp__t452                        1.65574
xdut.\$14__t48                            1.65
xdut.topp__t451                        1.65574
xdut.\$10__t250                        1.64999
xdut.topp__t498                        1.65574
xdut.\$14__t58                            1.65
xdut.topp__t499                        1.65574
xdut.\$10__t251                        1.64999
xdut.topp__t500                        1.65574
xdut.\$14__t59                            1.65
xdut.topp__t501                        1.65574
xdut.\$10__t252                        1.64999
xdut.topp__t502                        1.65574
xdut.\$14__t60                            1.65
xdut.topp__t503                        1.65574
xdut.\$10__t253                        1.64999
xdut.topp__t504                        1.65574
xdut.\$14__t61                            1.65
xdut.topp__t505                        1.65574
xdut.\$10__t254                        1.64999
xdut.topp__t506                        1.65574
xdut.\$14__t62                            1.65
xdut.topp__t507                        1.65574
xdut.\$10__t255                        1.64999
xdut.topp__t508                        1.65574
xdut.\$14__t63                            1.65
xdut.topp__t509                        1.65574
xdut.\$10__t198                        1.64999
xdut.topp__t391                        1.65574
xdut.\$14__t56                            1.65
xdut.topp__t475                        1.65574
xdut.\$10__t240                        1.64999
xdut.topp__t474                        1.65574
xdut.\$14__t55                            1.65
xdut.topp__t473                        1.65574
xdut.\$10__t239                        1.64999
xdut.topp__t472                        1.65574
xdut.\$14__t57                            1.65
xdut.topp__t481                        1.65574
xdut.\$10__t238                        1.64999
xdut.topp__t470                        1.65574
xdut.\$14__t54                            1.65
xdut.topp__t469                        1.65574
xdut.\$10__t237                        1.64999
xdut.topp__t468                        1.65574
xdut.\$14__t53                            1.65
xdut.topp__t467                        1.65574
xdut.\$10__t236                        1.64999
xdut.topp__t466                        1.65574
xdut.\$14__t52                            1.65
xdut.topp__t465                        1.65574
xdut.\$10__t235                        1.64999
xdut.topp__t464                        1.65574
xdut.\$14__t51                            1.65
xdut.topp__t463                        1.65574
xdut.\$90__t251                           1.65
xdut.topn__t504                        1.96987
xdut.\$107__t63                           1.65
xdut.topn__t503                        1.96987
xdut.\$90__t103                           1.65
xdut.topn__t210                        1.96987
xdut.\$107__t31                           1.65
xdut.topn__t321                        1.96987
xdut.\$90__t184                           1.65
xdut.topn__t368                        1.96987
xdut.\$107__t38                           1.65
xdut.topn__t367                        1.96987
xdut.\$90__t183                           1.65
xdut.topn__t366                        1.96987
xdut.\$107__t37                           1.65
xdut.topn__t365                        1.96987
xdut.\$90__t182                           1.65
xdut.topn__t364                        1.96987
xdut.\$107__t36                           1.65
xdut.topn__t363                        1.96987
xdut.\$90__t181                           1.65
xdut.topn__t362                        1.96987
xdut.\$107__t35                           1.65
xdut.topn__t361                        1.96987
xdut.\$90__t180                           1.65
xdut.topn__t360                        1.96987
xdut.\$107__t34                           1.65
xdut.topn__t359                        1.96987
xdut.\$90__t179                           1.65
xdut.topn__t358                        1.96987
xdut.\$107__t33                           1.65
xdut.topn__t357                        1.96987
xdut.\$90__t178                           1.65
xdut.topn__t356                        1.96987
xdut.\$107__t32                           1.65
xdut.topn__t355                        1.96987
xdut.\$90__t177                           1.65
xdut.topn__t354                        1.96987
xdut.\$107__t39                           1.65
xdut.topn__t369                        1.96987
xdut.\$90__t136                           1.65
xdut.topn__t276                        1.96987
xdut.\$107__t17                           1.65
xdut.topn__t213                        1.96987
xdut.\$90__t104                           1.65
xdut.topn__t212                        1.96987
xdut.\$107__t25                           1.65
xdut.topn__t239                        1.96987
xdut.\$90__t117                           1.65
xdut.topn__t238                        1.96987
xdut.\$107__t24                           1.65
xdut.topn__t237                        1.96987
xdut.\$90__t116                           1.65
xdut.topn__t236                        1.96987
xdut.\$107__t23                           1.65
xdut.topn__t235                        1.96987
xdut.\$90__t115                           1.65
xdut.topn__t234                        1.96987
xdut.\$107__t22                           1.65
xdut.topn__t233                        1.96987
xdut.\$90__t114                           1.65
xdut.topn__t232                        1.96987
xdut.\$107__t21                           1.65
xdut.topn__t231                        1.96987
xdut.\$10__t169                        1.64999
xdut.topp__t335                        1.65574
xdut.\$12__t91                            1.65
xdut.topp__t336                        1.65574
xdut.\$10__t170                        1.64999
xdut.topp__t337                        1.65574
xdut.\$12__t92                            1.65
xdut.topp__t338                        1.65574
xdut.\$10__t171                        1.64999
xdut.topp__t339                        1.65574
xdut.\$12__t93                            1.65
xdut.topp__t340                        1.65574
xdut.\$10__t172                        1.64999
xdut.topp__t341                        1.65574
xdut.\$12__t94                            1.65
xdut.topp__t342                        1.65574
xdut.\$10__t173                        1.64999
xdut.topp__t343                        1.65574
xdut.\$12__t95                            1.65
xdut.topp__t344                        1.65574
xdut.\$10__t174                        1.64999
xdut.topp__t345                        1.65574
xdut.\$12__t96                            1.65
xdut.topp__t346                        1.65574
xdut.\$10__t175                        1.64999
xdut.topp__t347                        1.65574
xdut.\$12__t97                            1.65
xdut.topp__t348                        1.65574
xdut.\$10__t176                        1.64999
xdut.topp__t349                        1.65574
xdut.\$12__t106                           1.65
xdut.topp__t366                        1.65574
xdut.\$10__t177                        1.64999
xdut.topp__t351                        1.65574
xdut.\$12__t99                            1.65
xdut.topp__t352                        1.65574
xdut.\$10__t178                        1.64999
xdut.topp__t353                        1.65574
xdut.\$12__t100                           1.65
xdut.topp__t354                        1.65574
xdut.\$10__t179                        1.64999
xdut.topp__t355                        1.65574
xdut.\$12__t101                           1.65
xdut.topp__t356                        1.65574
xdut.\$10__t180                        1.64999
xdut.topp__t357                        1.65574
xdut.\$12__t102                           1.65
xdut.topp__t358                        1.65574
xdut.\$10__t181                        1.64999
xdut.topp__t359                        1.65574
xdut.\$12__t103                           1.65
xdut.topp__t360                        1.65574
xdut.\$10__t182                        1.64999
xdut.topp__t361                        1.65574
xdut.\$12__t104                           1.65
xdut.topp__t362                        1.65574
xdut.\$10__t183                        1.64999
xdut.topp__t363                        1.65574
xdut.\$12__t105                           1.65
xdut.topp__t364                        1.65574
xdut.\$10__t184                        1.64999
xdut.topp__t365                        1.65574
xdut.\$12__t98                            1.65
xdut.topp__t350                        1.65574
xdut.\$90__t153                           1.65
xdut.topn__t306                        1.96987
xdut.\$99__t81                            1.65
xdut.topn__t307                        1.96987
xdut.\$90__t154                           1.65
xdut.topn__t308                        1.96987
xdut.\$99__t82                            1.65
xdut.topn__t309                        1.96987
xdut.\$90__t155                           1.65
xdut.topn__t310                        1.96987
xdut.\$99__t83                            1.65
xdut.topn__t311                        1.96987
xdut.\$90__t156                           1.65
xdut.topn__t312                        1.96987
xdut.\$99__t84                            1.65
xdut.topn__t313                        1.96987
xdut.\$90__t157                           1.65
xdut.topn__t314                        1.96987
xdut.\$99__t85                            1.65
xdut.topn__t315                        1.96987
xdut.\$90__t158                           1.65
xdut.topn__t316                        1.96987
xdut.\$99__t86                            1.65
xdut.topn__t317                        1.96987
xdut.\$90__t159                           1.65
xdut.topn__t318                        1.96987
xdut.\$99__t87                            1.65
xdut.topn__t319                        1.96987
xdut.\$90__t160                           1.65
xdut.topn__t320                        1.96987
xdut.\$99__t95                            1.65
xdut.topn__t337                        1.96987
xdut.\$90__t161                           1.65
xdut.topn__t322                        1.96987
xdut.\$99__t88                            1.65
xdut.topn__t323                        1.96987
xdut.\$90__t162                           1.65
xdut.topn__t324                        1.96987
xdut.\$99__t89                            1.65
xdut.topn__t325                        1.96987
xdut.\$90__t163                           1.65
xdut.topn__t326                        1.96987
xdut.\$99__t90                            1.65
xdut.topn__t327                        1.96987
xdut.\$90__t164                           1.65
xdut.topn__t328                        1.96987
xdut.\$99__t91                            1.65
xdut.topn__t329                        1.96987
xdut.\$90__t165                           1.65
xdut.topn__t330                        1.96987
xdut.\$99__t92                            1.65
xdut.topn__t331                        1.96987
xdut.\$90__t166                           1.65
xdut.topn__t332                        1.96987
xdut.\$99__t93                            1.65
xdut.topn__t333                        1.96987
xdut.\$90__t167                           1.65
xdut.topn__t334                        1.96987
xdut.\$99__t94                            1.65
xdut.topn__t335                        1.96987
xdut.\$90__t168                           1.65
xdut.topn__t336                        1.96987
xdut.\$99__t96                            1.65
xdut.topn__t353                        1.96987
xdut.\$10__t67                         1.64999
xdut.topp__t129                        1.65574
xdut.\$12__t33                            1.65
xdut.topp__t128                        1.65574
xdut.\$10__t68                         1.64999
xdut.topp__t131                        1.65574
xdut.\$12__t34                            1.65
xdut.topp__t130                        1.65574
xdut.\$10__t66                         1.64999
xdut.topp__t127                        1.65574
xdut.\$12__t32                            1.65
xdut.topp__t126                        1.65574
xdut.\$10__t93                         1.64999
xdut.topp__t182                        1.65574
xdut.\$12__t35                            1.65
xdut.topp__t133                        1.65574
xdut.\$10__t69                         1.64999
xdut.topp__t132                        1.65574
xdut.\$12__t53                            1.65
xdut.topp__t190                        1.65574
xdut.\$10__t88                         1.64999
xdut.topp__t170                        1.65574
xdut.\$12__t41                            1.65
xdut.topp__t164                        1.65574
xdut.\$10__t82                         1.64999
xdut.topp__t158                        1.65574
xdut.\$12__t45                            1.65
xdut.topp__t171                        1.65574
xdut.\$10__t85                         1.64999
xdut.topp__t163                        1.65574
xdut.\$12__t40                            1.65
xdut.topp__t162                        1.65574
xdut.\$10__t84                         1.64999
xdut.topp__t161                        1.65574
xdut.\$12__t39                            1.65
xdut.topp__t160                        1.65574
xdut.\$10__t137                        1.64999
xdut.topp__t273                        1.65574
xdut.\$12__t117                           1.65
xdut.topp__t414                        1.65574
xdut.\$10__t200                        1.64999
xdut.topp__t394                        1.65574
xdut.\$12__t112                           1.65
xdut.topp__t393                        1.65574
xdut.\$10__t219                        1.64999
xdut.topp__t433                        1.65574
xdut.\$12__t126                           1.65
xdut.topp__t445                        1.65574
xdut.\$10__t224                        1.64999
xdut.topp__t444                        1.65574
xdut.\$12__t125                           1.65
xdut.topp__t443                        1.65574
xdut.\$10__t195                        1.64999
xdut.topp__t386                        1.65574
xdut.\$12__t109                           1.65
xdut.topp__t385                        1.65574
xdut.\$10__t194                        1.64999
xdut.topp__t384                        1.65574
xdut.\$12__t108                           1.65
xdut.topp__t383                        1.65574
xdut.\$10__t193                        1.64999
xdut.topp__t382                        1.65574
xdut.\$12__t107                           1.65
xdut.topp__t381                        1.65574
xdut.\$90__t202                           1.65
xdut.topn__t406                        1.96987
xdut.\$99__t99                            1.65
xdut.topn__t405                        1.96987
xdut.\$90__t56                            1.65
xdut.topn__t115                        1.96987
xdut.\$99__t29                            1.65
xdut.topn__t87                         1.96987
xdut.\$90__t58                            1.65
xdut.topn__t118                        1.96987
xdut.\$99__t14                            1.65
xdut.topn__t34                         1.96987
xdut.\$90__t51                            1.65
xdut.topn__t106                        1.96987
xdut.\$99__t35                            1.65
xdut.topn__t116                        1.96987
xdut.\$90__t50                            1.65
xdut.topn__t104                        1.96987
xdut.\$99__t36                            1.65
xdut.topn__t135                        1.96987
xdut.\$90__t57                            1.65
xdut.topn__t117                        1.96987
xdut.\$99__t112                           1.65
xdut.topn__t433                        1.96987
xdut.\$90__t11                            1.65
xdut.topn__t23                         1.96987
xdut.\$99__t8                             1.65
xdut.topn__t22                         1.96987
xdut.\$90__t10                            1.65
xdut.topn__t21                         1.96987
xdut.\$99__t10                            1.65
xdut.topn__t27                         1.96987
xdut.\$90__t13                            1.65
xdut.topn__t26                         1.96987
xdut.\$99__t9                             1.65
xdut.topn__t25                         1.96987
xdut.\$90__t12                            1.65
xdut.topn__t24                         1.96987
xdut.\$99__t17                            1.65
xdut.topn__t39                         1.96987
xdut.\$90__t185                           1.65
xdut.topn__t370                        1.96987
xdut.\$99__t19                            1.65
xdut.topn__t43                         1.96987
xdut.\$90__t20                            1.65
xdut.topn__t42                         1.96987
xdut.\$99__t18                            1.65
xdut.topn__t41                         1.96987
xdut.\$90__t19                            1.65
xdut.topn__t40                         1.96987
xdut.\$99__t37                            1.65
xdut.topn__t136                        1.96987
xdut.\$90__t84                            1.65
xdut.topn__t170                        1.96987
xdut.\$99__t43                            1.65
xdut.topn__t169                        1.96987
xdut.\$90__t83                            1.65
xdut.topn__t168                        1.96987
xdut.\$99__t22                            1.65
xdut.topn__t57                         1.96987
xdut.\$90__t26                            1.65
xdut.topn__t56                         1.96987
xdut.\$99__t20                            1.65
xdut.topn__t44                         1.96987
xdut.\$12__t51                            1.65
xdut.topp__t181                        1.65574
xdut.\$10__t92                         1.64999
xdut.topp__t180                        1.65574
xdut.\$12__t50                            1.65
xdut.topp__t179                        1.65574
xdut.\$10__t91                         1.64999
xdut.topp__t178                        1.65574
xdut.\$12__t49                            1.65
xdut.topp__t177                        1.65574
xdut.\$10__t90                         1.64999
xdut.topp__t176                        1.65574
xdut.\$12__t48                            1.65
xdut.topp__t175                        1.65574
xdut.\$10__t89                         1.64999
xdut.topp__t174                        1.65574
xdut.\$12__t47                            1.65
xdut.topp__t173                        1.65574
xdut.\$10__t95                         1.64999
xdut.topp__t186                        1.65574
xdut.\$12__t38                            1.65
xdut.topp__t157                        1.65574
xdut.\$10__t81                         1.64999
xdut.topp__t156                        1.65574
xdut.\$12__t37                            1.65
xdut.topp__t155                        1.65574
xdut.\$10__t80                         1.64999
xdut.topp__t154                        1.65574
xdut.\$12__t42                            1.65
xdut.topp__t165                        1.65574
xdut.\$10__t83                         1.64999
xdut.topp__t159                        1.65574
xdut.\$12__t52                            1.65
xdut.topp__t183                        1.65574
xdut.\$10__t86                         1.64999
xdut.topp__t166                        1.65574
xdut.\$12__t90                            1.65
xdut.topp__t308                        1.65574
xdut.\$10__t209                        1.64999
xdut.topp__t415                        1.65574
xdut.\$12__t124                           1.65
xdut.topp__t442                        1.65574
xdut.\$10__t223                        1.64999
xdut.topp__t441                        1.65574
xdut.\$12__t123                           1.65
xdut.topp__t440                        1.65574
xdut.\$10__t192                        1.64999
xdut.topp__t380                        1.65574
xdut.\$12__t111                           1.65
xdut.topp__t390                        1.65574
xdut.\$10__t191                        1.64999
xdut.topp__t379                        1.65574
xdut.\$12__t122                           1.65
xdut.topp__t426                        1.65574
xdut.\$10__t215                        1.64999
xdut.topp__t425                        1.65574
xdut.\$12__t121                           1.65
xdut.topp__t424                        1.65574
xdut.\$10__t214                        1.64999
xdut.topp__t423                        1.65574
xdut.\$12__t120                           1.65
xdut.topp__t422                        1.65574
xdut.\$10__t213                        1.64999
xdut.topp__t421                        1.65574
xdut.\$99__t113                           1.65
xdut.topn__t444                        1.96987
xdut.\$90__t203                           1.65
xdut.topn__t407                        1.96987
xdut.\$99__t34                            1.65
xdut.topn__t114                        1.96987
xdut.\$90__t55                            1.65
xdut.topn__t113                        1.96987
xdut.\$99__t33                            1.65
xdut.topn__t112                        1.96987
xdut.\$90__t54                            1.65
xdut.topn__t111                        1.96987
xdut.\$99__t32                            1.65
xdut.topn__t110                        1.96987
xdut.\$90__t53                            1.65
xdut.topn__t109                        1.96987
xdut.\$99__t31                            1.65
xdut.topn__t108                        1.96987
xdut.\$90__t52                            1.65
xdut.topn__t107                        1.96987
xdut.\$99__t30                            1.65
xdut.topn__t105                        1.96987
xdut.\$90__t217                           1.65
xdut.topn__t434                        1.96987
xdut.\$99__t7                             1.65
xdut.topn__t20                         1.96987
xdut.\$90__t9                             1.65
xdut.topn__t19                         1.96987
xdut.\$99__t6                             1.65
xdut.topn__t18                         1.96987
xdut.\$90__t4                             1.65
xdut.topn__t9                          1.96987
xdut.\$99__t21                            1.65
xdut.topn__t55                         1.96987
xdut.\$90__t33                            1.65
xdut.topn__t70                         1.96987
xdut.\$99__t28                            1.65
xdut.topn__t69                         1.96987
xdut.\$90__t14                            1.65
xdut.topn__t28                         1.96987
xdut.\$99__t97                            1.65
xdut.topn__t371                        1.96987
xdut.\$90__t82                            1.65
xdut.topn__t167                        1.96987
xdut.\$99__t42                            1.65
xdut.topn__t166                        1.96987
xdut.\$90__t81                            1.65
xdut.topn__t165                        1.96987
xdut.\$99__t41                            1.65
xdut.topn__t164                        1.96987
xdut.\$90__t80                            1.65
xdut.topn__t163                        1.96987
xdut.\$99__t40                            1.65
xdut.topn__t141                        1.96987
xdut.\$90__t86                            1.65
xdut.topn__t174                        1.96987
xdut.\$99__t44                            1.65
xdut.topn__t175                        1.96987
xdut.\$90__t28                            1.65
xdut.topn__t60                         1.96987
xdut.\$99__t23                            1.65
xdut.topn__t59                         1.96987
xdut.\$90__t27                            1.65
xdut.topn__t58                         1.96987
xdut.\$12__t46                            1.65
xdut.topp__t172                        1.65574
xdut.\$10__t70                         1.64999
xdut.topp__t134                        1.65574
xdut.\$12__t31                            1.65
xdut.topp__t125                        1.65574
xdut.\$10__t65                         1.64999
xdut.topp__t124                        1.65574
xdut.\$12__t30                            1.65
xdut.topp__t123                        1.65574
xdut.\$10__t64                         1.64999
xdut.topp__t122                        1.65574
xdut.\$12__t29                            1.65
xdut.topp__t121                        1.65574
xdut.\$10__t63                         1.64999
xdut.topp__t120                        1.65574
xdut.\$12__t43                            1.65
xdut.topp__t167                        1.65574
xdut.\$10__t96                         1.64999
xdut.topp__t187                        1.65574
xdut.\$12__t44                            1.65
xdut.topp__t169                        1.65574
xdut.\$10__t87                         1.64999
xdut.topp__t168                        1.65574
xdut.\$12__t36                            1.65
xdut.topp__t153                        1.65574
xdut.\$10__t79                         1.64999
xdut.topp__t152                        1.65574
xdut.\$12__t119                           1.65
xdut.topp__t419                        1.65574
xdut.\$10__t231                        1.64999
xdut.topp__t457                        1.65574
xdut.\$12__t118                           1.65
xdut.topp__t418                        1.65574
xdut.\$10__t211                        1.64999
xdut.topp__t417                        1.65574
xdut.\$12__t74                            1.65
xdut.topp__t271                        1.65574
xdut.\$10__t226                        1.64999
xdut.topp__t448                        1.65574
xdut.\$12__t127                           1.65
xdut.topp__t447                        1.65574
xdut.\$10__t225                        1.64999
xdut.topp__t446                        1.65574
xdut.\$12__t115                           1.65
xdut.topp__t400                        1.65574
xdut.\$10__t203                        1.64999
xdut.topp__t399                        1.65574
xdut.\$12__t114                           1.65
xdut.topp__t398                        1.65574
xdut.\$10__t202                        1.64999
xdut.topp__t397                        1.65574
xdut.\$12__t113                           1.65
xdut.topp__t396                        1.65574
xdut.\$10__t201                        1.64999
xdut.topp__t395                        1.65574
xdut.\$12__t116                           1.65
xdut.topp__t406                        1.65574
xdut.\$10__t197                        1.64999
xdut.topp__t389                        1.65574
xdut.\$12__t110                           1.65
xdut.topp__t388                        1.65574
xdut.\$10__t196                        1.64999
xdut.topp__t387                        1.65574
xdut.\$99__t100                           1.65
xdut.topn__t409                        1.96987
xdut.\$90__t204                           1.65
xdut.topn__t408                        1.96987
xdut.\$99__t16                            1.65
xdut.topn__t38                         1.96987
xdut.\$90__t18                            1.65
xdut.topn__t37                         1.96987
xdut.\$99__t15                            1.65
xdut.topn__t36                         1.96987
xdut.\$90__t17                            1.65
xdut.topn__t35                         1.96987
xdut.\$99__t13                            1.65
xdut.topn__t33                         1.96987
xdut.\$90__t16                            1.65
xdut.topn__t32                         1.96987
xdut.\$99__t12                            1.65
xdut.topn__t31                         1.96987
xdut.\$90__t15                            1.65
xdut.topn__t30                         1.96987
xdut.\$99__t11                            1.65
xdut.topn__t29                         1.96987
xdut.\$90__t218                           1.65
xdut.topn__t435                        1.96987
xdut.\$99__t5                             1.65
xdut.topn__t17                         1.96987
xdut.\$90__t8                             1.65
xdut.topn__t16                         1.96987
xdut.\$99__t4                             1.65
xdut.topn__t15                         1.96987
xdut.\$90__t7                             1.65
xdut.topn__t14                         1.96987
xdut.\$99__t3                             1.65
xdut.topn__t13                         1.96987
xdut.\$90__t6                             1.65
xdut.topn__t12                         1.96987
xdut.\$99__t2                             1.65
xdut.topn__t11                         1.96987
xdut.\$90__t5                             1.65
xdut.topn__t10                         1.96987
xdut.\$99__t98                            1.65
xdut.topn__t372                        1.96987
xdut.\$90__t87                            1.65
xdut.topn__t176                        1.96987
xdut.\$99__t45                            1.65
xdut.topn__t177                        1.96987
xdut.\$90__t88                            1.65
xdut.topn__t178                        1.96987
xdut.\$99__t27                            1.65
xdut.topn__t68                         1.96987
xdut.\$90__t32                            1.65
xdut.topn__t67                         1.96987
xdut.\$99__t26                            1.65
xdut.topn__t66                         1.96987
xdut.\$90__t31                            1.65
xdut.topn__t65                         1.96987
xdut.\$99__t25                            1.65
xdut.topn__t64                         1.96987
xdut.\$90__t30                            1.65
xdut.topn__t63                         1.96987
xdut.\$99__t24                            1.65
xdut.topn__t62                         1.96987
xdut.\$90__t29                            1.65
xdut.topn__t61                         1.96987
xdut.\$14__t19                            1.65
xdut.topp__t147                        1.65574
xdut.\$10__t76                         1.64999
xdut.topp__t146                        1.65574
xdut.\$14__t18                            1.65
xdut.topp__t145                        1.65574
xdut.\$10__t75                         1.64999
xdut.topp__t144                        1.65574
xdut.\$14__t17                            1.65
xdut.topp__t143                        1.65574
xdut.\$10__t74                         1.64999
xdut.topp__t142                        1.65574
xdut.\$14__t16                            1.65
xdut.topp__t141                        1.65574
xdut.\$10__t73                         1.64999
xdut.topp__t140                        1.65574
xdut.\$14__t15                            1.65
xdut.topp__t139                        1.65574
xdut.\$10__t97                         1.64999
xdut.topp__t188                        1.65574
xdut.\$14__t22                            1.65
xdut.topp__t228                        1.65574
xdut.\$10__t119                        1.64999
xdut.topp__t231                        1.65574
xdut.\$14__t23                            1.65
xdut.topp__t234                        1.65574
xdut.\$10__t117                        1.64999
xdut.topp__t229                        1.65574
xdut.\$14__t21                            1.65
xdut.topp__t227                        1.65574
xdut.\$10__t116                        1.64999
xdut.topp__t226                        1.65574
xdut.\$14__t20                            1.65
xdut.topp__t185                        1.65574
xdut.\$10__t94                         1.64999
xdut.topp__t184                        1.65574
xdut.\$14__t28                            1.65
xdut.topp__t277                        1.65574
xdut.\$10__t222                        1.64999
xdut.topp__t439                        1.65574
xdut.\$14__t47                            1.65
xdut.topp__t438                        1.65574
xdut.\$10__t221                        1.64999
xdut.topp__t437                        1.65574
xdut.\$14__t46                            1.65
xdut.topp__t436                        1.65574
xdut.\$10__t220                        1.64999
xdut.topp__t435                        1.65574
xdut.\$14__t45                            1.65
xdut.topp__t434                        1.65574
xdut.\$10__t227                        1.64999
xdut.topp__t449                        1.65574
xdut.\$14__t44                            1.65
xdut.topp__t432                        1.65574
xdut.\$10__t218                        1.64999
xdut.topp__t431                        1.65574
xdut.\$14__t43                            1.65
xdut.topp__t430                        1.65574
xdut.\$10__t217                        1.64999
xdut.topp__t429                        1.65574
xdut.\$14__t42                            1.65
xdut.topp__t428                        1.65574
xdut.\$10__t216                        1.64999
xdut.topp__t427                        1.65574
xdut.\$107__t53                           1.65
xdut.topn__t446                        1.96987
xdut.\$90__t224                           1.65
xdut.topn__t445                        1.96987
xdut.\$107__t4                            1.65
xdut.topn__t77                         1.96987
xdut.\$90__t37                            1.65
xdut.topn__t76                         1.96987
xdut.\$107__t3                            1.65
xdut.topn__t75                         1.96987
xdut.\$90__t36                            1.65
xdut.topn__t74                         1.96987
xdut.\$107__t2                            1.65
xdut.topn__t73                         1.96987
xdut.\$90__t35                            1.65
xdut.topn__t72                         1.96987
xdut.\$107__t8                            1.65
xdut.topn__t119                        1.96987
xdut.\$90__t66                            1.65
xdut.topn__t134                        1.96987
xdut.\$107__t9                            1.65
xdut.topn__t133                        1.96987
xdut.\$90__t219                           1.65
xdut.topn__t436                        1.96987
xdut.\$107__t0                            1.65
xdut.topn__t0                          1.96987
xdut.\$90__t48                            1.65
xdut.topn__t102                        1.96987
xdut.\$107__t7                            1.65
xdut.topn__t101                        1.96987
xdut.\$90__t47                            1.65
xdut.topn__t100                        1.96987
xdut.\$107__t6                            1.65
xdut.topn__t99                         1.96987
xdut.\$90__t46                            1.65
xdut.topn__t98                         1.96987
xdut.\$107__t5                            1.65
xdut.topn__t97                         1.96987
xdut.\$90__t45                            1.65
xdut.topn__t96                         1.96987
xdut.\$107__t40                           1.65
xdut.topn__t373                        1.96987
xdut.\$90__t79                            1.65
xdut.topn__t162                        1.96987
xdut.\$107__t14                           1.65
xdut.topn__t161                        1.96987
xdut.\$90__t78                            1.65
xdut.topn__t160                        1.96987
xdut.\$107__t13                           1.65
xdut.topn__t159                        1.96987
xdut.\$90__t77                            1.65
xdut.topn__t158                        1.96987
xdut.\$107__t12                           1.65
xdut.topn__t147                        1.96987
xdut.\$90__t71                            1.65
xdut.topn__t146                        1.96987
xdut.\$107__t11                           1.65
xdut.topn__t145                        1.96987
xdut.\$90__t70                            1.65
xdut.topn__t144                        1.96987
xdut.\$107__t10                           1.65
xdut.topn__t143                        1.96987
xdut.\$90__t69                            1.65
xdut.topn__t142                        1.96987
xdut.\$16__t10                            1.65
xdut.topp__t199                        1.65574
xdut.\$10__t78                         1.64999
xdut.topp__t150                        1.65574
xdut.\$16__t9                             1.65
xdut.topp__t149                        1.65574
xdut.\$10__t77                         1.64999
xdut.topp__t148                        1.65574
xdut.\$16__t8                             1.65
xdut.topp__t138                        1.65574
xdut.\$10__t112                        1.64999
xdut.topp__t220                        1.65574
xdut.\$16__t12                            1.65
xdut.topp__t219                        1.65574
xdut.\$10__t111                        1.64999
xdut.topp__t218                        1.65574
xdut.\$16__t11                            1.65
xdut.topp__t217                        1.65574
xdut.\$10__t98                         1.64999
xdut.topp__t189                        1.65574
xdut.\$16__t13                            1.65
xdut.topp__t233                        1.65574
xdut.\$10__t120                        1.64999
xdut.topp__t232                        1.65574
xdut.\$16__t16                            1.65
xdut.topp__t247                        1.65574
xdut.\$10__t118                        1.64999
xdut.topp__t230                        1.65574
xdut.\$16__t15                            1.65
xdut.topp__t246                        1.65574
xdut.\$10__t126                        1.64999
xdut.topp__t245                        1.65574
xdut.\$18__t7                             1.65
xdut.topp__t244                        1.65574
xdut.\$10__t125                        1.64999
xdut.topp__t243                        1.65574
xdut.\$18__t9                             1.65
xdut.topp__t274                        1.65574
xdut.\$10__t190                        1.64999
xdut.topp__t378                        1.65574
xdut.\$18__t11                            1.65
xdut.topp__t377                        1.65574
xdut.\$10__t189                        1.64999
xdut.topp__t376                        1.65574
xdut.\$18__t10                            1.65
xdut.topp__t375                        1.65574
xdut.\$10__t188                        1.64999
xdut.topp__t374                        1.65574
xdut.\$20__t5                             1.65
xdut.topp__t373                        1.65574
xdut.\$10__t187                        1.64999
xdut.topp__t372                        1.65574
xdut.\$20__t4                             1.65
xdut.topp__t371                        1.65574
xdut.\$10__t186                        1.64999
xdut.topp__t370                        1.65574
xdut.\$22__t2                             1.65
xdut.topp__t369                        1.65574
xdut.\$10__t185                        1.64999
xdut.topp__t368                        1.65574
xdut.\$26__t0                          1.64999
xdut.topp__t367                        1.65574
xdut.\$10__t210                        1.64999
xdut.topp__t416                        1.65574
xdut.\$115__t24                           1.65
xdut.topn__t443                        1.96987
xdut.\$90__t223                           1.65
xdut.topn__t442                        1.96987
xdut.\$115__t8                            1.65
xdut.topn__t123                        1.96987
xdut.\$90__t60                            1.65
xdut.topn__t122                        1.96987
xdut.\$115__t7                            1.65
xdut.topn__t121                        1.96987
xdut.\$90__t59                            1.65
xdut.topn__t120                        1.96987
xdut.\$115__t3                            1.65
xdut.topn__t82                         1.96987
xdut.\$90__t39                            1.65
xdut.topn__t81                         1.96987
xdut.\$115__t2                            1.65
xdut.topn__t80                         1.96987
xdut.\$90__t38                            1.65
xdut.topn__t79                         1.96987
xdut.\$115__t1                            1.65
xdut.topn__t78                         1.96987
xdut.\$90__t220                           1.65
xdut.topn__t437                        1.96987
xdut.\$115__t5                            1.65
xdut.topn__t94                         1.96987
xdut.\$90__t44                            1.65
xdut.topn__t93                         1.96987
xdut.\$115__t4                            1.65
xdut.topn__t92                         1.96987
xdut.\$90__t43                            1.65
xdut.topn__t91                         1.96987
xdut.\$123__t4                            1.65
xdut.topn__t90                         1.96987
xdut.\$90__t42                            1.65
xdut.topn__t89                         1.96987
xdut.\$123__t3                            1.65
xdut.topn__t88                         1.96987
xdut.\$90__t49                            1.65
xdut.topn__t103                        1.96987
xdut.\$123__t11                           1.65
xdut.topn__t374                        1.96987
xdut.\$90__t34                            1.65
xdut.topn__t71                         1.96987
xdut.\$123__t0                            1.65
xdut.topn__t54                         1.96987
xdut.\$90__t25                            1.65
xdut.topn__t53                         1.96987
xdut.\$131__t1                            1.65
xdut.topn__t52                         1.96987
xdut.\$90__t24                            1.65
xdut.topn__t51                         1.96987
xdut.\$131__t0                            1.65
xdut.topn__t50                         1.96987
xdut.\$90__t23                            1.65
xdut.topn__t49                         1.96987
xdut.\$139__t0                            1.65
xdut.topn__t48                         1.96987
xdut.\$90__t22                            1.65
xdut.topn__t47                         1.96987
xdut.\$155__t0                            1.65
xdut.topn__t46                         1.96987
xdut.\$90__t21                            1.65
xdut.topn__t45                         1.96987
xdut.\$10__t113                        1.64999
xdut.topp__t222                        1.65574
xdut.vcm__t0                              1.65
xdut.topp__t221                        1.65574
xdut.\$10__t110                        1.64999
xdut.topp__t216                        1.65574
xdut.\$22__t1                             1.65
xdut.topp__t137                        1.65574
xdut.\$10__t72                         1.64999
xdut.topp__t136                        1.65574
xdut.\$20__t2                             1.65
xdut.topp__t151                        1.65574
xdut.\$10__t115                        1.64999
xdut.topp__t225                        1.65574
xdut.\$20__t3                             1.65
xdut.topp__t224                        1.65574
xdut.\$10__t114                        1.64999
xdut.topp__t223                        1.65574
xdut.\$18__t3                             1.65
xdut.topp__t191                        1.65574
xdut.\$10__t124                        1.64999
xdut.topp__t242                        1.65574
xdut.\$18__t6                             1.65
xdut.topp__t241                        1.65574
xdut.\$10__t123                        1.64999
xdut.topp__t240                        1.65574
xdut.\$18__t5                             1.65
xdut.topp__t239                        1.65574
xdut.\$10__t122                        1.64999
xdut.topp__t238                        1.65574
xdut.\$18__t4                             1.65
xdut.topp__t237                        1.65574
xdut.\$10__t121                        1.64999
xdut.topp__t236                        1.65574
xdut.\$16__t14                            1.65
xdut.topp__t235                        1.65574
xdut.\$10__t136                        1.64999
xdut.topp__t269                        1.65574
xdut.\$16__t23                            1.65
xdut.topp__t413                        1.65574
xdut.\$10__t208                        1.64999
xdut.topp__t412                        1.65574
xdut.\$16__t22                            1.65
xdut.topp__t411                        1.65574
xdut.\$10__t207                        1.64999
xdut.topp__t410                        1.65574
xdut.\$16__t21                            1.65
xdut.topp__t409                        1.65574
xdut.\$10__t206                        1.64999
xdut.topp__t408                        1.65574
xdut.\$16__t20                            1.65
xdut.topp__t407                        1.65574
xdut.\$10__t212                        1.64999
xdut.topp__t420                        1.65574
xdut.\$16__t19                            1.65
xdut.topp__t405                        1.65574
xdut.\$10__t205                        1.64999
xdut.topp__t404                        1.65574
xdut.\$16__t18                            1.65
xdut.topp__t403                        1.65574
xdut.\$10__t204                        1.64999
xdut.topp__t402                        1.65574
xdut.\$16__t17                            1.65
xdut.topp__t401                        1.65574
xdut.\$90__t222                           1.65
xdut.topn__t441                        1.96987
xdut.vcm__t1                              1.65
xdut.topn__t440                        1.96987
xdut.\$90__t65                            1.65
xdut.topn__t132                        1.96987
xdut.\$139__t1                            1.65
xdut.topn__t131                        1.96987
xdut.\$90__t64                            1.65
xdut.topn__t130                        1.96987
xdut.\$131__t3                            1.65
xdut.topn__t129                        1.96987
xdut.\$90__t63                            1.65
xdut.topn__t128                        1.96987
xdut.\$131__t2                            1.65
xdut.topn__t127                        1.96987
xdut.\$90__t62                            1.65
xdut.topn__t126                        1.96987
xdut.\$123__t5                            1.65
xdut.topn__t125                        1.96987
xdut.\$90__t61                            1.65
xdut.topn__t124                        1.96987
xdut.\$123__t13                           1.65
xdut.topn__t438                        1.96987
xdut.\$90__t41                            1.65
xdut.topn__t85                         1.96987
xdut.\$123__t1                            1.65
xdut.topn__t84                         1.96987
xdut.\$90__t40                            1.65
xdut.topn__t83                         1.96987
xdut.\$123__t2                            1.65
xdut.topn__t86                         1.96987
xdut.\$90__t212                           1.65
xdut.topn__t423                        1.96987
xdut.\$115__t23                           1.65
xdut.topn__t402                        1.96987
xdut.\$90__t200                           1.65
xdut.topn__t403                        1.96987
xdut.\$115__t6                            1.65
xdut.topn__t95                         1.96987
xdut.\$90__t186                           1.65
xdut.topn__t375                        1.96987
xdut.\$115__t13                           1.65
xdut.topn__t157                        1.96987
xdut.\$90__t76                            1.65
xdut.topn__t156                        1.96987
xdut.\$115__t14                           1.65
xdut.topn__t171                        1.96987
xdut.\$90__t75                            1.65
xdut.topn__t155                        1.96987
xdut.\$115__t12                           1.65
xdut.topn__t154                        1.96987
xdut.\$90__t74                            1.65
xdut.topn__t153                        1.96987
xdut.\$115__t11                           1.65
xdut.topn__t152                        1.96987
xdut.\$90__t73                            1.65
xdut.topn__t151                        1.96987
xdut.\$115__t10                           1.65
xdut.topn__t150                        1.96987
xdut.\$90__t72                            1.65
xdut.topn__t149                        1.96987
xdut.\$115__t9                            1.65
xdut.topn__t148                        1.96987
xdut.\$10__t135                        1.64999
xdut.topp__t267                        1.65574
xdut.\$14__t26                            1.65
xdut.topp__t266                        1.65574
xdut.\$10__t134                        1.64999
xdut.topp__t265                        1.65574
xdut.\$14__t25                            1.65
xdut.topp__t264                        1.65574
xdut.\$10__t140                        1.64999
xdut.topp__t279                        1.65574
xdut.\$14__t24                            1.65
xdut.topp__t263                        1.65574
xdut.\$10__t162                        1.64999
xdut.topp__t322                        1.65574
xdut.\$14__t36                            1.65
xdut.topp__t323                        1.65574
xdut.\$10__t163                        1.64999
xdut.topp__t324                        1.65574
xdut.\$14__t41                            1.65
xdut.topp__t334                        1.65574
xdut.\$10__t165                        1.64999
xdut.topp__t326                        1.65574
xdut.\$14__t37                            1.65
xdut.topp__t327                        1.65574
xdut.\$10__t166                        1.64999
xdut.topp__t328                        1.65574
xdut.\$14__t38                            1.65
xdut.topp__t329                        1.65574
xdut.\$10__t167                        1.64999
xdut.topp__t330                        1.65574
xdut.\$14__t39                            1.65
xdut.topp__t331                        1.65574
xdut.\$10__t168                        1.64999
xdut.topp__t332                        1.65574
xdut.\$14__t40                            1.65
xdut.topp__t333                        1.65574
xdut.\$10__t164                        1.64999
xdut.topp__t325                        1.65574
xdut.\$14__t35                            1.65
xdut.topp__t321                        1.65574
xdut.\$10__t161                        1.64999
xdut.topp__t320                        1.65574
xdut.\$14__t34                            1.65
xdut.topp__t319                        1.65574
xdut.\$10__t160                        1.64999
xdut.topp__t318                        1.65574
xdut.\$14__t33                            1.65
xdut.topp__t317                        1.65574
xdut.\$10__t159                        1.64999
xdut.topp__t316                        1.65574
xdut.\$14__t32                            1.65
xdut.topp__t315                        1.65574
xdut.\$10__t158                        1.64999
xdut.topp__t314                        1.65574
xdut.\$14__t31                            1.65
xdut.topp__t313                        1.65574
xdut.\$10__t157                        1.64999
xdut.topp__t312                        1.65574
xdut.\$14__t30                            1.65
xdut.topp__t311                        1.65574
xdut.\$10__t156                        1.64999
xdut.topp__t310                        1.65574
xdut.\$14__t29                            1.65
xdut.topp__t309                        1.65574
xdut.\$90__t85                            1.65
xdut.topn__t173                        1.96987
xdut.\$107__t15                           1.65
xdut.topn__t172                        1.96987
xdut.\$90__t187                           1.65
xdut.topn__t376                        1.96987
xdut.\$107__t41                           1.65
xdut.topn__t377                        1.96987
xdut.\$90__t188                           1.65
xdut.topn__t378                        1.96987
xdut.\$107__t42                           1.65
xdut.topn__t379                        1.96987
xdut.\$90__t189                           1.65
xdut.topn__t380                        1.96987
xdut.\$107__t43                           1.65
xdut.topn__t381                        1.96987
xdut.\$90__t190                           1.65
xdut.topn__t382                        1.96987
xdut.\$107__t44                           1.65
xdut.topn__t383                        1.96987
xdut.\$90__t191                           1.65
xdut.topn__t384                        1.96987
xdut.\$107__t52                           1.65
xdut.topn__t401                        1.96987
xdut.\$90__t192                           1.65
xdut.topn__t386                        1.96987
xdut.\$107__t45                           1.65
xdut.topn__t387                        1.96987
xdut.\$90__t193                           1.65
xdut.topn__t388                        1.96987
xdut.\$107__t46                           1.65
xdut.topn__t389                        1.96987
xdut.\$90__t194                           1.65
xdut.topn__t390                        1.96987
xdut.\$107__t47                           1.65
xdut.topn__t391                        1.96987
xdut.\$90__t195                           1.65
xdut.topn__t392                        1.96987
xdut.\$107__t48                           1.65
xdut.topn__t393                        1.96987
xdut.\$90__t196                           1.65
xdut.topn__t394                        1.96987
xdut.\$107__t49                           1.65
xdut.topn__t395                        1.96987
xdut.\$90__t197                           1.65
xdut.topn__t396                        1.96987
xdut.\$107__t50                           1.65
xdut.topn__t397                        1.96987
xdut.\$90__t198                           1.65
xdut.topn__t398                        1.96987
xdut.\$107__t51                           1.65
xdut.topn__t399                        1.96987
xdut.\$90__t106                           1.65
xdut.topn__t217                        1.96987
xdut.\$107__t18                           1.65
xdut.topn__t219                        1.96987
xdut.\$90__t107                           1.65
xdut.topn__t220                        1.96987
xdut.\$107__t19                           1.65
xdut.topn__t221                        1.96987
xdut.\$90__t108                           1.65
xdut.topn__t222                        1.96987
xdut.\$107__t20                           1.65
xdut.topn__t223                        1.96987
xdut.\$10__t20                         1.64999
xdut.topp__t36                         1.65574
xdut.\$12__t63                            1.65
xdut.topp__t210                        1.65574
xdut.\$10__t106                        1.64999
xdut.topp__t209                        1.65574
xdut.\$12__t62                            1.65
xdut.topp__t208                        1.65574
xdut.\$10__t23                         1.64999
xdut.topp__t41                         1.65574
xdut.\$12__t9                             1.65
xdut.topp__t40                         1.65574
xdut.\$10__t22                         1.64999
xdut.topp__t39                         1.65574
xdut.\$12__t8                             1.65
xdut.topp__t38                         1.65574
xdut.\$10__t21                         1.64999
xdut.topp__t37                         1.65574
xdut.\$12__t25                            1.65
xdut.topp__t110                        1.65574
xdut.\$10__t105                        1.64999
xdut.topp__t207                        1.65574
xdut.\$12__t61                            1.65
xdut.topp__t205                        1.65574
xdut.\$10__t103                        1.64999
xdut.topp__t204                        1.65574
xdut.\$12__t60                            1.65
xdut.topp__t203                        1.65574
xdut.\$10__t104                        1.64999
xdut.topp__t206                        1.65574
xdut.\$12__t58                            1.65
xdut.topp__t201                        1.65574
xdut.\$10__t102                        1.64999
xdut.topp__t200                        1.65574
xdut.\$12__t54                            1.65
xdut.topp__t193                        1.65574
xdut.\$10__t139                        1.64999
xdut.topp__t278                        1.65574
xdut.\$12__t26                            1.65
xdut.topp__t112                        1.65574
xdut.\$10__t133                        1.64999
xdut.topp__t262                        1.65574
xdut.\$12__t89                            1.65
xdut.topp__t307                        1.65574
xdut.\$10__t148                        1.64999
xdut.topp__t293                        1.65574
xdut.\$12__t82                            1.65
xdut.topp__t292                        1.65574
xdut.\$10__t147                        1.64999
xdut.topp__t291                        1.65574
xdut.\$12__t16                            1.65
xdut.topp__t89                         1.65574
xdut.\$10__t46                         1.64999
xdut.topp__t88                         1.65574
xdut.\$12__t14                            1.65
xdut.topp__t74                         1.65574
xdut.\$10__t39                         1.64999
xdut.topp__t73                         1.65574
xdut.\$12__t28                            1.65
xdut.topp__t115                        1.65574
xdut.\$10__t59                         1.64999
xdut.topp__t114                        1.65574
xdut.\$12__t27                            1.65
xdut.topp__t113                        1.65574
xdut.\$90__t2                             1.65
xdut.topn__t6                          1.96987
xdut.\$99__t1                             1.65
xdut.topn__t5                          1.96987
xdut.\$90__t233                           1.65
xdut.topn__t465                        1.96987
xdut.\$99__t118                           1.65
xdut.topn__t466                        1.96987
xdut.\$90__t234                           1.65
xdut.topn__t467                        1.96987
xdut.\$99__t119                           1.65
xdut.topn__t468                        1.96987
xdut.\$90__t235                           1.65
xdut.topn__t469                        1.96987
xdut.\$99__t120                           1.65
xdut.topn__t470                        1.96987
xdut.\$90__t206                           1.65
xdut.topn__t412                        1.96987
xdut.\$99__t101                           1.65
xdut.topn__t410                        1.96987
xdut.\$90__t205                           1.65
xdut.topn__t411                        1.96987
xdut.\$99__t72                            1.65
xdut.topn__t273                        1.96987
xdut.\$90__t216                           1.65
xdut.topn__t431                        1.96987
xdut.\$99__t111                           1.65
xdut.topn__t432                        1.96987
xdut.\$90__t221                           1.65
xdut.topn__t439                        1.96987
xdut.\$99__t107                           1.65
xdut.topn__t424                        1.96987
xdut.\$90__t213                           1.65
xdut.topn__t425                        1.96987
xdut.\$99__t108                           1.65
xdut.topn__t426                        1.96987
xdut.\$90__t214                           1.65
xdut.topn__t427                        1.96987
xdut.\$99__t109                           1.65
xdut.topn__t428                        1.96987
xdut.\$90__t118                           1.65
xdut.topn__t240                        1.96987
xdut.\$99__t51                            1.65
xdut.topn__t189                        1.96987
xdut.\$90__t97                            1.65
xdut.topn__t201                        1.96987
xdut.\$99__t74                            1.65
xdut.topn__t279                        1.96987
xdut.\$90__t145                           1.65
xdut.topn__t291                        1.96987
xdut.\$99__t79                            1.65
xdut.topn__t303                        1.96987
xdut.\$90__t89                            1.65
xdut.topn__t183                        1.96987
xdut.\$99__t48                            1.65
xdut.topn__t184                        1.96987
xdut.\$90__t90                            1.65
xdut.topn__t185                        1.96987
xdut.\$99__t49                            1.65
xdut.topn__t186                        1.96987
xdut.\$90__t91                            1.65
xdut.topn__t187                        1.96987
xdut.\$99__t50                            1.65
xdut.topn__t188                        1.96987
xdut.\$10__t19                         1.64999
xdut.topp__t35                         1.65574
xdut.\$12__t7                             1.65
xdut.topp__t34                         1.65574
xdut.\$10__t18                         1.64999
xdut.topp__t33                         1.65574
xdut.\$12__t6                             1.65
xdut.topp__t32                         1.65574
xdut.\$10__t71                         1.64999
xdut.topp__t135                        1.65574
xdut.\$12__t65                            1.65
xdut.topp__t214                        1.65574
xdut.\$10__t108                        1.64999
xdut.topp__t213                        1.65574
xdut.\$12__t64                            1.65
xdut.topp__t212                        1.65574
xdut.\$10__t107                        1.64999
xdut.topp__t211                        1.65574
xdut.\$12__t5                             1.65
xdut.topp__t29                         1.65574
xdut.\$10__t109                        1.64999
xdut.topp__t215                        1.65574
xdut.\$12__t57                            1.65
xdut.topp__t198                        1.65574
xdut.\$10__t101                        1.64999
xdut.topp__t197                        1.65574
xdut.\$12__t56                            1.65
xdut.topp__t196                        1.65574
xdut.\$10__t100                        1.64999
xdut.topp__t195                        1.65574
xdut.\$12__t55                            1.65
xdut.topp__t194                        1.65574
xdut.\$10__t99                         1.64999
xdut.topp__t192                        1.65574
xdut.\$12__t59                            1.65
xdut.topp__t202                        1.65574
xdut.\$10__t138                        1.64999
xdut.topp__t276                        1.65574
xdut.\$12__t73                            1.65
xdut.topp__t261                        1.65574
xdut.\$10__t132                        1.64999
xdut.topp__t260                        1.65574
xdut.\$12__t72                            1.65
xdut.topp__t259                        1.65574
xdut.\$10__t131                        1.64999
xdut.topp__t258                        1.65574
xdut.\$12__t71                            1.65
xdut.topp__t257                        1.65574
xdut.\$10__t130                        1.64999
xdut.topp__t256                        1.65574
xdut.\$12__t70                            1.65
xdut.topp__t255                        1.65574
xdut.\$10__t129                        1.64999
xdut.topp__t254                        1.65574
xdut.\$12__t69                            1.65
xdut.topp__t253                        1.65574
xdut.\$10__t128                        1.64999
xdut.topp__t252                        1.65574
xdut.\$12__t68                            1.65
xdut.topp__t251                        1.65574
xdut.\$10__t127                        1.64999
xdut.topp__t250                        1.65574
xdut.\$12__t67                            1.65
xdut.topp__t249                        1.65574
xdut.\$90__t68                            1.65
xdut.topn__t138                        1.96987
xdut.\$99__t38                            1.65
xdut.topn__t139                        1.96987
xdut.\$90__t207                           1.65
xdut.topn__t413                        1.96987
xdut.\$99__t102                           1.65
xdut.topn__t414                        1.96987
xdut.\$90__t208                           1.65
xdut.topn__t415                        1.96987
xdut.\$99__t103                           1.65
xdut.topn__t416                        1.96987
xdut.\$90__t253                           1.65
xdut.topn__t507                        1.96987
xdut.\$99__t126                           1.65
xdut.topn__t508                        1.96987
xdut.\$90__t254                           1.65
xdut.topn__t509                        1.96987
xdut.\$99__t127                           1.65
xdut.topn__t511                        1.96987
xdut.\$90__t201                           1.65
xdut.topn__t404                        1.96987
xdut.\$99__t65                            1.65
xdut.topn__t259                        1.96987
xdut.\$90__t209                           1.65
xdut.topn__t417                        1.96987
xdut.\$99__t104                           1.65
xdut.topn__t418                        1.96987
xdut.\$90__t210                           1.65
xdut.topn__t419                        1.96987
xdut.\$99__t105                           1.65
xdut.topn__t420                        1.96987
xdut.\$90__t211                           1.65
xdut.topn__t421                        1.96987
xdut.\$99__t106                           1.65
xdut.topn__t422                        1.96987
xdut.\$90__t215                           1.65
xdut.topn__t429                        1.96987
xdut.\$99__t110                           1.65
xdut.topn__t430                        1.96987
xdut.\$90__t110                           1.65
xdut.topn__t225                        1.96987
xdut.\$99__t52                            1.65
xdut.topn__t190                        1.96987
xdut.\$90__t92                            1.65
xdut.topn__t191                        1.96987
xdut.\$99__t53                            1.65
xdut.topn__t192                        1.96987
xdut.\$90__t102                           1.65
xdut.topn__t209                        1.96987
xdut.\$99__t54                            1.65
xdut.topn__t194                        1.96987
xdut.\$90__t94                            1.65
xdut.topn__t195                        1.96987
xdut.\$99__t55                            1.65
xdut.topn__t196                        1.96987
xdut.\$90__t95                            1.65
xdut.topn__t197                        1.96987
xdut.\$99__t56                            1.65
xdut.topn__t198                        1.96987
xdut.\$90__t96                            1.65
xdut.topn__t199                        1.96987
xdut.\$99__t57                            1.65
xdut.topn__t200                        1.96987
xdut.\$12__t24                            1.65
xdut.topp__t108                        1.65574
xdut.\$10__t62                         1.64999
xdut.topp__t119                        1.65574
xdut.\$12__t23                            1.65
xdut.topp__t106                        1.65574
xdut.\$10__t56                         1.64999
xdut.topp__t105                        1.65574
xdut.\$12__t22                            1.65
xdut.topp__t104                        1.65574
xdut.\$10__t55                         1.64999
xdut.topp__t103                        1.65574
xdut.\$12__t21                            1.65
xdut.topp__t102                        1.65574
xdut.\$10__t54                         1.64999
xdut.topp__t101                        1.65574
xdut.\$12__t20                            1.65
xdut.topp__t100                        1.65574
xdut.\$10__t53                         1.64999
xdut.topp__t99                         1.65574
xdut.\$12__t19                            1.65
xdut.topp__t98                         1.65574
xdut.\$10__t52                         1.64999
xdut.topp__t97                         1.65574
xdut.\$12__t18                            1.65
xdut.topp__t96                         1.65574
xdut.\$10__t51                         1.64999
xdut.topp__t95                         1.65574
xdut.\$12__t17                            1.65
xdut.topp__t94                         1.65574
xdut.\$10__t50                         1.64999
xdut.topp__t93                         1.65574
xdut.\$12__t15                            1.65
xdut.topp__t77                         1.65574
xdut.\$10__t17                         1.64999
xdut.topp__t30                         1.65574
xdut.\$12__t76                            1.65
xdut.topp__t275                        1.65574
xdut.\$10__t155                        1.64999
xdut.topp__t306                        1.65574
xdut.\$12__t88                            1.65
xdut.topp__t305                        1.65574
xdut.\$10__t154                        1.64999
xdut.topp__t304                        1.65574
xdut.\$12__t87                            1.65
xdut.topp__t303                        1.65574
xdut.\$10__t153                        1.64999
xdut.topp__t302                        1.65574
xdut.\$12__t86                            1.65
xdut.topp__t301                        1.65574
xdut.\$10__t152                        1.64999
xdut.topp__t300                        1.65574
xdut.\$12__t85                            1.65
xdut.topp__t299                        1.65574
xdut.\$10__t151                        1.64999
xdut.topp__t298                        1.65574
xdut.\$12__t84                            1.65
xdut.topp__t297                        1.65574
xdut.\$10__t150                        1.64999
xdut.topp__t296                        1.65574
xdut.\$12__t83                            1.65
xdut.topp__t295                        1.65574
xdut.\$10__t149                        1.64999
xdut.topp__t294                        1.65574
xdut.\$99__t39                            1.65
xdut.topn__t140                        1.96987
xdut.\$90__t67                            1.65
xdut.topn__t137                        1.96987
xdut.\$99__t66                            1.65
xdut.topn__t262                        1.96987
xdut.\$90__t130                           1.65
xdut.topn__t263                        1.96987
xdut.\$99__t67                            1.65
xdut.topn__t264                        1.96987
xdut.\$90__t131                           1.65
xdut.topn__t265                        1.96987
xdut.\$99__t68                            1.65
xdut.topn__t266                        1.96987
xdut.\$90__t132                           1.65
xdut.topn__t267                        1.96987
xdut.\$99__t69                            1.65
xdut.topn__t268                        1.96987
xdut.\$90__t133                           1.65
xdut.topn__t269                        1.96987
xdut.\$99__t70                            1.65
xdut.topn__t270                        1.96987
xdut.\$90__t134                           1.65
xdut.topn__t271                        1.96987
xdut.\$99__t71                            1.65
xdut.topn__t272                        1.96987
xdut.\$90__t93                            1.65
xdut.topn__t193                        1.96987
xdut.\$99__t61                            1.65
xdut.topn__t251                        1.96987
xdut.\$90__t124                           1.65
xdut.topn__t252                        1.96987
xdut.\$99__t62                            1.65
xdut.topn__t253                        1.96987
xdut.\$90__t125                           1.65
xdut.topn__t254                        1.96987
xdut.\$99__t63                            1.65
xdut.topn__t255                        1.96987
xdut.\$90__t126                           1.65
xdut.topn__t256                        1.96987
xdut.\$99__t46                            1.65
xdut.topn__t179                        1.96987
xdut.\$90__t98                            1.65
xdut.topn__t202                        1.96987
xdut.\$99__t58                            1.65
xdut.topn__t203                        1.96987
xdut.\$90__t99                            1.65
xdut.topn__t204                        1.96987
xdut.\$99__t59                            1.65
xdut.topn__t205                        1.96987
xdut.\$90__t100                           1.65
xdut.topn__t206                        1.96987
xdut.\$99__t60                            1.65
xdut.topn__t207                        1.96987
xdut.\$90__t101                           1.65
xdut.topn__t208                        1.96987
xdut.\$99__t64                            1.65
xdut.topn__t257                        1.96987
xdut.\$90__t135                           1.65
xdut.topn__t274                        1.96987
xdut.\$99__t73                            1.65
xdut.topn__t275                        1.96987
xdut.\$90__t138                           1.65
xdut.topn__t278                        1.96987
xdut.\$12__t10                            1.65
xdut.topp__t43                         1.65574
xdut.\$10__t24                         1.64999
xdut.topp__t42                         1.65574
xdut.\$12__t11                            1.65
xdut.topp__t44                         1.65574
xdut.\$10__t4                          1.64999
xdut.topp__t5                          1.65574
xdut.\$12__t0                             1.65
xdut.topp__t4                          1.65574
xdut.\$10__t27                         1.64999
xdut.topp__t48                         1.65574
xdut.\$12__t13                            1.65
xdut.topp__t63                         1.65574
xdut.\$10__t25                         1.64999
xdut.topp__t46                         1.65574
xdut.\$12__t12                            1.65
xdut.topp__t45                         1.65574
xdut.\$10__t58                         1.64999
xdut.topp__t111                        1.65574
xdut.\$12__t3                             1.65
xdut.topp__t26                         1.65574
xdut.\$10__t15                         1.64999
xdut.topp__t25                         1.65574
xdut.\$12__t2                             1.65
xdut.topp__t16                         1.65574
xdut.\$10__t6                          1.64999
xdut.topp__t8                          1.65574
xdut.\$12__t1                             1.65
xdut.topp__t7                          1.65574
xdut.\$10__t5                          1.64999
xdut.topp__t6                          1.65574
xdut.\$12__t4                             1.65
xdut.topp__t28                         1.65574
xdut.\$10__t16                         1.64999
xdut.topp__t27                         1.65574
xdut.\$12__t75                            1.65
xdut.topp__t272                        1.65574
xdut.\$10__t146                        1.64999
xdut.topp__t290                        1.65574
xdut.\$12__t81                            1.65
xdut.topp__t289                        1.65574
xdut.\$10__t145                        1.64999
xdut.topp__t288                        1.65574
xdut.\$12__t80                            1.65
xdut.topp__t287                        1.65574
xdut.\$10__t144                        1.64999
xdut.topp__t286                        1.65574
xdut.\$12__t79                            1.65
xdut.topp__t285                        1.65574
xdut.\$10__t143                        1.64999
xdut.topp__t284                        1.65574
xdut.\$12__t78                            1.65
xdut.topp__t283                        1.65574
xdut.\$10__t142                        1.64999
xdut.topp__t282                        1.65574
xdut.\$12__t77                            1.65
xdut.topp__t281                        1.65574
xdut.\$10__t141                        1.64999
xdut.topp__t280                        1.65574
xdut.\$12__t66                            1.65
xdut.topp__t248                        1.65574
xdut.\$10__t47                         1.64999
xdut.topp__t90                         1.65574
xdut.\$99__t0                             1.65
xdut.topn__t4                          1.96987
xdut.\$90__t1                             1.65
xdut.topn__t3                          1.96987
xdut.\$99__t121                           1.65
xdut.topn__t471                        1.96987
xdut.\$90__t228                           1.65
xdut.topn__t454                        1.96987
xdut.\$99__t114                           1.65
xdut.topn__t455                        1.96987
xdut.\$90__t229                           1.65
xdut.topn__t456                        1.96987
xdut.\$99__t115                           1.65
xdut.topn__t457                        1.96987
xdut.\$90__t230                           1.65
xdut.topn__t458                        1.96987
xdut.\$99__t116                           1.65
xdut.topn__t459                        1.96987
xdut.\$90__t231                           1.65
xdut.topn__t460                        1.96987
xdut.\$99__t117                           1.65
xdut.topn__t461                        1.96987
xdut.\$90__t127                           1.65
xdut.topn__t258                        1.96987
xdut.\$99__t124                           1.65
xdut.topn__t488                        1.96987
xdut.\$90__t245                           1.65
xdut.topn__t489                        1.96987
xdut.\$99__t122                           1.65
xdut.topn__t474                        1.96987
xdut.\$90__t241                           1.65
xdut.topn__t483                        1.96987
xdut.\$99__t123                           1.65
xdut.topn__t484                        1.96987
xdut.\$90__t242                           1.65
xdut.topn__t485                        1.96987
xdut.\$99__t125                           1.65
xdut.topn__t502                        1.96987
xdut.\$90__t244                           1.65
xdut.topn__t487                        1.96987
xdut.\$99__t47                            1.65
xdut.topn__t180                        1.96987
xdut.\$90__t139                           1.65
xdut.topn__t280                        1.96987
xdut.\$99__t75                            1.65
xdut.topn__t281                        1.96987
xdut.\$90__t140                           1.65
xdut.topn__t282                        1.96987
xdut.\$99__t76                            1.65
xdut.topn__t283                        1.96987
xdut.\$90__t141                           1.65
xdut.topn__t284                        1.96987
xdut.\$99__t77                            1.65
xdut.topn__t285                        1.96987
xdut.\$90__t142                           1.65
xdut.topn__t286                        1.96987
xdut.\$99__t78                            1.65
xdut.topn__t287                        1.96987
xdut.\$90__t143                           1.65
xdut.topn__t288                        1.96987
xdut.\$99__t80                            1.65
xdut.topn__t305                        1.96987
xdut.\$90__t144                           1.65
xdut.topn__t290                        1.96987
xdut.\$14__t0                             1.65
xdut.topp__t3                          1.65574
xdut.\$10__t3                          1.64999
xdut.topp__t2                          1.65574
xdut.\$14__t8                             1.65
xdut.topp__t55                         1.65574
xdut.\$10__t30                         1.64999
xdut.topp__t54                         1.65574
xdut.\$14__t7                             1.65
xdut.topp__t53                         1.65574
xdut.\$10__t29                         1.64999
xdut.topp__t52                         1.65574
xdut.\$14__t6                             1.65
xdut.topp__t51                         1.65574
xdut.\$10__t28                         1.64999
xdut.topp__t50                         1.65574
xdut.\$14__t5                             1.65
xdut.topp__t49                         1.65574
xdut.\$10__t57                         1.64999
xdut.topp__t109                        1.65574
xdut.\$14__t4                             1.65
xdut.topp__t24                         1.65574
xdut.\$10__t14                         1.64999
xdut.topp__t23                         1.65574
xdut.\$14__t3                             1.65
xdut.topp__t22                         1.65574
xdut.\$10__t13                         1.64999
xdut.topp__t21                         1.65574
xdut.\$14__t2                             1.65
xdut.topp__t20                         1.65574
xdut.\$10__t12                         1.64999
xdut.topp__t19                         1.65574
xdut.\$14__t1                             1.65
xdut.topp__t18                         1.65574
xdut.\$10__t11                         1.64999
xdut.topp__t17                         1.65574
xdut.\$14__t27                            1.65
xdut.topp__t270                        1.65574
xdut.\$10__t45                         1.64999
xdut.topp__t87                         1.65574
xdut.\$14__t14                            1.65
xdut.topp__t86                         1.65574
xdut.\$10__t44                         1.64999
xdut.topp__t85                         1.65574
xdut.\$14__t13                            1.65
xdut.topp__t84                         1.65574
xdut.\$10__t43                         1.64999
xdut.topp__t83                         1.65574
xdut.\$14__t12                            1.65
xdut.topp__t82                         1.65574
xdut.\$10__t42                         1.64999
xdut.topp__t81                         1.65574
xdut.\$14__t11                            1.65
xdut.topp__t80                         1.65574
xdut.\$10__t41                         1.64999
xdut.topp__t79                         1.65574
xdut.\$14__t10                            1.65
xdut.topp__t78                         1.65574
xdut.\$10__t48                         1.64999
xdut.topp__t91                         1.65574
xdut.\$14__t9                             1.65
xdut.topp__t76                         1.65574
xdut.\$10__t40                         1.64999
xdut.topp__t75                         1.65574
xdut.\$107__t1                            1.65
xdut.topn__t2                          1.96987
xdut.\$90__t0                             1.65
xdut.topn__t1                          1.96987
xdut.\$107__t62                           1.65
xdut.topn__t501                        1.96987
xdut.\$90__t243                           1.65
xdut.topn__t486                        1.96987
xdut.\$107__t54                           1.65
xdut.topn__t447                        1.96987
xdut.\$90__t225                           1.65
xdut.topn__t448                        1.96987
xdut.\$107__t55                           1.65
xdut.topn__t449                        1.96987
xdut.\$90__t226                           1.65
xdut.topn__t450                        1.96987
xdut.\$107__t56                           1.65
xdut.topn__t451                        1.96987
xdut.\$90__t227                           1.65
xdut.topn__t452                        1.96987
xdut.\$107__t57                           1.65
xdut.topn__t453                        1.96987
xdut.\$90__t128                           1.65
xdut.topn__t260                        1.96987
xdut.\$107__t59                           1.65
xdut.topn__t490                        1.96987
xdut.\$90__t246                           1.65
xdut.topn__t491                        1.96987
xdut.\$107__t60                           1.65
xdut.topn__t492                        1.96987
xdut.\$90__t247                           1.65
xdut.topn__t493                        1.96987
xdut.\$107__t61                           1.65
xdut.topn__t494                        1.96987
xdut.\$90__t255                           1.65
xdut.topn__t510                        1.96987
xdut.\$107__t58                           1.65
xdut.topn__t472                        1.96987
xdut.\$90__t236                           1.65
xdut.topn__t473                        1.96987
xdut.\$107__t16                           1.65
xdut.topn__t181                        1.96987
xdut.\$90__t146                           1.65
xdut.topn__t292                        1.96987
xdut.\$107__t26                           1.65
xdut.topn__t293                        1.96987
xdut.\$90__t147                           1.65
xdut.topn__t294                        1.96987
xdut.\$107__t27                           1.65
xdut.topn__t295                        1.96987
xdut.\$90__t148                           1.65
xdut.topn__t296                        1.96987
xdut.\$107__t28                           1.65
xdut.topn__t297                        1.96987
xdut.\$90__t149                           1.65
xdut.topn__t298                        1.96987
xdut.\$107__t29                           1.65
xdut.topn__t299                        1.96987
xdut.\$90__t150                           1.65
xdut.topn__t300                        1.96987
xdut.\$107__t30                           1.65
xdut.topn__t301                        1.96987
xdut.\$90__t151                           1.65
xdut.topn__t302                        1.96987
xdut.\$16__t0                             1.65
xdut.topp__t1                          1.65574
xdut.\$10__t26                         1.64999
xdut.topp__t47                         1.65574
xdut.\$16__t7                             1.65
xdut.topp__t62                         1.65574
xdut.\$10__t33                         1.64999
xdut.topp__t61                         1.65574
xdut.\$16__t6                             1.65
xdut.topp__t60                         1.65574
xdut.\$10__t32                         1.64999
xdut.topp__t59                         1.65574
xdut.\$16__t5                             1.65
xdut.topp__t58                         1.65574
xdut.\$10__t31                         1.64999
xdut.topp__t57                         1.65574
xdut.\$16__t4                             1.65
xdut.topp__t56                         1.65574
xdut.\$10__t49                         1.64999
xdut.topp__t92                         1.65574
xdut.\$16__t3                             1.65
xdut.topp__t31                         1.65574
xdut.\$10__t10                         1.64999
xdut.topp__t15                         1.65574
xdut.\$16__t2                             1.65
xdut.topp__t14                         1.65574
xdut.\$10__t9                          1.64999
xdut.topp__t13                         1.65574
xdut.\$16__t1                             1.65
xdut.topp__t12                         1.65574
xdut.\$10__t8                          1.64999
xdut.topp__t11                         1.65574
xdut.\$18__t0                             1.65
xdut.topp__t10                         1.65574
xdut.\$10__t7                          1.64999
xdut.topp__t9                          1.65574
xdut.\$18__t8                             1.65
xdut.topp__t268                        1.65574
xdut.\$10__t38                         1.64999
xdut.topp__t72                         1.65574
xdut.\$18__t2                             1.65
xdut.topp__t71                         1.65574
xdut.\$10__t37                         1.64999
xdut.topp__t70                         1.65574
xdut.\$18__t1                             1.65
xdut.topp__t69                         1.65574
xdut.\$10__t36                         1.64999
xdut.topp__t68                         1.65574
xdut.\$20__t1                             1.65
xdut.topp__t67                         1.65574
xdut.\$10__t35                         1.64999
xdut.topp__t66                         1.65574
xdut.\$20__t0                             1.65
xdut.topp__t65                         1.65574
xdut.\$10__t34                         1.64999
xdut.topp__t64                         1.65574
xdut.\$22__t0                             1.65
xdut.topp__t107                        1.65574
xdut.\$10__t61                         1.64999
xdut.topp__t118                        1.65574
xdut.\$24__t0                             1.65
xdut.topp__t117                        1.65574
xdut.\$10__t60                         1.64999
xdut.topp__t116                        1.65574
xdut.\$115__t0                            1.65
xdut.topn__t8                          1.96987
xdut.\$90__t3                             1.65
xdut.topn__t7                          1.96987
xdut.\$115__t25                           1.65
xdut.topn__t462                        1.96987
xdut.\$90__t232                           1.65
xdut.topn__t463                        1.96987
xdut.\$115__t26                           1.65
xdut.topn__t464                        1.96987
xdut.\$90__t248                           1.65
xdut.topn__t495                        1.96987
xdut.\$115__t29                           1.65
xdut.topn__t496                        1.96987
xdut.\$90__t249                           1.65
xdut.topn__t497                        1.96987
xdut.\$115__t30                           1.65
xdut.topn__t498                        1.96987
xdut.\$90__t250                           1.65
xdut.topn__t499                        1.96987
xdut.\$115__t31                           1.65
xdut.topn__t500                        1.96987
xdut.\$90__t129                           1.65
xdut.topn__t261                        1.96987
xdut.\$115__t27                           1.65
xdut.topn__t475                        1.96987
xdut.\$90__t237                           1.65
xdut.topn__t476                        1.96987
xdut.\$115__t28                           1.65
xdut.topn__t477                        1.96987
xdut.\$90__t238                           1.65
xdut.topn__t478                        1.96987
xdut.\$123__t14                           1.65
xdut.topn__t479                        1.96987
xdut.\$90__t239                           1.65
xdut.topn__t480                        1.96987
xdut.\$123__t15                           1.65
xdut.topn__t481                        1.96987
xdut.\$90__t240                           1.65
xdut.topn__t482                        1.96987
xdut.\$123__t6                            1.65
xdut.topn__t182                        1.96987
xdut.\$90__t152                           1.65
xdut.topn__t304                        1.96987
xdut.\$123__t8                            1.65
xdut.topn__t289                        1.96987
xdut.\$90__t119                           1.65
xdut.topn__t242                        1.96987
xdut.\$131__t4                            1.65
xdut.topn__t243                        1.96987
xdut.\$90__t120                           1.65
xdut.topn__t244                        1.96987
xdut.\$131__t5                            1.65
xdut.topn__t245                        1.96987
xdut.\$90__t121                           1.65
xdut.topn__t246                        1.96987
xdut.\$139__t2                            1.65
xdut.topn__t247                        1.96987
xdut.\$90__t122                           1.65
xdut.topn__t248                        1.96987
xdut.\$147__t0                            1.65
xdut.topn__t249                        1.96987
xdut.\$90__t123                           1.65
xdut.topn__t250                        1.96987
xdut.\$10                              1.64999
xdut.\$100                                 3.3
xdut.\$102                         1.12321e-07
xdut.\$104                                 3.3
xdut.\$106                                 3.3
xdut.\$107                                1.65
xdut.\$108                                 3.3
xdut.\$11                                  3.3
xdut.\$110                         1.08308e-07
xdut.\$112                                 3.3
xdut.\$114                                 3.3
xdut.\$115                                1.65
xdut.\$116                                 3.3
xdut.\$118                         1.04566e-07
xdut.\$12                                 1.65
xdut.\$120                                 3.3
xdut.\$122                                 3.3
xdut.\$123                                1.65
xdut.\$124                                 3.3
xdut.\$126                         1.05857e-07
xdut.\$128                                 3.3
xdut.\$13                                  3.3
xdut.\$130                                 3.3
xdut.\$131                                1.65
xdut.\$132                                 3.3
xdut.\$134                         1.09789e-07
xdut.\$136                                 3.3
xdut.\$138                                 3.3
xdut.\$139                                1.65
xdut.\$14                                 1.65
xdut.\$140                                 3.3
xdut.\$142                         1.13819e-07
xdut.\$144                                 3.3
xdut.\$146                                 3.3
xdut.\$147                                1.65
xdut.\$148                                 3.3
xdut.\$15                                  3.3
xdut.\$150                         1.17869e-07
xdut.\$152                                 3.3
xdut.\$154                                 3.3
xdut.\$155                                1.65
xdut.\$16                                 1.65
xdut.\$166                                 3.3
xdut.\$167                                 3.3
xdut.\$17                                  3.3
xdut.\$18                                 1.65
xdut.\$19                                  3.3
xdut.\$20                                 1.65
xdut.\$21                                  3.3
xdut.\$22                                 1.65
xdut.\$23                                  3.3
xdut.\$24                                 1.65
xdut.\$25                                  3.3
xdut.\$26                              1.64999
xdut.\$27                          1.20457e-07
xdut.\$29                                  3.3
xdut.\$31                          1.16412e-07
xdut.\$33                                  3.3
xdut.\$35                          1.12387e-07
xdut.\$37                                  3.3
xdut.\$39                          1.08422e-07
xdut.\$41                                  3.3
xdut.\$43                            1.049e-07
xdut.\$45                                  3.3
xdut.\$47                           1.0606e-07
xdut.\$49                                  3.3
xdut.\$51                          1.09879e-07
xdut.\$53                                  3.3
xdut.\$55                          1.13876e-07
xdut.\$57                                  3.3
xdut.\$59                          1.17911e-07
xdut.\$61                                  3.3
xdut.\$65                                  3.3
xdut.\$67                                  3.3
xdut.\$69                                  3.3
xdut.\$71                                  3.3
xdut.\$73                                  3.3
xdut.\$75                                  3.3
xdut.\$77                                  3.3
xdut.\$79                                  3.3
xdut.\$81                                  3.3
xdut.\$83                                  3.3
xdut.\$85                          1.20421e-07
xdut.\$87                                  3.3
xdut.\$89                                  3.3
xdut.\$9                                   3.3
xdut.\$90                                 1.65
xdut.\$92                                  3.3
xdut.\$94                          1.16366e-07
xdut.\$96                                  3.3
xdut.\$98                                  3.3
xdut.\$99                                 1.65
se_topn                                1.96987
se_topp                                1.65574
se_ibias                              0.563892
xsecmp.xpre.ptail                      1.15506
xsecmp.pon                             3.29788
xsecmp.preamp_in1                      1.65574
xsecmp.pop                             2.13458
xsecmp.preamp_in2                      1.96987
xsecmp.xpre.xrlp.11                    3.29944
xsecmp.xpre.xrlp.21                    2.13514
xsecmp.xpre.xrln.11                        3.3
xsecmp.xpre.xrln.21                    3.29788
xsecmp.xlat.ltail                      2.57862
xsecmp.xlat.dip                            3.3
xsecmp.xlat.din                        3.29999
xsecmp.outn                                3.3
xsecmp.outp                                3.3
xsecmp.sset                        1.05744e-07
xsecmp.srst                        1.05744e-07
xsecmp.xno1.ps                         3.02452
se_cmpb                                1.34355
xsecmp.xno2.ps                         3.02452
se_code                                      0
se_dacp                            1.11022e-16
se_dacn                            1.11022e-16
se_di                                  1.64597
se_err                                 608.226
se_aerrh                                     0
bseea#branch                                 0
bsee#branch                                  0
bsedi#branch                                 0
bsedacn#branch                               0
bsedacp#branch                               0
bsecode#branch                               0
lref#branch                        1.86819e-08
v.xsecmp.vpn#branch               -8.21204e-28
v.xsecmp.vpp#branch               -1.28137e-27
vsemode#branch                               0
vsestart#branch                              0
vsevinn#branch                     1.06528e-11
vsevinp#branch                     5.72968e-08
vcms#branch                       -1.66199e-07
vrefs#branch                      -1.86819e-08
vddc#branch                       -0.000719494
vddd#branch                       -6.53519e-08
vddt#branch                                  0
vcmpclkb#branch                              0
vcmpclk#branch                               0
vclk#branch                                  0
a.xsectrl.a_gn#branch_1_0         -2.42861e-17
a.xsectrl.a_gn#branch_1_1                    0
a.xsectrl.a_gn#branch_1_2                    0
a.xsectrl.a_gn#branch_1_3         -2.42861e-17
a.xsectrl.a_gn#branch_1_4                    0
a.xsectrl.a_gn#branch_1_5                    0
a.xsectrl.a_gn#branch_1_6         -2.42861e-17
a.xsectrl.a_gn#branch_1_7                    0
a.xsectrl.a_gn#branch_1_8                    0
a.xsectrl.a_gn#branch_1_9         -2.42861e-17
a.xsectrl.a_gn#branch_1_10                   0
a.xsectrl.a_gn#branch_1_11                   0
a.xsectrl.a_gn#branch_1_12        -2.42861e-17
a.xsectrl.a_gn#branch_1_13                   0
a.xsectrl.a_gn#branch_1_14                   0
a.xsectrl.a_gn#branch_1_15        -2.42861e-17
a.xsectrl.a_gn#branch_1_16                   0
a.xsectrl.a_gn#branch_1_17                   0
a.xsectrl.a_gn#branch_1_18        -2.42861e-17
a.xsectrl.a_gn#branch_1_19                   0
a.xsectrl.a_gn#branch_1_20                   0
a.xsectrl.a_gn#branch_1_21        -2.42861e-17
a.xsectrl.a_gn#branch_1_22                   0
a.xsectrl.a_gn#branch_1_23                   0
a.xsectrl.a_gn#branch_1_24        -2.42861e-17
a.xsectrl.a_gn#branch_1_25                   0
a.xsectrl.a_gn#branch_1_26                   0
a.xsectrl.a_gn#branch_1_27        -2.42861e-17
a.xsectrl.a_gn#branch_1_28                   0
a.xsectrl.a_gn#branch_1_29                   0
a.xsectrl.a_gn#branch_1_30        -2.42861e-17
a.xsectrl.a_gn#branch_1_31                   0
a.xsectrl.a_gn#branch_1_32                   0
a.xsectrl.a_gn#branch_1_33        -2.42861e-17
a.xsectrl.a_gn#branch_1_34                   0
a.xsectrl.a_gn#branch_1_35                   0
a.xsectrl.a_gn#branch_1_36        -2.42861e-17
a.xsectrl.a_gn#branch_1_37                   0
a.xsectrl.a_gn#branch_1_38                   0
a.xsectrl.a_gn#branch_1_39        -2.42861e-17
a.xsectrl.a_gn#branch_1_40                   0
a.xsectrl.a_gn#branch_1_41                   0
a.xsectrl.a_gn#branch_1_42        -2.42861e-17
a.xsectrl.a_gn#branch_1_43                   0
a.xsectrl.a_gn#branch_1_44                   0
a.xsectrl.a_gn#branch_1_45        -2.42861e-17
a.xsectrl.a_gn#branch_1_46                   0
a.xsectrl.a_gn#branch_1_47                   0
a.xsectrl.a_gn#branch_1_48        -2.42861e-17
a.xsectrl.a_gn#branch_1_49                   0
a.xsectrl.a_gn#branch_1_50                   0
a.xsectrl.a_gn#branch_1_51        -2.42861e-17
a.xsectrl.a_gn#branch_1_52                   0
a.xsectrl.a_gn#branch_1_53                   0
a.xsectrl.a_dout#branch_1_0                  0
a.xsectrl.a_dout#branch_1_1                  0
a.xsectrl.a_dout#branch_1_2                  0
a.xsectrl.a_dout#branch_1_3                  0
a.xsectrl.a_dout#branch_1_4                  0
a.xsectrl.a_dout#branch_1_5                  0
a.xsectrl.a_dout#branch_1_6                  0
a.xsectrl.a_dout#branch_1_7                  0
a.xsectrl.a_dout#branch_1_8                  0
a.xsectrl.a_dout#branch_1_9                  0
a.xsectrl.a_dout#branch_1_10                 0
a.xsectrl.a_dout#branch_1_11                 0
a.xsectrl.a_dout#branch_1_12                 0

 Reference value :  0.00000e+00
 Reference value :  3.11869e-09
 Reference value :  3.16881e-08
 Reference value :  8.15119e-08
 Reference value :  1.25103e-07
 Reference value :  1.56596e-07
 Reference value :  1.89614e-07
 Reference value :  2.18960e-07
 Reference value :  2.51059e-07
 Reference value :  2.81320e-07
 Reference value :  3.12647e-07
 Reference value :  3.19782e-07
 Reference value :  3.70875e-07
 Reference value :  3.77816e-07
 Reference value :  4.07514e-07
 Reference value :  4.40078e-07
 Reference value :  4.69191e-07
 Reference value :  5.02480e-07
 Reference value :  5.31434e-07
 Reference value :  5.64765e-07
 Reference value :  5.93878e-07
 Reference value :  6.27266e-07
 Reference value :  6.56391e-07
 Reference value :  6.89507e-07
 Reference value :  7.18859e-07
 Reference value :  7.50600e-07
 Reference value :  7.81352e-07
 Reference value :  8.12684e-07
 Reference value :  8.18113e-07
 Reference value :  8.45061e-07
 Reference value :  8.77509e-07
 Reference value :  9.06510e-07
 Reference value :  9.40138e-07
 Reference value :  1.00010e-06
 Reference value :  1.00278e-06
 Reference value :  1.03139e-06
 Reference value :  1.06288e-06
 Reference value :  1.09448e-06
 Reference value :  1.15631e-06
 Reference value :  1.18763e-06
 Reference value :  1.21875e-06
 Reference value :  1.25010e-06
 Reference value :  1.25342e-06
 Reference value :  1.28196e-06
 Reference value :  1.31493e-06
 Reference value :  1.34396e-06
 Reference value :  1.37728e-06
 Reference value :  1.40636e-06
 Reference value :  1.43816e-06
 Reference value :  1.46881e-06
 Reference value :  1.50035e-06
 Reference value :  1.53128e-06
 Reference value :  1.56270e-06
 Reference value :  1.58592e-06
 Reference value :  1.62520e-06
 Reference value :  1.65064e-06
 Reference value :  1.68768e-06
 Reference value :  1.70173e-06
 Reference value :  1.75011e-06
 Reference value :  1.75835e-06
 Reference value :  1.78461e-06
 Reference value :  1.81505e-06
 Reference value :  1.84423e-06
 Reference value :  1.87570e-06
 Reference value :  1.90631e-06
 Reference value :  1.93780e-06
 Reference value :  1.96921e-06
 Reference value :  2.00246e-06
 Reference value :  2.02910e-06
 Reference value :  2.05838e-06
 Reference value :  2.09384e-06
 Reference value :  2.12549e-06
 Reference value :  2.16898e-06
 Reference value :  2.20074e-06
 Reference value :  2.25011e-06
 Reference value :  2.25366e-06
 Reference value :  2.28263e-06
 Reference value :  2.31503e-06
 Reference value :  2.34413e-06
 Reference value :  2.37746e-06
 Reference value :  2.40646e-06
 Reference value :  2.43977e-06
 Reference value :  2.46886e-06
 Reference value :  2.50074e-06
 Reference value :  2.53132e-06
 Reference value :  2.56296e-06
 Reference value :  2.59381e-06
 Reference value :  2.62552e-06
 Reference value :  2.65631e-06
 Reference value :  2.68796e-06
 Reference value :  2.71881e-06
 Reference value :  2.75032e-06
 Reference value :  2.78130e-06
 Reference value :  2.81261e-06
 Reference value :  2.81593e-06
 Reference value :  2.84482e-06
 Reference value :  2.87751e-06
 Reference value :  2.90651e-06
 Reference value :  2.94585e-06
 Reference value :  3.00010e-06
 Reference value :  3.00278e-06
 Reference value :  3.03140e-06
 Reference value :  3.06286e-06
 Reference value :  3.09444e-06
 Reference value :  3.15631e-06
 Reference value :  3.18769e-06
 Reference value :  3.21879e-06
 Reference value :  3.22000e-06
 Reference value :  3.25296e-06
 Reference value :  3.28164e-06
 Reference value :  3.31321e-06
 Reference value :  3.34383e-06
 Reference value :  3.37543e-06
 Reference value :  3.40628e-06
 Reference value :  3.43770e-06
 Reference value :  3.44857e-06
 Reference value :  3.50010e-06
 Reference value :  3.50445e-06
 Reference value :  3.55545e-06
 Reference value :  3.56547e-06
 Reference value :  3.60931e-06
 Reference value :  3.62784e-06
 Reference value :  3.65983e-06
 Reference value :  3.69012e-06
 Reference value :  3.73113e-06
 Reference value :  3.75390e-06
 Reference value :  3.81021e-06
 Reference value :  3.81659e-06
 Reference value :  3.87510e-06
 Reference value :  3.88448e-06
 Reference value :  3.93757e-06
 Reference value :  3.96888e-06
 Reference value :  4.00087e-06
 Reference value :  4.00794e-06
 Reference value :  4.06260e-06
 Reference value :  4.09431e-06
 Reference value :  4.15634e-06
 Reference value :  4.18820e-06
 Reference value :  4.21911e-06
 Reference value :  4.25293e-06
 Reference value :  4.28195e-06
 Reference value :  4.31538e-06
 Reference value :  4.37500e-06
 Reference value :  4.38342e-06
 Reference value :  4.42797e-06
 Reference value :  4.44247e-06
 Reference value :  4.48565e-06
 Reference value :  4.50293e-06
 Reference value :  4.55921e-06
 Reference value :  4.56834e-06
 Reference value :  4.62520e-06
 Reference value :  4.65630e-06
 Reference value :  4.68820e-06
 Reference value :  4.71895e-06
 Reference value :  4.75249e-06
 Reference value :  4.78228e-06
 Reference value :  4.81609e-06
 Reference value :  4.87510e-06
 Reference value :  4.89727e-06
 Reference value :  4.93771e-06
 Reference value :  4.97068e-06
 Reference value :  5.00267e-06
 Reference value :  5.03152e-06
 Reference value :  5.06391e-06
 Reference value :  5.12512e-06
 Reference value :  5.15679e-06
 Reference value :  5.19009e-06
 Reference value :  5.21961e-06
 Reference value :  5.25300e-06
 Reference value :  5.28210e-06
 Reference value :  5.31514e-06
 Reference value :  5.37394e-06
 Reference value :  5.38275e-06
 Reference value :  5.43645e-06
 Reference value :  5.44358e-06
 Reference value :  5.49365e-06
 Reference value :  5.50329e-06
 Reference value :  5.56250e-06
 Reference value :  5.56970e-06
 Reference value :  5.62520e-06
 Reference value :  5.65631e-06
 Reference value :  5.68820e-06
 Reference value :  5.71895e-06
 Reference value :  5.75249e-06
 Reference value :  5.78180e-06
 Reference value :  5.81509e-06
 Reference value :  5.84515e-06
 Reference value :  5.87764e-06
 Reference value :  5.90701e-06
 Reference value :  5.96878e-06
 Reference value :  6.00037e-06
 Reference value :  6.00688e-06
 Reference value :  6.05801e-06
 Reference value :  6.09385e-06
 Reference value :  6.12540e-06
 Reference value :  6.15688e-06
 Reference value :  6.19003e-06
 Reference value :  6.21915e-06
 Reference value :  6.25267e-06
 Reference value :  6.28135e-06
 Reference value :  6.31300e-06
 Reference value :  6.34380e-06
 Reference value :  6.37520e-06
 Reference value :  6.40626e-06
 Reference value :  6.43768e-06
 Reference value :  6.45083e-06
 Reference value :  6.50020e-06
 Reference value :  6.53130e-06
 Reference value :  6.56320e-06
 Reference value :  6.59395e-06
 Reference value :  6.62755e-06
 Reference value :  6.66207e-06
 Reference value :  6.69074e-06
 Reference value :  6.75013e-06
 Reference value :  6.78126e-06
 Reference value :  6.81296e-06
 Reference value :  6.84388e-06
 Reference value :  6.87730e-06
 Reference value :  6.90645e-06
 Reference value :  6.93875e-06
 Reference value :  7.00010e-06
 Reference value :  7.00299e-06
 Reference value :  7.03190e-06
 Reference value :  7.09383e-06
 Reference value :  7.12560e-06
 Reference value :  7.15728e-06
 Reference value :  7.19035e-06
 Reference value :  7.21929e-06
 Reference value :  7.25267e-06
 Reference value :  7.28152e-06
 Reference value :  7.31375e-06
 Reference value :  7.34395e-06
 Reference value :  7.37560e-06
 Reference value :  7.40638e-06
 Reference value :  7.43803e-06
 Reference value :  7.46885e-06
 Reference value :  7.50228e-06
 Reference value :  7.53145e-06
 Reference value :  7.56503e-06
 Reference value :  7.59953e-06
 Reference value :  7.62842e-06
 Reference value :  7.68762e-06
 Reference value :  7.71876e-06
 Reference value :  7.75049e-06
 Reference value :  7.78143e-06
 Reference value :  7.81483e-06
 Reference value :  7.84446e-06
 Reference value :  7.87764e-06
 Reference value :  7.93561e-06
 Reference value :  7.96890e-06
 Reference value :  8.00244e-06
 Reference value :  8.03134e-06
 Reference value :  8.06288e-06
 Reference value :  8.10156e-06
 Reference value :  8.15647e-06
 Reference value :  8.18786e-06
 Reference value :  8.21892e-06
 Reference value :  8.25021e-06
 Reference value :  8.28131e-06
 Reference value :  8.31270e-06
 Reference value :  8.34377e-06
 Reference value :  8.37517e-06
 Reference value :  8.40236e-06
 Reference value :  8.43765e-06
 Reference value :  8.44870e-06
 Reference value :  8.50020e-06
 Reference value :  8.53128e-06
 Reference value :  8.56299e-06
 Reference value :  8.59386e-06
 Reference value :  8.62744e-06
 Reference value :  8.65677e-06
 Reference value :  8.69020e-06
 Reference value :  8.74690e-06
 Reference value :  8.75971e-06
 Reference value :  8.81263e-06
 Reference value :  8.84383e-06
 Reference value :  8.87532e-06
 Reference value :  8.90631e-06
 Reference value :  8.93778e-06
 Reference value :  8.96956e-06
 Reference value :  9.00267e-06
 Reference value :  9.03147e-06
 Reference value :  9.09381e-06
 Reference value :  9.12560e-06
 Reference value :  9.18757e-06
 Reference value :  9.21878e-06
 Reference value :  9.25040e-06
 Reference value :  9.28135e-06
 Reference value :  9.31477e-06
 Reference value :  9.34410e-06
 Reference value :  9.37728e-06
 Reference value :  9.40655e-06
 Reference value :  9.44002e-06
 Reference value :  9.46917e-06
 Reference value :  9.50241e-06
 Reference value :  9.53159e-06
 Reference value :  9.56507e-06
 Reference value :  9.60972e-06
 Reference value :  9.62947e-06
 Reference value :  9.68769e-06
 Reference value :  9.71879e-06
 Reference value :  9.75060e-06
 Reference value :  9.78146e-06
 Reference value :  9.81502e-06
 Reference value :  9.85408e-06
 Reference value :  9.87798e-06
 Reference value :  9.93753e-06
 Reference value :  9.96895e-06
 Reference value :  1.00024e-05
 Reference value :  1.00314e-05
 Reference value :  1.00814e-05
 Reference value :  1.01252e-05
 Reference value :  1.01580e-05
 Reference value :  1.01924e-05
 Reference value :  1.02501e-05
 Reference value :  1.02813e-05
 Reference value :  1.03131e-05
 Reference value :  1.03439e-05
 Reference value :  1.03757e-05
 Reference value :  1.04064e-05
 Reference value :  1.04399e-05
 Reference value :  1.04691e-05
 Reference value :  1.05026e-05
 Reference value :  1.05413e-05
 Reference value :  1.05668e-05
 Reference value :  1.06252e-05
 Reference value :  1.06563e-05
 Reference value :  1.06881e-05
 Reference value :  1.07189e-05
 Reference value :  1.07525e-05
 Reference value :  1.07831e-05
 Reference value :  1.08155e-05
 Reference value :  1.08751e-05
 Reference value :  1.08827e-05
 Reference value :  1.09335e-05
 Reference value :  1.09689e-05
 Reference value :  1.10023e-05
 Reference value :  1.10313e-05
 Reference value :  1.10632e-05
 Reference value :  1.11251e-05
 Reference value :  1.11567e-05
 Reference value :  1.11899e-05
 Reference value :  1.12195e-05
 Reference value :  1.12528e-05
 Reference value :  1.12818e-05
 Reference value :  1.13149e-05
 Reference value :  1.13439e-05
 Reference value :  1.13754e-05
 Reference value :  1.14063e-05
 Reference value :  1.14383e-05
 Reference value :  1.14689e-05
 Reference value :  1.15023e-05
 Reference value :  1.15317e-05
 Reference value :  1.15650e-05
 Reference value :  1.15940e-05
 Reference value :  1.16273e-05
 Reference value :  1.16564e-05
 Reference value :  1.16899e-05
 Reference value :  1.17193e-05
 Reference value :  1.17527e-05
 Reference value :  1.18125e-05
 Reference value :  1.18438e-05
 Reference value :  1.18754e-05
 Reference value :  1.19063e-05
 Reference value :  1.19379e-05
 Reference value :  1.19701e-05
 Reference value :  1.20027e-05
 Reference value :  1.20317e-05
 Reference value :  1.20740e-05
 Reference value :  1.21252e-05
 Reference value :  1.21567e-05
 Reference value :  1.21899e-05
 Reference value :  1.22195e-05
 Reference value :  1.22529e-05
 Reference value :  1.22823e-05
 Reference value :  1.23154e-05
 Reference value :  1.23550e-05
 Reference value :  1.23780e-05
 Reference value :  1.24376e-05
 Reference value :  1.24479e-05
 Reference value :  1.25002e-05
 Reference value :  1.25313e-05
 Reference value :  1.25630e-05
 Reference value :  1.25939e-05
 Reference value :  1.26274e-05
 Reference value :  1.26569e-05
 Reference value :  1.26903e-05
 Reference value :  1.27501e-05
 Reference value :  1.27791e-05
 Reference value :  1.28127e-05
 Reference value :  1.28439e-05
 Reference value :  1.28754e-05
 Reference value :  1.29063e-05
 Reference value :  1.29386e-05
 Reference value :  1.30001e-05
 Reference value :  1.30030e-05
 Reference value :  1.30324e-05
 Reference value :  1.30938e-05
 Reference value :  1.31304e-05
 Reference value :  1.31876e-05
 Reference value :  1.32188e-05
 Reference value :  1.32506e-05
 Reference value :  1.32814e-05
 Reference value :  1.33145e-05
 Reference value :  1.33440e-05
 Reference value :  1.33759e-05
 Reference value :  1.34065e-05
 Reference value :  1.34381e-05
 Reference value :  1.34689e-05
 Reference value :  1.35005e-05
 Reference value :  1.35313e-05
 Reference value :  1.35648e-05
 Reference value :  1.35940e-05
 Reference value :  1.36276e-05
 Reference value :  1.36725e-05
 Reference value :  1.36912e-05
 Reference value :  1.37502e-05
 Reference value :  1.37813e-05
 Reference value :  1.38131e-05
 Reference value :  1.38440e-05
 Reference value :  1.38775e-05
 Reference value :  1.39066e-05
 Reference value :  1.39499e-05
 Reference value :  1.40002e-05
 Reference value :  1.40036e-05
 Reference value :  1.40625e-05
 Reference value :  1.40940e-05
 Reference value :  1.41563e-05
 Reference value :  1.41879e-05
 Reference value :  1.42190e-05
 Reference value :  1.42527e-05
 Reference value :  1.42816e-05
 Reference value :  1.43148e-05
 Reference value :  1.43441e-05
 Reference value :  1.43773e-05
 Reference value :  1.44064e-05
 Reference value :  1.44386e-05
 Reference value :  1.44689e-05
 Reference value :  1.45025e-05
 Reference value :  1.45319e-05
 Reference value :  1.45652e-05
 Reference value :  1.46250e-05
 Reference value :  1.46378e-05
 Reference value :  1.46877e-05
 Reference value :  1.47188e-05
 Reference value :  1.47523e-05
 Reference value :  1.47816e-05
 Reference value :  1.48151e-05
 Reference value :  1.48443e-05
 Reference value :  1.48775e-05
 Reference value :  1.49067e-05
 Reference value :  1.49560e-05
 Reference value :  1.50002e-05
 Reference value :  1.50157e-05
 Reference value :  1.50626e-05
 Reference value :  1.50942e-05
 Reference value :  1.51563e-05
 Reference value :  1.51877e-05
 Reference value :  1.52189e-05
 Reference value :  1.52502e-05
 Reference value :  1.52813e-05
 Reference value :  1.53127e-05
 Reference value :  1.53438e-05
 Reference value :  1.53753e-05
 Reference value :  1.54063e-05
 Reference value :  1.54378e-05
 Reference value :  1.54688e-05
 Reference value :  1.55005e-05
 Reference value :  1.55314e-05
 Reference value :  1.55648e-05
 Reference value :  1.55942e-05
 Reference value :  1.56277e-05
 Reference value :  1.56578e-05
 Reference value :  1.56900e-05
 Reference value :  1.57191e-05
 Reference value :  1.57523e-05
 Reference value :  1.57815e-05
 Reference value :  1.58139e-05
 Reference value :  1.58439e-05
 Reference value :  1.58756e-05
 Reference value :  1.59063e-05
 Reference value :  1.59376e-05
 Reference value :  1.59688e-05
 Reference value :  1.60004e-05
 Reference value :  1.60042e-05
 Reference value :  1.60319e-05
 Reference value :  1.60879e-05
 Reference value :  1.61250e-05
 Reference value :  1.61564e-05
 Reference value :  1.61877e-05
 Reference value :  1.62126e-05
 Reference value :  1.62395e-05
 Reference value :  1.62534e-05
 Reference value :  1.63042e-05
 Reference value :  1.63158e-05
 Reference value :  1.63751e-05
 Reference value :  1.64026e-05
 Reference value :  1.64376e-05
 Reference value :  1.64507e-05
 Reference value :  1.65002e-05
 Reference value :  1.65313e-05
 Reference value :  1.65631e-05
 Reference value :  1.65939e-05
 Reference value :  1.66275e-05
 Reference value :  1.66584e-05
 Reference value :  1.66904e-05
 Reference value :  1.67501e-05
 Reference value :  1.67813e-05
 Reference value :  1.68129e-05
 Reference value :  1.68439e-05
 Reference value :  1.68773e-05
 Reference value :  1.69066e-05
 Reference value :  1.69459e-05
 Reference value :  1.70002e-05
 Reference value :  1.70035e-05
 Reference value :  1.70547e-05
 Reference value :  1.70940e-05
 Reference value :  1.71563e-05
 Reference value :  1.71879e-05
 Reference value :  1.72189e-05
 Reference value :  1.72527e-05
 Reference value :  1.72816e-05
 Reference value :  1.73148e-05
 Reference value :  1.73443e-05
 Reference value :  1.73777e-05
 Reference value :  1.74069e-05
 Reference value :  1.74401e-05
 Reference value :  1.74693e-05
 Reference value :  1.75026e-05
 Reference value :  1.75475e-05
 Reference value :  1.75675e-05
 Reference value :  1.76252e-05
 Reference value :  1.76563e-05
 Reference value :  1.76898e-05
 Reference value :  1.77192e-05
 Reference value :  1.77526e-05
 Reference value :  1.78016e-05
 Reference value :  1.78168e-05
 Reference value :  1.78752e-05
 Reference value :  1.79063e-05
 Reference value :  1.79381e-05
 Reference value :  1.80001e-05
 Reference value :  1.80030e-05
 Reference value :  1.80319e-05
 Reference value :  1.80938e-05
 Reference value :  1.81264e-05
 Reference value :  1.81876e-05
 Reference value :  1.82188e-05
 Reference value :  1.82505e-05
 Reference value :  1.82813e-05
 Reference value :  1.83128e-05
 Reference value :  1.83438e-05
 Reference value :  1.83773e-05
 Reference value :  1.84065e-05
 Reference value :  1.84401e-05
 Reference value :  1.84817e-05
 Reference value :  1.85042e-05
 Reference value :  1.85626e-05
 Reference value :  1.85938e-05
 Reference value :  1.86259e-05
 Reference value :  1.86565e-05
 Reference value :  1.86900e-05
 Reference value :  1.87200e-05
 Reference value :  1.87529e-05
 Reference value :  1.87835e-05
 Reference value :  1.88156e-05
 Reference value :  1.88493e-05
 Reference value :  1.88780e-05
 Reference value :  1.89376e-05
 Reference value :  1.89691e-05
 Reference value :  1.90026e-05
 Reference value :  1.90314e-05
 Reference value :  1.90631e-05
 Reference value :  1.91251e-05
 Reference value :  1.91567e-05
 Reference value :  1.91900e-05
 Reference value :  1.92196e-05
 Reference value :  1.92530e-05
 Reference value :  1.92819e-05
 Reference value :  1.93149e-05
 Reference value :  1.93439e-05
 Reference value :  1.93767e-05
 Reference value :  1.94063e-05
 Reference value :  1.94379e-05
 Reference value :  1.94689e-05
 Reference value :  1.95024e-05
 Reference value :  1.95317e-05
 Reference value :  1.95651e-05
 Reference value :  1.95998e-05
 Reference value :  1.96276e-05
 Reference value :  1.96568e-05
 Reference value :  1.96900e-05
 Reference value :  1.97190e-05
 Reference value :  1.97523e-05
 Reference value :  1.97814e-05
 Reference value :  1.98128e-05
 Reference value :  1.98438e-05
 Reference value :  1.98555e-05
 Reference value :  1.98776e-05
 Reference value :  1.99066e-05
 Reference value :  1.99380e-05
 Reference value :  1.99693e-05
No. of Data Rows : 49645
e1                  =  1.02266e+00
x1                  =  1.21053e+01 at=  2.28141e-06
cd1                 =  2.00000e+00
e2                  =  9.72873e-01
x2                  =  1.20770e+01 at=  3.28141e-06
cd2                 =  3.00000e+00
e128                =  6.21206e-01
x128                =  8.67822e+00 at=  4.28142e-06
cd128               =  1.28000e+02
e129                =  7.24761e-01
x129                =  8.75598e+00 at=  5.28142e-06
cd129               =  1.29000e+02
e255                =  3.84504e-01
x255                =  5.53553e+00 at=  6.28145e-06
cd255               =  2.55000e+02
e256                =  4.80128e-01
x256                =  5.61767e+00 at=  7.28145e-06
cd256               =  2.56000e+02
e257                =  4.88422e-01
x257                =  5.59564e+00 at=  8.31263e-06
cd257               =  2.57000e+02
e384                =  1.32927e-01
x384                =  2.78615e+00 at=  9.31263e-06
cd384               =  3.84000e+02
e511                =  -8.52052e-02
x511                =  5.24312e+00 at=  1.03751e-05
cd511               =  5.11000e+02
e512                =  -6.94702e-03
x512                =  5.15724e+00 at=  1.13440e-05
cd512               =  5.12000e+02
e513                =  1.23262e-02
x513                =  5.15846e+00 at=  1.23440e-05
cd513               =  5.13000e+02
e640                =  -3.33895e-01
x640                =  2.99977e+00 at=  1.33126e-05
cd640               =  6.40000e+02
e767                =  -5.66491e-01
x767                =  5.73742e+00 at=  1.43126e-05
cd767               =  7.66000e+02
e768                =  -4.71224e-01
x768                =  5.65476e+00 at=  1.53126e-05
cd768               =  7.68000e+02
e769                =  -4.67413e-01
x769                =  5.67636e+00 at=  1.63126e-05
cd769               =  7.68000e+02
e896                =  -8.84361e-01
x896                =  8.54332e+00 at=  1.73126e-05
cd896               =  8.95000e+02
e1022               =  -1.05526e+00
x1022               =  1.13330e+01 at=  1.83126e-05
cd1022              =  1.02100e+03
e1023               =  -9.82143e-01
x1023               =  1.12522e+01 at=  1.93126e-05
cd1023              =  1.02200e+03
vrefhi              =  3.30030e+00 at=  1.73150e-05
vreflo              =  3.29970e+00 at=  1.65114e-05
m_terr_t1_lsb = 1.0226630000e+00
m_decerr_t1_lsb = 1.2105320000e+01
m_code_t1 = 2.0000000000e+00
m_terr_t2_lsb = 9.7287310000e-01
m_decerr_t2_lsb = 1.2077020000e+01
m_code_t2 = 3.0000000000e+00
m_terr_t128_lsb = 6.2120560000e-01
m_decerr_t128_lsb = 8.6782150000e+00
m_code_t128 = 1.2800000000e+02
m_terr_t129_lsb = 7.2476110000e-01
m_decerr_t129_lsb = 8.7559760000e+00
m_code_t129 = 1.2900000000e+02
m_terr_t255_lsb = 3.8450380000e-01
m_decerr_t255_lsb = 5.5355280000e+00
m_code_t255 = 2.5500000000e+02
m_terr_t256_lsb = 4.8012790000e-01
m_decerr_t256_lsb = 5.6176700000e+00
m_code_t256 = 2.5600000000e+02
m_terr_t257_lsb = 4.8842250000e-01
m_decerr_t257_lsb = 5.5956410000e+00
m_code_t257 = 2.5700000000e+02
m_terr_t384_lsb = 1.3292720000e-01
m_decerr_t384_lsb = 2.7861550000e+00
m_code_t384 = 3.8400000000e+02
m_terr_t511_lsb = -8.520521000e-02
m_decerr_t511_lsb = 5.2431180000e+00
m_code_t511 = 5.1100000000e+02
m_terr_t512_lsb = -6.947016000e-03
m_decerr_t512_lsb = 5.1572420000e+00
m_code_t512 = 5.1200000000e+02
m_terr_t513_lsb = 1.2326150000e-02
m_decerr_t513_lsb = 5.1584620000e+00
m_code_t513 = 5.1300000000e+02
m_terr_t640_lsb = -3.338951000e-01
m_decerr_t640_lsb = 2.9997660000e+00
m_code_t640 = 6.4000000000e+02
m_terr_t767_lsb = -5.664914000e-01
m_decerr_t767_lsb = 5.7374170000e+00
m_code_t767 = 7.6600000000e+02
m_terr_t768_lsb = -4.712244000e-01
m_decerr_t768_lsb = 5.6547550000e+00
m_code_t768 = 7.6800000000e+02
m_terr_t769_lsb = -4.674128000e-01
m_decerr_t769_lsb = 5.6763620000e+00
m_code_t769 = 7.6800000000e+02
m_terr_t896_lsb = -8.843614000e-01
m_decerr_t896_lsb = 8.5433150000e+00
m_code_t896 = 8.9500000000e+02
m_terr_t1022_lsb = -1.055256000e+00
m_decerr_t1022_lsb = 1.1333020000e+01
m_code_t1022 = 1.0210000000e+03
m_terr_t1023_lsb = -9.821428000e-01
m_decerr_t1023_lsb = 1.1252160000e+01
m_code_t1023 = 1.0220000000e+03
m_inl_t1_lsb = 0.0000000000e+00
m_inl_t2_lsb = -4.782825049e-02
m_inl_t128_lsb = -1.523279121e-01
m_inl_t129_lsb = -4.681076262e-02
m_inl_t255_lsb = -1.399002243e-01
m_inl_t256_lsb = -4.231447476e-02
m_inl_t257_lsb = -3.205822524e-02
m_inl_t384_lsb = -1.384240374e-01
m_inl_t511_lsb = -1.074269595e-01
m_inl_t512_lsb = -2.720711600e-02
m_inl_t513_lsb = -5.972300489e-03
m_inl_t640_lsb = -1.030640626e-01
m_inl_t767_lsb = -8.653087476e-02
m_inl_t768_lsb = 1.0697774755e-02
m_inl_t769_lsb = 1.6471024266e-02
m_inl_t896_lsb = -1.513480879e-01
m_inl_t1022_lsb = -7.507484951e-02
m_inl_t1023_lsb = 1.1102230246e-16
m_dnl_t1_t2_lsb = -4.978990000e-02
m_dnl_t128_t129_lsb = 1.0355550000e-01
m_dnl_t255_t256_lsb = 9.5624100000e-02
m_dnl_t256_t257_lsb = 8.2946000000e-03
m_dnl_t511_t512_lsb = 7.8258194000e-02
m_dnl_t512_t513_lsb = 1.9273166000e-02
m_dnl_t767_t768_lsb = 9.5267000000e-02
m_dnl_t768_t769_lsb = 3.8116000000e-03
m_dnl_t1022_t1023_lsb = 7.3113200000e-02
m_gain_err_lsb = -2.006767450e+00
m_vref_droop_mv = 5.9500000000e-01
Note: Simulation executed from .control section 

Note: Starting dynamic gmin stepping
Warning: Dynamic gmin stepping failed
Note: Starting true gmin stepping
Note: True gmin stepping completed
