
Note: Compatibility modes selected: hs a


Circuit: * adc-power @ ff_-40c_3.30v -- generated by sim/harness, do not edit

Reducing trtol to 1 for xspice 'A' devices
Doing analysis at TEMP = -40.000000 and TNOM = 27.000000

Using SPARSE 1.3 as Direct Linear Solver

Initial Transient Solution
--------------------------

Node                                   Voltage
----                                   -------
clk                                          0
cmpclk                                       0
cmpclkb                                    3.3
vdd_ext                                    3.3
vdd_pin                                    3.3
vddt                                       3.3
vddd                                       3.3
vddc                                       3.3
vrefs                                      3.3
vrefn                                      3.3
vcmn                                      1.65
se_vinp                                      0
se_vinn                                   1.65
se_start                                     0
se_mode                                      0
se_cmp                                  1.3502
se_samp_tp_n                                 0
se_sel_in_n                                  0
se_drdy                                    3.3
se_c9                                        0
se_c8                                        0
se_c7                                        0
se_c6                                        0
se_c5                                        0
se_c4                                        0
se_c3                                        0
se_c2                                        0
se_c1                                        0
se_c0                                        0
se_rel_n_256p                              3.3
se_sel_hi_n_256p                             0
se_sel_lo_n_256p                             0
se_rel_n_128p                              3.3
se_sel_hi_n_128p                             0
se_sel_lo_n_128p                             0
se_rel_n_64p                               3.3
se_sel_hi_n_64p                              0
se_sel_lo_n_64p                              0
se_rel_n_32p                               3.3
se_sel_hi_n_32p                              0
se_sel_lo_n_32p                              0
se_rel_n_16p                               3.3
se_sel_hi_n_16p                              0
se_sel_lo_n_16p                              0
se_rel_n_8p                                3.3
se_sel_hi_n_8p                               0
se_sel_lo_n_8p                               0
se_rel_n_4p                                3.3
se_sel_hi_n_4p                               0
se_sel_lo_n_4p                               0
se_rel_n_2p                                3.3
se_sel_hi_n_2p                               0
se_sel_lo_n_2p                               0
se_rel_n_1p                                3.3
se_sel_hi_n_1p                               0
se_sel_lo_n_1p                               0
se_rel_n_256n                              3.3
se_sel_hi_n_256n                             0
se_sel_lo_n_256n                             0
se_rel_n_128n                              3.3
se_sel_hi_n_128n                             0
se_sel_lo_n_128n                             0
se_rel_n_64n                               3.3
se_sel_hi_n_64n                              0
se_sel_lo_n_64n                              0
se_rel_n_32n                               3.3
se_sel_hi_n_32n                              0
se_sel_lo_n_32n                              0
se_rel_n_16n                               3.3
se_sel_hi_n_16n                              0
se_sel_lo_n_16n                              0
se_rel_n_8n                                3.3
se_sel_hi_n_8n                               0
se_sel_lo_n_8n                               0
se_rel_n_4n                                3.3
se_sel_hi_n_4n                               0
se_sel_lo_n_4n                               0
se_rel_n_2n                                3.3
se_sel_hi_n_2n                               0
se_sel_lo_n_2n                               0
se_rel_n_1n                                3.3
se_sel_hi_n_1n                               0
se_sel_lo_n_1n                               0
se_pinp                            1.24833e-09
se_pinn                                   1.65
xdut.\$5__t0                               3.3
xdut.sel_in__t0                              0
xdut.vss__t0                       3.24885e-13
xdut.vss__t110                      1.4207e-10
xdut.\$7__t2                        1.6057e-09
xdut.rel_256_p__t2                         3.3
xdut.vss__t46                      1.76839e-10
xdut.vss__t111                      7.5633e-20
xdut.\$9__t2                               3.3
xdut.hi_256_p__t2                            0
xdut.vss__t45                       3.1589e-13
xdut.vss__t112                     1.38137e-10
xdut.\$11__t2                              3.3
xdut.lo_256_p__t2                            0
xdut.vss__t44                      3.11394e-13
xdut.vss__t113                      1.3617e-10
xdut.vinp__t0                      1.27391e-09
xdut.sel_in__t1                              0
xdut.\$12__t0                             1.65
xdut.vss__t184                     6.69816e-11
xdut.vcm__t27                             1.65
xdut.rel_256_p__t1                         3.3
xdut.\$12__t262                           1.65
xdut.vss__t185                     1.32043e-10
xdut.vref__t21                             3.3
xdut.hi_256_p__t1                            0
xdut.\$12__t261                           1.65
xdut.vss__t186                     1.95358e-10
xdut.vss__t24                      3.24923e-12
xdut.lo_256_p__t1                            0
xdut.\$12__t263                           1.65
xdut.vss__t187                     6.41011e-11
xdut.\$17__t2                              3.3
xdut.sel_in__t50                             0
xdut.vss__t94                      2.51125e-13
xdut.vss__t114                     1.09815e-10
xdut.\$19__t2                        1.565e-09
xdut.rel_128_p__t2                         3.3
xdut.vss__t109                     1.36135e-10
xdut.vss__t115                     5.55649e-20
xdut.\$21__t2                              3.3
xdut.hi_128_p__t2                            0
xdut.vss__t96                      2.42159e-13
xdut.vss__t116                     1.05894e-10
xdut.\$23__t2                              3.3
xdut.lo_128_p__t2                            0
xdut.vss__t99                      2.37677e-13
xdut.vss__t117                     1.03935e-10
xdut.vinp__t12                      1.2679e-09
xdut.sel_in__t25                             0
xdut.\$24__t132                           1.65
xdut.vss__t188                     5.08479e-11
xdut.vcm__t30                             1.65
xdut.rel_128_p__t1                         3.3
xdut.\$24__t133                           1.65
xdut.vss__t189                     9.97802e-11
xdut.vref__t23                             3.3
xdut.hi_128_p__t1                            0
xdut.\$24__t134                           1.65
xdut.vss__t190                      1.4693e-10
xdut.vss__t25                      2.43184e-12
xdut.lo_128_p__t1                            0
xdut.\$24__t135                           1.65
xdut.vss__t191                     4.79755e-11
xdut.\$25__t2                              3.3
xdut.sel_in__t52                             0
xdut.vss__t102                     1.77715e-13
xdut.vss__t118                     7.77137e-11
xdut.\$27__t2                       1.5245e-09
xdut.rel_64_p__t2                          3.3
xdut.vss__t103                      9.5635e-11
xdut.vss__t119                     3.71758e-20
xdut.\$29__t2                              3.3
xdut.hi_64_p__t2                             0
xdut.vss__t104                      1.6882e-13
xdut.vss__t120                     7.38239e-11
xdut.\$31__t2                              3.3
xdut.lo_64_p__t2                             0
xdut.vss__t105                     1.64378e-13
xdut.vss__t121                     7.18814e-11
xdut.vinp__t13                     1.26188e-09
xdut.sel_in__t26                             0
xdut.\$32__t68                            1.65
xdut.vss__t192                     3.47844e-11
xdut.vcm__t31                             1.65
xdut.rel_64_p__t1                          3.3
xdut.\$32__t69                            1.65
xdut.vss__t193                     6.76674e-11
xdut.vref__t32                             3.3
xdut.hi_64_p__t1                             0
xdut.\$32__t71                            1.65
xdut.vss__t194                     9.87398e-11
xdut.vss__t29                      1.61875e-12
xdut.lo_64_p__t1                             0
xdut.\$32__t70                            1.65
xdut.vss__t195                     3.19347e-11
xdut.\$33__t2                              3.3
xdut.sel_in__t46                             0
xdut.vss__t76                      1.05389e-13
xdut.vss__t122                     4.60859e-11
xdut.\$35__t2                      1.48465e-09
xdut.rel_32_p__t2                          3.3
xdut.vss__t75                      5.57867e-11
xdut.vss__t123                      2.0619e-20
xdut.\$37__t2                              3.3
xdut.hi_32_p__t2                             0
xdut.vss__t65                      9.67715e-14
xdut.vss__t124                     4.23175e-11
xdut.\$39__t2                              3.3
xdut.lo_32_p__t2                             0
xdut.vss__t70                      9.24926e-14
xdut.vss__t125                     4.04464e-11
xdut.vinp__t16                     1.25586e-09
xdut.sel_in__t31                             0
xdut.\$40__t37                            1.65
xdut.vss__t196                     1.89706e-11
xdut.vcm__t35                             1.65
xdut.rel_32_p__t1                          3.3
xdut.\$40__t38                            1.65
xdut.vss__t197                      3.6105e-11
xdut.vref__t30                             3.3
xdut.hi_32_p__t1                             0
xdut.\$40__t39                            1.65
xdut.vss__t198                     5.14644e-11
xdut.vss__t28                      8.22797e-13
xdut.lo_32_p__t1                             0
xdut.\$40__t36                            1.65
xdut.vss__t199                     1.62322e-11
xdut.\$41__t2                              3.3
xdut.sel_in__t45                             0
xdut.vss__t71                      4.04485e-14
xdut.vss__t126                     1.76878e-11
xdut.\$43__t2                      1.44963e-09
xdut.rel_16_p__t2                          3.3
xdut.vss__t72                      2.07613e-11
xdut.vss__t127                     7.32452e-21
xdut.\$45__t2                              3.3
xdut.hi_16_p__t2                             0
xdut.vss__t73                      3.51338e-14
xdut.vss__t128                     1.53638e-11
xdut.\$47__t2                              3.3
xdut.lo_16_p__t2                             0
xdut.vss__t74                      3.30872e-14
xdut.vss__t129                     1.44688e-11
xdut.vinp__t17                     1.24987e-09
xdut.sel_in__t32                             0
xdut.\$48__t23                            1.65
xdut.vss__t200                     5.94103e-12
xdut.vcm__t33                             1.65
xdut.rel_16_p__t1                          3.3
xdut.\$48__t20                            1.65
xdut.vss__t201                     1.14101e-11
xdut.vref__t29                             3.3
xdut.hi_16_p__t1                             0
xdut.\$48__t21                            1.65
xdut.vss__t202                     1.68944e-11
xdut.vss__t32                       2.8952e-13
xdut.lo_16_p__t1                             0
xdut.\$48__t22                            1.65
xdut.vss__t203                     5.71167e-12
xdut.\$49__t2                              3.3
xdut.sel_in__t38                             0
xdut.vss__t41                      5.63068e-14
xdut.vss__t130                     2.46226e-11
xdut.\$51__t2                      1.46207e-09
xdut.rel_8_p__t2                           3.3
xdut.vss__t67                      3.32065e-11
xdut.vss__t131                     1.19134e-20
xdut.\$53__t2                              3.3
xdut.hi_8_p__t2                              0
xdut.vss__t83                       6.4103e-14
xdut.vss__t132                     2.80318e-11
xdut.\$55__t2                              3.3
xdut.lo_8_p__t2                              0
xdut.vss__t38                       6.8116e-14
xdut.vss__t133                     2.97866e-11
xdut.vinp__t11                     1.25286e-09
xdut.sel_in__t24                             0
xdut.\$56__t12                            1.65
xdut.vss__t204                     1.53684e-11
xdut.vcm__t26                             1.65
xdut.rel_8_p__t1                           3.3
xdut.\$56__t13                            1.65
xdut.vss__t205                     3.25381e-11
xdut.vref__t20                             3.3
xdut.hi_8_p__t1                              0
xdut.\$56__t14                            1.65
xdut.vss__t206                     5.15758e-11
xdut.vss__t22                       9.1696e-13
xdut.lo_8_p__t1                              0
xdut.\$56__t15                            1.65
xdut.vss__t207                     1.80898e-11
xdut.\$57__t2                              3.3
xdut.sel_in__t51                             0
xdut.vss__t101                     1.25339e-13
xdut.vss__t134                     5.48101e-11
xdut.\$59__t2                      1.50047e-09
xdut.rel_4_p__t2                           3.3
xdut.vss__t100                     7.16036e-11
xdut.vss__t135                     2.70084e-20
xdut.\$61__t2                              3.3
xdut.hi_4_p__t2                              0
xdut.vss__t98                      1.34124e-13
xdut.vss__t136                     5.86513e-11
xdut.\$63__t2                              3.3
xdut.lo_4_p__t2                              0
xdut.vss__t97                      1.38528e-13
xdut.vss__t137                     6.05773e-11
xdut.vinp__t14                     1.25887e-09
xdut.sel_in__t28                             0
xdut.\$64__t11                            1.65
xdut.vss__t208                     3.10252e-11
xdut.vcm__t28                             1.65
xdut.rel_4_p__t1                           3.3
xdut.\$64__t10                            1.65
xdut.vss__t209                     6.39467e-11
xdut.vref__t22                             3.3
xdut.hi_4_p__t1                              0
xdut.\$64__t9                             1.65
xdut.vss__t210                      9.8856e-11
xdut.vss__t23                      1.71697e-12
xdut.lo_4_p__t1                              0
xdut.\$64__t8                             1.65
xdut.vss__t211                     3.38724e-11
xdut.\$65__t2                              3.3
xdut.sel_in__t49                             0
xdut.vss__t93                      1.98128e-13
xdut.vss__t138                       8.664e-11
xdut.\$67__t2                      1.54069e-09
xdut.rel_2_p__t2                           3.3
xdut.vss__t92                      1.11822e-10
xdut.vss__t139                     4.43369e-20
xdut.\$69__t2                              3.3
xdut.hi_2_p__t2                              0
xdut.vss__t85                      2.07061e-13
xdut.vss__t140                     9.05463e-11
xdut.\$71__t2                              3.3
xdut.lo_2_p__t2                              0
xdut.vss__t84                      2.11531e-13
xdut.vss__t141                      9.2501e-11
xdut.vinp__t10                     1.26489e-09
xdut.sel_in__t23                             0
xdut.\$72__t6                             1.65
xdut.vss__t212                     4.70576e-11
xdut.vcm__t32                             1.65
xdut.rel_2_p__t1                           3.3
xdut.\$72__t7                             1.65
xdut.vss__t213                     9.60289e-11
xdut.vref__t27                             3.3
xdut.hi_2_p__t1                              0
xdut.\$72__t8                             1.65
xdut.vss__t214                     1.47047e-10
xdut.vss__t30                      2.53087e-12
xdut.lo_2_p__t1                              0
xdut.\$72__t9                             1.65
xdut.vss__t215                     4.99292e-11
xdut.\$73__t2                              3.3
xdut.sel_in__t39                             0
xdut.vss__t48                       2.7167e-13
xdut.vss__t142                     1.18799e-10
xdut.\$75__t2                      1.58129e-09
xdut.rel_1_p__t2                           3.3
xdut.vss__t47                      1.52428e-10
xdut.vss__t143                     6.34067e-20
xdut.\$77__t2                              3.3
xdut.hi_1_p__t2                              0
xdut.vss__t43                       2.8065e-13
xdut.vss__t144                     1.22726e-10
xdut.\$79__t2                              3.3
xdut.lo_1_p__t2                              0
xdut.vss__t42                      2.85142e-13
xdut.vss__t145                      1.2469e-10
xdut.vinp__t15                     1.27091e-09
xdut.sel_in__t30                             0
xdut.\$80__t8                             1.65
xdut.vss__t216                     6.31803e-11
xdut.vcm__t34                             1.65
xdut.rel_1_p__t1                           3.3
xdut.\$80__t7                             1.65
xdut.vss__t217                      1.2828e-10
xdut.vref__t28                             3.3
xdut.hi_1_p__t1                              0
xdut.\$80__t6                             1.65
xdut.vss__t218                     1.95476e-10
xdut.vss__t21                      3.34855e-12
xdut.lo_1_p__t1                              0
xdut.\$80__t5                             1.65
xdut.vss__t219                     6.60605e-11
xdut.\$127__t2                             3.3
xdut.sel_in__t53                             0
xdut.vss__t107                     3.24193e-13
xdut.vss__t146                     1.41768e-10
xdut.\$129__t2                     1.60532e-09
xdut.rel_256_n__t2                         3.3
xdut.vss__t108                     1.76452e-10
xdut.vss__t147                     7.54347e-20
xdut.\$92__t2                              3.3
xdut.hi_256_n__t2                            0
xdut.vss__t95                      3.15179e-13
xdut.vss__t148                     1.37826e-10
xdut.\$94__t2                              3.3
xdut.lo_256_n__t2                            0
xdut.vss__t55                      3.10673e-13
xdut.vss__t149                     1.35855e-10
xdut.vinn__t13                            1.65
xdut.sel_in__t29                             0
xdut.\$81__t261                           1.65
xdut.vss__t220                     1.33984e-10
xdut.vcm__t41                             1.65
xdut.rel_256_n__t1                         3.3
xdut.\$81__t263                           1.65
xdut.vss__t221                     1.32064e-10
xdut.vref__t26                             3.3
xdut.hi_256_n__t1                            0
xdut.\$81__t260                           1.65
xdut.vss__t222                     1.95391e-10
xdut.vss__t31                      3.24979e-12
xdut.lo_256_n__t1                            0
xdut.\$81__t262                           1.65
xdut.vss__t223                     6.41122e-11
xdut.\$130__t2                             3.3
xdut.sel_in__t43                             0
xdut.vss__t62                       2.5023e-13
xdut.vss__t150                     1.09424e-10
xdut.\$132__t2                      1.5645e-09
xdut.rel_128_n__t2                         3.3
xdut.vss__t63                      1.35632e-10
xdut.vss__t151                     5.53268e-20
xdut.\$96__t2                              3.3
xdut.hi_128_n__t2                            0
xdut.vss__t64                       2.4123e-13
xdut.vss__t152                     1.05488e-10
xdut.\$98__t2                              3.3
xdut.lo_128_n__t2                            0
xdut.vss__t106                     2.36732e-13
xdut.vss__t153                     1.03521e-10
xdut.vinn__t17                            1.65
xdut.sel_in__t36                             0
xdut.\$83__t135                           1.65
xdut.vss__t224                     1.01723e-10
xdut.vcm__t40                             1.65
xdut.rel_128_n__t1                         3.3
xdut.\$83__t134                           1.65
xdut.vss__t225                     9.98086e-11
xdut.vref__t31                             3.3
xdut.hi_128_n__t1                            0
xdut.\$83__t133                           1.65
xdut.vss__t226                     1.46973e-10
xdut.vss__t33                      2.43259e-12
xdut.lo_128_n__t1                            0
xdut.\$83__t132                           1.65
xdut.vss__t227                     4.79903e-11
xdut.\$133__t2                             3.3
xdut.sel_in__t42                             0
xdut.vss__t56                      1.76448e-13
xdut.vss__t154                     7.71597e-11
xdut.\$135__t2                     1.52378e-09
xdut.rel_64_n__t2                          3.3
xdut.vss__t59                      9.49175e-11
xdut.vss__t155                     3.68642e-20
xdut.\$100__t2                             3.3
xdut.hi_64_n__t2                             0
xdut.vss__t60                      1.67486e-13
xdut.vss__t156                     7.32404e-11
xdut.\$102__t2                             3.3
xdut.lo_64_n__t2                             0
xdut.vss__t61                      1.63007e-13
xdut.vss__t157                      7.1282e-11
xdut.vinn__t14                            1.65
xdut.sel_in__t33                             0
xdut.\$84__t71                            1.65
xdut.vss__t228                     6.96094e-11
xdut.vcm__t36                             1.65
xdut.rel_64_n__t1                          3.3
xdut.\$84__t70                            1.65
xdut.vss__t229                     6.77092e-11
xdut.vref__t25                             3.3
xdut.hi_64_n__t1                             0
xdut.\$84__t68                            1.65
xdut.vss__t230                     9.88044e-11
xdut.vss__t26                      1.61987e-12
xdut.lo_64_n__t1                             0
xdut.\$84__t69                            1.65
xdut.vss__t231                     3.19569e-11
xdut.\$136__t2                             3.3
xdut.sel_in__t47                             0
xdut.vss__t77                      1.03238e-13
xdut.vss__t158                     4.51453e-11
xdut.\$138__t2                     1.48341e-09
xdut.rel_32_n__t2                          3.3
xdut.vss__t78                      5.45477e-11
xdut.vss__t159                     2.01286e-20
xdut.\$104__t2                             3.3
xdut.hi_32_n__t2                             0
xdut.vss__t79                      9.44246e-14
xdut.vss__t160                     4.12912e-11
xdut.\$106__t2                             3.3
xdut.lo_32_n__t2                             0
xdut.vss__t80                      9.00342e-14
xdut.vss__t161                     3.93713e-11
xdut.vinn__t12                            1.65
xdut.sel_in__t27                             0
xdut.\$85__t39                            1.65
xdut.vss__t232                     3.80158e-11
xdut.vcm__t29                             1.65
xdut.rel_32_n__t1                          3.3
xdut.\$85__t37                            1.65
xdut.vss__t233                     3.61834e-11
xdut.vref__t24                             3.3
xdut.hi_32_n__t1                             0
xdut.\$85__t38                            1.65
xdut.vss__t234                     5.15883e-11
xdut.vss__t20                      8.25006e-13
xdut.lo_32_n__t1                             0
xdut.\$85__t36                            1.65
xdut.vss__t235                     1.62758e-11
xdut.\$139__t2                             3.3
xdut.sel_in__t44                             0
xdut.vss__t66                       3.4458e-14
xdut.vss__t162                     1.50682e-11
xdut.\$141__t2                     1.44602e-09
xdut.rel_16_n__t2                          3.3
xdut.vss__t81                      1.71559e-11
xdut.vss__t163                     6.02286e-21
xdut.\$108__t2                             3.3
xdut.hi_16_n__t2                             0
xdut.vss__t68                      2.80296e-14
xdut.vss__t164                     1.22571e-11
xdut.\$110__t2                             3.3
xdut.lo_16_n__t2                             0
xdut.vss__t69                      2.54172e-14
xdut.vss__t165                     1.11148e-11
xdut.vinn__t9                             1.65
xdut.sel_in__t20                             0
xdut.\$86__t22                            1.65
xdut.vss__t236                     1.21182e-11
xdut.vcm__t23                             1.65
xdut.rel_16_n__t1                          3.3
xdut.\$86__t20                            1.65
xdut.vss__t237                     1.16557e-11
xdut.vref__t18                             3.3
xdut.hi_16_n__t1                             0
xdut.\$86__t21                            1.65
xdut.vss__t238                     1.72682e-11
xdut.vss__t27                      2.95739e-13
xdut.lo_16_n__t1                             0
xdut.\$86__t23                            1.65
xdut.vss__t239                     5.83436e-12
xdut.\$142__t2                             3.3
xdut.sel_in__t48                             0
xdut.vss__t82                      5.21702e-14
xdut.vss__t166                     2.28137e-11
xdut.\$144__t2                     1.45994e-09
xdut.rel_8_n__t2                           3.3
xdut.vss__t91                      3.10799e-11
xdut.vss__t167                     1.11188e-20
xdut.\$112__t2                             3.3
xdut.hi_8_n__t2                              0
xdut.vss__t90                      6.05018e-14
xdut.vss__t168                      2.6457e-11
xdut.\$114__t2                             3.3
xdut.lo_8_n__t2                              0
xdut.vss__t89                      6.47384e-14
xdut.vss__t169                     2.83096e-11
xdut.vinn__t16                            1.65
xdut.sel_in__t35                             0
xdut.\$87__t15                            1.65
xdut.vss__t240                     3.08288e-11
xdut.vcm__t39                             1.65
xdut.rel_8_n__t1                           3.3
xdut.\$87__t14                            1.65
xdut.vss__t241                      3.2625e-11
xdut.vref__t35                             3.3
xdut.hi_8_n__t1                              0
xdut.\$87__t13                            1.65
xdut.vss__t242                     5.16994e-11
xdut.vss__t36                      9.18942e-13
xdut.lo_8_n__t1                              0
xdut.\$87__t12                            1.65
xdut.vss__t243                      1.8129e-11
xdut.\$145__t2                             3.3
xdut.sel_in__t41                             0
xdut.vss__t54                      1.23536e-13
xdut.vss__t170                     5.40216e-11
xdut.\$147__t2                     1.49951e-09
xdut.rel_4_n__t2                           3.3
xdut.vss__t88                      7.06425e-11
xdut.vss__t171                     2.66134e-20
xdut.\$116__t2                             3.3
xdut.hi_4_n__t2                              0
xdut.vss__t87                       1.3244e-13
xdut.vss__t172                     5.79152e-11
xdut.\$118__t2                             3.3
xdut.lo_4_n__t2                              0
xdut.vss__t86                      1.36899e-13
xdut.vss__t173                     5.98648e-11
xdut.vinn__t10                            1.65
xdut.sel_in__t21                             0
xdut.\$88__t11                            1.65
xdut.vss__t244                     6.20959e-11
xdut.vcm__t25                             1.65
xdut.rel_4_n__t1                           3.3
xdut.\$88__t10                            1.65
xdut.vss__t245                      6.3991e-11
xdut.vref__t19                             3.3
xdut.hi_4_n__t1                              0
xdut.\$88__t9                             1.65
xdut.vss__t246                     9.89205e-11
xdut.vss__t19                      1.71803e-12
xdut.lo_4_n__t1                              0
xdut.\$88__t8                             1.65
xdut.vss__t247                     3.38934e-11
xdut.\$148__t2                             3.3
xdut.sel_in__t37                             0
xdut.vss__t37                      1.96992e-13
xdut.vss__t174                     8.61433e-11
xdut.\$150__t2                     1.54007e-09
xdut.rel_2_n__t2                           3.3
xdut.vss__t53                      1.11209e-10
xdut.vss__t175                     4.40611e-20
xdut.\$120__t2                             3.3
xdut.hi_2_n__t2                              0
xdut.vss__t40                      2.05975e-13
xdut.vss__t176                     9.00713e-11
xdut.\$122__t2                             3.3
xdut.lo_2_n__t2                              0
xdut.vss__t39                      2.10467e-13
xdut.vss__t177                      9.2036e-11
xdut.vinn__t11                            1.65
xdut.sel_in__t22                             0
xdut.\$89__t6                             1.65
xdut.vss__t248                     9.41451e-11
xdut.vcm__t38                             1.65
xdut.rel_2_n__t1                           3.3
xdut.\$89__t9                             1.65
xdut.vss__t249                     9.60584e-11
xdut.vref__t34                             3.3
xdut.hi_2_n__t1                              0
xdut.\$89__t8                             1.65
xdut.vss__t250                      1.4709e-10
xdut.vss__t35                      2.53159e-12
xdut.lo_2_n__t1                              0
xdut.\$89__t7                             1.65
xdut.vss__t251                     4.99434e-11
xdut.\$151__t2                             3.3
xdut.sel_in__t40                             0
xdut.vss__t49                      2.70843e-13
xdut.vss__t178                     1.18438e-10
xdut.\$153__t2                     1.58084e-09
xdut.rel_1_n__t2                           3.3
xdut.vss__t50                      1.51978e-10
xdut.vss__t179                     6.31871e-20
xdut.\$124__t2                             3.3
xdut.hi_1_n__t2                              0
xdut.vss__t51                       2.7985e-13
xdut.vss__t180                     1.22376e-10
xdut.\$126__t2                             3.3
xdut.lo_1_n__t2                              0
xdut.vss__t52                      2.84354e-13
xdut.vss__t181                     1.24346e-10
xdut.vinn__t15                            1.65
xdut.sel_in__t34                             0
xdut.\$90__t8                             1.65
xdut.vss__t252                     1.26383e-10
xdut.vcm__t37                             1.65
xdut.rel_1_n__t1                           3.3
xdut.\$90__t7                             1.65
xdut.vss__t253                     1.28302e-10
xdut.vref__t33                             3.3
xdut.hi_1_n__t1                              0
xdut.\$90__t6                             1.65
xdut.vss__t254                     1.95508e-10
xdut.vss__t34                      3.34909e-12
xdut.lo_1_n__t1                              0
xdut.\$90__t5                             1.65
xdut.vss__t255                     6.60712e-11
xdut.\$157__t2                             3.3
xdut.tp_gn__t4                               0
xdut.vss__t57                       3.6222e-13
xdut.vss__t182                     1.58396e-10
xdut.vcm__t24                             1.65
xdut.tp_gn__t3                               0
xdut.topp__t513                        2.80965
xdut.vss__t256                     2.17075e-10
xdut.\$158__t2                             3.3
xdut.tp_gn__t5                               0
xdut.vss__t58                      3.82423e-13
xdut.vss__t183                     1.67231e-10
xdut.vcm__t22                             1.65
xdut.tp_gn__t2                               0
xdut.topn__t513                        1.38243
xdut.vss__t257                       1.557e-10
xdut.\$5__t1                               3.3
xdut.sel_in__t2                              0
xdut.vdd__t0                               3.3
xdut.vdd__t1                               3.3
xdut.\$7__t1                       2.28218e-09
xdut.rel_256_p__t0                         3.3
xdut.vdd__t209                             3.3
xdut.vdd__t136                             3.3
xdut.\$9__t1                               3.3
xdut.hi_256_p__t0                            0
xdut.vdd__t208                             3.3
xdut.vdd__t135                             3.3
xdut.\$11__t1                              3.3
xdut.lo_256_p__t0                            0
xdut.vdd__t218                             3.3
xdut.vdd__t145                             3.3
xdut.vinp__t1                      2.72312e-09
xdut.\$5__t2                               3.3
xdut.\$12__t1                             1.65
xdut.vdd__t2                               3.3
xdut.vcm__t21                             1.65
xdut.\$7__t0                       2.16216e-09
xdut.\$12__t260                           1.65
xdut.vdd__t74                              3.3
xdut.vref__t3                              3.3
xdut.\$9__t0                               3.3
xdut.\$12__t258                           1.65
xdut.vdd__t13                              3.3
xdut.vss__t5                       1.85095e-10
xdut.\$11__t0                              3.3
xdut.\$12__t259                           1.65
xdut.vdd__t22                              3.3
xdut.\$17__t1                              3.3
xdut.sel_in__t19                             0
xdut.vdd__t220                             3.3
xdut.vdd__t147                             3.3
xdut.\$19__t1                      2.24147e-09
xdut.rel_128_p__t0                         3.3
xdut.vdd__t219                             3.3
xdut.vdd__t146                             3.3
xdut.\$21__t1                              3.3
xdut.hi_128_p__t0                            0
xdut.vdd__t206                             3.3
xdut.vdd__t133                             3.3
xdut.\$23__t1                              3.3
xdut.lo_128_p__t0                            0
xdut.vdd__t207                             3.3
xdut.vdd__t134                             3.3
xdut.vinp__t6                      2.32993e-09
xdut.\$17__t0                              3.3
xdut.\$24__t131                           1.65
xdut.vdd__t43                              3.3
xdut.vcm__t6                              1.65
xdut.\$19__t0                      2.12146e-09
xdut.\$24__t130                           1.65
xdut.vdd__t17                              3.3
xdut.vref__t4                              3.3
xdut.\$21__t0                              3.3
xdut.\$24__t129                           1.65
xdut.vdd__t16                              3.3
xdut.vss__t2                       1.31602e-10
xdut.\$23__t0                              3.3
xdut.\$24__t128                           1.65
xdut.vdd__t15                              3.3
xdut.\$25__t1                              3.3
xdut.sel_in__t16                             0
xdut.vdd__t210                             3.3
xdut.vdd__t137                             3.3
xdut.\$27__t1                      2.20097e-09
xdut.rel_64_p__t0                          3.3
xdut.vdd__t201                             3.3
xdut.vdd__t128                             3.3
xdut.\$29__t1                              3.3
xdut.hi_64_p__t0                             0
xdut.vdd__t217                             3.3
xdut.vdd__t144                             3.3
xdut.\$31__t1                              3.3
xdut.lo_64_p__t0                             0
xdut.vdd__t151                             3.3
xdut.vdd__t78                              3.3
xdut.vinp__t9                       1.9368e-09
xdut.\$25__t0                              3.3
xdut.\$32__t67                            1.65
xdut.vdd__t75                              3.3
xdut.vcm__t18                             1.65
xdut.\$27__t0                      2.08096e-09
xdut.\$32__t66                            1.65
xdut.vdd__t66                              3.3
xdut.vref__t15                             3.3
xdut.\$29__t0                              3.3
xdut.\$32__t65                            1.65
xdut.vdd__t64                              3.3
xdut.vss__t4                        7.8368e-11
xdut.\$31__t0                              3.3
xdut.\$32__t64                            1.65
xdut.vdd__t19                              3.3
xdut.\$33__t1                              3.3
xdut.sel_in__t4                              0
xdut.vdd__t156                             3.3
xdut.vdd__t83                              3.3
xdut.\$35__t1                      2.16113e-09
xdut.rel_32_p__t0                          3.3
xdut.vdd__t158                             3.3
xdut.vdd__t85                              3.3
xdut.\$37__t1                              3.3
xdut.hi_32_p__t0                             0
xdut.vdd__t160                             3.3
xdut.vdd__t87                              3.3
xdut.\$39__t1                              3.3
xdut.lo_32_p__t0                             0
xdut.vdd__t161                             3.3
xdut.vdd__t88                              3.3
xdut.vinp__t3                      1.54396e-09
xdut.\$33__t0                              3.3
xdut.\$40__t32                            1.65
xdut.vdd__t11                              3.3
xdut.vcm__t13                             1.65
xdut.\$35__t0                      2.04111e-09
xdut.\$40__t33                            1.65
xdut.vdd__t44                              3.3
xdut.vref__t10                             3.3
xdut.\$37__t0                              3.3
xdut.\$40__t34                            1.65
xdut.vdd__t45                              3.3
xdut.vss__t12                      2.69747e-11
xdut.\$39__t0                              3.3
xdut.\$40__t35                            1.65
xdut.vdd__t46                              3.3
xdut.\$41__t1                              3.3
xdut.sel_in__t18                             0
xdut.vdd__t215                             3.3
xdut.vdd__t142                             3.3
xdut.\$43__t1                       2.1261e-09
xdut.rel_16_p__t0                          3.3
xdut.vdd__t216                             3.3
xdut.vdd__t143                             3.3
xdut.\$45__t1                              3.3
xdut.hi_16_p__t0                             0
xdut.vdd__t154                             3.3
xdut.vdd__t81                              3.3
xdut.\$47__t1                              3.3
xdut.lo_16_p__t0                             0
xdut.vdd__t155                             3.3
xdut.vdd__t82                              3.3
xdut.vinp__t7                      1.34872e-09
xdut.\$41__t0                              3.3
xdut.\$48__t19                            1.65
xdut.vdd__t47                              3.3
xdut.vcm__t4                              1.65
xdut.\$43__t0                      2.00608e-09
xdut.\$48__t16                            1.65
xdut.vdd__t5                               3.3
xdut.vref__t2                              3.3
xdut.\$45__t0                              3.3
xdut.\$48__t17                            1.65
xdut.vdd__t12                              3.3
xdut.vss__t6                       3.28221e-11
xdut.\$47__t0                              3.3
xdut.\$48__t18                            1.65
xdut.vdd__t23                              3.3
xdut.\$49__t1                              3.3
xdut.sel_in__t14                             0
xdut.vdd__t198                             3.3
xdut.vdd__t125                             3.3
xdut.\$51__t1                      2.13854e-09
xdut.rel_8_p__t0                           3.3
xdut.vdd__t199                             3.3
xdut.vdd__t126                             3.3
xdut.\$53__t1                              3.3
xdut.hi_8_p__t0                              0
xdut.vdd__t191                             3.3
xdut.vdd__t118                             3.3
xdut.\$55__t1                              3.3
xdut.lo_8_p__t0                              0
xdut.vdd__t167                             3.3
xdut.vdd__t94                              3.3
xdut.vinp__t4                       1.7403e-09
xdut.\$49__t0                              3.3
xdut.\$56__t8                             1.65
xdut.vdd__t14                              3.3
xdut.vcm__t12                             1.65
xdut.\$51__t0                      2.01853e-09
xdut.\$56__t9                             1.65
xdut.vdd__t38                              3.3
xdut.vref__t9                              3.3
xdut.\$53__t0                              3.3
xdut.\$56__t10                            1.65
xdut.vdd__t39                              3.3
xdut.vss__t11                      8.47968e-11
xdut.\$55__t0                              3.3
xdut.\$56__t11                            1.65
xdut.vdd__t40                              3.3
xdut.\$57__t1                              3.3
xdut.sel_in__t11                             0
xdut.vdd__t186                             3.3
xdut.vdd__t113                             3.3
xdut.\$59__t1                      2.17694e-09
xdut.rel_4_p__t0                           3.3
xdut.vdd__t187                             3.3
xdut.vdd__t114                             3.3
xdut.\$61__t1                              3.3
xdut.hi_4_p__t0                              0
xdut.vdd__t188                             3.3
xdut.vdd__t115                             3.3
xdut.\$63__t1                              3.3
xdut.lo_4_p__t0                              0
xdut.vdd__t189                             3.3
xdut.vdd__t116                             3.3
xdut.vinp__t2                      2.13335e-09
xdut.\$57__t0                              3.3
xdut.\$64__t4                             1.65
xdut.vdd__t7                               3.3
xdut.vcm__t5                              1.65
xdut.\$59__t0                      2.05692e-09
xdut.\$64__t5                             1.65
xdut.vdd__t8                               3.3
xdut.vref__t1                              3.3
xdut.\$61__t0                              3.3
xdut.\$64__t6                             1.65
xdut.vdd__t9                               3.3
xdut.vss__t1                       1.38084e-10
xdut.\$63__t0                              3.3
xdut.\$64__t7                             1.65
xdut.vdd__t10                              3.3
xdut.\$65__t1                              3.3
xdut.sel_in__t10                             0
xdut.vdd__t183                             3.3
xdut.vdd__t110                             3.3
xdut.\$67__t1                      2.21716e-09
xdut.rel_2_p__t0                           3.3
xdut.vdd__t179                             3.3
xdut.vdd__t106                             3.3
xdut.\$69__t1                              3.3
xdut.hi_2_p__t0                              0
xdut.vdd__t180                             3.3
xdut.vdd__t107                             3.3
xdut.\$71__t1                              3.3
xdut.lo_2_p__t0                              0
xdut.vdd__t181                             3.3
xdut.vdd__t108                             3.3
xdut.vinp__t8                      2.52652e-09
xdut.\$65__t0                              3.3
xdut.\$72__t2                             1.65
xdut.vdd__t48                              3.3
xdut.vcm__t14                             1.65
xdut.\$67__t0                      2.09714e-09
xdut.\$72__t3                             1.65
xdut.vdd__t49                              3.3
xdut.vref__t11                             3.3
xdut.\$69__t0                              3.3
xdut.\$72__t4                             1.65
xdut.vdd__t50                              3.3
xdut.vss__t13                      1.91592e-10
xdut.\$71__t0                              3.3
xdut.\$72__t5                             1.65
xdut.vdd__t51                              3.3
xdut.\$73__t1                              3.3
xdut.sel_in__t9                              0
xdut.vdd__t182                             3.3
xdut.vdd__t109                             3.3
xdut.\$75__t1                      2.25777e-09
xdut.rel_1_p__t0                           3.3
xdut.vdd__t202                             3.3
xdut.vdd__t129                             3.3
xdut.\$77__t1                              3.3
xdut.hi_1_p__t0                              0
xdut.vdd__t168                             3.3
xdut.vdd__t95                              3.3
xdut.\$79__t1                              3.3
xdut.lo_1_p__t0                              0
xdut.vdd__t169                             3.3
xdut.vdd__t96                              3.3
xdut.vinp__t5                      2.91972e-09
xdut.\$73__t0                              3.3
xdut.\$80__t1                             1.65
xdut.vdd__t20                              3.3
xdut.vcm__t7                              1.65
xdut.\$75__t0                      2.13775e-09
xdut.\$80__t2                             1.65
xdut.vdd__t21                              3.3
xdut.vref__t12                             3.3
xdut.\$77__t0                              3.3
xdut.\$80__t3                             1.65
xdut.vdd__t52                              3.3
xdut.vss__t16                      2.45176e-10
xdut.\$79__t0                              3.3
xdut.\$80__t4                             1.65
xdut.vdd__t63                              3.3
xdut.\$127__t1                             3.3
xdut.sel_in__t17                             0
xdut.vdd__t214                             3.3
xdut.vdd__t141                             3.3
xdut.\$129__t1                     2.28179e-09
xdut.rel_256_n__t0                         3.3
xdut.vdd__t213                             3.3
xdut.vdd__t140                             3.3
xdut.\$92__t1                              3.3
xdut.hi_256_n__t0                            0
xdut.vdd__t212                             3.3
xdut.vdd__t139                             3.3
xdut.\$94__t1                              3.3
xdut.lo_256_n__t0                            0
xdut.vdd__t211                             3.3
xdut.vdd__t138                             3.3
xdut.vinn__t7                             1.65
xdut.\$127__t0                             3.3
xdut.\$81__t256                           1.65
xdut.vdd__t65                              3.3
xdut.vcm__t19                             1.65
xdut.\$129__t0                     2.16177e-09
xdut.\$81__t257                           1.65
xdut.vdd__t67                              3.3
xdut.vref__t16                             3.3
xdut.\$92__t0                              3.3
xdut.\$81__t258                           1.65
xdut.vdd__t68                              3.3
xdut.vss__t17                      1.86261e-10
xdut.\$94__t0                              3.3
xdut.\$81__t259                           1.65
xdut.vdd__t69                              3.3
xdut.\$130__t1                             3.3
xdut.sel_in__t15                             0
xdut.vdd__t205                             3.3
xdut.vdd__t132                             3.3
xdut.\$132__t1                     2.24097e-09
xdut.rel_128_n__t0                         3.3
xdut.vdd__t204                             3.3
xdut.vdd__t131                             3.3
xdut.\$96__t1                              3.3
xdut.hi_128_n__t0                            0
xdut.vdd__t203                             3.3
xdut.vdd__t130                             3.3
xdut.\$98__t1                              3.3
xdut.lo_128_n__t0                            0
xdut.vdd__t221                             3.3
xdut.vdd__t148                             3.3
xdut.vinn__t8                             1.65
xdut.\$130__t0                             3.3
xdut.\$83__t128                           1.65
xdut.vdd__t70                              3.3
xdut.vcm__t20                             1.65
xdut.\$132__t0                     2.12095e-09
xdut.\$83__t129                           1.65
xdut.vdd__t71                              3.3
xdut.vref__t17                             3.3
xdut.\$96__t0                              3.3
xdut.\$83__t130                           1.65
xdut.vdd__t72                              3.3
xdut.vss__t18                      1.33237e-10
xdut.\$98__t0                              3.3
xdut.\$83__t131                           1.65
xdut.vdd__t73                              3.3
xdut.\$133__t1                             3.3
xdut.sel_in__t7                              0
xdut.vdd__t174                             3.3
xdut.vdd__t101                             3.3
xdut.\$135__t1                     2.20026e-09
xdut.rel_64_n__t0                          3.3
xdut.vdd__t153                             3.3
xdut.vdd__t80                              3.3
xdut.\$100__t1                             3.3
xdut.hi_64_n__t0                             0
xdut.vdd__t159                             3.3
xdut.vdd__t86                              3.3
xdut.\$102__t1                             3.3
xdut.lo_64_n__t0                             0
xdut.vdd__t162                             3.3
xdut.vdd__t89                              3.3
xdut.vinn__t6                             1.65
xdut.\$133__t0                             3.3
xdut.\$84__t67                            1.65
xdut.vdd__t61                              3.3
xdut.vcm__t16                             1.65
xdut.\$135__t0                     2.08024e-09
xdut.\$84__t66                            1.65
xdut.vdd__t60                              3.3
xdut.vref__t14                             3.3
xdut.\$100__t0                             3.3
xdut.\$84__t65                            1.65
xdut.vdd__t59                              3.3
xdut.vss__t15                      8.10842e-11
xdut.\$102__t0                             3.3
xdut.\$84__t64                            1.65
xdut.vdd__t58                              3.3
xdut.\$136__t1                             3.3
xdut.sel_in__t3                              0
xdut.vdd__t149                             3.3
xdut.vdd__t76                              3.3
xdut.\$138__t1                     2.15989e-09
xdut.rel_32_n__t0                          3.3
xdut.vdd__t152                             3.3
xdut.vdd__t79                              3.3
xdut.\$104__t1                             3.3
xdut.hi_32_n__t0                             0
xdut.vdd__t150                             3.3
xdut.vdd__t77                              3.3
xdut.\$106__t1                             3.3
xdut.lo_32_n__t0                             0
xdut.vdd__t166                             3.3
xdut.vdd__t93                              3.3
xdut.vinn__t5                             1.65
xdut.\$136__t0                             3.3
xdut.\$85__t35                            1.65
xdut.vdd__t57                              3.3
xdut.vcm__t15                             1.65
xdut.\$138__t0                     2.03987e-09
xdut.\$85__t34                            1.65
xdut.vdd__t56                              3.3
xdut.vref__t13                             3.3
xdut.\$104__t0                             3.3
xdut.\$85__t33                            1.65
xdut.vdd__t55                              3.3
xdut.vss__t14                      3.40697e-11
xdut.\$106__t0                             3.3
xdut.\$85__t32                            1.65
xdut.vdd__t54                              3.3
xdut.\$139__t1                             3.3
xdut.sel_in__t5                              0
xdut.vdd__t165                             3.3
xdut.vdd__t92                              3.3
xdut.\$141__t1                     2.12249e-09
xdut.rel_16_n__t0                          3.3
xdut.vdd__t164                             3.3
xdut.vdd__t91                              3.3
xdut.\$108__t1                             3.3
xdut.hi_16_n__t0                             0
xdut.vdd__t163                             3.3
xdut.vdd__t90                              3.3
xdut.\$110__t1                             3.3
xdut.lo_16_n__t0                             0
xdut.vdd__t157                             3.3
xdut.vdd__t84                              3.3
xdut.vinn__t4                             1.65
xdut.\$139__t0                             3.3
xdut.\$86__t18                            1.65
xdut.vdd__t53                              3.3
xdut.vcm__t17                             1.65
xdut.\$141__t0                     2.00248e-09
xdut.\$86__t19                            1.65
xdut.vdd__t62                              3.3
xdut.vref__t0                              3.3
xdut.\$108__t0                             3.3
xdut.\$86__t16                            1.65
xdut.vdd__t6                               3.3
xdut.vss__t9                       3.88639e-11
xdut.\$110__t0                             3.3
xdut.\$86__t17                            1.65
xdut.vdd__t32                              3.3
xdut.\$142__t1                             3.3
xdut.sel_in__t12                             0
xdut.vdd__t190                             3.3
xdut.vdd__t117                             3.3
xdut.\$144__t1                     2.13642e-09
xdut.rel_8_n__t0                           3.3
xdut.vdd__t200                             3.3
xdut.vdd__t127                             3.3
xdut.\$112__t1                             3.3
xdut.hi_8_n__t0                              0
xdut.vdd__t192                             3.3
xdut.vdd__t119                             3.3
xdut.\$114__t1                             3.3
xdut.lo_8_n__t0                              0
xdut.vdd__t193                             3.3
xdut.vdd__t120                             3.3
xdut.vinn__t2                             1.65
xdut.\$142__t0                             3.3
xdut.\$87__t11                            1.65
xdut.vdd__t41                              3.3
xdut.vcm__t11                             1.65
xdut.\$144__t0                      2.0164e-09
xdut.\$87__t10                            1.65
xdut.vdd__t37                              3.3
xdut.vref__t8                              3.3
xdut.\$112__t0                             3.3
xdut.\$87__t9                             1.65
xdut.vdd__t36                              3.3
xdut.vss__t3                       8.73133e-11
xdut.\$114__t0                             3.3
xdut.\$87__t8                             1.65
xdut.vdd__t18                              3.3
xdut.\$145__t1                             3.3
xdut.sel_in__t13                             0
xdut.vdd__t194                             3.3
xdut.vdd__t121                             3.3
xdut.\$147__t1                     2.17598e-09
xdut.rel_4_n__t0                           3.3
xdut.vdd__t195                             3.3
xdut.vdd__t122                             3.3
xdut.\$116__t1                             3.3
xdut.hi_4_n__t0                              0
xdut.vdd__t196                             3.3
xdut.vdd__t123                             3.3
xdut.\$118__t1                             3.3
xdut.lo_4_n__t0                              0
xdut.vdd__t197                             3.3
xdut.vdd__t124                             3.3
xdut.vinn__t0                             1.65
xdut.\$145__t0                             3.3
xdut.\$88__t4                             1.65
xdut.vdd__t24                              3.3
xdut.vcm__t8                              1.65
xdut.\$147__t0                     2.05596e-09
xdut.\$88__t5                             1.65
xdut.vdd__t25                              3.3
xdut.vref__t5                              3.3
xdut.\$116__t0                             3.3
xdut.\$88__t6                             1.65
xdut.vdd__t26                              3.3
xdut.vss__t7                       1.39644e-10
xdut.\$118__t0                             3.3
xdut.\$88__t7                             1.65
xdut.vdd__t27                              3.3
xdut.\$148__t1                             3.3
xdut.sel_in__t6                              0
xdut.vdd__t170                             3.3
xdut.vdd__t97                              3.3
xdut.\$150__t1                     2.21655e-09
xdut.rel_2_n__t0                           3.3
xdut.vdd__t171                             3.3
xdut.vdd__t98                              3.3
xdut.\$120__t1                             3.3
xdut.hi_2_n__t0                              0
xdut.vdd__t172                             3.3
xdut.vdd__t99                              3.3
xdut.\$122__t1                             3.3
xdut.lo_2_n__t0                              0
xdut.vdd__t173                             3.3
xdut.vdd__t100                             3.3
xdut.vinn__t1                             1.65
xdut.\$148__t0                             3.3
xdut.\$89__t2                             1.65
xdut.vdd__t28                              3.3
xdut.vcm__t9                              1.65
xdut.\$150__t0                     2.09653e-09
xdut.\$89__t3                             1.65
xdut.vdd__t29                              3.3
xdut.vref__t6                              3.3
xdut.\$120__t0                             3.3
xdut.\$89__t4                             1.65
xdut.vdd__t30                              3.3
xdut.vss__t8                       1.92719e-10
xdut.\$122__t0                             3.3
xdut.\$89__t5                             1.65
xdut.vdd__t31                              3.3
xdut.\$151__t1                             3.3
xdut.sel_in__t8                              0
xdut.vdd__t175                             3.3
xdut.vdd__t102                             3.3
xdut.\$153__t1                     2.25732e-09
xdut.rel_1_n__t0                           3.3
xdut.vdd__t176                             3.3
xdut.vdd__t103                             3.3
xdut.\$124__t1                             3.3
xdut.hi_1_n__t0                              0
xdut.vdd__t177                             3.3
xdut.vdd__t104                             3.3
xdut.\$126__t1                             3.3
xdut.lo_1_n__t0                              0
xdut.vdd__t178                             3.3
xdut.vdd__t105                             3.3
xdut.vinn__t3                             1.65
xdut.\$151__t0                             3.3
xdut.\$90__t4                             1.65
xdut.vdd__t42                              3.3
xdut.vcm__t10                             1.65
xdut.\$153__t0                      2.1373e-09
xdut.\$90__t1                             1.65
xdut.vdd__t33                              3.3
xdut.vref__t7                              3.3
xdut.\$124__t0                             3.3
xdut.\$90__t2                             1.65
xdut.vdd__t34                              3.3
xdut.vss__t10                      2.46058e-10
xdut.\$126__t0                             3.3
xdut.\$90__t3                             1.65
xdut.vdd__t35                              3.3
xdut.\$157__t1                             3.3
xdut.tp_gn__t0                               0
xdut.vdd__t184                             3.3
xdut.vdd__t111                             3.3
xdut.vcm__t3                              1.65
xdut.\$157__t0                             3.3
xdut.topp__t512                        2.80965
xdut.vdd__t4                               3.3
xdut.\$158__t1                             3.3
xdut.tp_gn__t1                               0
xdut.vdd__t185                             3.3
xdut.vdd__t112                             3.3
xdut.vcm__t2                              1.65
xdut.\$158__t0                             3.3
xdut.topn__t512                        1.38243
xdut.vdd__t3                               3.3
xdut.\$12__t248                           1.65
xdut.topp__t0                          2.80965
xdut.\$72__t1                             1.65
xdut.topp__t494                        2.80965
xdut.\$12__t247                           1.65
xdut.topp__t493                        2.80965
xdut.\$64__t3                             1.65
xdut.topp__t492                        2.80965
xdut.\$12__t246                           1.65
xdut.topp__t491                        2.80965
xdut.\$56__t7                             1.65
xdut.topp__t490                        2.80965
xdut.\$12__t245                           1.65
xdut.topp__t489                        2.80965
xdut.\$56__t6                             1.65
xdut.topp__t488                        2.80965
xdut.\$12__t244                           1.65
xdut.topp__t487                        2.80965
xdut.\$48__t15                            1.65
xdut.topp__t486                        2.80965
xdut.\$12__t243                           1.65
xdut.topp__t485                        2.80965
xdut.\$48__t14                            1.65
xdut.topp__t484                        2.80965
xdut.\$12__t242                           1.65
xdut.topp__t483                        2.80965
xdut.\$48__t13                            1.65
xdut.topp__t482                        2.80965
xdut.\$12__t249                           1.65
xdut.topp__t496                        2.80965
xdut.\$48__t12                            1.65
xdut.topp__t450                        2.80965
xdut.\$12__t257                           1.65
xdut.topp__t511                        2.80965
xdut.\$40__t30                            1.65
xdut.topp__t495                        2.80965
xdut.\$12__t198                           1.65
xdut.topp__t392                        2.80965
xdut.\$40__t27                            1.65
xdut.topp__t476                        2.80965
xdut.\$12__t233                           1.65
xdut.topp__t462                        2.80965
xdut.\$40__t25                            1.65
xdut.topp__t461                        2.80965
xdut.\$12__t232                           1.65
xdut.topp__t460                        2.80965
xdut.\$40__t24                            1.65
xdut.topp__t459                        2.80965
xdut.\$12__t231                           1.65
xdut.topp__t458                        2.80965
xdut.\$40__t26                            1.65
xdut.topp__t471                        2.80965
xdut.\$12__t256                           1.65
xdut.topp__t510                        2.80965
xdut.\$40__t31                            1.65
xdut.topp__t497                        2.80965
xdut.\$12__t241                           1.65
xdut.topp__t480                        2.80965
xdut.\$40__t29                            1.65
xdut.topp__t479                        2.80965
xdut.\$12__t240                           1.65
xdut.topp__t478                        2.80965
xdut.\$40__t28                            1.65
xdut.topp__t477                        2.80965
xdut.\$81__t252                           1.65
xdut.topn__t506                        1.38243
xdut.\$89__t1                             1.65
xdut.topn__t505                        1.38243
xdut.\$81__t173                           1.65
xdut.topn__t346                        1.38243
xdut.\$88__t3                             1.65
xdut.topn__t345                        1.38243
xdut.\$81__t172                           1.65
xdut.topn__t344                        1.38243
xdut.\$87__t7                             1.65
xdut.topn__t343                        1.38243
xdut.\$81__t171                           1.65
xdut.topn__t342                        1.38243
xdut.\$87__t6                             1.65
xdut.topn__t341                        1.38243
xdut.\$81__t170                           1.65
xdut.topn__t340                        1.38243
xdut.\$86__t9                             1.65
xdut.topn__t339                        1.38243
xdut.\$81__t169                           1.65
xdut.topn__t338                        1.38243
xdut.\$86__t12                            1.65
xdut.topn__t385                        1.38243
xdut.\$81__t199                           1.65
xdut.topn__t400                        1.38243
xdut.\$86__t7                             1.65
xdut.topn__t211                        1.38243
xdut.\$81__t176                           1.65
xdut.topn__t352                        1.38243
xdut.\$86__t10                            1.65
xdut.topn__t351                        1.38243
xdut.\$81__t175                           1.65
xdut.topn__t350                        1.38243
xdut.\$85__t22                            1.65
xdut.topn__t349                        1.38243
xdut.\$81__t174                           1.65
xdut.topn__t348                        1.38243
xdut.\$85__t21                            1.65
xdut.topn__t347                        1.38243
xdut.\$81__t137                           1.65
xdut.topn__t277                        1.38243
xdut.\$85__t15                            1.65
xdut.topn__t214                        1.38243
xdut.\$81__t113                           1.65
xdut.topn__t230                        1.38243
xdut.\$85__t19                            1.65
xdut.topn__t229                        1.38243
xdut.\$81__t112                           1.65
xdut.topn__t228                        1.38243
xdut.\$85__t18                            1.65
xdut.topn__t227                        1.38243
xdut.\$81__t111                           1.65
xdut.topn__t226                        1.38243
xdut.\$85__t20                            1.65
xdut.topn__t241                        1.38243
xdut.\$81__t109                           1.65
xdut.topn__t224                        1.38243
xdut.\$85__t17                            1.65
xdut.topn__t218                        1.38243
xdut.\$81__t105                           1.65
xdut.topn__t216                        1.38243
xdut.\$85__t16                            1.65
xdut.topn__t215                        1.38243
xdut.\$12__t229                           1.65
xdut.topp__t456                        2.80965
xdut.\$32__t50                            1.65
xdut.topp__t455                        2.80965
xdut.\$12__t228                           1.65
xdut.topp__t454                        2.80965
xdut.\$32__t49                            1.65
xdut.topp__t453                        2.80965
xdut.\$12__t227                           1.65
xdut.topp__t452                        2.80965
xdut.\$32__t48                            1.65
xdut.topp__t451                        2.80965
xdut.\$12__t250                           1.65
xdut.topp__t498                        2.80965
xdut.\$32__t58                            1.65
xdut.topp__t499                        2.80965
xdut.\$12__t251                           1.65
xdut.topp__t500                        2.80965
xdut.\$32__t59                            1.65
xdut.topp__t501                        2.80965
xdut.\$12__t252                           1.65
xdut.topp__t502                        2.80965
xdut.\$32__t60                            1.65
xdut.topp__t503                        2.80965
xdut.\$12__t253                           1.65
xdut.topp__t504                        2.80965
xdut.\$32__t61                            1.65
xdut.topp__t505                        2.80965
xdut.\$12__t254                           1.65
xdut.topp__t506                        2.80965
xdut.\$32__t62                            1.65
xdut.topp__t507                        2.80965
xdut.\$12__t255                           1.65
xdut.topp__t508                        2.80965
xdut.\$32__t63                            1.65
xdut.topp__t509                        2.80965
xdut.\$12__t197                           1.65
xdut.topp__t391                        2.80965
xdut.\$32__t56                            1.65
xdut.topp__t475                        2.80965
xdut.\$12__t239                           1.65
xdut.topp__t474                        2.80965
xdut.\$32__t55                            1.65
xdut.topp__t473                        2.80965
xdut.\$12__t238                           1.65
xdut.topp__t472                        2.80965
xdut.\$32__t57                            1.65
xdut.topp__t481                        2.80965
xdut.\$12__t237                           1.65
xdut.topp__t470                        2.80965
xdut.\$32__t54                            1.65
xdut.topp__t469                        2.80965
xdut.\$12__t236                           1.65
xdut.topp__t468                        2.80965
xdut.\$32__t53                            1.65
xdut.topp__t467                        2.80965
xdut.\$12__t235                           1.65
xdut.topp__t466                        2.80965
xdut.\$32__t52                            1.65
xdut.topp__t465                        2.80965
xdut.\$12__t234                           1.65
xdut.topp__t464                        2.80965
xdut.\$32__t51                            1.65
xdut.topp__t463                        2.80965
xdut.\$81__t251                           1.65
xdut.topn__t504                        1.38243
xdut.\$84__t63                            1.65
xdut.topn__t503                        1.38243
xdut.\$81__t103                           1.65
xdut.topn__t210                        1.38243
xdut.\$84__t31                            1.65
xdut.topn__t321                        1.38243
xdut.\$81__t184                           1.65
xdut.topn__t368                        1.38243
xdut.\$84__t38                            1.65
xdut.topn__t367                        1.38243
xdut.\$81__t183                           1.65
xdut.topn__t366                        1.38243
xdut.\$84__t37                            1.65
xdut.topn__t365                        1.38243
xdut.\$81__t182                           1.65
xdut.topn__t364                        1.38243
xdut.\$84__t36                            1.65
xdut.topn__t363                        1.38243
xdut.\$81__t181                           1.65
xdut.topn__t362                        1.38243
xdut.\$84__t35                            1.65
xdut.topn__t361                        1.38243
xdut.\$81__t180                           1.65
xdut.topn__t360                        1.38243
xdut.\$84__t34                            1.65
xdut.topn__t359                        1.38243
xdut.\$81__t179                           1.65
xdut.topn__t358                        1.38243
xdut.\$84__t33                            1.65
xdut.topn__t357                        1.38243
xdut.\$81__t178                           1.65
xdut.topn__t356                        1.38243
xdut.\$84__t32                            1.65
xdut.topn__t355                        1.38243
xdut.\$81__t177                           1.65
xdut.topn__t354                        1.38243
xdut.\$84__t39                            1.65
xdut.topn__t369                        1.38243
xdut.\$81__t136                           1.65
xdut.topn__t276                        1.38243
xdut.\$84__t17                            1.65
xdut.topn__t213                        1.38243
xdut.\$81__t104                           1.65
xdut.topn__t212                        1.38243
xdut.\$84__t25                            1.65
xdut.topn__t239                        1.38243
xdut.\$81__t117                           1.65
xdut.topn__t238                        1.38243
xdut.\$84__t24                            1.65
xdut.topn__t237                        1.38243
xdut.\$81__t116                           1.65
xdut.topn__t236                        1.38243
xdut.\$84__t23                            1.65
xdut.topn__t235                        1.38243
xdut.\$81__t115                           1.65
xdut.topn__t234                        1.38243
xdut.\$84__t22                            1.65
xdut.topn__t233                        1.38243
xdut.\$81__t114                           1.65
xdut.topn__t232                        1.38243
xdut.\$84__t21                            1.65
xdut.topn__t231                        1.38243
xdut.\$12__t168                           1.65
xdut.topp__t335                        2.80965
xdut.\$24__t91                            1.65
xdut.topp__t336                        2.80965
xdut.\$12__t169                           1.65
xdut.topp__t337                        2.80965
xdut.\$24__t92                            1.65
xdut.topp__t338                        2.80965
xdut.\$12__t170                           1.65
xdut.topp__t339                        2.80965
xdut.\$24__t93                            1.65
xdut.topp__t340                        2.80965
xdut.\$12__t171                           1.65
xdut.topp__t341                        2.80965
xdut.\$24__t94                            1.65
xdut.topp__t342                        2.80965
xdut.\$12__t172                           1.65
xdut.topp__t343                        2.80965
xdut.\$24__t95                            1.65
xdut.topp__t344                        2.80965
xdut.\$12__t173                           1.65
xdut.topp__t345                        2.80965
xdut.\$24__t96                            1.65
xdut.topp__t346                        2.80965
xdut.\$12__t174                           1.65
xdut.topp__t347                        2.80965
xdut.\$24__t97                            1.65
xdut.topp__t348                        2.80965
xdut.\$12__t175                           1.65
xdut.topp__t349                        2.80965
xdut.\$24__t106                           1.65
xdut.topp__t366                        2.80965
xdut.\$12__t176                           1.65
xdut.topp__t351                        2.80965
xdut.\$24__t99                            1.65
xdut.topp__t352                        2.80965
xdut.\$12__t177                           1.65
xdut.topp__t353                        2.80965
xdut.\$24__t100                           1.65
xdut.topp__t354                        2.80965
xdut.\$12__t178                           1.65
xdut.topp__t355                        2.80965
xdut.\$24__t101                           1.65
xdut.topp__t356                        2.80965
xdut.\$12__t179                           1.65
xdut.topp__t357                        2.80965
xdut.\$24__t102                           1.65
xdut.topp__t358                        2.80965
xdut.\$12__t180                           1.65
xdut.topp__t359                        2.80965
xdut.\$24__t103                           1.65
xdut.topp__t360                        2.80965
xdut.\$12__t181                           1.65
xdut.topp__t361                        2.80965
xdut.\$24__t104                           1.65
xdut.topp__t362                        2.80965
xdut.\$12__t182                           1.65
xdut.topp__t363                        2.80965
xdut.\$24__t105                           1.65
xdut.topp__t364                        2.80965
xdut.\$12__t183                           1.65
xdut.topp__t365                        2.80965
xdut.\$24__t98                            1.65
xdut.topp__t350                        2.80965
xdut.\$81__t153                           1.65
xdut.topn__t306                        1.38243
xdut.\$83__t81                            1.65
xdut.topn__t307                        1.38243
xdut.\$81__t154                           1.65
xdut.topn__t308                        1.38243
xdut.\$83__t82                            1.65
xdut.topn__t309                        1.38243
xdut.\$81__t155                           1.65
xdut.topn__t310                        1.38243
xdut.\$83__t83                            1.65
xdut.topn__t311                        1.38243
xdut.\$81__t156                           1.65
xdut.topn__t312                        1.38243
xdut.\$83__t84                            1.65
xdut.topn__t313                        1.38243
xdut.\$81__t157                           1.65
xdut.topn__t314                        1.38243
xdut.\$83__t85                            1.65
xdut.topn__t315                        1.38243
xdut.\$81__t158                           1.65
xdut.topn__t316                        1.38243
xdut.\$83__t86                            1.65
xdut.topn__t317                        1.38243
xdut.\$81__t159                           1.65
xdut.topn__t318                        1.38243
xdut.\$83__t87                            1.65
xdut.topn__t319                        1.38243
xdut.\$81__t160                           1.65
xdut.topn__t320                        1.38243
xdut.\$83__t95                            1.65
xdut.topn__t337                        1.38243
xdut.\$81__t161                           1.65
xdut.topn__t322                        1.38243
xdut.\$83__t88                            1.65
xdut.topn__t323                        1.38243
xdut.\$81__t162                           1.65
xdut.topn__t324                        1.38243
xdut.\$83__t89                            1.65
xdut.topn__t325                        1.38243
xdut.\$81__t163                           1.65
xdut.topn__t326                        1.38243
xdut.\$83__t90                            1.65
xdut.topn__t327                        1.38243
xdut.\$81__t164                           1.65
xdut.topn__t328                        1.38243
xdut.\$83__t91                            1.65
xdut.topn__t329                        1.38243
xdut.\$81__t165                           1.65
xdut.topn__t330                        1.38243
xdut.\$83__t92                            1.65
xdut.topn__t331                        1.38243
xdut.\$81__t166                           1.65
xdut.topn__t332                        1.38243
xdut.\$83__t93                            1.65
xdut.topn__t333                        1.38243
xdut.\$81__t167                           1.65
xdut.topn__t334                        1.38243
xdut.\$83__t94                            1.65
xdut.topn__t335                        1.38243
xdut.\$81__t168                           1.65
xdut.topn__t336                        1.38243
xdut.\$83__t96                            1.65
xdut.topn__t353                        1.38243
xdut.\$12__t66                            1.65
xdut.topp__t129                        2.80965
xdut.\$24__t34                            1.65
xdut.topp__t128                        2.80965
xdut.\$12__t67                            1.65
xdut.topp__t131                        2.80965
xdut.\$24__t35                            1.65
xdut.topp__t130                        2.80965
xdut.\$12__t65                            1.65
xdut.topp__t127                        2.80965
xdut.\$24__t33                            1.65
xdut.topp__t126                        2.80965
xdut.\$12__t92                            1.65
xdut.topp__t182                        2.80965
xdut.\$24__t36                            1.65
xdut.topp__t133                        2.80965
xdut.\$12__t68                            1.65
xdut.topp__t132                        2.80965
xdut.\$24__t53                            1.65
xdut.topp__t190                        2.80965
xdut.\$12__t87                            1.65
xdut.topp__t170                        2.80965
xdut.\$24__t42                            1.65
xdut.topp__t164                        2.80965
xdut.\$12__t81                            1.65
xdut.topp__t158                        2.80965
xdut.\$24__t46                            1.65
xdut.topp__t171                        2.80965
xdut.\$12__t84                            1.65
xdut.topp__t163                        2.80965
xdut.\$24__t41                            1.65
xdut.topp__t162                        2.80965
xdut.\$12__t83                            1.65
xdut.topp__t161                        2.80965
xdut.\$24__t40                            1.65
xdut.topp__t160                        2.80965
xdut.\$12__t136                           1.65
xdut.topp__t273                        2.80965
xdut.\$24__t117                           1.65
xdut.topp__t414                        2.80965
xdut.\$12__t199                           1.65
xdut.topp__t394                        2.80965
xdut.\$24__t112                           1.65
xdut.topp__t393                        2.80965
xdut.\$12__t218                           1.65
xdut.topp__t433                        2.80965
xdut.\$24__t126                           1.65
xdut.topp__t445                        2.80965
xdut.\$12__t223                           1.65
xdut.topp__t444                        2.80965
xdut.\$24__t125                           1.65
xdut.topp__t443                        2.80965
xdut.\$12__t194                           1.65
xdut.topp__t386                        2.80965
xdut.\$24__t109                           1.65
xdut.topp__t385                        2.80965
xdut.\$12__t193                           1.65
xdut.topp__t384                        2.80965
xdut.\$24__t108                           1.65
xdut.topp__t383                        2.80965
xdut.\$12__t192                           1.65
xdut.topp__t382                        2.80965
xdut.\$24__t107                           1.65
xdut.topp__t381                        2.80965
xdut.\$81__t202                           1.65
xdut.topn__t406                        1.38243
xdut.\$83__t99                            1.65
xdut.topn__t405                        1.38243
xdut.\$81__t56                            1.65
xdut.topn__t115                        1.38243
xdut.\$83__t29                            1.65
xdut.topn__t87                         1.38243
xdut.\$81__t58                            1.65
xdut.topn__t118                        1.38243
xdut.\$83__t14                            1.65
xdut.topn__t34                         1.38243
xdut.\$81__t51                            1.65
xdut.topn__t106                        1.38243
xdut.\$83__t35                            1.65
xdut.topn__t116                        1.38243
xdut.\$81__t50                            1.65
xdut.topn__t104                        1.38243
xdut.\$83__t36                            1.65
xdut.topn__t135                        1.38243
xdut.\$81__t57                            1.65
xdut.topn__t117                        1.38243
xdut.\$83__t112                           1.65
xdut.topn__t433                        1.38243
xdut.\$81__t11                            1.65
xdut.topn__t23                         1.38243
xdut.\$83__t8                             1.65
xdut.topn__t22                         1.38243
xdut.\$81__t10                            1.65
xdut.topn__t21                         1.38243
xdut.\$83__t10                            1.65
xdut.topn__t27                         1.38243
xdut.\$81__t13                            1.65
xdut.topn__t26                         1.38243
xdut.\$83__t9                             1.65
xdut.topn__t25                         1.38243
xdut.\$81__t12                            1.65
xdut.topn__t24                         1.38243
xdut.\$83__t17                            1.65
xdut.topn__t39                         1.38243
xdut.\$81__t185                           1.65
xdut.topn__t370                        1.38243
xdut.\$83__t19                            1.65
xdut.topn__t43                         1.38243
xdut.\$81__t20                            1.65
xdut.topn__t42                         1.38243
xdut.\$83__t18                            1.65
xdut.topn__t41                         1.38243
xdut.\$81__t19                            1.65
xdut.topn__t40                         1.38243
xdut.\$83__t37                            1.65
xdut.topn__t136                        1.38243
xdut.\$81__t84                            1.65
xdut.topn__t170                        1.38243
xdut.\$83__t43                            1.65
xdut.topn__t169                        1.38243
xdut.\$81__t83                            1.65
xdut.topn__t168                        1.38243
xdut.\$83__t22                            1.65
xdut.topn__t57                         1.38243
xdut.\$81__t26                            1.65
xdut.topn__t56                         1.38243
xdut.\$83__t20                            1.65
xdut.topn__t44                         1.38243
xdut.\$24__t0                             1.65
xdut.topp__t181                        2.80965
xdut.\$12__t91                            1.65
xdut.topp__t180                        2.80965
xdut.\$24__t51                            1.65
xdut.topp__t179                        2.80965
xdut.\$12__t90                            1.65
xdut.topp__t178                        2.80965
xdut.\$24__t50                            1.65
xdut.topp__t177                        2.80965
xdut.\$12__t89                            1.65
xdut.topp__t176                        2.80965
xdut.\$24__t49                            1.65
xdut.topp__t175                        2.80965
xdut.\$12__t88                            1.65
xdut.topp__t174                        2.80965
xdut.\$24__t48                            1.65
xdut.topp__t173                        2.80965
xdut.\$12__t94                            1.65
xdut.topp__t186                        2.80965
xdut.\$24__t39                            1.65
xdut.topp__t157                        2.80965
xdut.\$12__t80                            1.65
xdut.topp__t156                        2.80965
xdut.\$24__t38                            1.65
xdut.topp__t155                        2.80965
xdut.\$12__t79                            1.65
xdut.topp__t154                        2.80965
xdut.\$24__t43                            1.65
xdut.topp__t165                        2.80965
xdut.\$12__t82                            1.65
xdut.topp__t159                        2.80965
xdut.\$24__t52                            1.65
xdut.topp__t183                        2.80965
xdut.\$12__t85                            1.65
xdut.topp__t166                        2.80965
xdut.\$24__t90                            1.65
xdut.topp__t308                        2.80965
xdut.\$12__t208                           1.65
xdut.topp__t415                        2.80965
xdut.\$24__t124                           1.65
xdut.topp__t442                        2.80965
xdut.\$12__t222                           1.65
xdut.topp__t441                        2.80965
xdut.\$24__t123                           1.65
xdut.topp__t440                        2.80965
xdut.\$12__t191                           1.65
xdut.topp__t380                        2.80965
xdut.\$24__t111                           1.65
xdut.topp__t390                        2.80965
xdut.\$12__t190                           1.65
xdut.topp__t379                        2.80965
xdut.\$24__t122                           1.65
xdut.topp__t426                        2.80965
xdut.\$12__t214                           1.65
xdut.topp__t425                        2.80965
xdut.\$24__t121                           1.65
xdut.topp__t424                        2.80965
xdut.\$12__t213                           1.65
xdut.topp__t423                        2.80965
xdut.\$24__t120                           1.65
xdut.topp__t422                        2.80965
xdut.\$12__t212                           1.65
xdut.topp__t421                        2.80965
xdut.\$83__t113                           1.65
xdut.topn__t444                        1.38243
xdut.\$81__t203                           1.65
xdut.topn__t407                        1.38243
xdut.\$83__t34                            1.65
xdut.topn__t114                        1.38243
xdut.\$81__t55                            1.65
xdut.topn__t113                        1.38243
xdut.\$83__t33                            1.65
xdut.topn__t112                        1.38243
xdut.\$81__t54                            1.65
xdut.topn__t111                        1.38243
xdut.\$83__t32                            1.65
xdut.topn__t110                        1.38243
xdut.\$81__t53                            1.65
xdut.topn__t109                        1.38243
xdut.\$83__t31                            1.65
xdut.topn__t108                        1.38243
xdut.\$81__t52                            1.65
xdut.topn__t107                        1.38243
xdut.\$83__t30                            1.65
xdut.topn__t105                        1.38243
xdut.\$81__t217                           1.65
xdut.topn__t434                        1.38243
xdut.\$83__t7                             1.65
xdut.topn__t20                         1.38243
xdut.\$81__t9                             1.65
xdut.topn__t19                         1.38243
xdut.\$83__t6                             1.65
xdut.topn__t18                         1.38243
xdut.\$81__t4                             1.65
xdut.topn__t9                          1.38243
xdut.\$83__t21                            1.65
xdut.topn__t55                         1.38243
xdut.\$81__t33                            1.65
xdut.topn__t70                         1.38243
xdut.\$83__t28                            1.65
xdut.topn__t69                         1.38243
xdut.\$81__t14                            1.65
xdut.topn__t28                         1.38243
xdut.\$83__t97                            1.65
xdut.topn__t371                        1.38243
xdut.\$81__t82                            1.65
xdut.topn__t167                        1.38243
xdut.\$83__t42                            1.65
xdut.topn__t166                        1.38243
xdut.\$81__t81                            1.65
xdut.topn__t165                        1.38243
xdut.\$83__t41                            1.65
xdut.topn__t164                        1.38243
xdut.\$81__t80                            1.65
xdut.topn__t163                        1.38243
xdut.\$83__t40                            1.65
xdut.topn__t141                        1.38243
xdut.\$81__t86                            1.65
xdut.topn__t174                        1.38243
xdut.\$83__t44                            1.65
xdut.topn__t175                        1.38243
xdut.\$81__t28                            1.65
xdut.topn__t60                         1.38243
xdut.\$83__t23                            1.65
xdut.topn__t59                         1.38243
xdut.\$81__t27                            1.65
xdut.topn__t58                         1.38243
xdut.\$24__t47                            1.65
xdut.topp__t172                        2.80965
xdut.\$12__t69                            1.65
xdut.topp__t134                        2.80965
xdut.\$24__t32                            1.65
xdut.topp__t125                        2.80965
xdut.\$12__t64                            1.65
xdut.topp__t124                        2.80965
xdut.\$24__t31                            1.65
xdut.topp__t123                        2.80965
xdut.\$12__t63                            1.65
xdut.topp__t122                        2.80965
xdut.\$24__t30                            1.65
xdut.topp__t121                        2.80965
xdut.\$12__t62                            1.65
xdut.topp__t120                        2.80965
xdut.\$24__t44                            1.65
xdut.topp__t167                        2.80965
xdut.\$12__t95                            1.65
xdut.topp__t187                        2.80965
xdut.\$24__t45                            1.65
xdut.topp__t169                        2.80965
xdut.\$12__t86                            1.65
xdut.topp__t168                        2.80965
xdut.\$24__t37                            1.65
xdut.topp__t153                        2.80965
xdut.\$12__t78                            1.65
xdut.topp__t152                        2.80965
xdut.\$24__t119                           1.65
xdut.topp__t419                        2.80965
xdut.\$12__t230                           1.65
xdut.topp__t457                        2.80965
xdut.\$24__t118                           1.65
xdut.topp__t418                        2.80965
xdut.\$12__t210                           1.65
xdut.topp__t417                        2.80965
xdut.\$24__t74                            1.65
xdut.topp__t271                        2.80965
xdut.\$12__t225                           1.65
xdut.topp__t448                        2.80965
xdut.\$24__t127                           1.65
xdut.topp__t447                        2.80965
xdut.\$12__t224                           1.65
xdut.topp__t446                        2.80965
xdut.\$24__t115                           1.65
xdut.topp__t400                        2.80965
xdut.\$12__t202                           1.65
xdut.topp__t399                        2.80965
xdut.\$24__t114                           1.65
xdut.topp__t398                        2.80965
xdut.\$12__t201                           1.65
xdut.topp__t397                        2.80965
xdut.\$24__t113                           1.65
xdut.topp__t396                        2.80965
xdut.\$12__t200                           1.65
xdut.topp__t395                        2.80965
xdut.\$24__t116                           1.65
xdut.topp__t406                        2.80965
xdut.\$12__t196                           1.65
xdut.topp__t389                        2.80965
xdut.\$24__t110                           1.65
xdut.topp__t388                        2.80965
xdut.\$12__t195                           1.65
xdut.topp__t387                        2.80965
xdut.\$83__t100                           1.65
xdut.topn__t409                        1.38243
xdut.\$81__t204                           1.65
xdut.topn__t408                        1.38243
xdut.\$83__t16                            1.65
xdut.topn__t38                         1.38243
xdut.\$81__t18                            1.65
xdut.topn__t37                         1.38243
xdut.\$83__t15                            1.65
xdut.topn__t36                         1.38243
xdut.\$81__t17                            1.65
xdut.topn__t35                         1.38243
xdut.\$83__t13                            1.65
xdut.topn__t33                         1.38243
xdut.\$81__t16                            1.65
xdut.topn__t32                         1.38243
xdut.\$83__t12                            1.65
xdut.topn__t31                         1.38243
xdut.\$81__t15                            1.65
xdut.topn__t30                         1.38243
xdut.\$83__t11                            1.65
xdut.topn__t29                         1.38243
xdut.\$81__t218                           1.65
xdut.topn__t435                        1.38243
xdut.\$83__t5                             1.65
xdut.topn__t17                         1.38243
xdut.\$81__t8                             1.65
xdut.topn__t16                         1.38243
xdut.\$83__t4                             1.65
xdut.topn__t15                         1.38243
xdut.\$81__t7                             1.65
xdut.topn__t14                         1.38243
xdut.\$83__t3                             1.65
xdut.topn__t13                         1.38243
xdut.\$81__t6                             1.65
xdut.topn__t12                         1.38243
xdut.\$83__t2                             1.65
xdut.topn__t11                         1.38243
xdut.\$81__t5                             1.65
xdut.topn__t10                         1.38243
xdut.\$83__t98                            1.65
xdut.topn__t372                        1.38243
xdut.\$81__t87                            1.65
xdut.topn__t176                        1.38243
xdut.\$83__t45                            1.65
xdut.topn__t177                        1.38243
xdut.\$81__t88                            1.65
xdut.topn__t178                        1.38243
xdut.\$83__t27                            1.65
xdut.topn__t68                         1.38243
xdut.\$81__t32                            1.65
xdut.topn__t67                         1.38243
xdut.\$83__t26                            1.65
xdut.topn__t66                         1.38243
xdut.\$81__t31                            1.65
xdut.topn__t65                         1.38243
xdut.\$83__t25                            1.65
xdut.topn__t64                         1.38243
xdut.\$81__t30                            1.65
xdut.topn__t63                         1.38243
xdut.\$83__t24                            1.65
xdut.topn__t62                         1.38243
xdut.\$81__t29                            1.65
xdut.topn__t61                         1.38243
xdut.\$32__t19                            1.65
xdut.topp__t147                        2.80965
xdut.\$12__t75                            1.65
xdut.topp__t146                        2.80965
xdut.\$32__t18                            1.65
xdut.topp__t145                        2.80965
xdut.\$12__t74                            1.65
xdut.topp__t144                        2.80965
xdut.\$32__t17                            1.65
xdut.topp__t143                        2.80965
xdut.\$12__t73                            1.65
xdut.topp__t142                        2.80965
xdut.\$32__t16                            1.65
xdut.topp__t141                        2.80965
xdut.\$12__t72                            1.65
xdut.topp__t140                        2.80965
xdut.\$32__t15                            1.65
xdut.topp__t139                        2.80965
xdut.\$12__t96                            1.65
xdut.topp__t188                        2.80965
xdut.\$32__t22                            1.65
xdut.topp__t228                        2.80965
xdut.\$12__t118                           1.65
xdut.topp__t231                        2.80965
xdut.\$32__t23                            1.65
xdut.topp__t234                        2.80965
xdut.\$12__t116                           1.65
xdut.topp__t229                        2.80965
xdut.\$32__t21                            1.65
xdut.topp__t227                        2.80965
xdut.\$12__t115                           1.65
xdut.topp__t226                        2.80965
xdut.\$32__t20                            1.65
xdut.topp__t185                        2.80965
xdut.\$12__t93                            1.65
xdut.topp__t184                        2.80965
xdut.\$32__t28                            1.65
xdut.topp__t277                        2.80965
xdut.\$12__t221                           1.65
xdut.topp__t439                        2.80965
xdut.\$32__t47                            1.65
xdut.topp__t438                        2.80965
xdut.\$12__t220                           1.65
xdut.topp__t437                        2.80965
xdut.\$32__t46                            1.65
xdut.topp__t436                        2.80965
xdut.\$12__t219                           1.65
xdut.topp__t435                        2.80965
xdut.\$32__t45                            1.65
xdut.topp__t434                        2.80965
xdut.\$12__t226                           1.65
xdut.topp__t449                        2.80965
xdut.\$32__t44                            1.65
xdut.topp__t432                        2.80965
xdut.\$12__t217                           1.65
xdut.topp__t431                        2.80965
xdut.\$32__t43                            1.65
xdut.topp__t430                        2.80965
xdut.\$12__t216                           1.65
xdut.topp__t429                        2.80965
xdut.\$32__t42                            1.65
xdut.topp__t428                        2.80965
xdut.\$12__t215                           1.65
xdut.topp__t427                        2.80965
xdut.\$84__t53                            1.65
xdut.topn__t446                        1.38243
xdut.\$81__t224                           1.65
xdut.topn__t445                        1.38243
xdut.\$84__t4                             1.65
xdut.topn__t77                         1.38243
xdut.\$81__t37                            1.65
xdut.topn__t76                         1.38243
xdut.\$84__t3                             1.65
xdut.topn__t75                         1.38243
xdut.\$81__t36                            1.65
xdut.topn__t74                         1.38243
xdut.\$84__t2                             1.65
xdut.topn__t73                         1.38243
xdut.\$81__t35                            1.65
xdut.topn__t72                         1.38243
xdut.\$84__t8                             1.65
xdut.topn__t119                        1.38243
xdut.\$81__t66                            1.65
xdut.topn__t134                        1.38243
xdut.\$84__t9                             1.65
xdut.topn__t133                        1.38243
xdut.\$81__t219                           1.65
xdut.topn__t436                        1.38243
xdut.\$84__t0                             1.65
xdut.topn__t0                          1.38243
xdut.\$81__t48                            1.65
xdut.topn__t102                        1.38243
xdut.\$84__t7                             1.65
xdut.topn__t101                        1.38243
xdut.\$81__t47                            1.65
xdut.topn__t100                        1.38243
xdut.\$84__t6                             1.65
xdut.topn__t99                         1.38243
xdut.\$81__t46                            1.65
xdut.topn__t98                         1.38243
xdut.\$84__t5                             1.65
xdut.topn__t97                         1.38243
xdut.\$81__t45                            1.65
xdut.topn__t96                         1.38243
xdut.\$84__t40                            1.65
xdut.topn__t373                        1.38243
xdut.\$81__t79                            1.65
xdut.topn__t162                        1.38243
xdut.\$84__t14                            1.65
xdut.topn__t161                        1.38243
xdut.\$81__t78                            1.65
xdut.topn__t160                        1.38243
xdut.\$84__t13                            1.65
xdut.topn__t159                        1.38243
xdut.\$81__t77                            1.65
xdut.topn__t158                        1.38243
xdut.\$84__t12                            1.65
xdut.topn__t147                        1.38243
xdut.\$81__t71                            1.65
xdut.topn__t146                        1.38243
xdut.\$84__t11                            1.65
xdut.topn__t145                        1.38243
xdut.\$81__t70                            1.65
xdut.topn__t144                        1.38243
xdut.\$84__t10                            1.65
xdut.topn__t143                        1.38243
xdut.\$81__t69                            1.65
xdut.topn__t142                        1.38243
xdut.\$40__t10                            1.65
xdut.topp__t199                        2.80965
xdut.\$12__t77                            1.65
xdut.topp__t150                        2.80965
xdut.\$40__t9                             1.65
xdut.topp__t149                        2.80965
xdut.\$12__t76                            1.65
xdut.topp__t148                        2.80965
xdut.\$40__t8                             1.65
xdut.topp__t138                        2.80965
xdut.\$12__t111                           1.65
xdut.topp__t220                        2.80965
xdut.\$40__t12                            1.65
xdut.topp__t219                        2.80965
xdut.\$12__t110                           1.65
xdut.topp__t218                        2.80965
xdut.\$40__t11                            1.65
xdut.topp__t217                        2.80965
xdut.\$12__t97                            1.65
xdut.topp__t189                        2.80965
xdut.\$40__t13                            1.65
xdut.topp__t233                        2.80965
xdut.\$12__t119                           1.65
xdut.topp__t232                        2.80965
xdut.\$40__t16                            1.65
xdut.topp__t247                        2.80965
xdut.\$12__t117                           1.65
xdut.topp__t230                        2.80965
xdut.\$40__t15                            1.65
xdut.topp__t246                        2.80965
xdut.\$12__t125                           1.65
xdut.topp__t245                        2.80965
xdut.\$48__t7                             1.65
xdut.topp__t244                        2.80965
xdut.\$12__t124                           1.65
xdut.topp__t243                        2.80965
xdut.\$48__t9                             1.65
xdut.topp__t274                        2.80965
xdut.\$12__t189                           1.65
xdut.topp__t378                        2.80965
xdut.\$48__t11                            1.65
xdut.topp__t377                        2.80965
xdut.\$12__t188                           1.65
xdut.topp__t376                        2.80965
xdut.\$48__t10                            1.65
xdut.topp__t375                        2.80965
xdut.\$12__t187                           1.65
xdut.topp__t374                        2.80965
xdut.\$56__t5                             1.65
xdut.topp__t373                        2.80965
xdut.\$12__t186                           1.65
xdut.topp__t372                        2.80965
xdut.\$56__t4                             1.65
xdut.topp__t371                        2.80965
xdut.\$12__t185                           1.65
xdut.topp__t370                        2.80965
xdut.\$64__t2                             1.65
xdut.topp__t369                        2.80965
xdut.\$12__t184                           1.65
xdut.topp__t368                        2.80965
xdut.\$80__t0                             1.65
xdut.topp__t367                        2.80965
xdut.\$12__t209                           1.65
xdut.topp__t416                        2.80965
xdut.\$85__t24                            1.65
xdut.topn__t443                        1.38243
xdut.\$81__t223                           1.65
xdut.topn__t442                        1.38243
xdut.\$85__t8                             1.65
xdut.topn__t123                        1.38243
xdut.\$81__t60                            1.65
xdut.topn__t122                        1.38243
xdut.\$85__t7                             1.65
xdut.topn__t121                        1.38243
xdut.\$81__t59                            1.65
xdut.topn__t120                        1.38243
xdut.\$85__t3                             1.65
xdut.topn__t82                         1.38243
xdut.\$81__t39                            1.65
xdut.topn__t81                         1.38243
xdut.\$85__t2                             1.65
xdut.topn__t80                         1.38243
xdut.\$81__t38                            1.65
xdut.topn__t79                         1.38243
xdut.\$85__t1                             1.65
xdut.topn__t78                         1.38243
xdut.\$81__t220                           1.65
xdut.topn__t437                        1.38243
xdut.\$85__t5                             1.65
xdut.topn__t94                         1.38243
xdut.\$81__t44                            1.65
xdut.topn__t93                         1.38243
xdut.\$85__t4                             1.65
xdut.topn__t92                         1.38243
xdut.\$81__t43                            1.65
xdut.topn__t91                         1.38243
xdut.\$86__t4                             1.65
xdut.topn__t90                         1.38243
xdut.\$81__t42                            1.65
xdut.topn__t89                         1.38243
xdut.\$86__t3                             1.65
xdut.topn__t88                         1.38243
xdut.\$81__t49                            1.65
xdut.topn__t103                        1.38243
xdut.\$86__t11                            1.65
xdut.topn__t374                        1.38243
xdut.\$81__t34                            1.65
xdut.topn__t71                         1.38243
xdut.\$86__t0                             1.65
xdut.topn__t54                         1.38243
xdut.\$81__t25                            1.65
xdut.topn__t53                         1.38243
xdut.\$87__t1                             1.65
xdut.topn__t52                         1.38243
xdut.\$81__t24                            1.65
xdut.topn__t51                         1.38243
xdut.\$87__t0                             1.65
xdut.topn__t50                         1.38243
xdut.\$81__t23                            1.65
xdut.topn__t49                         1.38243
xdut.\$88__t0                             1.65
xdut.topn__t48                         1.38243
xdut.\$81__t22                            1.65
xdut.topn__t47                         1.38243
xdut.\$90__t0                             1.65
xdut.topn__t46                         1.38243
xdut.\$81__t21                            1.65
xdut.topn__t45                         1.38243
xdut.\$12__t112                           1.65
xdut.topp__t222                        2.80965
xdut.vcm__t0                              1.65
xdut.topp__t221                        2.80965
xdut.\$12__t109                           1.65
xdut.topp__t216                        2.80965
xdut.\$64__t1                             1.65
xdut.topp__t137                        2.80965
xdut.\$12__t71                            1.65
xdut.topp__t136                        2.80965
xdut.\$56__t2                             1.65
xdut.topp__t151                        2.80965
xdut.\$12__t114                           1.65
xdut.topp__t225                        2.80965
xdut.\$56__t3                             1.65
xdut.topp__t224                        2.80965
xdut.\$12__t113                           1.65
xdut.topp__t223                        2.80965
xdut.\$48__t3                             1.65
xdut.topp__t191                        2.80965
xdut.\$12__t123                           1.65
xdut.topp__t242                        2.80965
xdut.\$48__t6                             1.65
xdut.topp__t241                        2.80965
xdut.\$12__t122                           1.65
xdut.topp__t240                        2.80965
xdut.\$48__t5                             1.65
xdut.topp__t239                        2.80965
xdut.\$12__t121                           1.65
xdut.topp__t238                        2.80965
xdut.\$48__t4                             1.65
xdut.topp__t237                        2.80965
xdut.\$12__t120                           1.65
xdut.topp__t236                        2.80965
xdut.\$40__t14                            1.65
xdut.topp__t235                        2.80965
xdut.\$12__t135                           1.65
xdut.topp__t269                        2.80965
xdut.\$40__t23                            1.65
xdut.topp__t413                        2.80965
xdut.\$12__t207                           1.65
xdut.topp__t412                        2.80965
xdut.\$40__t22                            1.65
xdut.topp__t411                        2.80965
xdut.\$12__t206                           1.65
xdut.topp__t410                        2.80965
xdut.\$40__t21                            1.65
xdut.topp__t409                        2.80965
xdut.\$12__t205                           1.65
xdut.topp__t408                        2.80965
xdut.\$40__t20                            1.65
xdut.topp__t407                        2.80965
xdut.\$12__t211                           1.65
xdut.topp__t420                        2.80965
xdut.\$40__t19                            1.65
xdut.topp__t405                        2.80965
xdut.\$12__t204                           1.65
xdut.topp__t404                        2.80965
xdut.\$40__t18                            1.65
xdut.topp__t403                        2.80965
xdut.\$12__t203                           1.65
xdut.topp__t402                        2.80965
xdut.\$40__t17                            1.65
xdut.topp__t401                        2.80965
xdut.\$81__t222                           1.65
xdut.topn__t441                        1.38243
xdut.vcm__t1                              1.65
xdut.topn__t440                        1.38243
xdut.\$81__t65                            1.65
xdut.topn__t132                        1.38243
xdut.\$88__t1                             1.65
xdut.topn__t131                        1.38243
xdut.\$81__t64                            1.65
xdut.topn__t130                        1.38243
xdut.\$87__t3                             1.65
xdut.topn__t129                        1.38243
xdut.\$81__t63                            1.65
xdut.topn__t128                        1.38243
xdut.\$87__t2                             1.65
xdut.topn__t127                        1.38243
xdut.\$81__t62                            1.65
xdut.topn__t126                        1.38243
xdut.\$86__t5                             1.65
xdut.topn__t125                        1.38243
xdut.\$81__t61                            1.65
xdut.topn__t124                        1.38243
xdut.\$86__t13                            1.65
xdut.topn__t438                        1.38243
xdut.\$81__t41                            1.65
xdut.topn__t85                         1.38243
xdut.\$86__t1                             1.65
xdut.topn__t84                         1.38243
xdut.\$81__t40                            1.65
xdut.topn__t83                         1.38243
xdut.\$86__t2                             1.65
xdut.topn__t86                         1.38243
xdut.\$81__t212                           1.65
xdut.topn__t423                        1.38243
xdut.\$85__t23                            1.65
xdut.topn__t402                        1.38243
xdut.\$81__t200                           1.65
xdut.topn__t403                        1.38243
xdut.\$85__t6                             1.65
xdut.topn__t95                         1.38243
xdut.\$81__t186                           1.65
xdut.topn__t375                        1.38243
xdut.\$85__t13                            1.65
xdut.topn__t157                        1.38243
xdut.\$81__t76                            1.65
xdut.topn__t156                        1.38243
xdut.\$85__t14                            1.65
xdut.topn__t171                        1.38243
xdut.\$81__t75                            1.65
xdut.topn__t155                        1.38243
xdut.\$85__t12                            1.65
xdut.topn__t154                        1.38243
xdut.\$81__t74                            1.65
xdut.topn__t153                        1.38243
xdut.\$85__t11                            1.65
xdut.topn__t152                        1.38243
xdut.\$81__t73                            1.65
xdut.topn__t151                        1.38243
xdut.\$85__t10                            1.65
xdut.topn__t150                        1.38243
xdut.\$81__t72                            1.65
xdut.topn__t149                        1.38243
xdut.\$85__t9                             1.65
xdut.topn__t148                        1.38243
xdut.\$12__t134                           1.65
xdut.topp__t267                        2.80965
xdut.\$32__t26                            1.65
xdut.topp__t266                        2.80965
xdut.\$12__t133                           1.65
xdut.topp__t265                        2.80965
xdut.\$32__t25                            1.65
xdut.topp__t264                        2.80965
xdut.\$12__t139                           1.65
xdut.topp__t279                        2.80965
xdut.\$32__t24                            1.65
xdut.topp__t263                        2.80965
xdut.\$12__t161                           1.65
xdut.topp__t322                        2.80965
xdut.\$32__t36                            1.65
xdut.topp__t323                        2.80965
xdut.\$12__t162                           1.65
xdut.topp__t324                        2.80965
xdut.\$32__t41                            1.65
xdut.topp__t334                        2.80965
xdut.\$12__t164                           1.65
xdut.topp__t326                        2.80965
xdut.\$32__t37                            1.65
xdut.topp__t327                        2.80965
xdut.\$12__t165                           1.65
xdut.topp__t328                        2.80965
xdut.\$32__t38                            1.65
xdut.topp__t329                        2.80965
xdut.\$12__t166                           1.65
xdut.topp__t330                        2.80965
xdut.\$32__t39                            1.65
xdut.topp__t331                        2.80965
xdut.\$12__t167                           1.65
xdut.topp__t332                        2.80965
xdut.\$32__t40                            1.65
xdut.topp__t333                        2.80965
xdut.\$12__t163                           1.65
xdut.topp__t325                        2.80965
xdut.\$32__t35                            1.65
xdut.topp__t321                        2.80965
xdut.\$12__t160                           1.65
xdut.topp__t320                        2.80965
xdut.\$32__t34                            1.65
xdut.topp__t319                        2.80965
xdut.\$12__t159                           1.65
xdut.topp__t318                        2.80965
xdut.\$32__t33                            1.65
xdut.topp__t317                        2.80965
xdut.\$12__t158                           1.65
xdut.topp__t316                        2.80965
xdut.\$32__t32                            1.65
xdut.topp__t315                        2.80965
xdut.\$12__t157                           1.65
xdut.topp__t314                        2.80965
xdut.\$32__t31                            1.65
xdut.topp__t313                        2.80965
xdut.\$12__t156                           1.65
xdut.topp__t312                        2.80965
xdut.\$32__t30                            1.65
xdut.topp__t311                        2.80965
xdut.\$12__t155                           1.65
xdut.topp__t310                        2.80965
xdut.\$32__t29                            1.65
xdut.topp__t309                        2.80965
xdut.\$81__t85                            1.65
xdut.topn__t173                        1.38243
xdut.\$84__t15                            1.65
xdut.topn__t172                        1.38243
xdut.\$81__t187                           1.65
xdut.topn__t376                        1.38243
xdut.\$84__t41                            1.65
xdut.topn__t377                        1.38243
xdut.\$81__t188                           1.65
xdut.topn__t378                        1.38243
xdut.\$84__t42                            1.65
xdut.topn__t379                        1.38243
xdut.\$81__t189                           1.65
xdut.topn__t380                        1.38243
xdut.\$84__t43                            1.65
xdut.topn__t381                        1.38243
xdut.\$81__t190                           1.65
xdut.topn__t382                        1.38243
xdut.\$84__t44                            1.65
xdut.topn__t383                        1.38243
xdut.\$81__t191                           1.65
xdut.topn__t384                        1.38243
xdut.\$84__t52                            1.65
xdut.topn__t401                        1.38243
xdut.\$81__t192                           1.65
xdut.topn__t386                        1.38243
xdut.\$84__t45                            1.65
xdut.topn__t387                        1.38243
xdut.\$81__t193                           1.65
xdut.topn__t388                        1.38243
xdut.\$84__t46                            1.65
xdut.topn__t389                        1.38243
xdut.\$81__t194                           1.65
xdut.topn__t390                        1.38243
xdut.\$84__t47                            1.65
xdut.topn__t391                        1.38243
xdut.\$81__t195                           1.65
xdut.topn__t392                        1.38243
xdut.\$84__t48                            1.65
xdut.topn__t393                        1.38243
xdut.\$81__t196                           1.65
xdut.topn__t394                        1.38243
xdut.\$84__t49                            1.65
xdut.topn__t395                        1.38243
xdut.\$81__t197                           1.65
xdut.topn__t396                        1.38243
xdut.\$84__t50                            1.65
xdut.topn__t397                        1.38243
xdut.\$81__t198                           1.65
xdut.topn__t398                        1.38243
xdut.\$84__t51                            1.65
xdut.topn__t399                        1.38243
xdut.\$81__t106                           1.65
xdut.topn__t217                        1.38243
xdut.\$84__t18                            1.65
xdut.topn__t219                        1.38243
xdut.\$81__t107                           1.65
xdut.topn__t220                        1.38243
xdut.\$84__t19                            1.65
xdut.topn__t221                        1.38243
xdut.\$81__t108                           1.65
xdut.topn__t222                        1.38243
xdut.\$84__t20                            1.65
xdut.topn__t223                        1.38243
xdut.\$12__t19                            1.65
xdut.topp__t36                         2.80965
xdut.\$24__t63                            1.65
xdut.topp__t210                        2.80965
xdut.\$12__t105                           1.65
xdut.topp__t209                        2.80965
xdut.\$24__t62                            1.65
xdut.topp__t208                        2.80965
xdut.\$12__t22                            1.65
xdut.topp__t41                         2.80965
xdut.\$24__t10                            1.65
xdut.topp__t40                         2.80965
xdut.\$12__t21                            1.65
xdut.topp__t39                         2.80965
xdut.\$24__t9                             1.65
xdut.topp__t38                         2.80965
xdut.\$12__t20                            1.65
xdut.topp__t37                         2.80965
xdut.\$24__t26                            1.65
xdut.topp__t110                        2.80965
xdut.\$12__t104                           1.65
xdut.topp__t207                        2.80965
xdut.\$24__t61                            1.65
xdut.topp__t205                        2.80965
xdut.\$12__t102                           1.65
xdut.topp__t204                        2.80965
xdut.\$24__t60                            1.65
xdut.topp__t203                        2.80965
xdut.\$12__t103                           1.65
xdut.topp__t206                        2.80965
xdut.\$24__t58                            1.65
xdut.topp__t201                        2.80965
xdut.\$12__t101                           1.65
xdut.topp__t200                        2.80965
xdut.\$24__t54                            1.65
xdut.topp__t193                        2.80965
xdut.\$12__t138                           1.65
xdut.topp__t278                        2.80965
xdut.\$24__t27                            1.65
xdut.topp__t112                        2.80965
xdut.\$12__t132                           1.65
xdut.topp__t262                        2.80965
xdut.\$24__t89                            1.65
xdut.topp__t307                        2.80965
xdut.\$12__t147                           1.65
xdut.topp__t293                        2.80965
xdut.\$24__t82                            1.65
xdut.topp__t292                        2.80965
xdut.\$12__t146                           1.65
xdut.topp__t291                        2.80965
xdut.\$24__t17                            1.65
xdut.topp__t89                         2.80965
xdut.\$12__t45                            1.65
xdut.topp__t88                         2.80965
xdut.\$24__t15                            1.65
xdut.topp__t74                         2.80965
xdut.\$12__t38                            1.65
xdut.topp__t73                         2.80965
xdut.\$24__t29                            1.65
xdut.topp__t115                        2.80965
xdut.\$12__t58                            1.65
xdut.topp__t114                        2.80965
xdut.\$24__t28                            1.65
xdut.topp__t113                        2.80965
xdut.\$81__t2                             1.65
xdut.topn__t6                          1.38243
xdut.\$83__t1                             1.65
xdut.topn__t5                          1.38243
xdut.\$81__t233                           1.65
xdut.topn__t465                        1.38243
xdut.\$83__t118                           1.65
xdut.topn__t466                        1.38243
xdut.\$81__t234                           1.65
xdut.topn__t467                        1.38243
xdut.\$83__t119                           1.65
xdut.topn__t468                        1.38243
xdut.\$81__t235                           1.65
xdut.topn__t469                        1.38243
xdut.\$83__t120                           1.65
xdut.topn__t470                        1.38243
xdut.\$81__t206                           1.65
xdut.topn__t412                        1.38243
xdut.\$83__t101                           1.65
xdut.topn__t410                        1.38243
xdut.\$81__t205                           1.65
xdut.topn__t411                        1.38243
xdut.\$83__t72                            1.65
xdut.topn__t273                        1.38243
xdut.\$81__t216                           1.65
xdut.topn__t431                        1.38243
xdut.\$83__t111                           1.65
xdut.topn__t432                        1.38243
xdut.\$81__t221                           1.65
xdut.topn__t439                        1.38243
xdut.\$83__t107                           1.65
xdut.topn__t424                        1.38243
xdut.\$81__t213                           1.65
xdut.topn__t425                        1.38243
xdut.\$83__t108                           1.65
xdut.topn__t426                        1.38243
xdut.\$81__t214                           1.65
xdut.topn__t427                        1.38243
xdut.\$83__t109                           1.65
xdut.topn__t428                        1.38243
xdut.\$81__t118                           1.65
xdut.topn__t240                        1.38243
xdut.\$83__t51                            1.65
xdut.topn__t189                        1.38243
xdut.\$81__t97                            1.65
xdut.topn__t201                        1.38243
xdut.\$83__t74                            1.65
xdut.topn__t279                        1.38243
xdut.\$81__t145                           1.65
xdut.topn__t291                        1.38243
xdut.\$83__t79                            1.65
xdut.topn__t303                        1.38243
xdut.\$81__t89                            1.65
xdut.topn__t183                        1.38243
xdut.\$83__t48                            1.65
xdut.topn__t184                        1.38243
xdut.\$81__t90                            1.65
xdut.topn__t185                        1.38243
xdut.\$83__t49                            1.65
xdut.topn__t186                        1.38243
xdut.\$81__t91                            1.65
xdut.topn__t187                        1.38243
xdut.\$83__t50                            1.65
xdut.topn__t188                        1.38243
xdut.\$12__t18                            1.65
xdut.topp__t35                         2.80965
xdut.\$24__t8                             1.65
xdut.topp__t34                         2.80965
xdut.\$12__t17                            1.65
xdut.topp__t33                         2.80965
xdut.\$24__t7                             1.65
xdut.topp__t32                         2.80965
xdut.\$12__t70                            1.65
xdut.topp__t135                        2.80965
xdut.\$24__t65                            1.65
xdut.topp__t214                        2.80965
xdut.\$12__t107                           1.65
xdut.topp__t213                        2.80965
xdut.\$24__t64                            1.65
xdut.topp__t212                        2.80965
xdut.\$12__t106                           1.65
xdut.topp__t211                        2.80965
xdut.\$24__t6                             1.65
xdut.topp__t29                         2.80965
xdut.\$12__t108                           1.65
xdut.topp__t215                        2.80965
xdut.\$24__t57                            1.65
xdut.topp__t198                        2.80965
xdut.\$12__t100                           1.65
xdut.topp__t197                        2.80965
xdut.\$24__t56                            1.65
xdut.topp__t196                        2.80965
xdut.\$12__t99                            1.65
xdut.topp__t195                        2.80965
xdut.\$24__t55                            1.65
xdut.topp__t194                        2.80965
xdut.\$12__t98                            1.65
xdut.topp__t192                        2.80965
xdut.\$24__t59                            1.65
xdut.topp__t202                        2.80965
xdut.\$12__t137                           1.65
xdut.topp__t276                        2.80965
xdut.\$24__t73                            1.65
xdut.topp__t261                        2.80965
xdut.\$12__t131                           1.65
xdut.topp__t260                        2.80965
xdut.\$24__t72                            1.65
xdut.topp__t259                        2.80965
xdut.\$12__t130                           1.65
xdut.topp__t258                        2.80965
xdut.\$24__t71                            1.65
xdut.topp__t257                        2.80965
xdut.\$12__t129                           1.65
xdut.topp__t256                        2.80965
xdut.\$24__t70                            1.65
xdut.topp__t255                        2.80965
xdut.\$12__t128                           1.65
xdut.topp__t254                        2.80965
xdut.\$24__t69                            1.65
xdut.topp__t253                        2.80965
xdut.\$12__t127                           1.65
xdut.topp__t252                        2.80965
xdut.\$24__t68                            1.65
xdut.topp__t251                        2.80965
xdut.\$12__t126                           1.65
xdut.topp__t250                        2.80965
xdut.\$24__t67                            1.65
xdut.topp__t249                        2.80965
xdut.\$81__t68                            1.65
xdut.topn__t138                        1.38243
xdut.\$83__t38                            1.65
xdut.topn__t139                        1.38243
xdut.\$81__t207                           1.65
xdut.topn__t413                        1.38243
xdut.\$83__t102                           1.65
xdut.topn__t414                        1.38243
xdut.\$81__t208                           1.65
xdut.topn__t415                        1.38243
xdut.\$83__t103                           1.65
xdut.topn__t416                        1.38243
xdut.\$81__t253                           1.65
xdut.topn__t507                        1.38243
xdut.\$83__t126                           1.65
xdut.topn__t508                        1.38243
xdut.\$81__t254                           1.65
xdut.topn__t509                        1.38243
xdut.\$83__t127                           1.65
xdut.topn__t511                        1.38243
xdut.\$81__t201                           1.65
xdut.topn__t404                        1.38243
xdut.\$83__t65                            1.65
xdut.topn__t259                        1.38243
xdut.\$81__t209                           1.65
xdut.topn__t417                        1.38243
xdut.\$83__t104                           1.65
xdut.topn__t418                        1.38243
xdut.\$81__t210                           1.65
xdut.topn__t419                        1.38243
xdut.\$83__t105                           1.65
xdut.topn__t420                        1.38243
xdut.\$81__t211                           1.65
xdut.topn__t421                        1.38243
xdut.\$83__t106                           1.65
xdut.topn__t422                        1.38243
xdut.\$81__t215                           1.65
xdut.topn__t429                        1.38243
xdut.\$83__t110                           1.65
xdut.topn__t430                        1.38243
xdut.\$81__t110                           1.65
xdut.topn__t225                        1.38243
xdut.\$83__t52                            1.65
xdut.topn__t190                        1.38243
xdut.\$81__t92                            1.65
xdut.topn__t191                        1.38243
xdut.\$83__t53                            1.65
xdut.topn__t192                        1.38243
xdut.\$81__t102                           1.65
xdut.topn__t209                        1.38243
xdut.\$83__t54                            1.65
xdut.topn__t194                        1.38243
xdut.\$81__t94                            1.65
xdut.topn__t195                        1.38243
xdut.\$83__t55                            1.65
xdut.topn__t196                        1.38243
xdut.\$81__t95                            1.65
xdut.topn__t197                        1.38243
xdut.\$83__t56                            1.65
xdut.topn__t198                        1.38243
xdut.\$81__t96                            1.65
xdut.topn__t199                        1.38243
xdut.\$83__t57                            1.65
xdut.topn__t200                        1.38243
xdut.\$24__t25                            1.65
xdut.topp__t108                        2.80965
xdut.\$12__t61                            1.65
xdut.topp__t119                        2.80965
xdut.\$24__t24                            1.65
xdut.topp__t106                        2.80965
xdut.\$12__t55                            1.65
xdut.topp__t105                        2.80965
xdut.\$24__t23                            1.65
xdut.topp__t104                        2.80965
xdut.\$12__t54                            1.65
xdut.topp__t103                        2.80965
xdut.\$24__t22                            1.65
xdut.topp__t102                        2.80965
xdut.\$12__t53                            1.65
xdut.topp__t101                        2.80965
xdut.\$24__t21                            1.65
xdut.topp__t100                        2.80965
xdut.\$12__t52                            1.65
xdut.topp__t99                         2.80965
xdut.\$24__t20                            1.65
xdut.topp__t98                         2.80965
xdut.\$12__t51                            1.65
xdut.topp__t97                         2.80965
xdut.\$24__t19                            1.65
xdut.topp__t96                         2.80965
xdut.\$12__t50                            1.65
xdut.topp__t95                         2.80965
xdut.\$24__t18                            1.65
xdut.topp__t94                         2.80965
xdut.\$12__t49                            1.65
xdut.topp__t93                         2.80965
xdut.\$24__t16                            1.65
xdut.topp__t77                         2.80965
xdut.\$12__t16                            1.65
xdut.topp__t30                         2.80965
xdut.\$24__t76                            1.65
xdut.topp__t275                        2.80965
xdut.\$12__t154                           1.65
xdut.topp__t306                        2.80965
xdut.\$24__t88                            1.65
xdut.topp__t305                        2.80965
xdut.\$12__t153                           1.65
xdut.topp__t304                        2.80965
xdut.\$24__t87                            1.65
xdut.topp__t303                        2.80965
xdut.\$12__t152                           1.65
xdut.topp__t302                        2.80965
xdut.\$24__t86                            1.65
xdut.topp__t301                        2.80965
xdut.\$12__t151                           1.65
xdut.topp__t300                        2.80965
xdut.\$24__t85                            1.65
xdut.topp__t299                        2.80965
xdut.\$12__t150                           1.65
xdut.topp__t298                        2.80965
xdut.\$24__t84                            1.65
xdut.topp__t297                        2.80965
xdut.\$12__t149                           1.65
xdut.topp__t296                        2.80965
xdut.\$24__t83                            1.65
xdut.topp__t295                        2.80965
xdut.\$12__t148                           1.65
xdut.topp__t294                        2.80965
xdut.\$83__t39                            1.65
xdut.topn__t140                        1.38243
xdut.\$81__t67                            1.65
xdut.topn__t137                        1.38243
xdut.\$83__t66                            1.65
xdut.topn__t262                        1.38243
xdut.\$81__t130                           1.65
xdut.topn__t263                        1.38243
xdut.\$83__t67                            1.65
xdut.topn__t264                        1.38243
xdut.\$81__t131                           1.65
xdut.topn__t265                        1.38243
xdut.\$83__t68                            1.65
xdut.topn__t266                        1.38243
xdut.\$81__t132                           1.65
xdut.topn__t267                        1.38243
xdut.\$83__t69                            1.65
xdut.topn__t268                        1.38243
xdut.\$81__t133                           1.65
xdut.topn__t269                        1.38243
xdut.\$83__t70                            1.65
xdut.topn__t270                        1.38243
xdut.\$81__t134                           1.65
xdut.topn__t271                        1.38243
xdut.\$83__t71                            1.65
xdut.topn__t272                        1.38243
xdut.\$81__t93                            1.65
xdut.topn__t193                        1.38243
xdut.\$83__t61                            1.65
xdut.topn__t251                        1.38243
xdut.\$81__t124                           1.65
xdut.topn__t252                        1.38243
xdut.\$83__t62                            1.65
xdut.topn__t253                        1.38243
xdut.\$81__t125                           1.65
xdut.topn__t254                        1.38243
xdut.\$83__t63                            1.65
xdut.topn__t255                        1.38243
xdut.\$81__t126                           1.65
xdut.topn__t256                        1.38243
xdut.\$83__t46                            1.65
xdut.topn__t179                        1.38243
xdut.\$81__t98                            1.65
xdut.topn__t202                        1.38243
xdut.\$83__t58                            1.65
xdut.topn__t203                        1.38243
xdut.\$81__t99                            1.65
xdut.topn__t204                        1.38243
xdut.\$83__t59                            1.65
xdut.topn__t205                        1.38243
xdut.\$81__t100                           1.65
xdut.topn__t206                        1.38243
xdut.\$83__t60                            1.65
xdut.topn__t207                        1.38243
xdut.\$81__t101                           1.65
xdut.topn__t208                        1.38243
xdut.\$83__t64                            1.65
xdut.topn__t257                        1.38243
xdut.\$81__t135                           1.65
xdut.topn__t274                        1.38243
xdut.\$83__t73                            1.65
xdut.topn__t275                        1.38243
xdut.\$81__t138                           1.65
xdut.topn__t278                        1.38243
xdut.\$24__t11                            1.65
xdut.topp__t43                         2.80965
xdut.\$12__t23                            1.65
xdut.topp__t42                         2.80965
xdut.\$24__t12                            1.65
xdut.topp__t44                         2.80965
xdut.\$12__t3                             1.65
xdut.topp__t5                          2.80965
xdut.\$24__t1                             1.65
xdut.topp__t4                          2.80965
xdut.\$12__t26                            1.65
xdut.topp__t48                         2.80965
xdut.\$24__t14                            1.65
xdut.topp__t63                         2.80965
xdut.\$12__t24                            1.65
xdut.topp__t46                         2.80965
xdut.\$24__t13                            1.65
xdut.topp__t45                         2.80965
xdut.\$12__t57                            1.65
xdut.topp__t111                        2.80965
xdut.\$24__t4                             1.65
xdut.topp__t26                         2.80965
xdut.\$12__t14                            1.65
xdut.topp__t25                         2.80965
xdut.\$24__t3                             1.65
xdut.topp__t16                         2.80965
xdut.\$12__t5                             1.65
xdut.topp__t8                          2.80965
xdut.\$24__t2                             1.65
xdut.topp__t7                          2.80965
xdut.\$12__t4                             1.65
xdut.topp__t6                          2.80965
xdut.\$24__t5                             1.65
xdut.topp__t28                         2.80965
xdut.\$12__t15                            1.65
xdut.topp__t27                         2.80965
xdut.\$24__t75                            1.65
xdut.topp__t272                        2.80965
xdut.\$12__t145                           1.65
xdut.topp__t290                        2.80965
xdut.\$24__t81                            1.65
xdut.topp__t289                        2.80965
xdut.\$12__t144                           1.65
xdut.topp__t288                        2.80965
xdut.\$24__t80                            1.65
xdut.topp__t287                        2.80965
xdut.\$12__t143                           1.65
xdut.topp__t286                        2.80965
xdut.\$24__t79                            1.65
xdut.topp__t285                        2.80965
xdut.\$12__t142                           1.65
xdut.topp__t284                        2.80965
xdut.\$24__t78                            1.65
xdut.topp__t283                        2.80965
xdut.\$12__t141                           1.65
xdut.topp__t282                        2.80965
xdut.\$24__t77                            1.65
xdut.topp__t281                        2.80965
xdut.\$12__t140                           1.65
xdut.topp__t280                        2.80965
xdut.\$24__t66                            1.65
xdut.topp__t248                        2.80965
xdut.\$12__t46                            1.65
xdut.topp__t90                         2.80965
xdut.\$83__t0                             1.65
xdut.topn__t4                          1.38243
xdut.\$81__t1                             1.65
xdut.topn__t3                          1.38243
xdut.\$83__t121                           1.65
xdut.topn__t471                        1.38243
xdut.\$81__t228                           1.65
xdut.topn__t454                        1.38243
xdut.\$83__t114                           1.65
xdut.topn__t455                        1.38243
xdut.\$81__t229                           1.65
xdut.topn__t456                        1.38243
xdut.\$83__t115                           1.65
xdut.topn__t457                        1.38243
xdut.\$81__t230                           1.65
xdut.topn__t458                        1.38243
xdut.\$83__t116                           1.65
xdut.topn__t459                        1.38243
xdut.\$81__t231                           1.65
xdut.topn__t460                        1.38243
xdut.\$83__t117                           1.65
xdut.topn__t461                        1.38243
xdut.\$81__t127                           1.65
xdut.topn__t258                        1.38243
xdut.\$83__t124                           1.65
xdut.topn__t488                        1.38243
xdut.\$81__t245                           1.65
xdut.topn__t489                        1.38243
xdut.\$83__t122                           1.65
xdut.topn__t474                        1.38243
xdut.\$81__t241                           1.65
xdut.topn__t483                        1.38243
xdut.\$83__t123                           1.65
xdut.topn__t484                        1.38243
xdut.\$81__t242                           1.65
xdut.topn__t485                        1.38243
xdut.\$83__t125                           1.65
xdut.topn__t502                        1.38243
xdut.\$81__t244                           1.65
xdut.topn__t487                        1.38243
xdut.\$83__t47                            1.65
xdut.topn__t180                        1.38243
xdut.\$81__t139                           1.65
xdut.topn__t280                        1.38243
xdut.\$83__t75                            1.65
xdut.topn__t281                        1.38243
xdut.\$81__t140                           1.65
xdut.topn__t282                        1.38243
xdut.\$83__t76                            1.65
xdut.topn__t283                        1.38243
xdut.\$81__t141                           1.65
xdut.topn__t284                        1.38243
xdut.\$83__t77                            1.65
xdut.topn__t285                        1.38243
xdut.\$81__t142                           1.65
xdut.topn__t286                        1.38243
xdut.\$83__t78                            1.65
xdut.topn__t287                        1.38243
xdut.\$81__t143                           1.65
xdut.topn__t288                        1.38243
xdut.\$83__t80                            1.65
xdut.topn__t305                        1.38243
xdut.\$81__t144                           1.65
xdut.topn__t290                        1.38243
xdut.\$32__t0                             1.65
xdut.topp__t3                          2.80965
xdut.\$12__t2                             1.65
xdut.topp__t2                          2.80965
xdut.\$32__t8                             1.65
xdut.topp__t55                         2.80965
xdut.\$12__t29                            1.65
xdut.topp__t54                         2.80965
xdut.\$32__t7                             1.65
xdut.topp__t53                         2.80965
xdut.\$12__t28                            1.65
xdut.topp__t52                         2.80965
xdut.\$32__t6                             1.65
xdut.topp__t51                         2.80965
xdut.\$12__t27                            1.65
xdut.topp__t50                         2.80965
xdut.\$32__t5                             1.65
xdut.topp__t49                         2.80965
xdut.\$12__t56                            1.65
xdut.topp__t109                        2.80965
xdut.\$32__t4                             1.65
xdut.topp__t24                         2.80965
xdut.\$12__t13                            1.65
xdut.topp__t23                         2.80965
xdut.\$32__t3                             1.65
xdut.topp__t22                         2.80965
xdut.\$12__t12                            1.65
xdut.topp__t21                         2.80965
xdut.\$32__t2                             1.65
xdut.topp__t20                         2.80965
xdut.\$12__t11                            1.65
xdut.topp__t19                         2.80965
xdut.\$32__t1                             1.65
xdut.topp__t18                         2.80965
xdut.\$12__t10                            1.65
xdut.topp__t17                         2.80965
xdut.\$32__t27                            1.65
xdut.topp__t270                        2.80965
xdut.\$12__t44                            1.65
xdut.topp__t87                         2.80965
xdut.\$32__t14                            1.65
xdut.topp__t86                         2.80965
xdut.\$12__t43                            1.65
xdut.topp__t85                         2.80965
xdut.\$32__t13                            1.65
xdut.topp__t84                         2.80965
xdut.\$12__t42                            1.65
xdut.topp__t83                         2.80965
xdut.\$32__t12                            1.65
xdut.topp__t82                         2.80965
xdut.\$12__t41                            1.65
xdut.topp__t81                         2.80965
xdut.\$32__t11                            1.65
xdut.topp__t80                         2.80965
xdut.\$12__t40                            1.65
xdut.topp__t79                         2.80965
xdut.\$32__t10                            1.65
xdut.topp__t78                         2.80965
xdut.\$12__t47                            1.65
xdut.topp__t91                         2.80965
xdut.\$32__t9                             1.65
xdut.topp__t76                         2.80965
xdut.\$12__t39                            1.65
xdut.topp__t75                         2.80965
xdut.\$84__t1                             1.65
xdut.topn__t2                          1.38243
xdut.\$81__t0                             1.65
xdut.topn__t1                          1.38243
xdut.\$84__t62                            1.65
xdut.topn__t501                        1.38243
xdut.\$81__t243                           1.65
xdut.topn__t486                        1.38243
xdut.\$84__t54                            1.65
xdut.topn__t447                        1.38243
xdut.\$81__t225                           1.65
xdut.topn__t448                        1.38243
xdut.\$84__t55                            1.65
xdut.topn__t449                        1.38243
xdut.\$81__t226                           1.65
xdut.topn__t450                        1.38243
xdut.\$84__t56                            1.65
xdut.topn__t451                        1.38243
xdut.\$81__t227                           1.65
xdut.topn__t452                        1.38243
xdut.\$84__t57                            1.65
xdut.topn__t453                        1.38243
xdut.\$81__t128                           1.65
xdut.topn__t260                        1.38243
xdut.\$84__t59                            1.65
xdut.topn__t490                        1.38243
xdut.\$81__t246                           1.65
xdut.topn__t491                        1.38243
xdut.\$84__t60                            1.65
xdut.topn__t492                        1.38243
xdut.\$81__t247                           1.65
xdut.topn__t493                        1.38243
xdut.\$84__t61                            1.65
xdut.topn__t494                        1.38243
xdut.\$81__t255                           1.65
xdut.topn__t510                        1.38243
xdut.\$84__t58                            1.65
xdut.topn__t472                        1.38243
xdut.\$81__t236                           1.65
xdut.topn__t473                        1.38243
xdut.\$84__t16                            1.65
xdut.topn__t181                        1.38243
xdut.\$81__t146                           1.65
xdut.topn__t292                        1.38243
xdut.\$84__t26                            1.65
xdut.topn__t293                        1.38243
xdut.\$81__t147                           1.65
xdut.topn__t294                        1.38243
xdut.\$84__t27                            1.65
xdut.topn__t295                        1.38243
xdut.\$81__t148                           1.65
xdut.topn__t296                        1.38243
xdut.\$84__t28                            1.65
xdut.topn__t297                        1.38243
xdut.\$81__t149                           1.65
xdut.topn__t298                        1.38243
xdut.\$84__t29                            1.65
xdut.topn__t299                        1.38243
xdut.\$81__t150                           1.65
xdut.topn__t300                        1.38243
xdut.\$84__t30                            1.65
xdut.topn__t301                        1.38243
xdut.\$81__t151                           1.65
xdut.topn__t302                        1.38243
xdut.\$40__t0                             1.65
xdut.topp__t1                          2.80965
xdut.\$12__t25                            1.65
xdut.topp__t47                         2.80965
xdut.\$40__t7                             1.65
xdut.topp__t62                         2.80965
xdut.\$12__t32                            1.65
xdut.topp__t61                         2.80965
xdut.\$40__t6                             1.65
xdut.topp__t60                         2.80965
xdut.\$12__t31                            1.65
xdut.topp__t59                         2.80965
xdut.\$40__t5                             1.65
xdut.topp__t58                         2.80965
xdut.\$12__t30                            1.65
xdut.topp__t57                         2.80965
xdut.\$40__t4                             1.65
xdut.topp__t56                         2.80965
xdut.\$12__t48                            1.65
xdut.topp__t92                         2.80965
xdut.\$40__t3                             1.65
xdut.topp__t31                         2.80965
xdut.\$12__t9                             1.65
xdut.topp__t15                         2.80965
xdut.\$40__t2                             1.65
xdut.topp__t14                         2.80965
xdut.\$12__t8                             1.65
xdut.topp__t13                         2.80965
xdut.\$40__t1                             1.65
xdut.topp__t12                         2.80965
xdut.\$12__t7                             1.65
xdut.topp__t11                         2.80965
xdut.\$48__t0                             1.65
xdut.topp__t10                         2.80965
xdut.\$12__t6                             1.65
xdut.topp__t9                          2.80965
xdut.\$48__t8                             1.65
xdut.topp__t268                        2.80965
xdut.\$12__t37                            1.65
xdut.topp__t72                         2.80965
xdut.\$48__t2                             1.65
xdut.topp__t71                         2.80965
xdut.\$12__t36                            1.65
xdut.topp__t70                         2.80965
xdut.\$48__t1                             1.65
xdut.topp__t69                         2.80965
xdut.\$12__t35                            1.65
xdut.topp__t68                         2.80965
xdut.\$56__t1                             1.65
xdut.topp__t67                         2.80965
xdut.\$12__t34                            1.65
xdut.topp__t66                         2.80965
xdut.\$56__t0                             1.65
xdut.topp__t65                         2.80965
xdut.\$12__t33                            1.65
xdut.topp__t64                         2.80965
xdut.\$64__t0                             1.65
xdut.topp__t107                        2.80965
xdut.\$12__t60                            1.65
xdut.topp__t118                        2.80965
xdut.\$72__t0                             1.65
xdut.topp__t117                        2.80965
xdut.\$12__t59                            1.65
xdut.topp__t116                        2.80965
xdut.\$85__t0                             1.65
xdut.topn__t8                          1.38243
xdut.\$81__t3                             1.65
xdut.topn__t7                          1.38243
xdut.\$85__t25                            1.65
xdut.topn__t462                        1.38243
xdut.\$81__t232                           1.65
xdut.topn__t463                        1.38243
xdut.\$85__t26                            1.65
xdut.topn__t464                        1.38243
xdut.\$81__t248                           1.65
xdut.topn__t495                        1.38243
xdut.\$85__t29                            1.65
xdut.topn__t496                        1.38243
xdut.\$81__t249                           1.65
xdut.topn__t497                        1.38243
xdut.\$85__t30                            1.65
xdut.topn__t498                        1.38243
xdut.\$81__t250                           1.65
xdut.topn__t499                        1.38243
xdut.\$85__t31                            1.65
xdut.topn__t500                        1.38243
xdut.\$81__t129                           1.65
xdut.topn__t261                        1.38243
xdut.\$85__t27                            1.65
xdut.topn__t475                        1.38243
xdut.\$81__t237                           1.65
xdut.topn__t476                        1.38243
xdut.\$85__t28                            1.65
xdut.topn__t477                        1.38243
xdut.\$81__t238                           1.65
xdut.topn__t478                        1.38243
xdut.\$86__t14                            1.65
xdut.topn__t479                        1.38243
xdut.\$81__t239                           1.65
xdut.topn__t480                        1.38243
xdut.\$86__t15                            1.65
xdut.topn__t481                        1.38243
xdut.\$81__t240                           1.65
xdut.topn__t482                        1.38243
xdut.\$86__t6                             1.65
xdut.topn__t182                        1.38243
xdut.\$81__t152                           1.65
xdut.topn__t304                        1.38243
xdut.\$86__t8                             1.65
xdut.topn__t289                        1.38243
xdut.\$81__t119                           1.65
xdut.topn__t242                        1.38243
xdut.\$87__t4                             1.65
xdut.topn__t243                        1.38243
xdut.\$81__t120                           1.65
xdut.topn__t244                        1.38243
xdut.\$87__t5                             1.65
xdut.topn__t245                        1.38243
xdut.\$81__t121                           1.65
xdut.topn__t246                        1.38243
xdut.\$88__t2                             1.65
xdut.topn__t247                        1.38243
xdut.\$81__t122                           1.65
xdut.topn__t248                        1.38243
xdut.\$89__t0                             1.65
xdut.topn__t249                        1.38243
xdut.\$81__t123                           1.65
xdut.topn__t250                        1.38243
xdut.\$100                                 3.3
xdut.vsubs                                   0
xdut.\$102                                 3.3
xdut.\$104                                 3.3
xdut.\$106                                 3.3
xdut.\$108                                 3.3
xdut.\$11                                  3.3
xdut.\$110                                 3.3
xdut.\$112                                 3.3
xdut.\$114                                 3.3
xdut.\$116                                 3.3
xdut.\$118                                 3.3
xdut.\$12                                 1.65
xdut.\$120                                 3.3
xdut.\$122                                 3.3
xdut.\$124                                 3.3
xdut.\$126                                 3.3
xdut.\$127                                 3.3
xdut.\$129                         2.16177e-09
xdut.\$130                                 3.3
xdut.\$132                         2.12095e-09
xdut.\$133                                 3.3
xdut.\$135                         2.08024e-09
xdut.\$136                                 3.3
xdut.\$138                         2.03987e-09
xdut.\$139                                 3.3
xdut.\$141                         2.00248e-09
xdut.\$142                                 3.3
xdut.\$144                          2.0164e-09
xdut.\$145                                 3.3
xdut.\$147                         2.05596e-09
xdut.\$148                                 3.3
xdut.\$150                         2.09653e-09
xdut.\$151                                 3.3
xdut.\$153                          2.1373e-09
xdut.\$157                                 3.3
xdut.\$158                                 3.3
xdut.\$17                                  3.3
xdut.\$19                          2.12146e-09
xdut.\$21                                  3.3
xdut.\$23                                  3.3
xdut.\$24                                 1.65
xdut.\$25                                  3.3
xdut.\$27                          2.08096e-09
xdut.\$29                                  3.3
xdut.\$31                                  3.3
xdut.\$32                                 1.65
xdut.\$33                                  3.3
xdut.\$35                          2.04111e-09
xdut.\$37                                  3.3
xdut.\$39                                  3.3
xdut.\$40                                 1.65
xdut.\$41                                  3.3
xdut.\$43                          2.00608e-09
xdut.\$45                                  3.3
xdut.\$47                                  3.3
xdut.\$48                                 1.65
xdut.\$49                                  3.3
xdut.\$5                                   3.3
xdut.\$51                          2.01853e-09
xdut.\$53                                  3.3
xdut.\$55                                  3.3
xdut.\$56                                 1.65
xdut.\$57                                  3.3
xdut.\$59                          2.05692e-09
xdut.\$61                                  3.3
xdut.\$63                                  3.3
xdut.\$64                                 1.65
xdut.\$65                                  3.3
xdut.\$67                          2.09714e-09
xdut.\$69                                  3.3
xdut.\$7                           2.16216e-09
xdut.\$71                                  3.3
xdut.\$72                                 1.65
xdut.\$73                                  3.3
xdut.\$75                          2.13775e-09
xdut.\$77                                  3.3
xdut.\$79                                  3.3
xdut.\$80                                 1.65
xdut.\$81                                 1.65
xdut.\$83                                 1.65
xdut.\$84                                 1.65
xdut.\$85                                 1.65
xdut.\$86                                 1.65
xdut.\$87                                 1.65
xdut.\$88                                 1.65
xdut.\$89                                 1.65
xdut.\$9                                   3.3
xdut.\$90                                 1.65
xdut.\$92                                  3.3
xdut.\$94                                  3.3
xdut.\$96                                  3.3
xdut.\$98                                  3.3
se_topn                                1.38243
se_topp                                2.80965
se_ibias                               0.69564
xsecmp.xpre.ptail                      1.71441
xsecmp.pon                             1.93174
xsecmp.preamp_in1                      2.80965
xsecmp.pop                                 3.3
xsecmp.preamp_in2                      1.38243
xsecmp.xpre.xrlp.11                        3.3
xsecmp.xpre.xrlp.21                        3.3
xsecmp.xpre.xrln.11                    3.29846
xsecmp.xpre.xrln.21                    1.93328
xsecmp.xlat.ltail                      2.48586
xsecmp.xlat.dip                            3.3
xsecmp.xlat.din                            3.3
xsecmp.outn                                3.3
xsecmp.outp                                3.3
xsecmp.sset                        4.86735e-09
xsecmp.srst                        4.86735e-09
xsecmp.xno1.ps                         3.06374
se_cmpb                                 1.3502
xsecmp.xno2.ps                         3.06374
se_code                                      0
bsecode#branch                               0
lref#branch                        5.94945e-11
lvddpin#branch                     0.000890013
v.xsecmp.vpn#branch                          0
v.xsecmp.vpp#branch                          0
vsemode#branch                               0
vsestart#branch                              0
vsevinn#branch                     4.40484e-14
vseinp#branch                      4.99333e-11
vcms#branch                       -1.75758e-12
vrefs#branch                      -5.94945e-11
vddc#branch                       -0.000890012
vddd#branch                       -5.77451e-10
vddt#branch                       -4.05869e-17
vddsup#branch                     -0.000890013
vcmpclkb#branch                              0
vcmpclk#branch                               0
vclk#branch                                  0
a.xsectrl.a_gn#branch_1_0         -1.21271e-17
a.xsectrl.a_gn#branch_1_1                    0
a.xsectrl.a_gn#branch_1_2                    0
a.xsectrl.a_gn#branch_1_3         -1.21271e-17
a.xsectrl.a_gn#branch_1_4                    0
a.xsectrl.a_gn#branch_1_5                    0
a.xsectrl.a_gn#branch_1_6         -1.21271e-17
a.xsectrl.a_gn#branch_1_7                    0
a.xsectrl.a_gn#branch_1_8                    0
a.xsectrl.a_gn#branch_1_9         -1.21271e-17
a.xsectrl.a_gn#branch_1_10                   0
a.xsectrl.a_gn#branch_1_11                   0
a.xsectrl.a_gn#branch_1_12        -1.21271e-17
a.xsectrl.a_gn#branch_1_13                   0
a.xsectrl.a_gn#branch_1_14                   0
a.xsectrl.a_gn#branch_1_15        -1.21271e-17
a.xsectrl.a_gn#branch_1_16                   0
a.xsectrl.a_gn#branch_1_17                   0
a.xsectrl.a_gn#branch_1_18        -1.21271e-17
a.xsectrl.a_gn#branch_1_19                   0
a.xsectrl.a_gn#branch_1_20                   0
a.xsectrl.a_gn#branch_1_21        -1.21271e-17
a.xsectrl.a_gn#branch_1_22                   0
a.xsectrl.a_gn#branch_1_23                   0
a.xsectrl.a_gn#branch_1_24        -1.21271e-17
a.xsectrl.a_gn#branch_1_25                   0
a.xsectrl.a_gn#branch_1_26                   0
a.xsectrl.a_gn#branch_1_27        -1.21271e-17
a.xsectrl.a_gn#branch_1_28                   0
a.xsectrl.a_gn#branch_1_29                   0
a.xsectrl.a_gn#branch_1_30        -1.21271e-17
a.xsectrl.a_gn#branch_1_31                   0
a.xsectrl.a_gn#branch_1_32                   0
a.xsectrl.a_gn#branch_1_33        -1.21271e-17
a.xsectrl.a_gn#branch_1_34                   0
a.xsectrl.a_gn#branch_1_35                   0
a.xsectrl.a_gn#branch_1_36        -1.21271e-17
a.xsectrl.a_gn#branch_1_37                   0
a.xsectrl.a_gn#branch_1_38                   0
a.xsectrl.a_gn#branch_1_39        -1.21271e-17
a.xsectrl.a_gn#branch_1_40                   0
a.xsectrl.a_gn#branch_1_41                   0
a.xsectrl.a_gn#branch_1_42        -1.21271e-17
a.xsectrl.a_gn#branch_1_43                   0
a.xsectrl.a_gn#branch_1_44                   0
a.xsectrl.a_gn#branch_1_45        -1.21271e-17
a.xsectrl.a_gn#branch_1_46                   0
a.xsectrl.a_gn#branch_1_47                   0
a.xsectrl.a_gn#branch_1_48        -1.21271e-17
a.xsectrl.a_gn#branch_1_49                   0
a.xsectrl.a_gn#branch_1_50                   0
a.xsectrl.a_gn#branch_1_51        -1.21271e-17
a.xsectrl.a_gn#branch_1_52                   0
a.xsectrl.a_gn#branch_1_53                   0
a.xsectrl.a_dout#branch_1_0                  0
a.xsectrl.a_dout#branch_1_1                  0
a.xsectrl.a_dout#branch_1_2                  0
a.xsectrl.a_dout#branch_1_3                  0
a.xsectrl.a_dout#branch_1_4                  0
a.xsectrl.a_dout#branch_1_5                  0
a.xsectrl.a_dout#branch_1_6                  0
a.xsectrl.a_dout#branch_1_7                  0
a.xsectrl.a_dout#branch_1_8                  0
a.xsectrl.a_dout#branch_1_9                  0
a.xsectrl.a_dout#branch_1_10                 0
a.xsectrl.a_dout#branch_1_11                 0
a.xsectrl.a_dout#branch_1_12                 0

 Reference value :  0.00000e+00
 Reference value :  2.54106e-09
 Reference value :  2.95408e-09
 Reference value :  3.12975e-08
 Reference value :  3.15360e-08
 Reference value :  6.26449e-08
 Reference value :  7.91914e-08
 Reference value :  9.38681e-08
 Reference value :  1.25065e-07
 Reference value :  1.25610e-07
 Reference value :  1.56369e-07
 Reference value :  1.58743e-07
 Reference value :  1.87889e-07
 Reference value :  1.90203e-07
 Reference value :  2.18897e-07
 Reference value :  2.19415e-07
 Reference value :  2.50308e-07
 Reference value :  2.52844e-07
 Reference value :  2.58974e-07
 Reference value :  2.81367e-07
 Reference value :  2.86731e-07
 Reference value :  3.12848e-07
 Reference value :  3.15063e-07
 Reference value :  3.43803e-07
 Reference value :  3.44262e-07
 Reference value :  3.75332e-07
 Reference value :  3.77601e-07
 Reference value :  4.06315e-07
 Reference value :  4.06848e-07
 Reference value :  4.37796e-07
 Reference value :  4.40070e-07
 Reference value :  4.68818e-07
 Reference value :  4.70145e-07
 Reference value :  5.00296e-07
 Reference value :  5.02552e-07
 Reference value :  5.31309e-07
 Reference value :  5.32342e-07
 Reference value :  5.62802e-07
 Reference value :  5.65051e-07
 Reference value :  5.93820e-07
 Reference value :  5.94009e-07
 Reference value :  6.25216e-07
 Reference value :  6.27551e-07
 Reference value :  6.56329e-07
 Reference value :  6.76176e-07
 Reference value :  6.87912e-07
 Reference value :  6.90138e-07
 Reference value :  7.18782e-07
 Reference value :  7.19087e-07
 Reference value :  7.50308e-07
 Reference value :  7.52550e-07
 Reference value :  7.81340e-07
 Reference value :  8.10298e-07
 Reference value :  8.12954e-07
 Reference value :  8.14957e-07
 Reference value :  8.15363e-07
 Reference value :  8.43953e-07
 Reference value :  8.44416e-07
 Reference value :  8.75385e-07
 Reference value :  8.77687e-07
 Reference value :  9.06326e-07
 Reference value :  9.06663e-07
 Reference value :  9.37681e-07
 Reference value :  9.40072e-07
 Reference value :  9.68886e-07
 Reference value :  1.00012e-06
 Reference value :  1.00228e-06
 Reference value :  1.00273e-06
 Reference value :  1.00558e-06
 Reference value :  1.03135e-06
 Reference value :  1.03163e-06
 Reference value :  1.06269e-06
 Reference value :  1.09120e-06
 Reference value :  1.09399e-06
 Reference value :  1.12512e-06
 Reference value :  1.12531e-06
 Reference value :  1.15631e-06
 Reference value :  1.15662e-06
 Reference value :  1.18769e-06
 Reference value :  1.19000e-06
 Reference value :  1.21880e-06
 Reference value :  1.21910e-06
 Reference value :  1.25016e-06
 Reference value :  1.25268e-06
 Reference value :  1.25313e-06
 Reference value :  1.28135e-06
 Reference value :  1.28210e-06
 Reference value :  1.31279e-06
 Reference value :  1.31500e-06
 Reference value :  1.31593e-06
 Reference value :  1.34384e-06
 Reference value :  1.37510e-06
 Reference value :  1.37552e-06
 Reference value :  1.37789e-06
 Reference value :  1.40633e-06
 Reference value :  1.43760e-06
 Reference value :  1.43772e-06
 Reference value :  1.43977e-06
 Reference value :  1.44272e-06
 Reference value :  1.46886e-06
 Reference value :  1.50010e-06
 Reference value :  1.50081e-06
 Reference value :  1.50291e-06
 Reference value :  1.53134e-06
 Reference value :  1.56260e-06
 Reference value :  1.56477e-06
 Reference value :  1.56653e-06
 Reference value :  1.59387e-06
 Reference value :  1.62514e-06
 Reference value :  1.62729e-06
 Reference value :  1.63742e-06
 Reference value :  1.65640e-06
 Reference value :  1.68760e-06
 Reference value :  1.68819e-06
 Reference value :  1.69033e-06
 Reference value :  1.71887e-06
 Reference value :  1.75010e-06
 Reference value :  1.75069e-06
 Reference value :  1.75301e-06
 Reference value :  1.78127e-06
 Reference value :  1.78146e-06
 Reference value :  1.81266e-06
 Reference value :  1.81483e-06
 Reference value :  1.84376e-06
 Reference value :  1.84402e-06
 Reference value :  1.84656e-06
 Reference value :  1.87516e-06
 Reference value :  1.87576e-06
 Reference value :  1.87775e-06
 Reference value :  1.90631e-06
 Reference value :  1.90654e-06
 Reference value :  1.93762e-06
 Reference value :  1.94655e-06
 Reference value :  1.96892e-06
 Reference value :  2.00016e-06
 Reference value :  2.00229e-06
 Reference value :  2.00275e-06
 Reference value :  2.00971e-06
 Reference value :  2.03146e-06
 Reference value :  2.03165e-06
 Reference value :  2.06270e-06
 Reference value :  2.06306e-06
 Reference value :  2.09387e-06
 Reference value :  2.11746e-06
 Reference value :  2.12548e-06
 Reference value :  2.15637e-06
 Reference value :  2.15668e-06
 Reference value :  2.18770e-06
 Reference value :  2.19005e-06
 Reference value :  2.21883e-06
 Reference value :  2.21936e-06
 Reference value :  2.25028e-06
 Reference value :  2.25267e-06
 Reference value :  2.25314e-06
 Reference value :  2.28128e-06
 Reference value :  2.28149e-06
 Reference value :  2.31260e-06
 Reference value :  2.31305e-06
 Reference value :  2.31585e-06
 Reference value :  2.34385e-06
 Reference value :  2.37510e-06
 Reference value :  2.37727e-06
 Reference value :  2.38379e-06
 Reference value :  2.40640e-06
 Reference value :  2.43769e-06
 Reference value :  2.43984e-06
 Reference value :  2.46434e-06
 Reference value :  2.46894e-06
 Reference value :  2.50000e-06
 Reference value :  2.50040e-06
 Reference value :  2.50272e-06
 Reference value :  2.53133e-06
 Reference value :  2.56253e-06
 Reference value :  2.56297e-06
 Reference value :  2.56518e-06
 Reference value :  2.59377e-06
 Reference value :  2.59401e-06
 Reference value :  2.62520e-06
 Reference value :  2.62740e-06
 Reference value :  2.65626e-06
 Reference value :  2.65646e-06
 Reference value :  2.68770e-06
 Reference value :  2.68994e-06
 Reference value :  2.71880e-06
 Reference value :  2.71983e-06
 Reference value :  2.75041e-06
 Reference value :  2.75269e-06
 Reference value :  2.78135e-06
 Reference value :  2.79228e-06
 Reference value :  2.81268e-06
 Reference value :  2.81493e-06
 Reference value :  2.81513e-06
 Reference value :  2.84375e-06
 Reference value :  2.84401e-06
 Reference value :  2.84420e-06
 Reference value :  2.87510e-06
 Reference value :  2.87545e-06
 Reference value :  2.87778e-06
 Reference value :  2.90636e-06
 Reference value :  2.90673e-06
 Reference value :  2.93773e-06
 Reference value :  2.96255e-06
 Reference value :  2.96891e-06
 Reference value :  3.00012e-06
 Reference value :  3.00226e-06
 Reference value :  3.00267e-06
 Reference value :  3.00307e-06
 Reference value :  3.03132e-06
 Reference value :  3.03163e-06
 Reference value :  3.03522e-06
 Reference value :  3.06283e-06
 Reference value :  3.09379e-06
 Reference value :  3.09404e-06
 Reference value :  3.12513e-06
 Reference value :  3.12544e-06
 Reference value :  3.15634e-06
 Reference value :  3.15682e-06
 Reference value :  3.18758e-06
 Reference value :  3.18791e-06
 Reference value :  3.19013e-06
 Reference value :  3.21884e-06
 Reference value :  3.21936e-06
 Reference value :  3.25021e-06
 Reference value :  3.25044e-06
 Reference value :  3.25292e-06
 Reference value :  3.28128e-06
 Reference value :  3.28149e-06
 Reference value :  3.31256e-06
 Reference value :  3.31294e-06
 Reference value :  3.31511e-06
 Reference value :  3.34382e-06
 Reference value :  3.34596e-06
 Reference value :  3.37531e-06
 Reference value :  3.37755e-06
 Reference value :  3.40630e-06
 Reference value :  3.40645e-06
 Reference value :  3.43768e-06
 Reference value :  3.44006e-06
 Reference value :  3.46883e-06
 Reference value :  3.47096e-06
 Reference value :  3.50028e-06
 Reference value :  3.50251e-06
 Reference value :  3.53125e-06
 Reference value :  3.53142e-06
 Reference value :  3.56262e-06
 Reference value :  3.56316e-06
 Reference value :  3.56510e-06
 Reference value :  3.59382e-06
 Reference value :  3.59435e-06
 Reference value :  3.62530e-06
 Reference value :  3.62753e-06
 Reference value :  3.65632e-06
 Reference value :  3.65688e-06
 Reference value :  3.68762e-06
 Reference value :  3.68976e-06
 Reference value :  3.69094e-06
 Reference value :  3.71885e-06
 Reference value :  3.74676e-06
 Reference value :  3.75037e-06
 Reference value :  3.75236e-06
 Reference value :  3.78128e-06
 Reference value :  3.78151e-06
 Reference value :  3.81269e-06
 Reference value :  3.81486e-06
 Reference value :  3.83706e-06
 Reference value :  3.84395e-06
 Reference value :  3.84426e-06
 Reference value :  3.87519e-06
 Reference value :  3.87664e-06
 Reference value :  3.87775e-06
 Reference value :  3.90632e-06
 Reference value :  3.90656e-06
 Reference value :  3.93766e-06
 Reference value :  3.93862e-06
 Reference value :  3.96883e-06
 Reference value :  3.97638e-06
 Reference value :  4.00031e-06
 Reference value :  4.00251e-06
 Reference value :  4.00275e-06
 Reference value :  4.00374e-06
 Reference value :  4.03133e-06
 Reference value :  4.03164e-06
 Reference value :  4.06268e-06
 Reference value :  4.07527e-06
 Reference value :  4.09393e-06
 Reference value :  4.12313e-06
 Reference value :  4.12545e-06
 Reference value :  4.15634e-06
 Reference value :  4.15653e-06
 Reference value :  4.18591e-06
 Reference value :  4.18789e-06
 Reference value :  4.19014e-06
 Reference value :  4.21883e-06
 Reference value :  4.21916e-06
 Reference value :  4.25018e-06
 Reference value :  4.25267e-06
 Reference value :  4.25299e-06
 Reference value :  4.28131e-06
 Reference value :  4.28159e-06
 Reference value :  4.31269e-06
 Reference value :  4.31391e-06
 Reference value :  4.31585e-06
 Reference value :  4.34385e-06
 Reference value :  4.34401e-06
 Reference value :  4.37519e-06
 Reference value :  4.37728e-06
 Reference value :  4.37957e-06
 Reference value :  4.40635e-06
 Reference value :  4.41984e-06
 Reference value :  4.43780e-06
 Reference value :  4.43982e-06
 Reference value :  4.44321e-06
 Reference value :  4.46885e-06
 Reference value :  4.48443e-06
 Reference value :  4.50028e-06
 Reference value :  4.50249e-06
 Reference value :  4.52939e-06
 Reference value :  4.53132e-06
 Reference value :  4.54753e-06
 Reference value :  4.56262e-06
 Reference value :  4.56395e-06
 Reference value :  4.56653e-06
 Reference value :  4.59385e-06
 Reference value :  4.62510e-06
 Reference value :  4.62639e-06
 Reference value :  4.62847e-06
 Reference value :  4.65635e-06
 Reference value :  4.67619e-06
 Reference value :  4.68783e-06
 Reference value :  4.69001e-06
 Reference value :  4.71880e-06
 Reference value :  4.71911e-06
 Reference value :  4.75020e-06
 Reference value :  4.75241e-06
 Reference value :  4.77715e-06
 Reference value :  4.78145e-06
 Reference value :  4.81262e-06
 Reference value :  4.81319e-06
 Reference value :  4.81526e-06
 Reference value :  4.84384e-06
 Reference value :  4.84421e-06
 Reference value :  4.87510e-06
 Reference value :  4.87545e-06
 Reference value :  4.87760e-06
 Reference value :  4.90631e-06
 Reference value :  4.90655e-06
 Reference value :  4.93769e-06
 Reference value :  4.94021e-06
 Reference value :  4.96885e-06
 Reference value :  4.99009e-06
 Reference value :  5.00035e-06
 Reference value :  5.00244e-06
 Reference value :  5.00288e-06
 Reference value :  5.01726e-06
 Reference value :  5.03145e-06
 Reference value :  5.06264e-06
 Reference value :  5.07489e-06
 Reference value :  5.09391e-06
 Reference value :  5.12511e-06
 Reference value :  5.13183e-06
 Reference value :  5.15633e-06
 Reference value :  5.15677e-06
 Reference value :  5.18770e-06
 Reference value :  5.18999e-06
 Reference value :  5.21879e-06
 Reference value :  5.21917e-06
 Reference value :  5.25020e-06
 Reference value :  5.25272e-06
 Reference value :  5.25291e-06
 Reference value :  5.28126e-06
 Reference value :  5.28141e-06
 Reference value :  5.31262e-06
 Reference value :  5.31302e-06
 Reference value :  5.31510e-06
 Reference value :  5.34381e-06
 Reference value :  5.34397e-06
 Reference value :  5.34431e-06
 Reference value :  5.37520e-06
 Reference value :  5.37735e-06
 Reference value :  5.38295e-06
 Reference value :  5.40635e-06
 Reference value :  5.40660e-06
 Reference value :  5.43770e-06
 Reference value :  5.43983e-06
 Reference value :  5.45002e-06
 Reference value :  5.46887e-06
 Reference value :  5.50006e-06
 Reference value :  5.50040e-06
 Reference value :  5.50255e-06
 Reference value :  5.53130e-06
 Reference value :  5.53164e-06
 Reference value :  5.56280e-06
 Reference value :  5.56500e-06
 Reference value :  5.59378e-06
 Reference value :  5.59395e-06
 Reference value :  5.62510e-06
 Reference value :  5.62543e-06
 Reference value :  5.62760e-06
 Reference value :  5.65632e-06
 Reference value :  5.65657e-06
 Reference value :  5.68770e-06
 Reference value :  5.68986e-06
 Reference value :  5.69608e-06
 Reference value :  5.71885e-06
 Reference value :  5.74190e-06
 Reference value :  5.75037e-06
 Reference value :  5.75254e-06
 Reference value :  5.78130e-06
 Reference value :  5.78159e-06
 Reference value :  5.81269e-06
 Reference value :  5.81477e-06
 Reference value :  5.81548e-06
 Reference value :  5.84385e-06
 Reference value :  5.85761e-06
 Reference value :  5.87535e-06
 Reference value :  5.87752e-06
 Reference value :  5.90047e-06
 Reference value :  5.90642e-06
 Reference value :  5.93764e-06
 Reference value :  5.93952e-06
 Reference value :  5.96883e-06
 Reference value :  5.97432e-06
 Reference value :  6.00029e-06
 Reference value :  6.00250e-06
 Reference value :  6.00288e-06
 Reference value :  6.02392e-06
 Reference value :  6.03145e-06
 Reference value :  6.03210e-06
 Reference value :  6.06275e-06
 Reference value :  6.09378e-06
 Reference value :  6.09401e-06
 Reference value :  6.12324e-06
 Reference value :  6.12537e-06
 Reference value :  6.13567e-06
 Reference value :  6.15639e-06
 Reference value :  6.15707e-06
 Reference value :  6.18785e-06
 Reference value :  6.18978e-06
 Reference value :  6.21282e-06
 Reference value :  6.21897e-06
 Reference value :  6.21992e-06
 Reference value :  6.25028e-06
 Reference value :  6.25289e-06
 Reference value :  6.26964e-06
 Reference value :  6.28137e-06
 Reference value :  6.28157e-06
 Reference value :  6.31264e-06
 Reference value :  6.31302e-06
 Reference value :  6.31512e-06
 Reference value :  6.34381e-06
 Reference value :  6.34412e-06
 Reference value :  6.37512e-06
 Reference value :  6.37561e-06
 Reference value :  6.37767e-06
 Reference value :  6.40632e-06
 Reference value :  6.40655e-06
 Reference value :  6.43762e-06
 Reference value :  6.43791e-06
 Reference value :  6.44003e-06
 Reference value :  6.46878e-06
 Reference value :  6.46901e-06
 Reference value :  6.50018e-06
 Reference value :  6.50208e-06
 Reference value :  6.50272e-06
 Reference value :  6.53132e-06
 Reference value :  6.53289e-06
 Reference value :  6.56279e-06
 Reference value :  6.56499e-06
 Reference value :  6.59378e-06
 Reference value :  6.59394e-06
 Reference value :  6.62512e-06
 Reference value :  6.62727e-06
 Reference value :  6.62836e-06
 Reference value :  6.65639e-06
 Reference value :  6.68756e-06
 Reference value :  6.68796e-06
 Reference value :  6.69010e-06
 Reference value :  6.71882e-06
 Reference value :  6.71911e-06
 Reference value :  6.75020e-06
 Reference value :  6.75236e-06
 Reference value :  6.76468e-06
 Reference value :  6.78141e-06
 Reference value :  6.81256e-06
 Reference value :  6.81270e-06
 Reference value :  6.81482e-06
 Reference value :  6.83987e-06
 Reference value :  6.84391e-06
 Reference value :  6.87503e-06
 Reference value :  6.87541e-06
 Reference value :  6.87755e-06
 Reference value :  6.90628e-06
 Reference value :  6.90644e-06
 Reference value :  6.93762e-06
 Reference value :  6.93806e-06
 Reference value :  6.96883e-06
 Reference value :  6.97098e-06
 Reference value :  7.00028e-06
 Reference value :  7.00247e-06
 Reference value :  7.00286e-06
 Reference value :  7.02394e-06
 Reference value :  7.03145e-06
 Reference value :  7.03199e-06
 Reference value :  7.06265e-06
 Reference value :  7.06320e-06
 Reference value :  7.09385e-06
 Reference value :  7.09529e-06
 Reference value :  7.12528e-06
 Reference value :  7.12548e-06
 Reference value :  7.15633e-06
 Reference value :  7.15674e-06
 Reference value :  7.18770e-06
 Reference value :  7.18996e-06
 Reference value :  7.21879e-06
 Reference value :  7.21907e-06
 Reference value :  7.21926e-06
 Reference value :  7.25020e-06
 Reference value :  7.25272e-06
 Reference value :  7.25321e-06
 Reference value :  7.28133e-06
 Reference value :  7.28158e-06
 Reference value :  7.31262e-06
 Reference value :  7.31296e-06
 Reference value :  7.31510e-06
 Reference value :  7.34381e-06
 Reference value :  7.34410e-06
 Reference value :  7.37503e-06
 Reference value :  7.37540e-06
 Reference value :  7.37757e-06
 Reference value :  7.40630e-06
 Reference value :  7.40648e-06
 Reference value :  7.43615e-06
 Reference value :  7.43787e-06
 Reference value :  7.44001e-06
 Reference value :  7.46876e-06
 Reference value :  7.46894e-06
 Reference value :  7.46921e-06
 Reference value :  7.50022e-06
 Reference value :  7.50239e-06
 Reference value :  7.50442e-06
 Reference value :  7.53135e-06
 Reference value :  7.55955e-06
 Reference value :  7.56286e-06
 Reference value :  7.56505e-06
 Reference value :  7.59381e-06
 Reference value :  7.59410e-06
 Reference value :  7.62520e-06
 Reference value :  7.62728e-06
 Reference value :  7.62889e-06
 Reference value :  7.65636e-06
 Reference value :  7.68751e-06
 Reference value :  7.68796e-06
 Reference value :  7.69009e-06
 Reference value :  7.71882e-06
 Reference value :  7.71988e-06
 Reference value :  7.75031e-06
 Reference value :  7.75252e-06
 Reference value :  7.78130e-06
 Reference value :  7.78162e-06
 Reference value :  7.81270e-06
 Reference value :  7.81488e-06
 Reference value :  7.84184e-06
 Reference value :  7.84404e-06
 Reference value :  7.87519e-06
 Reference value :  7.87731e-06
 Reference value :  7.87868e-06
 Reference value :  7.90634e-06
 Reference value :  7.93014e-06
 Reference value :  7.93787e-06
 Reference value :  7.96881e-06
 Reference value :  7.96910e-06
 Reference value :  8.00022e-06
 Reference value :  8.00243e-06
 Reference value :  8.00284e-06
 Reference value :  8.01796e-06
 Reference value :  8.03146e-06
 Reference value :  8.04838e-06
 Reference value :  8.06287e-06
 Reference value :  8.09382e-06
 Reference value :  8.09494e-06
 Reference value :  8.12510e-06
 Reference value :  8.12561e-06
 Reference value :  8.15635e-06
 Reference value :  8.18392e-06
 Reference value :  8.18791e-06
 Reference value :  8.19011e-06
 Reference value :  8.21884e-06
 Reference value :  8.21957e-06
 Reference value :  8.25031e-06
 Reference value :  8.25267e-06
 Reference value :  8.25309e-06
 Reference value :  8.28135e-06
 Reference value :  8.28356e-06
 Reference value :  8.31281e-06
 Reference value :  8.31502e-06
 Reference value :  8.34379e-06
 Reference value :  8.34397e-06
 Reference value :  8.36352e-06
 Reference value :  8.37533e-06
 Reference value :  8.37731e-06
 Reference value :  8.38165e-06
 Reference value :  8.40638e-06
 Reference value :  8.43760e-06
 Reference value :  8.43831e-06
 Reference value :  8.44045e-06
 Reference value :  8.46883e-06
 Reference value :  8.48646e-06
 Reference value :  8.50036e-06
 Reference value :  8.50255e-06
 Reference value :  8.53128e-06
 Reference value :  8.53152e-06
 Reference value :  8.56270e-06
 Reference value :  8.56491e-06
 Reference value :  8.57332e-06
 Reference value :  8.59388e-06
 Reference value :  8.59413e-06
 Reference value :  8.62520e-06
 Reference value :  8.62738e-06
 Reference value :  8.65626e-06
 Reference value :  8.65647e-06
 Reference value :  8.68769e-06
 Reference value :  8.68990e-06
 Reference value :  8.71007e-06
 Reference value :  8.71890e-06
 Reference value :  8.75010e-06
 Reference value :  8.75052e-06
 Reference value :  8.75314e-06
 Reference value :  8.78135e-06
 Reference value :  8.80724e-06
 Reference value :  8.81289e-06
 Reference value :  8.81507e-06
 Reference value :  8.84381e-06
 Reference value :  8.84424e-06
 Reference value :  8.87531e-06
 Reference value :  8.87754e-06
 Reference value :  8.90627e-06
 Reference value :  8.90653e-06
 Reference value :  8.90678e-06
 Reference value :  8.93770e-06
 Reference value :  8.96875e-06
 Reference value :  8.96883e-06
 Reference value :  8.96978e-06
 Reference value :  9.00035e-06
 Reference value :  9.00258e-06
 Reference value :  9.00279e-06
 Reference value :  9.03127e-06
 Reference value :  9.03154e-06
 Reference value :  9.06264e-06
 Reference value :  9.09376e-06
 Reference value :  9.09429e-06
 Reference value :  9.12300e-06
 Reference value :  9.12545e-06
 Reference value :  9.15635e-06
 Reference value :  9.15679e-06
 Reference value :  9.18768e-06
 Reference value :  9.18985e-06
 Reference value :  9.21879e-06
 Reference value :  9.21914e-06
 Reference value :  9.22479e-06
 Reference value :  9.25038e-06
 Reference value :  9.25301e-06
 Reference value :  9.28145e-06
 Reference value :  9.30917e-06
 Reference value :  9.31301e-06
 Reference value :  9.31518e-06
 Reference value :  9.34382e-06
 Reference value :  9.34408e-06
 Reference value :  9.37519e-06
 Reference value :  9.37594e-06
 Reference value :  9.37899e-06
 Reference value :  9.40634e-06
 Reference value :  9.40646e-06
 Reference value :  9.43769e-06
 Reference value :  9.43979e-06
 Reference value :  9.44295e-06
 Reference value :  9.46885e-06
 Reference value :  9.50003e-06
 Reference value :  9.50044e-06
 Reference value :  9.50259e-06
 Reference value :  9.53131e-06
 Reference value :  9.53161e-06
 Reference value :  9.56271e-06
 Reference value :  9.56493e-06
 Reference value :  9.57735e-06
 Reference value :  9.59388e-06
 Reference value :  9.62512e-06
 Reference value :  9.62728e-06
 Reference value :  9.65084e-06
 Reference value :  9.65648e-06
 Reference value :  9.68769e-06
 Reference value :  9.68989e-06
 Reference value :  9.71876e-06
 Reference value :  9.71898e-06
 Reference value :  9.75020e-06
 Reference value :  9.75241e-06
 Reference value :  9.78126e-06
 Reference value :  9.78149e-06
 Reference value :  9.81269e-06
 Reference value :  9.81486e-06
 Reference value :  9.83688e-06
 Reference value :  9.84394e-06
 Reference value :  9.87513e-06
 Reference value :  9.87728e-06
 Reference value :  9.87849e-06
 Reference value :  9.90634e-06
 Reference value :  9.91944e-06
 Reference value :  9.93791e-06
 Reference value :  9.96879e-06
 Reference value :  9.96906e-06
 Reference value :  9.98090e-06
 Reference value :  1.00004e-05
 Reference value :  1.00026e-05
 Reference value :  1.00030e-05
 Reference value :  1.00313e-05
 Reference value :  1.00317e-05
 Reference value :  1.00625e-05
 Reference value :  1.00629e-05
 Reference value :  1.00938e-05
 Reference value :  1.00942e-05
 Reference value :  1.01250e-05
 Reference value :  1.01256e-05
 Reference value :  1.01563e-05
 Reference value :  1.01568e-05
 Reference value :  1.01876e-05
 Reference value :  1.01886e-05
 Reference value :  1.02049e-05
 Reference value :  1.02190e-05
 Reference value :  1.02193e-05
 Reference value :  1.02502e-05
 Reference value :  1.02528e-05
 Reference value :  1.02813e-05
 Reference value :  1.02815e-05
 Reference value :  1.03126e-05
 Reference value :  1.03127e-05
 Reference value :  1.03150e-05
 Reference value :  1.03438e-05
 Reference value :  1.03440e-05
 Reference value :  1.03442e-05
 Reference value :  1.03751e-05
 Reference value :  1.03755e-05
 Reference value :  1.03776e-05
 Reference value :  1.04063e-05
 Reference value :  1.04065e-05
 Reference value :  1.04376e-05
 Reference value :  1.04380e-05
 Reference value :  1.04403e-05
 Reference value :  1.04688e-05
 Reference value :  1.04724e-05
 Reference value :  1.05003e-05
 Reference value :  1.05025e-05
 Reference value :  1.05313e-05
 Reference value :  1.05316e-05
 Reference value :  1.05627e-05
 Reference value :  1.05649e-05
 Reference value :  1.05651e-05
 Reference value :  1.05938e-05
 Reference value :  1.05960e-05
 Reference value :  1.06253e-05
 Reference value :  1.06276e-05
 Reference value :  1.06563e-05
 Reference value :  1.06566e-05
 Reference value :  1.06877e-05
 Reference value :  1.06900e-05
 Reference value :  1.07188e-05
 Reference value :  1.07191e-05
 Reference value :  1.07502e-05
 Reference value :  1.07525e-05
 Reference value :  1.07813e-05
 Reference value :  1.07815e-05
 Reference value :  1.08127e-05
 Reference value :  1.08149e-05
 Reference value :  1.08438e-05
 Reference value :  1.08440e-05
 Reference value :  1.08752e-05
 Reference value :  1.08774e-05
 Reference value :  1.08827e-05
 Reference value :  1.09064e-05
 Reference value :  1.09375e-05
 Reference value :  1.09383e-05
 Reference value :  1.09689e-05
 Reference value :  1.09693e-05
 Reference value :  1.10002e-05
 Reference value :  1.10024e-05
 Reference value :  1.10028e-05
 Reference value :  1.10251e-05
 Reference value :  1.10315e-05
 Reference value :  1.10626e-05
 Reference value :  1.10630e-05
 Reference value :  1.10939e-05
 Reference value :  1.11251e-05
 Reference value :  1.11256e-05
 Reference value :  1.11564e-05
 Reference value :  1.11875e-05
 Reference value :  1.11880e-05
 Reference value :  1.11902e-05
 Reference value :  1.12189e-05
 Reference value :  1.12500e-05
 Reference value :  1.12507e-05
 Reference value :  1.12530e-05
 Reference value :  1.12813e-05
 Reference value :  1.12816e-05
 Reference value :  1.13127e-05
 Reference value :  1.13148e-05
 Reference value :  1.13173e-05
 Reference value :  1.13439e-05
 Reference value :  1.13443e-05
 Reference value :  1.13752e-05
 Reference value :  1.13773e-05
 Reference value :  1.13809e-05
 Reference value :  1.14064e-05
 Reference value :  1.14116e-05
 Reference value :  1.14378e-05
 Reference value :  1.14400e-05
 Reference value :  1.14688e-05
 Reference value :  1.14690e-05
 Reference value :  1.15002e-05
 Reference value :  1.15023e-05
 Reference value :  1.15050e-05
 Reference value :  1.15314e-05
 Reference value :  1.15626e-05
 Reference value :  1.15648e-05
 Reference value :  1.15658e-05
 Reference value :  1.15938e-05
 Reference value :  1.16251e-05
 Reference value :  1.16260e-05
 Reference value :  1.16275e-05
 Reference value :  1.16563e-05
 Reference value :  1.16565e-05
 Reference value :  1.16877e-05
 Reference value :  1.16899e-05
 Reference value :  1.17175e-05
 Reference value :  1.17190e-05
 Reference value :  1.17502e-05
 Reference value :  1.17524e-05
 Reference value :  1.17813e-05
 Reference value :  1.17815e-05
 Reference value :  1.18127e-05
 Reference value :  1.18129e-05
 Reference value :  1.18151e-05
 Reference value :  1.18438e-05
 Reference value :  1.18440e-05
 Reference value :  1.18752e-05
 Reference value :  1.18774e-05
 Reference value :  1.18803e-05
 Reference value :  1.19064e-05
 Reference value :  1.19376e-05
 Reference value :  1.19397e-05
 Reference value :  1.19688e-05
 Reference value :  1.20000e-05
 Reference value :  1.20005e-05
 Reference value :  1.20027e-05
 Reference value :  1.20055e-05
 Reference value :  1.20314e-05
 Reference value :  1.20371e-05
 Reference value :  1.20627e-05
 Reference value :  1.20752e-05
 Reference value :  1.20940e-05
 Reference value :  1.21250e-05
 Reference value :  1.21255e-05
 Reference value :  1.21563e-05
 Reference value :  1.21565e-05
 Reference value :  1.21875e-05
 Reference value :  1.21881e-05
 Reference value :  1.21949e-05
 Reference value :  1.22190e-05
 Reference value :  1.22500e-05
 Reference value :  1.22506e-05
 Reference value :  1.22531e-05
 Reference value :  1.22813e-05
 Reference value :  1.22816e-05
 Reference value :  1.23127e-05
 Reference value :  1.23149e-05
 Reference value :  1.23388e-05
 Reference value :  1.23440e-05
 Reference value :  1.23587e-05
 Reference value :  1.23754e-05
 Reference value :  1.23776e-05
 Reference value :  1.24063e-05
 Reference value :  1.24066e-05
 Reference value :  1.24377e-05
 Reference value :  1.24399e-05
 Reference value :  1.24613e-05
 Reference value :  1.24689e-05
 Reference value :  1.25001e-05
 Reference value :  1.25023e-05
 Reference value :  1.25045e-05
 Reference value :  1.25314e-05
 Reference value :  1.25626e-05
 Reference value :  1.25648e-05
 Reference value :  1.25938e-05
 Reference value :  1.25940e-05
 Reference value :  1.26230e-05
 Reference value :  1.26252e-05
 Reference value :  1.26274e-05
 Reference value :  1.26563e-05
 Reference value :  1.26565e-05
 Reference value :  1.26877e-05
 Reference value :  1.26900e-05
 Reference value :  1.27188e-05
 Reference value :  1.27252e-05
 Reference value :  1.27504e-05
 Reference value :  1.27526e-05
 Reference value :  1.27813e-05
 Reference value :  1.28073e-05
 Reference value :  1.28130e-05
 Reference value :  1.28152e-05
 Reference value :  1.28438e-05
 Reference value :  1.28442e-05
 Reference value :  1.28753e-05
 Reference value :  1.28775e-05
 Reference value :  1.29063e-05
 Reference value :  1.29065e-05
 Reference value :  1.29377e-05
 Reference value :  1.29688e-05
 Reference value :  1.29691e-05
 Reference value :  1.30002e-05
 Reference value :  1.30025e-05
 Reference value :  1.30029e-05
 Reference value :  1.30039e-05
 Reference value :  1.30314e-05
 Reference value :  1.30429e-05
 Reference value :  1.30629e-05
 Reference value :  1.30938e-05
 Reference value :  1.30942e-05
 Reference value :  1.31253e-05
 Reference value :  1.31563e-05
 Reference value :  1.31567e-05
 Reference value :  1.31877e-05
 Reference value :  1.31900e-05
 Reference value :  1.32188e-05
 Reference value :  1.32191e-05
 Reference value :  1.32211e-05
 Reference value :  1.32503e-05
 Reference value :  1.32530e-05
 Reference value :  1.32813e-05
 Reference value :  1.32815e-05
 Reference value :  1.33126e-05
 Reference value :  1.33130e-05
 Reference value :  1.33152e-05
 Reference value :  1.33438e-05
 Reference value :  1.33440e-05
 Reference value :  1.33750e-05
 Reference value :  1.33755e-05
 Reference value :  1.33775e-05
 Reference value :  1.34063e-05
 Reference value :  1.34065e-05
 Reference value :  1.34376e-05
 Reference value :  1.34381e-05
 Reference value :  1.34402e-05
 Reference value :  1.34688e-05
 Reference value :  1.34823e-05
 Reference value :  1.35004e-05
 Reference value :  1.35025e-05
 Reference value :  1.35313e-05
 Reference value :  1.35316e-05
 Reference value :  1.35627e-05
 Reference value :  1.35650e-05
 Reference value :  1.35938e-05
 Reference value :  1.35941e-05
 Reference value :  1.36253e-05
 Reference value :  1.36276e-05
 Reference value :  1.36563e-05
 Reference value :  1.36587e-05
 Reference value :  1.36879e-05
 Reference value :  1.36901e-05
 Reference value :  1.37188e-05
 Reference value :  1.37199e-05
 Reference value :  1.37503e-05
 Reference value :  1.37526e-05
 Reference value :  1.37813e-05
 Reference value :  1.37823e-05
 Reference value :  1.38129e-05
 Reference value :  1.38148e-05
 Reference value :  1.38151e-05
 Reference value :  1.38438e-05
 Reference value :  1.38526e-05
 Reference value :  1.38754e-05
 Reference value :  1.38776e-05
 Reference value :  1.39063e-05
 Reference value :  1.39067e-05
 Reference value :  1.39378e-05
 Reference value :  1.39688e-05
 Reference value :  1.39690e-05
 Reference value :  1.40003e-05
 Reference value :  1.40005e-05
 Reference value :  1.40027e-05
 Reference value :  1.40031e-05
 Reference value :  1.40313e-05
 Reference value :  1.40319e-05
 Reference value :  1.40629e-05
 Reference value :  1.40938e-05
 Reference value :  1.41014e-05
 Reference value :  1.41254e-05
 Reference value :  1.41563e-05
 Reference value :  1.41619e-05
 Reference value :  1.41878e-05
 Reference value :  1.41901e-05
 Reference value :  1.42188e-05
 Reference value :  1.42500e-05
 Reference value :  1.42505e-05
 Reference value :  1.42530e-05
 Reference value :  1.42813e-05
 Reference value :  1.42816e-05
 Reference value :  1.43127e-05
 Reference value :  1.43129e-05
 Reference value :  1.43151e-05
 Reference value :  1.43438e-05
 Reference value :  1.43533e-05
 Reference value :  1.43753e-05
 Reference value :  1.43776e-05
 Reference value :  1.44063e-05
 Reference value :  1.44068e-05
 Reference value :  1.44378e-05
 Reference value :  1.44400e-05
 Reference value :  1.44424e-05
 Reference value :  1.44689e-05
 Reference value :  1.45000e-05
 Reference value :  1.45006e-05
 Reference value :  1.45027e-05
 Reference value :  1.45313e-05
 Reference value :  1.45594e-05
 Reference value :  1.45630e-05
 Reference value :  1.45653e-05
 Reference value :  1.45938e-05
 Reference value :  1.45940e-05
 Reference value :  1.46143e-05
 Reference value :  1.46255e-05
 Reference value :  1.46278e-05
 Reference value :  1.46563e-05
 Reference value :  1.46565e-05
 Reference value :  1.46877e-05
 Reference value :  1.46900e-05
 Reference value :  1.47188e-05
 Reference value :  1.47192e-05
 Reference value :  1.47503e-05
 Reference value :  1.47526e-05
 Reference value :  1.47813e-05
 Reference value :  1.47847e-05
 Reference value :  1.48129e-05
 Reference value :  1.48151e-05
 Reference value :  1.48438e-05
 Reference value :  1.48442e-05
 Reference value :  1.48752e-05
 Reference value :  1.48773e-05
 Reference value :  1.48781e-05
 Reference value :  1.49063e-05
 Reference value :  1.49068e-05
 Reference value :  1.49378e-05
 Reference value :  1.49688e-05
 Reference value :  1.49690e-05
 Reference value :  1.50002e-05
 Reference value :  1.50025e-05
 Reference value :  1.50029e-05
 Reference value :  1.50313e-05
 Reference value :  1.50316e-05
 Reference value :  1.50626e-05
 Reference value :  1.50672e-05
 Reference value :  1.50939e-05
 Reference value :  1.51250e-05
 Reference value :  1.51256e-05
 Reference value :  1.51564e-05
 Reference value :  1.51801e-05
 Reference value :  1.51880e-05
 Reference value :  1.51903e-05
 Reference value :  1.52189e-05
 Reference value :  1.52324e-05
 Reference value :  1.52503e-05
 Reference value :  1.52527e-05
 Reference value :  1.52535e-05
 Reference value :  1.52814e-05
 Reference value :  1.52815e-05
 Reference value :  1.52852e-05
 Reference value :  1.53128e-05
 Reference value :  1.53150e-05
 Reference value :  1.53438e-05
 Reference value :  1.53440e-05
 Reference value :  1.53752e-05
 Reference value :  1.53775e-05
 Reference value :  1.54063e-05
 Reference value :  1.54066e-05
 Reference value :  1.54376e-05
 Reference value :  1.54381e-05
 Reference value :  1.54403e-05
 Reference value :  1.54688e-05
 Reference value :  1.54964e-05
 Reference value :  1.55005e-05
 Reference value :  1.55027e-05
 Reference value :  1.55314e-05
 Reference value :  1.55626e-05
 Reference value :  1.55634e-05
 Reference value :  1.55654e-05
 Reference value :  1.55938e-05
 Reference value :  1.56250e-05
 Reference value :  1.56273e-05
 Reference value :  1.56372e-05
 Reference value :  1.56564e-05
 Reference value :  1.56876e-05
 Reference value :  1.56898e-05
 Reference value :  1.56914e-05
 Reference value :  1.57189e-05
 Reference value :  1.57501e-05
 Reference value :  1.57523e-05
 Reference value :  1.57813e-05
 Reference value :  1.57815e-05
 Reference value :  1.58126e-05
 Reference value :  1.58130e-05
 Reference value :  1.58151e-05
 Reference value :  1.58438e-05
 Reference value :  1.58442e-05
 Reference value :  1.58752e-05
 Reference value :  1.58773e-05
 Reference value :  1.58776e-05
 Reference value :  1.59063e-05
 Reference value :  1.59065e-05
 Reference value :  1.59376e-05
 Reference value :  1.59399e-05
 Reference value :  1.59689e-05
 Reference value :  1.60001e-05
 Reference value :  1.60023e-05
 Reference value :  1.60028e-05
 Reference value :  1.60313e-05
 Reference value :  1.60315e-05
 Reference value :  1.60317e-05
 Reference value :  1.60627e-05
 Reference value :  1.60938e-05
 Reference value :  1.60940e-05
 Reference value :  1.61251e-05
 Reference value :  1.61359e-05
 Reference value :  1.61565e-05
 Reference value :  1.61875e-05
 Reference value :  1.61880e-05
 Reference value :  1.61907e-05
 Reference value :  1.62188e-05
 Reference value :  1.62192e-05
 Reference value :  1.62502e-05
 Reference value :  1.62528e-05
 Reference value :  1.62540e-05
 Reference value :  1.62814e-05
 Reference value :  1.62815e-05
 Reference value :  1.63126e-05
 Reference value :  1.63131e-05
 Reference value :  1.63159e-05
 Reference value :  1.63439e-05
 Reference value :  1.63751e-05
 Reference value :  1.63762e-05
 Reference value :  1.63799e-05
 Reference value :  1.64064e-05
 Reference value :  1.64376e-05
 Reference value :  1.64387e-05
 Reference value :  1.64415e-05
 Reference value :  1.64689e-05
 Reference value :  1.65001e-05
 Reference value :  1.65007e-05
 Reference value :  1.65030e-05
 Reference value :  1.65314e-05
 Reference value :  1.65317e-05
 Reference value :  1.65628e-05
 Reference value :  1.65650e-05
 Reference value :  1.65938e-05
 Reference value :  1.65941e-05
 Reference value :  1.66252e-05
 Reference value :  1.66274e-05
 Reference value :  1.66563e-05
 Reference value :  1.66563e-05
 Reference value :  1.66623e-05
 Reference value :  1.66879e-05
 Reference value :  1.66901e-05
 Reference value :  1.67188e-05
 Reference value :  1.67368e-05
 Reference value :  1.67503e-05
 Reference value :  1.67526e-05
 Reference value :  1.67813e-05
 Reference value :  1.67871e-05
 Reference value :  1.68129e-05
 Reference value :  1.68149e-05
 Reference value :  1.68151e-05
 Reference value :  1.68438e-05
 Reference value :  1.68448e-05
 Reference value :  1.68753e-05
 Reference value :  1.68776e-05
 Reference value :  1.69063e-05
 Reference value :  1.69068e-05
 Reference value :  1.69376e-05
 Reference value :  1.69385e-05
 Reference value :  1.69688e-05
 Reference value :  1.69883e-05
No. of Data Rows : 43552
icmpf000            =  -2.83787e-05 from=  3.00000e-06 to=  5.00001e-06
icdacf000           =  -1.00587e-05 from=  3.00000e-06 to=  5.00001e-06
itrkf000            =  -3.91229e-16 from=  3.00000e-06 to=  5.00001e-06
ireff000            =  4.12552e-09 from=  3.00000e-06 to=  5.00001e-06
ivcmf000            =  -2.03819e-05 from=  3.00000e-06 to=  5.00001e-06
icmpf025            =  -2.83621e-05 from=  6.00000e-06 to=  8.00001e-06
icdacf025           =  -1.01510e-05 from=  6.00000e-06 to=  8.00001e-06
itrkf025            =  -9.79087e-15 from=  6.00000e-06 to=  8.00001e-06
ireff025            =  -7.75757e-06 from=  6.00000e-06 to=  8.00001e-06
ivcmf025            =  -1.24349e-05 from=  6.00000e-06 to=  8.00001e-06
icmpf050            =  -2.95498e-05 from=  9.00000e-06 to=  1.10000e-05
icdacf050           =  -1.02697e-05 from=  9.00000e-06 to=  1.10000e-05
itrkf050            =  5.51234e-16 from=  9.00000e-06 to=  1.10000e-05
ireff050            =  -1.50764e-05 from=  9.00000e-06 to=  1.10000e-05
ivcmf050            =  9.80350e-07 from=  9.00000e-06 to=  1.10000e-05
icmpf075            =  -2.83360e-05 from=  1.20000e-05 to=  1.40000e-05
icdacf075           =  -1.07996e-05 from=  1.20000e-05 to=  1.40000e-05
itrkf075            =  3.03511e-17 from=  1.20000e-05 to=  1.40000e-05
ireff075            =  -1.71466e-05 from=  1.20000e-05 to=  1.40000e-05
ivcmf075            =  1.21518e-05 from=  1.20000e-05 to=  1.40000e-05
icmpf100            =  -2.81197e-05 from=  1.50000e-05 to=  1.70000e-05
icdacf100           =  -1.10481e-05 from=  1.50000e-05 to=  1.70000e-05
itrkf100            =  -9.24446e-15 from=  1.50000e-05 to=  1.70000e-05
ireff100            =  -1.50392e-05 from=  1.50000e-05 to=  1.70000e-05
ivcmf100            =  2.03612e-05 from=  1.50000e-05 to=  1.70000e-05
vddm                =  3.29999e+00
m_p_cmp_f000_uw = 9.3649294213e+01
m_p_cdac_f000_uw = 3.3193609413e+01
m_p_trk_f000_uw = 1.2910527777e-09
m_p_ref_f000_uw = -1.361418794e-02
m_p_vcm_f000_uw = 3.3629983591e+01
m_p_total_f000_uw = 1.6045927303e+02
m_p_cmp_f025_uw = 9.3594679379e+01
m_p_cdac_f025_uw = 3.3498363490e+01
m_p_trk_f025_uw = 3.2309782991e-08
m_p_ref_f025_uw = 2.5599886924e+01
m_p_vcm_f025_uw = 2.0517605325e+01
m_p_total_f025_uw = 1.7321053515e+02
m_p_cmp_f050_uw = 9.7514176502e+01
m_p_cdac_f050_uw = 3.3890039303e+01
m_p_trk_f050_uw = -1.819065038e-09
m_p_ref_f050_uw = 4.9751804237e+01
m_p_vcm_f050_uw = -1.617572103e+00
m_p_total_f050_uw = 1.7953844794e+02
m_p_cmp_f075_uw = 9.3508450640e+01
m_p_cdac_f075_uw = 3.5638539004e+01
m_p_trk_f075_uw = -1.001583925e-10
m_p_ref_f075_uw = 5.6583608534e+01
m_p_vcm_f075_uw = -2.005034324e+01
m_p_total_f075_uw = 1.6568025494e+02
m_p_cmp_f100_uw = 9.2794728803e+01
m_p_cdac_f100_uw = 3.6458718519e+01
m_p_trk_f100_uw = 3.0506612355e-08
m_p_ref_f100_uw = 4.9629077608e+01
m_p_vcm_f100_uw = -3.359596069e+01
m_p_total_f100_uw = 1.4528656427e+02
m_supply_v = 3.2999900000e+00
Note: Simulation executed from .control section 

Warning: m=xx on .subckt line will override multiplier m hierarchy!

Note: Starting dynamic gmin stepping
Warning: Dynamic gmin stepping failed
Note: Starting true gmin stepping
Note: True gmin stepping completed
