
Note: No compatibility mode selected!


Circuit: * adc-inl-dnl @ ff_125c_3.63v -- generated by sim/harness, do not edit

Reducing trtol to 1 for xspice 'A' devices
Doing analysis at TEMP = 125.000000 and TNOM = 27.000000

Using SPARSE 1.3 as Direct Linear Solver

Initial Transient Solution
--------------------------

Node                                   Voltage
----                                   -------
clk                                          0
cmpclk                                       0
cmpclkb                                   3.63
vddt                                      3.63
vddd                                      3.63
vddc                                      3.63
vrefs                                     3.63
vrefn                                     3.63
vcmi                                     1.815
vcmn                                     1.815
se_vinp                             0.00443115
se_vinn                                  1.815
se_start                                     0
se_mode                                      0
se_cmp                                 1.47265
se_samp_tp_n                                 0
se_sel_in_n                                  0
se_drdy                                   3.63
se_c9                                        0
se_c8                                        0
se_c7                                        0
se_c6                                        0
se_c5                                        0
se_c4                                        0
se_c3                                        0
se_c2                                        0
se_c1                                        0
se_c0                                        0
se_rel_n_256p                             3.63
se_sel_hi_n_256p                             0
se_sel_lo_n_256p                             0
se_rel_n_128p                             3.63
se_sel_hi_n_128p                             0
se_sel_lo_n_128p                             0
se_rel_n_64p                              3.63
se_sel_hi_n_64p                              0
se_sel_lo_n_64p                              0
se_rel_n_32p                              3.63
se_sel_hi_n_32p                              0
se_sel_lo_n_32p                              0
se_rel_n_16p                              3.63
se_sel_hi_n_16p                              0
se_sel_lo_n_16p                              0
se_rel_n_8p                               3.63
se_sel_hi_n_8p                               0
se_sel_lo_n_8p                               0
se_rel_n_4p                               3.63
se_sel_hi_n_4p                               0
se_sel_lo_n_4p                               0
se_rel_n_2p                               3.63
se_sel_hi_n_2p                               0
se_sel_lo_n_2p                               0
se_rel_n_1p                               3.63
se_sel_hi_n_1p                               0
se_sel_lo_n_1p                               0
se_rel_n_256n                             3.63
se_sel_hi_n_256n                             0
se_sel_lo_n_256n                             0
se_rel_n_128n                             3.63
se_sel_hi_n_128n                             0
se_sel_lo_n_128n                             0
se_rel_n_64n                              3.63
se_sel_hi_n_64n                              0
se_sel_lo_n_64n                              0
se_rel_n_32n                              3.63
se_sel_hi_n_32n                              0
se_sel_lo_n_32n                              0
se_rel_n_16n                              3.63
se_sel_hi_n_16n                              0
se_sel_lo_n_16n                              0
se_rel_n_8n                               3.63
se_sel_hi_n_8n                               0
se_sel_lo_n_8n                               0
se_rel_n_4n                               3.63
se_sel_hi_n_4n                               0
se_sel_lo_n_4n                               0
se_rel_n_2n                               3.63
se_sel_hi_n_2n                               0
se_sel_lo_n_2n                               0
se_rel_n_1n                               3.63
se_sel_hi_n_1n                               0
se_sel_lo_n_1n                               0
se_pinp                             0.00443275
se_pinn                                  1.815
xdut.\$65__t0                             3.63
xdut.sel_in__t0                              0
xdut.vss__t0                       1.40087e-07
xdut.\$27__t2                      1.03648e-07
xdut.rel_256_p__t2                        3.63
xdut.vss__t46                      1.89243e-08
xdut.\$29__t2                             3.63
xdut.hi_256_p__t2                            0
xdut.vss__t45                       1.3622e-07
xdut.\$9__t2                              3.63
xdut.lo_256_p__t2                            0
xdut.vss__t44                      1.34287e-07
xdut.vinp__t0                       0.00443492
xdut.sel_in__t1                              0
xdut.\$10__t0                          1.81499
xdut.vcm__t27                            1.815
xdut.rel_256_p__t1                        3.63
xdut.\$10__t262                        1.81499
xdut.vref__t21                            3.63
xdut.hi_256_p__t1                            0
xdut.\$10__t261                        1.81499
xdut.vss__t24                      8.39729e-07
xdut.lo_256_p__t1                            0
xdut.\$10__t263                        1.81499
xdut.\$67__t2                             3.63
xdut.sel_in__t50                             0
xdut.vss__t94                      1.08372e-07
xdut.\$31__t2                      9.93045e-08
xdut.rel_128_p__t2                        3.63
xdut.vss__t109                     1.45807e-08
xdut.\$33__t2                             3.63
xdut.hi_128_p__t2                            0
xdut.vss__t96                      1.04516e-07
xdut.\$11__t2                             3.63
xdut.lo_128_p__t2                            0
xdut.vss__t99                      1.02589e-07
xdut.vinp__t12                      0.00443441
xdut.sel_in__t25                             0
xdut.\$12__t132                        1.81499
xdut.vcm__t30                            1.815
xdut.rel_128_p__t1                        3.63
xdut.\$12__t133                          1.815
xdut.vref__t23                            3.63
xdut.hi_128_p__t1                            0
xdut.\$12__t134                        1.81499
xdut.vss__t25                      6.29149e-07
xdut.lo_128_p__t1                            0
xdut.\$12__t135                        1.81499
xdut.\$69__t2                             3.63
xdut.sel_in__t52                             0
xdut.vss__t102                     7.67975e-08
xdut.\$35__t2                      9.49814e-08
xdut.rel_64_p__t2                         3.63
xdut.vss__t103                     1.02575e-08
xdut.\$37__t2                             3.63
xdut.hi_64_p__t2                             0
xdut.vss__t104                     7.29701e-08
xdut.\$13__t2                             3.63
xdut.lo_64_p__t2                             0
xdut.vss__t105                     7.10587e-08
xdut.vinp__t13                       0.0044339
xdut.sel_in__t26                             0
xdut.\$14__t68                           1.815
xdut.vcm__t31                            1.815
xdut.rel_64_p__t1                         3.63
xdut.\$14__t69                           1.815
xdut.vref__t32                            3.63
xdut.hi_64_p__t1                             0
xdut.\$14__t71                           1.815
xdut.vss__t29                      4.19589e-07
xdut.lo_64_p__t1                             0
xdut.\$14__t70                           1.815
xdut.\$71__t2                             3.63
xdut.sel_in__t46                             0
xdut.vss__t76                       4.5656e-08
xdut.\$39__t2                      9.07228e-08
xdut.rel_32_p__t2                         3.63
xdut.vss__t75                       5.9989e-09
xdut.\$41__t2                             3.63
xdut.hi_32_p__t2                             0
xdut.vss__t65                      4.19393e-08
xdut.\$15__t2                             3.63
xdut.lo_32_p__t2                             0
xdut.vss__t70                      4.00929e-08
xdut.vinp__t16                      0.00443339
xdut.sel_in__t31                             0
xdut.\$16__t37                           1.815
xdut.vcm__t35                            1.815
xdut.rel_32_p__t1                         3.63
xdut.\$16__t38                           1.815
xdut.vref__t30                            3.63
xdut.hi_32_p__t1                             0
xdut.\$16__t39                           1.815
xdut.vss__t28                      2.14075e-07
xdut.lo_32_p__t1                             0
xdut.\$16__t36                           1.815
xdut.\$73__t2                             3.63
xdut.sel_in__t45                             0
xdut.vss__t71                      1.74462e-08
xdut.\$43__t2                      8.69397e-08
xdut.rel_16_p__t2                         3.63
xdut.vss__t72                      2.21571e-09
xdut.\$45__t2                             3.63
xdut.hi_16_p__t2                             0
xdut.vss__t73                      1.50487e-08
xdut.\$17__t2                             3.63
xdut.lo_16_p__t2                             0
xdut.vss__t74                      1.41004e-08
xdut.vinp__t17                      0.00443288
xdut.sel_in__t32                             0
xdut.\$18__t23                           1.815
xdut.vcm__t33                            1.815
xdut.rel_16_p__t1                         3.63
xdut.\$18__t20                           1.815
xdut.vref__t29                            3.63
xdut.hi_16_p__t1                             0
xdut.\$18__t21                           1.815
xdut.vss__t32                      7.17696e-08
xdut.lo_16_p__t1                             0
xdut.\$18__t22                           1.815
xdut.\$75__t2                             3.63
xdut.sel_in__t38                             0
xdut.vss__t41                      2.36128e-08
xdut.\$47__t2                      8.81857e-08
xdut.rel_8_p__t2                          3.63
xdut.vss__t67                      3.46175e-09
xdut.\$49__t2                             3.63
xdut.hi_8_p__t2                              0
xdut.vss__t83                      2.69688e-08
xdut.\$19__t2                             3.63
xdut.lo_8_p__t2                              0
xdut.vss__t38                      2.86967e-08
xdut.vinp__t11                      0.00443314
xdut.sel_in__t24                             0
xdut.\$20__t12                           1.815
xdut.vcm__t26                            1.815
xdut.rel_8_p__t1                          3.63
xdut.\$20__t13                           1.815
xdut.vref__t20                            3.63
xdut.hi_8_p__t1                              0
xdut.\$20__t14                           1.815
xdut.vss__t22                      2.32433e-07
xdut.lo_8_p__t1                              0
xdut.\$20__t15                           1.815
xdut.\$77__t2                             3.63
xdut.sel_in__t51                             0
xdut.vss__t101                     5.33297e-08
xdut.\$51__t2                      9.22876e-08
xdut.rel_4_p__t2                          3.63
xdut.vss__t100                     7.56371e-09
xdut.\$53__t2                             3.63
xdut.hi_4_p__t2                              0
xdut.vss__t98                      5.71092e-08
xdut.\$21__t2                             3.63
xdut.lo_4_p__t2                              0
xdut.vss__t97                       5.9004e-08
xdut.vinp__t14                      0.00443365
xdut.sel_in__t28                             0
xdut.\$22__t11                           1.815
xdut.vcm__t28                            1.815
xdut.rel_4_p__t1                          3.63
xdut.\$22__t10                           1.815
xdut.vref__t22                            3.63
xdut.hi_4_p__t1                              0
xdut.\$22__t9                            1.815
xdut.vss__t23                       4.3869e-07
xdut.lo_4_p__t1                              0
xdut.\$22__t8                          1.81499
xdut.\$79__t2                             3.63
xdut.sel_in__t49                             0
xdut.vss__t93                      8.46394e-08
xdut.\$55__t2                      9.65808e-08
xdut.rel_2_p__t2                          3.63
xdut.vss__t92                       1.1857e-08
xdut.\$57__t2                             3.63
xdut.hi_2_p__t2                              0
xdut.vss__t85                       8.8481e-08
xdut.\$23__t2                             3.63
xdut.lo_2_p__t2                              0
xdut.vss__t84                      9.04031e-08
xdut.vinp__t10                      0.00443416
xdut.sel_in__t23                             0
xdut.\$24__t6                          1.81499
xdut.vcm__t32                            1.815
xdut.rel_2_p__t1                          3.63
xdut.\$24__t7                            1.815
xdut.vref__t27                            3.63
xdut.hi_2_p__t1                              0
xdut.\$24__t8                            1.815
xdut.vss__t30                      6.48397e-07
xdut.lo_2_p__t1                              0
xdut.\$24__t9                          1.81499
xdut.\$81__t2                             3.63
xdut.sel_in__t39                             0
xdut.vss__t48                      1.16262e-07
xdut.\$59__t2                      1.00914e-07
xdut.rel_1_p__t2                          3.63
xdut.vss__t47                        1.619e-08
xdut.\$61__t2                             3.63
xdut.hi_1_p__t2                              0
xdut.vss__t43                      1.20123e-07
xdut.\$25__t2                             3.63
xdut.lo_1_p__t2                              0
xdut.vss__t42                      1.22054e-07
xdut.vinp__t15                      0.00443467
xdut.sel_in__t30                             0
xdut.\$26__t8                          1.81499
xdut.vcm__t34                            1.815
xdut.rel_1_p__t1                          3.63
xdut.\$26__t7                          1.81499
xdut.vref__t28                            3.63
xdut.hi_1_p__t1                              0
xdut.\$26__t6                          1.81499
xdut.vss__t21                       8.5903e-07
xdut.lo_1_p__t1                              0
xdut.\$26__t5                          1.81499
xdut.\$83__t2                             3.63
xdut.sel_in__t53                             0
xdut.vss__t107                      1.3981e-07
xdut.\$85__t2                       1.0361e-07
xdut.rel_256_n__t2                        3.63
xdut.vss__t108                     1.88857e-08
xdut.\$87__t2                             3.63
xdut.hi_256_n__t2                            0
xdut.vss__t95                      1.35935e-07
xdut.\$89__t2                             3.63
xdut.lo_256_n__t2                            0
xdut.vss__t55                      1.33997e-07
xdut.vinn__t13                           1.815
xdut.sel_in__t29                             0
xdut.\$90__t261                          1.815
xdut.vcm__t41                            1.815
xdut.rel_256_n__t1                        3.63
xdut.\$90__t263                          1.815
xdut.vref__t26                            3.63
xdut.hi_256_n__t1                            0
xdut.\$90__t260                          1.815
xdut.vss__t31                      8.39954e-07
xdut.lo_256_n__t1                            0
xdut.\$90__t262                          1.815
xdut.\$92__t2                             3.63
xdut.sel_in__t43                             0
xdut.vss__t62                      1.08013e-07
xdut.\$94__t2                      9.92545e-08
xdut.rel_128_n__t2                        3.63
xdut.vss__t63                      1.45306e-08
xdut.\$96__t2                             3.63
xdut.hi_128_n__t2                            0
xdut.vss__t64                      1.04144e-07
xdut.\$98__t2                             3.63
xdut.lo_128_n__t2                            0
xdut.vss__t106                      1.0221e-07
xdut.vinn__t17                           1.815
xdut.sel_in__t36                             0
xdut.\$99__t135                          1.815
xdut.vcm__t40                            1.815
xdut.rel_128_n__t1                        3.63
xdut.\$99__t134                          1.815
xdut.vref__t31                            3.63
xdut.hi_128_n__t1                            0
xdut.\$99__t133                          1.815
xdut.vss__t33                      6.29448e-07
xdut.lo_128_n__t1                            0
xdut.\$99__t132                          1.815
xdut.\$100__t2                            3.63
xdut.sel_in__t42                             0
xdut.vss__t56                      7.62901e-08
xdut.\$102__t2                     9.49101e-08
xdut.rel_64_n__t2                         3.63
xdut.vss__t59                      1.01862e-08
xdut.\$104__t2                            3.63
xdut.hi_64_n__t2                             0
xdut.vss__t60                      7.24359e-08
xdut.\$106__t2                            3.63
xdut.lo_64_n__t2                             0
xdut.vss__t61                        7.051e-08
xdut.vinn__t14                           1.815
xdut.sel_in__t33                             0
xdut.\$107__t71                          1.815
xdut.vcm__t36                            1.815
xdut.rel_64_n__t1                         3.63
xdut.\$107__t70                          1.815
xdut.vref__t25                            3.63
xdut.hi_64_n__t1                             0
xdut.\$107__t68                          1.815
xdut.vss__t26                      4.20036e-07
xdut.lo_64_n__t1                             0
xdut.\$107__t69                          1.815
xdut.\$108__t2                            3.63
xdut.sel_in__t47                             0
xdut.vss__t77                      4.47972e-08
xdut.\$110__t2                     9.06001e-08
xdut.rel_32_n__t2                         3.63
xdut.vss__t78                      5.87617e-09
xdut.\$112__t2                            3.63
xdut.hi_32_n__t2                             0
xdut.vss__t79                      4.10028e-08
xdut.\$114__t2                            3.63
xdut.lo_32_n__t2                             0
xdut.vss__t80                      3.91121e-08
xdut.vinn__t12                           1.815
xdut.sel_in__t27                             0
xdut.\$115__t39                          1.815
xdut.vcm__t29                            1.815
xdut.rel_32_n__t1                         3.63
xdut.\$115__t37                          1.815
xdut.vref__t24                            3.63
xdut.hi_32_n__t1                             0
xdut.\$115__t38                          1.815
xdut.vss__t20                      2.14948e-07
xdut.lo_32_n__t1                             0
xdut.\$115__t36                          1.815
xdut.\$116__t2                            3.63
xdut.sel_in__t44                             0
xdut.vss__t66                      1.50563e-08
xdut.\$118__t2                     8.65819e-08
xdut.rel_16_n__t2                         3.63
xdut.vss__t81                      1.85792e-09
xdut.\$120__t2                            3.63
xdut.hi_16_n__t2                             0
xdut.vss__t68                      1.21978e-08
xdut.\$122__t2                            3.63
xdut.lo_16_n__t2                             0
xdut.vss__t69                      1.10065e-08
xdut.vinn__t9                            1.815
xdut.sel_in__t20                             0
xdut.\$123__t22                          1.815
xdut.vcm__t23                            1.815
xdut.rel_16_n__t1                         3.63
xdut.\$123__t20                          1.815
xdut.vref__t18                            3.63
xdut.hi_16_n__t1                             0
xdut.\$123__t21                          1.815
xdut.vss__t27                      7.43321e-08
xdut.lo_16_n__t1                             0
xdut.\$123__t23                          1.815
xdut.\$124__t2                            3.63
xdut.sel_in__t48                             0
xdut.vss__t82                      2.19064e-08
xdut.\$126__t2                     8.79683e-08
xdut.rel_8_n__t2                          3.63
xdut.vss__t91                      3.24441e-09
xdut.\$128__t2                            3.63
xdut.hi_8_n__t2                              0
xdut.vss__t90                       2.5488e-08
xdut.\$130__t2                            3.63
xdut.lo_8_n__t2                              0
xdut.vss__t89                      2.73098e-08
xdut.vinn__t16                           1.815
xdut.sel_in__t35                             0
xdut.\$131__t15                          1.815
xdut.vcm__t39                            1.815
xdut.rel_8_n__t1                          3.63
xdut.\$131__t14                          1.815
xdut.vref__t35                            3.63
xdut.hi_8_n__t1                              0
xdut.\$131__t13                          1.815
xdut.vss__t36                      2.33238e-07
xdut.lo_8_n__t1                              0
xdut.\$131__t12                          1.815
xdut.\$132__t2                            3.63
xdut.sel_in__t41                             0
xdut.vss__t54                      5.25964e-08
xdut.\$134__t2                     9.21906e-08
xdut.rel_4_n__t2                          3.63
xdut.vss__t88                      7.46674e-09
xdut.\$136__t2                            3.63
xdut.hi_4_n__t2                              0
xdut.vss__t87                       5.6425e-08
xdut.\$138__t2                            3.63
xdut.lo_4_n__t2                              0
xdut.vss__t86                      5.83421e-08
xdut.vinn__t10                           1.815
xdut.sel_in__t21                             0
xdut.\$139__t11                          1.815
xdut.vcm__t25                            1.815
xdut.rel_4_n__t1                          3.63
xdut.\$139__t10                          1.815
xdut.vref__t19                            3.63
xdut.hi_4_n__t1                              0
xdut.\$139__t9                           1.815
xdut.vss__t19                      4.39117e-07
xdut.lo_4_n__t1                              0
xdut.\$139__t8                           1.815
xdut.\$140__t2                            3.63
xdut.sel_in__t37                             0
xdut.vss__t37                      8.41793e-08
xdut.\$142__t2                     9.65192e-08
xdut.rel_2_n__t2                          3.63
xdut.vss__t53                      1.17953e-08
xdut.\$144__t2                            3.63
xdut.hi_2_n__t2                              0
xdut.vss__t40                       8.8041e-08
xdut.\$146__t2                            3.63
xdut.lo_2_n__t2                              0
xdut.vss__t39                      8.99725e-08
xdut.vinn__t11                           1.815
xdut.sel_in__t22                             0
xdut.\$147__t6                           1.815
xdut.vcm__t38                            1.815
xdut.rel_2_n__t1                          3.63
xdut.\$147__t9                           1.815
xdut.vref__t34                            3.63
xdut.hi_2_n__t1                              0
xdut.\$147__t8                           1.815
xdut.vss__t35                      6.48687e-07
xdut.lo_2_n__t1                              0
xdut.\$147__t7                           1.815
xdut.\$148__t2                            3.63
xdut.sel_in__t40                             0
xdut.vss__t49                      1.15928e-07
xdut.\$150__t2                     1.00869e-07
xdut.rel_1_n__t2                          3.63
xdut.vss__t50                      1.61449e-08
xdut.\$152__t2                            3.63
xdut.hi_1_n__t2                              0
xdut.vss__t51                      1.19799e-07
xdut.\$154__t2                            3.63
xdut.lo_1_n__t2                              0
xdut.vss__t52                      1.21736e-07
xdut.vinn__t15                           1.815
xdut.sel_in__t34                             0
xdut.\$155__t8                           1.815
xdut.vcm__t37                            1.815
xdut.rel_1_n__t1                          3.63
xdut.\$155__t7                           1.815
xdut.vref__t33                            3.63
xdut.hi_1_n__t1                              0
xdut.\$155__t6                           1.815
xdut.vss__t34                      8.59249e-07
xdut.lo_1_n__t1                              0
xdut.\$155__t5                           1.815
xdut.\$166__t2                            3.63
xdut.tp_gn__t4                               0
xdut.vss__t57                      1.55074e-07
xdut.vcm__t24                            1.815
xdut.tp_gn__t3                               0
xdut.topp__t513                        1.95437
xdut.\$167__t2                            3.63
xdut.tp_gn__t5                               0
xdut.vss__t58                      1.63766e-07
xdut.vcm__t22                            1.815
xdut.tp_gn__t2                               0
xdut.topn__t513                        2.06162
xdut.\$65__t1                             3.63
xdut.sel_in__t2                              0
xdut.vdd__t0                              3.63
xdut.\$27__t1                      1.30471e-07
xdut.rel_256_p__t0                        3.63
xdut.vdd__t61                             3.63
xdut.\$29__t1                             3.63
xdut.hi_256_p__t0                            0
xdut.vdd__t60                             3.63
xdut.\$9__t1                              3.63
xdut.lo_256_p__t0                            0
xdut.vdd__t70                             3.63
xdut.vinp__t1                       0.00443276
xdut.\$65__t2                             3.63
xdut.\$10__t1                          1.81499
xdut.vcm__t21                            1.815
xdut.\$27__t0                      1.25712e-07
xdut.\$10__t260                        1.81499
xdut.vref__t3                             3.63
xdut.\$29__t0                             3.63
xdut.\$10__t258                        1.81499
xdut.vss__t5                       1.13359e-09
xdut.\$9__t0                              3.63
xdut.\$10__t259                        1.81499
xdut.\$67__t1                             3.63
xdut.sel_in__t19                             0
xdut.vdd__t72                             3.63
xdut.\$31__t1                      1.26128e-07
xdut.rel_128_p__t0                        3.63
xdut.vdd__t71                             3.63
xdut.\$33__t1                             3.63
xdut.hi_128_p__t0                            0
xdut.vdd__t58                             3.63
xdut.\$11__t1                             3.63
xdut.lo_128_p__t0                            0
xdut.vdd__t59                             3.63
xdut.vinp__t6                       0.00443276
xdut.\$67__t0                             3.63
xdut.\$12__t131                        1.81499
xdut.vcm__t6                             1.815
xdut.\$31__t0                      1.21369e-07
xdut.\$12__t130                          1.815
xdut.vref__t4                             3.63
xdut.\$33__t0                             3.63
xdut.\$12__t129                        1.81499
xdut.vss__t2                       8.07198e-10
xdut.\$11__t0                             3.63
xdut.\$12__t128                        1.81499
xdut.\$69__t1                             3.63
xdut.sel_in__t16                             0
xdut.vdd__t62                             3.63
xdut.\$35__t1                      1.21804e-07
xdut.rel_64_p__t0                         3.63
xdut.vdd__t53                             3.63
xdut.\$37__t1                             3.63
xdut.hi_64_p__t0                             0
xdut.vdd__t69                             3.63
xdut.\$13__t1                             3.63
xdut.lo_64_p__t0                             0
xdut.vdd__t3                              3.63
xdut.vinp__t9                       0.00443275
xdut.\$69__t0                             3.63
xdut.\$14__t67                           1.815
xdut.vcm__t18                            1.815
xdut.\$35__t0                      1.17046e-07
xdut.\$14__t66                           1.815
xdut.vref__t15                            3.63
xdut.\$37__t0                             3.63
xdut.\$14__t65                           1.815
xdut.vss__t4                       4.82225e-10
xdut.\$13__t0                             3.63
xdut.\$14__t64                           1.815
xdut.\$71__t1                             3.63
xdut.sel_in__t4                              0
xdut.vdd__t8                              3.63
xdut.\$39__t1                      1.17546e-07
xdut.rel_32_p__t0                         3.63
xdut.vdd__t10                             3.63
xdut.\$41__t1                             3.63
xdut.hi_32_p__t0                             0
xdut.vdd__t12                             3.63
xdut.\$15__t1                             3.63
xdut.lo_32_p__t0                             0
xdut.vdd__t13                             3.63
xdut.vinp__t3                       0.00443275
xdut.\$71__t0                             3.63
xdut.\$16__t32                           1.815
xdut.vcm__t13                            1.815
xdut.\$39__t0                      1.12787e-07
xdut.\$16__t33                           1.815
xdut.vref__t10                            3.63
xdut.\$41__t0                             3.63
xdut.\$16__t34                           1.815
xdut.vss__t12                      1.67132e-10
xdut.\$15__t0                             3.63
xdut.\$16__t35                           1.815
xdut.\$73__t1                             3.63
xdut.sel_in__t18                             0
xdut.vdd__t67                             3.63
xdut.\$43__t1                      1.13763e-07
xdut.rel_16_p__t0                         3.63
xdut.vdd__t68                             3.63
xdut.\$45__t1                             3.63
xdut.hi_16_p__t0                             0
xdut.vdd__t6                              3.63
xdut.\$17__t1                             3.63
xdut.lo_16_p__t0                             0
xdut.vdd__t7                              3.63
xdut.vinp__t7                       0.00443275
xdut.\$73__t0                             3.63
xdut.\$18__t19                           1.815
xdut.vcm__t4                             1.815
xdut.\$43__t0                      1.09004e-07
xdut.\$18__t16                           1.815
xdut.vref__t2                             3.63
xdut.\$45__t0                             3.63
xdut.\$18__t17                           1.815
xdut.vss__t6                       1.94285e-10
xdut.\$17__t0                             3.63
xdut.\$18__t18                           1.815
xdut.\$75__t1                             3.63
xdut.sel_in__t14                             0
xdut.vdd__t50                             3.63
xdut.\$47__t1                      1.15009e-07
xdut.rel_8_p__t0                          3.63
xdut.vdd__t51                             3.63
xdut.\$49__t1                             3.63
xdut.hi_8_p__t0                              0
xdut.vdd__t43                             3.63
xdut.\$19__t1                             3.63
xdut.lo_8_p__t0                              0
xdut.vdd__t19                             3.63
xdut.vinp__t4                       0.00443275
xdut.\$75__t0                             3.63
xdut.\$20__t8                            1.815
xdut.vcm__t12                            1.815
xdut.\$47__t0                       1.1025e-07
xdut.\$20__t9                            1.815
xdut.vref__t9                             3.63
xdut.\$49__t0                             3.63
xdut.\$20__t10                           1.815
xdut.vss__t11                      5.11841e-10
xdut.\$19__t0                             3.63
xdut.\$20__t11                           1.815
xdut.\$77__t1                             3.63
xdut.sel_in__t11                             0
xdut.vdd__t38                             3.63
xdut.\$51__t1                      1.19111e-07
xdut.rel_4_p__t0                          3.63
xdut.vdd__t39                             3.63
xdut.\$53__t1                             3.63
xdut.hi_4_p__t0                              0
xdut.vdd__t40                             3.63
xdut.\$21__t1                             3.63
xdut.lo_4_p__t0                              0
xdut.vdd__t41                             3.63
xdut.vinp__t2                       0.00443275
xdut.\$77__t0                             3.63
xdut.\$22__t4                            1.815
xdut.vcm__t5                             1.815
xdut.\$51__t0                      1.14352e-07
xdut.\$22__t5                            1.815
xdut.vref__t1                             3.63
xdut.\$53__t0                             3.63
xdut.\$22__t6                            1.815
xdut.vss__t1                       8.37041e-10
xdut.\$21__t0                             3.63
xdut.\$22__t7                            1.815
xdut.\$79__t1                             3.63
xdut.sel_in__t10                             0
xdut.vdd__t35                             3.63
xdut.\$55__t1                      1.23404e-07
xdut.rel_2_p__t0                          3.63
xdut.vdd__t31                             3.63
xdut.\$57__t1                             3.63
xdut.hi_2_p__t0                              0
xdut.vdd__t32                             3.63
xdut.\$23__t1                             3.63
xdut.lo_2_p__t0                              0
xdut.vdd__t33                             3.63
xdut.vinp__t8                       0.00443276
xdut.\$79__t0                             3.63
xdut.\$24__t2                            1.815
xdut.vcm__t14                            1.815
xdut.\$55__t0                      1.18645e-07
xdut.\$24__t3                            1.815
xdut.vref__t11                            3.63
xdut.\$57__t0                             3.63
xdut.\$24__t4                            1.815
xdut.vss__t13                      1.16349e-09
xdut.\$23__t0                             3.63
xdut.\$24__t5                            1.815
xdut.\$81__t1                             3.63
xdut.sel_in__t9                              0
xdut.vdd__t34                             3.63
xdut.\$59__t1                      1.27737e-07
xdut.rel_1_p__t0                          3.63
xdut.vdd__t54                             3.63
xdut.\$61__t1                             3.63
xdut.hi_1_p__t0                              0
xdut.vdd__t20                             3.63
xdut.\$25__t1                             3.63
xdut.lo_1_p__t0                              0
xdut.vdd__t21                             3.63
xdut.vinp__t5                       0.00443276
xdut.\$81__t0                             3.63
xdut.\$26__t1                          1.81499
xdut.vcm__t7                             1.815
xdut.\$59__t0                      1.22978e-07
xdut.\$26__t2                            1.815
xdut.vref__t12                            3.63
xdut.\$61__t0                             3.63
xdut.\$26__t3                          1.81499
xdut.vss__t16                      1.49037e-09
xdut.\$25__t0                             3.63
xdut.\$26__t4                          1.81499
xdut.\$83__t1                             3.63
xdut.sel_in__t17                             0
xdut.vdd__t66                             3.63
xdut.\$85__t1                      1.30433e-07
xdut.rel_256_n__t0                        3.63
xdut.vdd__t65                             3.63
xdut.\$87__t1                             3.63
xdut.hi_256_n__t0                            0
xdut.vdd__t64                             3.63
xdut.\$89__t1                             3.63
xdut.lo_256_n__t0                            0
xdut.vdd__t63                             3.63
xdut.vinn__t7                            1.815
xdut.\$83__t0                             3.63
xdut.\$90__t256                          1.815
xdut.vcm__t19                            1.815
xdut.\$85__t0                      1.25674e-07
xdut.\$90__t257                          1.815
xdut.vref__t16                            3.63
xdut.\$87__t0                             3.63
xdut.\$90__t258                          1.815
xdut.vss__t17                      1.14064e-09
xdut.\$89__t0                             3.63
xdut.\$90__t259                          1.815
xdut.\$92__t1                             3.63
xdut.sel_in__t15                             0
xdut.vdd__t57                             3.63
xdut.\$94__t1                      1.26077e-07
xdut.rel_128_n__t0                        3.63
xdut.vdd__t56                             3.63
xdut.\$96__t1                             3.63
xdut.hi_128_n__t0                            0
xdut.vdd__t55                             3.63
xdut.\$98__t1                             3.63
xdut.lo_128_n__t0                            0
xdut.vdd__t73                             3.63
xdut.vinn__t8                            1.815
xdut.\$92__t0                             3.63
xdut.\$99__t128                          1.815
xdut.vcm__t20                            1.815
xdut.\$94__t0                      1.21319e-07
xdut.\$99__t129                          1.815
xdut.vref__t17                            3.63
xdut.\$96__t0                             3.63
xdut.\$99__t130                          1.815
xdut.vss__t18                      8.17075e-10
xdut.\$98__t0                             3.63
xdut.\$99__t131                          1.815
xdut.\$100__t1                            3.63
xdut.sel_in__t7                              0
xdut.vdd__t26                             3.63
xdut.\$102__t1                     1.21733e-07
xdut.rel_64_n__t0                         3.63
xdut.vdd__t5                              3.63
xdut.\$104__t1                            3.63
xdut.hi_64_n__t0                             0
xdut.vdd__t11                             3.63
xdut.\$106__t1                            3.63
xdut.lo_64_n__t0                             0
xdut.vdd__t14                             3.63
xdut.vinn__t6                            1.815
xdut.\$100__t0                            3.63
xdut.\$107__t67                          1.815
xdut.vcm__t16                            1.815
xdut.\$102__t0                     1.16974e-07
xdut.\$107__t66                          1.815
xdut.vref__t14                            3.63
xdut.\$104__t0                            3.63
xdut.\$107__t65                          1.815
xdut.vss__t15                      4.98582e-10
xdut.\$106__t0                            3.63
xdut.\$107__t64                          1.815
xdut.\$108__t1                            3.63
xdut.sel_in__t3                              0
xdut.vdd__t1                              3.63
xdut.\$110__t1                     1.17423e-07
xdut.rel_32_n__t0                         3.63
xdut.vdd__t4                              3.63
xdut.\$112__t1                            3.63
xdut.hi_32_n__t0                             0
xdut.vdd__t2                              3.63
xdut.\$114__t1                            3.63
xdut.lo_32_n__t0                             0
xdut.vdd__t18                             3.63
xdut.vinn__t5                            1.815
xdut.\$108__t0                            3.63
xdut.\$115__t35                          1.815
xdut.vcm__t15                            1.815
xdut.\$110__t0                     1.12664e-07
xdut.\$115__t34                          1.815
xdut.vref__t13                            3.63
xdut.\$112__t0                            3.63
xdut.\$115__t33                          1.815
xdut.vss__t14                      2.09705e-10
xdut.\$114__t0                            3.63
xdut.\$115__t32                          1.815
xdut.\$116__t1                            3.63
xdut.sel_in__t5                              0
xdut.vdd__t17                             3.63
xdut.\$118__t1                     1.13405e-07
xdut.rel_16_n__t0                         3.63
xdut.vdd__t16                             3.63
xdut.\$120__t1                            3.63
xdut.hi_16_n__t0                             0
xdut.vdd__t15                             3.63
xdut.\$122__t1                            3.63
xdut.lo_16_n__t0                             0
xdut.vdd__t9                              3.63
xdut.vinn__t4                            1.815
xdut.\$116__t0                            3.63
xdut.\$123__t18                          1.815
xdut.vcm__t17                            1.815
xdut.\$118__t0                     1.08646e-07
xdut.\$123__t19                          1.815
xdut.vref__t0                             3.63
xdut.\$120__t0                            3.63
xdut.\$123__t16                          1.815
xdut.vss__t9                       2.31926e-10
xdut.\$122__t0                            3.63
xdut.\$123__t17                          1.815
xdut.\$124__t1                            3.63
xdut.sel_in__t12                             0
xdut.vdd__t42                             3.63
xdut.\$126__t1                     1.14791e-07
xdut.rel_8_n__t0                          3.63
xdut.vdd__t52                             3.63
xdut.\$128__t1                            3.63
xdut.hi_8_n__t0                              0
xdut.vdd__t44                             3.63
xdut.\$130__t1                            3.63
xdut.lo_8_n__t0                              0
xdut.vdd__t45                             3.63
xdut.vinn__t2                            1.815
xdut.\$124__t0                            3.63
xdut.\$131__t11                          1.815
xdut.vcm__t11                            1.815
xdut.\$126__t0                     1.10032e-07
xdut.\$131__t10                          1.815
xdut.vref__t8                             3.63
xdut.\$128__t0                            3.63
xdut.\$131__t9                           1.815
xdut.vss__t3                        5.2728e-10
xdut.\$130__t0                            3.63
xdut.\$131__t8                           1.815
xdut.\$132__t1                            3.63
xdut.sel_in__t13                             0
xdut.vdd__t46                             3.63
xdut.\$134__t1                     1.19014e-07
xdut.rel_4_n__t0                          3.63
xdut.vdd__t47                             3.63
xdut.\$136__t1                            3.63
xdut.hi_4_n__t0                              0
xdut.vdd__t48                             3.63
xdut.\$138__t1                            3.63
xdut.lo_4_n__t0                              0
xdut.vdd__t49                             3.63
xdut.vinn__t0                            1.815
xdut.\$132__t0                            3.63
xdut.\$139__t4                           1.815
xdut.vcm__t8                             1.815
xdut.\$134__t0                     1.14255e-07
xdut.\$139__t5                           1.815
xdut.vref__t5                             3.63
xdut.\$136__t0                            3.63
xdut.\$139__t6                           1.815
xdut.vss__t7                        8.4657e-10
xdut.\$138__t0                            3.63
xdut.\$139__t7                           1.815
xdut.\$140__t1                            3.63
xdut.sel_in__t6                              0
xdut.vdd__t22                             3.63
xdut.\$142__t1                     1.23342e-07
xdut.rel_2_n__t0                          3.63
xdut.vdd__t23                             3.63
xdut.\$144__t1                            3.63
xdut.hi_2_n__t0                              0
xdut.vdd__t24                             3.63
xdut.\$146__t1                            3.63
xdut.lo_2_n__t0                              0
xdut.vdd__t25                             3.63
xdut.vinn__t1                            1.815
xdut.\$140__t0                            3.63
xdut.\$147__t2                           1.815
xdut.vcm__t9                             1.815
xdut.\$142__t0                     1.18583e-07
xdut.\$147__t3                           1.815
xdut.vref__t6                             3.63
xdut.\$144__t0                            3.63
xdut.\$147__t4                           1.815
xdut.vss__t8                       1.17037e-09
xdut.\$146__t0                            3.63
xdut.\$147__t5                           1.815
xdut.\$148__t1                            3.63
xdut.sel_in__t8                              0
xdut.vdd__t27                             3.63
xdut.\$150__t1                     1.27692e-07
xdut.rel_1_n__t0                          3.63
xdut.vdd__t28                             3.63
xdut.\$152__t1                            3.63
xdut.hi_1_n__t0                              0
xdut.vdd__t29                             3.63
xdut.\$154__t1                            3.63
xdut.lo_1_n__t0                              0
xdut.vdd__t30                             3.63
xdut.vinn__t3                            1.815
xdut.\$148__t0                            3.63
xdut.\$155__t4                           1.815
xdut.vcm__t10                            1.815
xdut.\$150__t0                     1.22933e-07
xdut.\$155__t1                           1.815
xdut.vref__t7                             3.63
xdut.\$152__t0                            3.63
xdut.\$155__t2                           1.815
xdut.vss__t10                      1.49575e-09
xdut.\$154__t0                            3.63
xdut.\$155__t3                           1.815
xdut.\$166__t1                            3.63
xdut.tp_gn__t0                               0
xdut.vdd__t36                             3.63
xdut.vcm__t3                             1.815
xdut.\$166__t0                            3.63
xdut.topp__t512                        1.95437
xdut.\$167__t1                            3.63
xdut.tp_gn__t1                               0
xdut.vdd__t37                             3.63
xdut.vcm__t2                             1.815
xdut.\$167__t0                            3.63
xdut.topn__t512                        2.06162
xdut.\$10__t248                        1.81499
xdut.topp__t0                          1.95437
xdut.\$24__t1                            1.815
xdut.topp__t494                        1.95437
xdut.\$10__t247                        1.81499
xdut.topp__t493                        1.95437
xdut.\$22__t3                            1.815
xdut.topp__t492                        1.95437
xdut.\$10__t246                        1.81499
xdut.topp__t491                        1.95437
xdut.\$20__t7                            1.815
xdut.topp__t490                        1.95437
xdut.\$10__t245                        1.81499
xdut.topp__t489                        1.95437
xdut.\$20__t6                            1.815
xdut.topp__t488                        1.95437
xdut.\$10__t244                        1.81499
xdut.topp__t487                        1.95437
xdut.\$18__t15                           1.815
xdut.topp__t486                        1.95437
xdut.\$10__t243                        1.81499
xdut.topp__t485                        1.95437
xdut.\$18__t14                           1.815
xdut.topp__t484                        1.95437
xdut.\$10__t242                        1.81499
xdut.topp__t483                        1.95437
xdut.\$18__t13                           1.815
xdut.topp__t482                        1.95437
xdut.\$10__t249                        1.81499
xdut.topp__t496                        1.95437
xdut.\$18__t12                           1.815
xdut.topp__t450                        1.95437
xdut.\$10__t257                        1.81499
xdut.topp__t511                        1.95437
xdut.\$16__t30                           1.815
xdut.topp__t495                        1.95437
xdut.\$10__t198                        1.81499
xdut.topp__t392                        1.95437
xdut.\$16__t27                           1.815
xdut.topp__t476                        1.95437
xdut.\$10__t233                        1.81499
xdut.topp__t462                        1.95437
xdut.\$16__t25                           1.815
xdut.topp__t461                        1.95437
xdut.\$10__t232                        1.81499
xdut.topp__t460                        1.95437
xdut.\$16__t24                           1.815
xdut.topp__t459                        1.95437
xdut.\$10__t231                        1.81499
xdut.topp__t458                        1.95437
xdut.\$16__t26                           1.815
xdut.topp__t471                        1.95437
xdut.\$10__t256                        1.81499
xdut.topp__t510                        1.95437
xdut.\$16__t31                           1.815
xdut.topp__t497                        1.95437
xdut.\$10__t241                        1.81499
xdut.topp__t480                        1.95437
xdut.\$16__t29                           1.815
xdut.topp__t479                        1.95437
xdut.\$10__t240                        1.81499
xdut.topp__t478                        1.95437
xdut.\$16__t28                           1.815
xdut.topp__t477                        1.95437
xdut.\$90__t252                          1.815
xdut.topn__t506                        2.06162
xdut.\$147__t1                           1.815
xdut.topn__t505                        2.06162
xdut.\$90__t173                          1.815
xdut.topn__t346                        2.06162
xdut.\$139__t3                           1.815
xdut.topn__t345                        2.06162
xdut.\$90__t172                          1.815
xdut.topn__t344                        2.06162
xdut.\$131__t7                           1.815
xdut.topn__t343                        2.06162
xdut.\$90__t171                          1.815
xdut.topn__t342                        2.06162
xdut.\$131__t6                           1.815
xdut.topn__t341                        2.06162
xdut.\$90__t170                          1.815
xdut.topn__t340                        2.06162
xdut.\$123__t9                           1.815
xdut.topn__t339                        2.06162
xdut.\$90__t169                          1.815
xdut.topn__t338                        2.06162
xdut.\$123__t12                          1.815
xdut.topn__t385                        2.06162
xdut.\$90__t199                          1.815
xdut.topn__t400                        2.06162
xdut.\$123__t7                           1.815
xdut.topn__t211                        2.06162
xdut.\$90__t176                          1.815
xdut.topn__t352                        2.06162
xdut.\$123__t10                          1.815
xdut.topn__t351                        2.06162
xdut.\$90__t175                          1.815
xdut.topn__t350                        2.06162
xdut.\$115__t22                          1.815
xdut.topn__t349                        2.06162
xdut.\$90__t174                          1.815
xdut.topn__t348                        2.06162
xdut.\$115__t21                          1.815
xdut.topn__t347                        2.06162
xdut.\$90__t137                          1.815
xdut.topn__t277                        2.06162
xdut.\$115__t15                          1.815
xdut.topn__t214                        2.06162
xdut.\$90__t113                          1.815
xdut.topn__t230                        2.06162
xdut.\$115__t19                          1.815
xdut.topn__t229                        2.06162
xdut.\$90__t112                          1.815
xdut.topn__t228                        2.06162
xdut.\$115__t18                          1.815
xdut.topn__t227                        2.06162
xdut.\$90__t111                          1.815
xdut.topn__t226                        2.06162
xdut.\$115__t20                          1.815
xdut.topn__t241                        2.06162
xdut.\$90__t109                          1.815
xdut.topn__t224                        2.06162
xdut.\$115__t17                          1.815
xdut.topn__t218                        2.06162
xdut.\$90__t105                          1.815
xdut.topn__t216                        2.06162
xdut.\$115__t16                          1.815
xdut.topn__t215                        2.06162
xdut.\$10__t229                        1.81499
xdut.topp__t456                        1.95437
xdut.\$14__t50                           1.815
xdut.topp__t455                        1.95437
xdut.\$10__t228                        1.81499
xdut.topp__t454                        1.95437
xdut.\$14__t49                           1.815
xdut.topp__t453                        1.95437
xdut.\$10__t227                        1.81499
xdut.topp__t452                        1.95437
xdut.\$14__t48                           1.815
xdut.topp__t451                        1.95437
xdut.\$10__t250                        1.81499
xdut.topp__t498                        1.95437
xdut.\$14__t58                           1.815
xdut.topp__t499                        1.95437
xdut.\$10__t251                        1.81499
xdut.topp__t500                        1.95437
xdut.\$14__t59                           1.815
xdut.topp__t501                        1.95437
xdut.\$10__t252                        1.81499
xdut.topp__t502                        1.95437
xdut.\$14__t60                           1.815
xdut.topp__t503                        1.95437
xdut.\$10__t253                        1.81499
xdut.topp__t504                        1.95437
xdut.\$14__t61                           1.815
xdut.topp__t505                        1.95437
xdut.\$10__t254                        1.81499
xdut.topp__t506                        1.95437
xdut.\$14__t62                           1.815
xdut.topp__t507                        1.95437
xdut.\$10__t255                        1.81499
xdut.topp__t508                        1.95437
xdut.\$14__t63                           1.815
xdut.topp__t509                        1.95437
xdut.\$10__t197                        1.81499
xdut.topp__t391                        1.95437
xdut.\$14__t56                           1.815
xdut.topp__t475                        1.95437
xdut.\$10__t239                        1.81499
xdut.topp__t474                        1.95437
xdut.\$14__t55                           1.815
xdut.topp__t473                        1.95437
xdut.\$10__t238                        1.81499
xdut.topp__t472                        1.95437
xdut.\$14__t57                           1.815
xdut.topp__t481                        1.95437
xdut.\$10__t237                        1.81499
xdut.topp__t470                        1.95437
xdut.\$14__t54                           1.815
xdut.topp__t469                        1.95437
xdut.\$10__t236                        1.81499
xdut.topp__t468                        1.95437
xdut.\$14__t53                           1.815
xdut.topp__t467                        1.95437
xdut.\$10__t235                        1.81499
xdut.topp__t466                        1.95437
xdut.\$14__t52                           1.815
xdut.topp__t465                        1.95437
xdut.\$10__t234                        1.81499
xdut.topp__t464                        1.95437
xdut.\$14__t51                           1.815
xdut.topp__t463                        1.95437
xdut.\$90__t251                          1.815
xdut.topn__t504                        2.06162
xdut.\$107__t63                          1.815
xdut.topn__t503                        2.06162
xdut.\$90__t103                          1.815
xdut.topn__t210                        2.06162
xdut.\$107__t31                          1.815
xdut.topn__t321                        2.06162
xdut.\$90__t184                          1.815
xdut.topn__t368                        2.06162
xdut.\$107__t38                          1.815
xdut.topn__t367                        2.06162
xdut.\$90__t183                          1.815
xdut.topn__t366                        2.06162
xdut.\$107__t37                          1.815
xdut.topn__t365                        2.06162
xdut.\$90__t182                          1.815
xdut.topn__t364                        2.06162
xdut.\$107__t36                          1.815
xdut.topn__t363                        2.06162
xdut.\$90__t181                          1.815
xdut.topn__t362                        2.06162
xdut.\$107__t35                          1.815
xdut.topn__t361                        2.06162
xdut.\$90__t180                          1.815
xdut.topn__t360                        2.06162
xdut.\$107__t34                          1.815
xdut.topn__t359                        2.06162
xdut.\$90__t179                          1.815
xdut.topn__t358                        2.06162
xdut.\$107__t33                          1.815
xdut.topn__t357                        2.06162
xdut.\$90__t178                          1.815
xdut.topn__t356                        2.06162
xdut.\$107__t32                          1.815
xdut.topn__t355                        2.06162
xdut.\$90__t177                          1.815
xdut.topn__t354                        2.06162
xdut.\$107__t39                          1.815
xdut.topn__t369                        2.06162
xdut.\$90__t136                          1.815
xdut.topn__t276                        2.06162
xdut.\$107__t17                          1.815
xdut.topn__t213                        2.06162
xdut.\$90__t104                          1.815
xdut.topn__t212                        2.06162
xdut.\$107__t25                          1.815
xdut.topn__t239                        2.06162
xdut.\$90__t117                          1.815
xdut.topn__t238                        2.06162
xdut.\$107__t24                          1.815
xdut.topn__t237                        2.06162
xdut.\$90__t116                          1.815
xdut.topn__t236                        2.06162
xdut.\$107__t23                          1.815
xdut.topn__t235                        2.06162
xdut.\$90__t115                          1.815
xdut.topn__t234                        2.06162
xdut.\$107__t22                          1.815
xdut.topn__t233                        2.06162
xdut.\$90__t114                          1.815
xdut.topn__t232                        2.06162
xdut.\$107__t21                          1.815
xdut.topn__t231                        2.06162
xdut.\$10__t168                        1.81499
xdut.topp__t335                        1.95437
xdut.\$12__t91                         1.81499
xdut.topp__t336                        1.95437
xdut.\$10__t169                        1.81499
xdut.topp__t337                        1.95437
xdut.\$12__t92                         1.81499
xdut.topp__t338                        1.95437
xdut.\$10__t170                        1.81499
xdut.topp__t339                        1.95437
xdut.\$12__t93                         1.81499
xdut.topp__t340                        1.95437
xdut.\$10__t171                        1.81499
xdut.topp__t341                        1.95437
xdut.\$12__t94                         1.81499
xdut.topp__t342                        1.95437
xdut.\$10__t172                        1.81499
xdut.topp__t343                        1.95437
xdut.\$12__t95                         1.81499
xdut.topp__t344                        1.95437
xdut.\$10__t173                        1.81499
xdut.topp__t345                        1.95437
xdut.\$12__t96                         1.81499
xdut.topp__t346                        1.95437
xdut.\$10__t174                        1.81499
xdut.topp__t347                        1.95437
xdut.\$12__t97                         1.81499
xdut.topp__t348                        1.95437
xdut.\$10__t175                        1.81499
xdut.topp__t349                        1.95437
xdut.\$12__t106                        1.81499
xdut.topp__t366                        1.95437
xdut.\$10__t176                        1.81499
xdut.topp__t351                        1.95437
xdut.\$12__t99                         1.81499
xdut.topp__t352                        1.95437
xdut.\$10__t177                        1.81499
xdut.topp__t353                        1.95437
xdut.\$12__t100                        1.81499
xdut.topp__t354                        1.95437
xdut.\$10__t178                        1.81499
xdut.topp__t355                        1.95437
xdut.\$12__t101                        1.81499
xdut.topp__t356                        1.95437
xdut.\$10__t179                        1.81499
xdut.topp__t357                        1.95437
xdut.\$12__t102                        1.81499
xdut.topp__t358                        1.95437
xdut.\$10__t180                        1.81499
xdut.topp__t359                        1.95437
xdut.\$12__t103                        1.81499
xdut.topp__t360                        1.95437
xdut.\$10__t181                        1.81499
xdut.topp__t361                        1.95437
xdut.\$12__t104                        1.81499
xdut.topp__t362                        1.95437
xdut.\$10__t182                        1.81499
xdut.topp__t363                        1.95437
xdut.\$12__t105                        1.81499
xdut.topp__t364                        1.95437
xdut.\$10__t183                        1.81499
xdut.topp__t365                        1.95437
xdut.\$12__t98                         1.81499
xdut.topp__t350                        1.95437
xdut.\$90__t153                          1.815
xdut.topn__t306                        2.06162
xdut.\$99__t81                           1.815
xdut.topn__t307                        2.06162
xdut.\$90__t154                          1.815
xdut.topn__t308                        2.06162
xdut.\$99__t82                           1.815
xdut.topn__t309                        2.06162
xdut.\$90__t155                          1.815
xdut.topn__t310                        2.06162
xdut.\$99__t83                           1.815
xdut.topn__t311                        2.06162
xdut.\$90__t156                          1.815
xdut.topn__t312                        2.06162
xdut.\$99__t84                           1.815
xdut.topn__t313                        2.06162
xdut.\$90__t157                          1.815
xdut.topn__t314                        2.06162
xdut.\$99__t85                           1.815
xdut.topn__t315                        2.06162
xdut.\$90__t158                          1.815
xdut.topn__t316                        2.06162
xdut.\$99__t86                           1.815
xdut.topn__t317                        2.06162
xdut.\$90__t159                          1.815
xdut.topn__t318                        2.06162
xdut.\$99__t87                           1.815
xdut.topn__t319                        2.06162
xdut.\$90__t160                          1.815
xdut.topn__t320                        2.06162
xdut.\$99__t95                           1.815
xdut.topn__t337                        2.06162
xdut.\$90__t161                          1.815
xdut.topn__t322                        2.06162
xdut.\$99__t88                           1.815
xdut.topn__t323                        2.06162
xdut.\$90__t162                          1.815
xdut.topn__t324                        2.06162
xdut.\$99__t89                           1.815
xdut.topn__t325                        2.06162
xdut.\$90__t163                          1.815
xdut.topn__t326                        2.06162
xdut.\$99__t90                           1.815
xdut.topn__t327                        2.06162
xdut.\$90__t164                          1.815
xdut.topn__t328                        2.06162
xdut.\$99__t91                           1.815
xdut.topn__t329                        2.06162
xdut.\$90__t165                          1.815
xdut.topn__t330                        2.06162
xdut.\$99__t92                           1.815
xdut.topn__t331                        2.06162
xdut.\$90__t166                          1.815
xdut.topn__t332                        2.06162
xdut.\$99__t93                           1.815
xdut.topn__t333                        2.06162
xdut.\$90__t167                          1.815
xdut.topn__t334                        2.06162
xdut.\$99__t94                           1.815
xdut.topn__t335                        2.06162
xdut.\$90__t168                          1.815
xdut.topn__t336                        2.06162
xdut.\$99__t96                           1.815
xdut.topn__t353                        2.06162
xdut.\$10__t66                         1.81499
xdut.topp__t129                        1.95437
xdut.\$12__t34                         1.81499
xdut.topp__t128                        1.95437
xdut.\$10__t67                         1.81499
xdut.topp__t131                        1.95437
xdut.\$12__t35                         1.81499
xdut.topp__t130                        1.95437
xdut.\$10__t65                         1.81499
xdut.topp__t127                        1.95437
xdut.\$12__t33                         1.81499
xdut.topp__t126                        1.95437
xdut.\$10__t92                         1.81499
xdut.topp__t182                        1.95437
xdut.\$12__t36                         1.81499
xdut.topp__t133                        1.95437
xdut.\$10__t68                         1.81499
xdut.topp__t132                        1.95437
xdut.\$12__t53                         1.81499
xdut.topp__t190                        1.95437
xdut.\$10__t87                         1.81499
xdut.topp__t170                        1.95437
xdut.\$12__t42                         1.81499
xdut.topp__t164                        1.95437
xdut.\$10__t81                         1.81499
xdut.topp__t158                        1.95437
xdut.\$12__t46                         1.81499
xdut.topp__t171                        1.95437
xdut.\$10__t84                         1.81499
xdut.topp__t163                        1.95437
xdut.\$12__t41                         1.81499
xdut.topp__t162                        1.95437
xdut.\$10__t83                         1.81499
xdut.topp__t161                        1.95437
xdut.\$12__t40                         1.81499
xdut.topp__t160                        1.95437
xdut.\$10__t136                        1.81499
xdut.topp__t273                        1.95437
xdut.\$12__t117                        1.81499
xdut.topp__t414                        1.95437
xdut.\$10__t199                        1.81499
xdut.topp__t394                        1.95437
xdut.\$12__t112                        1.81499
xdut.topp__t393                        1.95437
xdut.\$10__t218                        1.81499
xdut.topp__t433                        1.95437
xdut.\$12__t126                        1.81499
xdut.topp__t445                        1.95437
xdut.\$10__t223                        1.81499
xdut.topp__t444                        1.95437
xdut.\$12__t125                        1.81499
xdut.topp__t443                        1.95437
xdut.\$10__t194                        1.81499
xdut.topp__t386                        1.95437
xdut.\$12__t109                        1.81499
xdut.topp__t385                        1.95437
xdut.\$10__t193                        1.81499
xdut.topp__t384                        1.95437
xdut.\$12__t108                        1.81499
xdut.topp__t383                        1.95437
xdut.\$10__t192                        1.81499
xdut.topp__t382                        1.95437
xdut.\$12__t107                        1.81499
xdut.topp__t381                        1.95437
xdut.\$90__t202                          1.815
xdut.topn__t406                        2.06162
xdut.\$99__t99                           1.815
xdut.topn__t405                        2.06162
xdut.\$90__t56                           1.815
xdut.topn__t115                        2.06162
xdut.\$99__t29                           1.815
xdut.topn__t87                         2.06162
xdut.\$90__t58                           1.815
xdut.topn__t118                        2.06162
xdut.\$99__t14                           1.815
xdut.topn__t34                         2.06162
xdut.\$90__t51                           1.815
xdut.topn__t106                        2.06162
xdut.\$99__t35                           1.815
xdut.topn__t116                        2.06162
xdut.\$90__t50                           1.815
xdut.topn__t104                        2.06162
xdut.\$99__t36                           1.815
xdut.topn__t135                        2.06162
xdut.\$90__t57                           1.815
xdut.topn__t117                        2.06162
xdut.\$99__t112                          1.815
xdut.topn__t433                        2.06162
xdut.\$90__t11                           1.815
xdut.topn__t23                         2.06162
xdut.\$99__t8                            1.815
xdut.topn__t22                         2.06162
xdut.\$90__t10                           1.815
xdut.topn__t21                         2.06162
xdut.\$99__t10                           1.815
xdut.topn__t27                         2.06162
xdut.\$90__t13                           1.815
xdut.topn__t26                         2.06162
xdut.\$99__t9                            1.815
xdut.topn__t25                         2.06162
xdut.\$90__t12                           1.815
xdut.topn__t24                         2.06162
xdut.\$99__t17                           1.815
xdut.topn__t39                         2.06162
xdut.\$90__t185                          1.815
xdut.topn__t370                        2.06162
xdut.\$99__t19                           1.815
xdut.topn__t43                         2.06162
xdut.\$90__t20                           1.815
xdut.topn__t42                         2.06162
xdut.\$99__t18                           1.815
xdut.topn__t41                         2.06162
xdut.\$90__t19                           1.815
xdut.topn__t40                         2.06162
xdut.\$99__t37                           1.815
xdut.topn__t136                        2.06162
xdut.\$90__t84                           1.815
xdut.topn__t170                        2.06162
xdut.\$99__t43                           1.815
xdut.topn__t169                        2.06162
xdut.\$90__t83                           1.815
xdut.topn__t168                        2.06162
xdut.\$99__t22                           1.815
xdut.topn__t57                         2.06162
xdut.\$90__t26                           1.815
xdut.topn__t56                         2.06162
xdut.\$99__t20                           1.815
xdut.topn__t44                         2.06162
xdut.\$12__t0                          1.81499
xdut.topp__t181                        1.95437
xdut.\$10__t91                         1.81499
xdut.topp__t180                        1.95437
xdut.\$12__t51                         1.81499
xdut.topp__t179                        1.95437
xdut.\$10__t90                         1.81499
xdut.topp__t178                        1.95437
xdut.\$12__t50                         1.81499
xdut.topp__t177                        1.95437
xdut.\$10__t89                         1.81499
xdut.topp__t176                        1.95437
xdut.\$12__t49                         1.81499
xdut.topp__t175                        1.95437
xdut.\$10__t88                         1.81499
xdut.topp__t174                        1.95437
xdut.\$12__t48                         1.81499
xdut.topp__t173                        1.95437
xdut.\$10__t94                         1.81499
xdut.topp__t186                        1.95437
xdut.\$12__t39                         1.81499
xdut.topp__t157                        1.95437
xdut.\$10__t80                         1.81499
xdut.topp__t156                        1.95437
xdut.\$12__t38                         1.81499
xdut.topp__t155                        1.95437
xdut.\$10__t79                         1.81499
xdut.topp__t154                        1.95437
xdut.\$12__t43                         1.81499
xdut.topp__t165                        1.95437
xdut.\$10__t82                         1.81499
xdut.topp__t159                        1.95437
xdut.\$12__t52                         1.81499
xdut.topp__t183                        1.95437
xdut.\$10__t85                         1.81499
xdut.topp__t166                        1.95437
xdut.\$12__t90                         1.81499
xdut.topp__t308                        1.95437
xdut.\$10__t208                        1.81499
xdut.topp__t415                        1.95437
xdut.\$12__t124                        1.81499
xdut.topp__t442                        1.95437
xdut.\$10__t222                        1.81499
xdut.topp__t441                        1.95437
xdut.\$12__t123                        1.81499
xdut.topp__t440                        1.95437
xdut.\$10__t191                        1.81499
xdut.topp__t380                        1.95437
xdut.\$12__t111                        1.81499
xdut.topp__t390                        1.95437
xdut.\$10__t190                        1.81499
xdut.topp__t379                        1.95437
xdut.\$12__t122                        1.81499
xdut.topp__t426                        1.95437
xdut.\$10__t214                        1.81499
xdut.topp__t425                        1.95437
xdut.\$12__t121                        1.81499
xdut.topp__t424                        1.95437
xdut.\$10__t213                        1.81499
xdut.topp__t423                        1.95437
xdut.\$12__t120                        1.81499
xdut.topp__t422                        1.95437
xdut.\$10__t212                        1.81499
xdut.topp__t421                        1.95437
xdut.\$99__t113                          1.815
xdut.topn__t444                        2.06162
xdut.\$90__t203                          1.815
xdut.topn__t407                        2.06162
xdut.\$99__t34                           1.815
xdut.topn__t114                        2.06162
xdut.\$90__t55                           1.815
xdut.topn__t113                        2.06162
xdut.\$99__t33                           1.815
xdut.topn__t112                        2.06162
xdut.\$90__t54                           1.815
xdut.topn__t111                        2.06162
xdut.\$99__t32                           1.815
xdut.topn__t110                        2.06162
xdut.\$90__t53                           1.815
xdut.topn__t109                        2.06162
xdut.\$99__t31                           1.815
xdut.topn__t108                        2.06162
xdut.\$90__t52                           1.815
xdut.topn__t107                        2.06162
xdut.\$99__t30                           1.815
xdut.topn__t105                        2.06162
xdut.\$90__t217                          1.815
xdut.topn__t434                        2.06162
xdut.\$99__t7                            1.815
xdut.topn__t20                         2.06162
xdut.\$90__t9                            1.815
xdut.topn__t19                         2.06162
xdut.\$99__t6                            1.815
xdut.topn__t18                         2.06162
xdut.\$90__t4                            1.815
xdut.topn__t9                          2.06162
xdut.\$99__t21                           1.815
xdut.topn__t55                         2.06162
xdut.\$90__t33                           1.815
xdut.topn__t70                         2.06162
xdut.\$99__t28                           1.815
xdut.topn__t69                         2.06162
xdut.\$90__t14                           1.815
xdut.topn__t28                         2.06162
xdut.\$99__t97                           1.815
xdut.topn__t371                        2.06162
xdut.\$90__t82                           1.815
xdut.topn__t167                        2.06162
xdut.\$99__t42                           1.815
xdut.topn__t166                        2.06162
xdut.\$90__t81                           1.815
xdut.topn__t165                        2.06162
xdut.\$99__t41                           1.815
xdut.topn__t164                        2.06162
xdut.\$90__t80                           1.815
xdut.topn__t163                        2.06162
xdut.\$99__t40                           1.815
xdut.topn__t141                        2.06162
xdut.\$90__t86                           1.815
xdut.topn__t174                        2.06162
xdut.\$99__t44                           1.815
xdut.topn__t175                        2.06162
xdut.\$90__t28                           1.815
xdut.topn__t60                         2.06162
xdut.\$99__t23                           1.815
xdut.topn__t59                         2.06162
xdut.\$90__t27                           1.815
xdut.topn__t58                         2.06162
xdut.\$12__t47                         1.81499
xdut.topp__t172                        1.95437
xdut.\$10__t69                         1.81499
xdut.topp__t134                        1.95437
xdut.\$12__t32                         1.81499
xdut.topp__t125                        1.95437
xdut.\$10__t64                         1.81499
xdut.topp__t124                        1.95437
xdut.\$12__t31                         1.81499
xdut.topp__t123                        1.95437
xdut.\$10__t63                         1.81499
xdut.topp__t122                        1.95437
xdut.\$12__t30                         1.81499
xdut.topp__t121                        1.95437
xdut.\$10__t62                         1.81499
xdut.topp__t120                        1.95437
xdut.\$12__t44                         1.81499
xdut.topp__t167                        1.95437
xdut.\$10__t95                         1.81499
xdut.topp__t187                        1.95437
xdut.\$12__t45                         1.81499
xdut.topp__t169                        1.95437
xdut.\$10__t86                         1.81499
xdut.topp__t168                        1.95437
xdut.\$12__t37                         1.81499
xdut.topp__t153                        1.95437
xdut.\$10__t78                         1.81499
xdut.topp__t152                        1.95437
xdut.\$12__t119                        1.81499
xdut.topp__t419                        1.95437
xdut.\$10__t230                        1.81499
xdut.topp__t457                        1.95437
xdut.\$12__t118                        1.81499
xdut.topp__t418                        1.95437
xdut.\$10__t210                        1.81499
xdut.topp__t417                        1.95437
xdut.\$12__t74                         1.81499
xdut.topp__t271                        1.95437
xdut.\$10__t225                        1.81499
xdut.topp__t448                        1.95437
xdut.\$12__t127                        1.81499
xdut.topp__t447                        1.95437
xdut.\$10__t224                        1.81499
xdut.topp__t446                        1.95437
xdut.\$12__t115                        1.81499
xdut.topp__t400                        1.95437
xdut.\$10__t202                        1.81499
xdut.topp__t399                        1.95437
xdut.\$12__t114                        1.81499
xdut.topp__t398                        1.95437
xdut.\$10__t201                        1.81499
xdut.topp__t397                        1.95437
xdut.\$12__t113                        1.81499
xdut.topp__t396                        1.95437
xdut.\$10__t200                        1.81499
xdut.topp__t395                        1.95437
xdut.\$12__t116                        1.81499
xdut.topp__t406                        1.95437
xdut.\$10__t196                        1.81499
xdut.topp__t389                        1.95437
xdut.\$12__t110                        1.81499
xdut.topp__t388                        1.95437
xdut.\$10__t195                        1.81499
xdut.topp__t387                        1.95437
xdut.\$99__t100                          1.815
xdut.topn__t409                        2.06162
xdut.\$90__t204                          1.815
xdut.topn__t408                        2.06162
xdut.\$99__t16                           1.815
xdut.topn__t38                         2.06162
xdut.\$90__t18                           1.815
xdut.topn__t37                         2.06162
xdut.\$99__t15                           1.815
xdut.topn__t36                         2.06162
xdut.\$90__t17                           1.815
xdut.topn__t35                         2.06162
xdut.\$99__t13                           1.815
xdut.topn__t33                         2.06162
xdut.\$90__t16                           1.815
xdut.topn__t32                         2.06162
xdut.\$99__t12                           1.815
xdut.topn__t31                         2.06162
xdut.\$90__t15                           1.815
xdut.topn__t30                         2.06162
xdut.\$99__t11                           1.815
xdut.topn__t29                         2.06162
xdut.\$90__t218                          1.815
xdut.topn__t435                        2.06162
xdut.\$99__t5                            1.815
xdut.topn__t17                         2.06162
xdut.\$90__t8                            1.815
xdut.topn__t16                         2.06162
xdut.\$99__t4                            1.815
xdut.topn__t15                         2.06162
xdut.\$90__t7                            1.815
xdut.topn__t14                         2.06162
xdut.\$99__t3                            1.815
xdut.topn__t13                         2.06162
xdut.\$90__t6                            1.815
xdut.topn__t12                         2.06162
xdut.\$99__t2                            1.815
xdut.topn__t11                         2.06162
xdut.\$90__t5                            1.815
xdut.topn__t10                         2.06162
xdut.\$99__t98                           1.815
xdut.topn__t372                        2.06162
xdut.\$90__t87                           1.815
xdut.topn__t176                        2.06162
xdut.\$99__t45                           1.815
xdut.topn__t177                        2.06162
xdut.\$90__t88                           1.815
xdut.topn__t178                        2.06162
xdut.\$99__t27                           1.815
xdut.topn__t68                         2.06162
xdut.\$90__t32                           1.815
xdut.topn__t67                         2.06162
xdut.\$99__t26                           1.815
xdut.topn__t66                         2.06162
xdut.\$90__t31                           1.815
xdut.topn__t65                         2.06162
xdut.\$99__t25                           1.815
xdut.topn__t64                         2.06162
xdut.\$90__t30                           1.815
xdut.topn__t63                         2.06162
xdut.\$99__t24                           1.815
xdut.topn__t62                         2.06162
xdut.\$90__t29                           1.815
xdut.topn__t61                         2.06162
xdut.\$14__t19                           1.815
xdut.topp__t147                        1.95437
xdut.\$10__t75                         1.81499
xdut.topp__t146                        1.95437
xdut.\$14__t18                           1.815
xdut.topp__t145                        1.95437
xdut.\$10__t74                         1.81499
xdut.topp__t144                        1.95437
xdut.\$14__t17                           1.815
xdut.topp__t143                        1.95437
xdut.\$10__t73                         1.81499
xdut.topp__t142                        1.95437
xdut.\$14__t16                           1.815
xdut.topp__t141                        1.95437
xdut.\$10__t72                         1.81499
xdut.topp__t140                        1.95437
xdut.\$14__t15                           1.815
xdut.topp__t139                        1.95437
xdut.\$10__t96                         1.81499
xdut.topp__t188                        1.95437
xdut.\$14__t22                           1.815
xdut.topp__t228                        1.95437
xdut.\$10__t118                        1.81499
xdut.topp__t231                        1.95437
xdut.\$14__t23                           1.815
xdut.topp__t234                        1.95437
xdut.\$10__t116                        1.81499
xdut.topp__t229                        1.95437
xdut.\$14__t21                           1.815
xdut.topp__t227                        1.95437
xdut.\$10__t115                        1.81499
xdut.topp__t226                        1.95437
xdut.\$14__t20                           1.815
xdut.topp__t185                        1.95437
xdut.\$10__t93                         1.81499
xdut.topp__t184                        1.95437
xdut.\$14__t28                           1.815
xdut.topp__t277                        1.95437
xdut.\$10__t221                        1.81499
xdut.topp__t439                        1.95437
xdut.\$14__t47                           1.815
xdut.topp__t438                        1.95437
xdut.\$10__t220                        1.81499
xdut.topp__t437                        1.95437
xdut.\$14__t46                           1.815
xdut.topp__t436                        1.95437
xdut.\$10__t219                        1.81499
xdut.topp__t435                        1.95437
xdut.\$14__t45                           1.815
xdut.topp__t434                        1.95437
xdut.\$10__t226                        1.81499
xdut.topp__t449                        1.95437
xdut.\$14__t44                           1.815
xdut.topp__t432                        1.95437
xdut.\$10__t217                        1.81499
xdut.topp__t431                        1.95437
xdut.\$14__t43                           1.815
xdut.topp__t430                        1.95437
xdut.\$10__t216                        1.81499
xdut.topp__t429                        1.95437
xdut.\$14__t42                           1.815
xdut.topp__t428                        1.95437
xdut.\$10__t215                        1.81499
xdut.topp__t427                        1.95437
xdut.\$107__t53                          1.815
xdut.topn__t446                        2.06162
xdut.\$90__t224                          1.815
xdut.topn__t445                        2.06162
xdut.\$107__t4                           1.815
xdut.topn__t77                         2.06162
xdut.\$90__t37                           1.815
xdut.topn__t76                         2.06162
xdut.\$107__t3                           1.815
xdut.topn__t75                         2.06162
xdut.\$90__t36                           1.815
xdut.topn__t74                         2.06162
xdut.\$107__t2                           1.815
xdut.topn__t73                         2.06162
xdut.\$90__t35                           1.815
xdut.topn__t72                         2.06162
xdut.\$107__t8                           1.815
xdut.topn__t119                        2.06162
xdut.\$90__t66                           1.815
xdut.topn__t134                        2.06162
xdut.\$107__t9                           1.815
xdut.topn__t133                        2.06162
xdut.\$90__t219                          1.815
xdut.topn__t436                        2.06162
xdut.\$107__t0                           1.815
xdut.topn__t0                          2.06162
xdut.\$90__t48                           1.815
xdut.topn__t102                        2.06162
xdut.\$107__t7                           1.815
xdut.topn__t101                        2.06162
xdut.\$90__t47                           1.815
xdut.topn__t100                        2.06162
xdut.\$107__t6                           1.815
xdut.topn__t99                         2.06162
xdut.\$90__t46                           1.815
xdut.topn__t98                         2.06162
xdut.\$107__t5                           1.815
xdut.topn__t97                         2.06162
xdut.\$90__t45                           1.815
xdut.topn__t96                         2.06162
xdut.\$107__t40                          1.815
xdut.topn__t373                        2.06162
xdut.\$90__t79                           1.815
xdut.topn__t162                        2.06162
xdut.\$107__t14                          1.815
xdut.topn__t161                        2.06162
xdut.\$90__t78                           1.815
xdut.topn__t160                        2.06162
xdut.\$107__t13                          1.815
xdut.topn__t159                        2.06162
xdut.\$90__t77                           1.815
xdut.topn__t158                        2.06162
xdut.\$107__t12                          1.815
xdut.topn__t147                        2.06162
xdut.\$90__t71                           1.815
xdut.topn__t146                        2.06162
xdut.\$107__t11                          1.815
xdut.topn__t145                        2.06162
xdut.\$90__t70                           1.815
xdut.topn__t144                        2.06162
xdut.\$107__t10                          1.815
xdut.topn__t143                        2.06162
xdut.\$90__t69                           1.815
xdut.topn__t142                        2.06162
xdut.\$16__t10                           1.815
xdut.topp__t199                        1.95437
xdut.\$10__t77                         1.81499
xdut.topp__t150                        1.95437
xdut.\$16__t9                            1.815
xdut.topp__t149                        1.95437
xdut.\$10__t76                         1.81499
xdut.topp__t148                        1.95437
xdut.\$16__t8                            1.815
xdut.topp__t138                        1.95437
xdut.\$10__t111                        1.81499
xdut.topp__t220                        1.95437
xdut.\$16__t12                           1.815
xdut.topp__t219                        1.95437
xdut.\$10__t110                        1.81499
xdut.topp__t218                        1.95437
xdut.\$16__t11                           1.815
xdut.topp__t217                        1.95437
xdut.\$10__t97                         1.81499
xdut.topp__t189                        1.95437
xdut.\$16__t13                           1.815
xdut.topp__t233                        1.95437
xdut.\$10__t119                        1.81499
xdut.topp__t232                        1.95437
xdut.\$16__t16                           1.815
xdut.topp__t247                        1.95437
xdut.\$10__t117                        1.81499
xdut.topp__t230                        1.95437
xdut.\$16__t15                           1.815
xdut.topp__t246                        1.95437
xdut.\$10__t125                        1.81499
xdut.topp__t245                        1.95437
xdut.\$18__t7                            1.815
xdut.topp__t244                        1.95437
xdut.\$10__t124                        1.81499
xdut.topp__t243                        1.95437
xdut.\$18__t9                            1.815
xdut.topp__t274                        1.95437
xdut.\$10__t189                        1.81499
xdut.topp__t378                        1.95437
xdut.\$18__t11                           1.815
xdut.topp__t377                        1.95437
xdut.\$10__t188                        1.81499
xdut.topp__t376                        1.95437
xdut.\$18__t10                           1.815
xdut.topp__t375                        1.95437
xdut.\$10__t187                        1.81499
xdut.topp__t374                        1.95437
xdut.\$20__t5                            1.815
xdut.topp__t373                        1.95437
xdut.\$10__t186                        1.81499
xdut.topp__t372                        1.95437
xdut.\$20__t4                            1.815
xdut.topp__t371                        1.95437
xdut.\$10__t185                        1.81499
xdut.topp__t370                        1.95437
xdut.\$22__t2                            1.815
xdut.topp__t369                        1.95437
xdut.\$10__t184                        1.81499
xdut.topp__t368                        1.95437
xdut.\$26__t0                          1.81499
xdut.topp__t367                        1.95437
xdut.\$10__t209                        1.81499
xdut.topp__t416                        1.95437
xdut.\$115__t24                          1.815
xdut.topn__t443                        2.06162
xdut.\$90__t223                          1.815
xdut.topn__t442                        2.06162
xdut.\$115__t8                           1.815
xdut.topn__t123                        2.06162
xdut.\$90__t60                           1.815
xdut.topn__t122                        2.06162
xdut.\$115__t7                           1.815
xdut.topn__t121                        2.06162
xdut.\$90__t59                           1.815
xdut.topn__t120                        2.06162
xdut.\$115__t3                           1.815
xdut.topn__t82                         2.06162
xdut.\$90__t39                           1.815
xdut.topn__t81                         2.06162
xdut.\$115__t2                           1.815
xdut.topn__t80                         2.06162
xdut.\$90__t38                           1.815
xdut.topn__t79                         2.06162
xdut.\$115__t1                           1.815
xdut.topn__t78                         2.06162
xdut.\$90__t220                          1.815
xdut.topn__t437                        2.06162
xdut.\$115__t5                           1.815
xdut.topn__t94                         2.06162
xdut.\$90__t44                           1.815
xdut.topn__t93                         2.06162
xdut.\$115__t4                           1.815
xdut.topn__t92                         2.06162
xdut.\$90__t43                           1.815
xdut.topn__t91                         2.06162
xdut.\$123__t4                           1.815
xdut.topn__t90                         2.06162
xdut.\$90__t42                           1.815
xdut.topn__t89                         2.06162
xdut.\$123__t3                           1.815
xdut.topn__t88                         2.06162
xdut.\$90__t49                           1.815
xdut.topn__t103                        2.06162
xdut.\$123__t11                          1.815
xdut.topn__t374                        2.06162
xdut.\$90__t34                           1.815
xdut.topn__t71                         2.06162
xdut.\$123__t0                           1.815
xdut.topn__t54                         2.06162
xdut.\$90__t25                           1.815
xdut.topn__t53                         2.06162
xdut.\$131__t1                           1.815
xdut.topn__t52                         2.06162
xdut.\$90__t24                           1.815
xdut.topn__t51                         2.06162
xdut.\$131__t0                           1.815
xdut.topn__t50                         2.06162
xdut.\$90__t23                           1.815
xdut.topn__t49                         2.06162
xdut.\$139__t0                           1.815
xdut.topn__t48                         2.06162
xdut.\$90__t22                           1.815
xdut.topn__t47                         2.06162
xdut.\$155__t0                           1.815
xdut.topn__t46                         2.06162
xdut.\$90__t21                           1.815
xdut.topn__t45                         2.06162
xdut.\$10__t112                        1.81499
xdut.topp__t222                        1.95437
xdut.vcm__t0                             1.815
xdut.topp__t221                        1.95437
xdut.\$10__t109                        1.81499
xdut.topp__t216                        1.95437
xdut.\$22__t1                            1.815
xdut.topp__t137                        1.95437
xdut.\$10__t71                         1.81499
xdut.topp__t136                        1.95437
xdut.\$20__t2                            1.815
xdut.topp__t151                        1.95437
xdut.\$10__t114                        1.81499
xdut.topp__t225                        1.95437
xdut.\$20__t3                            1.815
xdut.topp__t224                        1.95437
xdut.\$10__t113                        1.81499
xdut.topp__t223                        1.95437
xdut.\$18__t3                            1.815
xdut.topp__t191                        1.95437
xdut.\$10__t123                        1.81499
xdut.topp__t242                        1.95437
xdut.\$18__t6                            1.815
xdut.topp__t241                        1.95437
xdut.\$10__t122                        1.81499
xdut.topp__t240                        1.95437
xdut.\$18__t5                            1.815
xdut.topp__t239                        1.95437
xdut.\$10__t121                        1.81499
xdut.topp__t238                        1.95437
xdut.\$18__t4                            1.815
xdut.topp__t237                        1.95437
xdut.\$10__t120                        1.81499
xdut.topp__t236                        1.95437
xdut.\$16__t14                           1.815
xdut.topp__t235                        1.95437
xdut.\$10__t135                        1.81499
xdut.topp__t269                        1.95437
xdut.\$16__t23                           1.815
xdut.topp__t413                        1.95437
xdut.\$10__t207                        1.81499
xdut.topp__t412                        1.95437
xdut.\$16__t22                           1.815
xdut.topp__t411                        1.95437
xdut.\$10__t206                        1.81499
xdut.topp__t410                        1.95437
xdut.\$16__t21                           1.815
xdut.topp__t409                        1.95437
xdut.\$10__t205                        1.81499
xdut.topp__t408                        1.95437
xdut.\$16__t20                           1.815
xdut.topp__t407                        1.95437
xdut.\$10__t211                        1.81499
xdut.topp__t420                        1.95437
xdut.\$16__t19                           1.815
xdut.topp__t405                        1.95437
xdut.\$10__t204                        1.81499
xdut.topp__t404                        1.95437
xdut.\$16__t18                           1.815
xdut.topp__t403                        1.95437
xdut.\$10__t203                        1.81499
xdut.topp__t402                        1.95437
xdut.\$16__t17                           1.815
xdut.topp__t401                        1.95437
xdut.\$90__t222                          1.815
xdut.topn__t441                        2.06162
xdut.vcm__t1                             1.815
xdut.topn__t440                        2.06162
xdut.\$90__t65                           1.815
xdut.topn__t132                        2.06162
xdut.\$139__t1                           1.815
xdut.topn__t131                        2.06162
xdut.\$90__t64                           1.815
xdut.topn__t130                        2.06162
xdut.\$131__t3                           1.815
xdut.topn__t129                        2.06162
xdut.\$90__t63                           1.815
xdut.topn__t128                        2.06162
xdut.\$131__t2                           1.815
xdut.topn__t127                        2.06162
xdut.\$90__t62                           1.815
xdut.topn__t126                        2.06162
xdut.\$123__t5                           1.815
xdut.topn__t125                        2.06162
xdut.\$90__t61                           1.815
xdut.topn__t124                        2.06162
xdut.\$123__t13                          1.815
xdut.topn__t438                        2.06162
xdut.\$90__t41                           1.815
xdut.topn__t85                         2.06162
xdut.\$123__t1                           1.815
xdut.topn__t84                         2.06162
xdut.\$90__t40                           1.815
xdut.topn__t83                         2.06162
xdut.\$123__t2                           1.815
xdut.topn__t86                         2.06162
xdut.\$90__t212                          1.815
xdut.topn__t423                        2.06162
xdut.\$115__t23                          1.815
xdut.topn__t402                        2.06162
xdut.\$90__t200                          1.815
xdut.topn__t403                        2.06162
xdut.\$115__t6                           1.815
xdut.topn__t95                         2.06162
xdut.\$90__t186                          1.815
xdut.topn__t375                        2.06162
xdut.\$115__t13                          1.815
xdut.topn__t157                        2.06162
xdut.\$90__t76                           1.815
xdut.topn__t156                        2.06162
xdut.\$115__t14                          1.815
xdut.topn__t171                        2.06162
xdut.\$90__t75                           1.815
xdut.topn__t155                        2.06162
xdut.\$115__t12                          1.815
xdut.topn__t154                        2.06162
xdut.\$90__t74                           1.815
xdut.topn__t153                        2.06162
xdut.\$115__t11                          1.815
xdut.topn__t152                        2.06162
xdut.\$90__t73                           1.815
xdut.topn__t151                        2.06162
xdut.\$115__t10                          1.815
xdut.topn__t150                        2.06162
xdut.\$90__t72                           1.815
xdut.topn__t149                        2.06162
xdut.\$115__t9                           1.815
xdut.topn__t148                        2.06162
xdut.\$10__t134                        1.81499
xdut.topp__t267                        1.95437
xdut.\$14__t26                           1.815
xdut.topp__t266                        1.95437
xdut.\$10__t133                        1.81499
xdut.topp__t265                        1.95437
xdut.\$14__t25                           1.815
xdut.topp__t264                        1.95437
xdut.\$10__t139                        1.81499
xdut.topp__t279                        1.95437
xdut.\$14__t24                           1.815
xdut.topp__t263                        1.95437
xdut.\$10__t161                        1.81499
xdut.topp__t322                        1.95437
xdut.\$14__t36                           1.815
xdut.topp__t323                        1.95437
xdut.\$10__t162                        1.81499
xdut.topp__t324                        1.95437
xdut.\$14__t41                           1.815
xdut.topp__t334                        1.95437
xdut.\$10__t164                        1.81499
xdut.topp__t326                        1.95437
xdut.\$14__t37                           1.815
xdut.topp__t327                        1.95437
xdut.\$10__t165                        1.81499
xdut.topp__t328                        1.95437
xdut.\$14__t38                           1.815
xdut.topp__t329                        1.95437
xdut.\$10__t166                        1.81499
xdut.topp__t330                        1.95437
xdut.\$14__t39                           1.815
xdut.topp__t331                        1.95437
xdut.\$10__t167                        1.81499
xdut.topp__t332                        1.95437
xdut.\$14__t40                           1.815
xdut.topp__t333                        1.95437
xdut.\$10__t163                        1.81499
xdut.topp__t325                        1.95437
xdut.\$14__t35                           1.815
xdut.topp__t321                        1.95437
xdut.\$10__t160                        1.81499
xdut.topp__t320                        1.95437
xdut.\$14__t34                           1.815
xdut.topp__t319                        1.95437
xdut.\$10__t159                        1.81499
xdut.topp__t318                        1.95437
xdut.\$14__t33                           1.815
xdut.topp__t317                        1.95437
xdut.\$10__t158                        1.81499
xdut.topp__t316                        1.95437
xdut.\$14__t32                           1.815
xdut.topp__t315                        1.95437
xdut.\$10__t157                        1.81499
xdut.topp__t314                        1.95437
xdut.\$14__t31                           1.815
xdut.topp__t313                        1.95437
xdut.\$10__t156                        1.81499
xdut.topp__t312                        1.95437
xdut.\$14__t30                           1.815
xdut.topp__t311                        1.95437
xdut.\$10__t155                        1.81499
xdut.topp__t310                        1.95437
xdut.\$14__t29                           1.815
xdut.topp__t309                        1.95437
xdut.\$90__t85                           1.815
xdut.topn__t173                        2.06162
xdut.\$107__t15                          1.815
xdut.topn__t172                        2.06162
xdut.\$90__t187                          1.815
xdut.topn__t376                        2.06162
xdut.\$107__t41                          1.815
xdut.topn__t377                        2.06162
xdut.\$90__t188                          1.815
xdut.topn__t378                        2.06162
xdut.\$107__t42                          1.815
xdut.topn__t379                        2.06162
xdut.\$90__t189                          1.815
xdut.topn__t380                        2.06162
xdut.\$107__t43                          1.815
xdut.topn__t381                        2.06162
xdut.\$90__t190                          1.815
xdut.topn__t382                        2.06162
xdut.\$107__t44                          1.815
xdut.topn__t383                        2.06162
xdut.\$90__t191                          1.815
xdut.topn__t384                        2.06162
xdut.\$107__t52                          1.815
xdut.topn__t401                        2.06162
xdut.\$90__t192                          1.815
xdut.topn__t386                        2.06162
xdut.\$107__t45                          1.815
xdut.topn__t387                        2.06162
xdut.\$90__t193                          1.815
xdut.topn__t388                        2.06162
xdut.\$107__t46                          1.815
xdut.topn__t389                        2.06162
xdut.\$90__t194                          1.815
xdut.topn__t390                        2.06162
xdut.\$107__t47                          1.815
xdut.topn__t391                        2.06162
xdut.\$90__t195                          1.815
xdut.topn__t392                        2.06162
xdut.\$107__t48                          1.815
xdut.topn__t393                        2.06162
xdut.\$90__t196                          1.815
xdut.topn__t394                        2.06162
xdut.\$107__t49                          1.815
xdut.topn__t395                        2.06162
xdut.\$90__t197                          1.815
xdut.topn__t396                        2.06162
xdut.\$107__t50                          1.815
xdut.topn__t397                        2.06162
xdut.\$90__t198                          1.815
xdut.topn__t398                        2.06162
xdut.\$107__t51                          1.815
xdut.topn__t399                        2.06162
xdut.\$90__t106                          1.815
xdut.topn__t217                        2.06162
xdut.\$107__t18                          1.815
xdut.topn__t219                        2.06162
xdut.\$90__t107                          1.815
xdut.topn__t220                        2.06162
xdut.\$107__t19                          1.815
xdut.topn__t221                        2.06162
xdut.\$90__t108                          1.815
xdut.topn__t222                        2.06162
xdut.\$107__t20                          1.815
xdut.topn__t223                        2.06162
xdut.\$10__t19                         1.81499
xdut.topp__t36                         1.95437
xdut.\$12__t63                         1.81499
xdut.topp__t210                        1.95437
xdut.\$10__t105                        1.81499
xdut.topp__t209                        1.95437
xdut.\$12__t62                         1.81499
xdut.topp__t208                        1.95437
xdut.\$10__t22                         1.81499
xdut.topp__t41                         1.95437
xdut.\$12__t10                         1.81499
xdut.topp__t40                         1.95437
xdut.\$10__t21                         1.81499
xdut.topp__t39                         1.95437
xdut.\$12__t9                          1.81499
xdut.topp__t38                         1.95437
xdut.\$10__t20                         1.81499
xdut.topp__t37                         1.95437
xdut.\$12__t26                         1.81499
xdut.topp__t110                        1.95437
xdut.\$10__t104                        1.81499
xdut.topp__t207                        1.95437
xdut.\$12__t61                         1.81499
xdut.topp__t205                        1.95437
xdut.\$10__t102                        1.81499
xdut.topp__t204                        1.95437
xdut.\$12__t60                         1.81499
xdut.topp__t203                        1.95437
xdut.\$10__t103                        1.81499
xdut.topp__t206                        1.95437
xdut.\$12__t58                         1.81499
xdut.topp__t201                        1.95437
xdut.\$10__t101                        1.81499
xdut.topp__t200                        1.95437
xdut.\$12__t54                         1.81499
xdut.topp__t193                        1.95437
xdut.\$10__t138                        1.81499
xdut.topp__t278                        1.95437
xdut.\$12__t27                         1.81499
xdut.topp__t112                        1.95437
xdut.\$10__t132                        1.81499
xdut.topp__t262                        1.95437
xdut.\$12__t89                         1.81499
xdut.topp__t307                        1.95437
xdut.\$10__t147                        1.81499
xdut.topp__t293                        1.95437
xdut.\$12__t82                         1.81499
xdut.topp__t292                        1.95437
xdut.\$10__t146                        1.81499
xdut.topp__t291                        1.95437
xdut.\$12__t17                         1.81499
xdut.topp__t89                         1.95437
xdut.\$10__t45                         1.81499
xdut.topp__t88                         1.95437
xdut.\$12__t15                         1.81499
xdut.topp__t74                         1.95437
xdut.\$10__t38                         1.81499
xdut.topp__t73                         1.95437
xdut.\$12__t29                         1.81499
xdut.topp__t115                        1.95437
xdut.\$10__t58                         1.81499
xdut.topp__t114                        1.95437
xdut.\$12__t28                         1.81499
xdut.topp__t113                        1.95437
xdut.\$90__t2                            1.815
xdut.topn__t6                          2.06162
xdut.\$99__t1                            1.815
xdut.topn__t5                          2.06162
xdut.\$90__t233                          1.815
xdut.topn__t465                        2.06162
xdut.\$99__t118                          1.815
xdut.topn__t466                        2.06162
xdut.\$90__t234                          1.815
xdut.topn__t467                        2.06162
xdut.\$99__t119                          1.815
xdut.topn__t468                        2.06162
xdut.\$90__t235                          1.815
xdut.topn__t469                        2.06162
xdut.\$99__t120                          1.815
xdut.topn__t470                        2.06162
xdut.\$90__t206                          1.815
xdut.topn__t412                        2.06162
xdut.\$99__t101                          1.815
xdut.topn__t410                        2.06162
xdut.\$90__t205                          1.815
xdut.topn__t411                        2.06162
xdut.\$99__t72                           1.815
xdut.topn__t273                        2.06162
xdut.\$90__t216                          1.815
xdut.topn__t431                        2.06162
xdut.\$99__t111                          1.815
xdut.topn__t432                        2.06162
xdut.\$90__t221                          1.815
xdut.topn__t439                        2.06162
xdut.\$99__t107                          1.815
xdut.topn__t424                        2.06162
xdut.\$90__t213                          1.815
xdut.topn__t425                        2.06162
xdut.\$99__t108                          1.815
xdut.topn__t426                        2.06162
xdut.\$90__t214                          1.815
xdut.topn__t427                        2.06162
xdut.\$99__t109                          1.815
xdut.topn__t428                        2.06162
xdut.\$90__t118                          1.815
xdut.topn__t240                        2.06162
xdut.\$99__t51                           1.815
xdut.topn__t189                        2.06162
xdut.\$90__t97                           1.815
xdut.topn__t201                        2.06162
xdut.\$99__t74                           1.815
xdut.topn__t279                        2.06162
xdut.\$90__t145                          1.815
xdut.topn__t291                        2.06162
xdut.\$99__t79                           1.815
xdut.topn__t303                        2.06162
xdut.\$90__t89                           1.815
xdut.topn__t183                        2.06162
xdut.\$99__t48                           1.815
xdut.topn__t184                        2.06162
xdut.\$90__t90                           1.815
xdut.topn__t185                        2.06162
xdut.\$99__t49                           1.815
xdut.topn__t186                        2.06162
xdut.\$90__t91                           1.815
xdut.topn__t187                        2.06162
xdut.\$99__t50                           1.815
xdut.topn__t188                        2.06162
xdut.\$10__t18                         1.81499
xdut.topp__t35                         1.95437
xdut.\$12__t8                          1.81499
xdut.topp__t34                         1.95437
xdut.\$10__t17                         1.81499
xdut.topp__t33                         1.95437
xdut.\$12__t7                          1.81499
xdut.topp__t32                         1.95437
xdut.\$10__t70                         1.81499
xdut.topp__t135                        1.95437
xdut.\$12__t65                         1.81499
xdut.topp__t214                        1.95437
xdut.\$10__t107                        1.81499
xdut.topp__t213                        1.95437
xdut.\$12__t64                         1.81499
xdut.topp__t212                        1.95437
xdut.\$10__t106                        1.81499
xdut.topp__t211                        1.95437
xdut.\$12__t6                          1.81499
xdut.topp__t29                         1.95437
xdut.\$10__t108                        1.81499
xdut.topp__t215                        1.95437
xdut.\$12__t57                         1.81499
xdut.topp__t198                        1.95437
xdut.\$10__t100                        1.81499
xdut.topp__t197                        1.95437
xdut.\$12__t56                         1.81499
xdut.topp__t196                        1.95437
xdut.\$10__t99                         1.81499
xdut.topp__t195                        1.95437
xdut.\$12__t55                         1.81499
xdut.topp__t194                        1.95437
xdut.\$10__t98                         1.81499
xdut.topp__t192                        1.95437
xdut.\$12__t59                         1.81499
xdut.topp__t202                        1.95437
xdut.\$10__t137                        1.81499
xdut.topp__t276                        1.95437
xdut.\$12__t73                         1.81499
xdut.topp__t261                        1.95437
xdut.\$10__t131                        1.81499
xdut.topp__t260                        1.95437
xdut.\$12__t72                         1.81499
xdut.topp__t259                        1.95437
xdut.\$10__t130                        1.81499
xdut.topp__t258                        1.95437
xdut.\$12__t71                         1.81499
xdut.topp__t257                        1.95437
xdut.\$10__t129                        1.81499
xdut.topp__t256                        1.95437
xdut.\$12__t70                         1.81499
xdut.topp__t255                        1.95437
xdut.\$10__t128                        1.81499
xdut.topp__t254                        1.95437
xdut.\$12__t69                         1.81499
xdut.topp__t253                        1.95437
xdut.\$10__t127                        1.81499
xdut.topp__t252                        1.95437
xdut.\$12__t68                         1.81499
xdut.topp__t251                        1.95437
xdut.\$10__t126                        1.81499
xdut.topp__t250                        1.95437
xdut.\$12__t67                         1.81499
xdut.topp__t249                        1.95437
xdut.\$90__t68                           1.815
xdut.topn__t138                        2.06162
xdut.\$99__t38                           1.815
xdut.topn__t139                        2.06162
xdut.\$90__t207                          1.815
xdut.topn__t413                        2.06162
xdut.\$99__t102                          1.815
xdut.topn__t414                        2.06162
xdut.\$90__t208                          1.815
xdut.topn__t415                        2.06162
xdut.\$99__t103                          1.815
xdut.topn__t416                        2.06162
xdut.\$90__t253                          1.815
xdut.topn__t507                        2.06162
xdut.\$99__t126                          1.815
xdut.topn__t508                        2.06162
xdut.\$90__t254                          1.815
xdut.topn__t509                        2.06162
xdut.\$99__t127                          1.815
xdut.topn__t511                        2.06162
xdut.\$90__t201                          1.815
xdut.topn__t404                        2.06162
xdut.\$99__t65                           1.815
xdut.topn__t259                        2.06162
xdut.\$90__t209                          1.815
xdut.topn__t417                        2.06162
xdut.\$99__t104                          1.815
xdut.topn__t418                        2.06162
xdut.\$90__t210                          1.815
xdut.topn__t419                        2.06162
xdut.\$99__t105                          1.815
xdut.topn__t420                        2.06162
xdut.\$90__t211                          1.815
xdut.topn__t421                        2.06162
xdut.\$99__t106                          1.815
xdut.topn__t422                        2.06162
xdut.\$90__t215                          1.815
xdut.topn__t429                        2.06162
xdut.\$99__t110                          1.815
xdut.topn__t430                        2.06162
xdut.\$90__t110                          1.815
xdut.topn__t225                        2.06162
xdut.\$99__t52                           1.815
xdut.topn__t190                        2.06162
xdut.\$90__t92                           1.815
xdut.topn__t191                        2.06162
xdut.\$99__t53                           1.815
xdut.topn__t192                        2.06162
xdut.\$90__t102                          1.815
xdut.topn__t209                        2.06162
xdut.\$99__t54                           1.815
xdut.topn__t194                        2.06162
xdut.\$90__t94                           1.815
xdut.topn__t195                        2.06162
xdut.\$99__t55                           1.815
xdut.topn__t196                        2.06162
xdut.\$90__t95                           1.815
xdut.topn__t197                        2.06162
xdut.\$99__t56                           1.815
xdut.topn__t198                        2.06162
xdut.\$90__t96                           1.815
xdut.topn__t199                        2.06162
xdut.\$99__t57                           1.815
xdut.topn__t200                        2.06162
xdut.\$12__t25                         1.81499
xdut.topp__t108                        1.95437
xdut.\$10__t61                         1.81499
xdut.topp__t119                        1.95437
xdut.\$12__t24                         1.81499
xdut.topp__t106                        1.95437
xdut.\$10__t55                         1.81499
xdut.topp__t105                        1.95437
xdut.\$12__t23                         1.81499
xdut.topp__t104                        1.95437
xdut.\$10__t54                         1.81499
xdut.topp__t103                        1.95437
xdut.\$12__t22                         1.81499
xdut.topp__t102                        1.95437
xdut.\$10__t53                         1.81499
xdut.topp__t101                        1.95437
xdut.\$12__t21                         1.81499
xdut.topp__t100                        1.95437
xdut.\$10__t52                         1.81499
xdut.topp__t99                         1.95437
xdut.\$12__t20                         1.81499
xdut.topp__t98                         1.95437
xdut.\$10__t51                         1.81499
xdut.topp__t97                         1.95437
xdut.\$12__t19                         1.81499
xdut.topp__t96                         1.95437
xdut.\$10__t50                         1.81499
xdut.topp__t95                         1.95437
xdut.\$12__t18                         1.81499
xdut.topp__t94                         1.95437
xdut.\$10__t49                         1.81499
xdut.topp__t93                         1.95437
xdut.\$12__t16                         1.81499
xdut.topp__t77                         1.95437
xdut.\$10__t16                         1.81499
xdut.topp__t30                         1.95437
xdut.\$12__t76                         1.81499
xdut.topp__t275                        1.95437
xdut.\$10__t154                        1.81499
xdut.topp__t306                        1.95437
xdut.\$12__t88                         1.81499
xdut.topp__t305                        1.95437
xdut.\$10__t153                        1.81499
xdut.topp__t304                        1.95437
xdut.\$12__t87                         1.81499
xdut.topp__t303                        1.95437
xdut.\$10__t152                        1.81499
xdut.topp__t302                        1.95437
xdut.\$12__t86                         1.81499
xdut.topp__t301                        1.95437
xdut.\$10__t151                        1.81499
xdut.topp__t300                        1.95437
xdut.\$12__t85                         1.81499
xdut.topp__t299                        1.95437
xdut.\$10__t150                        1.81499
xdut.topp__t298                        1.95437
xdut.\$12__t84                         1.81499
xdut.topp__t297                        1.95437
xdut.\$10__t149                        1.81499
xdut.topp__t296                        1.95437
xdut.\$12__t83                         1.81499
xdut.topp__t295                        1.95437
xdut.\$10__t148                        1.81499
xdut.topp__t294                        1.95437
xdut.\$99__t39                           1.815
xdut.topn__t140                        2.06162
xdut.\$90__t67                           1.815
xdut.topn__t137                        2.06162
xdut.\$99__t66                           1.815
xdut.topn__t262                        2.06162
xdut.\$90__t130                          1.815
xdut.topn__t263                        2.06162
xdut.\$99__t67                           1.815
xdut.topn__t264                        2.06162
xdut.\$90__t131                          1.815
xdut.topn__t265                        2.06162
xdut.\$99__t68                           1.815
xdut.topn__t266                        2.06162
xdut.\$90__t132                          1.815
xdut.topn__t267                        2.06162
xdut.\$99__t69                           1.815
xdut.topn__t268                        2.06162
xdut.\$90__t133                          1.815
xdut.topn__t269                        2.06162
xdut.\$99__t70                           1.815
xdut.topn__t270                        2.06162
xdut.\$90__t134                          1.815
xdut.topn__t271                        2.06162
xdut.\$99__t71                           1.815
xdut.topn__t272                        2.06162
xdut.\$90__t93                           1.815
xdut.topn__t193                        2.06162
xdut.\$99__t61                           1.815
xdut.topn__t251                        2.06162
xdut.\$90__t124                          1.815
xdut.topn__t252                        2.06162
xdut.\$99__t62                           1.815
xdut.topn__t253                        2.06162
xdut.\$90__t125                          1.815
xdut.topn__t254                        2.06162
xdut.\$99__t63                           1.815
xdut.topn__t255                        2.06162
xdut.\$90__t126                          1.815
xdut.topn__t256                        2.06162
xdut.\$99__t46                           1.815
xdut.topn__t179                        2.06162
xdut.\$90__t98                           1.815
xdut.topn__t202                        2.06162
xdut.\$99__t58                           1.815
xdut.topn__t203                        2.06162
xdut.\$90__t99                           1.815
xdut.topn__t204                        2.06162
xdut.\$99__t59                           1.815
xdut.topn__t205                        2.06162
xdut.\$90__t100                          1.815
xdut.topn__t206                        2.06162
xdut.\$99__t60                           1.815
xdut.topn__t207                        2.06162
xdut.\$90__t101                          1.815
xdut.topn__t208                        2.06162
xdut.\$99__t64                           1.815
xdut.topn__t257                        2.06162
xdut.\$90__t135                          1.815
xdut.topn__t274                        2.06162
xdut.\$99__t73                           1.815
xdut.topn__t275                        2.06162
xdut.\$90__t138                          1.815
xdut.topn__t278                        2.06162
xdut.\$12__t11                         1.81499
xdut.topp__t43                         1.95437
xdut.\$10__t23                         1.81499
xdut.topp__t42                         1.95437
xdut.\$12__t12                         1.81499
xdut.topp__t44                         1.95437
xdut.\$10__t3                          1.81499
xdut.topp__t5                          1.95437
xdut.\$12__t1                          1.81499
xdut.topp__t4                          1.95437
xdut.\$10__t26                         1.81499
xdut.topp__t48                         1.95437
xdut.\$12__t14                         1.81499
xdut.topp__t63                         1.95437
xdut.\$10__t24                         1.81499
xdut.topp__t46                         1.95437
xdut.\$12__t13                         1.81499
xdut.topp__t45                         1.95437
xdut.\$10__t57                         1.81499
xdut.topp__t111                        1.95437
xdut.\$12__t4                          1.81499
xdut.topp__t26                         1.95437
xdut.\$10__t14                         1.81499
xdut.topp__t25                         1.95437
xdut.\$12__t3                          1.81499
xdut.topp__t16                         1.95437
xdut.\$10__t5                          1.81499
xdut.topp__t8                          1.95437
xdut.\$12__t2                          1.81499
xdut.topp__t7                          1.95437
xdut.\$10__t4                          1.81499
xdut.topp__t6                          1.95437
xdut.\$12__t5                          1.81499
xdut.topp__t28                         1.95437
xdut.\$10__t15                         1.81499
xdut.topp__t27                         1.95437
xdut.\$12__t75                         1.81499
xdut.topp__t272                        1.95437
xdut.\$10__t145                        1.81499
xdut.topp__t290                        1.95437
xdut.\$12__t81                         1.81499
xdut.topp__t289                        1.95437
xdut.\$10__t144                        1.81499
xdut.topp__t288                        1.95437
xdut.\$12__t80                         1.81499
xdut.topp__t287                        1.95437
xdut.\$10__t143                        1.81499
xdut.topp__t286                        1.95437
xdut.\$12__t79                         1.81499
xdut.topp__t285                        1.95437
xdut.\$10__t142                        1.81499
xdut.topp__t284                        1.95437
xdut.\$12__t78                         1.81499
xdut.topp__t283                        1.95437
xdut.\$10__t141                        1.81499
xdut.topp__t282                        1.95437
xdut.\$12__t77                         1.81499
xdut.topp__t281                        1.95437
xdut.\$10__t140                        1.81499
xdut.topp__t280                        1.95437
xdut.\$12__t66                         1.81499
xdut.topp__t248                        1.95437
xdut.\$10__t46                         1.81499
xdut.topp__t90                         1.95437
xdut.\$99__t0                            1.815
xdut.topn__t4                          2.06162
xdut.\$90__t1                            1.815
xdut.topn__t3                          2.06162
xdut.\$99__t121                          1.815
xdut.topn__t471                        2.06162
xdut.\$90__t228                          1.815
xdut.topn__t454                        2.06162
xdut.\$99__t114                          1.815
xdut.topn__t455                        2.06162
xdut.\$90__t229                          1.815
xdut.topn__t456                        2.06162
xdut.\$99__t115                          1.815
xdut.topn__t457                        2.06162
xdut.\$90__t230                          1.815
xdut.topn__t458                        2.06162
xdut.\$99__t116                          1.815
xdut.topn__t459                        2.06162
xdut.\$90__t231                          1.815
xdut.topn__t460                        2.06162
xdut.\$99__t117                          1.815
xdut.topn__t461                        2.06162
xdut.\$90__t127                          1.815
xdut.topn__t258                        2.06162
xdut.\$99__t124                          1.815
xdut.topn__t488                        2.06162
xdut.\$90__t245                          1.815
xdut.topn__t489                        2.06162
xdut.\$99__t122                          1.815
xdut.topn__t474                        2.06162
xdut.\$90__t241                          1.815
xdut.topn__t483                        2.06162
xdut.\$99__t123                          1.815
xdut.topn__t484                        2.06162
xdut.\$90__t242                          1.815
xdut.topn__t485                        2.06162
xdut.\$99__t125                          1.815
xdut.topn__t502                        2.06162
xdut.\$90__t244                          1.815
xdut.topn__t487                        2.06162
xdut.\$99__t47                           1.815
xdut.topn__t180                        2.06162
xdut.\$90__t139                          1.815
xdut.topn__t280                        2.06162
xdut.\$99__t75                           1.815
xdut.topn__t281                        2.06162
xdut.\$90__t140                          1.815
xdut.topn__t282                        2.06162
xdut.\$99__t76                           1.815
xdut.topn__t283                        2.06162
xdut.\$90__t141                          1.815
xdut.topn__t284                        2.06162
xdut.\$99__t77                           1.815
xdut.topn__t285                        2.06162
xdut.\$90__t142                          1.815
xdut.topn__t286                        2.06162
xdut.\$99__t78                           1.815
xdut.topn__t287                        2.06162
xdut.\$90__t143                          1.815
xdut.topn__t288                        2.06162
xdut.\$99__t80                           1.815
xdut.topn__t305                        2.06162
xdut.\$90__t144                          1.815
xdut.topn__t290                        2.06162
xdut.\$14__t0                            1.815
xdut.topp__t3                          1.95437
xdut.\$10__t2                          1.81499
xdut.topp__t2                          1.95437
xdut.\$14__t8                            1.815
xdut.topp__t55                         1.95437
xdut.\$10__t29                         1.81499
xdut.topp__t54                         1.95437
xdut.\$14__t7                            1.815
xdut.topp__t53                         1.95437
xdut.\$10__t28                         1.81499
xdut.topp__t52                         1.95437
xdut.\$14__t6                            1.815
xdut.topp__t51                         1.95437
xdut.\$10__t27                         1.81499
xdut.topp__t50                         1.95437
xdut.\$14__t5                            1.815
xdut.topp__t49                         1.95437
xdut.\$10__t56                         1.81499
xdut.topp__t109                        1.95437
xdut.\$14__t4                            1.815
xdut.topp__t24                         1.95437
xdut.\$10__t13                         1.81499
xdut.topp__t23                         1.95437
xdut.\$14__t3                            1.815
xdut.topp__t22                         1.95437
xdut.\$10__t12                         1.81499
xdut.topp__t21                         1.95437
xdut.\$14__t2                            1.815
xdut.topp__t20                         1.95437
xdut.\$10__t11                         1.81499
xdut.topp__t19                         1.95437
xdut.\$14__t1                            1.815
xdut.topp__t18                         1.95437
xdut.\$10__t10                         1.81499
xdut.topp__t17                         1.95437
xdut.\$14__t27                           1.815
xdut.topp__t270                        1.95437
xdut.\$10__t44                         1.81499
xdut.topp__t87                         1.95437
xdut.\$14__t14                           1.815
xdut.topp__t86                         1.95437
xdut.\$10__t43                         1.81499
xdut.topp__t85                         1.95437
xdut.\$14__t13                           1.815
xdut.topp__t84                         1.95437
xdut.\$10__t42                         1.81499
xdut.topp__t83                         1.95437
xdut.\$14__t12                           1.815
xdut.topp__t82                         1.95437
xdut.\$10__t41                         1.81499
xdut.topp__t81                         1.95437
xdut.\$14__t11                           1.815
xdut.topp__t80                         1.95437
xdut.\$10__t40                         1.81499
xdut.topp__t79                         1.95437
xdut.\$14__t10                           1.815
xdut.topp__t78                         1.95437
xdut.\$10__t47                         1.81499
xdut.topp__t91                         1.95437
xdut.\$14__t9                            1.815
xdut.topp__t76                         1.95437
xdut.\$10__t39                         1.81499
xdut.topp__t75                         1.95437
xdut.\$107__t1                           1.815
xdut.topn__t2                          2.06162
xdut.\$90__t0                            1.815
xdut.topn__t1                          2.06162
xdut.\$107__t62                          1.815
xdut.topn__t501                        2.06162
xdut.\$90__t243                          1.815
xdut.topn__t486                        2.06162
xdut.\$107__t54                          1.815
xdut.topn__t447                        2.06162
xdut.\$90__t225                          1.815
xdut.topn__t448                        2.06162
xdut.\$107__t55                          1.815
xdut.topn__t449                        2.06162
xdut.\$90__t226                          1.815
xdut.topn__t450                        2.06162
xdut.\$107__t56                          1.815
xdut.topn__t451                        2.06162
xdut.\$90__t227                          1.815
xdut.topn__t452                        2.06162
xdut.\$107__t57                          1.815
xdut.topn__t453                        2.06162
xdut.\$90__t128                          1.815
xdut.topn__t260                        2.06162
xdut.\$107__t59                          1.815
xdut.topn__t490                        2.06162
xdut.\$90__t246                          1.815
xdut.topn__t491                        2.06162
xdut.\$107__t60                          1.815
xdut.topn__t492                        2.06162
xdut.\$90__t247                          1.815
xdut.topn__t493                        2.06162
xdut.\$107__t61                          1.815
xdut.topn__t494                        2.06162
xdut.\$90__t255                          1.815
xdut.topn__t510                        2.06162
xdut.\$107__t58                          1.815
xdut.topn__t472                        2.06162
xdut.\$90__t236                          1.815
xdut.topn__t473                        2.06162
xdut.\$107__t16                          1.815
xdut.topn__t181                        2.06162
xdut.\$90__t146                          1.815
xdut.topn__t292                        2.06162
xdut.\$107__t26                          1.815
xdut.topn__t293                        2.06162
xdut.\$90__t147                          1.815
xdut.topn__t294                        2.06162
xdut.\$107__t27                          1.815
xdut.topn__t295                        2.06162
xdut.\$90__t148                          1.815
xdut.topn__t296                        2.06162
xdut.\$107__t28                          1.815
xdut.topn__t297                        2.06162
xdut.\$90__t149                          1.815
xdut.topn__t298                        2.06162
xdut.\$107__t29                          1.815
xdut.topn__t299                        2.06162
xdut.\$90__t150                          1.815
xdut.topn__t300                        2.06162
xdut.\$107__t30                          1.815
xdut.topn__t301                        2.06162
xdut.\$90__t151                          1.815
xdut.topn__t302                        2.06162
xdut.\$16__t0                            1.815
xdut.topp__t1                          1.95437
xdut.\$10__t25                         1.81499
xdut.topp__t47                         1.95437
xdut.\$16__t7                            1.815
xdut.topp__t62                         1.95437
xdut.\$10__t32                         1.81499
xdut.topp__t61                         1.95437
xdut.\$16__t6                            1.815
xdut.topp__t60                         1.95437
xdut.\$10__t31                         1.81499
xdut.topp__t59                         1.95437
xdut.\$16__t5                            1.815
xdut.topp__t58                         1.95437
xdut.\$10__t30                         1.81499
xdut.topp__t57                         1.95437
xdut.\$16__t4                            1.815
xdut.topp__t56                         1.95437
xdut.\$10__t48                         1.81499
xdut.topp__t92                         1.95437
xdut.\$16__t3                            1.815
xdut.topp__t31                         1.95437
xdut.\$10__t9                          1.81499
xdut.topp__t15                         1.95437
xdut.\$16__t2                            1.815
xdut.topp__t14                         1.95437
xdut.\$10__t8                          1.81499
xdut.topp__t13                         1.95437
xdut.\$16__t1                            1.815
xdut.topp__t12                         1.95437
xdut.\$10__t7                          1.81499
xdut.topp__t11                         1.95437
xdut.\$18__t0                            1.815
xdut.topp__t10                         1.95437
xdut.\$10__t6                          1.81499
xdut.topp__t9                          1.95437
xdut.\$18__t8                            1.815
xdut.topp__t268                        1.95437
xdut.\$10__t37                         1.81499
xdut.topp__t72                         1.95437
xdut.\$18__t2                            1.815
xdut.topp__t71                         1.95437
xdut.\$10__t36                         1.81499
xdut.topp__t70                         1.95437
xdut.\$18__t1                            1.815
xdut.topp__t69                         1.95437
xdut.\$10__t35                         1.81499
xdut.topp__t68                         1.95437
xdut.\$20__t1                            1.815
xdut.topp__t67                         1.95437
xdut.\$10__t34                         1.81499
xdut.topp__t66                         1.95437
xdut.\$20__t0                            1.815
xdut.topp__t65                         1.95437
xdut.\$10__t33                         1.81499
xdut.topp__t64                         1.95437
xdut.\$22__t0                            1.815
xdut.topp__t107                        1.95437
xdut.\$10__t60                         1.81499
xdut.topp__t118                        1.95437
xdut.\$24__t0                            1.815
xdut.topp__t117                        1.95437
xdut.\$10__t59                         1.81499
xdut.topp__t116                        1.95437
xdut.\$115__t0                           1.815
xdut.topn__t8                          2.06162
xdut.\$90__t3                            1.815
xdut.topn__t7                          2.06162
xdut.\$115__t25                          1.815
xdut.topn__t462                        2.06162
xdut.\$90__t232                          1.815
xdut.topn__t463                        2.06162
xdut.\$115__t26                          1.815
xdut.topn__t464                        2.06162
xdut.\$90__t248                          1.815
xdut.topn__t495                        2.06162
xdut.\$115__t29                          1.815
xdut.topn__t496                        2.06162
xdut.\$90__t249                          1.815
xdut.topn__t497                        2.06162
xdut.\$115__t30                          1.815
xdut.topn__t498                        2.06162
xdut.\$90__t250                          1.815
xdut.topn__t499                        2.06162
xdut.\$115__t31                          1.815
xdut.topn__t500                        2.06162
xdut.\$90__t129                          1.815
xdut.topn__t261                        2.06162
xdut.\$115__t27                          1.815
xdut.topn__t475                        2.06162
xdut.\$90__t237                          1.815
xdut.topn__t476                        2.06162
xdut.\$115__t28                          1.815
xdut.topn__t477                        2.06162
xdut.\$90__t238                          1.815
xdut.topn__t478                        2.06162
xdut.\$123__t14                          1.815
xdut.topn__t479                        2.06162
xdut.\$90__t239                          1.815
xdut.topn__t480                        2.06162
xdut.\$123__t15                          1.815
xdut.topn__t481                        2.06162
xdut.\$90__t240                          1.815
xdut.topn__t482                        2.06162
xdut.\$123__t6                           1.815
xdut.topn__t182                        2.06162
xdut.\$90__t152                          1.815
xdut.topn__t304                        2.06162
xdut.\$123__t8                           1.815
xdut.topn__t289                        2.06162
xdut.\$90__t119                          1.815
xdut.topn__t242                        2.06162
xdut.\$131__t4                           1.815
xdut.topn__t243                        2.06162
xdut.\$90__t120                          1.815
xdut.topn__t244                        2.06162
xdut.\$131__t5                           1.815
xdut.topn__t245                        2.06162
xdut.\$90__t121                          1.815
xdut.topn__t246                        2.06162
xdut.\$139__t2                           1.815
xdut.topn__t247                        2.06162
xdut.\$90__t122                          1.815
xdut.topn__t248                        2.06162
xdut.\$147__t0                           1.815
xdut.topn__t249                        2.06162
xdut.\$90__t123                          1.815
xdut.topn__t250                        2.06162
xdut.\$10                              1.81499
xdut.\$100                                3.63
xdut.\$102                         1.16974e-07
xdut.\$104                                3.63
xdut.\$106                                3.63
xdut.\$107                               1.815
xdut.\$108                                3.63
xdut.\$11                                 3.63
xdut.\$110                         1.12664e-07
xdut.\$112                                3.63
xdut.\$114                                3.63
xdut.\$115                               1.815
xdut.\$116                                3.63
xdut.\$118                         1.08646e-07
xdut.\$12                              1.81499
xdut.\$120                                3.63
xdut.\$122                                3.63
xdut.\$123                               1.815
xdut.\$124                                3.63
xdut.\$126                         1.10032e-07
xdut.\$128                                3.63
xdut.\$13                                 3.63
xdut.\$130                                3.63
xdut.\$131                               1.815
xdut.\$132                                3.63
xdut.\$134                         1.14255e-07
xdut.\$136                                3.63
xdut.\$138                                3.63
xdut.\$139                               1.815
xdut.\$14                                1.815
xdut.\$140                                3.63
xdut.\$142                         1.18583e-07
xdut.\$144                                3.63
xdut.\$146                                3.63
xdut.\$147                               1.815
xdut.\$148                                3.63
xdut.\$15                                 3.63
xdut.\$150                         1.22933e-07
xdut.\$152                                3.63
xdut.\$154                                3.63
xdut.\$155                               1.815
xdut.\$16                                1.815
xdut.\$166                                3.63
xdut.\$167                                3.63
xdut.\$17                                 3.63
xdut.\$18                                1.815
xdut.\$19                                 3.63
xdut.\$20                                1.815
xdut.\$21                                 3.63
xdut.\$22                                1.815
xdut.\$23                                 3.63
xdut.\$24                                1.815
xdut.\$25                                 3.63
xdut.\$26                              1.81499
xdut.\$27                          1.25712e-07
xdut.\$29                                 3.63
xdut.\$31                          1.21369e-07
xdut.\$33                                 3.63
xdut.\$35                          1.17046e-07
xdut.\$37                                 3.63
xdut.\$39                          1.12787e-07
xdut.\$41                                 3.63
xdut.\$43                          1.09004e-07
xdut.\$45                                 3.63
xdut.\$47                           1.1025e-07
xdut.\$49                                 3.63
xdut.\$51                          1.14352e-07
xdut.\$53                                 3.63
xdut.\$55                          1.18645e-07
xdut.\$57                                 3.63
xdut.\$59                          1.22978e-07
xdut.\$61                                 3.63
xdut.\$65                                 3.63
xdut.\$67                                 3.63
xdut.\$69                                 3.63
xdut.\$71                                 3.63
xdut.\$73                                 3.63
xdut.\$75                                 3.63
xdut.\$77                                 3.63
xdut.\$79                                 3.63
xdut.\$81                                 3.63
xdut.\$83                                 3.63
xdut.\$85                          1.25674e-07
xdut.\$87                                 3.63
xdut.\$89                                 3.63
xdut.\$9                                  3.63
xdut.\$90                                1.815
xdut.\$92                                 3.63
xdut.\$94                          1.21319e-07
xdut.\$96                                 3.63
xdut.\$98                                 3.63
xdut.\$99                                1.815
se_topn                                2.06162
se_topp                                1.95437
se_ibias                              0.563892
xsecmp.xpre.ptail                      1.23605
xsecmp.pon                             3.48106
xsecmp.preamp_in1                      1.95437
xsecmp.pop                             2.60946
xsecmp.preamp_in2                      2.06162
xsecmp.xpre.xrlp.11                    3.62951
xsecmp.xpre.xrlp.21                    2.60995
xsecmp.xpre.xrln.11                    3.62993
xsecmp.xpre.xrln.21                    3.48113
xsecmp.xlat.ltail                      2.73521
xsecmp.xlat.dip                           3.63
xsecmp.xlat.din                        3.62999
xsecmp.outn                               3.63
xsecmp.outp                               3.63
xsecmp.sset                        1.08062e-07
xsecmp.srst                        1.08062e-07
xsecmp.xno1.ps                          3.3091
se_cmpb                                1.47265
xsecmp.xno2.ps                          3.3091
se_code                                      0
se_dacp                           -1.11022e-16
se_dacn                           -1.11022e-16
se_di                                  1.81057
se_err                                 541.006
se_aerrh                                     0
bseea#branch                                 0
bsee#branch                                  0
bsedi#branch                                 0
bsedacn#branch                               0
bsedacp#branch                               0
bsecode#branch                               0
lvcm#branch                         1.8821e-07
lref#branch                        1.98117e-08
v.xsecmp.vpn#branch                -6.4922e-28
v.xsecmp.vpp#branch                3.21678e-27
vsemode#branch                               0
vsestart#branch                              0
vsevinn#branch                     1.06734e-11
vsevinp#branch                     6.40197e-08
vcmi#branch                        -1.8821e-07
vrefs#branch                      -1.98117e-08
vddc#branch                       -0.000882787
vddd#branch                       -7.51711e-08
vddt#branch                                  0
vcmpclkb#branch                              0
vcmpclk#branch                               0
vclk#branch                                  0
a.xsectrl.a_gn#branch_1_0          2.77556e-17
a.xsectrl.a_gn#branch_1_1                    0
a.xsectrl.a_gn#branch_1_2                    0
a.xsectrl.a_gn#branch_1_3          2.77556e-17
a.xsectrl.a_gn#branch_1_4                    0
a.xsectrl.a_gn#branch_1_5                    0
a.xsectrl.a_gn#branch_1_6          2.77556e-17
a.xsectrl.a_gn#branch_1_7                    0
a.xsectrl.a_gn#branch_1_8                    0
a.xsectrl.a_gn#branch_1_9          2.77556e-17
a.xsectrl.a_gn#branch_1_10                   0
a.xsectrl.a_gn#branch_1_11                   0
a.xsectrl.a_gn#branch_1_12         2.77556e-17
a.xsectrl.a_gn#branch_1_13                   0
a.xsectrl.a_gn#branch_1_14                   0
a.xsectrl.a_gn#branch_1_15         2.77556e-17
a.xsectrl.a_gn#branch_1_16                   0
a.xsectrl.a_gn#branch_1_17                   0
a.xsectrl.a_gn#branch_1_18         2.77556e-17
a.xsectrl.a_gn#branch_1_19                   0
a.xsectrl.a_gn#branch_1_20                   0
a.xsectrl.a_gn#branch_1_21         2.77556e-17
a.xsectrl.a_gn#branch_1_22                   0
a.xsectrl.a_gn#branch_1_23                   0
a.xsectrl.a_gn#branch_1_24         2.77556e-17
a.xsectrl.a_gn#branch_1_25                   0
a.xsectrl.a_gn#branch_1_26                   0
a.xsectrl.a_gn#branch_1_27         2.77556e-17
a.xsectrl.a_gn#branch_1_28                   0
a.xsectrl.a_gn#branch_1_29                   0
a.xsectrl.a_gn#branch_1_30         2.77556e-17
a.xsectrl.a_gn#branch_1_31                   0
a.xsectrl.a_gn#branch_1_32                   0
a.xsectrl.a_gn#branch_1_33         2.77556e-17
a.xsectrl.a_gn#branch_1_34                   0
a.xsectrl.a_gn#branch_1_35                   0
a.xsectrl.a_gn#branch_1_36         2.77556e-17
a.xsectrl.a_gn#branch_1_37                   0
a.xsectrl.a_gn#branch_1_38                   0
a.xsectrl.a_gn#branch_1_39         2.77556e-17
a.xsectrl.a_gn#branch_1_40                   0
a.xsectrl.a_gn#branch_1_41                   0
a.xsectrl.a_gn#branch_1_42         2.77556e-17
a.xsectrl.a_gn#branch_1_43                   0
a.xsectrl.a_gn#branch_1_44                   0
a.xsectrl.a_gn#branch_1_45         2.77556e-17
a.xsectrl.a_gn#branch_1_46                   0
a.xsectrl.a_gn#branch_1_47                   0
a.xsectrl.a_gn#branch_1_48         2.77556e-17
a.xsectrl.a_gn#branch_1_49                   0
a.xsectrl.a_gn#branch_1_50                   0
a.xsectrl.a_gn#branch_1_51         2.77556e-17
a.xsectrl.a_gn#branch_1_52                   0
a.xsectrl.a_gn#branch_1_53                   0
a.xsectrl.a_dout#branch_1_0                  0
a.xsectrl.a_dout#branch_1_1                  0
a.xsectrl.a_dout#branch_1_2                  0
a.xsectrl.a_dout#branch_1_3                  0
a.xsectrl.a_dout#branch_1_4                  0
a.xsectrl.a_dout#branch_1_5                  0
a.xsectrl.a_dout#branch_1_6                  0
a.xsectrl.a_dout#branch_1_7                  0
a.xsectrl.a_dout#branch_1_8                  0
a.xsectrl.a_dout#branch_1_9                  0
a.xsectrl.a_dout#branch_1_10                 0
a.xsectrl.a_dout#branch_1_11                 0
a.xsectrl.a_dout#branch_1_12                 0

 Reference value :  0.00000e+00
 Reference value :  2.98248e-09
 Reference value :  3.15135e-08
 Reference value :  6.36909e-08
 Reference value :  9.46744e-08
 Reference value :  1.48949e-07
 Reference value :  1.76346e-07
 Reference value :  1.90170e-07
 Reference value :  2.19176e-07
 Reference value :  2.50803e-07
 Reference value :  2.76031e-07
 Reference value :  2.97860e-07
 Reference value :  3.15049e-07
 Reference value :  3.44122e-07
 Reference value :  3.77270e-07
 Reference value :  4.06326e-07
 Reference value :  4.37813e-07
 Reference value :  4.52442e-07
 Reference value :  5.00010e-07
 Reference value :  5.02721e-07
 Reference value :  5.31929e-07
 Reference value :  5.64847e-07
 Reference value :  5.93838e-07
 Reference value :  6.25214e-07
 Reference value :  6.28982e-07
 Reference value :  6.79715e-07
 Reference value :  6.90107e-07
 Reference value :  7.19266e-07
 Reference value :  7.52514e-07
 Reference value :  7.81518e-07
 Reference value :  8.12714e-07
 Reference value :  8.16857e-07
 Reference value :  8.45690e-07
 Reference value :  8.77334e-07
 Reference value :  9.06381e-07
 Reference value :  9.38103e-07
 Reference value :  9.69451e-07
 Reference value :  1.00234e-06
 Reference value :  1.00373e-06
 Reference value :  1.03160e-06
 Reference value :  1.06288e-06
 Reference value :  1.09414e-06
 Reference value :  1.13695e-06
 Reference value :  1.16248e-06
 Reference value :  1.19012e-06
 Reference value :  1.21923e-06
 Reference value :  1.25267e-06
 Reference value :  1.28132e-06
 Reference value :  1.31261e-06
 Reference value :  1.31512e-06
 Reference value :  1.34394e-06
 Reference value :  1.37560e-06
 Reference value :  1.40630e-06
 Reference value :  1.43771e-06
 Reference value :  1.44727e-06
 Reference value :  1.50003e-06
 Reference value :  1.50272e-06
 Reference value :  1.53152e-06
 Reference value :  1.56347e-06
 Reference value :  1.59382e-06
 Reference value :  1.62520e-06
 Reference value :  1.63060e-06
 Reference value :  1.68750e-06
 Reference value :  1.69034e-06
 Reference value :  1.72260e-06
 Reference value :  1.75260e-06
 Reference value :  1.78172e-06
 Reference value :  1.81298e-06
 Reference value :  1.84377e-06
 Reference value :  1.86169e-06
 Reference value :  1.87752e-06
 Reference value :  1.90659e-06
 Reference value :  1.94630e-06
 Reference value :  2.00011e-06
 Reference value :  2.00284e-06
 Reference value :  2.03140e-06
 Reference value :  2.06286e-06
 Reference value :  2.09430e-06
 Reference value :  2.15628e-06
 Reference value :  2.18760e-06
 Reference value :  2.20330e-06
 Reference value :  2.24845e-06
 Reference value :  2.25299e-06
 Reference value :  2.28168e-06
 Reference value :  2.31430e-06
 Reference value :  2.34385e-06
 Reference value :  2.37549e-06
 Reference value :  2.40630e-06
 Reference value :  2.43770e-06
 Reference value :  2.44826e-06
 Reference value :  2.50003e-06
 Reference value :  2.50294e-06
 Reference value :  2.53293e-06
 Reference value :  2.56507e-06
 Reference value :  2.59410e-06
 Reference value :  2.62744e-06
 Reference value :  2.65649e-06
 Reference value :  2.68977e-06
 Reference value :  2.71885e-06
 Reference value :  2.75047e-06
 Reference value :  2.78130e-06
 Reference value :  2.81260e-06
 Reference value :  2.81523e-06
 Reference value :  2.84434e-06
 Reference value :  2.87728e-06
 Reference value :  2.90634e-06
 Reference value :  2.93803e-06
 Reference value :  2.98744e-06
 Reference value :  3.00266e-06
 Reference value :  3.02679e-06
 Reference value :  3.04264e-06
 Reference value :  3.09381e-06
 Reference value :  3.12518e-06
 Reference value :  3.15658e-06
 Reference value :  3.18771e-06
 Reference value :  3.21878e-06
 Reference value :  3.25010e-06
 Reference value :  3.25316e-06
 Reference value :  3.28171e-06
 Reference value :  3.31478e-06
 Reference value :  3.34388e-06
 Reference value :  3.37571e-06
 Reference value :  3.40632e-06
 Reference value :  3.43781e-06
 Reference value :  3.46245e-06
 Reference value :  3.50010e-06
 Reference value :  3.50342e-06
 Reference value :  3.54619e-06
 Reference value :  3.56518e-06
 Reference value :  3.59705e-06
 Reference value :  3.62761e-06
 Reference value :  3.65721e-06
 Reference value :  3.69004e-06
 Reference value :  3.71918e-06
 Reference value :  3.75251e-06
 Reference value :  3.78153e-06
 Reference value :  3.81298e-06
 Reference value :  3.84382e-06
 Reference value :  3.87531e-06
 Reference value :  3.90628e-06
 Reference value :  3.93760e-06
 Reference value :  3.96884e-06
 Reference value :  4.00035e-06
 Reference value :  4.00340e-06
 Reference value :  4.03205e-06
 Reference value :  4.09377e-06
 Reference value :  4.12520e-06
 Reference value :  4.15672e-06
 Reference value :  4.19004e-06
 Reference value :  4.21924e-06
 Reference value :  4.25291e-06
 Reference value :  4.28155e-06
 Reference value :  4.31492e-06
 Reference value :  4.34389e-06
 Reference value :  4.37609e-06
 Reference value :  4.40632e-06
 Reference value :  4.43769e-06
 Reference value :  4.44079e-06
 Reference value :  4.46926e-06
 Reference value :  4.50227e-06
 Reference value :  4.53134e-06
 Reference value :  4.56291e-06
 Reference value :  4.59378e-06
 Reference value :  4.62528e-06
 Reference value :  4.64869e-06
 Reference value :  4.68766e-06
 Reference value :  4.69202e-06
 Reference value :  4.75001e-06
 Reference value :  4.75296e-06
 Reference value :  4.78486e-06
 Reference value :  4.81503e-06
 Reference value :  4.84408e-06
 Reference value :  4.87523e-06
 Reference value :  4.87915e-06
 Reference value :  4.90692e-06
 Reference value :  4.95174e-06
 Reference value :  5.00011e-06
 Reference value :  5.00267e-06
 Reference value :  5.03131e-06
 Reference value :  5.06260e-06
 Reference value :  5.09384e-06
 Reference value :  5.12520e-06
 Reference value :  5.15665e-06
 Reference value :  5.18803e-06
 Reference value :  5.21885e-06
 Reference value :  5.25018e-06
 Reference value :  5.25460e-06
 Reference value :  5.28187e-06
 Reference value :  5.31477e-06
 Reference value :  5.34384e-06
 Reference value :  5.37553e-06
 Reference value :  5.40629e-06
 Reference value :  5.43634e-06
 Reference value :  5.44006e-06
 Reference value :  5.46894e-06
 Reference value :  5.50021e-06
 Reference value :  5.50308e-06
 Reference value :  5.53172e-06
 Reference value :  5.56480e-06
 Reference value :  5.59383e-06
 Reference value :  5.62535e-06
 Reference value :  5.63321e-06
 Reference value :  5.66785e-06
 Reference value :  5.69001e-06
 Reference value :  5.71895e-06
 Reference value :  5.75080e-06
 Reference value :  5.78132e-06
 Reference value :  5.81269e-06
 Reference value :  5.82500e-06
 Reference value :  5.84479e-06
 Reference value :  5.87734e-06
 Reference value :  5.90636e-06
 Reference value :  5.93769e-06
 Reference value :  5.96883e-06
 Reference value :  6.00020e-06
 Reference value :  6.00293e-06
 Reference value :  6.03145e-06
 Reference value :  6.06330e-06
 Reference value :  6.11740e-06
 Reference value :  6.15637e-06
 Reference value :  6.18775e-06
 Reference value :  6.21876e-06
 Reference value :  6.25006e-06
 Reference value :  6.25337e-06
 Reference value :  6.31260e-06
 Reference value :  6.31859e-06
 Reference value :  6.35918e-06
 Reference value :  6.37762e-06
 Reference value :  6.40659e-06
 Reference value :  6.43796e-06
 Reference value :  6.44814e-06
 Reference value :  6.50000e-06
 Reference value :  6.50274e-06
 Reference value :  6.53167e-06
 Reference value :  6.56391e-06
 Reference value :  6.59381e-06
 Reference value :  6.62520e-06
 Reference value :  6.62877e-06
 Reference value :  6.66217e-06
 Reference value :  6.69005e-06
 Reference value :  6.71924e-06
 Reference value :  6.75232e-06
 Reference value :  6.78136e-06
 Reference value :  6.81281e-06
 Reference value :  6.82507e-06
 Reference value :  6.87015e-06
 Reference value :  6.87757e-06
 Reference value :  6.90642e-06
 Reference value :  6.93789e-06
 Reference value :  6.96936e-06
 Reference value :  7.00235e-06
 Reference value :  7.03126e-06
 Reference value :  7.06257e-06
 Reference value :  7.09389e-06
 Reference value :  7.12538e-06
 Reference value :  7.15667e-06
 Reference value :  7.18976e-06
 Reference value :  7.21908e-06
 Reference value :  7.25095e-06
 Reference value :  7.28139e-06
 Reference value :  7.31289e-06
 Reference value :  7.33219e-06
 Reference value :  7.34505e-06
 Reference value :  7.37738e-06
 Reference value :  7.40639e-06
 Reference value :  7.43789e-06
 Reference value :  7.46662e-06
 Reference value :  7.50013e-06
 Reference value :  7.50423e-06
 Reference value :  7.55191e-06
 Reference value :  7.56506e-06
 Reference value :  7.59395e-06
 Reference value :  7.62614e-06
 Reference value :  7.65632e-06
 Reference value :  7.68770e-06
 Reference value :  7.69319e-06
 Reference value :  7.74584e-06
 Reference value :  7.75267e-06
 Reference value :  7.78207e-06
 Reference value :  7.81501e-06
 Reference value :  7.84411e-06
 Reference value :  7.87728e-06
 Reference value :  7.90638e-06
 Reference value :  7.93802e-06
 Reference value :  7.96971e-06
 Reference value :  8.00247e-06
 Reference value :  8.03131e-06
 Reference value :  8.06262e-06
 Reference value :  8.09395e-06
 Reference value :  8.12541e-06
 Reference value :  8.15703e-06
 Reference value :  8.19007e-06
 Reference value :  8.21913e-06
 Reference value :  8.25119e-06
 Reference value :  8.28139e-06
 Reference value :  8.31284e-06
 Reference value :  8.33417e-06
 Reference value :  8.36268e-06
 Reference value :  8.37747e-06
 Reference value :  8.40639e-06
 Reference value :  8.43784e-06
 Reference value :  8.44926e-06
 Reference value :  8.50003e-06
 Reference value :  8.50315e-06
 Reference value :  8.53175e-06
 Reference value :  8.56478e-06
 Reference value :  8.59384e-06
 Reference value :  8.62557e-06
 Reference value :  8.65630e-06
 Reference value :  8.68770e-06
 Reference value :  8.69648e-06
 Reference value :  8.75003e-06
 Reference value :  8.75320e-06
 Reference value :  8.78203e-06
 Reference value :  8.81494e-06
 Reference value :  8.84405e-06
 Reference value :  8.87538e-06
 Reference value :  8.90625e-06
 Reference value :  8.92683e-06
 Reference value :  8.96878e-06
 Reference value :  9.00020e-06
 Reference value :  9.00300e-06
 Reference value :  9.03210e-06
 Reference value :  9.09380e-06
 Reference value :  9.12525e-06
 Reference value :  9.15684e-06
 Reference value :  9.19002e-06
 Reference value :  9.21907e-06
 Reference value :  9.25053e-06
 Reference value :  9.28133e-06
 Reference value :  9.31303e-06
 Reference value :  9.34382e-06
 Reference value :  9.37520e-06
 Reference value :  9.38326e-06
 Reference value :  9.42144e-06
 Reference value :  9.44024e-06
 Reference value :  9.46914e-06
 Reference value :  9.50069e-06
 Reference value :  9.53129e-06
 Reference value :  9.56271e-06
 Reference value :  9.57311e-06
 Reference value :  9.62511e-06
 Reference value :  9.62876e-06
 Reference value :  9.68750e-06
 Reference value :  9.69046e-06
 Reference value :  9.74406e-06
 Reference value :  9.75321e-06
 Reference value :  9.81253e-06
 Reference value :  9.81520e-06
 Reference value :  9.84757e-06
 Reference value :  9.87760e-06
 Reference value :  9.90648e-06
 Reference value :  9.94079e-06
 Reference value :  1.00000e-05
 Reference value :  1.00027e-05
 Reference value :  1.00314e-05
 Reference value :  1.00823e-05
 Reference value :  1.01252e-05
 Reference value :  1.01566e-05
 Reference value :  1.01899e-05
 Reference value :  1.02191e-05
 Reference value :  1.02512e-05
 Reference value :  1.02813e-05
 Reference value :  1.03129e-05
 Reference value :  1.03438e-05
 Reference value :  1.03751e-05
 Reference value :  1.03779e-05
 Reference value :  1.04082e-05
 Reference value :  1.04401e-05
 Reference value :  1.04692e-05
 Reference value :  1.05025e-05
 Reference value :  1.05314e-05
 Reference value :  1.05648e-05
 Reference value :  1.05939e-05
 Reference value :  1.06274e-05
 Reference value :  1.06565e-05
 Reference value :  1.06900e-05
 Reference value :  1.07193e-05
 Reference value :  1.07525e-05
 Reference value :  1.07820e-05
 Reference value :  1.08150e-05
 Reference value :  1.08442e-05
 Reference value :  1.08774e-05
 Reference value :  1.09065e-05
 Reference value :  1.09378e-05
 Reference value :  1.09691e-05
 Reference value :  1.10023e-05
 Reference value :  1.10313e-05
 Reference value :  1.10627e-05
 Reference value :  1.10942e-05
 Reference value :  1.11334e-05
 Reference value :  1.11820e-05
 Reference value :  1.11906e-05
 Reference value :  1.12196e-05
 Reference value :  1.12530e-05
 Reference value :  1.12817e-05
 Reference value :  1.13130e-05
 Reference value :  1.13438e-05
 Reference value :  1.13751e-05
 Reference value :  1.13776e-05
 Reference value :  1.14065e-05
 Reference value :  1.14388e-05
 Reference value :  1.14688e-05
 Reference value :  1.15004e-05
 Reference value :  1.15313e-05
 Reference value :  1.15627e-05
 Reference value :  1.15863e-05
 Reference value :  1.16251e-05
 Reference value :  1.16297e-05
 Reference value :  1.16876e-05
 Reference value :  1.16921e-05
 Reference value :  1.17500e-05
 Reference value :  1.17532e-05
 Reference value :  1.17819e-05
 Reference value :  1.18148e-05
 Reference value :  1.18440e-05
 Reference value :  1.18773e-05
 Reference value :  1.19063e-05
 Reference value :  1.19377e-05
 Reference value :  1.19689e-05
 Reference value :  1.20003e-05
 Reference value :  1.20031e-05
 Reference value :  1.20318e-05
 Reference value :  1.20629e-05
 Reference value :  1.20942e-05
 Reference value :  1.21257e-05
 Reference value :  1.21571e-05
 Reference value :  1.21901e-05
 Reference value :  1.22191e-05
 Reference value :  1.22507e-05
 Reference value :  1.22813e-05
 Reference value :  1.23127e-05
 Reference value :  1.23300e-05
 Reference value :  1.23584e-05
 Reference value :  1.23776e-05
 Reference value :  1.24068e-05
 Reference value :  1.24400e-05
 Reference value :  1.24689e-05
 Reference value :  1.25023e-05
 Reference value :  1.25313e-05
 Reference value :  1.25630e-05
 Reference value :  1.25938e-05
 Reference value :  1.26252e-05
 Reference value :  1.26404e-05
 Reference value :  1.26876e-05
 Reference value :  1.26910e-05
 Reference value :  1.27347e-05
 Reference value :  1.27529e-05
 Reference value :  1.27858e-05
 Reference value :  1.28150e-05
 Reference value :  1.28441e-05
 Reference value :  1.28755e-05
 Reference value :  1.29063e-05
 Reference value :  1.29377e-05
 Reference value :  1.29691e-05
 Reference value :  1.30023e-05
 Reference value :  1.30313e-05
 Reference value :  1.30626e-05
 Reference value :  1.30939e-05
 Reference value :  1.31353e-05
 Reference value :  1.31875e-05
 Reference value :  1.31952e-05
 Reference value :  1.32500e-05
 Reference value :  1.32532e-05
 Reference value :  1.32823e-05
 Reference value :  1.33150e-05
 Reference value :  1.33439e-05
 Reference value :  1.33754e-05
 Reference value :  1.34063e-05
 Reference value :  1.34071e-05
 Reference value :  1.34389e-05
 Reference value :  1.34688e-05
 Reference value :  1.34874e-05
 Reference value :  1.35024e-05
 Reference value :  1.35313e-05
 Reference value :  1.35628e-05
 Reference value :  1.35938e-05
 Reference value :  1.36252e-05
 Reference value :  1.36302e-05
 Reference value :  1.36875e-05
 Reference value :  1.36903e-05
 Reference value :  1.37244e-05
 Reference value :  1.37526e-05
 Reference value :  1.37818e-05
 Reference value :  1.38148e-05
 Reference value :  1.38439e-05
 Reference value :  1.38753e-05
 Reference value :  1.39063e-05
 Reference value :  1.39376e-05
 Reference value :  1.39689e-05
 Reference value :  1.40009e-05
 Reference value :  1.40080e-05
 Reference value :  1.40495e-05
 Reference value :  1.40938e-05
 Reference value :  1.41252e-05
 Reference value :  1.41568e-05
 Reference value :  1.41900e-05
 Reference value :  1.42192e-05
 Reference value :  1.42528e-05
 Reference value :  1.42814e-05
 Reference value :  1.43129e-05
 Reference value :  1.43438e-05
 Reference value :  1.43751e-05
 Reference value :  1.43805e-05
 Reference value :  1.44148e-05
 Reference value :  1.44401e-05
 Reference value :  1.44690e-05
 Reference value :  1.45023e-05
 Reference value :  1.45314e-05
 Reference value :  1.45639e-05
 Reference value :  1.45938e-05
 Reference value :  1.46255e-05
 Reference value :  1.46563e-05
 Reference value :  1.46880e-05
 Reference value :  1.47188e-05
 Reference value :  1.47505e-05
 Reference value :  1.47813e-05
 Reference value :  1.48129e-05
 Reference value :  1.48438e-05
 Reference value :  1.48520e-05
 Reference value :  1.48775e-05
 Reference value :  1.49064e-05
 Reference value :  1.49377e-05
 Reference value :  1.49689e-05
 Reference value :  1.50013e-05
 Reference value :  1.50057e-05
 Reference value :  1.50320e-05
 Reference value :  1.50938e-05
 Reference value :  1.51251e-05
 Reference value :  1.51566e-05
 Reference value :  1.51877e-05
 Reference value :  1.52188e-05
 Reference value :  1.52483e-05
 Reference value :  1.52529e-05
 Reference value :  1.52814e-05
 Reference value :  1.53129e-05
 Reference value :  1.53438e-05
 Reference value :  1.53520e-05
 Reference value :  1.53776e-05
 Reference value :  1.54064e-05
 Reference value :  1.54378e-05
 Reference value :  1.54422e-05
 Reference value :  1.54700e-05
 Reference value :  1.55024e-05
 Reference value :  1.55314e-05
 Reference value :  1.55632e-05
 Reference value :  1.55938e-05
 Reference value :  1.56253e-05
 Reference value :  1.56563e-05
 Reference value :  1.56878e-05
 Reference value :  1.57188e-05
 Reference value :  1.57503e-05
 Reference value :  1.57813e-05
 Reference value :  1.58127e-05
 Reference value :  1.58254e-05
 Reference value :  1.58750e-05
 Reference value :  1.58777e-05
 Reference value :  1.59096e-05
 Reference value :  1.59688e-05
 Reference value :  1.60001e-05
 Reference value :  1.60027e-05
 Reference value :  1.60313e-05
 Reference value :  1.60626e-05
 Reference value :  1.60939e-05
 Reference value :  1.61252e-05
 Reference value :  1.61567e-05
 Reference value :  1.61898e-05
 Reference value :  1.62190e-05
 Reference value :  1.62505e-05
 Reference value :  1.62813e-05
 Reference value :  1.63125e-05
 Reference value :  1.63151e-05
 Reference value :  1.63444e-05
 Reference value :  1.63775e-05
 Reference value :  1.64066e-05
 Reference value :  1.64380e-05
 Reference value :  1.64672e-05
 Reference value :  1.65001e-05
 Reference value :  1.65041e-05
 Reference value :  1.65422e-05
 Reference value :  1.65651e-05
 Reference value :  1.65943e-05
 Reference value :  1.66275e-05
 Reference value :  1.66566e-05
 Reference value :  1.66899e-05
 Reference value :  1.67190e-05
 Reference value :  1.67523e-05
 Reference value :  1.67815e-05
 Reference value :  1.68135e-05
 Reference value :  1.68439e-05
 Reference value :  1.68754e-05
 Reference value :  1.69063e-05
 Reference value :  1.69377e-05
 Reference value :  1.69689e-05
 Reference value :  1.70023e-05
 Reference value :  1.70035e-05
 Reference value :  1.70318e-05
 Reference value :  1.70715e-05
 Reference value :  1.71250e-05
 Reference value :  1.71563e-05
 Reference value :  1.71876e-05
 Reference value :  1.71904e-05
 Reference value :  1.72203e-05
 Reference value :  1.72529e-05
 Reference value :  1.72815e-05
 Reference value :  1.73128e-05
 Reference value :  1.73273e-05
 Reference value :  1.73751e-05
 Reference value :  1.73776e-05
 Reference value :  1.74066e-05
 Reference value :  1.74379e-05
 Reference value :  1.74510e-05
 Reference value :  1.74705e-05
 Reference value :  1.75025e-05
 Reference value :  1.75315e-05
 Reference value :  1.75635e-05
 Reference value :  1.75938e-05
 Reference value :  1.76254e-05
 Reference value :  1.76563e-05
 Reference value :  1.76878e-05
 Reference value :  1.77188e-05
 Reference value :  1.77502e-05
 Reference value :  1.77813e-05
 Reference value :  1.78127e-05
 Reference value :  1.78355e-05
 Reference value :  1.78751e-05
 Reference value :  1.78781e-05
 Reference value :  1.79316e-05
 Reference value :  1.79688e-05
 Reference value :  1.80002e-05
 Reference value :  1.80029e-05
 Reference value :  1.80314e-05
 Reference value :  1.80628e-05
 Reference value :  1.80941e-05
 Reference value :  1.81333e-05
 Reference value :  1.81695e-05
 Reference value :  1.81901e-05
 Reference value :  1.82192e-05
 Reference value :  1.82527e-05
 Reference value :  1.82813e-05
 Reference value :  1.83127e-05
 Reference value :  1.83321e-05
 Reference value :  1.83752e-05
 Reference value :  1.83915e-05
 Reference value :  1.84376e-05
 Reference value :  1.84470e-05
 Reference value :  1.85001e-05
 Reference value :  1.85060e-05
 Reference value :  1.85625e-05
 Reference value :  1.85656e-05
 Reference value :  1.86091e-05
 Reference value :  1.86276e-05
 Reference value :  1.86568e-05
 Reference value :  1.86900e-05
 Reference value :  1.87190e-05
 Reference value :  1.87523e-05
 Reference value :  1.87814e-05
 Reference value :  1.88128e-05
 Reference value :  1.88438e-05
 Reference value :  1.88542e-05
 Reference value :  1.88776e-05
 Reference value :  1.89066e-05
 Reference value :  1.89417e-05
 Reference value :  1.89950e-05
 Reference value :  1.90026e-05
 Reference value :  1.90313e-05
 Reference value :  1.90625e-05
 Reference value :  1.90938e-05
 Reference value :  1.91252e-05
 Reference value :  1.91567e-05
 Reference value :  1.91898e-05
 Reference value :  1.92191e-05
 Reference value :  1.92507e-05
 Reference value :  1.92813e-05
 Reference value :  1.93127e-05
 Reference value :  1.93240e-05
 Reference value :  1.93751e-05
 Reference value :  1.93778e-05
 Reference value :  1.94115e-05
 Reference value :  1.94401e-05
 Reference value :  1.94690e-05
 Reference value :  1.95014e-05
 Reference value :  1.95313e-05
 Reference value :  1.95628e-05
 Reference value :  1.95938e-05
 Reference value :  1.96252e-05
 Reference value :  1.96448e-05
 Reference value :  1.96876e-05
 Reference value :  1.97111e-05
 Reference value :  1.97502e-05
 Reference value :  1.97770e-05
 Reference value :  1.98126e-05
 Reference value :  1.98155e-05
 Reference value :  1.98443e-05
 Reference value :  1.98773e-05
 Reference value :  1.99064e-05
 Reference value :  1.99379e-05
 Reference value :  1.99697e-05
No. of Data Rows : 50244
e1                  =  1.21068e+00
x1                  =  1.20337e+01 at=  2.28140e-06
cd1                 =  2.00000e+00
e2                  =  8.44768e-01
x2                  =  1.20071e+01 at=  3.28140e-06
cd2                 =  3.00000e+00
e128                =  6.51697e-01
x128                =  8.64205e+00 at=  4.28142e-06
cd128               =  1.29000e+02
e129                =  6.91377e-01
x129                =  8.71490e+00 at=  5.28142e-06
cd129               =  1.29000e+02
e255                =  4.07022e-01
x255                =  5.50649e+00 at=  6.28143e-06
cd255               =  2.55000e+02
e256                =  4.05990e-01
x256                =  5.58461e+00 at=  7.28143e-06
cd256               =  2.56000e+02
e257                =  5.03781e-01
x257                =  5.56348e+00 at=  8.28143e-06
cd257               =  2.57000e+02
e384                =  6.85882e-02
x384                =  2.75774e+00 at=  9.31262e-06
cd384               =  3.84000e+02
e511                =  -1.15235e-01
x511                =  5.16991e+00 at=  1.03751e-05
cd511               =  5.11000e+02
e512                =  -6.76068e-03
x512                =  5.11128e+00 at=  1.13439e-05
cd512               =  5.12000e+02
e513                =  1.49916e-02
x513                =  5.15664e+00 at=  1.23439e-05
cd513               =  5.13000e+02
e640                =  -3.23216e-01
x640                =  2.96594e+00 at=  1.33126e-05
cd640               =  6.40000e+02
e767                =  -5.85781e-01
x767                =  5.68945e+00 at=  1.43126e-05
cd767               =  7.66000e+02
e768                =  -4.76678e-01
x768                =  5.61210e+00 at=  1.53126e-05
cd768               =  7.67000e+02
e769                =  -5.20250e-01
x769                =  5.63347e+00 at=  1.63126e-05
cd769               =  7.68000e+02
e896                =  -8.28430e-01
x896                =  8.48453e+00 at=  1.73126e-05
cd896               =  8.95000e+02
e1022               =  -1.14604e+00
x1022               =  1.12662e+01 at=  1.83126e-05
cd1022              =  1.02100e+03
e1023               =  -9.39370e-01
x1023               =  1.11891e+01 at=  1.93126e-05
cd1023              =  1.02200e+03
vrefhi              =  3.63031e+00 at=  1.53149e-05
vreflo              =  3.62969e+00 at=  1.45661e-05
m_terr_t1_lsb = 1.2106840000e+00
m_decerr_t1_lsb = 1.2033710000e+01
m_code_t1 = 2.0000000000e+00
m_terr_t2_lsb = 8.4476820000e-01
m_decerr_t2_lsb = 1.2007140000e+01
m_code_t2 = 3.0000000000e+00
m_terr_t128_lsb = 6.5169670000e-01
m_decerr_t128_lsb = 8.6420470000e+00
m_code_t128 = 1.2900000000e+02
m_terr_t129_lsb = 6.9137690000e-01
m_decerr_t129_lsb = 8.7149010000e+00
m_code_t129 = 1.2900000000e+02
m_terr_t255_lsb = 4.0702190000e-01
m_decerr_t255_lsb = 5.5064930000e+00
m_code_t255 = 2.5500000000e+02
m_terr_t256_lsb = 4.0599040000e-01
m_decerr_t256_lsb = 5.5846100000e+00
m_code_t256 = 2.5600000000e+02
m_terr_t257_lsb = 5.0378110000e-01
m_decerr_t257_lsb = 5.5634830000e+00
m_code_t257 = 2.5700000000e+02
m_terr_t384_lsb = 6.8588200000e-02
m_decerr_t384_lsb = 2.7577350000e+00
m_code_t384 = 3.8400000000e+02
m_terr_t511_lsb = -1.152347000e-01
m_decerr_t511_lsb = 5.1699070000e+00
m_code_t511 = 5.1100000000e+02
m_terr_t512_lsb = -6.760682000e-03
m_decerr_t512_lsb = 5.1112840000e+00
m_code_t512 = 5.1200000000e+02
m_terr_t513_lsb = 1.4991650000e-02
m_decerr_t513_lsb = 5.1566410000e+00
m_code_t513 = 5.1300000000e+02
m_terr_t640_lsb = -3.232158000e-01
m_decerr_t640_lsb = 2.9659440000e+00
m_code_t640 = 6.4000000000e+02
m_terr_t767_lsb = -5.857809000e-01
m_decerr_t767_lsb = 5.6894460000e+00
m_code_t767 = 7.6600000000e+02
m_terr_t768_lsb = -4.766783000e-01
m_decerr_t768_lsb = 5.6121000000e+00
m_code_t768 = 7.6700000000e+02
m_terr_t769_lsb = -5.202505000e-01
m_decerr_t769_lsb = 5.6334700000e+00
m_code_t769 = 7.6800000000e+02
m_terr_t896_lsb = -8.284304000e-01
m_decerr_t896_lsb = 8.4845350000e+00
m_code_t896 = 8.9500000000e+02
m_terr_t1022_lsb = -1.146043000e+00
m_decerr_t1022_lsb = 1.1266180000e+01
m_code_t1022 = 1.0210000000e+03
m_terr_t1023_lsb = -9.393699000e-01
m_decerr_t1023_lsb = 1.1189100000e+01
m_code_t1023 = 1.0220000000e+03
m_inl_t1_lsb = 0.0000000000e+00
m_inl_t2_lsb = -3.638120291e-01
m_inl_t128_lsb = -2.918083907e-01
m_inl_t129_lsb = -2.500244198e-01
m_inl_t255_lsb = -2.693042814e-01
m_inl_t256_lsb = -2.682320105e-01
m_inl_t257_lsb = -1.683375395e-01
m_inl_t384_lsb = -3.363515302e-01
m_inl_t511_lsb = -2.529955209e-01
m_inl_t512_lsb = -1.424177320e-01
m_inl_t513_lsb = -1.185616291e-01
m_inl_t640_lsb = -1.895901698e-01
m_inl_t767_lsb = -1.849763605e-01
m_inl_t768_lsb = -7.376998953e-02
m_inl_t769_lsb = -1.152384186e-01
m_inl_t896_lsb = -1.562394093e-01
m_inl_t1022_lsb = -2.087768709e-01
m_inl_t1023_lsb = 0.0000000000e+00
m_dnl_t1_t2_lsb = -3.659158000e-01
m_dnl_t128_t129_lsb = 3.9680200000e-02
m_dnl_t255_t256_lsb = -1.031500000e-03
m_dnl_t256_t257_lsb = 9.7790700000e-02
m_dnl_t511_t512_lsb = 1.0847401800e-01
m_dnl_t512_t513_lsb = 2.1752332000e-02
m_dnl_t767_t768_lsb = 1.0910260000e-01
m_dnl_t768_t769_lsb = -4.357220000e-02
m_dnl_t1022_t1023_lsb = 2.0667310000e-01
m_gain_err_lsb = -2.152157671e+00
m_vref_droop_mv = 6.1900000000e-01
Note: Simulation executed from .control section 

Note: Starting dynamic gmin stepping
Note: Dynamic gmin stepping completed
