
Note: No compatibility mode selected!


Circuit: * adc-inl-dnl @ ff_27c_3.30v -- generated by sim/harness, do not edit

Reducing trtol to 1 for xspice 'A' devices
Doing analysis at TEMP = 27.000000 and TNOM = 27.000000

Using SPARSE 1.3 as Direct Linear Solver

Initial Transient Solution
--------------------------

Node                                   Voltage
----                                   -------
clk                                          0
cmpclk                                       0
cmpclkb                                    3.3
vddt                                       3.3
vddd                                       3.3
vddc                                       3.3
vrefs                                      3.3
vrefn                                      3.3
vcmi                                      1.65
vcmn                                      1.65
se_vinp                             0.00402832
se_vinn                                   1.65
se_start                                     0
se_mode                                      0
se_cmp                             1.81965e-09
se_samp_tp_n                                 0
se_sel_in_n                                  0
se_drdy                                    3.3
se_c9                                        0
se_c8                                        0
se_c7                                        0
se_c6                                        0
se_c5                                        0
se_c4                                        0
se_c3                                        0
se_c2                                        0
se_c1                                        0
se_c0                                        0
se_rel_n_256p                              3.3
se_sel_hi_n_256p                             0
se_sel_lo_n_256p                             0
se_rel_n_128p                              3.3
se_sel_hi_n_128p                             0
se_sel_lo_n_128p                             0
se_rel_n_64p                               3.3
se_sel_hi_n_64p                              0
se_sel_lo_n_64p                              0
se_rel_n_32p                               3.3
se_sel_hi_n_32p                              0
se_sel_lo_n_32p                              0
se_rel_n_16p                               3.3
se_sel_hi_n_16p                              0
se_sel_lo_n_16p                              0
se_rel_n_8p                                3.3
se_sel_hi_n_8p                               0
se_sel_lo_n_8p                               0
se_rel_n_4p                                3.3
se_sel_hi_n_4p                               0
se_sel_lo_n_4p                               0
se_rel_n_2p                                3.3
se_sel_hi_n_2p                               0
se_sel_lo_n_2p                               0
se_rel_n_1p                                3.3
se_sel_hi_n_1p                               0
se_sel_lo_n_1p                               0
se_rel_n_256n                              3.3
se_sel_hi_n_256n                             0
se_sel_lo_n_256n                             0
se_rel_n_128n                              3.3
se_sel_hi_n_128n                             0
se_sel_lo_n_128n                             0
se_rel_n_64n                               3.3
se_sel_hi_n_64n                              0
se_sel_lo_n_64n                              0
se_rel_n_32n                               3.3
se_sel_hi_n_32n                              0
se_sel_lo_n_32n                              0
se_rel_n_16n                               3.3
se_sel_hi_n_16n                              0
se_sel_lo_n_16n                              0
se_rel_n_8n                                3.3
se_sel_hi_n_8n                               0
se_sel_lo_n_8n                               0
se_rel_n_4n                                3.3
se_sel_hi_n_4n                               0
se_sel_lo_n_4n                               0
se_rel_n_2n                                3.3
se_sel_hi_n_2n                               0
se_sel_lo_n_2n                               0
se_rel_n_1n                                3.3
se_sel_hi_n_1n                               0
se_sel_lo_n_1n                               0
se_pinp                             0.00402833
se_pinn                                   1.65
xdut.\$65__t0                              3.3
xdut.sel_in__t0                              0
xdut.vss__t0                       5.23344e-10
xdut.\$27__t2                      2.32382e-09
xdut.rel_256_p__t2                         3.3
xdut.vss__t46                      4.98838e-10
xdut.\$29__t2                              3.3
xdut.hi_256_p__t2                            0
xdut.vss__t45                      5.08897e-10
xdut.\$9__t2                               3.3
xdut.lo_256_p__t2                            0
xdut.vss__t44                      5.01675e-10
xdut.vinp__t0                       0.00402834
xdut.sel_in__t1                              0
xdut.\$10__t0                             1.65
xdut.vcm__t27                             1.65
xdut.rel_256_p__t1                         3.3
xdut.\$10__t262                           1.65
xdut.vref__t21                             3.3
xdut.hi_256_p__t1                            0
xdut.\$10__t261                           1.65
xdut.vss__t24                      3.97606e-09
xdut.lo_256_p__t1                            0
xdut.\$10__t263                           1.65
xdut.\$67__t2                              3.3
xdut.sel_in__t50                             0
xdut.vss__t94                      4.04861e-10
xdut.\$31__t2                      2.20932e-09
xdut.rel_128_p__t2                         3.3
xdut.vss__t109                     3.84342e-10
xdut.\$33__t2                              3.3
xdut.hi_128_p__t2                            0
xdut.vss__t96                      3.90456e-10
xdut.\$11__t2                              3.3
xdut.lo_128_p__t2                            0
xdut.vss__t99                      3.83256e-10
xdut.vinp__t12                      0.00402834
xdut.sel_in__t25                             0
xdut.\$12__t132                           1.65
xdut.vcm__t30                             1.65
xdut.rel_128_p__t1                         3.3
xdut.\$12__t133                           1.65
xdut.vref__t23                             3.3
xdut.hi_128_p__t1                            0
xdut.\$12__t134                           1.65
xdut.vss__t25                      2.97896e-09
xdut.lo_128_p__t1                            0
xdut.\$12__t135                           1.65
xdut.\$69__t2                              3.3
xdut.sel_in__t52                             0
xdut.vss__t102                     2.86903e-10
xdut.\$35__t2                      2.09536e-09
xdut.rel_64_p__t2                          3.3
xdut.vss__t103                     2.70384e-10
xdut.\$37__t2                              3.3
xdut.hi_64_p__t2                             0
xdut.vss__t104                     2.72604e-10
xdut.\$13__t2                              3.3
xdut.lo_64_p__t2                             0
xdut.vss__t105                     2.65464e-10
xdut.vinp__t13                      0.00402833
xdut.sel_in__t26                             0
xdut.\$14__t68                            1.65
xdut.vcm__t31                             1.65
xdut.rel_64_p__t1                          3.3
xdut.\$14__t69                            1.65
xdut.vref__t32                             3.3
xdut.hi_64_p__t1                             0
xdut.\$14__t71                            1.65
xdut.vss__t29                       1.9867e-09
xdut.lo_64_p__t1                             0
xdut.\$14__t70                            1.65
xdut.\$71__t2                              3.3
xdut.sel_in__t46                             0
xdut.vss__t76                      1.70563e-10
xdut.\$39__t2                      1.98311e-09
xdut.rel_32_p__t2                          3.3
xdut.vss__t75                      1.58129e-10
xdut.\$41__t2                              3.3
xdut.hi_32_p__t2                             0
xdut.vss__t65                      1.56678e-10
xdut.\$15__t2                              3.3
xdut.lo_32_p__t2                             0
xdut.vss__t70                       1.4978e-10
xdut.vinp__t16                      0.00402833
xdut.sel_in__t31                             0
xdut.\$16__t37                            1.65
xdut.vcm__t35                             1.65
xdut.rel_32_p__t1                          3.3
xdut.\$16__t38                            1.65
xdut.vref__t30                             3.3
xdut.hi_32_p__t1                             0
xdut.\$16__t39                            1.65
xdut.vss__t28                      1.01361e-09
xdut.lo_32_p__t1                             0
xdut.\$16__t36                            1.65
xdut.\$73__t2                              3.3
xdut.sel_in__t45                             0
xdut.vss__t71                       6.5176e-11
xdut.\$43__t2                      1.88338e-09
xdut.rel_16_p__t2                          3.3
xdut.vss__t72                      5.84054e-11
xdut.\$45__t2                              3.3
xdut.hi_16_p__t2                             0
xdut.vss__t73                      5.62193e-11
xdut.\$17__t2                              3.3
xdut.lo_16_p__t2                             0
xdut.vss__t74                      5.26767e-11
xdut.vinp__t17                      0.00402833
xdut.sel_in__t32                             0
xdut.\$18__t23                            1.65
xdut.vcm__t33                             1.65
xdut.rel_16_p__t1                          3.3
xdut.\$18__t20                            1.65
xdut.vref__t29                             3.3
xdut.hi_16_p__t1                             0
xdut.\$18__t21                            1.65
xdut.vss__t32                      3.39817e-10
xdut.lo_16_p__t1                             0
xdut.\$18__t22                            1.65
xdut.\$75__t2                              3.3
xdut.sel_in__t38                             0
xdut.vss__t41                      8.82136e-11
xdut.\$47__t2                      1.91623e-09
xdut.rel_8_p__t2                           3.3
xdut.vss__t67                      9.12503e-11
xdut.\$49__t2                              3.3
xdut.hi_8_p__t2                              0
xdut.vss__t83                      1.00751e-10
xdut.\$19__t2                              3.3
xdut.lo_8_p__t2                              0
xdut.vss__t38                      1.07206e-10
xdut.vinp__t11                      0.00402833
xdut.sel_in__t24                             0
xdut.\$20__t12                            1.65
xdut.vcm__t26                             1.65
xdut.rel_8_p__t1                           3.3
xdut.\$20__t13                            1.65
xdut.vref__t20                             3.3
xdut.hi_8_p__t1                              0
xdut.\$20__t14                            1.65
xdut.vss__t22                      1.10054e-09
xdut.lo_8_p__t1                              0
xdut.\$20__t15                            1.65
xdut.\$77__t2                              3.3
xdut.sel_in__t51                             0
xdut.vss__t101                     1.99231e-10
xdut.\$51__t2                      2.02435e-09
xdut.rel_4_p__t2                           3.3
xdut.vss__t100                     1.99377e-10
xdut.\$53__t2                              3.3
xdut.hi_4_p__t2                              0
xdut.vss__t98                       2.1335e-10
xdut.\$21__t2                              3.3
xdut.lo_4_p__t2                              0
xdut.vss__t97                      2.20429e-10
xdut.vinp__t14                      0.00402833
xdut.sel_in__t28                             0
xdut.\$22__t11                            1.65
xdut.vcm__t28                             1.65
xdut.rel_4_p__t1                           3.3
xdut.\$22__t10                            1.65
xdut.vref__t22                             3.3
xdut.hi_4_p__t1                              0
xdut.\$22__t9                             1.65
xdut.vss__t23                      2.07714e-09
xdut.lo_4_p__t1                              0
xdut.\$22__t8                             1.65
xdut.\$79__t2                              3.3
xdut.sel_in__t49                             0
xdut.vss__t93                      3.16199e-10
xdut.\$55__t2                      2.13752e-09
xdut.rel_2_p__t2                           3.3
xdut.vss__t92                      3.12545e-10
xdut.\$57__t2                              3.3
xdut.hi_2_p__t2                              0
xdut.vss__t85                      3.30551e-10
xdut.\$23__t2                              3.3
xdut.lo_2_p__t2                              0
xdut.vss__t84                      3.37731e-10
xdut.vinp__t10                      0.00402834
xdut.sel_in__t23                             0
xdut.\$24__t6                             1.65
xdut.vcm__t32                             1.65
xdut.rel_2_p__t1                           3.3
xdut.\$24__t7                             1.65
xdut.vref__t27                             3.3
xdut.hi_2_p__t1                              0
xdut.\$24__t8                             1.65
xdut.vss__t30                       3.0701e-09
xdut.lo_2_p__t1                              0
xdut.\$24__t9                             1.65
xdut.\$81__t2                              3.3
xdut.sel_in__t39                             0
xdut.vss__t48                      4.34337e-10
xdut.\$59__t2                      2.25174e-09
xdut.rel_1_p__t2                           3.3
xdut.vss__t47                      4.26763e-10
xdut.\$61__t2                              3.3
xdut.hi_1_p__t2                              0
xdut.vss__t43                      4.48761e-10
xdut.\$25__t2                              3.3
xdut.lo_1_p__t2                              0
xdut.vss__t42                      4.55975e-10
xdut.vinp__t15                      0.00402834
xdut.sel_in__t30                             0
xdut.\$26__t8                             1.65
xdut.vcm__t34                             1.65
xdut.rel_1_p__t1                           3.3
xdut.\$26__t7                             1.65
xdut.vref__t28                             3.3
xdut.hi_1_p__t1                              0
xdut.\$26__t6                             1.65
xdut.vss__t21                      4.06745e-09
xdut.lo_1_p__t1                              0
xdut.\$26__t5                             1.65
xdut.\$83__t2                              3.3
xdut.sel_in__t53                             0
xdut.vss__t107                     5.22307e-10
xdut.\$85__t2                       2.3228e-09
xdut.rel_256_n__t2                         3.3
xdut.vss__t108                     4.97822e-10
xdut.\$87__t2                              3.3
xdut.hi_256_n__t2                            0
xdut.vss__t95                      5.07831e-10
xdut.\$89__t2                              3.3
xdut.lo_256_n__t2                            0
xdut.vss__t55                      5.00593e-10
xdut.vinn__t13                            1.65
xdut.sel_in__t29                             0
xdut.\$90__t261                           1.65
xdut.vcm__t41                             1.65
xdut.rel_256_n__t1                         3.3
xdut.\$90__t263                           1.65
xdut.vref__t26                             3.3
xdut.hi_256_n__t1                            0
xdut.\$90__t260                           1.65
xdut.vss__t31                      3.97712e-09
xdut.lo_256_n__t1                            0
xdut.\$90__t262                           1.65
xdut.\$92__t2                              3.3
xdut.sel_in__t43                             0
xdut.vss__t62                       4.0352e-10
xdut.\$94__t2                        2.208e-09
xdut.rel_128_n__t2                         3.3
xdut.vss__t63                      3.83022e-10
xdut.\$96__t2                              3.3
xdut.hi_128_n__t2                            0
xdut.vss__t64                      3.89065e-10
xdut.\$98__t2                              3.3
xdut.lo_128_n__t2                            0
xdut.vss__t106                     3.81839e-10
xdut.vinn__t17                            1.65
xdut.sel_in__t36                             0
xdut.\$99__t135                           1.65
xdut.vcm__t40                             1.65
xdut.rel_128_n__t1                         3.3
xdut.\$99__t134                           1.65
xdut.vref__t31                             3.3
xdut.hi_128_n__t1                            0
xdut.\$99__t133                           1.65
xdut.vss__t33                      2.98037e-09
xdut.lo_128_n__t1                            0
xdut.\$99__t132                           1.65
xdut.\$100__t2                             3.3
xdut.sel_in__t42                             0
xdut.vss__t56                      2.85007e-10
xdut.\$102__t2                     2.09348e-09
xdut.rel_64_n__t2                          3.3
xdut.vss__t59                      2.68504e-10
xdut.\$104__t2                             3.3
xdut.hi_64_n__t2                             0
xdut.vss__t60                      2.70609e-10
xdut.\$106__t2                             3.3
xdut.lo_64_n__t2                             0
xdut.vss__t61                      2.63414e-10
xdut.vinn__t14                            1.65
xdut.sel_in__t33                             0
xdut.\$107__t71                           1.65
xdut.vcm__t36                             1.65
xdut.rel_64_n__t1                          3.3
xdut.\$107__t70                           1.65
xdut.vref__t25                             3.3
xdut.hi_64_n__t1                             0
xdut.\$107__t68                           1.65
xdut.vss__t26                      1.98881e-09
xdut.lo_64_n__t1                             0
xdut.\$107__t69                           1.65
xdut.\$108__t2                             3.3
xdut.sel_in__t47                             0
xdut.vss__t77                      1.67355e-10
xdut.\$110__t2                     1.97987e-09
xdut.rel_32_n__t2                          3.3
xdut.vss__t78                      1.54894e-10
xdut.\$112__t2                             3.3
xdut.hi_32_n__t2                             0
xdut.vss__t79                       1.5318e-10
xdut.\$114__t2                             3.3
xdut.lo_32_n__t2                             0
xdut.vss__t80                      1.46116e-10
xdut.vinn__t12                            1.65
xdut.sel_in__t27                             0
xdut.\$115__t39                           1.65
xdut.vcm__t29                             1.65
xdut.rel_32_n__t1                          3.3
xdut.\$115__t37                           1.65
xdut.vref__t24                             3.3
xdut.hi_32_n__t1                             0
xdut.\$115__t38                           1.65
xdut.vss__t20                      1.01774e-09
xdut.lo_32_n__t1                             0
xdut.\$115__t36                           1.65
xdut.\$116__t2                             3.3
xdut.sel_in__t44                             0
xdut.vss__t66                      5.62477e-11
xdut.\$118__t2                     1.87395e-09
xdut.rel_16_n__t2                          3.3
xdut.vss__t81                      4.89741e-11
xdut.\$120__t2                             3.3
xdut.hi_16_n__t2                             0
xdut.vss__t68                      4.55687e-11
xdut.\$122__t2                             3.3
xdut.lo_16_n__t2                             0
xdut.vss__t69                      4.11185e-11
xdut.vinn__t9                             1.65
xdut.sel_in__t20                             0
xdut.\$123__t22                           1.65
xdut.vcm__t23                             1.65
xdut.rel_16_n__t1                          3.3
xdut.\$123__t20                           1.65
xdut.vref__t18                             3.3
xdut.hi_16_n__t1                             0
xdut.\$123__t21                           1.65
xdut.vss__t27                      3.51949e-10
xdut.lo_16_n__t1                             0
xdut.\$123__t23                           1.65
xdut.\$124__t2                             3.3
xdut.sel_in__t48                             0
xdut.vss__t82                      8.18384e-11
xdut.\$126__t2                      1.9105e-09
xdut.rel_8_n__t2                           3.3
xdut.vss__t91                      8.55213e-11
xdut.\$128__t2                             3.3
xdut.hi_8_n__t2                              0
xdut.vss__t90                      9.52188e-11
xdut.\$130__t2                             3.3
xdut.lo_8_n__t2                              0
xdut.vss__t89                      1.02025e-10
xdut.vinn__t16                            1.65
xdut.sel_in__t35                             0
xdut.\$131__t15                           1.65
xdut.vcm__t39                             1.65
xdut.rel_8_n__t1                           3.3
xdut.\$131__t14                           1.65
xdut.vref__t35                             3.3
xdut.hi_8_n__t1                              0
xdut.\$131__t13                           1.65
xdut.vss__t36                      1.10434e-09
xdut.lo_8_n__t1                              0
xdut.\$131__t12                           1.65
xdut.\$132__t2                             3.3
xdut.sel_in__t41                             0
xdut.vss__t54                      1.96491e-10
xdut.\$134__t2                      2.0218e-09
xdut.rel_4_n__t2                           3.3
xdut.vss__t88                      1.96821e-10
xdut.\$136__t2                             3.3
xdut.hi_4_n__t2                              0
xdut.vss__t87                      2.10795e-10
xdut.\$138__t2                             3.3
xdut.lo_4_n__t2                              0
xdut.vss__t86                      2.17956e-10
xdut.vinn__t10                            1.65
xdut.sel_in__t21                             0
xdut.\$139__t11                           1.65
xdut.vcm__t25                             1.65
xdut.rel_4_n__t1                           3.3
xdut.\$139__t10                           1.65
xdut.vref__t19                             3.3
xdut.hi_4_n__t1                              0
xdut.\$139__t9                            1.65
xdut.vss__t19                      2.07916e-09
xdut.lo_4_n__t1                              0
xdut.\$139__t8                            1.65
xdut.\$140__t2                             3.3
xdut.sel_in__t37                             0
xdut.vss__t37                       3.1448e-10
xdut.\$142__t2                      2.1359e-09
xdut.rel_2_n__t2                           3.3
xdut.vss__t53                      3.10921e-10
xdut.\$144__t2                             3.3
xdut.hi_2_n__t2                              0
xdut.vss__t40                      3.28907e-10
xdut.\$146__t2                             3.3
xdut.lo_2_n__t2                              0
xdut.vss__t39                      3.36123e-10
xdut.vinn__t11                            1.65
xdut.sel_in__t22                             0
xdut.\$147__t6                            1.65
xdut.vcm__t38                             1.65
xdut.rel_2_n__t1                           3.3
xdut.\$147__t9                            1.65
xdut.vref__t34                             3.3
xdut.hi_2_n__t1                              0
xdut.\$147__t8                            1.65
xdut.vss__t35                      3.07147e-09
xdut.lo_2_n__t1                              0
xdut.\$147__t7                            1.65
xdut.\$148__t2                             3.3
xdut.sel_in__t40                             0
xdut.vss__t49                      4.33087e-10
xdut.\$150__t2                     2.25055e-09
xdut.rel_1_n__t2                           3.3
xdut.vss__t50                      4.25575e-10
xdut.\$152__t2                             3.3
xdut.hi_1_n__t2                              0
xdut.vss__t51                      4.47552e-10
xdut.\$154__t2                             3.3
xdut.lo_1_n__t2                              0
xdut.vss__t52                      4.54785e-10
xdut.vinn__t15                            1.65
xdut.sel_in__t34                             0
xdut.\$155__t8                            1.65
xdut.vcm__t37                             1.65
xdut.rel_1_n__t1                           3.3
xdut.\$155__t7                            1.65
xdut.vref__t33                             3.3
xdut.hi_1_n__t1                              0
xdut.\$155__t6                            1.65
xdut.vss__t34                      4.06848e-09
xdut.lo_1_n__t1                              0
xdut.\$155__t5                            1.65
xdut.\$166__t2                             3.3
xdut.tp_gn__t4                               0
xdut.vss__t57                      5.79334e-10
xdut.vcm__t24                             1.65
xdut.tp_gn__t3                               0
xdut.topp__t513                        1.34647
xdut.\$167__t2                             3.3
xdut.tp_gn__t5                               0
xdut.vss__t58                      6.11803e-10
xdut.vcm__t22                             1.65
xdut.tp_gn__t2                               0
xdut.topn__t513                        1.42315
xdut.\$65__t1                              3.3
xdut.sel_in__t2                              0
xdut.vdd__t0                               3.3
xdut.\$27__t1                      3.03086e-09
xdut.rel_256_p__t0                         3.3
xdut.vdd__t61                              3.3
xdut.\$29__t1                              3.3
xdut.hi_256_p__t0                            0
xdut.vdd__t60                              3.3
xdut.\$9__t1                               3.3
xdut.lo_256_p__t0                            0
xdut.vdd__t70                              3.3
xdut.vinp__t1                       0.00402833
xdut.\$65__t2                              3.3
xdut.\$10__t1                             1.65
xdut.vcm__t21                             1.65
xdut.\$27__t0                      2.90542e-09
xdut.\$10__t260                           1.65
xdut.vref__t3                              3.3
xdut.\$29__t0                              3.3
xdut.\$10__t258                           1.65
xdut.vss__t5                       5.01053e-10
xdut.\$9__t0                               3.3
xdut.\$10__t259                           1.65
xdut.\$67__t1                              3.3
xdut.sel_in__t19                             0
xdut.vdd__t72                              3.3
xdut.\$31__t1                      2.91637e-09
xdut.rel_128_p__t0                         3.3
xdut.vdd__t71                              3.3
xdut.\$33__t1                              3.3
xdut.hi_128_p__t0                            0
xdut.vdd__t58                              3.3
xdut.\$11__t1                              3.3
xdut.lo_128_p__t0                            0
xdut.vdd__t59                              3.3
xdut.vinp__t6                       0.00402833
xdut.\$67__t0                              3.3
xdut.\$12__t131                           1.65
xdut.vcm__t6                              1.65
xdut.\$31__t0                      2.79092e-09
xdut.\$12__t130                           1.65
xdut.vref__t4                              3.3
xdut.\$33__t0                              3.3
xdut.\$12__t129                           1.65
xdut.vss__t2                       3.56787e-10
xdut.\$11__t0                              3.3
xdut.\$12__t128                           1.65
xdut.\$69__t1                              3.3
xdut.sel_in__t16                             0
xdut.vdd__t62                              3.3
xdut.\$35__t1                      2.80241e-09
xdut.rel_64_p__t0                          3.3
xdut.vdd__t53                              3.3
xdut.\$37__t1                              3.3
xdut.hi_64_p__t0                             0
xdut.vdd__t69                              3.3
xdut.\$13__t1                              3.3
xdut.lo_64_p__t0                             0
xdut.vdd__t3                               3.3
xdut.vinp__t9                       0.00402833
xdut.\$69__t0                              3.3
xdut.\$14__t67                            1.65
xdut.vcm__t18                             1.65
xdut.\$35__t0                      2.67696e-09
xdut.\$14__t66                            1.65
xdut.vref__t15                             3.3
xdut.\$37__t0                              3.3
xdut.\$14__t65                            1.65
xdut.vss__t4                       2.13147e-10
xdut.\$13__t0                              3.3
xdut.\$14__t64                            1.65
xdut.\$71__t1                              3.3
xdut.sel_in__t4                              0
xdut.vdd__t8                               3.3
xdut.\$39__t1                      2.69015e-09
xdut.rel_32_p__t0                          3.3
xdut.vdd__t10                              3.3
xdut.\$41__t1                              3.3
xdut.hi_32_p__t0                             0
xdut.vdd__t12                              3.3
xdut.\$15__t1                              3.3
xdut.lo_32_p__t0                             0
xdut.vdd__t13                              3.3
xdut.vinp__t3                       0.00402833
xdut.\$71__t0                              3.3
xdut.\$16__t32                            1.65
xdut.vcm__t13                             1.65
xdut.\$39__t0                      2.56471e-09
xdut.\$16__t33                            1.65
xdut.vref__t10                             3.3
xdut.\$41__t0                              3.3
xdut.\$16__t34                            1.65
xdut.vss__t12                      7.38735e-11
xdut.\$15__t0                              3.3
xdut.\$16__t35                            1.65
xdut.\$73__t1                              3.3
xdut.sel_in__t18                             0
xdut.vdd__t67                              3.3
xdut.\$43__t1                      2.59043e-09
xdut.rel_16_p__t0                          3.3
xdut.vdd__t68                              3.3
xdut.\$45__t1                              3.3
xdut.hi_16_p__t0                             0
xdut.vdd__t6                               3.3
xdut.\$17__t1                              3.3
xdut.lo_16_p__t0                             0
xdut.vdd__t7                               3.3
xdut.vinp__t7                       0.00402833
xdut.\$73__t0                              3.3
xdut.\$18__t19                            1.65
xdut.vcm__t4                              1.65
xdut.\$43__t0                      2.46499e-09
xdut.\$18__t16                            1.65
xdut.vref__t2                              3.3
xdut.\$45__t0                              3.3
xdut.\$18__t17                            1.65
xdut.vss__t6                       8.58754e-11
xdut.\$17__t0                              3.3
xdut.\$18__t18                            1.65
xdut.\$75__t1                              3.3
xdut.sel_in__t14                             0
xdut.vdd__t50                              3.3
xdut.\$47__t1                      2.62327e-09
xdut.rel_8_p__t0                           3.3
xdut.vdd__t51                              3.3
xdut.\$49__t1                              3.3
xdut.hi_8_p__t0                              0
xdut.vdd__t43                              3.3
xdut.\$19__t1                              3.3
xdut.lo_8_p__t0                              0
xdut.vdd__t19                              3.3
xdut.vinp__t4                       0.00402833
xdut.\$75__t0                              3.3
xdut.\$20__t8                             1.65
xdut.vcm__t12                             1.65
xdut.\$47__t0                      2.49783e-09
xdut.\$20__t9                             1.65
xdut.vref__t9                              3.3
xdut.\$49__t0                              3.3
xdut.\$20__t10                            1.65
xdut.vss__t11                      2.26237e-10
xdut.\$19__t0                              3.3
xdut.\$20__t11                            1.65
xdut.\$77__t1                              3.3
xdut.sel_in__t11                             0
xdut.vdd__t38                              3.3
xdut.\$51__t1                       2.7314e-09
xdut.rel_4_p__t0                           3.3
xdut.vdd__t39                              3.3
xdut.\$53__t1                              3.3
xdut.hi_4_p__t0                              0
xdut.vdd__t40                              3.3
xdut.\$21__t1                              3.3
xdut.lo_4_p__t0                              0
xdut.vdd__t41                              3.3
xdut.vinp__t2                       0.00402833
xdut.\$77__t0                              3.3
xdut.\$22__t4                             1.65
xdut.vcm__t5                              1.65
xdut.\$51__t0                      2.60596e-09
xdut.\$22__t5                             1.65
xdut.vref__t1                              3.3
xdut.\$53__t0                              3.3
xdut.\$22__t6                             1.65
xdut.vss__t1                       3.69978e-10
xdut.\$21__t0                              3.3
xdut.\$22__t7                             1.65
xdut.\$79__t1                              3.3
xdut.sel_in__t10                             0
xdut.vdd__t35                              3.3
xdut.\$55__t1                      2.84457e-09
xdut.rel_2_p__t0                           3.3
xdut.vdd__t31                              3.3
xdut.\$57__t1                              3.3
xdut.hi_2_p__t0                              0
xdut.vdd__t32                              3.3
xdut.\$23__t1                              3.3
xdut.lo_2_p__t0                              0
xdut.vdd__t33                              3.3
xdut.vinp__t8                       0.00402833
xdut.\$79__t0                              3.3
xdut.\$24__t2                             1.65
xdut.vcm__t14                             1.65
xdut.\$55__t0                      2.71913e-09
xdut.\$24__t3                             1.65
xdut.vref__t11                             3.3
xdut.\$57__t0                              3.3
xdut.\$24__t4                             1.65
xdut.vss__t13                      5.14272e-10
xdut.\$23__t0                              3.3
xdut.\$24__t5                             1.65
xdut.\$81__t1                              3.3
xdut.sel_in__t9                              0
xdut.vdd__t34                              3.3
xdut.\$59__t1                      2.95879e-09
xdut.rel_1_p__t0                           3.3
xdut.vdd__t54                              3.3
xdut.\$61__t1                              3.3
xdut.hi_1_p__t0                              0
xdut.vdd__t20                              3.3
xdut.\$25__t1                              3.3
xdut.lo_1_p__t0                              0
xdut.vdd__t21                              3.3
xdut.vinp__t5                       0.00402833
xdut.\$81__t0                              3.3
xdut.\$26__t1                             1.65
xdut.vcm__t7                              1.65
xdut.\$59__t0                      2.83334e-09
xdut.\$26__t2                             1.65
xdut.vref__t12                             3.3
xdut.\$61__t0                              3.3
xdut.\$26__t3                             1.65
xdut.vss__t16                      6.58755e-10
xdut.\$25__t0                              3.3
xdut.\$26__t4                             1.65
xdut.\$83__t1                              3.3
xdut.sel_in__t17                             0
xdut.vdd__t66                              3.3
xdut.\$85__t1                      3.02984e-09
xdut.rel_256_n__t0                         3.3
xdut.vdd__t65                              3.3
xdut.\$87__t1                              3.3
xdut.hi_256_n__t0                            0
xdut.vdd__t64                              3.3
xdut.\$89__t1                              3.3
xdut.lo_256_n__t0                            0
xdut.vdd__t63                              3.3
xdut.vinn__t7                             1.65
xdut.\$83__t0                              3.3
xdut.\$90__t256                           1.65
xdut.vcm__t19                             1.65
xdut.\$85__t0                       2.9044e-09
xdut.\$90__t257                           1.65
xdut.vref__t16                             3.3
xdut.\$87__t0                              3.3
xdut.\$90__t258                           1.65
xdut.vss__t17                      5.04171e-10
xdut.\$89__t0                              3.3
xdut.\$90__t259                           1.65
xdut.\$92__t1                              3.3
xdut.sel_in__t15                             0
xdut.vdd__t57                              3.3
xdut.\$94__t1                      2.91505e-09
xdut.rel_128_n__t0                         3.3
xdut.vdd__t56                              3.3
xdut.\$96__t1                              3.3
xdut.hi_128_n__t0                            0
xdut.vdd__t55                              3.3
xdut.\$98__t1                              3.3
xdut.lo_128_n__t0                            0
xdut.vdd__t73                              3.3
xdut.vinn__t8                             1.65
xdut.\$92__t0                              3.3
xdut.\$99__t128                           1.65
xdut.vcm__t20                             1.65
xdut.\$94__t0                       2.7896e-09
xdut.\$99__t129                           1.65
xdut.vref__t17                             3.3
xdut.\$96__t0                              3.3
xdut.\$99__t130                           1.65
xdut.vss__t18                      3.61153e-10
xdut.\$98__t0                              3.3
xdut.\$99__t131                           1.65
xdut.\$100__t1                             3.3
xdut.sel_in__t7                              0
xdut.vdd__t26                              3.3
xdut.\$102__t1                     2.80053e-09
xdut.rel_64_n__t0                          3.3
xdut.vdd__t5                               3.3
xdut.\$104__t1                             3.3
xdut.hi_64_n__t0                             0
xdut.vdd__t11                              3.3
xdut.\$106__t1                             3.3
xdut.lo_64_n__t0                             0
xdut.vdd__t14                              3.3
xdut.vinn__t6                             1.65
xdut.\$100__t0                             3.3
xdut.\$107__t67                           1.65
xdut.vcm__t16                             1.65
xdut.\$102__t0                     2.67509e-09
xdut.\$107__t66                           1.65
xdut.vref__t14                             3.3
xdut.\$104__t0                             3.3
xdut.\$107__t65                           1.65
xdut.vss__t15                      2.20376e-10
xdut.\$106__t0                             3.3
xdut.\$107__t64                           1.65
xdut.\$108__t1                             3.3
xdut.sel_in__t3                              0
xdut.vdd__t1                               3.3
xdut.\$110__t1                     2.68692e-09
xdut.rel_32_n__t0                          3.3
xdut.vdd__t4                               3.3
xdut.\$112__t1                             3.3
xdut.hi_32_n__t0                             0
xdut.vdd__t2                               3.3
xdut.\$114__t1                             3.3
xdut.lo_32_n__t0                             0
xdut.vdd__t18                              3.3
xdut.vinn__t5                             1.65
xdut.\$108__t0                             3.3
xdut.\$115__t35                           1.65
xdut.vcm__t15                             1.65
xdut.\$110__t0                     2.56147e-09
xdut.\$115__t34                           1.65
xdut.vref__t13                             3.3
xdut.\$112__t0                             3.3
xdut.\$115__t33                           1.65
xdut.vss__t14                      9.26909e-11
xdut.\$114__t0                             3.3
xdut.\$115__t32                           1.65
xdut.\$116__t1                             3.3
xdut.sel_in__t5                              0
xdut.vdd__t17                              3.3
xdut.\$118__t1                       2.581e-09
xdut.rel_16_n__t0                          3.3
xdut.vdd__t16                              3.3
xdut.\$120__t1                             3.3
xdut.hi_16_n__t0                             0
xdut.vdd__t15                              3.3
xdut.\$122__t1                             3.3
xdut.lo_16_n__t0                             0
xdut.vdd__t9                               3.3
xdut.vinn__t4                             1.65
xdut.\$116__t0                             3.3
xdut.\$123__t18                           1.65
xdut.vcm__t17                             1.65
xdut.\$118__t0                     2.45556e-09
xdut.\$123__t19                           1.65
xdut.vref__t0                              3.3
xdut.\$120__t0                             3.3
xdut.\$123__t16                           1.65
xdut.vss__t9                       1.02513e-10
xdut.\$122__t0                             3.3
xdut.\$123__t17                           1.65
xdut.\$124__t1                             3.3
xdut.sel_in__t12                             0
xdut.vdd__t42                              3.3
xdut.\$126__t1                     2.61754e-09
xdut.rel_8_n__t0                           3.3
xdut.vdd__t52                              3.3
xdut.\$128__t1                             3.3
xdut.hi_8_n__t0                              0
xdut.vdd__t44                              3.3
xdut.\$130__t1                             3.3
xdut.lo_8_n__t0                              0
xdut.vdd__t45                              3.3
xdut.vinn__t2                             1.65
xdut.\$124__t0                             3.3
xdut.\$131__t11                           1.65
xdut.vcm__t11                             1.65
xdut.\$126__t0                      2.4921e-09
xdut.\$131__t10                           1.65
xdut.vref__t8                              3.3
xdut.\$128__t0                             3.3
xdut.\$131__t9                            1.65
xdut.vss__t3                       2.33061e-10
xdut.\$130__t0                             3.3
xdut.\$131__t8                            1.65
xdut.\$132__t1                             3.3
xdut.sel_in__t13                             0
xdut.vdd__t46                              3.3
xdut.\$134__t1                     2.72884e-09
xdut.rel_4_n__t0                           3.3
xdut.vdd__t47                              3.3
xdut.\$136__t1                             3.3
xdut.hi_4_n__t0                              0
xdut.vdd__t48                              3.3
xdut.\$138__t1                             3.3
xdut.lo_4_n__t0                              0
xdut.vdd__t49                              3.3
xdut.vinn__t0                             1.65
xdut.\$132__t0                             3.3
xdut.\$139__t4                            1.65
xdut.vcm__t8                              1.65
xdut.\$134__t0                      2.6034e-09
xdut.\$139__t5                            1.65
xdut.vref__t5                              3.3
xdut.\$136__t0                             3.3
xdut.\$139__t6                            1.65
xdut.vss__t7                        3.7419e-10
xdut.\$138__t0                             3.3
xdut.\$139__t7                            1.65
xdut.\$140__t1                             3.3
xdut.sel_in__t6                              0
xdut.vdd__t22                              3.3
xdut.\$142__t1                     2.84294e-09
xdut.rel_2_n__t0                           3.3
xdut.vdd__t23                              3.3
xdut.\$144__t1                             3.3
xdut.hi_2_n__t0                              0
xdut.vdd__t24                              3.3
xdut.\$146__t1                             3.3
xdut.lo_2_n__t0                              0
xdut.vdd__t25                              3.3
xdut.vinn__t1                             1.65
xdut.\$140__t0                             3.3
xdut.\$147__t2                            1.65
xdut.vcm__t9                              1.65
xdut.\$142__t0                      2.7175e-09
xdut.\$147__t3                            1.65
xdut.vref__t6                              3.3
xdut.\$144__t0                             3.3
xdut.\$147__t4                            1.65
xdut.vss__t8                        5.1731e-10
xdut.\$146__t0                             3.3
xdut.\$147__t5                            1.65
xdut.\$148__t1                             3.3
xdut.sel_in__t8                              0
xdut.vdd__t27                              3.3
xdut.\$150__t1                      2.9576e-09
xdut.rel_1_n__t0                           3.3
xdut.vdd__t28                              3.3
xdut.\$152__t1                             3.3
xdut.hi_1_n__t0                              0
xdut.vdd__t29                              3.3
xdut.\$154__t1                             3.3
xdut.lo_1_n__t0                              0
xdut.vdd__t30                              3.3
xdut.vinn__t3                             1.65
xdut.\$148__t0                             3.3
xdut.\$155__t4                            1.65
xdut.vcm__t10                             1.65
xdut.\$150__t0                     2.83216e-09
xdut.\$155__t1                            1.65
xdut.vref__t7                              3.3
xdut.\$152__t0                             3.3
xdut.\$155__t2                            1.65
xdut.vss__t10                       6.6113e-10
xdut.\$154__t0                             3.3
xdut.\$155__t3                            1.65
xdut.\$166__t1                             3.3
xdut.tp_gn__t0                               0
xdut.vdd__t36                              3.3
xdut.vcm__t3                              1.65
xdut.\$166__t0                             3.3
xdut.topp__t512                        1.34647
xdut.\$167__t1                             3.3
xdut.tp_gn__t1                               0
xdut.vdd__t37                              3.3
xdut.vcm__t2                              1.65
xdut.\$167__t0                             3.3
xdut.topn__t512                        1.42315
xdut.\$10__t248                           1.65
xdut.topp__t0                          1.34647
xdut.\$24__t1                             1.65
xdut.topp__t494                        1.34647
xdut.\$10__t247                           1.65
xdut.topp__t493                        1.34647
xdut.\$22__t3                             1.65
xdut.topp__t492                        1.34647
xdut.\$10__t246                           1.65
xdut.topp__t491                        1.34647
xdut.\$20__t7                             1.65
xdut.topp__t490                        1.34647
xdut.\$10__t245                           1.65
xdut.topp__t489                        1.34647
xdut.\$20__t6                             1.65
xdut.topp__t488                        1.34647
xdut.\$10__t244                           1.65
xdut.topp__t487                        1.34647
xdut.\$18__t15                            1.65
xdut.topp__t486                        1.34647
xdut.\$10__t243                           1.65
xdut.topp__t485                        1.34647
xdut.\$18__t14                            1.65
xdut.topp__t484                        1.34647
xdut.\$10__t242                           1.65
xdut.topp__t483                        1.34647
xdut.\$18__t13                            1.65
xdut.topp__t482                        1.34647
xdut.\$10__t249                           1.65
xdut.topp__t496                        1.34647
xdut.\$18__t12                            1.65
xdut.topp__t450                        1.34647
xdut.\$10__t257                           1.65
xdut.topp__t511                        1.34647
xdut.\$16__t30                            1.65
xdut.topp__t495                        1.34647
xdut.\$10__t198                           1.65
xdut.topp__t392                        1.34647
xdut.\$16__t27                            1.65
xdut.topp__t476                        1.34647
xdut.\$10__t233                           1.65
xdut.topp__t462                        1.34647
xdut.\$16__t25                            1.65
xdut.topp__t461                        1.34647
xdut.\$10__t232                           1.65
xdut.topp__t460                        1.34647
xdut.\$16__t24                            1.65
xdut.topp__t459                        1.34647
xdut.\$10__t231                           1.65
xdut.topp__t458                        1.34647
xdut.\$16__t26                            1.65
xdut.topp__t471                        1.34647
xdut.\$10__t256                           1.65
xdut.topp__t510                        1.34647
xdut.\$16__t31                            1.65
xdut.topp__t497                        1.34647
xdut.\$10__t241                           1.65
xdut.topp__t480                        1.34647
xdut.\$16__t29                            1.65
xdut.topp__t479                        1.34647
xdut.\$10__t240                           1.65
xdut.topp__t478                        1.34647
xdut.\$16__t28                            1.65
xdut.topp__t477                        1.34647
xdut.\$90__t252                           1.65
xdut.topn__t506                        1.42315
xdut.\$147__t1                            1.65
xdut.topn__t505                        1.42315
xdut.\$90__t173                           1.65
xdut.topn__t346                        1.42315
xdut.\$139__t3                            1.65
xdut.topn__t345                        1.42315
xdut.\$90__t172                           1.65
xdut.topn__t344                        1.42315
xdut.\$131__t7                            1.65
xdut.topn__t343                        1.42315
xdut.\$90__t171                           1.65
xdut.topn__t342                        1.42315
xdut.\$131__t6                            1.65
xdut.topn__t341                        1.42315
xdut.\$90__t170                           1.65
xdut.topn__t340                        1.42315
xdut.\$123__t9                            1.65
xdut.topn__t339                        1.42315
xdut.\$90__t169                           1.65
xdut.topn__t338                        1.42315
xdut.\$123__t12                           1.65
xdut.topn__t385                        1.42315
xdut.\$90__t199                           1.65
xdut.topn__t400                        1.42315
xdut.\$123__t7                            1.65
xdut.topn__t211                        1.42315
xdut.\$90__t176                           1.65
xdut.topn__t352                        1.42315
xdut.\$123__t10                           1.65
xdut.topn__t351                        1.42315
xdut.\$90__t175                           1.65
xdut.topn__t350                        1.42315
xdut.\$115__t22                           1.65
xdut.topn__t349                        1.42315
xdut.\$90__t174                           1.65
xdut.topn__t348                        1.42315
xdut.\$115__t21                           1.65
xdut.topn__t347                        1.42315
xdut.\$90__t137                           1.65
xdut.topn__t277                        1.42315
xdut.\$115__t15                           1.65
xdut.topn__t214                        1.42315
xdut.\$90__t113                           1.65
xdut.topn__t230                        1.42315
xdut.\$115__t19                           1.65
xdut.topn__t229                        1.42315
xdut.\$90__t112                           1.65
xdut.topn__t228                        1.42315
xdut.\$115__t18                           1.65
xdut.topn__t227                        1.42315
xdut.\$90__t111                           1.65
xdut.topn__t226                        1.42315
xdut.\$115__t20                           1.65
xdut.topn__t241                        1.42315
xdut.\$90__t109                           1.65
xdut.topn__t224                        1.42315
xdut.\$115__t17                           1.65
xdut.topn__t218                        1.42315
xdut.\$90__t105                           1.65
xdut.topn__t216                        1.42315
xdut.\$115__t16                           1.65
xdut.topn__t215                        1.42315
xdut.\$10__t229                           1.65
xdut.topp__t456                        1.34647
xdut.\$14__t50                            1.65
xdut.topp__t455                        1.34647
xdut.\$10__t228                           1.65
xdut.topp__t454                        1.34647
xdut.\$14__t49                            1.65
xdut.topp__t453                        1.34647
xdut.\$10__t227                           1.65
xdut.topp__t452                        1.34647
xdut.\$14__t48                            1.65
xdut.topp__t451                        1.34647
xdut.\$10__t250                           1.65
xdut.topp__t498                        1.34647
xdut.\$14__t58                            1.65
xdut.topp__t499                        1.34647
xdut.\$10__t251                           1.65
xdut.topp__t500                        1.34647
xdut.\$14__t59                            1.65
xdut.topp__t501                        1.34647
xdut.\$10__t252                           1.65
xdut.topp__t502                        1.34647
xdut.\$14__t60                            1.65
xdut.topp__t503                        1.34647
xdut.\$10__t253                           1.65
xdut.topp__t504                        1.34647
xdut.\$14__t61                            1.65
xdut.topp__t505                        1.34647
xdut.\$10__t254                           1.65
xdut.topp__t506                        1.34647
xdut.\$14__t62                            1.65
xdut.topp__t507                        1.34647
xdut.\$10__t255                           1.65
xdut.topp__t508                        1.34647
xdut.\$14__t63                            1.65
xdut.topp__t509                        1.34647
xdut.\$10__t197                           1.65
xdut.topp__t391                        1.34647
xdut.\$14__t56                            1.65
xdut.topp__t475                        1.34647
xdut.\$10__t239                           1.65
xdut.topp__t474                        1.34647
xdut.\$14__t55                            1.65
xdut.topp__t473                        1.34647
xdut.\$10__t238                           1.65
xdut.topp__t472                        1.34647
xdut.\$14__t57                            1.65
xdut.topp__t481                        1.34647
xdut.\$10__t237                           1.65
xdut.topp__t470                        1.34647
xdut.\$14__t54                            1.65
xdut.topp__t469                        1.34647
xdut.\$10__t236                           1.65
xdut.topp__t468                        1.34647
xdut.\$14__t53                            1.65
xdut.topp__t467                        1.34647
xdut.\$10__t235                           1.65
xdut.topp__t466                        1.34647
xdut.\$14__t52                            1.65
xdut.topp__t465                        1.34647
xdut.\$10__t234                           1.65
xdut.topp__t464                        1.34647
xdut.\$14__t51                            1.65
xdut.topp__t463                        1.34647
xdut.\$90__t251                           1.65
xdut.topn__t504                        1.42315
xdut.\$107__t63                           1.65
xdut.topn__t503                        1.42315
xdut.\$90__t103                           1.65
xdut.topn__t210                        1.42315
xdut.\$107__t31                           1.65
xdut.topn__t321                        1.42315
xdut.\$90__t184                           1.65
xdut.topn__t368                        1.42315
xdut.\$107__t38                           1.65
xdut.topn__t367                        1.42315
xdut.\$90__t183                           1.65
xdut.topn__t366                        1.42315
xdut.\$107__t37                           1.65
xdut.topn__t365                        1.42315
xdut.\$90__t182                           1.65
xdut.topn__t364                        1.42315
xdut.\$107__t36                           1.65
xdut.topn__t363                        1.42315
xdut.\$90__t181                           1.65
xdut.topn__t362                        1.42315
xdut.\$107__t35                           1.65
xdut.topn__t361                        1.42315
xdut.\$90__t180                           1.65
xdut.topn__t360                        1.42315
xdut.\$107__t34                           1.65
xdut.topn__t359                        1.42315
xdut.\$90__t179                           1.65
xdut.topn__t358                        1.42315
xdut.\$107__t33                           1.65
xdut.topn__t357                        1.42315
xdut.\$90__t178                           1.65
xdut.topn__t356                        1.42315
xdut.\$107__t32                           1.65
xdut.topn__t355                        1.42315
xdut.\$90__t177                           1.65
xdut.topn__t354                        1.42315
xdut.\$107__t39                           1.65
xdut.topn__t369                        1.42315
xdut.\$90__t136                           1.65
xdut.topn__t276                        1.42315
xdut.\$107__t17                           1.65
xdut.topn__t213                        1.42315
xdut.\$90__t104                           1.65
xdut.topn__t212                        1.42315
xdut.\$107__t25                           1.65
xdut.topn__t239                        1.42315
xdut.\$90__t117                           1.65
xdut.topn__t238                        1.42315
xdut.\$107__t24                           1.65
xdut.topn__t237                        1.42315
xdut.\$90__t116                           1.65
xdut.topn__t236                        1.42315
xdut.\$107__t23                           1.65
xdut.topn__t235                        1.42315
xdut.\$90__t115                           1.65
xdut.topn__t234                        1.42315
xdut.\$107__t22                           1.65
xdut.topn__t233                        1.42315
xdut.\$90__t114                           1.65
xdut.topn__t232                        1.42315
xdut.\$107__t21                           1.65
xdut.topn__t231                        1.42315
xdut.\$10__t168                           1.65
xdut.topp__t335                        1.34647
xdut.\$12__t91                            1.65
xdut.topp__t336                        1.34647
xdut.\$10__t169                           1.65
xdut.topp__t337                        1.34647
xdut.\$12__t92                            1.65
xdut.topp__t338                        1.34647
xdut.\$10__t170                           1.65
xdut.topp__t339                        1.34647
xdut.\$12__t93                            1.65
xdut.topp__t340                        1.34647
xdut.\$10__t171                           1.65
xdut.topp__t341                        1.34647
xdut.\$12__t94                            1.65
xdut.topp__t342                        1.34647
xdut.\$10__t172                           1.65
xdut.topp__t343                        1.34647
xdut.\$12__t95                            1.65
xdut.topp__t344                        1.34647
xdut.\$10__t173                           1.65
xdut.topp__t345                        1.34647
xdut.\$12__t96                            1.65
xdut.topp__t346                        1.34647
xdut.\$10__t174                           1.65
xdut.topp__t347                        1.34647
xdut.\$12__t97                            1.65
xdut.topp__t348                        1.34647
xdut.\$10__t175                           1.65
xdut.topp__t349                        1.34647
xdut.\$12__t106                           1.65
xdut.topp__t366                        1.34647
xdut.\$10__t176                           1.65
xdut.topp__t351                        1.34647
xdut.\$12__t99                            1.65
xdut.topp__t352                        1.34647
xdut.\$10__t177                           1.65
xdut.topp__t353                        1.34647
xdut.\$12__t100                           1.65
xdut.topp__t354                        1.34647
xdut.\$10__t178                           1.65
xdut.topp__t355                        1.34647
xdut.\$12__t101                           1.65
xdut.topp__t356                        1.34647
xdut.\$10__t179                           1.65
xdut.topp__t357                        1.34647
xdut.\$12__t102                           1.65
xdut.topp__t358                        1.34647
xdut.\$10__t180                           1.65
xdut.topp__t359                        1.34647
xdut.\$12__t103                           1.65
xdut.topp__t360                        1.34647
xdut.\$10__t181                           1.65
xdut.topp__t361                        1.34647
xdut.\$12__t104                           1.65
xdut.topp__t362                        1.34647
xdut.\$10__t182                           1.65
xdut.topp__t363                        1.34647
xdut.\$12__t105                           1.65
xdut.topp__t364                        1.34647
xdut.\$10__t183                           1.65
xdut.topp__t365                        1.34647
xdut.\$12__t98                            1.65
xdut.topp__t350                        1.34647
xdut.\$90__t153                           1.65
xdut.topn__t306                        1.42315
xdut.\$99__t81                            1.65
xdut.topn__t307                        1.42315
xdut.\$90__t154                           1.65
xdut.topn__t308                        1.42315
xdut.\$99__t82                            1.65
xdut.topn__t309                        1.42315
xdut.\$90__t155                           1.65
xdut.topn__t310                        1.42315
xdut.\$99__t83                            1.65
xdut.topn__t311                        1.42315
xdut.\$90__t156                           1.65
xdut.topn__t312                        1.42315
xdut.\$99__t84                            1.65
xdut.topn__t313                        1.42315
xdut.\$90__t157                           1.65
xdut.topn__t314                        1.42315
xdut.\$99__t85                            1.65
xdut.topn__t315                        1.42315
xdut.\$90__t158                           1.65
xdut.topn__t316                        1.42315
xdut.\$99__t86                            1.65
xdut.topn__t317                        1.42315
xdut.\$90__t159                           1.65
xdut.topn__t318                        1.42315
xdut.\$99__t87                            1.65
xdut.topn__t319                        1.42315
xdut.\$90__t160                           1.65
xdut.topn__t320                        1.42315
xdut.\$99__t95                            1.65
xdut.topn__t337                        1.42315
xdut.\$90__t161                           1.65
xdut.topn__t322                        1.42315
xdut.\$99__t88                            1.65
xdut.topn__t323                        1.42315
xdut.\$90__t162                           1.65
xdut.topn__t324                        1.42315
xdut.\$99__t89                            1.65
xdut.topn__t325                        1.42315
xdut.\$90__t163                           1.65
xdut.topn__t326                        1.42315
xdut.\$99__t90                            1.65
xdut.topn__t327                        1.42315
xdut.\$90__t164                           1.65
xdut.topn__t328                        1.42315
xdut.\$99__t91                            1.65
xdut.topn__t329                        1.42315
xdut.\$90__t165                           1.65
xdut.topn__t330                        1.42315
xdut.\$99__t92                            1.65
xdut.topn__t331                        1.42315
xdut.\$90__t166                           1.65
xdut.topn__t332                        1.42315
xdut.\$99__t93                            1.65
xdut.topn__t333                        1.42315
xdut.\$90__t167                           1.65
xdut.topn__t334                        1.42315
xdut.\$99__t94                            1.65
xdut.topn__t335                        1.42315
xdut.\$90__t168                           1.65
xdut.topn__t336                        1.42315
xdut.\$99__t96                            1.65
xdut.topn__t353                        1.42315
xdut.\$10__t66                            1.65
xdut.topp__t129                        1.34647
xdut.\$12__t34                            1.65
xdut.topp__t128                        1.34647
xdut.\$10__t67                            1.65
xdut.topp__t131                        1.34647
xdut.\$12__t35                            1.65
xdut.topp__t130                        1.34647
xdut.\$10__t65                            1.65
xdut.topp__t127                        1.34647
xdut.\$12__t33                            1.65
xdut.topp__t126                        1.34647
xdut.\$10__t92                            1.65
xdut.topp__t182                        1.34647
xdut.\$12__t36                            1.65
xdut.topp__t133                        1.34647
xdut.\$10__t68                            1.65
xdut.topp__t132                        1.34647
xdut.\$12__t53                            1.65
xdut.topp__t190                        1.34647
xdut.\$10__t87                            1.65
xdut.topp__t170                        1.34647
xdut.\$12__t42                            1.65
xdut.topp__t164                        1.34647
xdut.\$10__t81                            1.65
xdut.topp__t158                        1.34647
xdut.\$12__t46                            1.65
xdut.topp__t171                        1.34647
xdut.\$10__t84                            1.65
xdut.topp__t163                        1.34647
xdut.\$12__t41                            1.65
xdut.topp__t162                        1.34647
xdut.\$10__t83                            1.65
xdut.topp__t161                        1.34647
xdut.\$12__t40                            1.65
xdut.topp__t160                        1.34647
xdut.\$10__t136                           1.65
xdut.topp__t273                        1.34647
xdut.\$12__t117                           1.65
xdut.topp__t414                        1.34647
xdut.\$10__t199                           1.65
xdut.topp__t394                        1.34647
xdut.\$12__t112                           1.65
xdut.topp__t393                        1.34647
xdut.\$10__t218                           1.65
xdut.topp__t433                        1.34647
xdut.\$12__t126                           1.65
xdut.topp__t445                        1.34647
xdut.\$10__t223                           1.65
xdut.topp__t444                        1.34647
xdut.\$12__t125                           1.65
xdut.topp__t443                        1.34647
xdut.\$10__t194                           1.65
xdut.topp__t386                        1.34647
xdut.\$12__t109                           1.65
xdut.topp__t385                        1.34647
xdut.\$10__t193                           1.65
xdut.topp__t384                        1.34647
xdut.\$12__t108                           1.65
xdut.topp__t383                        1.34647
xdut.\$10__t192                           1.65
xdut.topp__t382                        1.34647
xdut.\$12__t107                           1.65
xdut.topp__t381                        1.34647
xdut.\$90__t202                           1.65
xdut.topn__t406                        1.42315
xdut.\$99__t99                            1.65
xdut.topn__t405                        1.42315
xdut.\$90__t56                            1.65
xdut.topn__t115                        1.42315
xdut.\$99__t29                            1.65
xdut.topn__t87                         1.42315
xdut.\$90__t58                            1.65
xdut.topn__t118                        1.42315
xdut.\$99__t14                            1.65
xdut.topn__t34                         1.42315
xdut.\$90__t51                            1.65
xdut.topn__t106                        1.42315
xdut.\$99__t35                            1.65
xdut.topn__t116                        1.42315
xdut.\$90__t50                            1.65
xdut.topn__t104                        1.42315
xdut.\$99__t36                            1.65
xdut.topn__t135                        1.42315
xdut.\$90__t57                            1.65
xdut.topn__t117                        1.42315
xdut.\$99__t112                           1.65
xdut.topn__t433                        1.42315
xdut.\$90__t11                            1.65
xdut.topn__t23                         1.42315
xdut.\$99__t8                             1.65
xdut.topn__t22                         1.42315
xdut.\$90__t10                            1.65
xdut.topn__t21                         1.42315
xdut.\$99__t10                            1.65
xdut.topn__t27                         1.42315
xdut.\$90__t13                            1.65
xdut.topn__t26                         1.42315
xdut.\$99__t9                             1.65
xdut.topn__t25                         1.42315
xdut.\$90__t12                            1.65
xdut.topn__t24                         1.42315
xdut.\$99__t17                            1.65
xdut.topn__t39                         1.42315
xdut.\$90__t185                           1.65
xdut.topn__t370                        1.42315
xdut.\$99__t19                            1.65
xdut.topn__t43                         1.42315
xdut.\$90__t20                            1.65
xdut.topn__t42                         1.42315
xdut.\$99__t18                            1.65
xdut.topn__t41                         1.42315
xdut.\$90__t19                            1.65
xdut.topn__t40                         1.42315
xdut.\$99__t37                            1.65
xdut.topn__t136                        1.42315
xdut.\$90__t84                            1.65
xdut.topn__t170                        1.42315
xdut.\$99__t43                            1.65
xdut.topn__t169                        1.42315
xdut.\$90__t83                            1.65
xdut.topn__t168                        1.42315
xdut.\$99__t22                            1.65
xdut.topn__t57                         1.42315
xdut.\$90__t26                            1.65
xdut.topn__t56                         1.42315
xdut.\$99__t20                            1.65
xdut.topn__t44                         1.42315
xdut.\$12__t0                             1.65
xdut.topp__t181                        1.34647
xdut.\$10__t91                            1.65
xdut.topp__t180                        1.34647
xdut.\$12__t51                            1.65
xdut.topp__t179                        1.34647
xdut.\$10__t90                            1.65
xdut.topp__t178                        1.34647
xdut.\$12__t50                            1.65
xdut.topp__t177                        1.34647
xdut.\$10__t89                            1.65
xdut.topp__t176                        1.34647
xdut.\$12__t49                            1.65
xdut.topp__t175                        1.34647
xdut.\$10__t88                            1.65
xdut.topp__t174                        1.34647
xdut.\$12__t48                            1.65
xdut.topp__t173                        1.34647
xdut.\$10__t94                            1.65
xdut.topp__t186                        1.34647
xdut.\$12__t39                            1.65
xdut.topp__t157                        1.34647
xdut.\$10__t80                            1.65
xdut.topp__t156                        1.34647
xdut.\$12__t38                            1.65
xdut.topp__t155                        1.34647
xdut.\$10__t79                            1.65
xdut.topp__t154                        1.34647
xdut.\$12__t43                            1.65
xdut.topp__t165                        1.34647
xdut.\$10__t82                            1.65
xdut.topp__t159                        1.34647
xdut.\$12__t52                            1.65
xdut.topp__t183                        1.34647
xdut.\$10__t85                            1.65
xdut.topp__t166                        1.34647
xdut.\$12__t90                            1.65
xdut.topp__t308                        1.34647
xdut.\$10__t208                           1.65
xdut.topp__t415                        1.34647
xdut.\$12__t124                           1.65
xdut.topp__t442                        1.34647
xdut.\$10__t222                           1.65
xdut.topp__t441                        1.34647
xdut.\$12__t123                           1.65
xdut.topp__t440                        1.34647
xdut.\$10__t191                           1.65
xdut.topp__t380                        1.34647
xdut.\$12__t111                           1.65
xdut.topp__t390                        1.34647
xdut.\$10__t190                           1.65
xdut.topp__t379                        1.34647
xdut.\$12__t122                           1.65
xdut.topp__t426                        1.34647
xdut.\$10__t214                           1.65
xdut.topp__t425                        1.34647
xdut.\$12__t121                           1.65
xdut.topp__t424                        1.34647
xdut.\$10__t213                           1.65
xdut.topp__t423                        1.34647
xdut.\$12__t120                           1.65
xdut.topp__t422                        1.34647
xdut.\$10__t212                           1.65
xdut.topp__t421                        1.34647
xdut.\$99__t113                           1.65
xdut.topn__t444                        1.42315
xdut.\$90__t203                           1.65
xdut.topn__t407                        1.42315
xdut.\$99__t34                            1.65
xdut.topn__t114                        1.42315
xdut.\$90__t55                            1.65
xdut.topn__t113                        1.42315
xdut.\$99__t33                            1.65
xdut.topn__t112                        1.42315
xdut.\$90__t54                            1.65
xdut.topn__t111                        1.42315
xdut.\$99__t32                            1.65
xdut.topn__t110                        1.42315
xdut.\$90__t53                            1.65
xdut.topn__t109                        1.42315
xdut.\$99__t31                            1.65
xdut.topn__t108                        1.42315
xdut.\$90__t52                            1.65
xdut.topn__t107                        1.42315
xdut.\$99__t30                            1.65
xdut.topn__t105                        1.42315
xdut.\$90__t217                           1.65
xdut.topn__t434                        1.42315
xdut.\$99__t7                             1.65
xdut.topn__t20                         1.42315
xdut.\$90__t9                             1.65
xdut.topn__t19                         1.42315
xdut.\$99__t6                             1.65
xdut.topn__t18                         1.42315
xdut.\$90__t4                             1.65
xdut.topn__t9                          1.42315
xdut.\$99__t21                            1.65
xdut.topn__t55                         1.42315
xdut.\$90__t33                            1.65
xdut.topn__t70                         1.42315
xdut.\$99__t28                            1.65
xdut.topn__t69                         1.42315
xdut.\$90__t14                            1.65
xdut.topn__t28                         1.42315
xdut.\$99__t97                            1.65
xdut.topn__t371                        1.42315
xdut.\$90__t82                            1.65
xdut.topn__t167                        1.42315
xdut.\$99__t42                            1.65
xdut.topn__t166                        1.42315
xdut.\$90__t81                            1.65
xdut.topn__t165                        1.42315
xdut.\$99__t41                            1.65
xdut.topn__t164                        1.42315
xdut.\$90__t80                            1.65
xdut.topn__t163                        1.42315
xdut.\$99__t40                            1.65
xdut.topn__t141                        1.42315
xdut.\$90__t86                            1.65
xdut.topn__t174                        1.42315
xdut.\$99__t44                            1.65
xdut.topn__t175                        1.42315
xdut.\$90__t28                            1.65
xdut.topn__t60                         1.42315
xdut.\$99__t23                            1.65
xdut.topn__t59                         1.42315
xdut.\$90__t27                            1.65
xdut.topn__t58                         1.42315
xdut.\$12__t47                            1.65
xdut.topp__t172                        1.34647
xdut.\$10__t69                            1.65
xdut.topp__t134                        1.34647
xdut.\$12__t32                            1.65
xdut.topp__t125                        1.34647
xdut.\$10__t64                            1.65
xdut.topp__t124                        1.34647
xdut.\$12__t31                            1.65
xdut.topp__t123                        1.34647
xdut.\$10__t63                            1.65
xdut.topp__t122                        1.34647
xdut.\$12__t30                            1.65
xdut.topp__t121                        1.34647
xdut.\$10__t62                            1.65
xdut.topp__t120                        1.34647
xdut.\$12__t44                            1.65
xdut.topp__t167                        1.34647
xdut.\$10__t95                            1.65
xdut.topp__t187                        1.34647
xdut.\$12__t45                            1.65
xdut.topp__t169                        1.34647
xdut.\$10__t86                            1.65
xdut.topp__t168                        1.34647
xdut.\$12__t37                            1.65
xdut.topp__t153                        1.34647
xdut.\$10__t78                            1.65
xdut.topp__t152                        1.34647
xdut.\$12__t119                           1.65
xdut.topp__t419                        1.34647
xdut.\$10__t230                           1.65
xdut.topp__t457                        1.34647
xdut.\$12__t118                           1.65
xdut.topp__t418                        1.34647
xdut.\$10__t210                           1.65
xdut.topp__t417                        1.34647
xdut.\$12__t74                            1.65
xdut.topp__t271                        1.34647
xdut.\$10__t225                           1.65
xdut.topp__t448                        1.34647
xdut.\$12__t127                           1.65
xdut.topp__t447                        1.34647
xdut.\$10__t224                           1.65
xdut.topp__t446                        1.34647
xdut.\$12__t115                           1.65
xdut.topp__t400                        1.34647
xdut.\$10__t202                           1.65
xdut.topp__t399                        1.34647
xdut.\$12__t114                           1.65
xdut.topp__t398                        1.34647
xdut.\$10__t201                           1.65
xdut.topp__t397                        1.34647
xdut.\$12__t113                           1.65
xdut.topp__t396                        1.34647
xdut.\$10__t200                           1.65
xdut.topp__t395                        1.34647
xdut.\$12__t116                           1.65
xdut.topp__t406                        1.34647
xdut.\$10__t196                           1.65
xdut.topp__t389                        1.34647
xdut.\$12__t110                           1.65
xdut.topp__t388                        1.34647
xdut.\$10__t195                           1.65
xdut.topp__t387                        1.34647
xdut.\$99__t100                           1.65
xdut.topn__t409                        1.42315
xdut.\$90__t204                           1.65
xdut.topn__t408                        1.42315
xdut.\$99__t16                            1.65
xdut.topn__t38                         1.42315
xdut.\$90__t18                            1.65
xdut.topn__t37                         1.42315
xdut.\$99__t15                            1.65
xdut.topn__t36                         1.42315
xdut.\$90__t17                            1.65
xdut.topn__t35                         1.42315
xdut.\$99__t13                            1.65
xdut.topn__t33                         1.42315
xdut.\$90__t16                            1.65
xdut.topn__t32                         1.42315
xdut.\$99__t12                            1.65
xdut.topn__t31                         1.42315
xdut.\$90__t15                            1.65
xdut.topn__t30                         1.42315
xdut.\$99__t11                            1.65
xdut.topn__t29                         1.42315
xdut.\$90__t218                           1.65
xdut.topn__t435                        1.42315
xdut.\$99__t5                             1.65
xdut.topn__t17                         1.42315
xdut.\$90__t8                             1.65
xdut.topn__t16                         1.42315
xdut.\$99__t4                             1.65
xdut.topn__t15                         1.42315
xdut.\$90__t7                             1.65
xdut.topn__t14                         1.42315
xdut.\$99__t3                             1.65
xdut.topn__t13                         1.42315
xdut.\$90__t6                             1.65
xdut.topn__t12                         1.42315
xdut.\$99__t2                             1.65
xdut.topn__t11                         1.42315
xdut.\$90__t5                             1.65
xdut.topn__t10                         1.42315
xdut.\$99__t98                            1.65
xdut.topn__t372                        1.42315
xdut.\$90__t87                            1.65
xdut.topn__t176                        1.42315
xdut.\$99__t45                            1.65
xdut.topn__t177                        1.42315
xdut.\$90__t88                            1.65
xdut.topn__t178                        1.42315
xdut.\$99__t27                            1.65
xdut.topn__t68                         1.42315
xdut.\$90__t32                            1.65
xdut.topn__t67                         1.42315
xdut.\$99__t26                            1.65
xdut.topn__t66                         1.42315
xdut.\$90__t31                            1.65
xdut.topn__t65                         1.42315
xdut.\$99__t25                            1.65
xdut.topn__t64                         1.42315
xdut.\$90__t30                            1.65
xdut.topn__t63                         1.42315
xdut.\$99__t24                            1.65
xdut.topn__t62                         1.42315
xdut.\$90__t29                            1.65
xdut.topn__t61                         1.42315
xdut.\$14__t19                            1.65
xdut.topp__t147                        1.34647
xdut.\$10__t75                            1.65
xdut.topp__t146                        1.34647
xdut.\$14__t18                            1.65
xdut.topp__t145                        1.34647
xdut.\$10__t74                            1.65
xdut.topp__t144                        1.34647
xdut.\$14__t17                            1.65
xdut.topp__t143                        1.34647
xdut.\$10__t73                            1.65
xdut.topp__t142                        1.34647
xdut.\$14__t16                            1.65
xdut.topp__t141                        1.34647
xdut.\$10__t72                            1.65
xdut.topp__t140                        1.34647
xdut.\$14__t15                            1.65
xdut.topp__t139                        1.34647
xdut.\$10__t96                            1.65
xdut.topp__t188                        1.34647
xdut.\$14__t22                            1.65
xdut.topp__t228                        1.34647
xdut.\$10__t118                           1.65
xdut.topp__t231                        1.34647
xdut.\$14__t23                            1.65
xdut.topp__t234                        1.34647
xdut.\$10__t116                           1.65
xdut.topp__t229                        1.34647
xdut.\$14__t21                            1.65
xdut.topp__t227                        1.34647
xdut.\$10__t115                           1.65
xdut.topp__t226                        1.34647
xdut.\$14__t20                            1.65
xdut.topp__t185                        1.34647
xdut.\$10__t93                            1.65
xdut.topp__t184                        1.34647
xdut.\$14__t28                            1.65
xdut.topp__t277                        1.34647
xdut.\$10__t221                           1.65
xdut.topp__t439                        1.34647
xdut.\$14__t47                            1.65
xdut.topp__t438                        1.34647
xdut.\$10__t220                           1.65
xdut.topp__t437                        1.34647
xdut.\$14__t46                            1.65
xdut.topp__t436                        1.34647
xdut.\$10__t219                           1.65
xdut.topp__t435                        1.34647
xdut.\$14__t45                            1.65
xdut.topp__t434                        1.34647
xdut.\$10__t226                           1.65
xdut.topp__t449                        1.34647
xdut.\$14__t44                            1.65
xdut.topp__t432                        1.34647
xdut.\$10__t217                           1.65
xdut.topp__t431                        1.34647
xdut.\$14__t43                            1.65
xdut.topp__t430                        1.34647
xdut.\$10__t216                           1.65
xdut.topp__t429                        1.34647
xdut.\$14__t42                            1.65
xdut.topp__t428                        1.34647
xdut.\$10__t215                           1.65
xdut.topp__t427                        1.34647
xdut.\$107__t53                           1.65
xdut.topn__t446                        1.42315
xdut.\$90__t224                           1.65
xdut.topn__t445                        1.42315
xdut.\$107__t4                            1.65
xdut.topn__t77                         1.42315
xdut.\$90__t37                            1.65
xdut.topn__t76                         1.42315
xdut.\$107__t3                            1.65
xdut.topn__t75                         1.42315
xdut.\$90__t36                            1.65
xdut.topn__t74                         1.42315
xdut.\$107__t2                            1.65
xdut.topn__t73                         1.42315
xdut.\$90__t35                            1.65
xdut.topn__t72                         1.42315
xdut.\$107__t8                            1.65
xdut.topn__t119                        1.42315
xdut.\$90__t66                            1.65
xdut.topn__t134                        1.42315
xdut.\$107__t9                            1.65
xdut.topn__t133                        1.42315
xdut.\$90__t219                           1.65
xdut.topn__t436                        1.42315
xdut.\$107__t0                            1.65
xdut.topn__t0                          1.42315
xdut.\$90__t48                            1.65
xdut.topn__t102                        1.42315
xdut.\$107__t7                            1.65
xdut.topn__t101                        1.42315
xdut.\$90__t47                            1.65
xdut.topn__t100                        1.42315
xdut.\$107__t6                            1.65
xdut.topn__t99                         1.42315
xdut.\$90__t46                            1.65
xdut.topn__t98                         1.42315
xdut.\$107__t5                            1.65
xdut.topn__t97                         1.42315
xdut.\$90__t45                            1.65
xdut.topn__t96                         1.42315
xdut.\$107__t40                           1.65
xdut.topn__t373                        1.42315
xdut.\$90__t79                            1.65
xdut.topn__t162                        1.42315
xdut.\$107__t14                           1.65
xdut.topn__t161                        1.42315
xdut.\$90__t78                            1.65
xdut.topn__t160                        1.42315
xdut.\$107__t13                           1.65
xdut.topn__t159                        1.42315
xdut.\$90__t77                            1.65
xdut.topn__t158                        1.42315
xdut.\$107__t12                           1.65
xdut.topn__t147                        1.42315
xdut.\$90__t71                            1.65
xdut.topn__t146                        1.42315
xdut.\$107__t11                           1.65
xdut.topn__t145                        1.42315
xdut.\$90__t70                            1.65
xdut.topn__t144                        1.42315
xdut.\$107__t10                           1.65
xdut.topn__t143                        1.42315
xdut.\$90__t69                            1.65
xdut.topn__t142                        1.42315
xdut.\$16__t10                            1.65
xdut.topp__t199                        1.34647
xdut.\$10__t77                            1.65
xdut.topp__t150                        1.34647
xdut.\$16__t9                             1.65
xdut.topp__t149                        1.34647
xdut.\$10__t76                            1.65
xdut.topp__t148                        1.34647
xdut.\$16__t8                             1.65
xdut.topp__t138                        1.34647
xdut.\$10__t111                           1.65
xdut.topp__t220                        1.34647
xdut.\$16__t12                            1.65
xdut.topp__t219                        1.34647
xdut.\$10__t110                           1.65
xdut.topp__t218                        1.34647
xdut.\$16__t11                            1.65
xdut.topp__t217                        1.34647
xdut.\$10__t97                            1.65
xdut.topp__t189                        1.34647
xdut.\$16__t13                            1.65
xdut.topp__t233                        1.34647
xdut.\$10__t119                           1.65
xdut.topp__t232                        1.34647
xdut.\$16__t16                            1.65
xdut.topp__t247                        1.34647
xdut.\$10__t117                           1.65
xdut.topp__t230                        1.34647
xdut.\$16__t15                            1.65
xdut.topp__t246                        1.34647
xdut.\$10__t125                           1.65
xdut.topp__t245                        1.34647
xdut.\$18__t7                             1.65
xdut.topp__t244                        1.34647
xdut.\$10__t124                           1.65
xdut.topp__t243                        1.34647
xdut.\$18__t9                             1.65
xdut.topp__t274                        1.34647
xdut.\$10__t189                           1.65
xdut.topp__t378                        1.34647
xdut.\$18__t11                            1.65
xdut.topp__t377                        1.34647
xdut.\$10__t188                           1.65
xdut.topp__t376                        1.34647
xdut.\$18__t10                            1.65
xdut.topp__t375                        1.34647
xdut.\$10__t187                           1.65
xdut.topp__t374                        1.34647
xdut.\$20__t5                             1.65
xdut.topp__t373                        1.34647
xdut.\$10__t186                           1.65
xdut.topp__t372                        1.34647
xdut.\$20__t4                             1.65
xdut.topp__t371                        1.34647
xdut.\$10__t185                           1.65
xdut.topp__t370                        1.34647
xdut.\$22__t2                             1.65
xdut.topp__t369                        1.34647
xdut.\$10__t184                           1.65
xdut.topp__t368                        1.34647
xdut.\$26__t0                             1.65
xdut.topp__t367                        1.34647
xdut.\$10__t209                           1.65
xdut.topp__t416                        1.34647
xdut.\$115__t24                           1.65
xdut.topn__t443                        1.42315
xdut.\$90__t223                           1.65
xdut.topn__t442                        1.42315
xdut.\$115__t8                            1.65
xdut.topn__t123                        1.42315
xdut.\$90__t60                            1.65
xdut.topn__t122                        1.42315
xdut.\$115__t7                            1.65
xdut.topn__t121                        1.42315
xdut.\$90__t59                            1.65
xdut.topn__t120                        1.42315
xdut.\$115__t3                            1.65
xdut.topn__t82                         1.42315
xdut.\$90__t39                            1.65
xdut.topn__t81                         1.42315
xdut.\$115__t2                            1.65
xdut.topn__t80                         1.42315
xdut.\$90__t38                            1.65
xdut.topn__t79                         1.42315
xdut.\$115__t1                            1.65
xdut.topn__t78                         1.42315
xdut.\$90__t220                           1.65
xdut.topn__t437                        1.42315
xdut.\$115__t5                            1.65
xdut.topn__t94                         1.42315
xdut.\$90__t44                            1.65
xdut.topn__t93                         1.42315
xdut.\$115__t4                            1.65
xdut.topn__t92                         1.42315
xdut.\$90__t43                            1.65
xdut.topn__t91                         1.42315
xdut.\$123__t4                            1.65
xdut.topn__t90                         1.42315
xdut.\$90__t42                            1.65
xdut.topn__t89                         1.42315
xdut.\$123__t3                            1.65
xdut.topn__t88                         1.42315
xdut.\$90__t49                            1.65
xdut.topn__t103                        1.42315
xdut.\$123__t11                           1.65
xdut.topn__t374                        1.42315
xdut.\$90__t34                            1.65
xdut.topn__t71                         1.42315
xdut.\$123__t0                            1.65
xdut.topn__t54                         1.42315
xdut.\$90__t25                            1.65
xdut.topn__t53                         1.42315
xdut.\$131__t1                            1.65
xdut.topn__t52                         1.42315
xdut.\$90__t24                            1.65
xdut.topn__t51                         1.42315
xdut.\$131__t0                            1.65
xdut.topn__t50                         1.42315
xdut.\$90__t23                            1.65
xdut.topn__t49                         1.42315
xdut.\$139__t0                            1.65
xdut.topn__t48                         1.42315
xdut.\$90__t22                            1.65
xdut.topn__t47                         1.42315
xdut.\$155__t0                            1.65
xdut.topn__t46                         1.42315
xdut.\$90__t21                            1.65
xdut.topn__t45                         1.42315
xdut.\$10__t112                           1.65
xdut.topp__t222                        1.34647
xdut.vcm__t0                              1.65
xdut.topp__t221                        1.34647
xdut.\$10__t109                           1.65
xdut.topp__t216                        1.34647
xdut.\$22__t1                             1.65
xdut.topp__t137                        1.34647
xdut.\$10__t71                            1.65
xdut.topp__t136                        1.34647
xdut.\$20__t2                             1.65
xdut.topp__t151                        1.34647
xdut.\$10__t114                           1.65
xdut.topp__t225                        1.34647
xdut.\$20__t3                             1.65
xdut.topp__t224                        1.34647
xdut.\$10__t113                           1.65
xdut.topp__t223                        1.34647
xdut.\$18__t3                             1.65
xdut.topp__t191                        1.34647
xdut.\$10__t123                           1.65
xdut.topp__t242                        1.34647
xdut.\$18__t6                             1.65
xdut.topp__t241                        1.34647
xdut.\$10__t122                           1.65
xdut.topp__t240                        1.34647
xdut.\$18__t5                             1.65
xdut.topp__t239                        1.34647
xdut.\$10__t121                           1.65
xdut.topp__t238                        1.34647
xdut.\$18__t4                             1.65
xdut.topp__t237                        1.34647
xdut.\$10__t120                           1.65
xdut.topp__t236                        1.34647
xdut.\$16__t14                            1.65
xdut.topp__t235                        1.34647
xdut.\$10__t135                           1.65
xdut.topp__t269                        1.34647
xdut.\$16__t23                            1.65
xdut.topp__t413                        1.34647
xdut.\$10__t207                           1.65
xdut.topp__t412                        1.34647
xdut.\$16__t22                            1.65
xdut.topp__t411                        1.34647
xdut.\$10__t206                           1.65
xdut.topp__t410                        1.34647
xdut.\$16__t21                            1.65
xdut.topp__t409                        1.34647
xdut.\$10__t205                           1.65
xdut.topp__t408                        1.34647
xdut.\$16__t20                            1.65
xdut.topp__t407                        1.34647
xdut.\$10__t211                           1.65
xdut.topp__t420                        1.34647
xdut.\$16__t19                            1.65
xdut.topp__t405                        1.34647
xdut.\$10__t204                           1.65
xdut.topp__t404                        1.34647
xdut.\$16__t18                            1.65
xdut.topp__t403                        1.34647
xdut.\$10__t203                           1.65
xdut.topp__t402                        1.34647
xdut.\$16__t17                            1.65
xdut.topp__t401                        1.34647
xdut.\$90__t222                           1.65
xdut.topn__t441                        1.42315
xdut.vcm__t1                              1.65
xdut.topn__t440                        1.42315
xdut.\$90__t65                            1.65
xdut.topn__t132                        1.42315
xdut.\$139__t1                            1.65
xdut.topn__t131                        1.42315
xdut.\$90__t64                            1.65
xdut.topn__t130                        1.42315
xdut.\$131__t3                            1.65
xdut.topn__t129                        1.42315
xdut.\$90__t63                            1.65
xdut.topn__t128                        1.42315
xdut.\$131__t2                            1.65
xdut.topn__t127                        1.42315
xdut.\$90__t62                            1.65
xdut.topn__t126                        1.42315
xdut.\$123__t5                            1.65
xdut.topn__t125                        1.42315
xdut.\$90__t61                            1.65
xdut.topn__t124                        1.42315
xdut.\$123__t13                           1.65
xdut.topn__t438                        1.42315
xdut.\$90__t41                            1.65
xdut.topn__t85                         1.42315
xdut.\$123__t1                            1.65
xdut.topn__t84                         1.42315
xdut.\$90__t40                            1.65
xdut.topn__t83                         1.42315
xdut.\$123__t2                            1.65
xdut.topn__t86                         1.42315
xdut.\$90__t212                           1.65
xdut.topn__t423                        1.42315
xdut.\$115__t23                           1.65
xdut.topn__t402                        1.42315
xdut.\$90__t200                           1.65
xdut.topn__t403                        1.42315
xdut.\$115__t6                            1.65
xdut.topn__t95                         1.42315
xdut.\$90__t186                           1.65
xdut.topn__t375                        1.42315
xdut.\$115__t13                           1.65
xdut.topn__t157                        1.42315
xdut.\$90__t76                            1.65
xdut.topn__t156                        1.42315
xdut.\$115__t14                           1.65
xdut.topn__t171                        1.42315
xdut.\$90__t75                            1.65
xdut.topn__t155                        1.42315
xdut.\$115__t12                           1.65
xdut.topn__t154                        1.42315
xdut.\$90__t74                            1.65
xdut.topn__t153                        1.42315
xdut.\$115__t11                           1.65
xdut.topn__t152                        1.42315
xdut.\$90__t73                            1.65
xdut.topn__t151                        1.42315
xdut.\$115__t10                           1.65
xdut.topn__t150                        1.42315
xdut.\$90__t72                            1.65
xdut.topn__t149                        1.42315
xdut.\$115__t9                            1.65
xdut.topn__t148                        1.42315
xdut.\$10__t134                           1.65
xdut.topp__t267                        1.34647
xdut.\$14__t26                            1.65
xdut.topp__t266                        1.34647
xdut.\$10__t133                           1.65
xdut.topp__t265                        1.34647
xdut.\$14__t25                            1.65
xdut.topp__t264                        1.34647
xdut.\$10__t139                           1.65
xdut.topp__t279                        1.34647
xdut.\$14__t24                            1.65
xdut.topp__t263                        1.34647
xdut.\$10__t161                           1.65
xdut.topp__t322                        1.34647
xdut.\$14__t36                            1.65
xdut.topp__t323                        1.34647
xdut.\$10__t162                           1.65
xdut.topp__t324                        1.34647
xdut.\$14__t41                            1.65
xdut.topp__t334                        1.34647
xdut.\$10__t164                           1.65
xdut.topp__t326                        1.34647
xdut.\$14__t37                            1.65
xdut.topp__t327                        1.34647
xdut.\$10__t165                           1.65
xdut.topp__t328                        1.34647
xdut.\$14__t38                            1.65
xdut.topp__t329                        1.34647
xdut.\$10__t166                           1.65
xdut.topp__t330                        1.34647
xdut.\$14__t39                            1.65
xdut.topp__t331                        1.34647
xdut.\$10__t167                           1.65
xdut.topp__t332                        1.34647
xdut.\$14__t40                            1.65
xdut.topp__t333                        1.34647
xdut.\$10__t163                           1.65
xdut.topp__t325                        1.34647
xdut.\$14__t35                            1.65
xdut.topp__t321                        1.34647
xdut.\$10__t160                           1.65
xdut.topp__t320                        1.34647
xdut.\$14__t34                            1.65
xdut.topp__t319                        1.34647
xdut.\$10__t159                           1.65
xdut.topp__t318                        1.34647
xdut.\$14__t33                            1.65
xdut.topp__t317                        1.34647
xdut.\$10__t158                           1.65
xdut.topp__t316                        1.34647
xdut.\$14__t32                            1.65
xdut.topp__t315                        1.34647
xdut.\$10__t157                           1.65
xdut.topp__t314                        1.34647
xdut.\$14__t31                            1.65
xdut.topp__t313                        1.34647
xdut.\$10__t156                           1.65
xdut.topp__t312                        1.34647
xdut.\$14__t30                            1.65
xdut.topp__t311                        1.34647
xdut.\$10__t155                           1.65
xdut.topp__t310                        1.34647
xdut.\$14__t29                            1.65
xdut.topp__t309                        1.34647
xdut.\$90__t85                            1.65
xdut.topn__t173                        1.42315
xdut.\$107__t15                           1.65
xdut.topn__t172                        1.42315
xdut.\$90__t187                           1.65
xdut.topn__t376                        1.42315
xdut.\$107__t41                           1.65
xdut.topn__t377                        1.42315
xdut.\$90__t188                           1.65
xdut.topn__t378                        1.42315
xdut.\$107__t42                           1.65
xdut.topn__t379                        1.42315
xdut.\$90__t189                           1.65
xdut.topn__t380                        1.42315
xdut.\$107__t43                           1.65
xdut.topn__t381                        1.42315
xdut.\$90__t190                           1.65
xdut.topn__t382                        1.42315
xdut.\$107__t44                           1.65
xdut.topn__t383                        1.42315
xdut.\$90__t191                           1.65
xdut.topn__t384                        1.42315
xdut.\$107__t52                           1.65
xdut.topn__t401                        1.42315
xdut.\$90__t192                           1.65
xdut.topn__t386                        1.42315
xdut.\$107__t45                           1.65
xdut.topn__t387                        1.42315
xdut.\$90__t193                           1.65
xdut.topn__t388                        1.42315
xdut.\$107__t46                           1.65
xdut.topn__t389                        1.42315
xdut.\$90__t194                           1.65
xdut.topn__t390                        1.42315
xdut.\$107__t47                           1.65
xdut.topn__t391                        1.42315
xdut.\$90__t195                           1.65
xdut.topn__t392                        1.42315
xdut.\$107__t48                           1.65
xdut.topn__t393                        1.42315
xdut.\$90__t196                           1.65
xdut.topn__t394                        1.42315
xdut.\$107__t49                           1.65
xdut.topn__t395                        1.42315
xdut.\$90__t197                           1.65
xdut.topn__t396                        1.42315
xdut.\$107__t50                           1.65
xdut.topn__t397                        1.42315
xdut.\$90__t198                           1.65
xdut.topn__t398                        1.42315
xdut.\$107__t51                           1.65
xdut.topn__t399                        1.42315
xdut.\$90__t106                           1.65
xdut.topn__t217                        1.42315
xdut.\$107__t18                           1.65
xdut.topn__t219                        1.42315
xdut.\$90__t107                           1.65
xdut.topn__t220                        1.42315
xdut.\$107__t19                           1.65
xdut.topn__t221                        1.42315
xdut.\$90__t108                           1.65
xdut.topn__t222                        1.42315
xdut.\$107__t20                           1.65
xdut.topn__t223                        1.42315
xdut.\$10__t19                            1.65
xdut.topp__t36                         1.34647
xdut.\$12__t63                            1.65
xdut.topp__t210                        1.34647
xdut.\$10__t105                           1.65
xdut.topp__t209                        1.34647
xdut.\$12__t62                            1.65
xdut.topp__t208                        1.34647
xdut.\$10__t22                            1.65
xdut.topp__t41                         1.34647
xdut.\$12__t10                            1.65
xdut.topp__t40                         1.34647
xdut.\$10__t21                            1.65
xdut.topp__t39                         1.34647
xdut.\$12__t9                             1.65
xdut.topp__t38                         1.34647
xdut.\$10__t20                            1.65
xdut.topp__t37                         1.34647
xdut.\$12__t26                            1.65
xdut.topp__t110                        1.34647
xdut.\$10__t104                           1.65
xdut.topp__t207                        1.34647
xdut.\$12__t61                            1.65
xdut.topp__t205                        1.34647
xdut.\$10__t102                           1.65
xdut.topp__t204                        1.34647
xdut.\$12__t60                            1.65
xdut.topp__t203                        1.34647
xdut.\$10__t103                           1.65
xdut.topp__t206                        1.34647
xdut.\$12__t58                            1.65
xdut.topp__t201                        1.34647
xdut.\$10__t101                           1.65
xdut.topp__t200                        1.34647
xdut.\$12__t54                            1.65
xdut.topp__t193                        1.34647
xdut.\$10__t138                           1.65
xdut.topp__t278                        1.34647
xdut.\$12__t27                            1.65
xdut.topp__t112                        1.34647
xdut.\$10__t132                           1.65
xdut.topp__t262                        1.34647
xdut.\$12__t89                            1.65
xdut.topp__t307                        1.34647
xdut.\$10__t147                           1.65
xdut.topp__t293                        1.34647
xdut.\$12__t82                            1.65
xdut.topp__t292                        1.34647
xdut.\$10__t146                           1.65
xdut.topp__t291                        1.34647
xdut.\$12__t17                            1.65
xdut.topp__t89                         1.34647
xdut.\$10__t45                            1.65
xdut.topp__t88                         1.34647
xdut.\$12__t15                            1.65
xdut.topp__t74                         1.34647
xdut.\$10__t38                            1.65
xdut.topp__t73                         1.34647
xdut.\$12__t29                            1.65
xdut.topp__t115                        1.34647
xdut.\$10__t58                            1.65
xdut.topp__t114                        1.34647
xdut.\$12__t28                            1.65
xdut.topp__t113                        1.34647
xdut.\$90__t2                             1.65
xdut.topn__t6                          1.42315
xdut.\$99__t1                             1.65
xdut.topn__t5                          1.42315
xdut.\$90__t233                           1.65
xdut.topn__t465                        1.42315
xdut.\$99__t118                           1.65
xdut.topn__t466                        1.42315
xdut.\$90__t234                           1.65
xdut.topn__t467                        1.42315
xdut.\$99__t119                           1.65
xdut.topn__t468                        1.42315
xdut.\$90__t235                           1.65
xdut.topn__t469                        1.42315
xdut.\$99__t120                           1.65
xdut.topn__t470                        1.42315
xdut.\$90__t206                           1.65
xdut.topn__t412                        1.42315
xdut.\$99__t101                           1.65
xdut.topn__t410                        1.42315
xdut.\$90__t205                           1.65
xdut.topn__t411                        1.42315
xdut.\$99__t72                            1.65
xdut.topn__t273                        1.42315
xdut.\$90__t216                           1.65
xdut.topn__t431                        1.42315
xdut.\$99__t111                           1.65
xdut.topn__t432                        1.42315
xdut.\$90__t221                           1.65
xdut.topn__t439                        1.42315
xdut.\$99__t107                           1.65
xdut.topn__t424                        1.42315
xdut.\$90__t213                           1.65
xdut.topn__t425                        1.42315
xdut.\$99__t108                           1.65
xdut.topn__t426                        1.42315
xdut.\$90__t214                           1.65
xdut.topn__t427                        1.42315
xdut.\$99__t109                           1.65
xdut.topn__t428                        1.42315
xdut.\$90__t118                           1.65
xdut.topn__t240                        1.42315
xdut.\$99__t51                            1.65
xdut.topn__t189                        1.42315
xdut.\$90__t97                            1.65
xdut.topn__t201                        1.42315
xdut.\$99__t74                            1.65
xdut.topn__t279                        1.42315
xdut.\$90__t145                           1.65
xdut.topn__t291                        1.42315
xdut.\$99__t79                            1.65
xdut.topn__t303                        1.42315
xdut.\$90__t89                            1.65
xdut.topn__t183                        1.42315
xdut.\$99__t48                            1.65
xdut.topn__t184                        1.42315
xdut.\$90__t90                            1.65
xdut.topn__t185                        1.42315
xdut.\$99__t49                            1.65
xdut.topn__t186                        1.42315
xdut.\$90__t91                            1.65
xdut.topn__t187                        1.42315
xdut.\$99__t50                            1.65
xdut.topn__t188                        1.42315
xdut.\$10__t18                            1.65
xdut.topp__t35                         1.34647
xdut.\$12__t8                             1.65
xdut.topp__t34                         1.34647
xdut.\$10__t17                            1.65
xdut.topp__t33                         1.34647
xdut.\$12__t7                             1.65
xdut.topp__t32                         1.34647
xdut.\$10__t70                            1.65
xdut.topp__t135                        1.34647
xdut.\$12__t65                            1.65
xdut.topp__t214                        1.34647
xdut.\$10__t107                           1.65
xdut.topp__t213                        1.34647
xdut.\$12__t64                            1.65
xdut.topp__t212                        1.34647
xdut.\$10__t106                           1.65
xdut.topp__t211                        1.34647
xdut.\$12__t6                             1.65
xdut.topp__t29                         1.34647
xdut.\$10__t108                           1.65
xdut.topp__t215                        1.34647
xdut.\$12__t57                            1.65
xdut.topp__t198                        1.34647
xdut.\$10__t100                           1.65
xdut.topp__t197                        1.34647
xdut.\$12__t56                            1.65
xdut.topp__t196                        1.34647
xdut.\$10__t99                            1.65
xdut.topp__t195                        1.34647
xdut.\$12__t55                            1.65
xdut.topp__t194                        1.34647
xdut.\$10__t98                            1.65
xdut.topp__t192                        1.34647
xdut.\$12__t59                            1.65
xdut.topp__t202                        1.34647
xdut.\$10__t137                           1.65
xdut.topp__t276                        1.34647
xdut.\$12__t73                            1.65
xdut.topp__t261                        1.34647
xdut.\$10__t131                           1.65
xdut.topp__t260                        1.34647
xdut.\$12__t72                            1.65
xdut.topp__t259                        1.34647
xdut.\$10__t130                           1.65
xdut.topp__t258                        1.34647
xdut.\$12__t71                            1.65
xdut.topp__t257                        1.34647
xdut.\$10__t129                           1.65
xdut.topp__t256                        1.34647
xdut.\$12__t70                            1.65
xdut.topp__t255                        1.34647
xdut.\$10__t128                           1.65
xdut.topp__t254                        1.34647
xdut.\$12__t69                            1.65
xdut.topp__t253                        1.34647
xdut.\$10__t127                           1.65
xdut.topp__t252                        1.34647
xdut.\$12__t68                            1.65
xdut.topp__t251                        1.34647
xdut.\$10__t126                           1.65
xdut.topp__t250                        1.34647
xdut.\$12__t67                            1.65
xdut.topp__t249                        1.34647
xdut.\$90__t68                            1.65
xdut.topn__t138                        1.42315
xdut.\$99__t38                            1.65
xdut.topn__t139                        1.42315
xdut.\$90__t207                           1.65
xdut.topn__t413                        1.42315
xdut.\$99__t102                           1.65
xdut.topn__t414                        1.42315
xdut.\$90__t208                           1.65
xdut.topn__t415                        1.42315
xdut.\$99__t103                           1.65
xdut.topn__t416                        1.42315
xdut.\$90__t253                           1.65
xdut.topn__t507                        1.42315
xdut.\$99__t126                           1.65
xdut.topn__t508                        1.42315
xdut.\$90__t254                           1.65
xdut.topn__t509                        1.42315
xdut.\$99__t127                           1.65
xdut.topn__t511                        1.42315
xdut.\$90__t201                           1.65
xdut.topn__t404                        1.42315
xdut.\$99__t65                            1.65
xdut.topn__t259                        1.42315
xdut.\$90__t209                           1.65
xdut.topn__t417                        1.42315
xdut.\$99__t104                           1.65
xdut.topn__t418                        1.42315
xdut.\$90__t210                           1.65
xdut.topn__t419                        1.42315
xdut.\$99__t105                           1.65
xdut.topn__t420                        1.42315
xdut.\$90__t211                           1.65
xdut.topn__t421                        1.42315
xdut.\$99__t106                           1.65
xdut.topn__t422                        1.42315
xdut.\$90__t215                           1.65
xdut.topn__t429                        1.42315
xdut.\$99__t110                           1.65
xdut.topn__t430                        1.42315
xdut.\$90__t110                           1.65
xdut.topn__t225                        1.42315
xdut.\$99__t52                            1.65
xdut.topn__t190                        1.42315
xdut.\$90__t92                            1.65
xdut.topn__t191                        1.42315
xdut.\$99__t53                            1.65
xdut.topn__t192                        1.42315
xdut.\$90__t102                           1.65
xdut.topn__t209                        1.42315
xdut.\$99__t54                            1.65
xdut.topn__t194                        1.42315
xdut.\$90__t94                            1.65
xdut.topn__t195                        1.42315
xdut.\$99__t55                            1.65
xdut.topn__t196                        1.42315
xdut.\$90__t95                            1.65
xdut.topn__t197                        1.42315
xdut.\$99__t56                            1.65
xdut.topn__t198                        1.42315
xdut.\$90__t96                            1.65
xdut.topn__t199                        1.42315
xdut.\$99__t57                            1.65
xdut.topn__t200                        1.42315
xdut.\$12__t25                            1.65
xdut.topp__t108                        1.34647
xdut.\$10__t61                            1.65
xdut.topp__t119                        1.34647
xdut.\$12__t24                            1.65
xdut.topp__t106                        1.34647
xdut.\$10__t55                            1.65
xdut.topp__t105                        1.34647
xdut.\$12__t23                            1.65
xdut.topp__t104                        1.34647
xdut.\$10__t54                            1.65
xdut.topp__t103                        1.34647
xdut.\$12__t22                            1.65
xdut.topp__t102                        1.34647
xdut.\$10__t53                            1.65
xdut.topp__t101                        1.34647
xdut.\$12__t21                            1.65
xdut.topp__t100                        1.34647
xdut.\$10__t52                            1.65
xdut.topp__t99                         1.34647
xdut.\$12__t20                            1.65
xdut.topp__t98                         1.34647
xdut.\$10__t51                            1.65
xdut.topp__t97                         1.34647
xdut.\$12__t19                            1.65
xdut.topp__t96                         1.34647
xdut.\$10__t50                            1.65
xdut.topp__t95                         1.34647
xdut.\$12__t18                            1.65
xdut.topp__t94                         1.34647
xdut.\$10__t49                            1.65
xdut.topp__t93                         1.34647
xdut.\$12__t16                            1.65
xdut.topp__t77                         1.34647
xdut.\$10__t16                            1.65
xdut.topp__t30                         1.34647
xdut.\$12__t76                            1.65
xdut.topp__t275                        1.34647
xdut.\$10__t154                           1.65
xdut.topp__t306                        1.34647
xdut.\$12__t88                            1.65
xdut.topp__t305                        1.34647
xdut.\$10__t153                           1.65
xdut.topp__t304                        1.34647
xdut.\$12__t87                            1.65
xdut.topp__t303                        1.34647
xdut.\$10__t152                           1.65
xdut.topp__t302                        1.34647
xdut.\$12__t86                            1.65
xdut.topp__t301                        1.34647
xdut.\$10__t151                           1.65
xdut.topp__t300                        1.34647
xdut.\$12__t85                            1.65
xdut.topp__t299                        1.34647
xdut.\$10__t150                           1.65
xdut.topp__t298                        1.34647
xdut.\$12__t84                            1.65
xdut.topp__t297                        1.34647
xdut.\$10__t149                           1.65
xdut.topp__t296                        1.34647
xdut.\$12__t83                            1.65
xdut.topp__t295                        1.34647
xdut.\$10__t148                           1.65
xdut.topp__t294                        1.34647
xdut.\$99__t39                            1.65
xdut.topn__t140                        1.42315
xdut.\$90__t67                            1.65
xdut.topn__t137                        1.42315
xdut.\$99__t66                            1.65
xdut.topn__t262                        1.42315
xdut.\$90__t130                           1.65
xdut.topn__t263                        1.42315
xdut.\$99__t67                            1.65
xdut.topn__t264                        1.42315
xdut.\$90__t131                           1.65
xdut.topn__t265                        1.42315
xdut.\$99__t68                            1.65
xdut.topn__t266                        1.42315
xdut.\$90__t132                           1.65
xdut.topn__t267                        1.42315
xdut.\$99__t69                            1.65
xdut.topn__t268                        1.42315
xdut.\$90__t133                           1.65
xdut.topn__t269                        1.42315
xdut.\$99__t70                            1.65
xdut.topn__t270                        1.42315
xdut.\$90__t134                           1.65
xdut.topn__t271                        1.42315
xdut.\$99__t71                            1.65
xdut.topn__t272                        1.42315
xdut.\$90__t93                            1.65
xdut.topn__t193                        1.42315
xdut.\$99__t61                            1.65
xdut.topn__t251                        1.42315
xdut.\$90__t124                           1.65
xdut.topn__t252                        1.42315
xdut.\$99__t62                            1.65
xdut.topn__t253                        1.42315
xdut.\$90__t125                           1.65
xdut.topn__t254                        1.42315
xdut.\$99__t63                            1.65
xdut.topn__t255                        1.42315
xdut.\$90__t126                           1.65
xdut.topn__t256                        1.42315
xdut.\$99__t46                            1.65
xdut.topn__t179                        1.42315
xdut.\$90__t98                            1.65
xdut.topn__t202                        1.42315
xdut.\$99__t58                            1.65
xdut.topn__t203                        1.42315
xdut.\$90__t99                            1.65
xdut.topn__t204                        1.42315
xdut.\$99__t59                            1.65
xdut.topn__t205                        1.42315
xdut.\$90__t100                           1.65
xdut.topn__t206                        1.42315
xdut.\$99__t60                            1.65
xdut.topn__t207                        1.42315
xdut.\$90__t101                           1.65
xdut.topn__t208                        1.42315
xdut.\$99__t64                            1.65
xdut.topn__t257                        1.42315
xdut.\$90__t135                           1.65
xdut.topn__t274                        1.42315
xdut.\$99__t73                            1.65
xdut.topn__t275                        1.42315
xdut.\$90__t138                           1.65
xdut.topn__t278                        1.42315
xdut.\$12__t11                            1.65
xdut.topp__t43                         1.34647
xdut.\$10__t23                            1.65
xdut.topp__t42                         1.34647
xdut.\$12__t12                            1.65
xdut.topp__t44                         1.34647
xdut.\$10__t3                             1.65
xdut.topp__t5                          1.34647
xdut.\$12__t1                             1.65
xdut.topp__t4                          1.34647
xdut.\$10__t26                            1.65
xdut.topp__t48                         1.34647
xdut.\$12__t14                            1.65
xdut.topp__t63                         1.34647
xdut.\$10__t24                            1.65
xdut.topp__t46                         1.34647
xdut.\$12__t13                            1.65
xdut.topp__t45                         1.34647
xdut.\$10__t57                            1.65
xdut.topp__t111                        1.34647
xdut.\$12__t4                             1.65
xdut.topp__t26                         1.34647
xdut.\$10__t14                            1.65
xdut.topp__t25                         1.34647
xdut.\$12__t3                             1.65
xdut.topp__t16                         1.34647
xdut.\$10__t5                             1.65
xdut.topp__t8                          1.34647
xdut.\$12__t2                             1.65
xdut.topp__t7                          1.34647
xdut.\$10__t4                             1.65
xdut.topp__t6                          1.34647
xdut.\$12__t5                             1.65
xdut.topp__t28                         1.34647
xdut.\$10__t15                            1.65
xdut.topp__t27                         1.34647
xdut.\$12__t75                            1.65
xdut.topp__t272                        1.34647
xdut.\$10__t145                           1.65
xdut.topp__t290                        1.34647
xdut.\$12__t81                            1.65
xdut.topp__t289                        1.34647
xdut.\$10__t144                           1.65
xdut.topp__t288                        1.34647
xdut.\$12__t80                            1.65
xdut.topp__t287                        1.34647
xdut.\$10__t143                           1.65
xdut.topp__t286                        1.34647
xdut.\$12__t79                            1.65
xdut.topp__t285                        1.34647
xdut.\$10__t142                           1.65
xdut.topp__t284                        1.34647
xdut.\$12__t78                            1.65
xdut.topp__t283                        1.34647
xdut.\$10__t141                           1.65
xdut.topp__t282                        1.34647
xdut.\$12__t77                            1.65
xdut.topp__t281                        1.34647
xdut.\$10__t140                           1.65
xdut.topp__t280                        1.34647
xdut.\$12__t66                            1.65
xdut.topp__t248                        1.34647
xdut.\$10__t46                            1.65
xdut.topp__t90                         1.34647
xdut.\$99__t0                             1.65
xdut.topn__t4                          1.42315
xdut.\$90__t1                             1.65
xdut.topn__t3                          1.42315
xdut.\$99__t121                           1.65
xdut.topn__t471                        1.42315
xdut.\$90__t228                           1.65
xdut.topn__t454                        1.42315
xdut.\$99__t114                           1.65
xdut.topn__t455                        1.42315
xdut.\$90__t229                           1.65
xdut.topn__t456                        1.42315
xdut.\$99__t115                           1.65
xdut.topn__t457                        1.42315
xdut.\$90__t230                           1.65
xdut.topn__t458                        1.42315
xdut.\$99__t116                           1.65
xdut.topn__t459                        1.42315
xdut.\$90__t231                           1.65
xdut.topn__t460                        1.42315
xdut.\$99__t117                           1.65
xdut.topn__t461                        1.42315
xdut.\$90__t127                           1.65
xdut.topn__t258                        1.42315
xdut.\$99__t124                           1.65
xdut.topn__t488                        1.42315
xdut.\$90__t245                           1.65
xdut.topn__t489                        1.42315
xdut.\$99__t122                           1.65
xdut.topn__t474                        1.42315
xdut.\$90__t241                           1.65
xdut.topn__t483                        1.42315
xdut.\$99__t123                           1.65
xdut.topn__t484                        1.42315
xdut.\$90__t242                           1.65
xdut.topn__t485                        1.42315
xdut.\$99__t125                           1.65
xdut.topn__t502                        1.42315
xdut.\$90__t244                           1.65
xdut.topn__t487                        1.42315
xdut.\$99__t47                            1.65
xdut.topn__t180                        1.42315
xdut.\$90__t139                           1.65
xdut.topn__t280                        1.42315
xdut.\$99__t75                            1.65
xdut.topn__t281                        1.42315
xdut.\$90__t140                           1.65
xdut.topn__t282                        1.42315
xdut.\$99__t76                            1.65
xdut.topn__t283                        1.42315
xdut.\$90__t141                           1.65
xdut.topn__t284                        1.42315
xdut.\$99__t77                            1.65
xdut.topn__t285                        1.42315
xdut.\$90__t142                           1.65
xdut.topn__t286                        1.42315
xdut.\$99__t78                            1.65
xdut.topn__t287                        1.42315
xdut.\$90__t143                           1.65
xdut.topn__t288                        1.42315
xdut.\$99__t80                            1.65
xdut.topn__t305                        1.42315
xdut.\$90__t144                           1.65
xdut.topn__t290                        1.42315
xdut.\$14__t0                             1.65
xdut.topp__t3                          1.34647
xdut.\$10__t2                             1.65
xdut.topp__t2                          1.34647
xdut.\$14__t8                             1.65
xdut.topp__t55                         1.34647
xdut.\$10__t29                            1.65
xdut.topp__t54                         1.34647
xdut.\$14__t7                             1.65
xdut.topp__t53                         1.34647
xdut.\$10__t28                            1.65
xdut.topp__t52                         1.34647
xdut.\$14__t6                             1.65
xdut.topp__t51                         1.34647
xdut.\$10__t27                            1.65
xdut.topp__t50                         1.34647
xdut.\$14__t5                             1.65
xdut.topp__t49                         1.34647
xdut.\$10__t56                            1.65
xdut.topp__t109                        1.34647
xdut.\$14__t4                             1.65
xdut.topp__t24                         1.34647
xdut.\$10__t13                            1.65
xdut.topp__t23                         1.34647
xdut.\$14__t3                             1.65
xdut.topp__t22                         1.34647
xdut.\$10__t12                            1.65
xdut.topp__t21                         1.34647
xdut.\$14__t2                             1.65
xdut.topp__t20                         1.34647
xdut.\$10__t11                            1.65
xdut.topp__t19                         1.34647
xdut.\$14__t1                             1.65
xdut.topp__t18                         1.34647
xdut.\$10__t10                            1.65
xdut.topp__t17                         1.34647
xdut.\$14__t27                            1.65
xdut.topp__t270                        1.34647
xdut.\$10__t44                            1.65
xdut.topp__t87                         1.34647
xdut.\$14__t14                            1.65
xdut.topp__t86                         1.34647
xdut.\$10__t43                            1.65
xdut.topp__t85                         1.34647
xdut.\$14__t13                            1.65
xdut.topp__t84                         1.34647
xdut.\$10__t42                            1.65
xdut.topp__t83                         1.34647
xdut.\$14__t12                            1.65
xdut.topp__t82                         1.34647
xdut.\$10__t41                            1.65
xdut.topp__t81                         1.34647
xdut.\$14__t11                            1.65
xdut.topp__t80                         1.34647
xdut.\$10__t40                            1.65
xdut.topp__t79                         1.34647
xdut.\$14__t10                            1.65
xdut.topp__t78                         1.34647
xdut.\$10__t47                            1.65
xdut.topp__t91                         1.34647
xdut.\$14__t9                             1.65
xdut.topp__t76                         1.34647
xdut.\$10__t39                            1.65
xdut.topp__t75                         1.34647
xdut.\$107__t1                            1.65
xdut.topn__t2                          1.42315
xdut.\$90__t0                             1.65
xdut.topn__t1                          1.42315
xdut.\$107__t62                           1.65
xdut.topn__t501                        1.42315
xdut.\$90__t243                           1.65
xdut.topn__t486                        1.42315
xdut.\$107__t54                           1.65
xdut.topn__t447                        1.42315
xdut.\$90__t225                           1.65
xdut.topn__t448                        1.42315
xdut.\$107__t55                           1.65
xdut.topn__t449                        1.42315
xdut.\$90__t226                           1.65
xdut.topn__t450                        1.42315
xdut.\$107__t56                           1.65
xdut.topn__t451                        1.42315
xdut.\$90__t227                           1.65
xdut.topn__t452                        1.42315
xdut.\$107__t57                           1.65
xdut.topn__t453                        1.42315
xdut.\$90__t128                           1.65
xdut.topn__t260                        1.42315
xdut.\$107__t59                           1.65
xdut.topn__t490                        1.42315
xdut.\$90__t246                           1.65
xdut.topn__t491                        1.42315
xdut.\$107__t60                           1.65
xdut.topn__t492                        1.42315
xdut.\$90__t247                           1.65
xdut.topn__t493                        1.42315
xdut.\$107__t61                           1.65
xdut.topn__t494                        1.42315
xdut.\$90__t255                           1.65
xdut.topn__t510                        1.42315
xdut.\$107__t58                           1.65
xdut.topn__t472                        1.42315
xdut.\$90__t236                           1.65
xdut.topn__t473                        1.42315
xdut.\$107__t16                           1.65
xdut.topn__t181                        1.42315
xdut.\$90__t146                           1.65
xdut.topn__t292                        1.42315
xdut.\$107__t26                           1.65
xdut.topn__t293                        1.42315
xdut.\$90__t147                           1.65
xdut.topn__t294                        1.42315
xdut.\$107__t27                           1.65
xdut.topn__t295                        1.42315
xdut.\$90__t148                           1.65
xdut.topn__t296                        1.42315
xdut.\$107__t28                           1.65
xdut.topn__t297                        1.42315
xdut.\$90__t149                           1.65
xdut.topn__t298                        1.42315
xdut.\$107__t29                           1.65
xdut.topn__t299                        1.42315
xdut.\$90__t150                           1.65
xdut.topn__t300                        1.42315
xdut.\$107__t30                           1.65
xdut.topn__t301                        1.42315
xdut.\$90__t151                           1.65
xdut.topn__t302                        1.42315
xdut.\$16__t0                             1.65
xdut.topp__t1                          1.34647
xdut.\$10__t25                            1.65
xdut.topp__t47                         1.34647
xdut.\$16__t7                             1.65
xdut.topp__t62                         1.34647
xdut.\$10__t32                            1.65
xdut.topp__t61                         1.34647
xdut.\$16__t6                             1.65
xdut.topp__t60                         1.34647
xdut.\$10__t31                            1.65
xdut.topp__t59                         1.34647
xdut.\$16__t5                             1.65
xdut.topp__t58                         1.34647
xdut.\$10__t30                            1.65
xdut.topp__t57                         1.34647
xdut.\$16__t4                             1.65
xdut.topp__t56                         1.34647
xdut.\$10__t48                            1.65
xdut.topp__t92                         1.34647
xdut.\$16__t3                             1.65
xdut.topp__t31                         1.34647
xdut.\$10__t9                             1.65
xdut.topp__t15                         1.34647
xdut.\$16__t2                             1.65
xdut.topp__t14                         1.34647
xdut.\$10__t8                             1.65
xdut.topp__t13                         1.34647
xdut.\$16__t1                             1.65
xdut.topp__t12                         1.34647
xdut.\$10__t7                             1.65
xdut.topp__t11                         1.34647
xdut.\$18__t0                             1.65
xdut.topp__t10                         1.34647
xdut.\$10__t6                             1.65
xdut.topp__t9                          1.34647
xdut.\$18__t8                             1.65
xdut.topp__t268                        1.34647
xdut.\$10__t37                            1.65
xdut.topp__t72                         1.34647
xdut.\$18__t2                             1.65
xdut.topp__t71                         1.34647
xdut.\$10__t36                            1.65
xdut.topp__t70                         1.34647
xdut.\$18__t1                             1.65
xdut.topp__t69                         1.34647
xdut.\$10__t35                            1.65
xdut.topp__t68                         1.34647
xdut.\$20__t1                             1.65
xdut.topp__t67                         1.34647
xdut.\$10__t34                            1.65
xdut.topp__t66                         1.34647
xdut.\$20__t0                             1.65
xdut.topp__t65                         1.34647
xdut.\$10__t33                            1.65
xdut.topp__t64                         1.34647
xdut.\$22__t0                             1.65
xdut.topp__t107                        1.34647
xdut.\$10__t60                            1.65
xdut.topp__t118                        1.34647
xdut.\$24__t0                             1.65
xdut.topp__t117                        1.34647
xdut.\$10__t59                            1.65
xdut.topp__t116                        1.34647
xdut.\$115__t0                            1.65
xdut.topn__t8                          1.42315
xdut.\$90__t3                             1.65
xdut.topn__t7                          1.42315
xdut.\$115__t25                           1.65
xdut.topn__t462                        1.42315
xdut.\$90__t232                           1.65
xdut.topn__t463                        1.42315
xdut.\$115__t26                           1.65
xdut.topn__t464                        1.42315
xdut.\$90__t248                           1.65
xdut.topn__t495                        1.42315
xdut.\$115__t29                           1.65
xdut.topn__t496                        1.42315
xdut.\$90__t249                           1.65
xdut.topn__t497                        1.42315
xdut.\$115__t30                           1.65
xdut.topn__t498                        1.42315
xdut.\$90__t250                           1.65
xdut.topn__t499                        1.42315
xdut.\$115__t31                           1.65
xdut.topn__t500                        1.42315
xdut.\$90__t129                           1.65
xdut.topn__t261                        1.42315
xdut.\$115__t27                           1.65
xdut.topn__t475                        1.42315
xdut.\$90__t237                           1.65
xdut.topn__t476                        1.42315
xdut.\$115__t28                           1.65
xdut.topn__t477                        1.42315
xdut.\$90__t238                           1.65
xdut.topn__t478                        1.42315
xdut.\$123__t14                           1.65
xdut.topn__t479                        1.42315
xdut.\$90__t239                           1.65
xdut.topn__t480                        1.42315
xdut.\$123__t15                           1.65
xdut.topn__t481                        1.42315
xdut.\$90__t240                           1.65
xdut.topn__t482                        1.42315
xdut.\$123__t6                            1.65
xdut.topn__t182                        1.42315
xdut.\$90__t152                           1.65
xdut.topn__t304                        1.42315
xdut.\$123__t8                            1.65
xdut.topn__t289                        1.42315
xdut.\$90__t119                           1.65
xdut.topn__t242                        1.42315
xdut.\$131__t4                            1.65
xdut.topn__t243                        1.42315
xdut.\$90__t120                           1.65
xdut.topn__t244                        1.42315
xdut.\$131__t5                            1.65
xdut.topn__t245                        1.42315
xdut.\$90__t121                           1.65
xdut.topn__t246                        1.42315
xdut.\$139__t2                            1.65
xdut.topn__t247                        1.42315
xdut.\$90__t122                           1.65
xdut.topn__t248                        1.42315
xdut.\$147__t0                            1.65
xdut.topn__t249                        1.42315
xdut.\$90__t123                           1.65
xdut.topn__t250                        1.42315
xdut.\$10                                 1.65
xdut.\$100                                 3.3
xdut.\$102                         2.67509e-09
xdut.\$104                                 3.3
xdut.\$106                                 3.3
xdut.\$107                                1.65
xdut.\$108                                 3.3
xdut.\$11                                  3.3
xdut.\$110                         2.56147e-09
xdut.\$112                                 3.3
xdut.\$114                                 3.3
xdut.\$115                                1.65
xdut.\$116                                 3.3
xdut.\$118                         2.45556e-09
xdut.\$12                                 1.65
xdut.\$120                                 3.3
xdut.\$122                                 3.3
xdut.\$123                                1.65
xdut.\$124                                 3.3
xdut.\$126                          2.4921e-09
xdut.\$128                                 3.3
xdut.\$13                                  3.3
xdut.\$130                                 3.3
xdut.\$131                                1.65
xdut.\$132                                 3.3
xdut.\$134                          2.6034e-09
xdut.\$136                                 3.3
xdut.\$138                                 3.3
xdut.\$139                                1.65
xdut.\$14                                 1.65
xdut.\$140                                 3.3
xdut.\$142                          2.7175e-09
xdut.\$144                                 3.3
xdut.\$146                                 3.3
xdut.\$147                                1.65
xdut.\$148                                 3.3
xdut.\$15                                  3.3
xdut.\$150                         2.83216e-09
xdut.\$152                                 3.3
xdut.\$154                                 3.3
xdut.\$155                                1.65
xdut.\$16                                 1.65
xdut.\$166                                 3.3
xdut.\$167                                 3.3
xdut.\$17                                  3.3
xdut.\$18                                 1.65
xdut.\$19                                  3.3
xdut.\$20                                 1.65
xdut.\$21                                  3.3
xdut.\$22                                 1.65
xdut.\$23                                  3.3
xdut.\$24                                 1.65
xdut.\$25                                  3.3
xdut.\$26                                 1.65
xdut.\$27                          2.90542e-09
xdut.\$29                                  3.3
xdut.\$31                          2.79092e-09
xdut.\$33                                  3.3
xdut.\$35                          2.67696e-09
xdut.\$37                                  3.3
xdut.\$39                          2.56471e-09
xdut.\$41                                  3.3
xdut.\$43                          2.46499e-09
xdut.\$45                                  3.3
xdut.\$47                          2.49783e-09
xdut.\$49                                  3.3
xdut.\$51                          2.60596e-09
xdut.\$53                                  3.3
xdut.\$55                          2.71913e-09
xdut.\$57                                  3.3
xdut.\$59                          2.83334e-09
xdut.\$61                                  3.3
xdut.\$65                                  3.3
xdut.\$67                                  3.3
xdut.\$69                                  3.3
xdut.\$71                                  3.3
xdut.\$73                                  3.3
xdut.\$75                                  3.3
xdut.\$77                                  3.3
xdut.\$79                                  3.3
xdut.\$81                                  3.3
xdut.\$83                                  3.3
xdut.\$85                           2.9044e-09
xdut.\$87                                  3.3
xdut.\$89                                  3.3
xdut.\$9                                   3.3
xdut.\$90                                 1.65
xdut.\$92                                  3.3
xdut.\$94                           2.7896e-09
xdut.\$96                                  3.3
xdut.\$98                                  3.3
xdut.\$99                                 1.65
se_topn                                1.42315
se_topp                                1.34647
se_ibias                              0.640978
xsecmp.xpre.ptail                     0.657904
xsecmp.pon                             3.10191
xsecmp.preamp_in1                      1.34647
xsecmp.pop                             2.26116
xsecmp.preamp_in2                      1.42315
xsecmp.xpre.xrlp.11                    3.29927
xsecmp.xpre.xrlp.21                    2.26189
xsecmp.xpre.xrln.11                    3.29986
xsecmp.xpre.xrln.21                    3.10205
xsecmp.xlat.ltail                      2.41665
xsecmp.xlat.dip                            3.3
xsecmp.xlat.din                            3.3
xsecmp.outn                                3.3
xsecmp.outp                                3.3
xsecmp.sset                        6.03404e-09
xsecmp.srst                        6.03404e-09
xsecmp.xno1.ps                             3.3
se_cmpb                                    3.3
xsecmp.xno2.ps                             3.3
se_code                                      0
se_dacp                            1.11022e-16
se_dacn                            1.11022e-16
se_di                                  1.64597
se_err                                 534.545
se_aerrh                                     0
bseea#branch                                 0
bsee#branch                                  0
bsedi#branch                                 0
bsedacn#branch                               0
bsedacp#branch                               0
bsecode#branch                               0
lvcm#branch                        9.48351e-10
lref#branch                        8.73105e-11
v.xsecmp.vpn#branch               -4.86499e-28
v.xsecmp.vpp#branch                4.34662e-28
vsemode#branch                               0
vsestart#branch                              0
vsevinn#branch                     5.63577e-14
vsevinp#branch                     3.43411e-10
vcmi#branch                       -9.48351e-10
vrefs#branch                      -8.73105e-11
vddc#branch                       -2.00074e-05
vddd#branch                       -8.41455e-10
vddt#branch                                  0
vcmpclkb#branch                              0
vcmpclk#branch                               0
vclk#branch                                  0
a.xsectrl.a_gn#branch_1_0         -2.42861e-17
a.xsectrl.a_gn#branch_1_1                    0
a.xsectrl.a_gn#branch_1_2                    0
a.xsectrl.a_gn#branch_1_3         -2.42861e-17
a.xsectrl.a_gn#branch_1_4                    0
a.xsectrl.a_gn#branch_1_5                    0
a.xsectrl.a_gn#branch_1_6         -2.42861e-17
a.xsectrl.a_gn#branch_1_7                    0
a.xsectrl.a_gn#branch_1_8                    0
a.xsectrl.a_gn#branch_1_9         -2.42861e-17
a.xsectrl.a_gn#branch_1_10                   0
a.xsectrl.a_gn#branch_1_11                   0
a.xsectrl.a_gn#branch_1_12        -2.42861e-17
a.xsectrl.a_gn#branch_1_13                   0
a.xsectrl.a_gn#branch_1_14                   0
a.xsectrl.a_gn#branch_1_15        -2.42861e-17
a.xsectrl.a_gn#branch_1_16                   0
a.xsectrl.a_gn#branch_1_17                   0
a.xsectrl.a_gn#branch_1_18        -2.42861e-17
a.xsectrl.a_gn#branch_1_19                   0
a.xsectrl.a_gn#branch_1_20                   0
a.xsectrl.a_gn#branch_1_21        -2.42861e-17
a.xsectrl.a_gn#branch_1_22                   0
a.xsectrl.a_gn#branch_1_23                   0
a.xsectrl.a_gn#branch_1_24        -2.42861e-17
a.xsectrl.a_gn#branch_1_25                   0
a.xsectrl.a_gn#branch_1_26                   0
a.xsectrl.a_gn#branch_1_27        -2.42861e-17
a.xsectrl.a_gn#branch_1_28                   0
a.xsectrl.a_gn#branch_1_29                   0
a.xsectrl.a_gn#branch_1_30        -2.42861e-17
a.xsectrl.a_gn#branch_1_31                   0
a.xsectrl.a_gn#branch_1_32                   0
a.xsectrl.a_gn#branch_1_33        -2.42861e-17
a.xsectrl.a_gn#branch_1_34                   0
a.xsectrl.a_gn#branch_1_35                   0
a.xsectrl.a_gn#branch_1_36        -2.42861e-17
a.xsectrl.a_gn#branch_1_37                   0
a.xsectrl.a_gn#branch_1_38                   0
a.xsectrl.a_gn#branch_1_39        -2.42861e-17
a.xsectrl.a_gn#branch_1_40                   0
a.xsectrl.a_gn#branch_1_41                   0
a.xsectrl.a_gn#branch_1_42        -2.42861e-17
a.xsectrl.a_gn#branch_1_43                   0
a.xsectrl.a_gn#branch_1_44                   0
a.xsectrl.a_gn#branch_1_45        -2.42861e-17
a.xsectrl.a_gn#branch_1_46                   0
a.xsectrl.a_gn#branch_1_47                   0
a.xsectrl.a_gn#branch_1_48        -2.42861e-17
a.xsectrl.a_gn#branch_1_49                   0
a.xsectrl.a_gn#branch_1_50                   0
a.xsectrl.a_gn#branch_1_51        -2.42861e-17
a.xsectrl.a_gn#branch_1_52                   0
a.xsectrl.a_gn#branch_1_53                   0
a.xsectrl.a_dout#branch_1_0                  0
a.xsectrl.a_dout#branch_1_1                  0
a.xsectrl.a_dout#branch_1_2                  0
a.xsectrl.a_dout#branch_1_3                  0
a.xsectrl.a_dout#branch_1_4                  0
a.xsectrl.a_dout#branch_1_5                  0
a.xsectrl.a_dout#branch_1_6                  0
a.xsectrl.a_dout#branch_1_7                  0
a.xsectrl.a_dout#branch_1_8                  0
a.xsectrl.a_dout#branch_1_9                  0
a.xsectrl.a_dout#branch_1_10                 0
a.xsectrl.a_dout#branch_1_11                 0
a.xsectrl.a_dout#branch_1_12                 0

 Reference value :  0.00000e+00
 Reference value :  3.05317e-09
 Reference value :  3.30514e-08
 Reference value :  9.37952e-08
 Reference value :  1.25224e-07
 Reference value :  1.56599e-07
 Reference value :  1.89765e-07
 Reference value :  2.18969e-07
 Reference value :  2.52667e-07
 Reference value :  2.81293e-07
 Reference value :  3.12634e-07
 Reference value :  3.15708e-07
 Reference value :  3.66771e-07
 Reference value :  3.77591e-07
 Reference value :  4.06487e-07
 Reference value :  4.39784e-07
 Reference value :  4.68830e-07
 Reference value :  5.00451e-07
 Reference value :  5.31286e-07
 Reference value :  5.62700e-07
 Reference value :  5.79912e-07
 Reference value :  6.25107e-07
 Reference value :  6.28375e-07
 Reference value :  6.71321e-07
 Reference value :  6.90185e-07
 Reference value :  7.19221e-07
 Reference value :  7.52532e-07
 Reference value :  7.81580e-07
 Reference value :  8.13052e-07
 Reference value :  8.43830e-07
 Reference value :  8.75116e-07
 Reference value :  8.77634e-07
 Reference value :  9.06692e-07
 Reference value :  9.44648e-07
 Reference value :  1.00010e-06
 Reference value :  1.00279e-06
 Reference value :  1.03135e-06
 Reference value :  1.06269e-06
 Reference value :  1.09402e-06
 Reference value :  1.12939e-06
 Reference value :  1.16617e-06
 Reference value :  1.19031e-06
 Reference value :  1.21922e-06
 Reference value :  1.25274e-06
 Reference value :  1.28132e-06
 Reference value :  1.31270e-06
 Reference value :  1.32334e-06
 Reference value :  1.36677e-06
 Reference value :  1.37776e-06
 Reference value :  1.40742e-06
 Reference value :  1.43997e-06
 Reference value :  1.46885e-06
 Reference value :  1.50063e-06
 Reference value :  1.53130e-06
 Reference value :  1.56269e-06
 Reference value :  1.56600e-06
 Reference value :  1.59599e-06
 Reference value :  1.62753e-06
 Reference value :  1.65666e-06
 Reference value :  1.69006e-06
 Reference value :  1.71902e-06
 Reference value :  1.75175e-06
 Reference value :  1.78135e-06
 Reference value :  1.81270e-06
 Reference value :  1.81900e-06
 Reference value :  1.84443e-06
 Reference value :  1.87735e-06
 Reference value :  1.90638e-06
 Reference value :  1.94495e-06
 Reference value :  1.98776e-06
 Reference value :  2.00267e-06
 Reference value :  2.03131e-06
 Reference value :  2.06251e-06
 Reference value :  2.09385e-06
 Reference value :  2.12539e-06
 Reference value :  2.15658e-06
 Reference value :  2.18842e-06
 Reference value :  2.21885e-06
 Reference value :  2.25020e-06
 Reference value :  2.25352e-06
 Reference value :  2.28199e-06
 Reference value :  2.31501e-06
 Reference value :  2.34395e-06
 Reference value :  2.37727e-06
 Reference value :  2.40634e-06
 Reference value :  2.43788e-06
 Reference value :  2.46017e-06
 Reference value :  2.50016e-06
 Reference value :  2.50539e-06
 Reference value :  2.56019e-06
 Reference value :  2.56510e-06
 Reference value :  2.59412e-06
 Reference value :  2.62727e-06
 Reference value :  2.65635e-06
 Reference value :  2.68806e-06
 Reference value :  2.71879e-06
 Reference value :  2.75013e-06
 Reference value :  2.75657e-06
 Reference value :  2.78173e-06
 Reference value :  2.81405e-06
 Reference value :  2.84388e-06
 Reference value :  2.87533e-06
 Reference value :  2.90628e-06
 Reference value :  2.93774e-06
 Reference value :  2.96902e-06
 Reference value :  3.00091e-06
 Reference value :  3.00306e-06
 Reference value :  3.03143e-06
 Reference value :  3.06270e-06
 Reference value :  3.09405e-06
 Reference value :  3.12550e-06
 Reference value :  3.15671e-06
 Reference value :  3.18977e-06
 Reference value :  3.21890e-06
 Reference value :  3.25056e-06
 Reference value :  3.28126e-06
 Reference value :  3.31253e-06
 Reference value :  3.31521e-06
 Reference value :  3.34409e-06
 Reference value :  3.37737e-06
 Reference value :  3.40645e-06
 Reference value :  3.43987e-06
 Reference value :  3.46886e-06
 Reference value :  3.50051e-06
 Reference value :  3.53130e-06
 Reference value :  3.56270e-06
 Reference value :  3.56617e-06
 Reference value :  3.62506e-06
 Reference value :  3.62866e-06
 Reference value :  3.66724e-06
 Reference value :  3.69016e-06
 Reference value :  3.71903e-06
 Reference value :  3.75228e-06
 Reference value :  3.78141e-06
 Reference value :  3.81270e-06
 Reference value :  3.81587e-06
 Reference value :  3.84476e-06
 Reference value :  3.87753e-06
 Reference value :  3.90660e-06
 Reference value :  3.94001e-06
 Reference value :  3.99140e-06
 Reference value :  4.00257e-06
 Reference value :  4.03126e-06
 Reference value :  4.06271e-06
 Reference value :  4.09414e-06
 Reference value :  4.13786e-06
 Reference value :  4.18753e-06
 Reference value :  4.19346e-06
 Reference value :  4.22403e-06
 Reference value :  4.25294e-06
 Reference value :  4.28151e-06
 Reference value :  4.31482e-06
 Reference value :  4.34382e-06
 Reference value :  4.37531e-06
 Reference value :  4.40625e-06
 Reference value :  4.43140e-06
 Reference value :  4.44043e-06
 Reference value :  4.46902e-06
 Reference value :  4.50045e-06
 Reference value :  4.53128e-06
 Reference value :  4.56263e-06
 Reference value :  4.57179e-06
 Reference value :  4.62515e-06
 Reference value :  4.62849e-06
 Reference value :  4.67373e-06
 Reference value :  4.69025e-06
 Reference value :  4.72028e-06
 Reference value :  4.75257e-06
 Reference value :  4.78328e-06
 Reference value :  4.81510e-06
 Reference value :  4.84407e-06
 Reference value :  4.87544e-06
 Reference value :  4.90627e-06
 Reference value :  4.93753e-06
 Reference value :  4.96880e-06
 Reference value :  5.00021e-06
 Reference value :  5.00283e-06
 Reference value :  5.03145e-06
 Reference value :  5.06291e-06
 Reference value :  5.09439e-06
 Reference value :  5.15628e-06
 Reference value :  5.18757e-06
 Reference value :  5.19172e-06
 Reference value :  5.22219e-06
 Reference value :  5.25304e-06
 Reference value :  5.28157e-06
 Reference value :  5.31287e-06
 Reference value :  5.33172e-06
 Reference value :  5.37503e-06
 Reference value :  5.37776e-06
 Reference value :  5.40667e-06
 Reference value :  5.43977e-06
 Reference value :  5.46881e-06
 Reference value :  5.50010e-06
 Reference value :  5.50303e-06
 Reference value :  5.53196e-06
 Reference value :  5.56500e-06
 Reference value :  5.59398e-06
 Reference value :  5.62748e-06
 Reference value :  5.65645e-06
 Reference value :  5.68977e-06
 Reference value :  5.71885e-06
 Reference value :  5.75053e-06
 Reference value :  5.78133e-06
 Reference value :  5.81271e-06
 Reference value :  5.82508e-06
 Reference value :  5.84426e-06
 Reference value :  5.87586e-06
 Reference value :  5.90631e-06
 Reference value :  5.92949e-06
 Reference value :  5.96092e-06
 Reference value :  6.00003e-06
 Reference value :  6.00267e-06
 Reference value :  6.03130e-06
 Reference value :  6.06271e-06
 Reference value :  6.09411e-06
 Reference value :  6.15505e-06
 Reference value :  6.16865e-06
 Reference value :  6.19007e-06
 Reference value :  6.21910e-06
 Reference value :  6.25268e-06
 Reference value :  6.28135e-06
 Reference value :  6.31281e-06
 Reference value :  6.32885e-06
 Reference value :  6.37047e-06
 Reference value :  6.37773e-06
 Reference value :  6.40644e-06
 Reference value :  6.43787e-06
 Reference value :  6.45248e-06
 Reference value :  6.50003e-06
 Reference value :  6.50326e-06
 Reference value :  6.53420e-06
 Reference value :  6.56506e-06
 Reference value :  6.59395e-06
 Reference value :  6.62736e-06
 Reference value :  6.65633e-06
 Reference value :  6.68784e-06
 Reference value :  6.71758e-06
 Reference value :  6.75016e-06
 Reference value :  6.75438e-06
 Reference value :  6.81256e-06
 Reference value :  6.81606e-06
 Reference value :  6.87098e-06
 Reference value :  6.87763e-06
 Reference value :  6.90655e-06
 Reference value :  6.93790e-06
 Reference value :  6.96916e-06
 Reference value :  7.00227e-06
 Reference value :  7.00778e-06
 Reference value :  7.03344e-06
 Reference value :  7.09381e-06
 Reference value :  7.12520e-06
 Reference value :  7.15667e-06
 Reference value :  7.18775e-06
 Reference value :  7.21875e-06
 Reference value :  7.21948e-06
 Reference value :  7.25276e-06
 Reference value :  7.28146e-06
 Reference value :  7.31301e-06
 Reference value :  7.34379e-06
 Reference value :  7.37506e-06
 Reference value :  7.37765e-06
 Reference value :  7.40647e-06
 Reference value :  7.43795e-06
 Reference value :  7.45288e-06
 Reference value :  7.48576e-06
 Reference value :  7.50263e-06
 Reference value :  7.53144e-06
 Reference value :  7.56430e-06
 Reference value :  7.59386e-06
 Reference value :  7.62726e-06
 Reference value :  7.65637e-06
 Reference value :  7.68922e-06
 Reference value :  7.71887e-06
 Reference value :  7.75227e-06
 Reference value :  7.78147e-06
 Reference value :  7.81484e-06
 Reference value :  7.84401e-06
 Reference value :  7.87727e-06
 Reference value :  7.90635e-06
 Reference value :  7.93800e-06
 Reference value :  7.97978e-06
 Reference value :  8.00265e-06
 Reference value :  8.03133e-06
 Reference value :  8.06270e-06
 Reference value :  8.09407e-06
 Reference value :  8.12986e-06
 Reference value :  8.15708e-06
 Reference value :  8.18816e-06
 Reference value :  8.21899e-06
 Reference value :  8.25010e-06
 Reference value :  8.26094e-06
 Reference value :  8.30446e-06
 Reference value :  8.31520e-06
 Reference value :  8.34414e-06
 Reference value :  8.37729e-06
 Reference value :  8.40633e-06
 Reference value :  8.43770e-06
 Reference value :  8.44179e-06
 Reference value :  8.46919e-06
 Reference value :  8.50238e-06
 Reference value :  8.53132e-06
 Reference value :  8.56269e-06
 Reference value :  8.56578e-06
 Reference value :  8.59428e-06
 Reference value :  8.62738e-06
 Reference value :  8.65641e-06
 Reference value :  8.68803e-06
 Reference value :  8.71882e-06
 Reference value :  8.75033e-06
 Reference value :  8.78129e-06
 Reference value :  8.81275e-06
 Reference value :  8.84378e-06
 Reference value :  8.87507e-06
 Reference value :  8.87763e-06
 Reference value :  8.90651e-06
 Reference value :  8.93792e-06
 Reference value :  8.97054e-06
 Reference value :  9.00244e-06
 Reference value :  9.00599e-06
 Reference value :  9.03869e-06
 Reference value :  9.09378e-06
 Reference value :  9.12516e-06
 Reference value :  9.15647e-06
 Reference value :  9.18977e-06
 Reference value :  9.21885e-06
 Reference value :  9.25042e-06
 Reference value :  9.28131e-06
 Reference value :  9.31279e-06
 Reference value :  9.34115e-06
 Reference value :  9.37309e-06
 Reference value :  9.37781e-06
 Reference value :  9.40668e-06
 Reference value :  9.43995e-06
 Reference value :  9.46891e-06
 Reference value :  9.50037e-06
 Reference value :  9.50746e-06
 Reference value :  9.55220e-06
 Reference value :  9.56538e-06
 Reference value :  9.60384e-06
 Reference value :  9.62786e-06
 Reference value :  9.65669e-06
 Reference value :  9.69003e-06
 Reference value :  9.71900e-06
 Reference value :  9.75227e-06
 Reference value :  9.78136e-06
 Reference value :  9.81328e-06
 Reference value :  9.84383e-06
 Reference value :  9.87530e-06
 Reference value :  9.88851e-06
 Reference value :  9.93536e-06
 Reference value :  9.96877e-06
 Reference value :  1.00001e-05
 Reference value :  1.00027e-05
 Reference value :  1.00313e-05
 Reference value :  1.00629e-05
 Reference value :  1.00942e-05
 Reference value :  1.01563e-05
 Reference value :  1.01877e-05
 Reference value :  1.01907e-05
 Reference value :  1.02201e-05
 Reference value :  1.02530e-05
 Reference value :  1.02817e-05
 Reference value :  1.03149e-05
 Reference value :  1.03439e-05
 Reference value :  1.03753e-05
 Reference value :  1.03801e-05
 Reference value :  1.04293e-05
 Reference value :  1.04401e-05
 Reference value :  1.04689e-05
 Reference value :  1.05008e-05
 Reference value :  1.05313e-05
 Reference value :  1.05627e-05
 Reference value :  1.05856e-05
 Reference value :  1.06252e-05
 Reference value :  1.06314e-05
 Reference value :  1.06819e-05
 Reference value :  1.06905e-05
 Reference value :  1.07200e-05
 Reference value :  1.07525e-05
 Reference value :  1.07817e-05
 Reference value :  1.08150e-05
 Reference value :  1.08440e-05
 Reference value :  1.08767e-05
 Reference value :  1.09063e-05
 Reference value :  1.09375e-05
 Reference value :  1.09688e-05
 Reference value :  1.10004e-05
 Reference value :  1.10032e-05
 Reference value :  1.10324e-05
 Reference value :  1.10938e-05
 Reference value :  1.11192e-05
 Reference value :  1.11563e-05
 Reference value :  1.11877e-05
 Reference value :  1.12188e-05
 Reference value :  1.12245e-05
 Reference value :  1.12530e-05
 Reference value :  1.12817e-05
 Reference value :  1.13130e-05
 Reference value :  1.13438e-05
 Reference value :  1.13751e-05
 Reference value :  1.13797e-05
 Reference value :  1.14233e-05
 Reference value :  1.14401e-05
 Reference value :  1.14689e-05
 Reference value :  1.15006e-05
 Reference value :  1.15313e-05
 Reference value :  1.15626e-05
 Reference value :  1.15657e-05
 Reference value :  1.15948e-05
 Reference value :  1.16275e-05
 Reference value :  1.16563e-05
 Reference value :  1.16879e-05
 Reference value :  1.17151e-05
 Reference value :  1.17501e-05
 Reference value :  1.17543e-05
 Reference value :  1.18108e-05
 Reference value :  1.18151e-05
 Reference value :  1.18446e-05
 Reference value :  1.18773e-05
 Reference value :  1.19063e-05
 Reference value :  1.19069e-05
 Reference value :  1.19411e-05
 Reference value :  1.19706e-05
 Reference value :  1.20023e-05
 Reference value :  1.20055e-05
 Reference value :  1.20317e-05
 Reference value :  1.20629e-05
 Reference value :  1.20941e-05
 Reference value :  1.21255e-05
 Reference value :  1.21567e-05
 Reference value :  1.21887e-05
 Reference value :  1.22188e-05
 Reference value :  1.22387e-05
 Reference value :  1.22530e-05
 Reference value :  1.22815e-05
 Reference value :  1.23129e-05
 Reference value :  1.23322e-05
 Reference value :  1.23443e-05
 Reference value :  1.23773e-05
 Reference value :  1.24063e-05
 Reference value :  1.24377e-05
 Reference value :  1.24421e-05
 Reference value :  1.24838e-05
 Reference value :  1.25025e-05
 Reference value :  1.25314e-05
 Reference value :  1.25635e-05
 Reference value :  1.25938e-05
 Reference value :  1.26250e-05
 Reference value :  1.26276e-05
 Reference value :  1.26564e-05
 Reference value :  1.26878e-05
 Reference value :  1.27073e-05
 Reference value :  1.27500e-05
 Reference value :  1.27526e-05
 Reference value :  1.27816e-05
 Reference value :  1.28130e-05
 Reference value :  1.28438e-05
 Reference value :  1.28508e-05
 Reference value :  1.28773e-05
 Reference value :  1.29063e-05
 Reference value :  1.29377e-05
 Reference value :  1.29690e-05
 Reference value :  1.30004e-05
 Reference value :  1.30030e-05
 Reference value :  1.30315e-05
 Reference value :  1.30629e-05
 Reference value :  1.30945e-05
 Reference value :  1.31563e-05
 Reference value :  1.31724e-05
 Reference value :  1.31901e-05
 Reference value :  1.32191e-05
 Reference value :  1.32508e-05
 Reference value :  1.32813e-05
 Reference value :  1.33063e-05
 Reference value :  1.33150e-05
 Reference value :  1.33440e-05
 Reference value :  1.33753e-05
 Reference value :  1.33785e-05
 Reference value :  1.34066e-05
 Reference value :  1.34377e-05
 Reference value :  1.34417e-05
 Reference value :  1.34692e-05
 Reference value :  1.35009e-05
 Reference value :  1.35313e-05
 Reference value :  1.35626e-05
 Reference value :  1.35659e-05
 Reference value :  1.35944e-05
 Reference value :  1.36274e-05
 Reference value :  1.36563e-05
 Reference value :  1.36877e-05
 Reference value :  1.36936e-05
 Reference value :  1.37373e-05
 Reference value :  1.37526e-05
 Reference value :  1.37816e-05
 Reference value :  1.38137e-05
 Reference value :  1.38439e-05
 Reference value :  1.38755e-05
 Reference value :  1.39063e-05
 Reference value :  1.39233e-05
 Reference value :  1.39606e-05
 Reference value :  1.40001e-05
 Reference value :  1.40028e-05
 Reference value :  1.40314e-05
 Reference value :  1.40628e-05
 Reference value :  1.40942e-05
 Reference value :  1.41299e-05
 Reference value :  1.41574e-05
 Reference value :  1.41898e-05
 Reference value :  1.42189e-05
 Reference value :  1.42503e-05
 Reference value :  1.42557e-05
 Reference value :  1.42817e-05
 Reference value :  1.43138e-05
 Reference value :  1.43438e-05
 Reference value :  1.43648e-05
 Reference value :  1.43776e-05
 Reference value :  1.44065e-05
 Reference value :  1.44380e-05
 Reference value :  1.44688e-05
 Reference value :  1.45002e-05
 Reference value :  1.45062e-05
 Reference value :  1.45423e-05
 Reference value :  1.45651e-05
 Reference value :  1.45941e-05
 Reference value :  1.46275e-05
 Reference value :  1.46564e-05
 Reference value :  1.46898e-05
 Reference value :  1.47189e-05
 Reference value :  1.47509e-05
 Reference value :  1.47814e-05
 Reference value :  1.48130e-05
 Reference value :  1.48438e-05
 Reference value :  1.48644e-05
 Reference value :  1.48776e-05
 Reference value :  1.49065e-05
 Reference value :  1.49379e-05
 Reference value :  1.49691e-05
 Reference value :  1.50025e-05
 Reference value :  1.50086e-05
 Reference value :  1.50317e-05
 Reference value :  1.50808e-05
 Reference value :  1.51171e-05
 Reference value :  1.51563e-05
 Reference value :  1.51876e-05
 Reference value :  1.51904e-05
 Reference value :  1.52193e-05
 Reference value :  1.52527e-05
 Reference value :  1.52813e-05
 Reference value :  1.53126e-05
 Reference value :  1.53154e-05
 Reference value :  1.53443e-05
 Reference value :  1.53757e-05
 Reference value :  1.54063e-05
 Reference value :  1.54376e-05
 Reference value :  1.54401e-05
 Reference value :  1.54694e-05
 Reference value :  1.55024e-05
 Reference value :  1.55314e-05
 Reference value :  1.55630e-05
 Reference value :  1.55938e-05
 Reference value :  1.56255e-05
 Reference value :  1.56563e-05
 Reference value :  1.56879e-05
 Reference value :  1.57188e-05
 Reference value :  1.57504e-05
 Reference value :  1.57813e-05
 Reference value :  1.58128e-05
 Reference value :  1.58438e-05
 Reference value :  1.58752e-05
 Reference value :  1.58852e-05
 Reference value :  1.59376e-05
 Reference value :  1.59688e-05
 Reference value :  1.60004e-05
 Reference value :  1.60031e-05
 Reference value :  1.60316e-05
 Reference value :  1.60629e-05
 Reference value :  1.60941e-05
 Reference value :  1.61279e-05
 Reference value :  1.61572e-05
 Reference value :  1.61900e-05
 Reference value :  1.62190e-05
 Reference value :  1.62502e-05
 Reference value :  1.62538e-05
 Reference value :  1.63125e-05
 Reference value :  1.63152e-05
 Reference value :  1.63442e-05
 Reference value :  1.63774e-05
 Reference value :  1.64064e-05
 Reference value :  1.64378e-05
 Reference value :  1.64458e-05
 Reference value :  1.64778e-05
 Reference value :  1.65026e-05
 Reference value :  1.65314e-05
 Reference value :  1.65642e-05
 Reference value :  1.65938e-05
 Reference value :  1.66253e-05
 Reference value :  1.66563e-05
 Reference value :  1.66877e-05
 Reference value :  1.66905e-05
 Reference value :  1.67194e-05
 Reference value :  1.67524e-05
 Reference value :  1.67814e-05
 Reference value :  1.68129e-05
 Reference value :  1.68438e-05
 Reference value :  1.68752e-05
 Reference value :  1.68786e-05
 Reference value :  1.69067e-05
 Reference value :  1.69406e-05
 Reference value :  1.69878e-05
 Reference value :  1.70027e-05
 Reference value :  1.70313e-05
 Reference value :  1.70626e-05
 Reference value :  1.70938e-05
 Reference value :  1.71252e-05
 Reference value :  1.71565e-05
 Reference value :  1.71879e-05
 Reference value :  1.72188e-05
 Reference value :  1.72502e-05
 Reference value :  1.72531e-05
 Reference value :  1.72817e-05
 Reference value :  1.73148e-05
 Reference value :  1.73439e-05
 Reference value :  1.73767e-05
 Reference value :  1.74063e-05
 Reference value :  1.74376e-05
 Reference value :  1.74429e-05
 Reference value :  1.74698e-05
 Reference value :  1.75025e-05
 Reference value :  1.75315e-05
 Reference value :  1.75649e-05
 Reference value :  1.75939e-05
 Reference value :  1.76267e-05
 Reference value :  1.76564e-05
 Reference value :  1.76879e-05
 Reference value :  1.77188e-05
 Reference value :  1.77504e-05
 Reference value :  1.77813e-05
 Reference value :  1.78128e-05
 Reference value :  1.78438e-05
 Reference value :  1.78752e-05
 Reference value :  1.78815e-05
 Reference value :  1.79375e-05
 Reference value :  1.79688e-05
 Reference value :  1.80002e-05
 Reference value :  1.80029e-05
 Reference value :  1.80315e-05
 Reference value :  1.80629e-05
 Reference value :  1.80946e-05
 Reference value :  1.81563e-05
 Reference value :  1.81876e-05
 Reference value :  1.81935e-05
 Reference value :  1.82341e-05
 Reference value :  1.82530e-05
 Reference value :  1.82815e-05
 Reference value :  1.83129e-05
 Reference value :  1.83339e-05
 Reference value :  1.83708e-05
 Reference value :  1.83776e-05
 Reference value :  1.84068e-05
 Reference value :  1.84399e-05
 Reference value :  1.84688e-05
 Reference value :  1.85003e-05
 Reference value :  1.85262e-05
 Reference value :  1.85626e-05
 Reference value :  1.85654e-05
 Reference value :  1.86094e-05
 Reference value :  1.86276e-05
 Reference value :  1.86567e-05
 Reference value :  1.86899e-05
 Reference value :  1.87189e-05
 Reference value :  1.87502e-05
 Reference value :  1.87540e-05
 Reference value :  1.87817e-05
 Reference value :  1.88130e-05
 Reference value :  1.88438e-05
 Reference value :  1.88472e-05
 Reference value :  1.88775e-05
 Reference value :  1.89063e-05
 Reference value :  1.89378e-05
 Reference value :  1.89691e-05
 Reference value :  1.90023e-05
 Reference value :  1.90034e-05
 Reference value :  1.90317e-05
 Reference value :  1.90688e-05
 Reference value :  1.91166e-05
 Reference value :  1.91563e-05
 Reference value :  1.91877e-05
 Reference value :  1.92188e-05
 Reference value :  1.92198e-05
 Reference value :  1.92527e-05
 Reference value :  1.92813e-05
 Reference value :  1.93127e-05
 Reference value :  1.93239e-05
 Reference value :  1.93739e-05
 Reference value :  1.93777e-05
 Reference value :  1.94066e-05
 Reference value :  1.94398e-05
 Reference value :  1.94688e-05
 Reference value :  1.95002e-05
 Reference value :  1.95121e-05
 Reference value :  1.95625e-05
 Reference value :  1.95654e-05
 Reference value :  1.96097e-05
 Reference value :  1.96276e-05
 Reference value :  1.96567e-05
 Reference value :  1.96900e-05
 Reference value :  1.97191e-05
 Reference value :  1.97523e-05
 Reference value :  1.97814e-05
 Reference value :  1.98128e-05
 Reference value :  1.98438e-05
 Reference value :  1.98591e-05
 Reference value :  1.98775e-05
 Reference value :  1.99064e-05
 Reference value :  1.99377e-05
 Reference value :  1.99688e-05
No. of Data Rows : 50390
e1                  =  1.29855e+00
x1                  =  1.20372e+01 at=  2.28139e-06
cd1                 =  2.00000e+00
e2                  =  7.54237e-01
x2                  =  1.20109e+01 at=  3.28139e-06
cd2                 =  3.00000e+00
e128                =  7.00267e-01
x128                =  8.62215e+00 at=  4.28140e-06
cd128               =  1.29000e+02
e129                =  6.42654e-01
x129                =  8.68897e+00 at=  5.28140e-06
cd129               =  1.29000e+02
e255                =  4.44760e-01
x255                =  5.51829e+00 at=  6.31262e-06
cd255               =  2.55000e+02
e256                =  3.72441e-01
x256                =  5.59249e+00 at=  7.31262e-06
cd256               =  2.56000e+02
e257                =  5.02106e-01
x257                =  5.57196e+00 at=  8.31262e-06
cd257               =  2.57000e+02
e384                =  2.75540e-02
x384                =  2.77573e+00 at=  9.31262e-06
cd384               =  3.84000e+02
e511                =  -1.40045e-01
x511                =  5.16090e+00 at=  1.03751e-05
cd511               =  5.11000e+02
e512                =  -6.41258e-03
x512                =  5.07178e+00 at=  1.13451e-05
cd512               =  5.12000e+02
e513                =  -3.11624e-02
x513                =  5.15741e+00 at=  1.23451e-05
cd513               =  5.13000e+02
e640                =  -3.33691e-01
x640                =  2.97456e+00 at=  1.33126e-05
cd640               =  6.40000e+02
e767                =  -6.32283e-01
x767                =  5.70964e+00 at=  1.43126e-05
cd767               =  7.66000e+02
e768                =  -4.85862e-01
x768                =  5.63288e+00 at=  1.53126e-05
cd768               =  7.67000e+02
e769                =  -5.58785e-01
x769                =  5.65450e+00 at=  1.63126e-05
cd769               =  7.68000e+02
e896                =  -7.96663e-01
x896                =  8.51401e+00 at=  1.73126e-05
cd896               =  8.95000e+02
e1022               =  -1.16678e+00
x1022               =  1.13011e+01 at=  1.83126e-05
cd1022              =  1.02100e+03
e1023               =  -9.19930e-01
x1023               =  1.12269e+01 at=  1.93126e-05
cd1023              =  1.02200e+03
vrefhi              =  3.30028e+00 at=  1.53149e-05
vreflo              =  3.29973e+00 at=  1.45660e-05
m_terr_t1_lsb = 1.2985500000e+00
m_decerr_t1_lsb = 1.2037170000e+01
m_code_t1 = 2.0000000000e+00
m_terr_t2_lsb = 7.5423710000e-01
m_decerr_t2_lsb = 1.2010940000e+01
m_code_t2 = 3.0000000000e+00
m_terr_t128_lsb = 7.0026740000e-01
m_decerr_t128_lsb = 8.6221530000e+00
m_code_t128 = 1.2900000000e+02
m_terr_t129_lsb = 6.4265360000e-01
m_decerr_t129_lsb = 8.6889730000e+00
m_code_t129 = 1.2900000000e+02
m_terr_t255_lsb = 4.4476010000e-01
m_decerr_t255_lsb = 5.5182880000e+00
m_code_t255 = 2.5500000000e+02
m_terr_t256_lsb = 3.7244080000e-01
m_decerr_t256_lsb = 5.5924890000e+00
m_code_t256 = 2.5600000000e+02
m_terr_t257_lsb = 5.0210620000e-01
m_decerr_t257_lsb = 5.5719630000e+00
m_code_t257 = 2.5700000000e+02
m_terr_t384_lsb = 2.7554020000e-02
m_decerr_t384_lsb = 2.7757280000e+00
m_code_t384 = 3.8400000000e+02
m_terr_t511_lsb = -1.400445000e-01
m_decerr_t511_lsb = 5.1609040000e+00
m_code_t511 = 5.1100000000e+02
m_terr_t512_lsb = -6.412577000e-03
m_decerr_t512_lsb = 5.0717760000e+00
m_code_t512 = 5.1200000000e+02
m_terr_t513_lsb = -3.116244000e-02
m_decerr_t513_lsb = 5.1574100000e+00
m_code_t513 = 5.1300000000e+02
m_terr_t640_lsb = -3.336907000e-01
m_decerr_t640_lsb = 2.9745640000e+00
m_code_t640 = 6.4000000000e+02
m_terr_t767_lsb = -6.322831000e-01
m_decerr_t767_lsb = 5.7096450000e+00
m_code_t767 = 7.6600000000e+02
m_terr_t768_lsb = -4.858616000e-01
m_decerr_t768_lsb = 5.6328850000e+00
m_code_t768 = 7.6700000000e+02
m_terr_t769_lsb = -5.587846000e-01
m_decerr_t769_lsb = 5.6544960000e+00
m_code_t769 = 7.6800000000e+02
m_terr_t896_lsb = -7.966628000e-01
m_decerr_t896_lsb = 8.5140120000e+00
m_code_t896 = 8.9500000000e+02
m_terr_t1022_lsb = -1.166782000e+00
m_decerr_t1022_lsb = 1.1301130000e+01
m_code_t1022 = 1.0210000000e+03
m_terr_t1023_lsb = -9.199297000e-01
m_decerr_t1023_lsb = 1.1226930000e+01
m_code_t1023 = 1.0220000000e+03
m_inl_t1_lsb = 0.0000000000e+00
m_inl_t2_lsb = -5.421421762e-01
m_inl_t128_lsb = -3.226006803e-01
m_inl_t129_lsb = -3.780437566e-01
m_inl_t255_lsb = -3.024260607e-01
m_inl_t256_lsb = -3.725746369e-01
m_inl_t257_lsb = -2.407385131e-01
m_inl_t384_lsb = -4.396087734e-01
m_inl_t511_lsb = -3.315253738e-01
m_inl_t512_lsb = -1.957227270e-01
m_inl_t513_lsb = -2.183018662e-01
m_inl_t640_lsb = -2.451482066e-01
m_inl_t767_lsb = -2.680586869e-01
m_inl_t768_lsb = -1.194664631e-01
m_inl_t769_lsb = -1.902187393e-01
m_inl_t896_lsb = -1.524150197e-01
m_inl_t1022_lsb = -2.490230238e-01
m_inl_t1023_lsb = 0.0000000000e+00
m_dnl_t1_t2_lsb = -5.443129000e-01
m_dnl_t128_t129_lsb = -5.761380000e-02
m_dnl_t255_t256_lsb = -7.231930000e-02
m_dnl_t256_t257_lsb = 1.2966540000e-01
m_dnl_t511_t512_lsb = 1.3363192300e-01
m_dnl_t512_t513_lsb = -2.474986300e-02
m_dnl_t767_t768_lsb = 1.4642150000e-01
m_dnl_t768_t769_lsb = -7.292300000e-02
m_dnl_t1022_t1023_lsb = 2.4685230000e-01
m_gain_err_lsb = -2.220650424e+00
m_vref_droop_mv = 5.5400000000e-01
Note: Simulation executed from .control section 

