
Note: No compatibility mode selected!


Circuit: * adc-inl-dnl @ ss_125c_2.97v -- generated by sim/harness, do not edit

Reducing trtol to 1 for xspice 'A' devices
Doing analysis at TEMP = 125.000000 and TNOM = 27.000000

Using SPARSE 1.3 as Direct Linear Solver

Initial Transient Solution
--------------------------

Node                                   Voltage
----                                   -------
clk                                          0
cmpclk                                       0
cmpclkb                                   2.97
vddt                                      2.97
vddd                                      2.97
vddc                                      2.97
vrefs                                     2.97
vrefn                                     2.97
vcmn                                     1.485
se_vinp                             0.00362549
se_vinn                                  1.485
se_start                                     0
se_mode                                      0
se_cmp                                  1.2584
se_samp_tp_n                                 0
se_sel_in_n                                  0
se_drdy                                   2.97
se_c9                                        0
se_c8                                        0
se_c7                                        0
se_c6                                        0
se_c5                                        0
se_c4                                        0
se_c3                                        0
se_c2                                        0
se_c1                                        0
se_c0                                        0
se_rel_n_256p                             2.97
se_sel_hi_n_256p                             0
se_sel_lo_n_256p                             0
se_rel_n_128p                             2.97
se_sel_hi_n_128p                             0
se_sel_lo_n_128p                             0
se_rel_n_64p                              2.97
se_sel_hi_n_64p                              0
se_sel_lo_n_64p                              0
se_rel_n_32p                              2.97
se_sel_hi_n_32p                              0
se_sel_lo_n_32p                              0
se_rel_n_16p                              2.97
se_sel_hi_n_16p                              0
se_sel_lo_n_16p                              0
se_rel_n_8p                               2.97
se_sel_hi_n_8p                               0
se_sel_lo_n_8p                               0
se_rel_n_4p                               2.97
se_sel_hi_n_4p                               0
se_sel_lo_n_4p                               0
se_rel_n_2p                               2.97
se_sel_hi_n_2p                               0
se_sel_lo_n_2p                               0
se_rel_n_1p                               2.97
se_sel_hi_n_1p                               0
se_sel_lo_n_1p                               0
se_rel_n_256n                             2.97
se_sel_hi_n_256n                             0
se_sel_lo_n_256n                             0
se_rel_n_128n                             2.97
se_sel_hi_n_128n                             0
se_sel_lo_n_128n                             0
se_rel_n_64n                              2.97
se_sel_hi_n_64n                              0
se_sel_lo_n_64n                              0
se_rel_n_32n                              2.97
se_sel_hi_n_32n                              0
se_sel_lo_n_32n                              0
se_rel_n_16n                              2.97
se_sel_hi_n_16n                              0
se_sel_lo_n_16n                              0
se_rel_n_8n                               2.97
se_sel_hi_n_8n                               0
se_sel_lo_n_8n                               0
se_rel_n_4n                               2.97
se_sel_hi_n_4n                               0
se_sel_lo_n_4n                               0
se_rel_n_2n                               2.97
se_sel_hi_n_2n                               0
se_sel_lo_n_2n                               0
se_rel_n_1n                               2.97
se_sel_hi_n_1n                               0
se_sel_lo_n_1n                               0
se_pinp                             0.00362551
se_pinn                                  1.485
xdut.\$65                                 2.97
xdut.\$27                          2.98093e-09
xdut.\$29                                 2.97
xdut.\$9                                  2.97
xdut.\$10                                1.485
xdut.\$67                                 2.97
xdut.\$31                          2.98093e-09
xdut.\$33                                 2.97
xdut.\$11                                 2.97
xdut.\$12                                1.485
xdut.\$69                                 2.97
xdut.\$35                          2.98093e-09
xdut.\$37                                 2.97
xdut.\$13                                 2.97
xdut.\$14                                1.485
xdut.\$71                                 2.97
xdut.\$39                          2.98093e-09
xdut.\$41                                 2.97
xdut.\$15                                 2.97
xdut.\$16                                1.485
xdut.\$73                                 2.97
xdut.\$43                          2.98093e-09
xdut.\$45                                 2.97
xdut.\$17                                 2.97
xdut.\$18                                1.485
xdut.\$75                                 2.97
xdut.\$47                          2.98093e-09
xdut.\$49                                 2.97
xdut.\$19                                 2.97
xdut.\$20                                1.485
xdut.\$77                                 2.97
xdut.\$51                          2.98093e-09
xdut.\$53                                 2.97
xdut.\$21                                 2.97
xdut.\$22                                1.485
xdut.\$79                                 2.97
xdut.\$55                          2.98093e-09
xdut.\$57                                 2.97
xdut.\$23                                 2.97
xdut.\$24                                1.485
xdut.\$81                                 2.97
xdut.\$59                          2.98093e-09
xdut.\$61                                 2.97
xdut.\$25                                 2.97
xdut.\$26                                1.485
xdut.\$83                                 2.97
xdut.\$85                          2.98093e-09
xdut.\$87                                 2.97
xdut.\$89                                 2.97
xdut.\$90                                1.485
xdut.\$92                                 2.97
xdut.\$94                          2.98093e-09
xdut.\$96                                 2.97
xdut.\$98                                 2.97
xdut.\$99                                1.485
xdut.\$100                                2.97
xdut.\$102                         2.98093e-09
xdut.\$104                                2.97
xdut.\$106                                2.97
xdut.\$107                               1.485
xdut.\$108                                2.97
xdut.\$110                         2.98093e-09
xdut.\$112                                2.97
xdut.\$114                                2.97
xdut.\$115                               1.485
xdut.\$116                                2.97
xdut.\$118                         2.98093e-09
xdut.\$120                                2.97
xdut.\$122                                2.97
xdut.\$123                               1.485
xdut.\$124                                2.97
xdut.\$126                         2.98093e-09
xdut.\$128                                2.97
xdut.\$130                                2.97
xdut.\$131                               1.485
xdut.\$132                                2.97
xdut.\$134                         2.98093e-09
xdut.\$136                                2.97
xdut.\$138                                2.97
xdut.\$139                               1.485
xdut.\$140                                2.97
xdut.\$142                         2.98093e-09
xdut.\$144                                2.97
xdut.\$146                                2.97
xdut.\$147                               1.485
xdut.\$166                                2.97
se_topp                                1.48505
xdut.\$167                                2.97
se_topn                                1.48505
xdut.\$148                                2.97
xdut.\$150                         2.98093e-09
xdut.\$152                                2.97
xdut.\$154                                2.97
xdut.\$155                               1.485
xdut.\$10__par                           1.485
xdut.\$100__par                           2.97
xdut.\$102__par                    2.98093e-09
xdut.\$104__par                           2.97
xdut.\$106__par                           2.97
xdut.\$107__par                          1.485
xdut.\$108__par                           2.97
xdut.\$11__par                            2.97
xdut.\$110__par                    2.98093e-09
xdut.\$112__par                           2.97
xdut.\$114__par                           2.97
xdut.\$115__par                          1.485
xdut.\$116__par                           2.97
xdut.\$118__par                    2.98093e-09
xdut.\$12__par                           1.485
xdut.\$120__par                           2.97
xdut.\$122__par                           2.97
xdut.\$123__par                          1.485
xdut.\$124__par                           2.97
xdut.\$126__par                    2.98093e-09
xdut.\$128__par                           2.97
xdut.\$13__par                            2.97
xdut.\$130__par                           2.97
xdut.\$131__par                          1.485
xdut.\$132__par                           2.97
xdut.\$134__par                    2.98093e-09
xdut.\$136__par                           2.97
xdut.\$138__par                           2.97
xdut.\$139__par                          1.485
xdut.\$14__par                           1.485
xdut.\$140__par                           2.97
xdut.\$142__par                    2.98093e-09
xdut.\$144__par                           2.97
xdut.\$146__par                           2.97
xdut.\$147__par                          1.485
xdut.\$148__par                           2.97
xdut.\$15__par                            2.97
xdut.\$150__par                    2.98093e-09
xdut.\$152__par                           2.97
xdut.\$154__par                           2.97
xdut.\$155__par                          1.485
xdut.\$16__par                           1.485
xdut.\$166__par                           2.97
xdut.\$167__par                           2.97
xdut.\$17__par                            2.97
xdut.\$18__par                           1.485
xdut.\$19__par                            2.97
xdut.\$20__par                           1.485
xdut.\$21__par                            2.97
xdut.\$22__par                           1.485
xdut.\$23__par                            2.97
xdut.\$24__par                           1.485
xdut.\$25__par                            2.97
xdut.\$26__par                           1.485
xdut.\$27__par                     2.98093e-09
xdut.\$29__par                            2.97
xdut.\$31__par                     2.98093e-09
xdut.\$33__par                            2.97
xdut.\$35__par                     2.98093e-09
xdut.\$37__par                            2.97
xdut.\$39__par                     2.98093e-09
xdut.\$41__par                            2.97
xdut.\$43__par                     2.98093e-09
xdut.\$45__par                            2.97
xdut.\$47__par                     2.98093e-09
xdut.\$49__par                            2.97
xdut.\$51__par                     2.98093e-09
xdut.\$53__par                            2.97
xdut.\$55__par                     2.98093e-09
xdut.\$57__par                            2.97
xdut.\$59__par                     2.98093e-09
xdut.\$61__par                            2.97
xdut.\$65__par                            2.97
xdut.\$67__par                            2.97
xdut.\$69__par                            2.97
xdut.\$71__par                            2.97
xdut.\$73__par                            2.97
xdut.\$75__par                            2.97
xdut.\$77__par                            2.97
xdut.\$79__par                            2.97
xdut.\$81__par                            2.97
xdut.\$83__par                            2.97
xdut.\$85__par                     2.98093e-09
xdut.\$87__par                            2.97
xdut.\$89__par                            2.97
xdut.\$9__par                             2.97
xdut.\$90__par                           1.485
xdut.\$92__par                            2.97
xdut.\$94__par                     2.98093e-09
xdut.\$96__par                            2.97
xdut.\$98__par                            2.97
xdut.\$99__par                           1.485
xdut.hi_128_n__par                           0
xdut.hi_128_p__par                           0
xdut.hi_16_n__par                            0
xdut.hi_16_p__par                            0
xdut.hi_1_n__par                             0
xdut.hi_1_p__par                             0
xdut.hi_256_n__par                           0
xdut.hi_256_p__par                           0
xdut.hi_2_n__par                             0
xdut.hi_2_p__par                             0
xdut.hi_32_n__par                            0
xdut.hi_32_p__par                            0
xdut.hi_4_n__par                             0
xdut.hi_4_p__par                             0
xdut.hi_64_n__par                            0
xdut.hi_64_p__par                            0
xdut.hi_8_n__par                             0
xdut.hi_8_p__par                             0
xdut.lo_128_n__par                           0
xdut.lo_128_p__par                           0
xdut.lo_16_n__par                            0
xdut.lo_16_p__par                            0
xdut.lo_1_n__par                             0
xdut.lo_1_p__par                             0
xdut.lo_256_n__par                           0
xdut.lo_256_p__par                           0
xdut.lo_2_n__par                             0
xdut.lo_2_p__par                             0
xdut.lo_32_n__par                            0
xdut.lo_32_p__par                            0
xdut.lo_4_n__par                             0
xdut.lo_4_p__par                             0
xdut.lo_64_n__par                            0
xdut.lo_64_p__par                            0
xdut.lo_8_n__par                             0
xdut.lo_8_p__par                             0
xdut.pinn__par                           1.485
xdut.pinp__par                      0.00362551
xdut.rel_128_n__par                       2.97
xdut.rel_128_p__par                       2.97
xdut.rel_16_n__par                        2.97
xdut.rel_16_p__par                        2.97
xdut.rel_1_n__par                         2.97
xdut.rel_1_p__par                         2.97
xdut.rel_256_n__par                       2.97
xdut.rel_256_p__par                       2.97
xdut.rel_2_n__par                         2.97
xdut.rel_2_p__par                         2.97
xdut.rel_32_n__par                        2.97
xdut.rel_32_p__par                        2.97
xdut.rel_4_n__par                         2.97
xdut.rel_4_p__par                         2.97
xdut.rel_64_n__par                        2.97
xdut.rel_64_p__par                        2.97
xdut.rel_8_n__par                         2.97
xdut.rel_8_p__par                         2.97
xdut.sel_in__par                             0
xdut.topn__par                         1.48505
xdut.topp__par                         1.48505
xdut.tp_gn__par                              0
xdut.vcm__par                            1.485
xdut.vdd__par                             2.97
xdut.vref__par                            2.97
xdut.vss__par                                0
se_ibias                              0.792214
xsecmp.xpre.ptail                     0.615183
xsecmp.pon                             2.15055
xsecmp.preamp_in1                      1.48505
xsecmp.pop                             2.15055
xsecmp.preamp_in2                      1.48505
xsecmp.xpre.xrlp.11                    2.96988
xsecmp.xpre.xrlp.21                    2.15067
xsecmp.xpre.xrln.11                    2.96988
xsecmp.xpre.xrln.21                    2.15067
xsecmp.xlat.ltail                      1.58284
xsecmp.xlat.dip                           2.97
xsecmp.xlat.din                           2.97
xsecmp.outn                               2.97
xsecmp.outp                               2.97
xsecmp.sset                         9.6402e-09
xsecmp.srst                         9.6402e-09
xsecmp.xno1.ps                          2.8142
se_cmpb                                 1.2584
xsecmp.xno2.ps                          2.8142
se_code                                      0
se_dacp                            1.11022e-16
se_dacn                            1.11022e-16
se_di                                  1.48137
se_err                                  510.75
se_aerrh                                     0
bseea#branch                                 0
bsee#branch                                  0
bsedi#branch                                 0
bsedacn#branch                               0
bsedacp#branch                               0
bsecode#branch                               0
lref#branch                        1.96492e-10
v.xsecmp.vpn#branch               -2.72062e-28
v.xsecmp.vpp#branch               -4.48193e-28
vsemode#branch                               0
vsestart#branch                              0
vsevinn#branch                     3.46945e-17
vsevinp#branch                     7.37359e-10
vcms#branch                       -2.13541e-09
vrefs#branch                      -1.96492e-10
vddc#branch                       -0.000315684
vddd#branch                        -1.2196e-09
vddt#branch                                  0
vcmpclkb#branch                              0
vcmpclk#branch                               0
vclk#branch                                  0
a.xsectrl.a_gn#branch_1_0                    0
a.xsectrl.a_gn#branch_1_1                    0
a.xsectrl.a_gn#branch_1_2                    0
a.xsectrl.a_gn#branch_1_3                    0
a.xsectrl.a_gn#branch_1_4                    0
a.xsectrl.a_gn#branch_1_5                    0
a.xsectrl.a_gn#branch_1_6                    0
a.xsectrl.a_gn#branch_1_7                    0
a.xsectrl.a_gn#branch_1_8                    0
a.xsectrl.a_gn#branch_1_9                    0
a.xsectrl.a_gn#branch_1_10                   0
a.xsectrl.a_gn#branch_1_11                   0
a.xsectrl.a_gn#branch_1_12                   0
a.xsectrl.a_gn#branch_1_13                   0
a.xsectrl.a_gn#branch_1_14                   0
a.xsectrl.a_gn#branch_1_15                   0
a.xsectrl.a_gn#branch_1_16                   0
a.xsectrl.a_gn#branch_1_17                   0
a.xsectrl.a_gn#branch_1_18                   0
a.xsectrl.a_gn#branch_1_19                   0
a.xsectrl.a_gn#branch_1_20                   0
a.xsectrl.a_gn#branch_1_21                   0
a.xsectrl.a_gn#branch_1_22                   0
a.xsectrl.a_gn#branch_1_23                   0
a.xsectrl.a_gn#branch_1_24                   0
a.xsectrl.a_gn#branch_1_25                   0
a.xsectrl.a_gn#branch_1_26                   0
a.xsectrl.a_gn#branch_1_27                   0
a.xsectrl.a_gn#branch_1_28                   0
a.xsectrl.a_gn#branch_1_29                   0
a.xsectrl.a_gn#branch_1_30                   0
a.xsectrl.a_gn#branch_1_31                   0
a.xsectrl.a_gn#branch_1_32                   0
a.xsectrl.a_gn#branch_1_33                   0
a.xsectrl.a_gn#branch_1_34                   0
a.xsectrl.a_gn#branch_1_35                   0
a.xsectrl.a_gn#branch_1_36                   0
a.xsectrl.a_gn#branch_1_37                   0
a.xsectrl.a_gn#branch_1_38                   0
a.xsectrl.a_gn#branch_1_39                   0
a.xsectrl.a_gn#branch_1_40                   0
a.xsectrl.a_gn#branch_1_41                   0
a.xsectrl.a_gn#branch_1_42                   0
a.xsectrl.a_gn#branch_1_43                   0
a.xsectrl.a_gn#branch_1_44                   0
a.xsectrl.a_gn#branch_1_45                   0
a.xsectrl.a_gn#branch_1_46                   0
a.xsectrl.a_gn#branch_1_47                   0
a.xsectrl.a_gn#branch_1_48                   0
a.xsectrl.a_gn#branch_1_49                   0
a.xsectrl.a_gn#branch_1_50                   0
a.xsectrl.a_gn#branch_1_51                   0
a.xsectrl.a_gn#branch_1_52                   0
a.xsectrl.a_gn#branch_1_53                   0
a.xsectrl.a_dout#branch_1_0                  0
a.xsectrl.a_dout#branch_1_1                  0
a.xsectrl.a_dout#branch_1_2                  0
a.xsectrl.a_dout#branch_1_3                  0
a.xsectrl.a_dout#branch_1_4                  0
a.xsectrl.a_dout#branch_1_5                  0
a.xsectrl.a_dout#branch_1_6                  0
a.xsectrl.a_dout#branch_1_7                  0
a.xsectrl.a_dout#branch_1_8                  0
a.xsectrl.a_dout#branch_1_9                  0
a.xsectrl.a_dout#branch_1_10                 0
a.xsectrl.a_dout#branch_1_11                 0
a.xsectrl.a_dout#branch_1_12                 0

 Reference value :  0.00000e+00
 Reference value :  2.46400e-09
 Reference value :  2.80657e-09
 Reference value :  2.95811e-09
 Reference value :  5.57190e-09
 Reference value :  3.12558e-08
 Reference value :  3.13574e-08
 Reference value :  3.15694e-08
 Reference value :  3.21136e-08
 Reference value :  3.32924e-08
 Reference value :  4.35102e-08
 Reference value :  6.26249e-08
 Reference value :  6.29921e-08
 Reference value :  7.64790e-08
 Reference value :  9.38768e-08
 Reference value :  9.39572e-08
 Reference value :  9.41230e-08
 Reference value :  9.42919e-08
 Reference value :  9.43714e-08
 Reference value :  9.44652e-08
 Reference value :  9.46339e-08
 Reference value :  9.47563e-08
 Reference value :  9.49865e-08
 Reference value :  9.55038e-08
 Reference value :  9.87109e-08
 Reference value :  1.04711e-07
 Reference value :  1.10711e-07
 Reference value :  1.16711e-07
 Reference value :  1.22711e-07
 Reference value :  1.25010e-07
 Reference value :  1.25100e-07
 Reference value :  1.25103e-07
 Reference value :  1.25115e-07
 Reference value :  1.25154e-07
 Reference value :  1.25184e-07
 Reference value :  1.25200e-07
 Reference value :  1.25205e-07
 Reference value :  1.25237e-07
 Reference value :  1.25299e-07
 Reference value :  1.25402e-07
 Reference value :  1.25448e-07
 Reference value :  1.25492e-07
 Reference value :  1.25571e-07
 Reference value :  1.25653e-07
 Reference value :  1.25745e-07
 Reference value :  1.25869e-07
 Reference value :  1.26204e-07
 Reference value :  1.27957e-07
 Reference value :  1.33607e-07
 Reference value :  1.39607e-07
 Reference value :  1.45607e-07
 Reference value :  1.51607e-07
 Reference value :  1.56250e-07
 Reference value :  1.56256e-07
 Reference value :  1.56277e-07
 Reference value :  1.56298e-07
 Reference value :  1.56316e-07
 Reference value :  1.56334e-07
 Reference value :  1.56350e-07
 Reference value :  1.56354e-07
 Reference value :  1.56378e-07
 Reference value :  1.56400e-07
 Reference value :  1.56417e-07
 Reference value :  1.56450e-07
 Reference value :  1.56468e-07
 Reference value :  1.56577e-07
 Reference value :  1.56755e-07
 Reference value :  1.56814e-07
 Reference value :  1.56855e-07
 Reference value :  1.56897e-07
 Reference value :  1.56945e-07
 Reference value :  1.57007e-07
 Reference value :  1.57120e-07
 Reference value :  1.57229e-07
 Reference value :  1.57348e-07
 Reference value :  1.57570e-07
 Reference value :  1.58027e-07
 Reference value :  1.60657e-07
 Reference value :  1.66657e-07
 Reference value :  1.74657e-07
 Reference value :  1.80657e-07
 Reference value :  1.87500e-07
 Reference value :  1.87530e-07
 Reference value :  1.87600e-07
 Reference value :  1.87603e-07
 Reference value :  1.87625e-07
 Reference value :  1.87654e-07
 Reference value :  1.87684e-07
 Reference value :  1.87700e-07
 Reference value :  1.87711e-07
 Reference value :  1.87766e-07
 Reference value :  1.87902e-07
 Reference value :  1.87992e-07
 Reference value :  1.88071e-07
 Reference value :  1.88153e-07
 Reference value :  1.88245e-07
 Reference value :  1.88454e-07
 Reference value :  1.88954e-07
 Reference value :  1.89766e-07
 Reference value :  1.89781e-07
 Reference value :  1.89818e-07
 Reference value :  1.89848e-07
 Reference value :  1.89910e-07
 Reference value :  1.89976e-07
 Reference value :  1.90008e-07
 Reference value :  1.90048e-07
 Reference value :  1.90077e-07
 Reference value :  1.90120e-07
 Reference value :  1.90194e-07
 Reference value :  1.90321e-07
 Reference value :  1.90783e-07
 Reference value :  1.95810e-07
 Reference value :  2.03810e-07
 Reference value :  2.18818e-07
 Reference value :  2.18854e-07
 Reference value :  2.18879e-07
 Reference value :  2.18918e-07
 Reference value :  2.18950e-07
 Reference value :  2.18968e-07
 Reference value :  2.19079e-07
 Reference value :  2.19259e-07
 Reference value :  2.19316e-07
 Reference value :  2.19357e-07
 Reference value :  2.19399e-07
 Reference value :  2.19447e-07
 Reference value :  2.19487e-07
 Reference value :  2.19546e-07
 Reference value :  2.19680e-07
 Reference value :  2.19735e-07
 Reference value :  2.19854e-07
 Reference value :  2.20077e-07
 Reference value :  2.20535e-07
 Reference value :  2.23184e-07
 Reference value :  2.29184e-07
 Reference value :  2.33184e-07
 Reference value :  2.41184e-07
 Reference value :  2.48592e-07
 Reference value :  2.50010e-07
 Reference value :  2.50065e-07
 Reference value :  2.50101e-07
 Reference value :  2.50115e-07
 Reference value :  2.50139e-07
 Reference value :  2.50170e-07
 Reference value :  2.50200e-07
 Reference value :  2.50200e-07
 Reference value :  2.50237e-07
 Reference value :  2.50653e-07
 Reference value :  2.51204e-07
 Reference value :  2.52665e-07
 Reference value :  2.52852e-07
 Reference value :  2.52913e-07
 Reference value :  2.52946e-07
 Reference value :  2.52960e-07
 Reference value :  2.52985e-07
 Reference value :  2.53012e-07
 Reference value :  2.53059e-07
 Reference value :  2.53149e-07
 Reference value :  2.53255e-07
 Reference value :  2.53980e-07
 Reference value :  2.54585e-07
 Reference value :  2.55468e-07
 Reference value :  2.81439e-07
 Reference value :  2.82485e-07
 Reference value :  3.12764e-07
 Reference value :  3.15009e-07
 Reference value :  3.33146e-07
 Reference value :  3.44111e-07
 Reference value :  3.75154e-07
 Reference value :  3.77366e-07
 Reference value :  3.82791e-07
 Reference value :  4.06506e-07
 Reference value :  4.37654e-07
 Reference value :  4.39803e-07
 Reference value :  4.44936e-07
 Reference value :  4.68952e-07
 Reference value :  4.88898e-07
 Reference value :  5.00648e-07
 Reference value :  5.02673e-07
 Reference value :  5.31309e-07
 Reference value :  5.32267e-07
 Reference value :  5.62700e-07
 Reference value :  5.64849e-07
 Reference value :  5.66448e-07
 Reference value :  5.93909e-07
 Reference value :  6.25030e-07
 Reference value :  6.25780e-07
 Reference value :  6.27927e-07
 Reference value :  6.56366e-07
 Reference value :  6.75819e-07
 Reference value :  6.87999e-07
 Reference value :  6.90147e-07
 Reference value :  7.18797e-07
 Reference value :  7.19283e-07
 Reference value :  7.50200e-07
 Reference value :  7.52401e-07
 Reference value :  7.79214e-07
 Reference value :  7.81571e-07
 Reference value :  7.82750e-07
 Reference value :  8.12625e-07
 Reference value :  8.12711e-07
 Reference value :  8.13103e-07
 Reference value :  8.14938e-07
 Reference value :  8.15326e-07
 Reference value :  8.43778e-07
 Reference value :  8.43950e-07
 Reference value :  8.44538e-07
 Reference value :  8.53251e-07
 Reference value :  8.75201e-07
 Reference value :  8.75781e-07
 Reference value :  8.77487e-07
 Reference value :  8.78059e-07
 Reference value :  9.06303e-07
 Reference value :  9.06882e-07
 Reference value :  9.37603e-07
 Reference value :  9.38131e-07
 Reference value :  9.52961e-07
 Reference value :  9.68856e-07
 Reference value :  9.69344e-07
 Reference value :  9.86241e-07
 Reference value :  1.00051e-06
 Reference value :  1.00259e-06
 Reference value :  1.00345e-06
 Reference value :  1.03135e-06
 Reference value :  1.03212e-06
 Reference value :  1.06260e-06
 Reference value :  1.06352e-06
 Reference value :  1.09389e-06
 Reference value :  1.09510e-06
 Reference value :  1.12522e-06
 Reference value :  1.12695e-06
 Reference value :  1.15632e-06
 Reference value :  1.15696e-06
 Reference value :  1.18761e-06
 Reference value :  1.18977e-06
 Reference value :  1.20981e-06
 Reference value :  1.21908e-06
 Reference value :  1.23892e-06
 Reference value :  1.25061e-06
 Reference value :  1.25301e-06
 Reference value :  1.28128e-06
 Reference value :  1.28180e-06
 Reference value :  1.28538e-06
 Reference value :  1.31294e-06
 Reference value :  1.31505e-06
 Reference value :  1.31508e-06
 Reference value :  1.31532e-06
 Reference value :  1.31935e-06
 Reference value :  1.34245e-06
 Reference value :  1.34376e-06
 Reference value :  1.34384e-06
 Reference value :  1.34386e-06
 Reference value :  1.34387e-06
 Reference value :  1.34389e-06
 Reference value :  1.34396e-06
 Reference value :  1.36130e-06
 Reference value :  1.37520e-06
 Reference value :  1.37576e-06
 Reference value :  1.37777e-06
 Reference value :  1.39015e-06
 Reference value :  1.40657e-06
 Reference value :  1.43765e-06
 Reference value :  1.43979e-06
 Reference value :  1.44377e-06
 Reference value :  1.46882e-06
 Reference value :  1.46883e-06
 Reference value :  1.46884e-06
 Reference value :  1.46889e-06
 Reference value :  1.46895e-06
 Reference value :  1.46899e-06
 Reference value :  1.46901e-06
 Reference value :  1.46912e-06
 Reference value :  1.46924e-06
 Reference value :  1.46942e-06
 Reference value :  1.46964e-06
 Reference value :  1.47051e-06
 Reference value :  1.47490e-06
 Reference value :  1.48490e-06
 Reference value :  1.49490e-06
 Reference value :  1.50001e-06
 Reference value :  1.50006e-06
 Reference value :  1.50010e-06
 Reference value :  1.50012e-06
 Reference value :  1.50015e-06
 Reference value :  1.50018e-06
 Reference value :  1.50020e-06
 Reference value :  1.50021e-06
 Reference value :  1.50024e-06
 Reference value :  1.50030e-06
 Reference value :  1.50038e-06
 Reference value :  1.50055e-06
 Reference value :  1.50070e-06
 Reference value :  1.50079e-06
 Reference value :  1.50102e-06
 Reference value :  1.50166e-06
 Reference value :  1.50227e-06
 Reference value :  1.50228e-06
 Reference value :  1.50234e-06
 Reference value :  1.50240e-06
 Reference value :  1.50246e-06
 Reference value :  1.50251e-06
 Reference value :  1.50255e-06
 Reference value :  1.50258e-06
 Reference value :  1.50262e-06
 Reference value :  1.50270e-06
 Reference value :  1.50282e-06
 Reference value :  1.50310e-06
 Reference value :  1.50329e-06
 Reference value :  1.50350e-06
 Reference value :  1.50394e-06
 Reference value :  1.50478e-06
 Reference value :  1.50574e-06
 Reference value :  1.50795e-06
 Reference value :  1.51288e-06
 Reference value :  1.52288e-06
 Reference value :  1.53125e-06
 Reference value :  1.53127e-06
 Reference value :  1.53128e-06
 Reference value :  1.53130e-06
 Reference value :  1.53133e-06
 Reference value :  1.53134e-06
 Reference value :  1.53135e-06
 Reference value :  1.53136e-06
 Reference value :  1.53139e-06
 Reference value :  1.53144e-06
 Reference value :  1.53145e-06
 Reference value :  1.53149e-06
 Reference value :  1.53158e-06
 Reference value :  1.53166e-06
 Reference value :  1.53176e-06
 Reference value :  1.53189e-06
 Reference value :  1.53201e-06
 Reference value :  1.53217e-06
 Reference value :  1.53264e-06
 Reference value :  1.53762e-06
 Reference value :  1.54762e-06
 Reference value :  1.55562e-06
 Reference value :  1.56251e-06
 Reference value :  1.56256e-06
 Reference value :  1.56260e-06
 Reference value :  1.56262e-06
 Reference value :  1.56267e-06
 Reference value :  1.56270e-06
 Reference value :  1.56271e-06
 Reference value :  1.56276e-06
 Reference value :  1.56289e-06
 Reference value :  1.56296e-06
 Reference value :  1.56311e-06
 Reference value :  1.56325e-06
 Reference value :  1.56345e-06
 Reference value :  1.56429e-06
 Reference value :  1.56477e-06
 Reference value :  1.56480e-06
 Reference value :  1.56485e-06
 Reference value :  1.56491e-06
 Reference value :  1.56497e-06
 Reference value :  1.56501e-06
 Reference value :  1.56505e-06
 Reference value :  1.56508e-06
 Reference value :  1.56512e-06
 Reference value :  1.56520e-06
 Reference value :  1.56532e-06
 Reference value :  1.56545e-06
 Reference value :  1.56559e-06
 Reference value :  1.56583e-06
 Reference value :  1.56624e-06
 Reference value :  1.56718e-06
 Reference value :  1.56912e-06
 Reference value :  1.57542e-06
 Reference value :  1.58342e-06
 Reference value :  1.59142e-06
 Reference value :  1.59376e-06
 Reference value :  1.59377e-06
 Reference value :  1.59380e-06
 Reference value :  1.59383e-06
 Reference value :  1.59384e-06
 Reference value :  1.59385e-06
 Reference value :  1.59387e-06
 Reference value :  1.59391e-06
 Reference value :  1.59394e-06
 Reference value :  1.59395e-06
 Reference value :  1.59399e-06
 Reference value :  1.59404e-06
 Reference value :  1.59411e-06
 Reference value :  1.59426e-06
 Reference value :  1.59444e-06
 Reference value :  1.59466e-06
 Reference value :  1.59506e-06
 Reference value :  1.59722e-06
 Reference value :  1.60122e-06
 Reference value :  1.60722e-06
 Reference value :  1.61722e-06
 Reference value :  1.62501e-06
 Reference value :  1.62506e-06
 Reference value :  1.62510e-06
 Reference value :  1.62512e-06
 Reference value :  1.62515e-06
 Reference value :  1.62518e-06
 Reference value :  1.62520e-06
 Reference value :  1.62522e-06
 Reference value :  1.62530e-06
 Reference value :  1.62540e-06
 Reference value :  1.62548e-06
 Reference value :  1.62560e-06
 Reference value :  1.62568e-06
 Reference value :  1.62578e-06
 Reference value :  1.62601e-06
 Reference value :  1.62668e-06
 Reference value :  1.62727e-06
 Reference value :  1.62729e-06
 Reference value :  1.62736e-06
 Reference value :  1.62746e-06
 Reference value :  1.62751e-06
 Reference value :  1.62755e-06
 Reference value :  1.62758e-06
 Reference value :  1.62762e-06
 Reference value :  1.62767e-06
 Reference value :  1.62781e-06
 Reference value :  1.62799e-06
 Reference value :  1.62830e-06
 Reference value :  1.62902e-06
 Reference value :  1.63179e-06
 Reference value :  1.64083e-06
 Reference value :  1.65083e-06
 Reference value :  1.65626e-06
 Reference value :  1.65628e-06
 Reference value :  1.65630e-06
 Reference value :  1.65632e-06
 Reference value :  1.65634e-06
 Reference value :  1.65635e-06
 Reference value :  1.65636e-06
 Reference value :  1.65639e-06
 Reference value :  1.65643e-06
 Reference value :  1.65645e-06
 Reference value :  1.65648e-06
 Reference value :  1.65657e-06
 Reference value :  1.65661e-06
 Reference value :  1.65673e-06
 Reference value :  1.65692e-06
 Reference value :  1.65711e-06
 Reference value :  1.65742e-06
 Reference value :  1.65982e-06
 Reference value :  1.66582e-06
 Reference value :  1.67582e-06
 Reference value :  1.68382e-06
 Reference value :  1.68753e-06
 Reference value :  1.68760e-06
 Reference value :  1.68760e-06
 Reference value :  1.68762e-06
 Reference value :  1.68765e-06
 Reference value :  1.68768e-06
 Reference value :  1.68770e-06
 Reference value :  1.68772e-06
 Reference value :  1.68780e-06
 Reference value :  1.68791e-06
 Reference value :  1.68795e-06
 Reference value :  1.68800e-06
 Reference value :  1.68814e-06
 Reference value :  1.68827e-06
 Reference value :  1.68842e-06
 Reference value :  1.68881e-06
 Reference value :  1.68977e-06
 Reference value :  1.68979e-06
 Reference value :  1.68990e-06
 Reference value :  1.68996e-06
 Reference value :  1.69001e-06
 Reference value :  1.69005e-06
 Reference value :  1.69008e-06
 Reference value :  1.69010e-06
 Reference value :  1.69015e-06
 Reference value :  1.69023e-06
 Reference value :  1.69038e-06
 Reference value :  1.69056e-06
 Reference value :  1.69085e-06
 Reference value :  1.69182e-06
 Reference value :  1.69468e-06
 Reference value :  1.70232e-06
 Reference value :  1.71232e-06
 Reference value :  1.71876e-06
 Reference value :  1.71878e-06
 Reference value :  1.71880e-06
 Reference value :  1.71882e-06
 Reference value :  1.71882e-06
 Reference value :  1.71884e-06
 Reference value :  1.71885e-06
 Reference value :  1.71886e-06
 Reference value :  1.71888e-06
 Reference value :  1.71893e-06
 Reference value :  1.71895e-06
 Reference value :  1.71898e-06
 Reference value :  1.71906e-06
 Reference value :  1.71915e-06
 Reference value :  1.71918e-06
 Reference value :  1.71928e-06
 Reference value :  1.71947e-06
 Reference value :  1.71966e-06
 Reference value :  1.71996e-06
 Reference value :  1.72213e-06
 Reference value :  1.73013e-06
 Reference value :  1.73813e-06
 Reference value :  1.74613e-06
 Reference value :  1.75003e-06
 Reference value :  1.75010e-06
 Reference value :  1.75010e-06
 Reference value :  1.75012e-06
 Reference value :  1.75015e-06
 Reference value :  1.75018e-06
 Reference value :  1.75020e-06
 Reference value :  1.75022e-06
 Reference value :  1.75030e-06
 Reference value :  1.75040e-06
 Reference value :  1.75045e-06
 Reference value :  1.75053e-06
 Reference value :  1.75066e-06
 Reference value :  1.75075e-06
 Reference value :  1.75096e-06
 Reference value :  1.75149e-06
 Reference value :  1.75227e-06
 Reference value :  1.75228e-06
 Reference value :  1.75233e-06
 Reference value :  1.75244e-06
 Reference value :  1.75248e-06
 Reference value :  1.75253e-06
 Reference value :  1.75257e-06
 Reference value :  1.75259e-06
 Reference value :  1.75264e-06
 Reference value :  1.75276e-06
 Reference value :  1.75292e-06
 Reference value :  1.75319e-06
 Reference value :  1.75481e-06
 Reference value :  1.76121e-06
 Reference value :  1.76721e-06
 Reference value :  1.77521e-06
 Reference value :  1.78125e-06
 Reference value :  1.78126e-06
 Reference value :  1.78128e-06
 Reference value :  1.78130e-06
 Reference value :  1.78132e-06
 Reference value :  1.78135e-06
 Reference value :  1.78136e-06
 Reference value :  1.78139e-06
 Reference value :  1.78141e-06
 Reference value :  1.78145e-06
 Reference value :  1.78147e-06
 Reference value :  1.78157e-06
 Reference value :  1.78173e-06
 Reference value :  1.78181e-06
 Reference value :  1.78192e-06
 Reference value :  1.78201e-06
 Reference value :  1.78207e-06
 Reference value :  1.78209e-06
 Reference value :  1.78211e-06
 Reference value :  1.78218e-06
 Reference value :  1.78223e-06
 Reference value :  1.78228e-06
 Reference value :  1.78242e-06
 Reference value :  1.78266e-06
 Reference value :  1.78317e-06
 Reference value :  1.78627e-06
 Reference value :  1.79427e-06
 Reference value :  1.80227e-06
 Reference value :  1.81027e-06
 Reference value :  1.81253e-06
 Reference value :  1.81260e-06
 Reference value :  1.81262e-06
 Reference value :  1.81265e-06
 Reference value :  1.81270e-06
 Reference value :  1.81270e-06
 Reference value :  1.81272e-06
 Reference value :  1.81280e-06
 Reference value :  1.81295e-06
 Reference value :  1.81299e-06
 Reference value :  1.81303e-06
 Reference value :  1.81310e-06
 Reference value :  1.81315e-06
 Reference value :  1.81328e-06
 Reference value :  1.81352e-06
 Reference value :  1.81424e-06
 Reference value :  1.81477e-06
 Reference value :  1.81479e-06
 Reference value :  1.81487e-06
 Reference value :  1.81494e-06
 Reference value :  1.81496e-06
 Reference value :  1.81501e-06
 Reference value :  1.81504e-06
 Reference value :  1.81507e-06
 Reference value :  1.81514e-06
 Reference value :  1.81523e-06
 Reference value :  1.81540e-06
 Reference value :  1.81584e-06
 Reference value :  1.81764e-06
 Reference value :  1.82279e-06
 Reference value :  1.83079e-06
 Reference value :  1.84079e-06
 Reference value :  1.84376e-06
 Reference value :  1.84378e-06
 Reference value :  1.84381e-06
 Reference value :  1.84383e-06
 Reference value :  1.84384e-06
 Reference value :  1.84385e-06
 Reference value :  1.84388e-06
 Reference value :  1.84392e-06
 Reference value :  1.84395e-06
 Reference value :  1.84397e-06
 Reference value :  1.84403e-06
 Reference value :  1.84418e-06
 Reference value :  1.84424e-06
 Reference value :  1.84435e-06
 Reference value :  1.84444e-06
 Reference value :  1.84452e-06
 Reference value :  1.84455e-06
 Reference value :  1.84460e-06
 Reference value :  1.84467e-06
 Reference value :  1.84476e-06
 Reference value :  1.84495e-06
 Reference value :  1.84524e-06
 Reference value :  1.84725e-06
 Reference value :  1.85325e-06
 Reference value :  1.86125e-06
 Reference value :  1.86925e-06
 Reference value :  1.87501e-06
 Reference value :  1.87506e-06
 Reference value :  1.87510e-06
 Reference value :  1.87512e-06
 Reference value :  1.87515e-06
 Reference value :  1.87518e-06
 Reference value :  1.87520e-06
 Reference value :  1.87521e-06
 Reference value :  1.87527e-06
 Reference value :  1.87540e-06
 Reference value :  1.87549e-06
 Reference value :  1.87557e-06
 Reference value :  1.87562e-06
 Reference value :  1.87573e-06
 Reference value :  1.87593e-06
 Reference value :  1.87634e-06
 Reference value :  1.87727e-06
 Reference value :  1.87729e-06
 Reference value :  1.87736e-06
 Reference value :  1.87746e-06
 Reference value :  1.87754e-06
 Reference value :  1.87756e-06
 Reference value :  1.87759e-06
 Reference value :  1.87763e-06
 Reference value :  1.87767e-06
 Reference value :  1.87775e-06
 Reference value :  1.87788e-06
 Reference value :  1.87806e-06
 Reference value :  1.87826e-06
 Reference value :  1.87901e-06
 Reference value :  1.88067e-06
 Reference value :  1.88515e-06
 Reference value :  1.89315e-06
 Reference value :  1.90115e-06
 Reference value :  1.90626e-06
 Reference value :  1.90628e-06
 Reference value :  1.90630e-06
 Reference value :  1.90633e-06
 Reference value :  1.90634e-06
 Reference value :  1.90635e-06
 Reference value :  1.90637e-06
 Reference value :  1.90641e-06
 Reference value :  1.90645e-06
 Reference value :  1.90646e-06
 Reference value :  1.90651e-06
 Reference value :  1.90656e-06
 Reference value :  1.90662e-06
 Reference value :  1.90676e-06
 Reference value :  1.90688e-06
 Reference value :  1.90709e-06
 Reference value :  1.90748e-06
 Reference value :  1.90940e-06
 Reference value :  1.91740e-06
 Reference value :  1.92540e-06
 Reference value :  1.93340e-06
 Reference value :  1.93751e-06
 Reference value :  1.93756e-06
 Reference value :  1.93760e-06
 Reference value :  1.93762e-06
 Reference value :  1.93765e-06
 Reference value :  1.93768e-06
 Reference value :  1.93770e-06
 Reference value :  1.93771e-06
 Reference value :  1.93776e-06
 Reference value :  1.93787e-06
 Reference value :  1.93799e-06
 Reference value :  1.93808e-06
 Reference value :  1.93817e-06
 Reference value :  1.93833e-06
 Reference value :  1.93858e-06
 Reference value :  1.93932e-06
 Reference value :  1.94007e-06
 Reference value :  1.94323e-06
 Reference value :  1.94923e-06
 Reference value :  1.95723e-06
 Reference value :  1.96523e-06
 Reference value :  1.96876e-06
 Reference value :  1.96878e-06
 Reference value :  1.96882e-06
 Reference value :  1.96883e-06
 Reference value :  1.96884e-06
 Reference value :  1.96885e-06
 Reference value :  1.96886e-06
 Reference value :  1.96888e-06
 Reference value :  1.96892e-06
 Reference value :  1.96895e-06
 Reference value :  1.96898e-06
 Reference value :  1.96900e-06
 Reference value :  1.96907e-06
 Reference value :  1.96910e-06
 Reference value :  1.96923e-06
 Reference value :  1.96934e-06
 Reference value :  1.96946e-06
 Reference value :  1.96970e-06
 Reference value :  1.97035e-06
 Reference value :  1.97421e-06
 Reference value :  1.97821e-06
 Reference value :  1.98621e-06
 Reference value :  1.99221e-06
 Reference value :  2.00000e-06
 Reference value :  2.00003e-06
 Reference value :  2.00010e-06
 Reference value :  2.00010e-06
 Reference value :  2.00013e-06
 Reference value :  2.00015e-06
 Reference value :  2.00018e-06
 Reference value :  2.00020e-06
 Reference value :  2.00021e-06
 Reference value :  2.00026e-06
 Reference value :  2.00034e-06
 Reference value :  2.00046e-06
 Reference value :  2.00055e-06
 Reference value :  2.00070e-06
 Reference value :  2.00080e-06
 Reference value :  2.00102e-06
 Reference value :  2.00162e-06
 Reference value :  2.00227e-06
 Reference value :  2.00229e-06
 Reference value :  2.00238e-06
 Reference value :  2.00244e-06
 Reference value :  2.00247e-06
 Reference value :  2.00251e-06
 Reference value :  2.00255e-06
 Reference value :  2.00257e-06
 Reference value :  2.00260e-06
 Reference value :  2.00264e-06
 Reference value :  2.00267e-06
 Reference value :  2.00270e-06
 Reference value :  2.00275e-06
 Reference value :  2.00281e-06
 Reference value :  2.00284e-06
 Reference value :  2.00289e-06
 Reference value :  2.00292e-06
 Reference value :  2.00296e-06
 Reference value :  2.00300e-06
 Reference value :  2.00307e-06
 Reference value :  2.00316e-06
 Reference value :  2.00332e-06
 Reference value :  2.00354e-06
 Reference value :  2.00385e-06
 Reference value :  2.00435e-06
 Reference value :  2.00525e-06
 Reference value :  2.00670e-06
 Reference value :  2.01079e-06
 Reference value :  2.01679e-06
 Reference value :  2.02679e-06
 Reference value :  2.03126e-06
 Reference value :  2.03128e-06
 Reference value :  2.03132e-06
 Reference value :  2.03134e-06
 Reference value :  2.03135e-06
 Reference value :  2.03137e-06
 Reference value :  2.03139e-06
 Reference value :  2.03142e-06
 Reference value :  2.03145e-06
 Reference value :  2.03147e-06
 Reference value :  2.03156e-06
 Reference value :  2.03166e-06
 Reference value :  2.03177e-06
 Reference value :  2.03182e-06
 Reference value :  2.03195e-06
 Reference value :  2.03200e-06
 Reference value :  2.03208e-06
 Reference value :  2.03210e-06
 Reference value :  2.03212e-06
 Reference value :  2.03217e-06
 Reference value :  2.03221e-06
 Reference value :  2.03229e-06
 Reference value :  2.03245e-06
 Reference value :  2.03270e-06
 Reference value :  2.03328e-06
 Reference value :  2.03893e-06
 Reference value :  2.04693e-06
 Reference value :  2.05493e-06
 Reference value :  2.06250e-06
 Reference value :  2.06253e-06
 Reference value :  2.06260e-06
 Reference value :  2.06260e-06
 Reference value :  2.06262e-06
 Reference value :  2.06265e-06
 Reference value :  2.06268e-06
 Reference value :  2.06270e-06
 Reference value :  2.06271e-06
 Reference value :  2.06277e-06
 Reference value :  2.06290e-06
 Reference value :  2.06299e-06
 Reference value :  2.06307e-06
 Reference value :  2.06312e-06
 Reference value :  2.06323e-06
 Reference value :  2.06343e-06
 Reference value :  2.06384e-06
 Reference value :  2.06647e-06
 Reference value :  2.07247e-06
 Reference value :  2.07847e-06
 Reference value :  2.08647e-06
 Reference value :  2.09375e-06
 Reference value :  2.09377e-06
 Reference value :  2.09378e-06
 Reference value :  2.09380e-06
 Reference value :  2.09382e-06
 Reference value :  2.09383e-06
 Reference value :  2.09385e-06
 Reference value :  2.09387e-06
 Reference value :  2.09389e-06
 Reference value :  2.09392e-06
 Reference value :  2.09395e-06
 Reference value :  2.09397e-06
 Reference value :  2.09402e-06
 Reference value :  2.09407e-06
 Reference value :  2.09425e-06
 Reference value :  2.09431e-06
 Reference value :  2.09435e-06
 Reference value :  2.09439e-06
 Reference value :  2.09444e-06
 Reference value :  2.09447e-06
 Reference value :  2.09453e-06
 Reference value :  2.09467e-06
 Reference value :  2.09487e-06
 Reference value :  2.09501e-06
 Reference value :  2.09541e-06
 Reference value :  2.09938e-06
 Reference value :  2.10738e-06
 Reference value :  2.11738e-06
 Reference value :  2.12500e-06
 Reference value :  2.12503e-06
 Reference value :  2.12510e-06
 Reference value :  2.12510e-06
 Reference value :  2.12512e-06
 Reference value :  2.12515e-06
 Reference value :  2.12518e-06
 Reference value :  2.12520e-06
 Reference value :  2.12521e-06
 Reference value :  2.12527e-06
 Reference value :  2.12540e-06
 Reference value :  2.12549e-06
 Reference value :  2.12553e-06
 Reference value :  2.12565e-06
 Reference value :  2.12574e-06
 Reference value :  2.12595e-06
 Reference value :  2.12695e-06
 Reference value :  2.13360e-06
 Reference value :  2.14160e-06
 Reference value :  2.15160e-06
 Reference value :  2.15626e-06
 Reference value :  2.15628e-06
 Reference value :  2.15630e-06
 Reference value :  2.15632e-06
 Reference value :  2.15633e-06
 Reference value :  2.15635e-06
 Reference value :  2.15635e-06
 Reference value :  2.15638e-06
 Reference value :  2.15640e-06
 Reference value :  2.15642e-06
 Reference value :  2.15645e-06
 Reference value :  2.15647e-06
 Reference value :  2.15658e-06
 Reference value :  2.15676e-06
 Reference value :  2.15687e-06
 Reference value :  2.15696e-06
 Reference value :  2.15701e-06
 Reference value :  2.15704e-06
 Reference value :  2.15707e-06
 Reference value :  2.15714e-06
 Reference value :  2.15726e-06
 Reference value :  2.15737e-06
 Reference value :  2.15759e-06
 Reference value :  2.15803e-06
 Reference value :  2.16051e-06
 Reference value :  2.16651e-06
 Reference value :  2.17451e-06
 Reference value :  2.18251e-06
 Reference value :  2.18750e-06
 Reference value :  2.18753e-06
 Reference value :  2.18760e-06
 Reference value :  2.18760e-06
 Reference value :  2.18762e-06
 Reference value :  2.18765e-06
 Reference value :  2.18768e-06
 Reference value :  2.18770e-06
 Reference value :  2.18771e-06
 Reference value :  2.18774e-06
 Reference value :  2.18785e-06
 Reference value :  2.18790e-06
 Reference value :  2.18799e-06
 Reference value :  2.18807e-06
 Reference value :  2.18815e-06
 Reference value :  2.18824e-06
 Reference value :  2.18845e-06
 Reference value :  2.18895e-06
 Reference value :  2.18977e-06
 Reference value :  2.18978e-06
 Reference value :  2.18985e-06
 Reference value :  2.18991e-06
 Reference value :  2.18998e-06
 Reference value :  2.19003e-06
 Reference value :  2.19006e-06
 Reference value :  2.19008e-06
 Reference value :  2.19012e-06
 Reference value :  2.19019e-06
 Reference value :  2.19032e-06
 Reference value :  2.19129e-06
 Reference value :  2.19581e-06
 Reference value :  2.20381e-06
 Reference value :  2.20981e-06
 Reference value :  2.21728e-06
 Reference value :  2.21876e-06
 Reference value :  2.21878e-06
 Reference value :  2.21881e-06
 Reference value :  2.21883e-06
 Reference value :  2.21883e-06
 Reference value :  2.21885e-06
 Reference value :  2.21887e-06
 Reference value :  2.21890e-06
 Reference value :  2.21892e-06
 Reference value :  2.21895e-06
 Reference value :  2.21897e-06
 Reference value :  2.21908e-06
 Reference value :  2.21918e-06
 Reference value :  2.21933e-06
 Reference value :  2.21937e-06
 Reference value :  2.21941e-06
 Reference value :  2.21946e-06
 Reference value :  2.21951e-06
 Reference value :  2.21957e-06
 Reference value :  2.21970e-06
 Reference value :  2.21982e-06
 Reference value :  2.21994e-06
 Reference value :  2.22009e-06
 Reference value :  2.22052e-06
 Reference value :  2.22492e-06
 Reference value :  2.23092e-06
 Reference value :  2.23692e-06
 Reference value :  2.24492e-06
 Reference value :  2.25000e-06
 Reference value :  2.25003e-06
 Reference value :  2.25010e-06
 Reference value :  2.25010e-06
 Reference value :  2.25012e-06
 Reference value :  2.25014e-06
 Reference value :  2.25015e-06
 Reference value :  2.25018e-06
 Reference value :  2.25020e-06
 Reference value :  2.25021e-06
 Reference value :  2.25024e-06
 Reference value :  2.25030e-06
 Reference value :  2.25040e-06
 Reference value :  2.25045e-06
 Reference value :  2.25049e-06
 Reference value :  2.25057e-06
 Reference value :  2.25065e-06
 Reference value :  2.25074e-06
 Reference value :  2.25087e-06
 Reference value :  2.25105e-06
 Reference value :  2.25195e-06
 Reference value :  2.25267e-06
 Reference value :  2.25269e-06
 Reference value :  2.25277e-06
 Reference value :  2.25280e-06
 Reference value :  2.25283e-06
 Reference value :  2.25285e-06
 Reference value :  2.25290e-06
 Reference value :  2.25291e-06
 Reference value :  2.25295e-06
 Reference value :  2.25297e-06
 Reference value :  2.25300e-06
 Reference value :  2.25303e-06
 Reference value :  2.25311e-06
 Reference value :  2.25326e-06
 Reference value :  2.25345e-06
 Reference value :  2.25364e-06
 Reference value :  2.25398e-06
 Reference value :  2.25478e-06
 Reference value :  2.25547e-06
 Reference value :  2.25659e-06
 Reference value :  2.25893e-06
 Reference value :  2.26460e-06
 Reference value :  2.27060e-06
 Reference value :  2.27860e-06
 Reference value :  2.28126e-06
 Reference value :  2.28128e-06
 Reference value :  2.28130e-06
 Reference value :  2.28132e-06
 Reference value :  2.28134e-06
 Reference value :  2.28135e-06
 Reference value :  2.28136e-06
 Reference value :  2.28140e-06
 Reference value :  2.28144e-06
 Reference value :  2.28145e-06
 Reference value :  2.28148e-06
 Reference value :  2.28154e-06
 Reference value :  2.28156e-06
 Reference value :  2.28167e-06
 Reference value :  2.28180e-06
 Reference value :  2.28184e-06
 Reference value :  2.28188e-06
 Reference value :  2.28192e-06
 Reference value :  2.28197e-06
 Reference value :  2.28202e-06
 Reference value :  2.28215e-06
 Reference value :  2.28230e-06
 Reference value :  2.28264e-06
 Reference value :  2.28393e-06
 Reference value :  2.28938e-06
 Reference value :  2.29538e-06
 Reference value :  2.30338e-06
 Reference value :  2.30938e-06
 Reference value :  2.31251e-06
 Reference value :  2.31253e-06
 Reference value :  2.31260e-06
 Reference value :  2.31260e-06
 Reference value :  2.31262e-06
 Reference value :  2.31265e-06
 Reference value :  2.31268e-06
 Reference value :  2.31270e-06
 Reference value :  2.31271e-06
 Reference value :  2.31274e-06
 Reference value :  2.31283e-06
 Reference value :  2.31287e-06
 Reference value :  2.31299e-06
 Reference value :  2.31304e-06
 Reference value :  2.31312e-06
 Reference value :  2.31314e-06
 Reference value :  2.31316e-06
 Reference value :  2.31323e-06
 Reference value :  2.31340e-06
 Reference value :  2.31358e-06
 Reference value :  2.31433e-06
 Reference value :  2.31477e-06
 Reference value :  2.31479e-06
 Reference value :  2.31486e-06
 Reference value :  2.31496e-06
 Reference value :  2.31501e-06
 Reference value :  2.31503e-06
 Reference value :  2.31507e-06
 Reference value :  2.31508e-06
 Reference value :  2.31510e-06
 Reference value :  2.31517e-06
 Reference value :  2.31527e-06
 Reference value :  2.31540e-06
 Reference value :  2.31571e-06
 Reference value :  2.31638e-06
 Reference value :  2.31730e-06
 Reference value :  2.31809e-06
 Reference value :  2.31935e-06
 Reference value :  2.32075e-06
 Reference value :  2.32294e-06
 Reference value :  2.32715e-06
 Reference value :  2.33515e-06
 Reference value :  2.34245e-06
 Reference value :  2.34376e-06
 Reference value :  2.34378e-06
 Reference value :  2.34380e-06
 Reference value :  2.34382e-06
 Reference value :  2.34384e-06
 Reference value :  2.34385e-06
 Reference value :  2.34386e-06
 Reference value :  2.34387e-06
 Reference value :  2.34389e-06
 Reference value :  2.34392e-06
 Reference value :  2.34395e-06
 Reference value :  2.34396e-06
 Reference value :  2.34400e-06
 Reference value :  2.34411e-06
 Reference value :  2.34423e-06
 Reference value :  2.34435e-06
 Reference value :  2.34446e-06
 Reference value :  2.35130e-06
 Reference value :  2.35530e-06
 Reference value :  2.36130e-06
 Reference value :  2.36730e-06
 Reference value :  2.37500e-06
 Reference value :  2.37503e-06
 Reference value :  2.37510e-06
 Reference value :  2.37510e-06
 Reference value :  2.37512e-06
 Reference value :  2.37515e-06
 Reference value :  2.37518e-06
 Reference value :  2.37520e-06
 Reference value :  2.37521e-06
 Reference value :  2.37524e-06
 Reference value :  2.37533e-06
 Reference value :  2.37727e-06
 Reference value :  2.37740e-06
 Reference value :  2.37746e-06
 Reference value :  2.37751e-06
 Reference value :  2.37758e-06
 Reference value :  2.37759e-06
 Reference value :  2.37765e-06
 Reference value :  2.37773e-06
 Reference value :  2.37782e-06
 Reference value :  2.38047e-06
 Reference value :  2.38170e-06
 Reference value :  2.38343e-06
 Reference value :  2.39015e-06
 Reference value :  2.39615e-06
 Reference value :  2.40415e-06
 Reference value :  2.40625e-06
 Reference value :  2.40628e-06
 Reference value :  2.40633e-06
 Reference value :  2.40634e-06
 Reference value :  2.40635e-06
 Reference value :  2.40641e-06
 Reference value :  2.40723e-06
 Reference value :  2.41226e-06
 Reference value :  2.41626e-06
 Reference value :  2.42226e-06
 Reference value :  2.43026e-06
 Reference value :  2.43750e-06
 Reference value :  2.43753e-06
 Reference value :  2.43760e-06
 Reference value :  2.43760e-06
 Reference value :  2.43765e-06
 Reference value :  2.43771e-06
 Reference value :  2.43774e-06
 Reference value :  2.43803e-06
 Reference value :  2.43817e-06
 Reference value :  2.43832e-06
 Reference value :  2.43857e-06
 Reference value :  2.43977e-06
 Reference value :  2.43979e-06
 Reference value :  2.43986e-06
 Reference value :  2.43996e-06
 Reference value :  2.44001e-06
 Reference value :  2.44005e-06
 Reference value :  2.44008e-06
 Reference value :  2.44009e-06
 Reference value :  2.44013e-06
 Reference value :  2.44021e-06
 Reference value :  2.44028e-06
 Reference value :  2.44130e-06
 Reference value :  2.45816e-06
 Reference value :  2.46876e-06
 Reference value :  2.46878e-06
 Reference value :  2.46942e-06
 Reference value :  2.47490e-06
 Reference value :  2.49490e-06
 Reference value :  2.50001e-06
 Reference value :  2.50010e-06
 Reference value :  2.50012e-06
 Reference value :  2.50014e-06
 Reference value :  2.50020e-06
 Reference value :  2.50021e-06
 Reference value :  2.50045e-06
 Reference value :  2.50055e-06
 Reference value :  2.50065e-06
 Reference value :  2.50074e-06
 Reference value :  2.50085e-06
 Reference value :  2.50102e-06
 Reference value :  2.50166e-06
 Reference value :  2.50227e-06
 Reference value :  2.50234e-06
 Reference value :  2.50244e-06
 Reference value :  2.50249e-06
 Reference value :  2.50258e-06
 Reference value :  2.50262e-06
 Reference value :  2.50300e-06
 Reference value :  2.50320e-06
 Reference value :  2.50339e-06
 Reference value :  2.50376e-06
 Reference value :  2.50442e-06
 Reference value :  2.50574e-06
 Reference value :  2.50795e-06
 Reference value :  2.51288e-06
 Reference value :  2.51888e-06
 Reference value :  2.52688e-06
 Reference value :  2.53126e-06
 Reference value :  2.53128e-06
 Reference value :  2.53152e-06
 Reference value :  2.53189e-06
 Reference value :  2.53201e-06
 Reference value :  2.53217e-06
 Reference value :  2.53264e-06
 Reference value :  2.53562e-06
 Reference value :  2.54162e-06
 Reference value :  2.54762e-06
 Reference value :  2.55362e-06
 Reference value :  2.55962e-06
 Reference value :  2.56251e-06
 Reference value :  2.56256e-06
 Reference value :  2.56262e-06
 Reference value :  2.56265e-06
 Reference value :  2.56268e-06
 Reference value :  2.56271e-06
 Reference value :  2.56274e-06
 Reference value :  2.56280e-06
 Reference value :  2.56289e-06
 Reference value :  2.56306e-06
 Reference value :  2.56315e-06
 Reference value :  2.56330e-06
 Reference value :  2.56345e-06
 Reference value :  2.56369e-06
 Reference value :  2.56477e-06
 Reference value :  2.56477e-06
 Reference value :  2.56479e-06
 Reference value :  2.56485e-06
 Reference value :  2.56491e-06
 Reference value :  2.56497e-06
 Reference value :  2.56501e-06
 Reference value :  2.56505e-06
 Reference value :  2.56506e-06
 Reference value :  2.56509e-06
 Reference value :  2.56514e-06
 Reference value :  2.56523e-06
 Reference value :  2.56538e-06
 Reference value :  2.56552e-06
 Reference value :  2.56566e-06
 Reference value :  2.56594e-06
 Reference value :  2.56645e-06
 Reference value :  2.56774e-06
 Reference value :  2.57009e-06
 Reference value :  2.57542e-06
 Reference value :  2.58342e-06
 Reference value :  2.58942e-06
 Reference value :  2.59376e-06
 Reference value :  2.59377e-06
 Reference value :  2.59380e-06
 Reference value :  2.59383e-06
 Reference value :  2.59384e-06
 Reference value :  2.59385e-06
 Reference value :  2.59387e-06
 Reference value :  2.59390e-06
 Reference value :  2.59391e-06
 Reference value :  2.59394e-06
 Reference value :  2.59395e-06
 Reference value :  2.59397e-06
 Reference value :  2.59401e-06
 Reference value :  2.59407e-06
 Reference value :  2.59420e-06
 Reference value :  2.59426e-06
 Reference value :  2.59457e-06
 Reference value :  2.59475e-06
 Reference value :  2.59539e-06
 Reference value :  2.59922e-06
 Reference value :  2.60522e-06
 Reference value :  2.61322e-06
 Reference value :  2.61922e-06
 Reference value :  2.62501e-06
 Reference value :  2.62506e-06
 Reference value :  2.62510e-06
 Reference value :  2.62512e-06
 Reference value :  2.62514e-06
 Reference value :  2.62515e-06
 Reference value :  2.62518e-06
 Reference value :  2.62520e-06
 Reference value :  2.62521e-06
 Reference value :  2.62524e-06
 Reference value :  2.62535e-06
 Reference value :  2.62540e-06
 Reference value :  2.62544e-06
 Reference value :  2.62552e-06
 Reference value :  2.62560e-06
 Reference value :  2.62568e-06
 Reference value :  2.62578e-06
 Reference value :  2.62601e-06
 Reference value :  2.62668e-06
 Reference value :  2.62727e-06
 Reference value :  2.62729e-06
 Reference value :  2.62736e-06
 Reference value :  2.62744e-06
 Reference value :  2.62746e-06
 Reference value :  2.62751e-06
 Reference value :  2.62753e-06
 Reference value :  2.62758e-06
 Reference value :  2.62760e-06
 Reference value :  2.62764e-06
 Reference value :  2.62769e-06
 Reference value :  2.62776e-06
 Reference value :  2.62787e-06
 Reference value :  2.62799e-06
 Reference value :  2.62820e-06
 Reference value :  2.62857e-06
 Reference value :  2.62943e-06
 Reference value :  2.63179e-06
 Reference value :  2.63683e-06
 Reference value :  2.64283e-06
 Reference value :  2.65083e-06
 Reference value :  2.65626e-06
 Reference value :  2.65628e-06
 Reference value :  2.65630e-06
 Reference value :  2.65632e-06
 Reference value :  2.65634e-06
 Reference value :  2.65635e-06
 Reference value :  2.65636e-06
 Reference value :  2.65639e-06
 Reference value :  2.65643e-06
 Reference value :  2.65645e-06
 Reference value :  2.65646e-06
 Reference value :  2.65654e-06
 Reference value :  2.65659e-06
 Reference value :  2.65668e-06
 Reference value :  2.65686e-06
 Reference value :  2.65698e-06
 Reference value :  2.65719e-06
 Reference value :  2.65761e-06
 Reference value :  2.65982e-06
 Reference value :  2.66382e-06
 Reference value :  2.66982e-06
 Reference value :  2.67782e-06
 Reference value :  2.68566e-06
 Reference value :  2.68770e-06
 Reference value :  2.68772e-06
 Reference value :  2.68785e-06
 Reference value :  2.68795e-06
 Reference value :  2.68800e-06
 Reference value :  2.68809e-06
 Reference value :  2.68818e-06
 Reference value :  2.68827e-06
 Reference value :  2.68842e-06
 Reference value :  2.68881e-06
 Reference value :  2.68977e-06
 Reference value :  2.68979e-06
 Reference value :  2.68986e-06
 Reference value :  2.69001e-06
 Reference value :  2.69005e-06
 Reference value :  2.69008e-06
 Reference value :  2.69010e-06
 Reference value :  2.69015e-06
 Reference value :  2.69023e-06
 Reference value :  2.69038e-06
 Reference value :  2.69056e-06
 Reference value :  2.69085e-06
 Reference value :  2.69142e-06
 Reference value :  2.69253e-06
 Reference value :  2.69832e-06
 Reference value :  2.70432e-06
 Reference value :  2.71232e-06
 Reference value :  2.71875e-06
 Reference value :  2.71877e-06
 Reference value :  2.71879e-06
 Reference value :  2.71880e-06
 Reference value :  2.71882e-06
 Reference value :  2.71883e-06
 Reference value :  2.71885e-06
 Reference value :  2.71885e-06
 Reference value :  2.71886e-06
 Reference value :  2.71888e-06
 Reference value :  2.71893e-06
 Reference value :  2.71895e-06
 Reference value :  2.71896e-06
 Reference value :  2.71902e-06
 Reference value :  2.71911e-06
 Reference value :  2.71915e-06
 Reference value :  2.71918e-06
 Reference value :  2.71924e-06
 Reference value :  2.71940e-06
 Reference value :  2.71960e-06
 Reference value :  2.71983e-06
 Reference value :  2.72014e-06
 Reference value :  2.72213e-06
 Reference value :  2.72613e-06
 Reference value :  2.73213e-06
 Reference value :  2.74013e-06
 Reference value :  2.74613e-06
 Reference value :  2.75001e-06
 Reference value :  2.75006e-06
 Reference value :  2.75010e-06
 Reference value :  2.75011e-06
 Reference value :  2.75014e-06
 Reference value :  2.75015e-06
 Reference value :  2.75018e-06
 Reference value :  2.75020e-06
 Reference value :  2.75021e-06
 Reference value :  2.75027e-06
 Reference value :  2.75053e-06
 Reference value :  2.75062e-06
 Reference value :  2.75070e-06
 Reference value :  2.75081e-06
 Reference value :  2.75107e-06
 Reference value :  2.75203e-06
 Reference value :  2.75227e-06
 Reference value :  2.75228e-06
 Reference value :  2.75233e-06
 Reference value :  2.75240e-06
 Reference value :  2.75246e-06
 Reference value :  2.75251e-06
 Reference value :  2.75258e-06
 Reference value :  2.75260e-06
 Reference value :  2.75267e-06
 Reference value :  2.75276e-06
 Reference value :  2.75286e-06
 Reference value :  2.75308e-06
 Reference value :  2.75361e-06
 Reference value :  2.75589e-06
 Reference value :  2.76121e-06
 Reference value :  2.76721e-06
 Reference value :  2.77321e-06
 Reference value :  2.78023e-06
 Reference value :  2.78125e-06
 Reference value :  2.78127e-06
 Reference value :  2.78129e-06
 Reference value :  2.78131e-06
 Reference value :  2.78133e-06
 Reference value :  2.78135e-06
 Reference value :  2.78135e-06
 Reference value :  2.78137e-06
 Reference value :  2.78139e-06
 Reference value :  2.78141e-06
 Reference value :  2.78145e-06
 Reference value :  2.78147e-06
 Reference value :  2.78157e-06
 Reference value :  2.78173e-06
 Reference value :  2.78181e-06
 Reference value :  2.78187e-06
 Reference value :  2.78201e-06
 Reference value :  2.78207e-06
 Reference value :  2.78211e-06
 Reference value :  2.78220e-06
 Reference value :  2.78225e-06
 Reference value :  2.78236e-06
 Reference value :  2.78250e-06
 Reference value :  2.78277e-06
 Reference value :  2.78450e-06
 Reference value :  2.78827e-06
 Reference value :  2.79627e-06
 Reference value :  2.80427e-06
 Reference value :  2.81139e-06
 Reference value :  2.81251e-06
 Reference value :  2.81253e-06
 Reference value :  2.81260e-06
 Reference value :  2.81260e-06
 Reference value :  2.81262e-06
 Reference value :  2.81265e-06
 Reference value :  2.81268e-06
 Reference value :  2.81270e-06
 Reference value :  2.81272e-06
 Reference value :  2.81280e-06
 Reference value :  2.81290e-06
 Reference value :  2.81299e-06
 Reference value :  2.81307e-06
 Reference value :  2.81312e-06
 Reference value :  2.81319e-06
 Reference value :  2.81328e-06
 Reference value :  2.81352e-06
 Reference value :  2.81424e-06
 Reference value :  2.81477e-06
 Reference value :  2.81479e-06
 Reference value :  2.81487e-06
 Reference value :  2.81490e-06
 Reference value :  2.81496e-06
 Reference value :  2.81498e-06
 Reference value :  2.81502e-06
 Reference value :  2.81507e-06
 Reference value :  2.81512e-06
 Reference value :  2.81517e-06
 Reference value :  2.81527e-06
 Reference value :  2.81550e-06
 Reference value :  2.81621e-06
 Reference value :  2.81897e-06
 Reference value :  2.82479e-06
 Reference value :  2.83479e-06
 Reference value :  2.84227e-06
 Reference value :  2.84376e-06
 Reference value :  2.84378e-06
 Reference value :  2.84381e-06
 Reference value :  2.84383e-06
 Reference value :  2.84384e-06
 Reference value :  2.84385e-06
 Reference value :  2.84387e-06
 Reference value :  2.84390e-06
 Reference value :  2.84393e-06
 Reference value :  2.84395e-06
 Reference value :  2.84399e-06
 Reference value :  2.84412e-06
 Reference value :  2.84421e-06
 Reference value :  2.84427e-06
 Reference value :  2.84440e-06
 Reference value :  2.84448e-06
 Reference value :  2.84452e-06
 Reference value :  2.84454e-06
 Reference value :  2.84455e-06
 Reference value :  2.84460e-06
 Reference value :  2.84465e-06
 Reference value :  2.84467e-06
 Reference value :  2.84472e-06
 Reference value :  2.84488e-06
 Reference value :  2.84503e-06
 Reference value :  2.84524e-06
 Reference value :  2.84725e-06
 Reference value :  2.85325e-06
 Reference value :  2.86325e-06
 Reference value :  2.87125e-06
 Reference value :  2.87503e-06
 Reference value :  2.87510e-06
 Reference value :  2.87511e-06
 Reference value :  2.87512e-06
 Reference value :  2.87515e-06
 Reference value :  2.87518e-06
 Reference value :  2.87520e-06
 Reference value :  2.87521e-06
 Reference value :  2.87527e-06
 Reference value :  2.87540e-06
 Reference value :  2.87545e-06
 Reference value :  2.87549e-06
 Reference value :  2.87557e-06
 Reference value :  2.87562e-06
 Reference value :  2.87573e-06
 Reference value :  2.87593e-06
 Reference value :  2.87674e-06
 Reference value :  2.87727e-06
 Reference value :  2.87730e-06
 Reference value :  2.87744e-06
 Reference value :  2.87749e-06
 Reference value :  2.87754e-06
 Reference value :  2.87756e-06
 Reference value :  2.87759e-06
 Reference value :  2.87763e-06
 Reference value :  2.87767e-06
 Reference value :  2.87775e-06
 Reference value :  2.87788e-06
 Reference value :  2.87806e-06
 Reference value :  2.87826e-06
 Reference value :  2.87901e-06
 Reference value :  2.88067e-06
 Reference value :  2.88515e-06
 Reference value :  2.89715e-06
 Reference value :  2.90470e-06
 Reference value :  2.90626e-06
 Reference value :  2.90628e-06
 Reference value :  2.90630e-06
 Reference value :  2.90633e-06
 Reference value :  2.90635e-06
 Reference value :  2.90636e-06
 Reference value :  2.90639e-06
 Reference value :  2.90641e-06
 Reference value :  2.90645e-06
 Reference value :  2.90646e-06
 Reference value :  2.90653e-06
 Reference value :  2.90659e-06
 Reference value :  2.90666e-06
 Reference value :  2.90682e-06
 Reference value :  2.90695e-06
 Reference value :  2.90718e-06
 Reference value :  2.90778e-06
 Reference value :  2.90940e-06
 Reference value :  2.91540e-06
 Reference value :  2.92340e-06
 Reference value :  2.93140e-06
 Reference value :  2.93750e-06
 Reference value :  2.93753e-06
 Reference value :  2.93760e-06
 Reference value :  2.93760e-06
 Reference value :  2.93763e-06
 Reference value :  2.93765e-06
 Reference value :  2.93768e-06
 Reference value :  2.93770e-06
 Reference value :  2.93772e-06
 Reference value :  2.93776e-06
 Reference value :  2.93787e-06
 Reference value :  2.93799e-06
 Reference value :  2.93808e-06
 Reference value :  2.93817e-06
 Reference value :  2.93833e-06
 Reference value :  2.93858e-06
 Reference value :  2.93932e-06
 Reference value :  2.94007e-06
 Reference value :  2.94154e-06
 Reference value :  2.94523e-06
 Reference value :  2.95123e-06
 Reference value :  2.95923e-06
 Reference value :  2.96875e-06
 Reference value :  2.96877e-06
 Reference value :  2.96878e-06
 Reference value :  2.96882e-06
 Reference value :  2.96883e-06
 Reference value :  2.96884e-06
 Reference value :  2.96885e-06
 Reference value :  2.96886e-06
 Reference value :  2.96888e-06
 Reference value :  2.96892e-06
 Reference value :  2.96895e-06
 Reference value :  2.96898e-06
 Reference value :  2.96903e-06
 Reference value :  2.96910e-06
 Reference value :  2.96923e-06
 Reference value :  2.96940e-06
 Reference value :  2.96961e-06
 Reference value :  2.97002e-06
 Reference value :  2.97421e-06
 Reference value :  2.98021e-06
 Reference value :  2.98811e-06
 Reference value :  2.99060e-06
 Reference value :  2.99700e-06
 Reference value :  3.00001e-06
 Reference value :  3.00006e-06
 Reference value :  3.00010e-06
 Reference value :  3.00012e-06
 Reference value :  3.00015e-06
 Reference value :  3.00018e-06
 Reference value :  3.00020e-06
 Reference value :  3.00021e-06
 Reference value :  3.00026e-06
 Reference value :  3.00034e-06
 Reference value :  3.00046e-06
 Reference value :  3.00055e-06
 Reference value :  3.00065e-06
 Reference value :  3.00080e-06
 Reference value :  3.00094e-06
 Reference value :  3.00133e-06
 Reference value :  3.00227e-06
 Reference value :  3.00231e-06
 Reference value :  3.00241e-06
 Reference value :  3.00246e-06
 Reference value :  3.00248e-06
 Reference value :  3.00255e-06
 Reference value :  3.00257e-06
 Reference value :  3.00260e-06
 Reference value :  3.00264e-06
 Reference value :  3.00267e-06
 Reference value :  3.00270e-06
 Reference value :  3.00275e-06
 Reference value :  3.00281e-06
 Reference value :  3.00286e-06
 Reference value :  3.00292e-06
 Reference value :  3.00296e-06
 Reference value :  3.00299e-06
 Reference value :  3.00304e-06
 Reference value :  3.00312e-06
 Reference value :  3.00326e-06
 Reference value :  3.00345e-06
 Reference value :  3.00374e-06
 Reference value :  3.00415e-06
 Reference value :  3.00456e-06
 Reference value :  3.00525e-06
 Reference value :  3.00671e-06
 Reference value :  3.00921e-06
 Reference value :  3.01282e-06
 Reference value :  3.02082e-06
 Reference value :  3.02682e-06
 Reference value :  3.03125e-06
 Reference value :  3.03127e-06
 Reference value :  3.03128e-06
 Reference value :  3.03131e-06
 Reference value :  3.03133e-06
 Reference value :  3.03134e-06
 Reference value :  3.03135e-06
 Reference value :  3.03136e-06
 Reference value :  3.03138e-06
 Reference value :  3.03140e-06
 Reference value :  3.03142e-06
 Reference value :  3.03145e-06
 Reference value :  3.03146e-06
 Reference value :  3.03156e-06
 Reference value :  3.03172e-06
 Reference value :  3.03180e-06
 Reference value :  3.03189e-06
 Reference value :  3.03204e-06
 Reference value :  3.03210e-06
 Reference value :  3.03214e-06
 Reference value :  3.03218e-06
 Reference value :  3.03223e-06
 Reference value :  3.03228e-06
 Reference value :  3.03241e-06
 Reference value :  3.03255e-06
 Reference value :  3.03285e-06
 Reference value :  3.03513e-06
 Reference value :  3.04113e-06
 Reference value :  3.04713e-06
 Reference value :  3.05513e-06
 Reference value :  3.06250e-06
 Reference value :  3.06253e-06
 Reference value :  3.06260e-06
 Reference value :  3.06260e-06
 Reference value :  3.06262e-06
 Reference value :  3.06265e-06
 Reference value :  3.06268e-06
 Reference value :  3.06270e-06
 Reference value :  3.06271e-06
 Reference value :  3.06277e-06
 Reference value :  3.06290e-06
 Reference value :  3.06299e-06
 Reference value :  3.06307e-06
 Reference value :  3.06312e-06
 Reference value :  3.06319e-06
 Reference value :  3.06335e-06
 Reference value :  3.06364e-06
 Reference value :  3.06503e-06
 Reference value :  3.08047e-06
 Reference value :  3.08847e-06
 Reference value :  3.09377e-06
 Reference value :  3.09402e-06
 Reference value :  3.09480e-06
 Reference value :  3.12520e-06
 Reference value :  3.15360e-06
 Reference value :  3.15683e-06
 Reference value :  3.18750e-06
 Reference value :  3.18820e-06
 Reference value :  3.19010e-06
 Reference value :  3.20781e-06
 Reference value :  3.21888e-06
 Reference value :  3.21892e-06
 Reference value :  3.21895e-06
 Reference value :  3.21897e-06
 Reference value :  3.21934e-06
 Reference value :  3.21976e-06
 Reference value :  3.22020e-06
 Reference value :  3.23306e-06
 Reference value :  3.23906e-06
 Reference value :  3.24706e-06
 Reference value :  3.25001e-06
 Reference value :  3.25006e-06
 Reference value :  3.25010e-06
 Reference value :  3.25012e-06
 Reference value :  3.25014e-06
 Reference value :  3.25020e-06
 Reference value :  3.25020e-06
 Reference value :  3.25021e-06
 Reference value :  3.25024e-06
 Reference value :  3.25035e-06
 Reference value :  3.25040e-06
 Reference value :  3.25049e-06
 Reference value :  3.25057e-06
 Reference value :  3.25065e-06
 Reference value :  3.25074e-06
 Reference value :  3.25145e-06
 Reference value :  3.25280e-06
 Reference value :  3.25354e-06
 Reference value :  3.25379e-06
 Reference value :  3.25398e-06
 Reference value :  3.25478e-06
 Reference value :  3.25547e-06
 Reference value :  3.25659e-06
 Reference value :  3.25894e-06
 Reference value :  3.26463e-06
 Reference value :  3.27263e-06
 Reference value :  3.27863e-06
 Reference value :  3.28126e-06
 Reference value :  3.28128e-06
 Reference value :  3.28130e-06
 Reference value :  3.28132e-06
 Reference value :  3.28140e-06
 Reference value :  3.28167e-06
 Reference value :  3.28179e-06
 Reference value :  3.28184e-06
 Reference value :  3.28188e-06
 Reference value :  3.28193e-06
 Reference value :  3.28198e-06
 Reference value :  3.28203e-06
 Reference value :  3.28225e-06
 Reference value :  3.28252e-06
 Reference value :  3.28425e-06
 Reference value :  3.29802e-06
 Reference value :  3.30602e-06
 Reference value :  3.31250e-06
 Reference value :  3.31253e-06
 Reference value :  3.31260e-06
 Reference value :  3.31260e-06
 Reference value :  3.31263e-06
 Reference value :  3.31267e-06
 Reference value :  3.31268e-06
 Reference value :  3.31270e-06
 Reference value :  3.31271e-06
 Reference value :  3.31276e-06
 Reference value :  3.31287e-06
 Reference value :  3.31300e-06
 Reference value :  3.31307e-06
 Reference value :  3.31314e-06
 Reference value :  3.31316e-06
 Reference value :  3.31323e-06
 Reference value :  3.31333e-06
 Reference value :  3.31349e-06
 Reference value :  3.31374e-06
 Reference value :  3.31476e-06
 Reference value :  3.31477e-06
 Reference value :  3.31479e-06
 Reference value :  3.31486e-06
 Reference value :  3.31494e-06
 Reference value :  3.31499e-06
 Reference value :  3.31501e-06
 Reference value :  3.31505e-06
 Reference value :  3.31508e-06
 Reference value :  3.31510e-06
 Reference value :  3.31517e-06
 Reference value :  3.31523e-06
 Reference value :  3.31532e-06
 Reference value :  3.31550e-06
 Reference value :  3.31638e-06
 Reference value :  3.31730e-06
 Reference value :  3.31770e-06
 Reference value :  3.31851e-06
 Reference value :  3.31977e-06
 Reference value :  3.32074e-06
 Reference value :  3.32293e-06
 Reference value :  3.32714e-06
 Reference value :  3.33514e-06
 Reference value :  3.34244e-06
 Reference value :  3.34376e-06
 Reference value :  3.34378e-06
 Reference value :  3.34380e-06
 Reference value :  3.34382e-06
 Reference value :  3.34384e-06
 Reference value :  3.34385e-06
 Reference value :  3.34385e-06
 Reference value :  3.34387e-06
 Reference value :  3.34389e-06
 Reference value :  3.34393e-06
 Reference value :  3.34396e-06
 Reference value :  3.34400e-06
 Reference value :  3.34411e-06
 Reference value :  3.34423e-06
 Reference value :  3.34435e-06
 Reference value :  3.34446e-06
 Reference value :  3.34471e-06
 Reference value :  3.34536e-06
 Reference value :  3.34930e-06
 Reference value :  3.35530e-06
 Reference value :  3.36130e-06
 Reference value :  3.36730e-06
 Reference value :  3.37315e-06
 Reference value :  3.37503e-06
 Reference value :  3.37510e-06
 Reference value :  3.37510e-06
 Reference value :  3.37513e-06
 Reference value :  3.37515e-06
 Reference value :  3.37518e-06
 Reference value :  3.37520e-06
 Reference value :  3.37521e-06
 Reference value :  3.37524e-06
 Reference value :  3.37530e-06
 Reference value :  3.37536e-06
 Reference value :  3.37543e-06
 Reference value :  3.37553e-06
 Reference value :  3.37567e-06
 Reference value :  3.37576e-06
 Reference value :  3.37623e-06
 Reference value :  3.37726e-06
 Reference value :  3.37727e-06
 Reference value :  3.37729e-06
 Reference value :  3.37733e-06
 Reference value :  3.37740e-06
 Reference value :  3.37746e-06
 Reference value :  3.37751e-06
 Reference value :  3.37755e-06
 Reference value :  3.37758e-06
 Reference value :  3.37759e-06
 Reference value :  3.37765e-06
 Reference value :  3.37773e-06
 Reference value :  3.37789e-06
 Reference value :  3.37848e-06
 Reference value :  3.37934e-06
 Reference value :  3.38018e-06
 Reference value :  3.38083e-06
 Reference value :  3.38279e-06
 Reference value :  3.38643e-06
 Reference value :  3.39215e-06
 Reference value :  3.39815e-06
 Reference value :  3.40520e-06
 Reference value :  3.40626e-06
 Reference value :  3.40629e-06
 Reference value :  3.40633e-06
 Reference value :  3.40635e-06
 Reference value :  3.40636e-06
 Reference value :  3.40639e-06
 Reference value :  3.40642e-06
 Reference value :  3.40645e-06
 Reference value :  3.40648e-06
 Reference value :  3.40653e-06
 Reference value :  3.40668e-06
 Reference value :  3.40680e-06
 Reference value :  3.40691e-06
 Reference value :  3.40713e-06
 Reference value :  3.40796e-06
 Reference value :  3.41226e-06
 Reference value :  3.41826e-06
 Reference value :  3.42626e-06
 Reference value :  3.43426e-06
 Reference value :  3.43751e-06
 Reference value :  3.43756e-06
 Reference value :  3.43760e-06
 Reference value :  3.43762e-06
 Reference value :  3.43765e-06
 Reference value :  3.43768e-06
 Reference value :  3.43770e-06
 Reference value :  3.43772e-06
 Reference value :  3.43780e-06
 Reference value :  3.43786e-06
 Reference value :  3.43798e-06
 Reference value :  3.43813e-06
 Reference value :  3.43821e-06
 Reference value :  3.43839e-06
 Reference value :  3.43873e-06
 Reference value :  3.43976e-06
 Reference value :  3.43977e-06
 Reference value :  3.43979e-06
 Reference value :  3.43986e-06
 Reference value :  3.43996e-06
 Reference value :  3.44001e-06
 Reference value :  3.44005e-06
 Reference value :  3.44008e-06
 Reference value :  3.44011e-06
 Reference value :  3.44018e-06
 Reference value :  3.44028e-06
 Reference value :  3.44042e-06
 Reference value :  3.44083e-06
 Reference value :  3.44114e-06
 Reference value :  3.44147e-06
 Reference value :  3.44188e-06
 Reference value :  3.44245e-06
 Reference value :  3.44332e-06
 Reference value :  3.44494e-06
 Reference value :  3.44821e-06
 Reference value :  3.45416e-06
 Reference value :  3.46216e-06
 Reference value :  3.46875e-06
 Reference value :  3.46877e-06
 Reference value :  3.46879e-06
 Reference value :  3.46881e-06
 Reference value :  3.46883e-06
 Reference value :  3.46885e-06
 Reference value :  3.46886e-06
 Reference value :  3.46888e-06
 Reference value :  3.46890e-06
 Reference value :  3.46893e-06
 Reference value :  3.46895e-06
 Reference value :  3.46899e-06
 Reference value :  3.46901e-06
 Reference value :  3.46990e-06
 Reference value :  3.50020e-06
 Reference value :  3.50227e-06
 Reference value :  3.50231e-06
 Reference value :  3.50249e-06
 Reference value :  3.50255e-06
 Reference value :  3.50258e-06
 Reference value :  3.50262e-06
 Reference value :  3.50270e-06
 Reference value :  3.50349e-06
 Reference value :  3.50572e-06
 Reference value :  3.53142e-06
 Reference value :  3.56251e-06
 Reference value :  3.56315e-06
 Reference value :  3.56477e-06
 Reference value :  3.56594e-06
 Reference value :  3.59388e-06
 Reference value :  3.61712e-06
 Reference value :  3.62548e-06
 Reference value :  3.62753e-06
 Reference value :  3.62781e-06
 Reference value :  3.62857e-06
 Reference value :  3.65645e-06
 Reference value :  3.68753e-06
 Reference value :  3.68841e-06
 Reference value :  3.69073e-06
 Reference value :  3.71888e-06
 Reference value :  3.72109e-06
 Reference value :  3.75027e-06
 Reference value :  3.75227e-06
 Reference value :  3.75253e-06
 Reference value :  3.75256e-06
 Reference value :  3.78130e-06
 Reference value :  3.78199e-06
 Reference value :  3.81256e-06
 Reference value :  3.81328e-06
 Reference value :  3.81550e-06
 Reference value :  3.84393e-06
 Reference value :  3.84471e-06
 Reference value :  3.84745e-06
 Reference value :  3.87517e-06
 Reference value :  3.87728e-06
 Reference value :  3.87919e-06
 Reference value :  3.90644e-06
 Reference value :  3.90758e-06
 Reference value :  3.93776e-06
 Reference value :  3.95689e-06
 Reference value :  3.96896e-06
 Reference value :  3.96934e-06
 Reference value :  3.99060e-06
 Reference value :  4.00046e-06
 Reference value :  4.00257e-06
 Reference value :  4.00342e-06
 Reference value :  4.03136e-06
 Reference value :  4.04317e-06
 Reference value :  4.06300e-06
 Reference value :  4.09382e-06
 Reference value :  4.09398e-06
 Reference value :  4.09440e-06
 Reference value :  4.11529e-06
 Reference value :  4.12561e-06
 Reference value :  4.15635e-06
 Reference value :  4.15814e-06
 Reference value :  4.18777e-06
 Reference value :  4.19001e-06
 Reference value :  4.21881e-06
 Reference value :  4.21886e-06
 Reference value :  4.21892e-06
 Reference value :  4.22501e-06
 Reference value :  4.25035e-06
 Reference value :  4.25293e-06
 Reference value :  4.27963e-06
 Reference value :  4.28170e-06
 Reference value :  4.31268e-06
 Reference value :  4.31477e-06
 Reference value :  4.31513e-06
 Reference value :  4.32143e-06
 Reference value :  4.34384e-06
 Reference value :  4.35359e-06
 Reference value :  4.37501e-06
 Reference value :  4.37576e-06
 Reference value :  4.37792e-06
 Reference value :  4.40635e-06
 Reference value :  4.40707e-06
 Reference value :  4.43761e-06
 Reference value :  4.43777e-06
 Reference value :  4.43812e-06
 Reference value :  4.44014e-06
 Reference value :  4.46881e-06
 Reference value :  4.46946e-06
 Reference value :  4.50020e-06
 Reference value :  4.50231e-06
 Reference value :  4.50486e-06
 Reference value :  4.53144e-06
 Reference value :  4.53219e-06
 Reference value :  4.56276e-06
 Reference value :  4.56503e-06
 Reference value :  4.58542e-06
 Reference value :  4.59395e-06
 Reference value :  4.62500e-06
 Reference value :  4.62520e-06
 Reference value :  4.62547e-06
 Reference value :  4.62729e-06
 Reference value :  4.62758e-06
 Reference value :  4.62949e-06
 Reference value :  4.65630e-06
 Reference value :  4.65641e-06
 Reference value :  4.65698e-06
 Reference value :  4.68753e-06
 Reference value :  4.68772e-06
 Reference value :  4.68822e-06
 Reference value :  4.68850e-06
 Reference value :  4.69005e-06
 Reference value :  4.70213e-06
 Reference value :  4.71887e-06
 Reference value :  4.71944e-06
 Reference value :  4.75010e-06
 Reference value :  4.75040e-06
 Reference value :  4.75231e-06
 Reference value :  4.75273e-06
 Reference value :  4.78130e-06
 Reference value :  4.78167e-06
 Reference value :  4.81086e-06
 Reference value :  4.81260e-06
 Reference value :  4.81307e-06
 Reference value :  4.81500e-06
 Reference value :  4.81545e-06
 Reference value :  4.84375e-06
 Reference value :  4.84397e-06
 Reference value :  4.84402e-06
 Reference value :  4.84412e-06
 Reference value :  4.84424e-06
 Reference value :  4.84429e-06
 Reference value :  4.84434e-06
 Reference value :  4.84437e-06
 Reference value :  4.84443e-06
 Reference value :  4.84458e-06
 Reference value :  4.84485e-06
 Reference value :  4.84515e-06
 Reference value :  4.84627e-06
 Reference value :  4.85151e-06
 Reference value :  4.85751e-06
 Reference value :  4.86551e-06
 Reference value :  4.87325e-06
 Reference value :  4.87510e-06
 Reference value :  4.87510e-06
 Reference value :  4.87512e-06
 Reference value :  4.87524e-06
 Reference value :  4.87545e-06
 Reference value :  4.87565e-06
 Reference value :  4.87744e-06
 Reference value :  4.87945e-06
 Reference value :  4.90637e-06
 Reference value :  4.92325e-06
 Reference value :  4.93783e-06
 Reference value :  4.96087e-06
 Reference value :  4.96915e-06
 Reference value :  5.00015e-06
 Reference value :  5.00234e-06
 Reference value :  5.00290e-06
 Reference value :  5.03126e-06
 Reference value :  5.03185e-06
 Reference value :  5.05535e-06
 Reference value :  5.06312e-06
 Reference value :  5.09385e-06
 Reference value :  5.09470e-06
 Reference value :  5.12518e-06
 Reference value :  5.15161e-06
 Reference value :  5.15688e-06
 Reference value :  5.18757e-06
 Reference value :  5.18870e-06
 Reference value :  5.20030e-06
 Reference value :  5.21899e-06
 Reference value :  5.21977e-06
 Reference value :  5.22900e-06
 Reference value :  5.25015e-06
 Reference value :  5.25061e-06
 Reference value :  5.25280e-06
 Reference value :  5.25293e-06
 Reference value :  5.25605e-06
 Reference value :  5.27970e-06
 Reference value :  5.28137e-06
 Reference value :  5.28148e-06
 Reference value :  5.28223e-06
 Reference value :  5.31270e-06
 Reference value :  5.31487e-06
 Reference value :  5.32186e-06
 Reference value :  5.34395e-06
 Reference value :  5.37510e-06
 Reference value :  5.37726e-06
 Reference value :  5.38026e-06
 Reference value :  5.40644e-06
 Reference value :  5.40702e-06
 Reference value :  5.43753e-06
 Reference value :  5.43815e-06
 Reference value :  5.44023e-06
 Reference value :  5.46884e-06
 Reference value :  5.46954e-06
 Reference value :  5.50020e-06
 Reference value :  5.50240e-06
 Reference value :  5.51138e-06
 Reference value :  5.53147e-06
 Reference value :  5.56261e-06
 Reference value :  5.56477e-06
 Reference value :  5.56594e-06
 Reference value :  5.59391e-06
 Reference value :  5.61522e-06
 Reference value :  5.62552e-06
 Reference value :  5.62751e-06
 Reference value :  5.65625e-06
 Reference value :  5.65686e-06
 Reference value :  5.68770e-06
 Reference value :  5.68977e-06
 Reference value :  5.69185e-06
 Reference value :  5.71895e-06
 Reference value :  5.75003e-06
 Reference value :  5.75096e-06
 Reference value :  5.75292e-06
 Reference value :  5.78138e-06
 Reference value :  5.78301e-06
 Reference value :  5.81290e-06
 Reference value :  5.81498e-06
 Reference value :  5.84379e-06
 Reference value :  5.84441e-06
 Reference value :  5.87503e-06
 Reference value :  5.87578e-06
 Reference value :  5.87874e-06
 Reference value :  5.90645e-06
 Reference value :  5.90880e-06
 Reference value :  5.93787e-06
 Reference value :  5.96312e-06
 Reference value :  5.96915e-06
 Reference value :  6.00014e-06
 Reference value :  6.00231e-06
 Reference value :  6.00290e-06
 Reference value :  6.03126e-06
 Reference value :  6.03186e-06
 Reference value :  6.06270e-06
 Reference value :  6.08740e-06
 Reference value :  6.09412e-06
 Reference value :  6.12506e-06
 Reference value :  6.12575e-06
 Reference value :  6.15640e-06
 Reference value :  6.16803e-06
 Reference value :  6.18761e-06
 Reference value :  6.18830e-06
 Reference value :  6.19231e-06
 Reference value :  6.21896e-06
 Reference value :  6.24313e-06
 Reference value :  6.25070e-06
 Reference value :  6.25317e-06
 Reference value :  6.28134e-06
 Reference value :  6.28670e-06
 Reference value :  6.31283e-06
 Reference value :  6.31509e-06
 Reference value :  6.34378e-06
 Reference value :  6.34444e-06
 Reference value :  6.37518e-06
 Reference value :  6.37740e-06
 Reference value :  6.37893e-06
 Reference value :  6.40639e-06
 Reference value :  6.40728e-06
 Reference value :  6.41375e-06
 Reference value :  6.43757e-06
 Reference value :  6.43770e-06
 Reference value :  6.43811e-06
 Reference value :  6.43981e-06
 Reference value :  6.44008e-06
 Reference value :  6.44298e-06
 Reference value :  6.46881e-06
 Reference value :  6.46885e-06
 Reference value :  6.46924e-06
 Reference value :  6.49662e-06
 Reference value :  6.50024e-06
 Reference value :  6.50064e-06
 Reference value :  6.50234e-06
 Reference value :  6.50634e-06
 Reference value :  6.53145e-06
 Reference value :  6.56260e-06
 Reference value :  6.56476e-06
 Reference value :  6.56581e-06
 Reference value :  6.56757e-06
 Reference value :  6.59384e-06
 Reference value :  6.59505e-06
 Reference value :  6.62521e-06
 Reference value :  6.62744e-06
 Reference value :  6.63422e-06
 Reference value :  6.65646e-06
 Reference value :  6.68756e-06
 Reference value :  6.68841e-06
 Reference value :  6.69035e-06
 Reference value :  6.71886e-06
 Reference value :  6.73026e-06
 Reference value :  6.75045e-06
 Reference value :  6.75258e-06
 Reference value :  6.78132e-06
 Reference value :  6.78294e-06
 Reference value :  6.81285e-06
 Reference value :  6.81502e-06
 Reference value :  6.84381e-06
 Reference value :  6.84395e-06
 Reference value :  6.84447e-06
 Reference value :  6.85538e-06
 Reference value :  6.87518e-06
 Reference value :  6.87580e-06
 Reference value :  6.87751e-06
 Reference value :  6.87827e-06
 Reference value :  6.90627e-06
 Reference value :  6.90635e-06
 Reference value :  6.90683e-06
 Reference value :  6.90692e-06
 Reference value :  6.92777e-06
 Reference value :  6.93786e-06
 Reference value :  6.96332e-06
 Reference value :  6.96929e-06
 Reference value :  7.00018e-06
 Reference value :  7.00241e-06
 Reference value :  7.00296e-06
 Reference value :  7.00530e-06
 Reference value :  7.03136e-06
 Reference value :  7.03218e-06
 Reference value :  7.06260e-06
 Reference value :  7.06364e-06
 Reference value :  7.09392e-06
 Reference value :  7.09458e-06
 Reference value :  7.12512e-06
 Reference value :  7.12796e-06
 Reference value :  7.15645e-06
 Reference value :  7.15739e-06
 Reference value :  7.18770e-06
 Reference value :  7.18991e-06
 Reference value :  7.21879e-06
 Reference value :  7.21951e-06
 Reference value :  7.25010e-06
 Reference value :  7.25195e-06
 Reference value :  7.25437e-06
 Reference value :  7.28137e-06
 Reference value :  7.28223e-06
 Reference value :  7.31263e-06
 Reference value :  7.31314e-06
 Reference value :  7.31510e-06
 Reference value :  7.34378e-06
 Reference value :  7.34425e-06
 Reference value :  7.35866e-06
 Reference value :  7.37549e-06
 Reference value :  7.37759e-06
 Reference value :  7.40628e-06
 Reference value :  7.40687e-06
 Reference value :  7.43762e-06
 Reference value :  7.43871e-06
 Reference value :  7.44091e-06
 Reference value :  7.46886e-06
 Reference value :  7.49033e-06
 Reference value :  7.50064e-06
 Reference value :  7.50267e-06
 Reference value :  7.53130e-06
 Reference value :  7.53230e-06
 Reference value :  7.56272e-06
 Reference value :  7.56501e-06
 Reference value :  7.58130e-06
 Reference value :  7.59395e-06
 Reference value :  7.61708e-06
 Reference value :  7.62551e-06
 Reference value :  7.62760e-06
 Reference value :  7.65626e-06
 Reference value :  7.65674e-06
 Reference value :  7.68764e-06
 Reference value :  7.68770e-06
 Reference value :  7.68994e-06
 Reference value :  7.70592e-06
 Reference value :  7.71910e-06
 Reference value :  7.75010e-06
 Reference value :  7.75089e-06
 Reference value :  7.75277e-06
 Reference value :  7.77964e-06
 Reference value :  7.78133e-06
 Reference value :  7.78143e-06
 Reference value :  7.78190e-06
 Reference value :  7.78239e-06
 Reference value :  7.79142e-06
 Reference value :  7.81260e-06
 Reference value :  7.81280e-06
 Reference value :  7.81295e-06
 Reference value :  7.81346e-06
 Reference value :  7.81477e-06
 Reference value :  7.81480e-06
 Reference value :  7.81490e-06
 Reference value :  7.81500e-06
 Reference value :  7.81556e-06
 Reference value :  7.84387e-06
 Reference value :  7.84408e-06
 Reference value :  7.84527e-06
 Reference value :  7.87530e-06
 Reference value :  7.87756e-06
 Reference value :  7.90627e-06
 Reference value :  7.90695e-06
 Reference value :  7.93771e-06
 Reference value :  7.93957e-06
 Reference value :  7.96882e-06
 Reference value :  7.97094e-06
 Reference value :  8.00030e-06
 Reference value :  8.00253e-06
 Reference value :  8.00318e-06
 Reference value :  8.03133e-06
 Reference value :  8.03214e-06
 Reference value :  8.06260e-06
 Reference value :  8.06384e-06
 Reference value :  8.09393e-06
 Reference value :  8.09542e-06
 Reference value :  8.12535e-06
 Reference value :  8.15630e-06
 Reference value :  8.15708e-06
 Reference value :  8.18765e-06
 Reference value :  8.18985e-06
 Reference value :  8.21876e-06
 Reference value :  8.21946e-06
 Reference value :  8.25010e-06
 Reference value :  8.25095e-06
 Reference value :  8.25340e-06
 Reference value :  8.28135e-06
 Reference value :  8.28202e-06
 Reference value :  8.31265e-06
 Reference value :  8.31477e-06
 Reference value :  8.31839e-06
 Reference value :  8.34389e-06
 Reference value :  8.34468e-06
 Reference value :  8.37520e-06
 Reference value :  8.37740e-06
 Reference value :  8.38157e-06
 Reference value :  8.40630e-06
 Reference value :  8.40689e-06
 Reference value :  8.43760e-06
 Reference value :  8.43857e-06
 Reference value :  8.44075e-06
 Reference value :  8.44456e-06
 Reference value :  8.46898e-06
 Reference value :  8.50003e-06
 Reference value :  8.50093e-06
 Reference value :  8.50289e-06
 Reference value :  8.53133e-06
 Reference value :  8.53402e-06
 Reference value :  8.56272e-06
 Reference value :  8.56497e-06
 Reference value :  8.57333e-06
 Reference value :  8.59397e-06
 Reference value :  8.62510e-06
 Reference value :  8.62630e-06
 Reference value :  8.62821e-06
 Reference value :  8.65628e-06
 Reference value :  8.65705e-06
 Reference value :  8.68771e-06
 Reference value :  8.69001e-06
 Reference value :  8.71876e-06
 Reference value :  8.71919e-06
 Reference value :  8.75015e-06
 Reference value :  8.75227e-06
 Reference value :  8.75654e-06
 Reference value :  8.78145e-06
 Reference value :  8.80704e-06
 Reference value :  8.81315e-06
 Reference value :  8.81520e-06
 Reference value :  8.84385e-06
 Reference value :  8.84456e-06
 Reference value :  8.87512e-06
 Reference value :  8.87727e-06
 Reference value :  8.88132e-06
 Reference value :  8.90645e-06
 Reference value :  8.91015e-06
 Reference value :  8.93786e-06
 Reference value :  8.96336e-06
 Reference value :  8.96946e-06
 Reference value :  9.00020e-06
 Reference value :  9.00241e-06
 Reference value :  9.00296e-06
 Reference value :  9.03127e-06
 Reference value :  9.03193e-06
 Reference value :  9.06270e-06
 Reference value :  9.08741e-06
 Reference value :  9.09421e-06
 Reference value :  9.12510e-06
 Reference value :  9.12606e-06
 Reference value :  9.15645e-06
 Reference value :  9.17410e-06
 Reference value :  9.18753e-06
 Reference value :  9.18837e-06
 Reference value :  9.19431e-06
 Reference value :  9.21897e-06
 Reference value :  9.24353e-06
 Reference value :  9.25065e-06
 Reference value :  9.25313e-06
 Reference value :  9.28134e-06
 Reference value :  9.29369e-06
 Reference value :  9.31280e-06
 Reference value :  9.31505e-06
 Reference value :  9.34375e-06
 Reference value :  9.34430e-06
 Reference value :  9.37503e-06
 Reference value :  9.37576e-06
 Reference value :  9.37804e-06
 Reference value :  9.40628e-06
 Reference value :  9.40642e-06
 Reference value :  9.42806e-06
 Reference value :  9.43815e-06
 Reference value :  9.44020e-06
 Reference value :  9.46882e-06
 Reference value :  9.46943e-06
 Reference value :  9.50014e-06
 Reference value :  9.50152e-06
 Reference value :  9.50328e-06
 Reference value :  9.53136e-06
 Reference value :  9.53420e-06
 Reference value :  9.55417e-06
 Reference value :  9.56260e-06
 Reference value :  9.56270e-06
 Reference value :  9.56330e-06
 Reference value :  9.56497e-06
 Reference value :  9.56545e-06
 Reference value :  9.59250e-06
 Reference value :  9.59393e-06
 Reference value :  9.59414e-06
 Reference value :  9.59423e-06
 Reference value :  9.59573e-06
 Reference value :  9.62500e-06
 Reference value :  9.62515e-06
 Reference value :  9.62727e-06
 Reference value :  9.62881e-06
 Reference value :  9.65645e-06
 Reference value :  9.68753e-06
 Reference value :  9.68841e-06
 Reference value :  9.69037e-06
 Reference value :  9.71889e-06
 Reference value :  9.71902e-06
 Reference value :  9.71944e-06
 Reference value :  9.75001e-06
 Reference value :  9.75011e-06
 Reference value :  9.75020e-06
 Reference value :  9.75040e-06
 Reference value :  9.75227e-06
 Reference value :  9.75255e-06
 Reference value :  9.77092e-06
 Reference value :  9.78127e-06
 Reference value :  9.78132e-06
 Reference value :  9.78296e-06
 Reference value :  9.81290e-06
 Reference value :  9.81506e-06
 Reference value :  9.84382e-06
 Reference value :  9.84466e-06
 Reference value :  9.87520e-06
 Reference value :  9.87565e-06
 Reference value :  9.87587e-06
 Reference value :  9.87746e-06
 Reference value :  9.89959e-06
 Reference value :  9.90680e-06
 Reference value :  9.93770e-06
 Reference value :  9.95380e-06
 Reference value :  9.96912e-06
 Reference value :  9.96948e-06
 Reference value :  1.00002e-05
 Reference value :  1.00024e-05
 Reference value :  1.00030e-05
 Reference value :  1.00313e-05
 Reference value :  1.00322e-05
 Reference value :  1.00628e-05
 Reference value :  1.00938e-05
 Reference value :  1.00946e-05
 Reference value :  1.01252e-05
 Reference value :  1.01456e-05
 Reference value :  1.01566e-05
 Reference value :  1.01842e-05
 Reference value :  1.01882e-05
 Reference value :  1.01905e-05
 Reference value :  1.02189e-05
 Reference value :  1.02317e-05
 Reference value :  1.02505e-05
 Reference value :  1.02530e-05
 Reference value :  1.02813e-05
 Reference value :  1.02821e-05
 Reference value :  1.03127e-05
 Reference value :  1.03150e-05
 Reference value :  1.03292e-05
 Reference value :  1.03441e-05
 Reference value :  1.03539e-05
 Reference value :  1.03752e-05
 Reference value :  1.03774e-05
 Reference value :  1.03902e-05
 Reference value :  1.04065e-05
 Reference value :  1.04376e-05
 Reference value :  1.04399e-05
 Reference value :  1.04451e-05
 Reference value :  1.04690e-05
 Reference value :  1.05001e-05
 Reference value :  1.05003e-05
 Reference value :  1.05023e-05
 Reference value :  1.05071e-05
 Reference value :  1.05314e-05
 Reference value :  1.05320e-05
 Reference value :  1.05625e-05
 Reference value :  1.05626e-05
 Reference value :  1.05648e-05
 Reference value :  1.05677e-05
 Reference value :  1.05939e-05
 Reference value :  1.05942e-05
 Reference value :  1.06251e-05
 Reference value :  1.06267e-05
 Reference value :  1.06298e-05
 Reference value :  1.06565e-05
 Reference value :  1.06876e-05
 Reference value :  1.06880e-05
 Reference value :  1.06899e-05
 Reference value :  1.06901e-05
 Reference value :  1.07188e-05
 Reference value :  1.07191e-05
 Reference value :  1.07283e-05
 Reference value :  1.07502e-05
 Reference value :  1.07523e-05
 Reference value :  1.07526e-05
 Reference value :  1.07813e-05
 Reference value :  1.07817e-05
 Reference value :  1.07977e-05
 Reference value :  1.08127e-05
 Reference value :  1.08130e-05
 Reference value :  1.08150e-05
 Reference value :  1.08151e-05
 Reference value :  1.08182e-05
 Reference value :  1.08438e-05
 Reference value :  1.08439e-05
 Reference value :  1.08439e-05
 Reference value :  1.08439e-05
 Reference value :  1.08439e-05
 Reference value :  1.08439e-05
 Reference value :  1.08440e-05
 Reference value :  1.08440e-05
 Reference value :  1.08441e-05
 Reference value :  1.08442e-05
 Reference value :  1.08443e-05
 Reference value :  1.08444e-05
 Reference value :  1.08445e-05
 Reference value :  1.08447e-05
 Reference value :  1.08449e-05
 Reference value :  1.08453e-05
 Reference value :  1.08750e-05
 Reference value :  1.08751e-05
 Reference value :  1.08755e-05
 Reference value :  1.08757e-05
 Reference value :  1.08775e-05
 Reference value :  1.08795e-05
 Reference value :  1.09063e-05
 Reference value :  1.09064e-05
 Reference value :  1.09064e-05
 Reference value :  1.09066e-05
 Reference value :  1.09068e-05
 Reference value :  1.09071e-05
 Reference value :  1.09071e-05
 Reference value :  1.09072e-05
 Reference value :  1.09072e-05
 Reference value :  1.09078e-05
 Reference value :  1.09099e-05
 Reference value :  1.09139e-05
 Reference value :  1.09199e-05
 Reference value :  1.09279e-05
 Reference value :  1.09339e-05
 Reference value :  1.09375e-05
 Reference value :  1.09375e-05
 Reference value :  1.09376e-05
 Reference value :  1.09376e-05
 Reference value :  1.09376e-05
 Reference value :  1.09377e-05
 Reference value :  1.09377e-05
 Reference value :  1.09381e-05
 Reference value :  1.09392e-05
 Reference value :  1.09480e-05
 Reference value :  1.09689e-05
 Reference value :  1.09785e-05
 Reference value :  1.10000e-05
 Reference value :  1.10004e-05
 Reference value :  1.10025e-05
 Reference value :  1.10030e-05
 Reference value :  1.10284e-05
 Reference value :  1.10314e-05
 Reference value :  1.10371e-05
 Reference value :  1.10629e-05
 Reference value :  1.10924e-05
 Reference value :  1.10943e-05
 Reference value :  1.10948e-05
 Reference value :  1.11252e-05
 Reference value :  1.11496e-05
 Reference value :  1.11569e-05
 Reference value :  1.11572e-05
 Reference value :  1.11617e-05
 Reference value :  1.11877e-05
 Reference value :  1.11884e-05
 Reference value :  1.11901e-05
 Reference value :  1.12188e-05
 Reference value :  1.12189e-05
 Reference value :  1.12198e-05
 Reference value :  1.12207e-05
 Reference value :  1.12501e-05
 Reference value :  1.12503e-05
 Reference value :  1.12507e-05
 Reference value :  1.12532e-05
 Reference value :  1.12814e-05
 Reference value :  1.12821e-05
 Reference value :  1.13126e-05
 Reference value :  1.13131e-05
 Reference value :  1.13150e-05
 Reference value :  1.13437e-05
 Reference value :  1.13444e-05
 Reference value :  1.13751e-05
 Reference value :  1.13758e-05
 Reference value :  1.13776e-05
 Reference value :  1.13799e-05
 Reference value :  1.14063e-05
 Reference value :  1.14070e-05
 Reference value :  1.14377e-05
 Reference value :  1.14400e-05
 Reference value :  1.14544e-05
 Reference value :  1.14689e-05
 Reference value :  1.15001e-05
 Reference value :  1.15016e-05
 Reference value :  1.15033e-05
 Reference value :  1.15314e-05
 Reference value :  1.15382e-05
 Reference value :  1.15626e-05
 Reference value :  1.15628e-05
 Reference value :  1.15650e-05
 Reference value :  1.15857e-05
 Reference value :  1.15942e-05
 Reference value :  1.16252e-05
 Reference value :  1.16273e-05
 Reference value :  1.16346e-05
 Reference value :  1.16565e-05
 Reference value :  1.16875e-05
 Reference value :  1.16880e-05
 Reference value :  1.16901e-05
 Reference value :  1.17169e-05
 Reference value :  1.17189e-05
 Reference value :  1.17191e-05
 Reference value :  1.17501e-05
 Reference value :  1.17510e-05
 Reference value :  1.17532e-05
 Reference value :  1.17814e-05
 Reference value :  1.18086e-05
 Reference value :  1.18126e-05
 Reference value :  1.18140e-05
 Reference value :  1.18166e-05
 Reference value :  1.18439e-05
 Reference value :  1.18750e-05
 Reference value :  1.18757e-05
 Reference value :  1.18777e-05
 Reference value :  1.19063e-05
 Reference value :  1.19071e-05
 Reference value :  1.19377e-05
 Reference value :  1.19406e-05
 Reference value :  1.19689e-05
 Reference value :  1.19697e-05
 Reference value :  1.19970e-05
 Reference value :  1.20006e-05
 Reference value :  1.20027e-05
 Reference value :  1.20042e-05
 Reference value :  1.20314e-05
 Reference value :  1.20323e-05
 Reference value :  1.20627e-05
 Reference value :  1.20725e-05
 Reference value :  1.20940e-05
 Reference value :  1.21020e-05
 Reference value :  1.21255e-05
 Reference value :  1.21563e-05
 Reference value :  1.21571e-05
 Reference value :  1.21876e-05
 Reference value :  1.21898e-05
 Reference value :  1.22043e-05
 Reference value :  1.22190e-05
 Reference value :  1.22200e-05
 Reference value :  1.22438e-05
 Reference value :  1.22507e-05
 Reference value :  1.22531e-05
 Reference value :  1.22813e-05
 Reference value :  1.22821e-05
 Reference value :  1.23127e-05
 Reference value :  1.23148e-05
 Reference value :  1.23279e-05
 Reference value :  1.23442e-05
 Reference value :  1.23712e-05
 Reference value :  1.23756e-05
 Reference value :  1.23776e-05
 Reference value :  1.24063e-05
 Reference value :  1.24079e-05
 Reference value :  1.24377e-05
 Reference value :  1.24400e-05
 Reference value :  1.24676e-05
 Reference value :  1.24693e-05
 Reference value :  1.25002e-05
 Reference value :  1.25023e-05
 Reference value :  1.25036e-05
 Reference value :  1.25225e-05
 Reference value :  1.25313e-05
 Reference value :  1.25314e-05
 Reference value :  1.25340e-05
 Reference value :  1.25611e-05
 Reference value :  1.25625e-05
 Reference value :  1.25626e-05
 Reference value :  1.25629e-05
 Reference value :  1.25648e-05
 Reference value :  1.25652e-05
 Reference value :  1.25664e-05
 Reference value :  1.25938e-05
 Reference value :  1.25944e-05
 Reference value :  1.26252e-05
 Reference value :  1.26274e-05
 Reference value :  1.26425e-05
 Reference value :  1.26566e-05
 Reference value :  1.26859e-05
 Reference value :  1.26877e-05
 Reference value :  1.26900e-05
 Reference value :  1.27188e-05
 Reference value :  1.27190e-05
 Reference value :  1.27501e-05
 Reference value :  1.27509e-05
 Reference value :  1.27529e-05
 Reference value :  1.27814e-05
 Reference value :  1.27908e-05
 Reference value :  1.28127e-05
 Reference value :  1.28134e-05
 Reference value :  1.28155e-05
 Reference value :  1.28407e-05
 Reference value :  1.28438e-05
 Reference value :  1.28441e-05
 Reference value :  1.28447e-05
 Reference value :  1.28708e-05
 Reference value :  1.28752e-05
 Reference value :  1.28756e-05
 Reference value :  1.28775e-05
 Reference value :  1.28776e-05
 Reference value :  1.28830e-05
 Reference value :  1.29064e-05
 Reference value :  1.29070e-05
 Reference value :  1.29162e-05
 Reference value :  1.29375e-05
 Reference value :  1.29383e-05
 Reference value :  1.29688e-05
 Reference value :  1.29699e-05
 Reference value :  1.30002e-05
 Reference value :  1.30025e-05
 Reference value :  1.30030e-05
 Reference value :  1.30313e-05
 Reference value :  1.30319e-05
 Reference value :  1.30495e-05
 Reference value :  1.30630e-05
 Reference value :  1.30938e-05
 Reference value :  1.30946e-05
 Reference value :  1.31252e-05
 Reference value :  1.31270e-05
 Reference value :  1.31565e-05
 Reference value :  1.31782e-05
 Reference value :  1.31881e-05
 Reference value :  1.31902e-05
 Reference value :  1.32175e-05
 Reference value :  1.32189e-05
 Reference value :  1.32190e-05
 Reference value :  1.32195e-05
 Reference value :  1.32460e-05
 Reference value :  1.32502e-05
 Reference value :  1.32507e-05
 Reference value :  1.32515e-05
 Reference value :  1.32531e-05
 Reference value :  1.32532e-05
 Reference value :  1.32597e-05
 Reference value :  1.32815e-05
 Reference value :  1.33007e-05
 Reference value :  1.33131e-05
 Reference value :  1.33151e-05
 Reference value :  1.33438e-05
 Reference value :  1.33444e-05
 Reference value :  1.33752e-05
 Reference value :  1.33773e-05
 Reference value :  1.33796e-05
 Reference value :  1.34064e-05
 Reference value :  1.34066e-05
 Reference value :  1.34375e-05
 Reference value :  1.34383e-05
 Reference value :  1.34404e-05
 Reference value :  1.34688e-05
 Reference value :  1.34695e-05
 Reference value :  1.35002e-05
 Reference value :  1.35023e-05
 Reference value :  1.35049e-05
 Reference value :  1.35314e-05
 Reference value :  1.35626e-05
 Reference value :  1.35635e-05
 Reference value :  1.35656e-05
 Reference value :  1.35939e-05
 Reference value :  1.36071e-05
 Reference value :  1.36256e-05
 Reference value :  1.36276e-05
 Reference value :  1.36563e-05
 Reference value :  1.36607e-05
 Reference value :  1.36879e-05
 Reference value :  1.36901e-05
 Reference value :  1.37188e-05
 Reference value :  1.37199e-05
 Reference value :  1.37503e-05
 Reference value :  1.37524e-05
 Reference value :  1.37813e-05
 Reference value :  1.37816e-05
 Reference value :  1.38126e-05
 Reference value :  1.38145e-05
 Reference value :  1.38162e-05
 Reference value :  1.38440e-05
 Reference value :  1.38750e-05
 Reference value :  1.38755e-05
 Reference value :  1.38776e-05
 Reference value :  1.39063e-05
 Reference value :  1.39065e-05
 Reference value :  1.39184e-05
 Reference value :  1.39378e-05
 Reference value :  1.39688e-05
 Reference value :  1.39695e-05
 Reference value :  1.40002e-05
 Reference value :  1.40024e-05
 Reference value :  1.40029e-05
 Reference value :  1.40313e-05
 Reference value :  1.40317e-05
 Reference value :  1.40326e-05
 Reference value :  1.40627e-05
 Reference value :  1.40938e-05
 Reference value :  1.40942e-05
 Reference value :  1.41251e-05
 Reference value :  1.41261e-05
 Reference value :  1.41564e-05
 Reference value :  1.41722e-05
 Reference value :  1.41880e-05
 Reference value :  1.41901e-05
 Reference value :  1.42189e-05
 Reference value :  1.42205e-05
 Reference value :  1.42504e-05
 Reference value :  1.42529e-05
 Reference value :  1.42734e-05
 Reference value :  1.42817e-05
 Reference value :  1.43126e-05
 Reference value :  1.43132e-05
 Reference value :  1.43153e-05
 Reference value :  1.43439e-05
 Reference value :  1.43446e-05
 Reference value :  1.43752e-05
 Reference value :  1.43763e-05
 Reference value :  1.43779e-05
 Reference value :  1.44063e-05
 Reference value :  1.44070e-05
 Reference value :  1.44377e-05
 Reference value :  1.44377e-05
 Reference value :  1.44379e-05
 Reference value :  1.44398e-05
 Reference value :  1.44402e-05
 Reference value :  1.44669e-05
 Reference value :  1.44689e-05
 Reference value :  1.44709e-05
 Reference value :  1.45002e-05
 Reference value :  1.45007e-05
 Reference value :  1.45010e-05
 Reference value :  1.45026e-05
 Reference value :  1.45032e-05
 Reference value :  1.45077e-05
 Reference value :  1.45237e-05
 Reference value :  1.45313e-05
 Reference value :  1.45315e-05
 Reference value :  1.45461e-05
 Reference value :  1.45629e-05
 Reference value :  1.45651e-05
 Reference value :  1.45938e-05
 Reference value :  1.45942e-05
 Reference value :  1.46252e-05
 Reference value :  1.46263e-05
 Reference value :  1.46280e-05
 Reference value :  1.46563e-05
 Reference value :  1.46566e-05
 Reference value :  1.46876e-05
 Reference value :  1.46898e-05
 Reference value :  1.46901e-05
 Reference value :  1.47188e-05
 Reference value :  1.47197e-05
 Reference value :  1.47502e-05
 Reference value :  1.47525e-05
 Reference value :  1.47791e-05
 Reference value :  1.47816e-05
 Reference value :  1.48125e-05
 Reference value :  1.48132e-05
 Reference value :  1.48152e-05
 Reference value :  1.48439e-05
 Reference value :  1.48446e-05
 Reference value :  1.48751e-05
 Reference value :  1.48767e-05
 Reference value :  1.48782e-05
 Reference value :  1.49064e-05
 Reference value :  1.49070e-05
 Reference value :  1.49376e-05
 Reference value :  1.49385e-05
 Reference value :  1.49689e-05
 Reference value :  1.49883e-05
 Reference value :  1.50005e-05
 Reference value :  1.50026e-05
 Reference value :  1.50039e-05
 Reference value :  1.50314e-05
 Reference value :  1.50322e-05
 Reference value :  1.50626e-05
 Reference value :  1.50665e-05
 Reference value :  1.50921e-05
 Reference value :  1.50938e-05
 Reference value :  1.50941e-05
 Reference value :  1.50949e-05
 Reference value :  1.51251e-05
 Reference value :  1.51254e-05
 Reference value :  1.51280e-05
 Reference value :  1.51563e-05
 Reference value :  1.51564e-05
 Reference value :  1.51564e-05
 Reference value :  1.51565e-05
 Reference value :  1.51571e-05
 Reference value :  1.51877e-05
 Reference value :  1.51898e-05
 Reference value :  1.52163e-05
 Reference value :  1.52194e-05
 Reference value :  1.52484e-05
 Reference value :  1.52502e-05
 Reference value :  1.52528e-05
 Reference value :  1.52556e-05
 Reference value :  1.52814e-05
 Reference value :  1.52868e-05
 Reference value :  1.53129e-05
 Reference value :  1.53150e-05
 Reference value :  1.53438e-05
 Reference value :  1.53444e-05
 Reference value :  1.53751e-05
 Reference value :  1.53757e-05
 Reference value :  1.53776e-05
 Reference value :  1.54063e-05
 Reference value :  1.54070e-05
 Reference value :  1.54377e-05
 Reference value :  1.54398e-05
 Reference value :  1.54417e-05
 Reference value :  1.54689e-05
 Reference value :  1.55000e-05
 Reference value :  1.55008e-05
 Reference value :  1.55029e-05
 Reference value :  1.55314e-05
 Reference value :  1.55402e-05
 Reference value :  1.55630e-05
 Reference value :  1.55651e-05
 Reference value :  1.55938e-05
 Reference value :  1.55944e-05
 Reference value :  1.56252e-05
 Reference value :  1.56274e-05
 Reference value :  1.56361e-05
 Reference value :  1.56565e-05
 Reference value :  1.56875e-05
 Reference value :  1.56877e-05
 Reference value :  1.56899e-05
 Reference value :  1.56998e-05
 Reference value :  1.57190e-05
 Reference value :  1.57501e-05
 Reference value :  1.57506e-05
 Reference value :  1.57527e-05
 Reference value :  1.57814e-05
 Reference value :  1.57868e-05
 Reference value :  1.58130e-05
 Reference value :  1.58151e-05
 Reference value :  1.58438e-05
 Reference value :  1.58445e-05
 Reference value :  1.58752e-05
 Reference value :  1.58773e-05
 Reference value :  1.58822e-05
 Reference value :  1.59064e-05
 Reference value :  1.59079e-05
 Reference value :  1.59377e-05
 Reference value :  1.59405e-05
 Reference value :  1.59689e-05
 Reference value :  1.60000e-05
 Reference value :  1.60011e-05
 Reference value :  1.60027e-05
 Reference value :  1.60162e-05
 Reference value :  1.60315e-05
 Reference value :  1.60327e-05
 Reference value :  1.60628e-05
 Reference value :  1.60938e-05
 Reference value :  1.60943e-05
 Reference value :  1.61251e-05
 Reference value :  1.61252e-05
 Reference value :  1.61257e-05
 Reference value :  1.61563e-05
 Reference value :  1.61565e-05
 Reference value :  1.61571e-05
 Reference value :  1.61806e-05
 Reference value :  1.61877e-05
 Reference value :  1.61884e-05
 Reference value :  1.61901e-05
 Reference value :  1.61905e-05
 Reference value :  1.61923e-05
 Reference value :  1.61983e-05
 Reference value :  1.62188e-05
 Reference value :  1.62188e-05
 Reference value :  1.62191e-05
 Reference value :  1.62196e-05
 Reference value :  1.62202e-05
 Reference value :  1.62501e-05
 Reference value :  1.62504e-05
 Reference value :  1.62507e-05
 Reference value :  1.62520e-05
 Reference value :  1.62529e-05
 Reference value :  1.62593e-05
 Reference value :  1.62815e-05
 Reference value :  1.62819e-05
 Reference value :  1.62942e-05
 Reference value :  1.63126e-05
 Reference value :  1.63127e-05
 Reference value :  1.63128e-05
 Reference value :  1.63148e-05
 Reference value :  1.63179e-05
 Reference value :  1.63440e-05
 Reference value :  1.63750e-05
 Reference value :  1.63757e-05
 Reference value :  1.63778e-05
 Reference value :  1.64064e-05
 Reference value :  1.64068e-05
 Reference value :  1.64375e-05
 Reference value :  1.64382e-05
 Reference value :  1.64401e-05
 Reference value :  1.64431e-05
 Reference value :  1.64688e-05
 Reference value :  1.64688e-05
 Reference value :  1.64783e-05
 Reference value :  1.65005e-05
 Reference value :  1.65026e-05
 Reference value :  1.65313e-05
 Reference value :  1.65323e-05
 Reference value :  1.65626e-05
 Reference value :  1.65648e-05
 Reference value :  1.65656e-05
 Reference value :  1.65939e-05
 Reference value :  1.66172e-05
 Reference value :  1.66251e-05
 Reference value :  1.66252e-05
 Reference value :  1.66257e-05
 Reference value :  1.66277e-05
 Reference value :  1.66564e-05
 Reference value :  1.66661e-05
 Reference value :  1.66880e-05
 Reference value :  1.66901e-05
 Reference value :  1.67188e-05
 Reference value :  1.67194e-05
 Reference value :  1.67502e-05
 Reference value :  1.67524e-05
 Reference value :  1.67634e-05
 Reference value :  1.67815e-05
 Reference value :  1.67817e-05
 Reference value :  1.68125e-05
 Reference value :  1.68132e-05
 Reference value :  1.68152e-05
 Reference value :  1.68439e-05
 Reference value :  1.68477e-05
 Reference value :  1.68752e-05
 Reference value :  1.68754e-05
 Reference value :  1.68765e-05
 Reference value :  1.68776e-05
 Reference value :  1.68904e-05
 Reference value :  1.69064e-05
 Reference value :  1.69069e-05
 Reference value :  1.69298e-05
 Reference value :  1.69377e-05
 Reference value :  1.69381e-05
 Reference value :  1.69551e-05
 Reference value :  1.69631e-05
 Reference value :  1.69688e-05
 Reference value :  1.69693e-05
 Reference value :  1.70002e-05
 Reference value :  1.70024e-05
 Reference value :  1.70030e-05
 Reference value :  1.70313e-05
 Reference value :  1.70316e-05
 Reference value :  1.70319e-05
 Reference value :  1.70327e-05
 Reference value :  1.70629e-05
 Reference value :  1.70938e-05
 Reference value :  1.70943e-05
 Reference value :  1.71252e-05
 Reference value :  1.71516e-05
 Reference value :  1.71564e-05
 Reference value :  1.71569e-05
 Reference value :  1.71781e-05
 Reference value :  1.71876e-05
 Reference value :  1.71882e-05
 Reference value :  1.71908e-05
 Reference value :  1.72190e-05
 Reference value :  1.72201e-05
 Reference value :  1.72415e-05
 Reference value :  1.72505e-05
 Reference value :  1.72530e-05
 Reference value :  1.72813e-05
 Reference value :  1.72815e-05
 Reference value :  1.72820e-05
 Reference value :  1.73126e-05
 Reference value :  1.73129e-05
 Reference value :  1.73148e-05
 Reference value :  1.73158e-05
 Reference value :  1.73438e-05
 Reference value :  1.73442e-05
 Reference value :  1.73751e-05
 Reference value :  1.73754e-05
 Reference value :  1.73775e-05
 Reference value :  1.73845e-05
 Reference value :  1.74064e-05
 Reference value :  1.74068e-05
 Reference value :  1.74071e-05
 Reference value :  1.74335e-05
 Reference value :  1.74376e-05
 Reference value :  1.74377e-05
 Reference value :  1.74379e-05
 Reference value :  1.74380e-05
 Reference value :  1.74380e-05
 Reference value :  1.74381e-05
 Reference value :  1.74381e-05
 Reference value :  1.74382e-05
 Reference value :  1.74383e-05
 Reference value :  1.74385e-05
 Reference value :  1.74392e-05
 Reference value :  1.74398e-05
 Reference value :  1.74399e-05
 Reference value :  1.74400e-05
 Reference value :  1.74400e-05
 Reference value :  1.74401e-05
 Reference value :  1.74404e-05
 Reference value :  1.74417e-05
 Reference value :  1.74688e-05
 Reference value :  1.74692e-05
 Reference value :  1.74837e-05
 Reference value :  1.75005e-05
 Reference value :  1.75025e-05
 Reference value :  1.75313e-05
 Reference value :  1.75317e-05
 Reference value :  1.75423e-05
 Reference value :  1.75626e-05
 Reference value :  1.75648e-05
 Reference value :  1.75650e-05
 Reference value :  1.75651e-05
 Reference value :  1.75670e-05
 Reference value :  1.75940e-05
 Reference value :  1.75967e-05
 Reference value :  1.76206e-05
 Reference value :  1.76251e-05
 Reference value :  1.76273e-05
 Reference value :  1.76342e-05
 Reference value :  1.76565e-05
 Reference value :  1.76876e-05
 Reference value :  1.76891e-05
 Reference value :  1.76907e-05
 Reference value :  1.77190e-05
 Reference value :  1.77482e-05
 Reference value :  1.77505e-05
 Reference value :  1.77524e-05
 Reference value :  1.77530e-05
 Reference value :  1.77813e-05
 Reference value :  1.77817e-05
 Reference value :  1.78126e-05
 Reference value :  1.78148e-05
 Reference value :  1.78259e-05
 Reference value :  1.78441e-05
 Reference value :  1.78751e-05
 Reference value :  1.78759e-05
 Reference value :  1.78778e-05
 Reference value :  1.79063e-05
 Reference value :  1.79089e-05
 Reference value :  1.79205e-05
 Reference value :  1.79376e-05
 Reference value :  1.79396e-05
 Reference value :  1.79689e-05
 Reference value :  1.79985e-05
 Reference value :  1.80007e-05
 Reference value :  1.80025e-05
 Reference value :  1.80027e-05
 Reference value :  1.80028e-05
 Reference value :  1.80031e-05
 Reference value :  1.80313e-05
 Reference value :  1.80319e-05
 Reference value :  1.80626e-05
 Reference value :  1.80627e-05
 Reference value :  1.80629e-05
 Reference value :  1.80664e-05
 Reference value :  1.80939e-05
 Reference value :  1.81173e-05
 Reference value :  1.81257e-05
 Reference value :  1.81563e-05
 Reference value :  1.81564e-05
 Reference value :  1.81571e-05
 Reference value :  1.81876e-05
 Reference value :  1.81877e-05
 Reference value :  1.81882e-05
 Reference value :  1.81898e-05
 Reference value :  1.81901e-05
 Reference value :  1.82188e-05
 Reference value :  1.82190e-05
 Reference value :  1.82200e-05
 Reference value :  1.82501e-05
 Reference value :  1.82502e-05
 Reference value :  1.82528e-05
 Reference value :  1.82532e-05
 Reference value :  1.82533e-05
 Reference value :  1.82537e-05
 Reference value :  1.82541e-05
 Reference value :  1.82549e-05
 Reference value :  1.82556e-05
 Reference value :  1.82568e-05
 Reference value :  1.82583e-05
 Reference value :  1.82636e-05
 Reference value :  1.82716e-05
 Reference value :  1.82776e-05
 Reference value :  1.82813e-05
 Reference value :  1.82813e-05
 Reference value :  1.82813e-05
 Reference value :  1.82813e-05
 Reference value :  1.82813e-05
 Reference value :  1.82814e-05
 Reference value :  1.82814e-05
 Reference value :  1.82815e-05
 Reference value :  1.82819e-05
 Reference value :  1.83126e-05
 Reference value :  1.83128e-05
 Reference value :  1.83143e-05
 Reference value :  1.83152e-05
 Reference value :  1.83153e-05
 Reference value :  1.83186e-05
 Reference value :  1.83440e-05
 Reference value :  1.83751e-05
 Reference value :  1.83758e-05
 Reference value :  1.83776e-05
 Reference value :  1.84063e-05
 Reference value :  1.84161e-05
 Reference value :  1.84380e-05
 Reference value :  1.84401e-05
 Reference value :  1.84688e-05
 Reference value :  1.84689e-05
 Reference value :  1.84690e-05
 Reference value :  1.85002e-05
 Reference value :  1.85023e-05
 Reference value :  1.85052e-05
 Reference value :  1.85315e-05
 Reference value :  1.85626e-05
 Reference value :  1.85629e-05
 Reference value :  1.85633e-05
 Reference value :  1.85651e-05
 Reference value :  1.85938e-05
 Reference value :  1.85946e-05
 Reference value :  1.86252e-05
 Reference value :  1.86275e-05
 Reference value :  1.86563e-05
 Reference value :  1.86564e-05
 Reference value :  1.86565e-05
 Reference value :  1.86569e-05
 Reference value :  1.86738e-05
 Reference value :  1.86875e-05
 Reference value :  1.86876e-05
 Reference value :  1.86877e-05
 Reference value :  1.86878e-05
 Reference value :  1.86881e-05
 Reference value :  1.86898e-05
 Reference value :  1.86898e-05
 Reference value :  1.86898e-05
 Reference value :  1.86900e-05
 Reference value :  1.87188e-05
 Reference value :  1.87189e-05
 Reference value :  1.87197e-05
 Reference value :  1.87501e-05
 Reference value :  1.87504e-05
 Reference value :  1.87525e-05
 Reference value :  1.87542e-05
 Reference value :  1.87772e-05
 Reference value :  1.87813e-05
 Reference value :  1.87814e-05
 Reference value :  1.87815e-05
 Reference value :  1.87821e-05
 Reference value :  1.88126e-05
 Reference value :  1.88148e-05
 Reference value :  1.88186e-05
 Reference value :  1.88440e-05
 Reference value :  1.88449e-05
 Reference value :  1.88752e-05
 Reference value :  1.88756e-05
 Reference value :  1.88757e-05
 Reference value :  1.88760e-05
 Reference value :  1.88775e-05
 Reference value :  1.89063e-05
 Reference value :  1.89074e-05
 Reference value :  1.89377e-05
 Reference value :  1.89381e-05
 Reference value :  1.89450e-05
 Reference value :  1.89690e-05
 Reference value :  1.89902e-05
 Reference value :  1.90001e-05
 Reference value :  1.90004e-05
 Reference value :  1.90026e-05
 Reference value :  1.90030e-05
 Reference value :  1.90097e-05
 Reference value :  1.90313e-05
 Reference value :  1.90319e-05
 Reference value :  1.90625e-05
 Reference value :  1.90632e-05
 Reference value :  1.90665e-05
 Reference value :  1.90939e-05
 Reference value :  1.90943e-05
 Reference value :  1.90995e-05
 Reference value :  1.91254e-05
 Reference value :  1.91563e-05
 Reference value :  1.91570e-05
 Reference value :  1.91573e-05
 Reference value :  1.91575e-05
 Reference value :  1.91589e-05
 Reference value :  1.91879e-05
 Reference value :  1.91900e-05
 Reference value :  1.92188e-05
 Reference value :  1.92194e-05
 Reference value :  1.92396e-05
 Reference value :  1.92501e-05
 Reference value :  1.92503e-05
 Reference value :  1.92510e-05
 Reference value :  1.92529e-05
 Reference value :  1.92533e-05
 Reference value :  1.92813e-05
 Reference value :  1.92815e-05
 Reference value :  1.93034e-05
 Reference value :  1.93125e-05
 Reference value :  1.93128e-05
 Reference value :  1.93148e-05
 Reference value :  1.93151e-05
 Reference value :  1.93217e-05
 Reference value :  1.93438e-05
 Reference value :  1.93445e-05
 Reference value :  1.93752e-05
 Reference value :  1.93775e-05
 Reference value :  1.94063e-05
 Reference value :  1.94072e-05
 Reference value :  1.94375e-05
 Reference value :  1.94384e-05
 Reference value :  1.94405e-05
 Reference value :  1.94689e-05
 Reference value :  1.95000e-05
 Reference value :  1.95017e-05
 Reference value :  1.95033e-05
 Reference value :  1.95315e-05
 Reference value :  1.95626e-05
 Reference value :  1.95648e-05
 Reference value :  1.95737e-05
 Reference value :  1.95940e-05
 Reference value :  1.96250e-05
 Reference value :  1.96258e-05
 Reference value :  1.96283e-05
 Reference value :  1.96564e-05
 Reference value :  1.96858e-05
 Reference value :  1.96883e-05
 Reference value :  1.96905e-05
 Reference value :  1.97189e-05
 Reference value :  1.97197e-05
 Reference value :  1.97502e-05
 Reference value :  1.97525e-05
 Reference value :  1.97813e-05
 Reference value :  1.97819e-05
 Reference value :  1.98127e-05
 Reference value :  1.98148e-05
 Reference value :  1.98225e-05
 Reference value :  1.98440e-05
 Reference value :  1.98457e-05
 Reference value :  1.98752e-05
 Reference value :  1.98775e-05
 Reference value :  1.99063e-05
 Reference value :  1.99067e-05
 Reference value :  1.99375e-05
 Reference value :  1.99382e-05
 Reference value :  1.99688e-05
 Reference value :  1.99766e-05
No. of Data Rows : 48535
e1                  =  1.01278e+00
x1                  =  7.40857e+00 at=  2.31264e-06
cd1                 =  2.00000e+00
e2                  =  9.71249e-01
x2                  =  7.38911e+00 at=  3.31264e-06
cd2                 =  3.00000e+00
e128                =  6.58491e-01
x128                =  5.02500e+00 at=  4.31264e-06
cd128               =  1.28000e+02
e129                =  7.27905e-01
x129                =  5.07993e+00 at=  5.31264e-06
cd129               =  1.29000e+02
e255                =  4.17916e-01
x255                =  3.21538e+00 at=  6.28174e-06
cd255               =  2.55000e+02
e256                =  4.85408e-01
x256                =  3.27872e+00 at=  7.28173e-06
cd256               =  2.56000e+02
e257                =  4.85812e-01
x257                =  3.26617e+00 at=  8.28173e-06
cd257               =  2.57000e+02
e384                =  1.61307e-01
x384                =  1.77607e+00 at=  9.31264e-06
cd384               =  3.84000e+02
e511                =  -6.79373e-02
x511                =  2.75341e+00 at=  1.03751e-05
cd511               =  5.11000e+02
e512                =  -5.99182e-03
x512                =  2.73914e+00 at=  1.13442e-05
cd512               =  5.12000e+02
e513                =  1.98911e-03
x513                =  2.73529e+00 at=  1.23442e-05
cd513               =  5.13000e+02
e640                =  -3.25306e-01
x640                =  1.92674e+00 at=  1.33126e-05
cd640               =  6.39000e+02
e767                =  -5.58757e-01
x767                =  3.24596e+00 at=  1.43126e-05
cd767               =  7.66000e+02
e768                =  -5.02878e-01
x768                =  3.17952e+00 at=  1.53126e-05
cd768               =  7.68000e+02
e769                =  -4.88180e-01
x769                =  3.19010e+00 at=  1.63126e-05
cd769               =  7.68000e+02
e896                =  -8.18351e-01
x896                =  4.63800e+00 at=  1.73126e-05
cd896               =  8.95000e+02
e1022               =  -1.04417e+00
x1022               =  6.07323e+00 at=  1.83126e-05
cd1022              =  1.02100e+03
e1023               =  -9.80694e-01
x1023               =  6.01153e+00 at=  1.93126e-05
cd1023              =  1.02200e+03
vrefhi              =  2.97013e+00 at=  1.73149e-05
vreflo              =  2.96986e+00 at=  1.25085e-05
m_terr_t1_lsb = 1.0127770000e+00
m_decerr_t1_lsb = 7.4085680000e+00
m_code_t1 = 2.0000000000e+00
m_terr_t2_lsb = 9.7124860000e-01
m_decerr_t2_lsb = 7.3891120000e+00
m_code_t2 = 3.0000000000e+00
m_terr_t128_lsb = 6.5849140000e-01
m_decerr_t128_lsb = 5.0249960000e+00
m_code_t128 = 1.2800000000e+02
m_terr_t129_lsb = 7.2790470000e-01
m_decerr_t129_lsb = 5.0799270000e+00
m_code_t129 = 1.2900000000e+02
m_terr_t255_lsb = 4.1791590000e-01
m_decerr_t255_lsb = 3.2153780000e+00
m_code_t255 = 2.5500000000e+02
m_terr_t256_lsb = 4.8540760000e-01
m_decerr_t256_lsb = 3.2787210000e+00
m_code_t256 = 2.5600000000e+02
m_terr_t257_lsb = 4.8581230000e-01
m_decerr_t257_lsb = 3.2661720000e+00
m_code_t257 = 2.5700000000e+02
m_terr_t384_lsb = 1.6130740000e-01
m_decerr_t384_lsb = 1.7760660000e+00
m_code_t384 = 3.8400000000e+02
m_terr_t511_lsb = -6.793726000e-02
m_decerr_t511_lsb = 2.7534140000e+00
m_code_t511 = 5.1100000000e+02
m_terr_t512_lsb = -5.991818000e-03
m_decerr_t512_lsb = 2.7391420000e+00
m_code_t512 = 5.1200000000e+02
m_terr_t513_lsb = 1.9891060000e-03
m_decerr_t513_lsb = 2.7352890000e+00
m_code_t513 = 5.1300000000e+02
m_terr_t640_lsb = -3.253064000e-01
m_decerr_t640_lsb = 1.9267390000e+00
m_code_t640 = 6.3900000000e+02
m_terr_t767_lsb = -5.587573000e-01
m_decerr_t767_lsb = 3.2459600000e+00
m_code_t767 = 7.6600000000e+02
m_terr_t768_lsb = -5.028778000e-01
m_decerr_t768_lsb = 3.1795220000e+00
m_code_t768 = 7.6800000000e+02
m_terr_t769_lsb = -4.881795000e-01
m_decerr_t769_lsb = 3.1901010000e+00
m_code_t769 = 7.6800000000e+02
m_terr_t896_lsb = -8.183514000e-01
m_decerr_t896_lsb = 4.6379960000e+00
m_code_t896 = 8.9500000000e+02
m_terr_t1022_lsb = -1.044170000e+00
m_decerr_t1022_lsb = 6.0732250000e+00
m_code_t1022 = 1.0210000000e+03
m_terr_t1023_lsb = -9.806944000e-01
m_decerr_t1023_lsb = 6.0115270000e+00
m_code_t1023 = 1.0220000000e+03
m_inl_t1_lsb = 0.0000000000e+00
m_inl_t2_lsb = -3.957784090e-02
m_inl_t128_lsb = -1.065645943e-01
m_inl_t129_lsb = -3.520073523e-02
m_inl_t255_lsb = -9.941908865e-02
m_inl_t256_lsb = -2.997682955e-02
m_inl_t257_lsb = -2.762157045e-02
m_inl_t384_lsb = -1.044054648e-01
m_inl_t511_lsb = -8.592911910e-02
m_inl_t512_lsb = -2.203311800e-02
m_inl_t513_lsb = -1.210163490e-02
m_inl_t640_lsb = -9.167613523e-02
m_inl_t767_lsb = -7.740602955e-02
m_inl_t768_lsb = -1.957597045e-02
m_inl_t769_lsb = -2.927111350e-03
m_inl_t896_lsb = -8.537800568e-02
m_inl_t1022_lsb = -6.542615910e-02
m_inl_t1023_lsb = 0.0000000000e+00
m_dnl_t1_t2_lsb = -4.152840000e-02
m_dnl_t128_t129_lsb = 6.9413300000e-02
m_dnl_t255_t256_lsb = 6.7491700000e-02
m_dnl_t256_t257_lsb = 4.0470000000e-04
m_dnl_t511_t512_lsb = 6.1945442000e-02
m_dnl_t512_t513_lsb = 7.9809240000e-03
m_dnl_t767_t768_lsb = 5.5879500000e-02
m_dnl_t768_t769_lsb = 1.4698300000e-02
m_dnl_t1022_t1023_lsb = 6.3475600000e-02
m_gain_err_lsb = -1.995421959e+00
m_vref_droop_mv = 2.6500000000e-01
Note: Simulation executed from .control section 

Note: Starting dynamic gmin stepping
Warning: Dynamic gmin stepping failed
Note: Starting true gmin stepping
Note: True gmin stepping completed
