
Note: No compatibility mode selected!


Circuit: * adc-power @ tt_27c_3.63v -- generated by sim/harness, do not edit

Reducing trtol to 1 for xspice 'A' devices
Doing analysis at TEMP = 27.000000 and TNOM = 27.000000

Using SPARSE 1.3 as Direct Linear Solver

Initial Transient Solution
--------------------------

Node                                   Voltage
----                                   -------
clk                                          0
cmpclk                                       0
cmpclkb                                   3.63
vddt                                      3.63
vddd                                      3.63
vddc                                      3.63
vrefs                                     3.63
vrefn                                     3.63
vcmn                                     1.815
se_vinp                                      0
se_vinn                                  1.815
se_start                                     0
se_mode                                      0
se_cmp                                 1.49269
se_samp_tp_n                                 0
se_sel_in_n                                  0
se_drdy                                   3.63
se_c9                                        0
se_c8                                        0
se_c7                                        0
se_c6                                        0
se_c5                                        0
se_c4                                        0
se_c3                                        0
se_c2                                        0
se_c1                                        0
se_c0                                        0
se_rel_n_256p                             3.63
se_sel_hi_n_256p                             0
se_sel_lo_n_256p                             0
se_rel_n_128p                             3.63
se_sel_hi_n_128p                             0
se_sel_lo_n_128p                             0
se_rel_n_64p                              3.63
se_sel_hi_n_64p                              0
se_sel_lo_n_64p                              0
se_rel_n_32p                              3.63
se_sel_hi_n_32p                              0
se_sel_lo_n_32p                              0
se_rel_n_16p                              3.63
se_sel_hi_n_16p                              0
se_sel_lo_n_16p                              0
se_rel_n_8p                               3.63
se_sel_hi_n_8p                               0
se_sel_lo_n_8p                               0
se_rel_n_4p                               3.63
se_sel_hi_n_4p                               0
se_sel_lo_n_4p                               0
se_rel_n_2p                               3.63
se_sel_hi_n_2p                               0
se_sel_lo_n_2p                               0
se_rel_n_1p                               3.63
se_sel_hi_n_1p                               0
se_sel_lo_n_1p                               0
se_rel_n_256n                             3.63
se_sel_hi_n_256n                             0
se_sel_lo_n_256n                             0
se_rel_n_128n                             3.63
se_sel_hi_n_128n                             0
se_sel_lo_n_128n                             0
se_rel_n_64n                              3.63
se_sel_hi_n_64n                              0
se_sel_lo_n_64n                              0
se_rel_n_32n                              3.63
se_sel_hi_n_32n                              0
se_sel_lo_n_32n                              0
se_rel_n_16n                              3.63
se_sel_hi_n_16n                              0
se_sel_lo_n_16n                              0
se_rel_n_8n                               3.63
se_sel_hi_n_8n                               0
se_sel_lo_n_8n                               0
se_rel_n_4n                               3.63
se_sel_hi_n_4n                               0
se_sel_lo_n_4n                               0
se_rel_n_2n                               3.63
se_sel_hi_n_2n                               0
se_sel_lo_n_2n                               0
se_rel_n_1n                               3.63
se_sel_hi_n_1n                               0
se_sel_lo_n_1n                               0
se_pinp                            2.22398e-09
se_pinn                                  1.815
xdut.\$65__t0                             3.63
xdut.sel_in__t0                              0
xdut.vss__t0                       3.47871e-11
xdut.\$27__t2                      2.81537e-09
xdut.rel_256_p__t2                        3.63
xdut.vss__t46                      5.85867e-10
xdut.\$29__t2                             3.63
xdut.hi_256_p__t2                            0
xdut.vss__t45                      3.38267e-11
xdut.\$9__t2                              3.63
xdut.lo_256_p__t2                            0
xdut.vss__t44                      3.33467e-11
xdut.vinp__t0                      3.00922e-09
xdut.sel_in__t1                              0
xdut.\$10__t0                            1.815
xdut.vcm__t27                            1.815
xdut.rel_256_p__t1                        3.63
xdut.\$10__t262                          1.815
xdut.vref__t21                            3.63
xdut.hi_256_p__t1                            0
xdut.\$10__t261                          1.815
xdut.vss__t24                      2.69266e-10
xdut.lo_256_p__t1                            0
xdut.\$10__t263                          1.815
xdut.\$67__t2                             3.63
xdut.sel_in__t50                             0
xdut.vss__t94                      2.69114e-11
xdut.\$31__t2                       2.6809e-09
xdut.rel_128_p__t2                        3.63
xdut.vss__t109                     4.51396e-10
xdut.\$33__t2                             3.63
xdut.hi_128_p__t2                            0
xdut.vss__t96                      2.59539e-11
xdut.\$11__t2                             3.63
xdut.lo_128_p__t2                            0
xdut.vss__t99                      2.54753e-11
xdut.vinp__t12                     2.82449e-09
xdut.sel_in__t25                             0
xdut.\$12__t132                          1.815
xdut.vcm__t30                            1.815
xdut.rel_128_p__t1                        3.63
xdut.\$12__t133                          1.815
xdut.vref__t23                            3.63
xdut.hi_128_p__t1                            0
xdut.\$12__t134                          1.815
xdut.vss__t25                      2.01741e-10
xdut.lo_128_p__t1                            0
xdut.\$12__t135                          1.815
xdut.\$69__t2                             3.63
xdut.sel_in__t52                             0
xdut.vss__t102                     1.90706e-11
xdut.\$35__t2                      2.54706e-09
xdut.rel_64_p__t2                         3.63
xdut.vss__t103                     3.17556e-10
xdut.\$37__t2                             3.63
xdut.hi_64_p__t2                             0
xdut.vss__t104                     1.81202e-11
xdut.\$13__t2                             3.63
xdut.lo_64_p__t2                             0
xdut.vss__t105                     1.76456e-11
xdut.vinp__t13                     2.63977e-09
xdut.sel_in__t26                             0
xdut.\$14__t68                           1.815
xdut.vcm__t31                            1.815
xdut.rel_64_p__t1                         3.63
xdut.\$14__t69                           1.815
xdut.vref__t32                            3.63
xdut.hi_64_p__t1                             0
xdut.\$14__t71                           1.815
xdut.vss__t29                      1.34543e-10
xdut.lo_64_p__t1                             0
xdut.\$14__t70                           1.815
xdut.\$71__t2                             3.63
xdut.sel_in__t46                             0
xdut.vss__t76                      1.13375e-11
xdut.\$39__t2                      2.41522e-09
xdut.rel_32_p__t2                         3.63
xdut.vss__t75                      1.85717e-10
xdut.\$41__t2                             3.63
xdut.hi_32_p__t2                             0
xdut.vss__t65                      1.04145e-11
xdut.\$15__t2                             3.63
xdut.lo_32_p__t2                             0
xdut.vss__t70                        9.956e-12
xdut.vinp__t16                     2.45511e-09
xdut.sel_in__t31                             0
xdut.\$16__t37                           1.815
xdut.vcm__t35                            1.815
xdut.rel_32_p__t1                         3.63
xdut.\$16__t38                           1.815
xdut.vref__t30                            3.63
xdut.hi_32_p__t1                             0
xdut.\$16__t39                           1.815
xdut.vss__t28                      6.86437e-11
xdut.lo_32_p__t1                             0
xdut.\$16__t36                           1.815
xdut.\$73__t2                             3.63
xdut.sel_in__t45                             0
xdut.vss__t71                       4.3323e-12
xdut.\$43__t2                       2.2981e-09
xdut.rel_16_p__t2                         3.63
xdut.vss__t72                      6.85949e-11
xdut.\$45__t2                             3.63
xdut.hi_16_p__t2                             0
xdut.vss__t73                      3.73694e-12
xdut.\$17__t2                             3.63
xdut.lo_16_p__t2                             0
xdut.vss__t74                      3.50146e-12
xdut.vinp__t17                     2.27114e-09
xdut.sel_in__t32                             0
xdut.\$18__t23                           1.815
xdut.vcm__t33                            1.815
xdut.rel_16_p__t1                         3.63
xdut.\$18__t20                           1.815
xdut.vref__t29                            3.63
xdut.hi_16_p__t1                             0
xdut.\$18__t21                           1.815
xdut.vss__t32                       2.3013e-11
xdut.lo_16_p__t1                             0
xdut.\$18__t22                           1.815
xdut.\$75__t2                             3.63
xdut.sel_in__t38                             0
xdut.vss__t41                      5.86362e-12
xdut.\$47__t2                      2.33667e-09
xdut.rel_8_p__t2                          3.63
xdut.vss__t67                       1.0717e-10
xdut.\$49__t2                             3.63
xdut.hi_8_p__t2                              0
xdut.vss__t83                      6.69698e-12
xdut.\$19__t2                             3.63
xdut.lo_8_p__t2                              0
xdut.vss__t38                      7.12607e-12
xdut.vinp__t11                     2.36287e-09
xdut.sel_in__t24                             0
xdut.\$20__t12                           1.815
xdut.vcm__t26                            1.815
xdut.rel_8_p__t1                          3.63
xdut.\$20__t13                           1.815
xdut.vref__t20                            3.63
xdut.hi_8_p__t1                              0
xdut.\$20__t14                           1.815
xdut.vss__t22                      7.45303e-11
xdut.lo_8_p__t1                              0
xdut.\$20__t15                           1.815
xdut.\$77__t2                             3.63
xdut.sel_in__t51                             0
xdut.vss__t101                      1.3243e-11
xdut.\$51__t2                      2.46366e-09
xdut.rel_4_p__t2                          3.63
xdut.vss__t100                      2.3416e-10
xdut.\$53__t2                             3.63
xdut.hi_4_p__t2                              0
xdut.vss__t98                      1.41816e-11
xdut.\$21__t2                             3.63
xdut.lo_4_p__t2                              0
xdut.vss__t97                      1.46521e-11
xdut.vinp__t14                     2.54743e-09
xdut.sel_in__t28                             0
xdut.\$22__t11                           1.815
xdut.vcm__t28                            1.815
xdut.rel_4_p__t1                          3.63
xdut.\$22__t10                           1.815
xdut.vref__t22                            3.63
xdut.hi_4_p__t1                              0
xdut.\$22__t9                            1.815
xdut.vss__t23                      1.40668e-10
xdut.lo_4_p__t1                              0
xdut.\$22__t8                            1.815
xdut.\$79__t2                             3.63
xdut.sel_in__t49                             0
xdut.vss__t93                       2.1018e-11
xdut.\$55__t2                      2.59658e-09
xdut.rel_2_p__t2                          3.63
xdut.vss__t92                      3.67073e-10
xdut.\$57__t2                             3.63
xdut.hi_2_p__t2                              0
xdut.vss__t85                      2.19719e-11
xdut.\$23__t2                             3.63
xdut.lo_2_p__t2                              0
xdut.vss__t84                      2.24493e-11
xdut.vinp__t10                     2.73213e-09
xdut.sel_in__t23                             0
xdut.\$24__t6                            1.815
xdut.vcm__t32                            1.815
xdut.rel_2_p__t1                          3.63
xdut.\$24__t7                            1.815
xdut.vref__t27                            3.63
xdut.hi_2_p__t1                              0
xdut.\$24__t8                            1.815
xdut.vss__t30                      2.07913e-10
xdut.lo_2_p__t1                              0
xdut.\$24__t9                            1.815
xdut.\$81__t2                             3.63
xdut.sel_in__t39                             0
xdut.vss__t48                      2.88707e-11
xdut.\$59__t2                      2.73072e-09
xdut.rel_1_p__t2                          3.63
xdut.vss__t47                      5.01218e-10
xdut.\$61__t2                             3.63
xdut.hi_1_p__t2                              0
xdut.vss__t43                      2.98295e-11
xdut.\$25__t2                             3.63
xdut.lo_1_p__t2                              0
xdut.vss__t42                       3.0309e-11
xdut.vinp__t15                     2.91685e-09
xdut.sel_in__t30                             0
xdut.\$26__t8                            1.815
xdut.vcm__t34                            1.815
xdut.rel_1_p__t1                          3.63
xdut.\$26__t7                            1.815
xdut.vref__t28                            3.63
xdut.hi_1_p__t1                              0
xdut.\$26__t6                            1.815
xdut.vss__t21                      2.75455e-10
xdut.lo_1_p__t1                              0
xdut.\$26__t5                            1.815
xdut.\$83__t2                             3.63
xdut.sel_in__t53                             0
xdut.vss__t107                     3.47181e-11
xdut.\$85__t2                      2.81418e-09
xdut.rel_256_n__t2                        3.63
xdut.vss__t108                     5.84673e-10
xdut.\$87__t2                             3.63
xdut.hi_256_n__t2                            0
xdut.vss__t95                      3.37559e-11
xdut.\$89__t2                             3.63
xdut.lo_256_n__t2                            0
xdut.vss__t55                      3.32748e-11
xdut.vinn__t13                           1.815
xdut.sel_in__t29                             0
xdut.\$90__t261                          1.815
xdut.vcm__t41                            1.815
xdut.rel_256_n__t1                        3.63
xdut.\$90__t263                          1.815
xdut.vref__t26                            3.63
xdut.hi_256_n__t1                            0
xdut.\$90__t260                          1.815
xdut.vss__t31                      2.69337e-10
xdut.lo_256_n__t1                            0
xdut.\$90__t262                          1.815
xdut.\$92__t2                             3.63
xdut.sel_in__t43                             0
xdut.vss__t62                      2.68222e-11
xdut.\$94__t2                      2.67935e-09
xdut.rel_128_n__t2                        3.63
xdut.vss__t63                      4.49846e-10
xdut.\$96__t2                             3.63
xdut.hi_128_n__t2                            0
xdut.vss__t64                      2.58614e-11
xdut.\$98__t2                             3.63
xdut.lo_128_n__t2                            0
xdut.vss__t106                     2.53811e-11
xdut.vinn__t17                           1.815
xdut.sel_in__t36                             0
xdut.\$99__t135                          1.815
xdut.vcm__t40                            1.815
xdut.rel_128_n__t1                        3.63
xdut.\$99__t134                          1.815
xdut.vref__t31                            3.63
xdut.hi_128_n__t1                            0
xdut.\$99__t133                          1.815
xdut.vss__t33                      2.01836e-10
xdut.lo_128_n__t1                            0
xdut.\$99__t132                          1.815
xdut.\$100__t2                            3.63
xdut.sel_in__t42                             0
xdut.vss__t56                      1.89446e-11
xdut.\$102__t2                     2.54485e-09
xdut.rel_64_n__t2                         3.63
xdut.vss__t59                      3.15348e-10
xdut.\$104__t2                            3.63
xdut.hi_64_n__t2                             0
xdut.vss__t60                      1.79876e-11
xdut.\$106__t2                            3.63
xdut.lo_64_n__t2                             0
xdut.vss__t61                      1.75093e-11
xdut.vinn__t14                           1.815
xdut.sel_in__t33                             0
xdut.\$107__t71                          1.815
xdut.vcm__t36                            1.815
xdut.rel_64_n__t1                         3.63
xdut.\$107__t70                          1.815
xdut.vref__t25                            3.63
xdut.hi_64_n__t1                             0
xdut.\$107__t68                          1.815
xdut.vss__t26                      1.34686e-10
xdut.lo_64_n__t1                             0
xdut.\$107__t69                          1.815
xdut.\$108__t2                            3.63
xdut.sel_in__t47                             0
xdut.vss__t77                      1.11242e-11
xdut.\$110__t2                     2.41142e-09
xdut.rel_32_n__t2                         3.63
xdut.vss__t78                      1.81917e-10
xdut.\$112__t2                            3.63
xdut.hi_32_n__t2                             0
xdut.vss__t79                       1.0182e-11
xdut.\$114__t2                            3.63
xdut.lo_32_n__t2                             0
xdut.vss__t80                      9.71246e-12
xdut.vinn__t12                           1.815
xdut.sel_in__t27                             0
xdut.\$115__t39                          1.815
xdut.vcm__t29                            1.815
xdut.rel_32_n__t1                         3.63
xdut.\$115__t37                          1.815
xdut.vref__t24                            3.63
xdut.hi_32_n__t1                             0
xdut.\$115__t38                          1.815
xdut.vss__t20                      6.89235e-11
xdut.lo_32_n__t1                             0
xdut.\$115__t36                          1.815
xdut.\$116__t2                            3.63
xdut.sel_in__t44                             0
xdut.vss__t66                      3.73883e-12
xdut.\$118__t2                     2.28702e-09
xdut.rel_16_n__t2                         3.63
xdut.vss__t81                      5.75183e-11
xdut.\$120__t2                            3.63
xdut.hi_16_n__t2                             0
xdut.vss__t68                      3.02899e-12
xdut.\$122__t2                            3.63
xdut.lo_16_n__t2                             0
xdut.vss__t69                      2.73318e-12
xdut.vinn__t9                            1.815
xdut.sel_in__t20                             0
xdut.\$123__t22                          1.815
xdut.vcm__t23                            1.815
xdut.rel_16_n__t1                         3.63
xdut.\$123__t20                          1.815
xdut.vref__t18                            3.63
xdut.hi_16_n__t1                             0
xdut.\$123__t21                          1.815
xdut.vss__t27                      2.38346e-11
xdut.lo_16_n__t1                             0
xdut.\$123__t23                          1.815
xdut.\$124__t2                            3.63
xdut.sel_in__t48                             0
xdut.vss__t82                      5.43986e-12
xdut.\$126__t2                     2.32995e-09
xdut.rel_8_n__t2                          3.63
xdut.vss__t91                      1.00442e-10
xdut.\$128__t2                            3.63
xdut.hi_8_n__t2                              0
xdut.vss__t90                      6.32927e-12
xdut.\$130__t2                            3.63
xdut.lo_8_n__t2                              0
xdut.vss__t89                      6.78166e-12
xdut.vinn__t16                           1.815
xdut.sel_in__t35                             0
xdut.\$131__t15                          1.815
xdut.vcm__t39                            1.815
xdut.rel_8_n__t1                          3.63
xdut.\$131__t14                          1.815
xdut.vref__t35                            3.63
xdut.hi_8_n__t1                              0
xdut.\$131__t13                          1.815
xdut.vss__t36                      7.47881e-11
xdut.lo_8_n__t1                              0
xdut.\$131__t12                          1.815
xdut.\$132__t2                            3.63
xdut.sel_in__t41                             0
xdut.vss__t54                      1.30609e-11
xdut.\$134__t2                     2.46066e-09
xdut.rel_4_n__t2                          3.63
xdut.vss__t88                      2.31158e-10
xdut.\$136__t2                            3.63
xdut.hi_4_n__t2                              0
xdut.vss__t87                      1.40117e-11
xdut.\$138__t2                            3.63
xdut.lo_4_n__t2                              0
xdut.vss__t86                      1.44877e-11
xdut.vinn__t10                           1.815
xdut.sel_in__t21                             0
xdut.\$139__t11                          1.815
xdut.vcm__t25                            1.815
xdut.rel_4_n__t1                          3.63
xdut.\$139__t10                          1.815
xdut.vref__t19                            3.63
xdut.hi_4_n__t1                              0
xdut.\$139__t9                           1.815
xdut.vss__t19                      1.40805e-10
xdut.lo_4_n__t1                              0
xdut.\$139__t8                           1.815
xdut.\$140__t2                            3.63
xdut.sel_in__t37                             0
xdut.vss__t37                      2.09037e-11
xdut.\$142__t2                     2.59467e-09
xdut.rel_2_n__t2                          3.63
xdut.vss__t53                      3.65165e-10
xdut.\$144__t2                            3.63
xdut.hi_2_n__t2                              0
xdut.vss__t40                      2.18627e-11
xdut.\$146__t2                            3.63
xdut.lo_2_n__t2                              0
xdut.vss__t39                      2.23423e-11
xdut.vinn__t11                           1.815
xdut.sel_in__t22                             0
xdut.\$147__t6                           1.815
xdut.vcm__t38                            1.815
xdut.rel_2_n__t1                          3.63
xdut.\$147__t9                           1.815
xdut.vref__t34                            3.63
xdut.hi_2_n__t1                              0
xdut.\$147__t8                           1.815
xdut.vss__t35                      2.08005e-10
xdut.lo_2_n__t1                              0
xdut.\$147__t7                           1.815
xdut.\$148__t2                            3.63
xdut.sel_in__t40                             0
xdut.vss__t49                      2.87876e-11
xdut.\$150__t2                     2.72933e-09
xdut.rel_1_n__t2                          3.63
xdut.vss__t50                      4.99822e-10
xdut.\$152__t2                            3.63
xdut.hi_1_n__t2                              0
xdut.vss__t51                      2.97491e-11
xdut.\$154__t2                            3.63
xdut.lo_1_n__t2                              0
xdut.vss__t52                      3.02299e-11
xdut.vinn__t15                           1.815
xdut.sel_in__t34                             0
xdut.\$155__t8                           1.815
xdut.vcm__t37                            1.815
xdut.rel_1_n__t1                          3.63
xdut.\$155__t7                           1.815
xdut.vref__t33                            3.63
xdut.hi_1_n__t1                              0
xdut.\$155__t6                           1.815
xdut.vss__t34                      2.75525e-10
xdut.lo_1_n__t1                              0
xdut.\$155__t5                           1.815
xdut.\$166__t2                            3.63
xdut.tp_gn__t4                               0
xdut.vss__t57                      3.85088e-11
xdut.vcm__t24                            1.815
xdut.tp_gn__t3                               0
xdut.topp__t513                        1.43442
xdut.\$167__t2                            3.63
xdut.tp_gn__t5                               0
xdut.vss__t58                       4.0667e-11
xdut.vcm__t22                            1.815
xdut.tp_gn__t2                               0
xdut.topn__t513                        1.54963
xdut.\$65__t1                             3.63
xdut.sel_in__t2                              0
xdut.vdd__t0                              3.63
xdut.\$27__t1                      3.64577e-09
xdut.rel_256_p__t0                        3.63
xdut.vdd__t61                             3.63
xdut.\$29__t1                             3.63
xdut.hi_256_p__t0                            0
xdut.vdd__t60                             3.63
xdut.\$9__t1                              3.63
xdut.lo_256_p__t0                            0
xdut.vdd__t70                             3.63
xdut.vinp__t1                      4.19873e-09
xdut.\$65__t2                             3.63
xdut.\$10__t1                            1.815
xdut.vcm__t21                            1.815
xdut.\$27__t0                      3.49844e-09
xdut.\$10__t260                          1.815
xdut.vref__t3                             3.63
xdut.\$29__t0                             3.63
xdut.\$10__t258                          1.815
xdut.vss__t5                       6.69497e-10
xdut.\$9__t0                              3.63
xdut.\$10__t259                          1.815
xdut.\$67__t1                             3.63
xdut.sel_in__t19                             0
xdut.vdd__t72                             3.63
xdut.\$31__t1                       3.5113e-09
xdut.rel_128_p__t0                        3.63
xdut.vdd__t71                             3.63
xdut.\$33__t1                             3.63
xdut.hi_128_p__t0                            0
xdut.vdd__t58                             3.63
xdut.\$11__t1                             3.63
xdut.lo_128_p__t0                            0
xdut.vdd__t59                             3.63
xdut.vinp__t6                      3.67225e-09
xdut.\$67__t0                             3.63
xdut.\$12__t131                          1.815
xdut.vcm__t6                             1.815
xdut.\$31__t0                      3.36397e-09
xdut.\$12__t130                          1.815
xdut.vref__t4                             3.63
xdut.\$33__t0                             3.63
xdut.\$12__t129                          1.815
xdut.vss__t2                       4.76732e-10
xdut.\$11__t0                             3.63
xdut.\$12__t128                          1.815
xdut.\$69__t1                             3.63
xdut.sel_in__t16                             0
xdut.vdd__t62                             3.63
xdut.\$35__t1                      3.37746e-09
xdut.rel_64_p__t0                         3.63
xdut.vdd__t53                             3.63
xdut.\$37__t1                             3.63
xdut.hi_64_p__t0                             0
xdut.vdd__t69                             3.63
xdut.\$13__t1                             3.63
xdut.lo_64_p__t0                             0
xdut.vdd__t3                              3.63
xdut.vinp__t9                      3.14584e-09
xdut.\$69__t0                             3.63
xdut.\$14__t67                           1.815
xdut.vcm__t18                            1.815
xdut.\$35__t0                      3.23013e-09
xdut.\$14__t66                           1.815
xdut.vref__t15                            3.63
xdut.\$37__t0                             3.63
xdut.\$14__t65                           1.815
xdut.vss__t4                       2.84802e-10
xdut.\$13__t0                             3.63
xdut.\$14__t64                           1.815
xdut.\$71__t1                             3.63
xdut.sel_in__t4                              0
xdut.vdd__t8                              3.63
xdut.\$39__t1                      3.24562e-09
xdut.rel_32_p__t0                         3.63
xdut.vdd__t10                             3.63
xdut.\$41__t1                             3.63
xdut.hi_32_p__t0                             0
xdut.vdd__t12                             3.63
xdut.\$15__t1                             3.63
xdut.lo_32_p__t0                             0
xdut.vdd__t13                             3.63
xdut.vinp__t3                      2.61982e-09
xdut.\$71__t0                             3.63
xdut.\$16__t32                           1.815
xdut.vcm__t13                            1.815
xdut.\$39__t0                      3.09829e-09
xdut.\$16__t33                           1.815
xdut.vref__t10                            3.63
xdut.\$41__t0                             3.63
xdut.\$16__t34                           1.815
xdut.vss__t12                      9.87082e-11
xdut.\$15__t0                             3.63
xdut.\$16__t35                           1.815
xdut.\$73__t1                             3.63
xdut.sel_in__t18                             0
xdut.vdd__t67                             3.63
xdut.\$43__t1                       3.1285e-09
xdut.rel_16_p__t0                         3.63
xdut.vdd__t68                             3.63
xdut.\$45__t1                             3.63
xdut.hi_16_p__t0                             0
xdut.vdd__t6                              3.63
xdut.\$17__t1                             3.63
xdut.lo_16_p__t0                             0
xdut.vdd__t7                              3.63
xdut.vinp__t7                      2.35839e-09
xdut.\$73__t0                             3.63
xdut.\$18__t19                           1.815
xdut.vcm__t4                             1.815
xdut.\$43__t0                      2.98117e-09
xdut.\$18__t16                           1.815
xdut.vref__t2                             3.63
xdut.\$45__t0                             3.63
xdut.\$18__t17                           1.815
xdut.vss__t6                       1.14745e-10
xdut.\$17__t0                             3.63
xdut.\$18__t18                           1.815
xdut.\$75__t1                             3.63
xdut.sel_in__t14                             0
xdut.vdd__t50                             3.63
xdut.\$47__t1                      3.16707e-09
xdut.rel_8_p__t0                          3.63
xdut.vdd__t51                             3.63
xdut.\$49__t1                             3.63
xdut.hi_8_p__t0                              0
xdut.vdd__t43                             3.63
xdut.\$19__t1                             3.63
xdut.lo_8_p__t0                              0
xdut.vdd__t19                             3.63
xdut.vinp__t4                      2.88273e-09
xdut.\$75__t0                             3.63
xdut.\$20__t8                            1.815
xdut.vcm__t12                            1.815
xdut.\$47__t0                      3.01975e-09
xdut.\$20__t9                            1.815
xdut.vref__t9                             3.63
xdut.\$49__t0                             3.63
xdut.\$20__t10                           1.815
xdut.vss__t11                      3.02294e-10
xdut.\$19__t0                             3.63
xdut.\$20__t11                           1.815
xdut.\$77__t1                             3.63
xdut.sel_in__t11                             0
xdut.vdd__t38                             3.63
xdut.\$51__t1                      3.29406e-09
xdut.rel_4_p__t0                          3.63
xdut.vdd__t39                             3.63
xdut.\$53__t1                             3.63
xdut.hi_4_p__t0                              0
xdut.vdd__t40                             3.63
xdut.\$21__t1                             3.63
xdut.lo_4_p__t0                              0
xdut.vdd__t41                             3.63
xdut.vinp__t2                      3.40903e-09
xdut.\$77__t0                             3.63
xdut.\$22__t4                            1.815
xdut.vcm__t5                             1.815
xdut.\$51__t0                      3.14674e-09
xdut.\$22__t5                            1.815
xdut.vref__t1                             3.63
xdut.\$53__t0                             3.63
xdut.\$22__t6                            1.815
xdut.vss__t1                       4.94356e-10
xdut.\$21__t0                             3.63
xdut.\$22__t7                            1.815
xdut.\$79__t1                             3.63
xdut.sel_in__t10                             0
xdut.vdd__t35                             3.63
xdut.\$55__t1                      3.42698e-09
xdut.rel_2_p__t0                          3.63
xdut.vdd__t31                             3.63
xdut.\$57__t1                             3.63
xdut.hi_2_p__t0                              0
xdut.vdd__t32                             3.63
xdut.\$23__t1                             3.63
xdut.lo_2_p__t0                              0
xdut.vdd__t33                             3.63
xdut.vinp__t8                      3.93548e-09
xdut.\$79__t0                             3.63
xdut.\$24__t2                            1.815
xdut.vcm__t14                            1.815
xdut.\$55__t0                      3.27965e-09
xdut.\$24__t3                            1.815
xdut.vref__t11                            3.63
xdut.\$57__t0                             3.63
xdut.\$24__t4                            1.815
xdut.vss__t13                      6.87159e-10
xdut.\$23__t0                             3.63
xdut.\$24__t5                            1.815
xdut.\$81__t1                             3.63
xdut.sel_in__t9                              0
xdut.vdd__t34                             3.63
xdut.\$59__t1                      3.56112e-09
xdut.rel_1_p__t0                          3.63
xdut.vdd__t54                             3.63
xdut.\$61__t1                             3.63
xdut.hi_1_p__t0                              0
xdut.vdd__t20                             3.63
xdut.\$25__t1                             3.63
xdut.lo_1_p__t0                              0
xdut.vdd__t21                             3.63
xdut.vinp__t5                      4.46198e-09
xdut.\$81__t0                             3.63
xdut.\$26__t1                            1.815
xdut.vcm__t7                             1.815
xdut.\$59__t0                      3.41379e-09
xdut.\$26__t2                            1.815
xdut.vref__t12                            3.63
xdut.\$61__t0                             3.63
xdut.\$26__t3                            1.815
xdut.vss__t16                      8.80215e-10
xdut.\$25__t0                             3.63
xdut.\$26__t4                            1.815
xdut.\$83__t1                             3.63
xdut.sel_in__t17                             0
xdut.vdd__t66                             3.63
xdut.\$85__t1                      3.64458e-09
xdut.rel_256_n__t0                        3.63
xdut.vdd__t65                             3.63
xdut.\$87__t1                             3.63
xdut.hi_256_n__t0                            0
xdut.vdd__t64                             3.63
xdut.\$89__t1                             3.63
xdut.lo_256_n__t0                            0
xdut.vdd__t63                             3.63
xdut.vinn__t7                            1.815
xdut.\$83__t0                             3.63
xdut.\$90__t256                          1.815
xdut.vcm__t19                            1.815
xdut.\$85__t0                      3.49725e-09
xdut.\$90__t257                          1.815
xdut.vref__t16                            3.63
xdut.\$87__t0                             3.63
xdut.\$90__t258                          1.815
xdut.vss__t17                      6.73663e-10
xdut.\$89__t0                             3.63
xdut.\$90__t259                          1.815
xdut.\$92__t1                             3.63
xdut.sel_in__t15                             0
xdut.vdd__t57                             3.63
xdut.\$94__t1                      3.50975e-09
xdut.rel_128_n__t0                        3.63
xdut.vdd__t56                             3.63
xdut.\$96__t1                             3.63
xdut.hi_128_n__t0                            0
xdut.vdd__t55                             3.63
xdut.\$98__t1                             3.63
xdut.lo_128_n__t0                            0
xdut.vdd__t73                             3.63
xdut.vinn__t8                            1.815
xdut.\$92__t0                             3.63
xdut.\$99__t128                          1.815
xdut.vcm__t20                            1.815
xdut.\$94__t0                      3.36242e-09
xdut.\$99__t129                          1.815
xdut.vref__t17                            3.63
xdut.\$96__t0                             3.63
xdut.\$99__t130                          1.815
xdut.vss__t18                      4.82565e-10
xdut.\$98__t0                             3.63
xdut.\$99__t131                          1.815
xdut.\$100__t1                            3.63
xdut.sel_in__t7                              0
xdut.vdd__t26                             3.63
xdut.\$102__t1                     3.37525e-09
xdut.rel_64_n__t0                         3.63
xdut.vdd__t5                              3.63
xdut.\$104__t1                            3.63
xdut.hi_64_n__t0                             0
xdut.vdd__t11                             3.63
xdut.\$106__t1                            3.63
xdut.lo_64_n__t0                             0
xdut.vdd__t14                             3.63
xdut.vinn__t6                            1.815
xdut.\$100__t0                            3.63
xdut.\$107__t67                          1.815
xdut.vcm__t16                            1.815
xdut.\$102__t0                     3.22792e-09
xdut.\$107__t66                          1.815
xdut.vref__t14                            3.63
xdut.\$104__t0                            3.63
xdut.\$107__t65                          1.815
xdut.vss__t15                      2.94462e-10
xdut.\$106__t0                            3.63
xdut.\$107__t64                          1.815
xdut.\$108__t1                            3.63
xdut.sel_in__t3                              0
xdut.vdd__t1                              3.63
xdut.\$110__t1                     3.24182e-09
xdut.rel_32_n__t0                         3.63
xdut.vdd__t4                              3.63
xdut.\$112__t1                            3.63
xdut.hi_32_n__t0                             0
xdut.vdd__t2                              3.63
xdut.\$114__t1                            3.63
xdut.lo_32_n__t0                             0
xdut.vdd__t18                             3.63
xdut.vinn__t5                            1.815
xdut.\$108__t0                            3.63
xdut.\$115__t35                          1.815
xdut.vcm__t15                            1.815
xdut.\$110__t0                     3.09449e-09
xdut.\$115__t34                          1.815
xdut.vref__t13                            3.63
xdut.\$112__t0                            3.63
xdut.\$115__t33                          1.815
xdut.vss__t14                      1.23852e-10
xdut.\$114__t0                            3.63
xdut.\$115__t32                          1.815
xdut.\$116__t1                            3.63
xdut.sel_in__t5                              0
xdut.vdd__t17                             3.63
xdut.\$118__t1                     3.11742e-09
xdut.rel_16_n__t0                         3.63
xdut.vdd__t16                             3.63
xdut.\$120__t1                            3.63
xdut.hi_16_n__t0                             0
xdut.vdd__t15                             3.63
xdut.\$122__t1                            3.63
xdut.lo_16_n__t0                             0
xdut.vdd__t9                              3.63
xdut.vinn__t4                            1.815
xdut.\$116__t0                            3.63
xdut.\$123__t18                          1.815
xdut.vcm__t17                            1.815
xdut.\$118__t0                     2.97009e-09
xdut.\$123__t19                          1.815
xdut.vref__t0                             3.63
xdut.\$120__t0                            3.63
xdut.\$123__t16                          1.815
xdut.vss__t9                       1.36976e-10
xdut.\$122__t0                            3.63
xdut.\$123__t17                          1.815
xdut.\$124__t1                            3.63
xdut.sel_in__t12                             0
xdut.vdd__t42                             3.63
xdut.\$126__t1                     3.16034e-09
xdut.rel_8_n__t0                          3.63
xdut.vdd__t52                             3.63
xdut.\$128__t1                            3.63
xdut.hi_8_n__t0                              0
xdut.vdd__t44                             3.63
xdut.\$130__t1                            3.63
xdut.lo_8_n__t0                              0
xdut.vdd__t45                             3.63
xdut.vinn__t2                            1.815
xdut.\$124__t0                            3.63
xdut.\$131__t11                          1.815
xdut.vcm__t11                            1.815
xdut.\$126__t0                     3.01302e-09
xdut.\$131__t10                          1.815
xdut.vref__t8                             3.63
xdut.\$128__t0                            3.63
xdut.\$131__t9                           1.815
xdut.vss__t3                       3.11412e-10
xdut.\$130__t0                            3.63
xdut.\$131__t8                           1.815
xdut.\$132__t1                            3.63
xdut.sel_in__t13                             0
xdut.vdd__t46                             3.63
xdut.\$134__t1                     3.29106e-09
xdut.rel_4_n__t0                          3.63
xdut.vdd__t47                             3.63
xdut.\$136__t1                            3.63
xdut.hi_4_n__t0                              0
xdut.vdd__t48                             3.63
xdut.\$138__t1                            3.63
xdut.lo_4_n__t0                              0
xdut.vdd__t49                             3.63
xdut.vinn__t0                            1.815
xdut.\$132__t0                            3.63
xdut.\$139__t4                           1.815
xdut.vcm__t8                             1.815
xdut.\$134__t0                     3.14373e-09
xdut.\$139__t5                           1.815
xdut.vref__t5                             3.63
xdut.\$136__t0                            3.63
xdut.\$139__t6                           1.815
xdut.vss__t7                       4.99984e-10
xdut.\$138__t0                            3.63
xdut.\$139__t7                           1.815
xdut.\$140__t1                            3.63
xdut.sel_in__t6                              0
xdut.vdd__t22                             3.63
xdut.\$142__t1                     3.42507e-09
xdut.rel_2_n__t0                          3.63
xdut.vdd__t23                             3.63
xdut.\$144__t1                            3.63
xdut.hi_2_n__t0                              0
xdut.vdd__t24                             3.63
xdut.\$146__t1                            3.63
xdut.lo_2_n__t0                              0
xdut.vdd__t25                             3.63
xdut.vinn__t1                            1.815
xdut.\$140__t0                            3.63
xdut.\$147__t2                           1.815
xdut.vcm__t9                             1.815
xdut.\$142__t0                     3.27774e-09
xdut.\$147__t3                           1.815
xdut.vref__t6                             3.63
xdut.\$144__t0                            3.63
xdut.\$147__t4                           1.815
xdut.vss__t8                       6.91219e-10
xdut.\$146__t0                            3.63
xdut.\$147__t5                           1.815
xdut.\$148__t1                            3.63
xdut.sel_in__t8                              0
xdut.vdd__t27                             3.63
xdut.\$150__t1                     3.55972e-09
xdut.rel_1_n__t0                          3.63
xdut.vdd__t28                             3.63
xdut.\$152__t1                            3.63
xdut.hi_1_n__t0                              0
xdut.vdd__t29                             3.63
xdut.\$154__t1                            3.63
xdut.lo_1_n__t0                              0
xdut.vdd__t30                             3.63
xdut.vinn__t3                            1.815
xdut.\$148__t0                            3.63
xdut.\$155__t4                           1.815
xdut.vcm__t10                            1.815
xdut.\$150__t0                      3.4124e-09
xdut.\$155__t1                           1.815
xdut.vref__t7                             3.63
xdut.\$152__t0                            3.63
xdut.\$155__t2                           1.815
xdut.vss__t10                      8.83388e-10
xdut.\$154__t0                            3.63
xdut.\$155__t3                           1.815
xdut.\$166__t1                            3.63
xdut.tp_gn__t0                               0
xdut.vdd__t36                             3.63
xdut.vcm__t3                             1.815
xdut.\$166__t0                            3.63
xdut.topp__t512                        1.43442
xdut.\$167__t1                            3.63
xdut.tp_gn__t1                               0
xdut.vdd__t37                             3.63
xdut.vcm__t2                             1.815
xdut.\$167__t0                            3.63
xdut.topn__t512                        1.54963
xdut.\$10__t248                          1.815
xdut.topp__t0                          1.43442
xdut.\$24__t1                            1.815
xdut.topp__t494                        1.43442
xdut.\$10__t247                          1.815
xdut.topp__t493                        1.43442
xdut.\$22__t3                            1.815
xdut.topp__t492                        1.43442
xdut.\$10__t246                          1.815
xdut.topp__t491                        1.43442
xdut.\$20__t7                            1.815
xdut.topp__t490                        1.43442
xdut.\$10__t245                          1.815
xdut.topp__t489                        1.43442
xdut.\$20__t6                            1.815
xdut.topp__t488                        1.43442
xdut.\$10__t244                          1.815
xdut.topp__t487                        1.43442
xdut.\$18__t15                           1.815
xdut.topp__t486                        1.43442
xdut.\$10__t243                          1.815
xdut.topp__t485                        1.43442
xdut.\$18__t14                           1.815
xdut.topp__t484                        1.43442
xdut.\$10__t242                          1.815
xdut.topp__t483                        1.43442
xdut.\$18__t13                           1.815
xdut.topp__t482                        1.43442
xdut.\$10__t249                          1.815
xdut.topp__t496                        1.43442
xdut.\$18__t12                           1.815
xdut.topp__t450                        1.43442
xdut.\$10__t257                          1.815
xdut.topp__t511                        1.43442
xdut.\$16__t30                           1.815
xdut.topp__t495                        1.43442
xdut.\$10__t198                          1.815
xdut.topp__t392                        1.43442
xdut.\$16__t27                           1.815
xdut.topp__t476                        1.43442
xdut.\$10__t233                          1.815
xdut.topp__t462                        1.43442
xdut.\$16__t25                           1.815
xdut.topp__t461                        1.43442
xdut.\$10__t232                          1.815
xdut.topp__t460                        1.43442
xdut.\$16__t24                           1.815
xdut.topp__t459                        1.43442
xdut.\$10__t231                          1.815
xdut.topp__t458                        1.43442
xdut.\$16__t26                           1.815
xdut.topp__t471                        1.43442
xdut.\$10__t256                          1.815
xdut.topp__t510                        1.43442
xdut.\$16__t31                           1.815
xdut.topp__t497                        1.43442
xdut.\$10__t241                          1.815
xdut.topp__t480                        1.43442
xdut.\$16__t29                           1.815
xdut.topp__t479                        1.43442
xdut.\$10__t240                          1.815
xdut.topp__t478                        1.43442
xdut.\$16__t28                           1.815
xdut.topp__t477                        1.43442
xdut.\$90__t252                          1.815
xdut.topn__t506                        1.54963
xdut.\$147__t1                           1.815
xdut.topn__t505                        1.54963
xdut.\$90__t173                          1.815
xdut.topn__t346                        1.54963
xdut.\$139__t3                           1.815
xdut.topn__t345                        1.54963
xdut.\$90__t172                          1.815
xdut.topn__t344                        1.54963
xdut.\$131__t7                           1.815
xdut.topn__t343                        1.54963
xdut.\$90__t171                          1.815
xdut.topn__t342                        1.54963
xdut.\$131__t6                           1.815
xdut.topn__t341                        1.54963
xdut.\$90__t170                          1.815
xdut.topn__t340                        1.54963
xdut.\$123__t9                           1.815
xdut.topn__t339                        1.54963
xdut.\$90__t169                          1.815
xdut.topn__t338                        1.54963
xdut.\$123__t12                          1.815
xdut.topn__t385                        1.54963
xdut.\$90__t199                          1.815
xdut.topn__t400                        1.54963
xdut.\$123__t7                           1.815
xdut.topn__t211                        1.54963
xdut.\$90__t176                          1.815
xdut.topn__t352                        1.54963
xdut.\$123__t10                          1.815
xdut.topn__t351                        1.54963
xdut.\$90__t175                          1.815
xdut.topn__t350                        1.54963
xdut.\$115__t22                          1.815
xdut.topn__t349                        1.54963
xdut.\$90__t174                          1.815
xdut.topn__t348                        1.54963
xdut.\$115__t21                          1.815
xdut.topn__t347                        1.54963
xdut.\$90__t137                          1.815
xdut.topn__t277                        1.54963
xdut.\$115__t15                          1.815
xdut.topn__t214                        1.54963
xdut.\$90__t113                          1.815
xdut.topn__t230                        1.54963
xdut.\$115__t19                          1.815
xdut.topn__t229                        1.54963
xdut.\$90__t112                          1.815
xdut.topn__t228                        1.54963
xdut.\$115__t18                          1.815
xdut.topn__t227                        1.54963
xdut.\$90__t111                          1.815
xdut.topn__t226                        1.54963
xdut.\$115__t20                          1.815
xdut.topn__t241                        1.54963
xdut.\$90__t109                          1.815
xdut.topn__t224                        1.54963
xdut.\$115__t17                          1.815
xdut.topn__t218                        1.54963
xdut.\$90__t105                          1.815
xdut.topn__t216                        1.54963
xdut.\$115__t16                          1.815
xdut.topn__t215                        1.54963
xdut.\$10__t229                          1.815
xdut.topp__t456                        1.43442
xdut.\$14__t50                           1.815
xdut.topp__t455                        1.43442
xdut.\$10__t228                          1.815
xdut.topp__t454                        1.43442
xdut.\$14__t49                           1.815
xdut.topp__t453                        1.43442
xdut.\$10__t227                          1.815
xdut.topp__t452                        1.43442
xdut.\$14__t48                           1.815
xdut.topp__t451                        1.43442
xdut.\$10__t250                          1.815
xdut.topp__t498                        1.43442
xdut.\$14__t58                           1.815
xdut.topp__t499                        1.43442
xdut.\$10__t251                          1.815
xdut.topp__t500                        1.43442
xdut.\$14__t59                           1.815
xdut.topp__t501                        1.43442
xdut.\$10__t252                          1.815
xdut.topp__t502                        1.43442
xdut.\$14__t60                           1.815
xdut.topp__t503                        1.43442
xdut.\$10__t253                          1.815
xdut.topp__t504                        1.43442
xdut.\$14__t61                           1.815
xdut.topp__t505                        1.43442
xdut.\$10__t254                          1.815
xdut.topp__t506                        1.43442
xdut.\$14__t62                           1.815
xdut.topp__t507                        1.43442
xdut.\$10__t255                          1.815
xdut.topp__t508                        1.43442
xdut.\$14__t63                           1.815
xdut.topp__t509                        1.43442
xdut.\$10__t197                          1.815
xdut.topp__t391                        1.43442
xdut.\$14__t56                           1.815
xdut.topp__t475                        1.43442
xdut.\$10__t239                          1.815
xdut.topp__t474                        1.43442
xdut.\$14__t55                           1.815
xdut.topp__t473                        1.43442
xdut.\$10__t238                          1.815
xdut.topp__t472                        1.43442
xdut.\$14__t57                           1.815
xdut.topp__t481                        1.43442
xdut.\$10__t237                          1.815
xdut.topp__t470                        1.43442
xdut.\$14__t54                           1.815
xdut.topp__t469                        1.43442
xdut.\$10__t236                          1.815
xdut.topp__t468                        1.43442
xdut.\$14__t53                           1.815
xdut.topp__t467                        1.43442
xdut.\$10__t235                          1.815
xdut.topp__t466                        1.43442
xdut.\$14__t52                           1.815
xdut.topp__t465                        1.43442
xdut.\$10__t234                          1.815
xdut.topp__t464                        1.43442
xdut.\$14__t51                           1.815
xdut.topp__t463                        1.43442
xdut.\$90__t251                          1.815
xdut.topn__t504                        1.54963
xdut.\$107__t63                          1.815
xdut.topn__t503                        1.54963
xdut.\$90__t103                          1.815
xdut.topn__t210                        1.54963
xdut.\$107__t31                          1.815
xdut.topn__t321                        1.54963
xdut.\$90__t184                          1.815
xdut.topn__t368                        1.54963
xdut.\$107__t38                          1.815
xdut.topn__t367                        1.54963
xdut.\$90__t183                          1.815
xdut.topn__t366                        1.54963
xdut.\$107__t37                          1.815
xdut.topn__t365                        1.54963
xdut.\$90__t182                          1.815
xdut.topn__t364                        1.54963
xdut.\$107__t36                          1.815
xdut.topn__t363                        1.54963
xdut.\$90__t181                          1.815
xdut.topn__t362                        1.54963
xdut.\$107__t35                          1.815
xdut.topn__t361                        1.54963
xdut.\$90__t180                          1.815
xdut.topn__t360                        1.54963
xdut.\$107__t34                          1.815
xdut.topn__t359                        1.54963
xdut.\$90__t179                          1.815
xdut.topn__t358                        1.54963
xdut.\$107__t33                          1.815
xdut.topn__t357                        1.54963
xdut.\$90__t178                          1.815
xdut.topn__t356                        1.54963
xdut.\$107__t32                          1.815
xdut.topn__t355                        1.54963
xdut.\$90__t177                          1.815
xdut.topn__t354                        1.54963
xdut.\$107__t39                          1.815
xdut.topn__t369                        1.54963
xdut.\$90__t136                          1.815
xdut.topn__t276                        1.54963
xdut.\$107__t17                          1.815
xdut.topn__t213                        1.54963
xdut.\$90__t104                          1.815
xdut.topn__t212                        1.54963
xdut.\$107__t25                          1.815
xdut.topn__t239                        1.54963
xdut.\$90__t117                          1.815
xdut.topn__t238                        1.54963
xdut.\$107__t24                          1.815
xdut.topn__t237                        1.54963
xdut.\$90__t116                          1.815
xdut.topn__t236                        1.54963
xdut.\$107__t23                          1.815
xdut.topn__t235                        1.54963
xdut.\$90__t115                          1.815
xdut.topn__t234                        1.54963
xdut.\$107__t22                          1.815
xdut.topn__t233                        1.54963
xdut.\$90__t114                          1.815
xdut.topn__t232                        1.54963
xdut.\$107__t21                          1.815
xdut.topn__t231                        1.54963
xdut.\$10__t168                          1.815
xdut.topp__t335                        1.43442
xdut.\$12__t91                           1.815
xdut.topp__t336                        1.43442
xdut.\$10__t169                          1.815
xdut.topp__t337                        1.43442
xdut.\$12__t92                           1.815
xdut.topp__t338                        1.43442
xdut.\$10__t170                          1.815
xdut.topp__t339                        1.43442
xdut.\$12__t93                           1.815
xdut.topp__t340                        1.43442
xdut.\$10__t171                          1.815
xdut.topp__t341                        1.43442
xdut.\$12__t94                           1.815
xdut.topp__t342                        1.43442
xdut.\$10__t172                          1.815
xdut.topp__t343                        1.43442
xdut.\$12__t95                           1.815
xdut.topp__t344                        1.43442
xdut.\$10__t173                          1.815
xdut.topp__t345                        1.43442
xdut.\$12__t96                           1.815
xdut.topp__t346                        1.43442
xdut.\$10__t174                          1.815
xdut.topp__t347                        1.43442
xdut.\$12__t97                           1.815
xdut.topp__t348                        1.43442
xdut.\$10__t175                          1.815
xdut.topp__t349                        1.43442
xdut.\$12__t106                          1.815
xdut.topp__t366                        1.43442
xdut.\$10__t176                          1.815
xdut.topp__t351                        1.43442
xdut.\$12__t99                           1.815
xdut.topp__t352                        1.43442
xdut.\$10__t177                          1.815
xdut.topp__t353                        1.43442
xdut.\$12__t100                          1.815
xdut.topp__t354                        1.43442
xdut.\$10__t178                          1.815
xdut.topp__t355                        1.43442
xdut.\$12__t101                          1.815
xdut.topp__t356                        1.43442
xdut.\$10__t179                          1.815
xdut.topp__t357                        1.43442
xdut.\$12__t102                          1.815
xdut.topp__t358                        1.43442
xdut.\$10__t180                          1.815
xdut.topp__t359                        1.43442
xdut.\$12__t103                          1.815
xdut.topp__t360                        1.43442
xdut.\$10__t181                          1.815
xdut.topp__t361                        1.43442
xdut.\$12__t104                          1.815
xdut.topp__t362                        1.43442
xdut.\$10__t182                          1.815
xdut.topp__t363                        1.43442
xdut.\$12__t105                          1.815
xdut.topp__t364                        1.43442
xdut.\$10__t183                          1.815
xdut.topp__t365                        1.43442
xdut.\$12__t98                           1.815
xdut.topp__t350                        1.43442
xdut.\$90__t153                          1.815
xdut.topn__t306                        1.54963
xdut.\$99__t81                           1.815
xdut.topn__t307                        1.54963
xdut.\$90__t154                          1.815
xdut.topn__t308                        1.54963
xdut.\$99__t82                           1.815
xdut.topn__t309                        1.54963
xdut.\$90__t155                          1.815
xdut.topn__t310                        1.54963
xdut.\$99__t83                           1.815
xdut.topn__t311                        1.54963
xdut.\$90__t156                          1.815
xdut.topn__t312                        1.54963
xdut.\$99__t84                           1.815
xdut.topn__t313                        1.54963
xdut.\$90__t157                          1.815
xdut.topn__t314                        1.54963
xdut.\$99__t85                           1.815
xdut.topn__t315                        1.54963
xdut.\$90__t158                          1.815
xdut.topn__t316                        1.54963
xdut.\$99__t86                           1.815
xdut.topn__t317                        1.54963
xdut.\$90__t159                          1.815
xdut.topn__t318                        1.54963
xdut.\$99__t87                           1.815
xdut.topn__t319                        1.54963
xdut.\$90__t160                          1.815
xdut.topn__t320                        1.54963
xdut.\$99__t95                           1.815
xdut.topn__t337                        1.54963
xdut.\$90__t161                          1.815
xdut.topn__t322                        1.54963
xdut.\$99__t88                           1.815
xdut.topn__t323                        1.54963
xdut.\$90__t162                          1.815
xdut.topn__t324                        1.54963
xdut.\$99__t89                           1.815
xdut.topn__t325                        1.54963
xdut.\$90__t163                          1.815
xdut.topn__t326                        1.54963
xdut.\$99__t90                           1.815
xdut.topn__t327                        1.54963
xdut.\$90__t164                          1.815
xdut.topn__t328                        1.54963
xdut.\$99__t91                           1.815
xdut.topn__t329                        1.54963
xdut.\$90__t165                          1.815
xdut.topn__t330                        1.54963
xdut.\$99__t92                           1.815
xdut.topn__t331                        1.54963
xdut.\$90__t166                          1.815
xdut.topn__t332                        1.54963
xdut.\$99__t93                           1.815
xdut.topn__t333                        1.54963
xdut.\$90__t167                          1.815
xdut.topn__t334                        1.54963
xdut.\$99__t94                           1.815
xdut.topn__t335                        1.54963
xdut.\$90__t168                          1.815
xdut.topn__t336                        1.54963
xdut.\$99__t96                           1.815
xdut.topn__t353                        1.54963
xdut.\$10__t66                           1.815
xdut.topp__t129                        1.43442
xdut.\$12__t34                           1.815
xdut.topp__t128                        1.43442
xdut.\$10__t67                           1.815
xdut.topp__t131                        1.43442
xdut.\$12__t35                           1.815
xdut.topp__t130                        1.43442
xdut.\$10__t65                           1.815
xdut.topp__t127                        1.43442
xdut.\$12__t33                           1.815
xdut.topp__t126                        1.43442
xdut.\$10__t92                           1.815
xdut.topp__t182                        1.43442
xdut.\$12__t36                           1.815
xdut.topp__t133                        1.43442
xdut.\$10__t68                           1.815
xdut.topp__t132                        1.43442
xdut.\$12__t53                           1.815
xdut.topp__t190                        1.43442
xdut.\$10__t87                           1.815
xdut.topp__t170                        1.43442
xdut.\$12__t42                           1.815
xdut.topp__t164                        1.43442
xdut.\$10__t81                           1.815
xdut.topp__t158                        1.43442
xdut.\$12__t46                           1.815
xdut.topp__t171                        1.43442
xdut.\$10__t84                           1.815
xdut.topp__t163                        1.43442
xdut.\$12__t41                           1.815
xdut.topp__t162                        1.43442
xdut.\$10__t83                           1.815
xdut.topp__t161                        1.43442
xdut.\$12__t40                           1.815
xdut.topp__t160                        1.43442
xdut.\$10__t136                          1.815
xdut.topp__t273                        1.43442
xdut.\$12__t117                          1.815
xdut.topp__t414                        1.43442
xdut.\$10__t199                          1.815
xdut.topp__t394                        1.43442
xdut.\$12__t112                          1.815
xdut.topp__t393                        1.43442
xdut.\$10__t218                          1.815
xdut.topp__t433                        1.43442
xdut.\$12__t126                          1.815
xdut.topp__t445                        1.43442
xdut.\$10__t223                          1.815
xdut.topp__t444                        1.43442
xdut.\$12__t125                          1.815
xdut.topp__t443                        1.43442
xdut.\$10__t194                          1.815
xdut.topp__t386                        1.43442
xdut.\$12__t109                          1.815
xdut.topp__t385                        1.43442
xdut.\$10__t193                          1.815
xdut.topp__t384                        1.43442
xdut.\$12__t108                          1.815
xdut.topp__t383                        1.43442
xdut.\$10__t192                          1.815
xdut.topp__t382                        1.43442
xdut.\$12__t107                          1.815
xdut.topp__t381                        1.43442
xdut.\$90__t202                          1.815
xdut.topn__t406                        1.54963
xdut.\$99__t99                           1.815
xdut.topn__t405                        1.54963
xdut.\$90__t56                           1.815
xdut.topn__t115                        1.54963
xdut.\$99__t29                           1.815
xdut.topn__t87                         1.54963
xdut.\$90__t58                           1.815
xdut.topn__t118                        1.54963
xdut.\$99__t14                           1.815
xdut.topn__t34                         1.54963
xdut.\$90__t51                           1.815
xdut.topn__t106                        1.54963
xdut.\$99__t35                           1.815
xdut.topn__t116                        1.54963
xdut.\$90__t50                           1.815
xdut.topn__t104                        1.54963
xdut.\$99__t36                           1.815
xdut.topn__t135                        1.54963
xdut.\$90__t57                           1.815
xdut.topn__t117                        1.54963
xdut.\$99__t112                          1.815
xdut.topn__t433                        1.54963
xdut.\$90__t11                           1.815
xdut.topn__t23                         1.54963
xdut.\$99__t8                            1.815
xdut.topn__t22                         1.54963
xdut.\$90__t10                           1.815
xdut.topn__t21                         1.54963
xdut.\$99__t10                           1.815
xdut.topn__t27                         1.54963
xdut.\$90__t13                           1.815
xdut.topn__t26                         1.54963
xdut.\$99__t9                            1.815
xdut.topn__t25                         1.54963
xdut.\$90__t12                           1.815
xdut.topn__t24                         1.54963
xdut.\$99__t17                           1.815
xdut.topn__t39                         1.54963
xdut.\$90__t185                          1.815
xdut.topn__t370                        1.54963
xdut.\$99__t19                           1.815
xdut.topn__t43                         1.54963
xdut.\$90__t20                           1.815
xdut.topn__t42                         1.54963
xdut.\$99__t18                           1.815
xdut.topn__t41                         1.54963
xdut.\$90__t19                           1.815
xdut.topn__t40                         1.54963
xdut.\$99__t37                           1.815
xdut.topn__t136                        1.54963
xdut.\$90__t84                           1.815
xdut.topn__t170                        1.54963
xdut.\$99__t43                           1.815
xdut.topn__t169                        1.54963
xdut.\$90__t83                           1.815
xdut.topn__t168                        1.54963
xdut.\$99__t22                           1.815
xdut.topn__t57                         1.54963
xdut.\$90__t26                           1.815
xdut.topn__t56                         1.54963
xdut.\$99__t20                           1.815
xdut.topn__t44                         1.54963
xdut.\$12__t0                            1.815
xdut.topp__t181                        1.43442
xdut.\$10__t91                           1.815
xdut.topp__t180                        1.43442
xdut.\$12__t51                           1.815
xdut.topp__t179                        1.43442
xdut.\$10__t90                           1.815
xdut.topp__t178                        1.43442
xdut.\$12__t50                           1.815
xdut.topp__t177                        1.43442
xdut.\$10__t89                           1.815
xdut.topp__t176                        1.43442
xdut.\$12__t49                           1.815
xdut.topp__t175                        1.43442
xdut.\$10__t88                           1.815
xdut.topp__t174                        1.43442
xdut.\$12__t48                           1.815
xdut.topp__t173                        1.43442
xdut.\$10__t94                           1.815
xdut.topp__t186                        1.43442
xdut.\$12__t39                           1.815
xdut.topp__t157                        1.43442
xdut.\$10__t80                           1.815
xdut.topp__t156                        1.43442
xdut.\$12__t38                           1.815
xdut.topp__t155                        1.43442
xdut.\$10__t79                           1.815
xdut.topp__t154                        1.43442
xdut.\$12__t43                           1.815
xdut.topp__t165                        1.43442
xdut.\$10__t82                           1.815
xdut.topp__t159                        1.43442
xdut.\$12__t52                           1.815
xdut.topp__t183                        1.43442
xdut.\$10__t85                           1.815
xdut.topp__t166                        1.43442
xdut.\$12__t90                           1.815
xdut.topp__t308                        1.43442
xdut.\$10__t208                          1.815
xdut.topp__t415                        1.43442
xdut.\$12__t124                          1.815
xdut.topp__t442                        1.43442
xdut.\$10__t222                          1.815
xdut.topp__t441                        1.43442
xdut.\$12__t123                          1.815
xdut.topp__t440                        1.43442
xdut.\$10__t191                          1.815
xdut.topp__t380                        1.43442
xdut.\$12__t111                          1.815
xdut.topp__t390                        1.43442
xdut.\$10__t190                          1.815
xdut.topp__t379                        1.43442
xdut.\$12__t122                          1.815
xdut.topp__t426                        1.43442
xdut.\$10__t214                          1.815
xdut.topp__t425                        1.43442
xdut.\$12__t121                          1.815
xdut.topp__t424                        1.43442
xdut.\$10__t213                          1.815
xdut.topp__t423                        1.43442
xdut.\$12__t120                          1.815
xdut.topp__t422                        1.43442
xdut.\$10__t212                          1.815
xdut.topp__t421                        1.43442
xdut.\$99__t113                          1.815
xdut.topn__t444                        1.54963
xdut.\$90__t203                          1.815
xdut.topn__t407                        1.54963
xdut.\$99__t34                           1.815
xdut.topn__t114                        1.54963
xdut.\$90__t55                           1.815
xdut.topn__t113                        1.54963
xdut.\$99__t33                           1.815
xdut.topn__t112                        1.54963
xdut.\$90__t54                           1.815
xdut.topn__t111                        1.54963
xdut.\$99__t32                           1.815
xdut.topn__t110                        1.54963
xdut.\$90__t53                           1.815
xdut.topn__t109                        1.54963
xdut.\$99__t31                           1.815
xdut.topn__t108                        1.54963
xdut.\$90__t52                           1.815
xdut.topn__t107                        1.54963
xdut.\$99__t30                           1.815
xdut.topn__t105                        1.54963
xdut.\$90__t217                          1.815
xdut.topn__t434                        1.54963
xdut.\$99__t7                            1.815
xdut.topn__t20                         1.54963
xdut.\$90__t9                            1.815
xdut.topn__t19                         1.54963
xdut.\$99__t6                            1.815
xdut.topn__t18                         1.54963
xdut.\$90__t4                            1.815
xdut.topn__t9                          1.54963
xdut.\$99__t21                           1.815
xdut.topn__t55                         1.54963
xdut.\$90__t33                           1.815
xdut.topn__t70                         1.54963
xdut.\$99__t28                           1.815
xdut.topn__t69                         1.54963
xdut.\$90__t14                           1.815
xdut.topn__t28                         1.54963
xdut.\$99__t97                           1.815
xdut.topn__t371                        1.54963
xdut.\$90__t82                           1.815
xdut.topn__t167                        1.54963
xdut.\$99__t42                           1.815
xdut.topn__t166                        1.54963
xdut.\$90__t81                           1.815
xdut.topn__t165                        1.54963
xdut.\$99__t41                           1.815
xdut.topn__t164                        1.54963
xdut.\$90__t80                           1.815
xdut.topn__t163                        1.54963
xdut.\$99__t40                           1.815
xdut.topn__t141                        1.54963
xdut.\$90__t86                           1.815
xdut.topn__t174                        1.54963
xdut.\$99__t44                           1.815
xdut.topn__t175                        1.54963
xdut.\$90__t28                           1.815
xdut.topn__t60                         1.54963
xdut.\$99__t23                           1.815
xdut.topn__t59                         1.54963
xdut.\$90__t27                           1.815
xdut.topn__t58                         1.54963
xdut.\$12__t47                           1.815
xdut.topp__t172                        1.43442
xdut.\$10__t69                           1.815
xdut.topp__t134                        1.43442
xdut.\$12__t32                           1.815
xdut.topp__t125                        1.43442
xdut.\$10__t64                           1.815
xdut.topp__t124                        1.43442
xdut.\$12__t31                           1.815
xdut.topp__t123                        1.43442
xdut.\$10__t63                           1.815
xdut.topp__t122                        1.43442
xdut.\$12__t30                           1.815
xdut.topp__t121                        1.43442
xdut.\$10__t62                           1.815
xdut.topp__t120                        1.43442
xdut.\$12__t44                           1.815
xdut.topp__t167                        1.43442
xdut.\$10__t95                           1.815
xdut.topp__t187                        1.43442
xdut.\$12__t45                           1.815
xdut.topp__t169                        1.43442
xdut.\$10__t86                           1.815
xdut.topp__t168                        1.43442
xdut.\$12__t37                           1.815
xdut.topp__t153                        1.43442
xdut.\$10__t78                           1.815
xdut.topp__t152                        1.43442
xdut.\$12__t119                          1.815
xdut.topp__t419                        1.43442
xdut.\$10__t230                          1.815
xdut.topp__t457                        1.43442
xdut.\$12__t118                          1.815
xdut.topp__t418                        1.43442
xdut.\$10__t210                          1.815
xdut.topp__t417                        1.43442
xdut.\$12__t74                           1.815
xdut.topp__t271                        1.43442
xdut.\$10__t225                          1.815
xdut.topp__t448                        1.43442
xdut.\$12__t127                          1.815
xdut.topp__t447                        1.43442
xdut.\$10__t224                          1.815
xdut.topp__t446                        1.43442
xdut.\$12__t115                          1.815
xdut.topp__t400                        1.43442
xdut.\$10__t202                          1.815
xdut.topp__t399                        1.43442
xdut.\$12__t114                          1.815
xdut.topp__t398                        1.43442
xdut.\$10__t201                          1.815
xdut.topp__t397                        1.43442
xdut.\$12__t113                          1.815
xdut.topp__t396                        1.43442
xdut.\$10__t200                          1.815
xdut.topp__t395                        1.43442
xdut.\$12__t116                          1.815
xdut.topp__t406                        1.43442
xdut.\$10__t196                          1.815
xdut.topp__t389                        1.43442
xdut.\$12__t110                          1.815
xdut.topp__t388                        1.43442
xdut.\$10__t195                          1.815
xdut.topp__t387                        1.43442
xdut.\$99__t100                          1.815
xdut.topn__t409                        1.54963
xdut.\$90__t204                          1.815
xdut.topn__t408                        1.54963
xdut.\$99__t16                           1.815
xdut.topn__t38                         1.54963
xdut.\$90__t18                           1.815
xdut.topn__t37                         1.54963
xdut.\$99__t15                           1.815
xdut.topn__t36                         1.54963
xdut.\$90__t17                           1.815
xdut.topn__t35                         1.54963
xdut.\$99__t13                           1.815
xdut.topn__t33                         1.54963
xdut.\$90__t16                           1.815
xdut.topn__t32                         1.54963
xdut.\$99__t12                           1.815
xdut.topn__t31                         1.54963
xdut.\$90__t15                           1.815
xdut.topn__t30                         1.54963
xdut.\$99__t11                           1.815
xdut.topn__t29                         1.54963
xdut.\$90__t218                          1.815
xdut.topn__t435                        1.54963
xdut.\$99__t5                            1.815
xdut.topn__t17                         1.54963
xdut.\$90__t8                            1.815
xdut.topn__t16                         1.54963
xdut.\$99__t4                            1.815
xdut.topn__t15                         1.54963
xdut.\$90__t7                            1.815
xdut.topn__t14                         1.54963
xdut.\$99__t3                            1.815
xdut.topn__t13                         1.54963
xdut.\$90__t6                            1.815
xdut.topn__t12                         1.54963
xdut.\$99__t2                            1.815
xdut.topn__t11                         1.54963
xdut.\$90__t5                            1.815
xdut.topn__t10                         1.54963
xdut.\$99__t98                           1.815
xdut.topn__t372                        1.54963
xdut.\$90__t87                           1.815
xdut.topn__t176                        1.54963
xdut.\$99__t45                           1.815
xdut.topn__t177                        1.54963
xdut.\$90__t88                           1.815
xdut.topn__t178                        1.54963
xdut.\$99__t27                           1.815
xdut.topn__t68                         1.54963
xdut.\$90__t32                           1.815
xdut.topn__t67                         1.54963
xdut.\$99__t26                           1.815
xdut.topn__t66                         1.54963
xdut.\$90__t31                           1.815
xdut.topn__t65                         1.54963
xdut.\$99__t25                           1.815
xdut.topn__t64                         1.54963
xdut.\$90__t30                           1.815
xdut.topn__t63                         1.54963
xdut.\$99__t24                           1.815
xdut.topn__t62                         1.54963
xdut.\$90__t29                           1.815
xdut.topn__t61                         1.54963
xdut.\$14__t19                           1.815
xdut.topp__t147                        1.43442
xdut.\$10__t75                           1.815
xdut.topp__t146                        1.43442
xdut.\$14__t18                           1.815
xdut.topp__t145                        1.43442
xdut.\$10__t74                           1.815
xdut.topp__t144                        1.43442
xdut.\$14__t17                           1.815
xdut.topp__t143                        1.43442
xdut.\$10__t73                           1.815
xdut.topp__t142                        1.43442
xdut.\$14__t16                           1.815
xdut.topp__t141                        1.43442
xdut.\$10__t72                           1.815
xdut.topp__t140                        1.43442
xdut.\$14__t15                           1.815
xdut.topp__t139                        1.43442
xdut.\$10__t96                           1.815
xdut.topp__t188                        1.43442
xdut.\$14__t22                           1.815
xdut.topp__t228                        1.43442
xdut.\$10__t118                          1.815
xdut.topp__t231                        1.43442
xdut.\$14__t23                           1.815
xdut.topp__t234                        1.43442
xdut.\$10__t116                          1.815
xdut.topp__t229                        1.43442
xdut.\$14__t21                           1.815
xdut.topp__t227                        1.43442
xdut.\$10__t115                          1.815
xdut.topp__t226                        1.43442
xdut.\$14__t20                           1.815
xdut.topp__t185                        1.43442
xdut.\$10__t93                           1.815
xdut.topp__t184                        1.43442
xdut.\$14__t28                           1.815
xdut.topp__t277                        1.43442
xdut.\$10__t221                          1.815
xdut.topp__t439                        1.43442
xdut.\$14__t47                           1.815
xdut.topp__t438                        1.43442
xdut.\$10__t220                          1.815
xdut.topp__t437                        1.43442
xdut.\$14__t46                           1.815
xdut.topp__t436                        1.43442
xdut.\$10__t219                          1.815
xdut.topp__t435                        1.43442
xdut.\$14__t45                           1.815
xdut.topp__t434                        1.43442
xdut.\$10__t226                          1.815
xdut.topp__t449                        1.43442
xdut.\$14__t44                           1.815
xdut.topp__t432                        1.43442
xdut.\$10__t217                          1.815
xdut.topp__t431                        1.43442
xdut.\$14__t43                           1.815
xdut.topp__t430                        1.43442
xdut.\$10__t216                          1.815
xdut.topp__t429                        1.43442
xdut.\$14__t42                           1.815
xdut.topp__t428                        1.43442
xdut.\$10__t215                          1.815
xdut.topp__t427                        1.43442
xdut.\$107__t53                          1.815
xdut.topn__t446                        1.54963
xdut.\$90__t224                          1.815
xdut.topn__t445                        1.54963
xdut.\$107__t4                           1.815
xdut.topn__t77                         1.54963
xdut.\$90__t37                           1.815
xdut.topn__t76                         1.54963
xdut.\$107__t3                           1.815
xdut.topn__t75                         1.54963
xdut.\$90__t36                           1.815
xdut.topn__t74                         1.54963
xdut.\$107__t2                           1.815
xdut.topn__t73                         1.54963
xdut.\$90__t35                           1.815
xdut.topn__t72                         1.54963
xdut.\$107__t8                           1.815
xdut.topn__t119                        1.54963
xdut.\$90__t66                           1.815
xdut.topn__t134                        1.54963
xdut.\$107__t9                           1.815
xdut.topn__t133                        1.54963
xdut.\$90__t219                          1.815
xdut.topn__t436                        1.54963
xdut.\$107__t0                           1.815
xdut.topn__t0                          1.54963
xdut.\$90__t48                           1.815
xdut.topn__t102                        1.54963
xdut.\$107__t7                           1.815
xdut.topn__t101                        1.54963
xdut.\$90__t47                           1.815
xdut.topn__t100                        1.54963
xdut.\$107__t6                           1.815
xdut.topn__t99                         1.54963
xdut.\$90__t46                           1.815
xdut.topn__t98                         1.54963
xdut.\$107__t5                           1.815
xdut.topn__t97                         1.54963
xdut.\$90__t45                           1.815
xdut.topn__t96                         1.54963
xdut.\$107__t40                          1.815
xdut.topn__t373                        1.54963
xdut.\$90__t79                           1.815
xdut.topn__t162                        1.54963
xdut.\$107__t14                          1.815
xdut.topn__t161                        1.54963
xdut.\$90__t78                           1.815
xdut.topn__t160                        1.54963
xdut.\$107__t13                          1.815
xdut.topn__t159                        1.54963
xdut.\$90__t77                           1.815
xdut.topn__t158                        1.54963
xdut.\$107__t12                          1.815
xdut.topn__t147                        1.54963
xdut.\$90__t71                           1.815
xdut.topn__t146                        1.54963
xdut.\$107__t11                          1.815
xdut.topn__t145                        1.54963
xdut.\$90__t70                           1.815
xdut.topn__t144                        1.54963
xdut.\$107__t10                          1.815
xdut.topn__t143                        1.54963
xdut.\$90__t69                           1.815
xdut.topn__t142                        1.54963
xdut.\$16__t10                           1.815
xdut.topp__t199                        1.43442
xdut.\$10__t77                           1.815
xdut.topp__t150                        1.43442
xdut.\$16__t9                            1.815
xdut.topp__t149                        1.43442
xdut.\$10__t76                           1.815
xdut.topp__t148                        1.43442
xdut.\$16__t8                            1.815
xdut.topp__t138                        1.43442
xdut.\$10__t111                          1.815
xdut.topp__t220                        1.43442
xdut.\$16__t12                           1.815
xdut.topp__t219                        1.43442
xdut.\$10__t110                          1.815
xdut.topp__t218                        1.43442
xdut.\$16__t11                           1.815
xdut.topp__t217                        1.43442
xdut.\$10__t97                           1.815
xdut.topp__t189                        1.43442
xdut.\$16__t13                           1.815
xdut.topp__t233                        1.43442
xdut.\$10__t119                          1.815
xdut.topp__t232                        1.43442
xdut.\$16__t16                           1.815
xdut.topp__t247                        1.43442
xdut.\$10__t117                          1.815
xdut.topp__t230                        1.43442
xdut.\$16__t15                           1.815
xdut.topp__t246                        1.43442
xdut.\$10__t125                          1.815
xdut.topp__t245                        1.43442
xdut.\$18__t7                            1.815
xdut.topp__t244                        1.43442
xdut.\$10__t124                          1.815
xdut.topp__t243                        1.43442
xdut.\$18__t9                            1.815
xdut.topp__t274                        1.43442
xdut.\$10__t189                          1.815
xdut.topp__t378                        1.43442
xdut.\$18__t11                           1.815
xdut.topp__t377                        1.43442
xdut.\$10__t188                          1.815
xdut.topp__t376                        1.43442
xdut.\$18__t10                           1.815
xdut.topp__t375                        1.43442
xdut.\$10__t187                          1.815
xdut.topp__t374                        1.43442
xdut.\$20__t5                            1.815
xdut.topp__t373                        1.43442
xdut.\$10__t186                          1.815
xdut.topp__t372                        1.43442
xdut.\$20__t4                            1.815
xdut.topp__t371                        1.43442
xdut.\$10__t185                          1.815
xdut.topp__t370                        1.43442
xdut.\$22__t2                            1.815
xdut.topp__t369                        1.43442
xdut.\$10__t184                          1.815
xdut.topp__t368                        1.43442
xdut.\$26__t0                            1.815
xdut.topp__t367                        1.43442
xdut.\$10__t209                          1.815
xdut.topp__t416                        1.43442
xdut.\$115__t24                          1.815
xdut.topn__t443                        1.54963
xdut.\$90__t223                          1.815
xdut.topn__t442                        1.54963
xdut.\$115__t8                           1.815
xdut.topn__t123                        1.54963
xdut.\$90__t60                           1.815
xdut.topn__t122                        1.54963
xdut.\$115__t7                           1.815
xdut.topn__t121                        1.54963
xdut.\$90__t59                           1.815
xdut.topn__t120                        1.54963
xdut.\$115__t3                           1.815
xdut.topn__t82                         1.54963
xdut.\$90__t39                           1.815
xdut.topn__t81                         1.54963
xdut.\$115__t2                           1.815
xdut.topn__t80                         1.54963
xdut.\$90__t38                           1.815
xdut.topn__t79                         1.54963
xdut.\$115__t1                           1.815
xdut.topn__t78                         1.54963
xdut.\$90__t220                          1.815
xdut.topn__t437                        1.54963
xdut.\$115__t5                           1.815
xdut.topn__t94                         1.54963
xdut.\$90__t44                           1.815
xdut.topn__t93                         1.54963
xdut.\$115__t4                           1.815
xdut.topn__t92                         1.54963
xdut.\$90__t43                           1.815
xdut.topn__t91                         1.54963
xdut.\$123__t4                           1.815
xdut.topn__t90                         1.54963
xdut.\$90__t42                           1.815
xdut.topn__t89                         1.54963
xdut.\$123__t3                           1.815
xdut.topn__t88                         1.54963
xdut.\$90__t49                           1.815
xdut.topn__t103                        1.54963
xdut.\$123__t11                          1.815
xdut.topn__t374                        1.54963
xdut.\$90__t34                           1.815
xdut.topn__t71                         1.54963
xdut.\$123__t0                           1.815
xdut.topn__t54                         1.54963
xdut.\$90__t25                           1.815
xdut.topn__t53                         1.54963
xdut.\$131__t1                           1.815
xdut.topn__t52                         1.54963
xdut.\$90__t24                           1.815
xdut.topn__t51                         1.54963
xdut.\$131__t0                           1.815
xdut.topn__t50                         1.54963
xdut.\$90__t23                           1.815
xdut.topn__t49                         1.54963
xdut.\$139__t0                           1.815
xdut.topn__t48                         1.54963
xdut.\$90__t22                           1.815
xdut.topn__t47                         1.54963
xdut.\$155__t0                           1.815
xdut.topn__t46                         1.54963
xdut.\$90__t21                           1.815
xdut.topn__t45                         1.54963
xdut.\$10__t112                          1.815
xdut.topp__t222                        1.43442
xdut.vcm__t0                             1.815
xdut.topp__t221                        1.43442
xdut.\$10__t109                          1.815
xdut.topp__t216                        1.43442
xdut.\$22__t1                            1.815
xdut.topp__t137                        1.43442
xdut.\$10__t71                           1.815
xdut.topp__t136                        1.43442
xdut.\$20__t2                            1.815
xdut.topp__t151                        1.43442
xdut.\$10__t114                          1.815
xdut.topp__t225                        1.43442
xdut.\$20__t3                            1.815
xdut.topp__t224                        1.43442
xdut.\$10__t113                          1.815
xdut.topp__t223                        1.43442
xdut.\$18__t3                            1.815
xdut.topp__t191                        1.43442
xdut.\$10__t123                          1.815
xdut.topp__t242                        1.43442
xdut.\$18__t6                            1.815
xdut.topp__t241                        1.43442
xdut.\$10__t122                          1.815
xdut.topp__t240                        1.43442
xdut.\$18__t5                            1.815
xdut.topp__t239                        1.43442
xdut.\$10__t121                          1.815
xdut.topp__t238                        1.43442
xdut.\$18__t4                            1.815
xdut.topp__t237                        1.43442
xdut.\$10__t120                          1.815
xdut.topp__t236                        1.43442
xdut.\$16__t14                           1.815
xdut.topp__t235                        1.43442
xdut.\$10__t135                          1.815
xdut.topp__t269                        1.43442
xdut.\$16__t23                           1.815
xdut.topp__t413                        1.43442
xdut.\$10__t207                          1.815
xdut.topp__t412                        1.43442
xdut.\$16__t22                           1.815
xdut.topp__t411                        1.43442
xdut.\$10__t206                          1.815
xdut.topp__t410                        1.43442
xdut.\$16__t21                           1.815
xdut.topp__t409                        1.43442
xdut.\$10__t205                          1.815
xdut.topp__t408                        1.43442
xdut.\$16__t20                           1.815
xdut.topp__t407                        1.43442
xdut.\$10__t211                          1.815
xdut.topp__t420                        1.43442
xdut.\$16__t19                           1.815
xdut.topp__t405                        1.43442
xdut.\$10__t204                          1.815
xdut.topp__t404                        1.43442
xdut.\$16__t18                           1.815
xdut.topp__t403                        1.43442
xdut.\$10__t203                          1.815
xdut.topp__t402                        1.43442
xdut.\$16__t17                           1.815
xdut.topp__t401                        1.43442
xdut.\$90__t222                          1.815
xdut.topn__t441                        1.54963
xdut.vcm__t1                             1.815
xdut.topn__t440                        1.54963
xdut.\$90__t65                           1.815
xdut.topn__t132                        1.54963
xdut.\$139__t1                           1.815
xdut.topn__t131                        1.54963
xdut.\$90__t64                           1.815
xdut.topn__t130                        1.54963
xdut.\$131__t3                           1.815
xdut.topn__t129                        1.54963
xdut.\$90__t63                           1.815
xdut.topn__t128                        1.54963
xdut.\$131__t2                           1.815
xdut.topn__t127                        1.54963
xdut.\$90__t62                           1.815
xdut.topn__t126                        1.54963
xdut.\$123__t5                           1.815
xdut.topn__t125                        1.54963
xdut.\$90__t61                           1.815
xdut.topn__t124                        1.54963
xdut.\$123__t13                          1.815
xdut.topn__t438                        1.54963
xdut.\$90__t41                           1.815
xdut.topn__t85                         1.54963
xdut.\$123__t1                           1.815
xdut.topn__t84                         1.54963
xdut.\$90__t40                           1.815
xdut.topn__t83                         1.54963
xdut.\$123__t2                           1.815
xdut.topn__t86                         1.54963
xdut.\$90__t212                          1.815
xdut.topn__t423                        1.54963
xdut.\$115__t23                          1.815
xdut.topn__t402                        1.54963
xdut.\$90__t200                          1.815
xdut.topn__t403                        1.54963
xdut.\$115__t6                           1.815
xdut.topn__t95                         1.54963
xdut.\$90__t186                          1.815
xdut.topn__t375                        1.54963
xdut.\$115__t13                          1.815
xdut.topn__t157                        1.54963
xdut.\$90__t76                           1.815
xdut.topn__t156                        1.54963
xdut.\$115__t14                          1.815
xdut.topn__t171                        1.54963
xdut.\$90__t75                           1.815
xdut.topn__t155                        1.54963
xdut.\$115__t12                          1.815
xdut.topn__t154                        1.54963
xdut.\$90__t74                           1.815
xdut.topn__t153                        1.54963
xdut.\$115__t11                          1.815
xdut.topn__t152                        1.54963
xdut.\$90__t73                           1.815
xdut.topn__t151                        1.54963
xdut.\$115__t10                          1.815
xdut.topn__t150                        1.54963
xdut.\$90__t72                           1.815
xdut.topn__t149                        1.54963
xdut.\$115__t9                           1.815
xdut.topn__t148                        1.54963
xdut.\$10__t134                          1.815
xdut.topp__t267                        1.43442
xdut.\$14__t26                           1.815
xdut.topp__t266                        1.43442
xdut.\$10__t133                          1.815
xdut.topp__t265                        1.43442
xdut.\$14__t25                           1.815
xdut.topp__t264                        1.43442
xdut.\$10__t139                          1.815
xdut.topp__t279                        1.43442
xdut.\$14__t24                           1.815
xdut.topp__t263                        1.43442
xdut.\$10__t161                          1.815
xdut.topp__t322                        1.43442
xdut.\$14__t36                           1.815
xdut.topp__t323                        1.43442
xdut.\$10__t162                          1.815
xdut.topp__t324                        1.43442
xdut.\$14__t41                           1.815
xdut.topp__t334                        1.43442
xdut.\$10__t164                          1.815
xdut.topp__t326                        1.43442
xdut.\$14__t37                           1.815
xdut.topp__t327                        1.43442
xdut.\$10__t165                          1.815
xdut.topp__t328                        1.43442
xdut.\$14__t38                           1.815
xdut.topp__t329                        1.43442
xdut.\$10__t166                          1.815
xdut.topp__t330                        1.43442
xdut.\$14__t39                           1.815
xdut.topp__t331                        1.43442
xdut.\$10__t167                          1.815
xdut.topp__t332                        1.43442
xdut.\$14__t40                           1.815
xdut.topp__t333                        1.43442
xdut.\$10__t163                          1.815
xdut.topp__t325                        1.43442
xdut.\$14__t35                           1.815
xdut.topp__t321                        1.43442
xdut.\$10__t160                          1.815
xdut.topp__t320                        1.43442
xdut.\$14__t34                           1.815
xdut.topp__t319                        1.43442
xdut.\$10__t159                          1.815
xdut.topp__t318                        1.43442
xdut.\$14__t33                           1.815
xdut.topp__t317                        1.43442
xdut.\$10__t158                          1.815
xdut.topp__t316                        1.43442
xdut.\$14__t32                           1.815
xdut.topp__t315                        1.43442
xdut.\$10__t157                          1.815
xdut.topp__t314                        1.43442
xdut.\$14__t31                           1.815
xdut.topp__t313                        1.43442
xdut.\$10__t156                          1.815
xdut.topp__t312                        1.43442
xdut.\$14__t30                           1.815
xdut.topp__t311                        1.43442
xdut.\$10__t155                          1.815
xdut.topp__t310                        1.43442
xdut.\$14__t29                           1.815
xdut.topp__t309                        1.43442
xdut.\$90__t85                           1.815
xdut.topn__t173                        1.54963
xdut.\$107__t15                          1.815
xdut.topn__t172                        1.54963
xdut.\$90__t187                          1.815
xdut.topn__t376                        1.54963
xdut.\$107__t41                          1.815
xdut.topn__t377                        1.54963
xdut.\$90__t188                          1.815
xdut.topn__t378                        1.54963
xdut.\$107__t42                          1.815
xdut.topn__t379                        1.54963
xdut.\$90__t189                          1.815
xdut.topn__t380                        1.54963
xdut.\$107__t43                          1.815
xdut.topn__t381                        1.54963
xdut.\$90__t190                          1.815
xdut.topn__t382                        1.54963
xdut.\$107__t44                          1.815
xdut.topn__t383                        1.54963
xdut.\$90__t191                          1.815
xdut.topn__t384                        1.54963
xdut.\$107__t52                          1.815
xdut.topn__t401                        1.54963
xdut.\$90__t192                          1.815
xdut.topn__t386                        1.54963
xdut.\$107__t45                          1.815
xdut.topn__t387                        1.54963
xdut.\$90__t193                          1.815
xdut.topn__t388                        1.54963
xdut.\$107__t46                          1.815
xdut.topn__t389                        1.54963
xdut.\$90__t194                          1.815
xdut.topn__t390                        1.54963
xdut.\$107__t47                          1.815
xdut.topn__t391                        1.54963
xdut.\$90__t195                          1.815
xdut.topn__t392                        1.54963
xdut.\$107__t48                          1.815
xdut.topn__t393                        1.54963
xdut.\$90__t196                          1.815
xdut.topn__t394                        1.54963
xdut.\$107__t49                          1.815
xdut.topn__t395                        1.54963
xdut.\$90__t197                          1.815
xdut.topn__t396                        1.54963
xdut.\$107__t50                          1.815
xdut.topn__t397                        1.54963
xdut.\$90__t198                          1.815
xdut.topn__t398                        1.54963
xdut.\$107__t51                          1.815
xdut.topn__t399                        1.54963
xdut.\$90__t106                          1.815
xdut.topn__t217                        1.54963
xdut.\$107__t18                          1.815
xdut.topn__t219                        1.54963
xdut.\$90__t107                          1.815
xdut.topn__t220                        1.54963
xdut.\$107__t19                          1.815
xdut.topn__t221                        1.54963
xdut.\$90__t108                          1.815
xdut.topn__t222                        1.54963
xdut.\$107__t20                          1.815
xdut.topn__t223                        1.54963
xdut.\$10__t19                           1.815
xdut.topp__t36                         1.43442
xdut.\$12__t63                           1.815
xdut.topp__t210                        1.43442
xdut.\$10__t105                          1.815
xdut.topp__t209                        1.43442
xdut.\$12__t62                           1.815
xdut.topp__t208                        1.43442
xdut.\$10__t22                           1.815
xdut.topp__t41                         1.43442
xdut.\$12__t10                           1.815
xdut.topp__t40                         1.43442
xdut.\$10__t21                           1.815
xdut.topp__t39                         1.43442
xdut.\$12__t9                            1.815
xdut.topp__t38                         1.43442
xdut.\$10__t20                           1.815
xdut.topp__t37                         1.43442
xdut.\$12__t26                           1.815
xdut.topp__t110                        1.43442
xdut.\$10__t104                          1.815
xdut.topp__t207                        1.43442
xdut.\$12__t61                           1.815
xdut.topp__t205                        1.43442
xdut.\$10__t102                          1.815
xdut.topp__t204                        1.43442
xdut.\$12__t60                           1.815
xdut.topp__t203                        1.43442
xdut.\$10__t103                          1.815
xdut.topp__t206                        1.43442
xdut.\$12__t58                           1.815
xdut.topp__t201                        1.43442
xdut.\$10__t101                          1.815
xdut.topp__t200                        1.43442
xdut.\$12__t54                           1.815
xdut.topp__t193                        1.43442
xdut.\$10__t138                          1.815
xdut.topp__t278                        1.43442
xdut.\$12__t27                           1.815
xdut.topp__t112                        1.43442
xdut.\$10__t132                          1.815
xdut.topp__t262                        1.43442
xdut.\$12__t89                           1.815
xdut.topp__t307                        1.43442
xdut.\$10__t147                          1.815
xdut.topp__t293                        1.43442
xdut.\$12__t82                           1.815
xdut.topp__t292                        1.43442
xdut.\$10__t146                          1.815
xdut.topp__t291                        1.43442
xdut.\$12__t17                           1.815
xdut.topp__t89                         1.43442
xdut.\$10__t45                           1.815
xdut.topp__t88                         1.43442
xdut.\$12__t15                           1.815
xdut.topp__t74                         1.43442
xdut.\$10__t38                           1.815
xdut.topp__t73                         1.43442
xdut.\$12__t29                           1.815
xdut.topp__t115                        1.43442
xdut.\$10__t58                           1.815
xdut.topp__t114                        1.43442
xdut.\$12__t28                           1.815
xdut.topp__t113                        1.43442
xdut.\$90__t2                            1.815
xdut.topn__t6                          1.54963
xdut.\$99__t1                            1.815
xdut.topn__t5                          1.54963
xdut.\$90__t233                          1.815
xdut.topn__t465                        1.54963
xdut.\$99__t118                          1.815
xdut.topn__t466                        1.54963
xdut.\$90__t234                          1.815
xdut.topn__t467                        1.54963
xdut.\$99__t119                          1.815
xdut.topn__t468                        1.54963
xdut.\$90__t235                          1.815
xdut.topn__t469                        1.54963
xdut.\$99__t120                          1.815
xdut.topn__t470                        1.54963
xdut.\$90__t206                          1.815
xdut.topn__t412                        1.54963
xdut.\$99__t101                          1.815
xdut.topn__t410                        1.54963
xdut.\$90__t205                          1.815
xdut.topn__t411                        1.54963
xdut.\$99__t72                           1.815
xdut.topn__t273                        1.54963
xdut.\$90__t216                          1.815
xdut.topn__t431                        1.54963
xdut.\$99__t111                          1.815
xdut.topn__t432                        1.54963
xdut.\$90__t221                          1.815
xdut.topn__t439                        1.54963
xdut.\$99__t107                          1.815
xdut.topn__t424                        1.54963
xdut.\$90__t213                          1.815
xdut.topn__t425                        1.54963
xdut.\$99__t108                          1.815
xdut.topn__t426                        1.54963
xdut.\$90__t214                          1.815
xdut.topn__t427                        1.54963
xdut.\$99__t109                          1.815
xdut.topn__t428                        1.54963
xdut.\$90__t118                          1.815
xdut.topn__t240                        1.54963
xdut.\$99__t51                           1.815
xdut.topn__t189                        1.54963
xdut.\$90__t97                           1.815
xdut.topn__t201                        1.54963
xdut.\$99__t74                           1.815
xdut.topn__t279                        1.54963
xdut.\$90__t145                          1.815
xdut.topn__t291                        1.54963
xdut.\$99__t79                           1.815
xdut.topn__t303                        1.54963
xdut.\$90__t89                           1.815
xdut.topn__t183                        1.54963
xdut.\$99__t48                           1.815
xdut.topn__t184                        1.54963
xdut.\$90__t90                           1.815
xdut.topn__t185                        1.54963
xdut.\$99__t49                           1.815
xdut.topn__t186                        1.54963
xdut.\$90__t91                           1.815
xdut.topn__t187                        1.54963
xdut.\$99__t50                           1.815
xdut.topn__t188                        1.54963
xdut.\$10__t18                           1.815
xdut.topp__t35                         1.43442
xdut.\$12__t8                            1.815
xdut.topp__t34                         1.43442
xdut.\$10__t17                           1.815
xdut.topp__t33                         1.43442
xdut.\$12__t7                            1.815
xdut.topp__t32                         1.43442
xdut.\$10__t70                           1.815
xdut.topp__t135                        1.43442
xdut.\$12__t65                           1.815
xdut.topp__t214                        1.43442
xdut.\$10__t107                          1.815
xdut.topp__t213                        1.43442
xdut.\$12__t64                           1.815
xdut.topp__t212                        1.43442
xdut.\$10__t106                          1.815
xdut.topp__t211                        1.43442
xdut.\$12__t6                            1.815
xdut.topp__t29                         1.43442
xdut.\$10__t108                          1.815
xdut.topp__t215                        1.43442
xdut.\$12__t57                           1.815
xdut.topp__t198                        1.43442
xdut.\$10__t100                          1.815
xdut.topp__t197                        1.43442
xdut.\$12__t56                           1.815
xdut.topp__t196                        1.43442
xdut.\$10__t99                           1.815
xdut.topp__t195                        1.43442
xdut.\$12__t55                           1.815
xdut.topp__t194                        1.43442
xdut.\$10__t98                           1.815
xdut.topp__t192                        1.43442
xdut.\$12__t59                           1.815
xdut.topp__t202                        1.43442
xdut.\$10__t137                          1.815
xdut.topp__t276                        1.43442
xdut.\$12__t73                           1.815
xdut.topp__t261                        1.43442
xdut.\$10__t131                          1.815
xdut.topp__t260                        1.43442
xdut.\$12__t72                           1.815
xdut.topp__t259                        1.43442
xdut.\$10__t130                          1.815
xdut.topp__t258                        1.43442
xdut.\$12__t71                           1.815
xdut.topp__t257                        1.43442
xdut.\$10__t129                          1.815
xdut.topp__t256                        1.43442
xdut.\$12__t70                           1.815
xdut.topp__t255                        1.43442
xdut.\$10__t128                          1.815
xdut.topp__t254                        1.43442
xdut.\$12__t69                           1.815
xdut.topp__t253                        1.43442
xdut.\$10__t127                          1.815
xdut.topp__t252                        1.43442
xdut.\$12__t68                           1.815
xdut.topp__t251                        1.43442
xdut.\$10__t126                          1.815
xdut.topp__t250                        1.43442
xdut.\$12__t67                           1.815
xdut.topp__t249                        1.43442
xdut.\$90__t68                           1.815
xdut.topn__t138                        1.54963
xdut.\$99__t38                           1.815
xdut.topn__t139                        1.54963
xdut.\$90__t207                          1.815
xdut.topn__t413                        1.54963
xdut.\$99__t102                          1.815
xdut.topn__t414                        1.54963
xdut.\$90__t208                          1.815
xdut.topn__t415                        1.54963
xdut.\$99__t103                          1.815
xdut.topn__t416                        1.54963
xdut.\$90__t253                          1.815
xdut.topn__t507                        1.54963
xdut.\$99__t126                          1.815
xdut.topn__t508                        1.54963
xdut.\$90__t254                          1.815
xdut.topn__t509                        1.54963
xdut.\$99__t127                          1.815
xdut.topn__t511                        1.54963
xdut.\$90__t201                          1.815
xdut.topn__t404                        1.54963
xdut.\$99__t65                           1.815
xdut.topn__t259                        1.54963
xdut.\$90__t209                          1.815
xdut.topn__t417                        1.54963
xdut.\$99__t104                          1.815
xdut.topn__t418                        1.54963
xdut.\$90__t210                          1.815
xdut.topn__t419                        1.54963
xdut.\$99__t105                          1.815
xdut.topn__t420                        1.54963
xdut.\$90__t211                          1.815
xdut.topn__t421                        1.54963
xdut.\$99__t106                          1.815
xdut.topn__t422                        1.54963
xdut.\$90__t215                          1.815
xdut.topn__t429                        1.54963
xdut.\$99__t110                          1.815
xdut.topn__t430                        1.54963
xdut.\$90__t110                          1.815
xdut.topn__t225                        1.54963
xdut.\$99__t52                           1.815
xdut.topn__t190                        1.54963
xdut.\$90__t92                           1.815
xdut.topn__t191                        1.54963
xdut.\$99__t53                           1.815
xdut.topn__t192                        1.54963
xdut.\$90__t102                          1.815
xdut.topn__t209                        1.54963
xdut.\$99__t54                           1.815
xdut.topn__t194                        1.54963
xdut.\$90__t94                           1.815
xdut.topn__t195                        1.54963
xdut.\$99__t55                           1.815
xdut.topn__t196                        1.54963
xdut.\$90__t95                           1.815
xdut.topn__t197                        1.54963
xdut.\$99__t56                           1.815
xdut.topn__t198                        1.54963
xdut.\$90__t96                           1.815
xdut.topn__t199                        1.54963
xdut.\$99__t57                           1.815
xdut.topn__t200                        1.54963
xdut.\$12__t25                           1.815
xdut.topp__t108                        1.43442
xdut.\$10__t61                           1.815
xdut.topp__t119                        1.43442
xdut.\$12__t24                           1.815
xdut.topp__t106                        1.43442
xdut.\$10__t55                           1.815
xdut.topp__t105                        1.43442
xdut.\$12__t23                           1.815
xdut.topp__t104                        1.43442
xdut.\$10__t54                           1.815
xdut.topp__t103                        1.43442
xdut.\$12__t22                           1.815
xdut.topp__t102                        1.43442
xdut.\$10__t53                           1.815
xdut.topp__t101                        1.43442
xdut.\$12__t21                           1.815
xdut.topp__t100                        1.43442
xdut.\$10__t52                           1.815
xdut.topp__t99                         1.43442
xdut.\$12__t20                           1.815
xdut.topp__t98                         1.43442
xdut.\$10__t51                           1.815
xdut.topp__t97                         1.43442
xdut.\$12__t19                           1.815
xdut.topp__t96                         1.43442
xdut.\$10__t50                           1.815
xdut.topp__t95                         1.43442
xdut.\$12__t18                           1.815
xdut.topp__t94                         1.43442
xdut.\$10__t49                           1.815
xdut.topp__t93                         1.43442
xdut.\$12__t16                           1.815
xdut.topp__t77                         1.43442
xdut.\$10__t16                           1.815
xdut.topp__t30                         1.43442
xdut.\$12__t76                           1.815
xdut.topp__t275                        1.43442
xdut.\$10__t154                          1.815
xdut.topp__t306                        1.43442
xdut.\$12__t88                           1.815
xdut.topp__t305                        1.43442
xdut.\$10__t153                          1.815
xdut.topp__t304                        1.43442
xdut.\$12__t87                           1.815
xdut.topp__t303                        1.43442
xdut.\$10__t152                          1.815
xdut.topp__t302                        1.43442
xdut.\$12__t86                           1.815
xdut.topp__t301                        1.43442
xdut.\$10__t151                          1.815
xdut.topp__t300                        1.43442
xdut.\$12__t85                           1.815
xdut.topp__t299                        1.43442
xdut.\$10__t150                          1.815
xdut.topp__t298                        1.43442
xdut.\$12__t84                           1.815
xdut.topp__t297                        1.43442
xdut.\$10__t149                          1.815
xdut.topp__t296                        1.43442
xdut.\$12__t83                           1.815
xdut.topp__t295                        1.43442
xdut.\$10__t148                          1.815
xdut.topp__t294                        1.43442
xdut.\$99__t39                           1.815
xdut.topn__t140                        1.54963
xdut.\$90__t67                           1.815
xdut.topn__t137                        1.54963
xdut.\$99__t66                           1.815
xdut.topn__t262                        1.54963
xdut.\$90__t130                          1.815
xdut.topn__t263                        1.54963
xdut.\$99__t67                           1.815
xdut.topn__t264                        1.54963
xdut.\$90__t131                          1.815
xdut.topn__t265                        1.54963
xdut.\$99__t68                           1.815
xdut.topn__t266                        1.54963
xdut.\$90__t132                          1.815
xdut.topn__t267                        1.54963
xdut.\$99__t69                           1.815
xdut.topn__t268                        1.54963
xdut.\$90__t133                          1.815
xdut.topn__t269                        1.54963
xdut.\$99__t70                           1.815
xdut.topn__t270                        1.54963
xdut.\$90__t134                          1.815
xdut.topn__t271                        1.54963
xdut.\$99__t71                           1.815
xdut.topn__t272                        1.54963
xdut.\$90__t93                           1.815
xdut.topn__t193                        1.54963
xdut.\$99__t61                           1.815
xdut.topn__t251                        1.54963
xdut.\$90__t124                          1.815
xdut.topn__t252                        1.54963
xdut.\$99__t62                           1.815
xdut.topn__t253                        1.54963
xdut.\$90__t125                          1.815
xdut.topn__t254                        1.54963
xdut.\$99__t63                           1.815
xdut.topn__t255                        1.54963
xdut.\$90__t126                          1.815
xdut.topn__t256                        1.54963
xdut.\$99__t46                           1.815
xdut.topn__t179                        1.54963
xdut.\$90__t98                           1.815
xdut.topn__t202                        1.54963
xdut.\$99__t58                           1.815
xdut.topn__t203                        1.54963
xdut.\$90__t99                           1.815
xdut.topn__t204                        1.54963
xdut.\$99__t59                           1.815
xdut.topn__t205                        1.54963
xdut.\$90__t100                          1.815
xdut.topn__t206                        1.54963
xdut.\$99__t60                           1.815
xdut.topn__t207                        1.54963
xdut.\$90__t101                          1.815
xdut.topn__t208                        1.54963
xdut.\$99__t64                           1.815
xdut.topn__t257                        1.54963
xdut.\$90__t135                          1.815
xdut.topn__t274                        1.54963
xdut.\$99__t73                           1.815
xdut.topn__t275                        1.54963
xdut.\$90__t138                          1.815
xdut.topn__t278                        1.54963
xdut.\$12__t11                           1.815
xdut.topp__t43                         1.43442
xdut.\$10__t23                           1.815
xdut.topp__t42                         1.43442
xdut.\$12__t12                           1.815
xdut.topp__t44                         1.43442
xdut.\$10__t3                            1.815
xdut.topp__t5                          1.43442
xdut.\$12__t1                            1.815
xdut.topp__t4                          1.43442
xdut.\$10__t26                           1.815
xdut.topp__t48                         1.43442
xdut.\$12__t14                           1.815
xdut.topp__t63                         1.43442
xdut.\$10__t24                           1.815
xdut.topp__t46                         1.43442
xdut.\$12__t13                           1.815
xdut.topp__t45                         1.43442
xdut.\$10__t57                           1.815
xdut.topp__t111                        1.43442
xdut.\$12__t4                            1.815
xdut.topp__t26                         1.43442
xdut.\$10__t14                           1.815
xdut.topp__t25                         1.43442
xdut.\$12__t3                            1.815
xdut.topp__t16                         1.43442
xdut.\$10__t5                            1.815
xdut.topp__t8                          1.43442
xdut.\$12__t2                            1.815
xdut.topp__t7                          1.43442
xdut.\$10__t4                            1.815
xdut.topp__t6                          1.43442
xdut.\$12__t5                            1.815
xdut.topp__t28                         1.43442
xdut.\$10__t15                           1.815
xdut.topp__t27                         1.43442
xdut.\$12__t75                           1.815
xdut.topp__t272                        1.43442
xdut.\$10__t145                          1.815
xdut.topp__t290                        1.43442
xdut.\$12__t81                           1.815
xdut.topp__t289                        1.43442
xdut.\$10__t144                          1.815
xdut.topp__t288                        1.43442
xdut.\$12__t80                           1.815
xdut.topp__t287                        1.43442
xdut.\$10__t143                          1.815
xdut.topp__t286                        1.43442
xdut.\$12__t79                           1.815
xdut.topp__t285                        1.43442
xdut.\$10__t142                          1.815
xdut.topp__t284                        1.43442
xdut.\$12__t78                           1.815
xdut.topp__t283                        1.43442
xdut.\$10__t141                          1.815
xdut.topp__t282                        1.43442
xdut.\$12__t77                           1.815
xdut.topp__t281                        1.43442
xdut.\$10__t140                          1.815
xdut.topp__t280                        1.43442
xdut.\$12__t66                           1.815
xdut.topp__t248                        1.43442
xdut.\$10__t46                           1.815
xdut.topp__t90                         1.43442
xdut.\$99__t0                            1.815
xdut.topn__t4                          1.54963
xdut.\$90__t1                            1.815
xdut.topn__t3                          1.54963
xdut.\$99__t121                          1.815
xdut.topn__t471                        1.54963
xdut.\$90__t228                          1.815
xdut.topn__t454                        1.54963
xdut.\$99__t114                          1.815
xdut.topn__t455                        1.54963
xdut.\$90__t229                          1.815
xdut.topn__t456                        1.54963
xdut.\$99__t115                          1.815
xdut.topn__t457                        1.54963
xdut.\$90__t230                          1.815
xdut.topn__t458                        1.54963
xdut.\$99__t116                          1.815
xdut.topn__t459                        1.54963
xdut.\$90__t231                          1.815
xdut.topn__t460                        1.54963
xdut.\$99__t117                          1.815
xdut.topn__t461                        1.54963
xdut.\$90__t127                          1.815
xdut.topn__t258                        1.54963
xdut.\$99__t124                          1.815
xdut.topn__t488                        1.54963
xdut.\$90__t245                          1.815
xdut.topn__t489                        1.54963
xdut.\$99__t122                          1.815
xdut.topn__t474                        1.54963
xdut.\$90__t241                          1.815
xdut.topn__t483                        1.54963
xdut.\$99__t123                          1.815
xdut.topn__t484                        1.54963
xdut.\$90__t242                          1.815
xdut.topn__t485                        1.54963
xdut.\$99__t125                          1.815
xdut.topn__t502                        1.54963
xdut.\$90__t244                          1.815
xdut.topn__t487                        1.54963
xdut.\$99__t47                           1.815
xdut.topn__t180                        1.54963
xdut.\$90__t139                          1.815
xdut.topn__t280                        1.54963
xdut.\$99__t75                           1.815
xdut.topn__t281                        1.54963
xdut.\$90__t140                          1.815
xdut.topn__t282                        1.54963
xdut.\$99__t76                           1.815
xdut.topn__t283                        1.54963
xdut.\$90__t141                          1.815
xdut.topn__t284                        1.54963
xdut.\$99__t77                           1.815
xdut.topn__t285                        1.54963
xdut.\$90__t142                          1.815
xdut.topn__t286                        1.54963
xdut.\$99__t78                           1.815
xdut.topn__t287                        1.54963
xdut.\$90__t143                          1.815
xdut.topn__t288                        1.54963
xdut.\$99__t80                           1.815
xdut.topn__t305                        1.54963
xdut.\$90__t144                          1.815
xdut.topn__t290                        1.54963
xdut.\$14__t0                            1.815
xdut.topp__t3                          1.43442
xdut.\$10__t2                            1.815
xdut.topp__t2                          1.43442
xdut.\$14__t8                            1.815
xdut.topp__t55                         1.43442
xdut.\$10__t29                           1.815
xdut.topp__t54                         1.43442
xdut.\$14__t7                            1.815
xdut.topp__t53                         1.43442
xdut.\$10__t28                           1.815
xdut.topp__t52                         1.43442
xdut.\$14__t6                            1.815
xdut.topp__t51                         1.43442
xdut.\$10__t27                           1.815
xdut.topp__t50                         1.43442
xdut.\$14__t5                            1.815
xdut.topp__t49                         1.43442
xdut.\$10__t56                           1.815
xdut.topp__t109                        1.43442
xdut.\$14__t4                            1.815
xdut.topp__t24                         1.43442
xdut.\$10__t13                           1.815
xdut.topp__t23                         1.43442
xdut.\$14__t3                            1.815
xdut.topp__t22                         1.43442
xdut.\$10__t12                           1.815
xdut.topp__t21                         1.43442
xdut.\$14__t2                            1.815
xdut.topp__t20                         1.43442
xdut.\$10__t11                           1.815
xdut.topp__t19                         1.43442
xdut.\$14__t1                            1.815
xdut.topp__t18                         1.43442
xdut.\$10__t10                           1.815
xdut.topp__t17                         1.43442
xdut.\$14__t27                           1.815
xdut.topp__t270                        1.43442
xdut.\$10__t44                           1.815
xdut.topp__t87                         1.43442
xdut.\$14__t14                           1.815
xdut.topp__t86                         1.43442
xdut.\$10__t43                           1.815
xdut.topp__t85                         1.43442
xdut.\$14__t13                           1.815
xdut.topp__t84                         1.43442
xdut.\$10__t42                           1.815
xdut.topp__t83                         1.43442
xdut.\$14__t12                           1.815
xdut.topp__t82                         1.43442
xdut.\$10__t41                           1.815
xdut.topp__t81                         1.43442
xdut.\$14__t11                           1.815
xdut.topp__t80                         1.43442
xdut.\$10__t40                           1.815
xdut.topp__t79                         1.43442
xdut.\$14__t10                           1.815
xdut.topp__t78                         1.43442
xdut.\$10__t47                           1.815
xdut.topp__t91                         1.43442
xdut.\$14__t9                            1.815
xdut.topp__t76                         1.43442
xdut.\$10__t39                           1.815
xdut.topp__t75                         1.43442
xdut.\$107__t1                           1.815
xdut.topn__t2                          1.54963
xdut.\$90__t0                            1.815
xdut.topn__t1                          1.54963
xdut.\$107__t62                          1.815
xdut.topn__t501                        1.54963
xdut.\$90__t243                          1.815
xdut.topn__t486                        1.54963
xdut.\$107__t54                          1.815
xdut.topn__t447                        1.54963
xdut.\$90__t225                          1.815
xdut.topn__t448                        1.54963
xdut.\$107__t55                          1.815
xdut.topn__t449                        1.54963
xdut.\$90__t226                          1.815
xdut.topn__t450                        1.54963
xdut.\$107__t56                          1.815
xdut.topn__t451                        1.54963
xdut.\$90__t227                          1.815
xdut.topn__t452                        1.54963
xdut.\$107__t57                          1.815
xdut.topn__t453                        1.54963
xdut.\$90__t128                          1.815
xdut.topn__t260                        1.54963
xdut.\$107__t59                          1.815
xdut.topn__t490                        1.54963
xdut.\$90__t246                          1.815
xdut.topn__t491                        1.54963
xdut.\$107__t60                          1.815
xdut.topn__t492                        1.54963
xdut.\$90__t247                          1.815
xdut.topn__t493                        1.54963
xdut.\$107__t61                          1.815
xdut.topn__t494                        1.54963
xdut.\$90__t255                          1.815
xdut.topn__t510                        1.54963
xdut.\$107__t58                          1.815
xdut.topn__t472                        1.54963
xdut.\$90__t236                          1.815
xdut.topn__t473                        1.54963
xdut.\$107__t16                          1.815
xdut.topn__t181                        1.54963
xdut.\$90__t146                          1.815
xdut.topn__t292                        1.54963
xdut.\$107__t26                          1.815
xdut.topn__t293                        1.54963
xdut.\$90__t147                          1.815
xdut.topn__t294                        1.54963
xdut.\$107__t27                          1.815
xdut.topn__t295                        1.54963
xdut.\$90__t148                          1.815
xdut.topn__t296                        1.54963
xdut.\$107__t28                          1.815
xdut.topn__t297                        1.54963
xdut.\$90__t149                          1.815
xdut.topn__t298                        1.54963
xdut.\$107__t29                          1.815
xdut.topn__t299                        1.54963
xdut.\$90__t150                          1.815
xdut.topn__t300                        1.54963
xdut.\$107__t30                          1.815
xdut.topn__t301                        1.54963
xdut.\$90__t151                          1.815
xdut.topn__t302                        1.54963
xdut.\$16__t0                            1.815
xdut.topp__t1                          1.43442
xdut.\$10__t25                           1.815
xdut.topp__t47                         1.43442
xdut.\$16__t7                            1.815
xdut.topp__t62                         1.43442
xdut.\$10__t32                           1.815
xdut.topp__t61                         1.43442
xdut.\$16__t6                            1.815
xdut.topp__t60                         1.43442
xdut.\$10__t31                           1.815
xdut.topp__t59                         1.43442
xdut.\$16__t5                            1.815
xdut.topp__t58                         1.43442
xdut.\$10__t30                           1.815
xdut.topp__t57                         1.43442
xdut.\$16__t4                            1.815
xdut.topp__t56                         1.43442
xdut.\$10__t48                           1.815
xdut.topp__t92                         1.43442
xdut.\$16__t3                            1.815
xdut.topp__t31                         1.43442
xdut.\$10__t9                            1.815
xdut.topp__t15                         1.43442
xdut.\$16__t2                            1.815
xdut.topp__t14                         1.43442
xdut.\$10__t8                            1.815
xdut.topp__t13                         1.43442
xdut.\$16__t1                            1.815
xdut.topp__t12                         1.43442
xdut.\$10__t7                            1.815
xdut.topp__t11                         1.43442
xdut.\$18__t0                            1.815
xdut.topp__t10                         1.43442
xdut.\$10__t6                            1.815
xdut.topp__t9                          1.43442
xdut.\$18__t8                            1.815
xdut.topp__t268                        1.43442
xdut.\$10__t37                           1.815
xdut.topp__t72                         1.43442
xdut.\$18__t2                            1.815
xdut.topp__t71                         1.43442
xdut.\$10__t36                           1.815
xdut.topp__t70                         1.43442
xdut.\$18__t1                            1.815
xdut.topp__t69                         1.43442
xdut.\$10__t35                           1.815
xdut.topp__t68                         1.43442
xdut.\$20__t1                            1.815
xdut.topp__t67                         1.43442
xdut.\$10__t34                           1.815
xdut.topp__t66                         1.43442
xdut.\$20__t0                            1.815
xdut.topp__t65                         1.43442
xdut.\$10__t33                           1.815
xdut.topp__t64                         1.43442
xdut.\$22__t0                            1.815
xdut.topp__t107                        1.43442
xdut.\$10__t60                           1.815
xdut.topp__t118                        1.43442
xdut.\$24__t0                            1.815
xdut.topp__t117                        1.43442
xdut.\$10__t59                           1.815
xdut.topp__t116                        1.43442
xdut.\$115__t0                           1.815
xdut.topn__t8                          1.54963
xdut.\$90__t3                            1.815
xdut.topn__t7                          1.54963
xdut.\$115__t25                          1.815
xdut.topn__t462                        1.54963
xdut.\$90__t232                          1.815
xdut.topn__t463                        1.54963
xdut.\$115__t26                          1.815
xdut.topn__t464                        1.54963
xdut.\$90__t248                          1.815
xdut.topn__t495                        1.54963
xdut.\$115__t29                          1.815
xdut.topn__t496                        1.54963
xdut.\$90__t249                          1.815
xdut.topn__t497                        1.54963
xdut.\$115__t30                          1.815
xdut.topn__t498                        1.54963
xdut.\$90__t250                          1.815
xdut.topn__t499                        1.54963
xdut.\$115__t31                          1.815
xdut.topn__t500                        1.54963
xdut.\$90__t129                          1.815
xdut.topn__t261                        1.54963
xdut.\$115__t27                          1.815
xdut.topn__t475                        1.54963
xdut.\$90__t237                          1.815
xdut.topn__t476                        1.54963
xdut.\$115__t28                          1.815
xdut.topn__t477                        1.54963
xdut.\$90__t238                          1.815
xdut.topn__t478                        1.54963
xdut.\$123__t14                          1.815
xdut.topn__t479                        1.54963
xdut.\$90__t239                          1.815
xdut.topn__t480                        1.54963
xdut.\$123__t15                          1.815
xdut.topn__t481                        1.54963
xdut.\$90__t240                          1.815
xdut.topn__t482                        1.54963
xdut.\$123__t6                           1.815
xdut.topn__t182                        1.54963
xdut.\$90__t152                          1.815
xdut.topn__t304                        1.54963
xdut.\$123__t8                           1.815
xdut.topn__t289                        1.54963
xdut.\$90__t119                          1.815
xdut.topn__t242                        1.54963
xdut.\$131__t4                           1.815
xdut.topn__t243                        1.54963
xdut.\$90__t120                          1.815
xdut.topn__t244                        1.54963
xdut.\$131__t5                           1.815
xdut.topn__t245                        1.54963
xdut.\$90__t121                          1.815
xdut.topn__t246                        1.54963
xdut.\$139__t2                           1.815
xdut.topn__t247                        1.54963
xdut.\$90__t122                          1.815
xdut.topn__t248                        1.54963
xdut.\$147__t0                           1.815
xdut.topn__t249                        1.54963
xdut.\$90__t123                          1.815
xdut.topn__t250                        1.54963
xdut.\$10                                1.815
xdut.\$100                                3.63
xdut.\$102                         3.22792e-09
xdut.\$104                                3.63
xdut.\$106                                3.63
xdut.\$107                               1.815
xdut.\$108                                3.63
xdut.\$11                                 3.63
xdut.\$110                         3.09449e-09
xdut.\$112                                3.63
xdut.\$114                                3.63
xdut.\$115                               1.815
xdut.\$116                                3.63
xdut.\$118                         2.97009e-09
xdut.\$12                                1.815
xdut.\$120                                3.63
xdut.\$122                                3.63
xdut.\$123                               1.815
xdut.\$124                                3.63
xdut.\$126                         3.01302e-09
xdut.\$128                                3.63
xdut.\$13                                 3.63
xdut.\$130                                3.63
xdut.\$131                               1.815
xdut.\$132                                3.63
xdut.\$134                         3.14373e-09
xdut.\$136                                3.63
xdut.\$138                                3.63
xdut.\$139                               1.815
xdut.\$14                                1.815
xdut.\$140                                3.63
xdut.\$142                         3.27774e-09
xdut.\$144                                3.63
xdut.\$146                                3.63
xdut.\$147                               1.815
xdut.\$148                                3.63
xdut.\$15                                 3.63
xdut.\$150                          3.4124e-09
xdut.\$152                                3.63
xdut.\$154                                3.63
xdut.\$155                               1.815
xdut.\$16                                1.815
xdut.\$166                                3.63
xdut.\$167                                3.63
xdut.\$17                                 3.63
xdut.\$18                                1.815
xdut.\$19                                 3.63
xdut.\$20                                1.815
xdut.\$21                                 3.63
xdut.\$22                                1.815
xdut.\$23                                 3.63
xdut.\$24                                1.815
xdut.\$25                                 3.63
xdut.\$26                                1.815
xdut.\$27                          3.49844e-09
xdut.\$29                                 3.63
xdut.\$31                          3.36397e-09
xdut.\$33                                 3.63
xdut.\$35                          3.23013e-09
xdut.\$37                                 3.63
xdut.\$39                          3.09829e-09
xdut.\$41                                 3.63
xdut.\$43                          2.98117e-09
xdut.\$45                                 3.63
xdut.\$47                          3.01975e-09
xdut.\$49                                 3.63
xdut.\$51                          3.14674e-09
xdut.\$53                                 3.63
xdut.\$55                          3.27965e-09
xdut.\$57                                 3.63
xdut.\$59                          3.41379e-09
xdut.\$61                                 3.63
xdut.\$65                                 3.63
xdut.\$67                                 3.63
xdut.\$69                                 3.63
xdut.\$71                                 3.63
xdut.\$73                                 3.63
xdut.\$75                                 3.63
xdut.\$77                                 3.63
xdut.\$79                                 3.63
xdut.\$81                                 3.63
xdut.\$83                                 3.63
xdut.\$85                          3.49725e-09
xdut.\$87                                 3.63
xdut.\$89                                 3.63
xdut.\$9                                  3.63
xdut.\$90                                1.815
xdut.\$92                                 3.63
xdut.\$94                          3.36242e-09
xdut.\$96                                 3.63
xdut.\$98                                 3.63
xdut.\$99                                1.815
se_topn                                1.54963
se_topp                                1.43442
se_ibias                              0.753672
xsecmp.xpre.ptail                     0.657929
xsecmp.pon                             3.51437
xsecmp.preamp_in1                      1.43442
xsecmp.pop                             2.20422
xsecmp.preamp_in2                      1.54963
xsecmp.xpre.xrlp.11                     3.6292
xsecmp.xpre.xrlp.21                    2.20502
xsecmp.xpre.xrln.11                    3.62994
xsecmp.xpre.xrln.21                    3.51443
xsecmp.xlat.ltail                      2.67708
xsecmp.xlat.dip                           3.63
xsecmp.xlat.din                           3.63
xsecmp.outn                               3.63
xsecmp.outp                               3.63
xsecmp.sset                        7.02878e-09
xsecmp.srst                        7.02878e-09
xsecmp.xno1.ps                         3.37125
se_cmpb                                1.49269
xsecmp.xno2.ps                         3.37125
se_code                                      0
bsecode#branch                               0
lref#branch                        6.68812e-11
v.xsecmp.vpn#branch                          0
v.xsecmp.vpp#branch                          0
vsemode#branch                               0
vsestart#branch                              0
vsevinn#branch                     7.23865e-14
vseinp#branch                       8.8959e-11
vcms#branch                       -6.72168e-11
vrefs#branch                      -6.68812e-11
vddc#branch                        -0.00078508
vddd#branch                       -6.99392e-10
vddt#branch                                  0
vcmpclkb#branch                              0
vcmpclk#branch                               0
vclk#branch                                  0
a.xsectrl.a_gn#branch_1_0          2.77556e-17
a.xsectrl.a_gn#branch_1_1                    0
a.xsectrl.a_gn#branch_1_2                    0
a.xsectrl.a_gn#branch_1_3          2.77556e-17
a.xsectrl.a_gn#branch_1_4                    0
a.xsectrl.a_gn#branch_1_5                    0
a.xsectrl.a_gn#branch_1_6          2.77556e-17
a.xsectrl.a_gn#branch_1_7                    0
a.xsectrl.a_gn#branch_1_8                    0
a.xsectrl.a_gn#branch_1_9          2.77556e-17
a.xsectrl.a_gn#branch_1_10                   0
a.xsectrl.a_gn#branch_1_11                   0
a.xsectrl.a_gn#branch_1_12         2.77556e-17
a.xsectrl.a_gn#branch_1_13                   0
a.xsectrl.a_gn#branch_1_14                   0
a.xsectrl.a_gn#branch_1_15         2.77556e-17
a.xsectrl.a_gn#branch_1_16                   0
a.xsectrl.a_gn#branch_1_17                   0
a.xsectrl.a_gn#branch_1_18         2.77556e-17
a.xsectrl.a_gn#branch_1_19                   0
a.xsectrl.a_gn#branch_1_20                   0
a.xsectrl.a_gn#branch_1_21         2.77556e-17
a.xsectrl.a_gn#branch_1_22                   0
a.xsectrl.a_gn#branch_1_23                   0
a.xsectrl.a_gn#branch_1_24         2.77556e-17
a.xsectrl.a_gn#branch_1_25                   0
a.xsectrl.a_gn#branch_1_26                   0
a.xsectrl.a_gn#branch_1_27         2.77556e-17
a.xsectrl.a_gn#branch_1_28                   0
a.xsectrl.a_gn#branch_1_29                   0
a.xsectrl.a_gn#branch_1_30         2.77556e-17
a.xsectrl.a_gn#branch_1_31                   0
a.xsectrl.a_gn#branch_1_32                   0
a.xsectrl.a_gn#branch_1_33         2.77556e-17
a.xsectrl.a_gn#branch_1_34                   0
a.xsectrl.a_gn#branch_1_35                   0
a.xsectrl.a_gn#branch_1_36         2.77556e-17
a.xsectrl.a_gn#branch_1_37                   0
a.xsectrl.a_gn#branch_1_38                   0
a.xsectrl.a_gn#branch_1_39         2.77556e-17
a.xsectrl.a_gn#branch_1_40                   0
a.xsectrl.a_gn#branch_1_41                   0
a.xsectrl.a_gn#branch_1_42         2.77556e-17
a.xsectrl.a_gn#branch_1_43                   0
a.xsectrl.a_gn#branch_1_44                   0
a.xsectrl.a_gn#branch_1_45         2.77556e-17
a.xsectrl.a_gn#branch_1_46                   0
a.xsectrl.a_gn#branch_1_47                   0
a.xsectrl.a_gn#branch_1_48         2.77556e-17
a.xsectrl.a_gn#branch_1_49                   0
a.xsectrl.a_gn#branch_1_50                   0
a.xsectrl.a_gn#branch_1_51         2.77556e-17
a.xsectrl.a_gn#branch_1_52                   0
a.xsectrl.a_gn#branch_1_53                   0
a.xsectrl.a_dout#branch_1_0                  0
a.xsectrl.a_dout#branch_1_1                  0
a.xsectrl.a_dout#branch_1_2                  0
a.xsectrl.a_dout#branch_1_3                  0
a.xsectrl.a_dout#branch_1_4                  0
a.xsectrl.a_dout#branch_1_5                  0
a.xsectrl.a_dout#branch_1_6                  0
a.xsectrl.a_dout#branch_1_7                  0
a.xsectrl.a_dout#branch_1_8                  0
a.xsectrl.a_dout#branch_1_9                  0
a.xsectrl.a_dout#branch_1_10                 0
a.xsectrl.a_dout#branch_1_11                 0
a.xsectrl.a_dout#branch_1_12                 0

 Reference value :  0.00000e+00
 Reference value :  2.95400e-09
 Reference value :  3.13991e-08
 Reference value :  6.33544e-08
 Reference value :  1.05045e-07
 Reference value :  1.56328e-07
 Reference value :  1.87700e-07
 Reference value :  2.07385e-07
 Reference value :  2.40822e-07
 Reference value :  2.52882e-07
 Reference value :  2.81374e-07
 Reference value :  3.12698e-07
 Reference value :  3.16308e-07
 Reference value :  3.44264e-07
 Reference value :  3.77321e-07
 Reference value :  4.06330e-07
 Reference value :  4.37714e-07
 Reference value :  4.42984e-07
 Reference value :  4.87442e-07
 Reference value :  5.02535e-07
 Reference value :  5.31397e-07
 Reference value :  5.62965e-07
 Reference value :  5.87837e-07
 Reference value :  6.25106e-07
 Reference value :  6.27647e-07
 Reference value :  6.56478e-07
 Reference value :  6.89527e-07
 Reference value :  7.18805e-07
 Reference value :  7.50187e-07
 Reference value :  7.53433e-07
 Reference value :  7.82002e-07
 Reference value :  8.14819e-07
 Reference value :  8.43850e-07
 Reference value :  8.75000e-07
 Reference value :  8.77445e-07
 Reference value :  9.06350e-07
 Reference value :  9.37600e-07
 Reference value :  9.68778e-07
 Reference value :  1.00011e-06
 Reference value :  1.00255e-06
 Reference value :  1.00527e-06
 Reference value :  1.03168e-06
 Reference value :  1.06295e-06
 Reference value :  1.09421e-06
 Reference value :  1.13039e-06
 Reference value :  1.15693e-06
 Reference value :  1.18977e-06
 Reference value :  1.21884e-06
 Reference value :  1.25011e-06
 Reference value :  1.25294e-06
 Reference value :  1.28138e-06
 Reference value :  1.31264e-06
 Reference value :  1.31517e-06
 Reference value :  1.34396e-06
 Reference value :  1.37552e-06
 Reference value :  1.40627e-06
 Reference value :  1.43760e-06
 Reference value :  1.44008e-06
 Reference value :  1.46895e-06
 Reference value :  1.50059e-06
 Reference value :  1.52256e-06
 Reference value :  1.55992e-06
 Reference value :  1.56503e-06
 Reference value :  1.59389e-06
 Reference value :  1.62536e-06
 Reference value :  1.63451e-06
 Reference value :  1.68269e-06
 Reference value :  1.69003e-06
 Reference value :  1.71895e-06
 Reference value :  1.75046e-06
 Reference value :  1.78127e-06
 Reference value :  1.81260e-06
 Reference value :  1.81530e-06
 Reference value :  1.84416e-06
 Reference value :  1.87520e-06
 Reference value :  1.87840e-06
 Reference value :  1.90667e-06
 Reference value :  1.93843e-06
 Reference value :  1.97782e-06
 Reference value :  2.00246e-06
 Reference value :  2.00463e-06
 Reference value :  2.03168e-06
 Reference value :  2.06344e-06
 Reference value :  2.11070e-06
 Reference value :  2.15634e-06
 Reference value :  2.18762e-06
 Reference value :  2.19149e-06
 Reference value :  2.21951e-06
 Reference value :  2.25272e-06
 Reference value :  2.28130e-06
 Reference value :  2.29126e-06
 Reference value :  2.31484e-06
 Reference value :  2.34384e-06
 Reference value :  2.37520e-06
 Reference value :  2.38074e-06
 Reference value :  2.40677e-06
 Reference value :  2.43977e-06
 Reference value :  2.46882e-06
 Reference value :  2.50020e-06
 Reference value :  2.50338e-06
 Reference value :  2.53165e-06
 Reference value :  2.56435e-06
 Reference value :  2.59378e-06
 Reference value :  2.62510e-06
 Reference value :  2.62759e-06
 Reference value :  2.65645e-06
 Reference value :  2.68803e-06
 Reference value :  2.71876e-06
 Reference value :  2.75010e-06
 Reference value :  2.75275e-06
 Reference value :  2.78200e-06
 Reference value :  2.81502e-06
 Reference value :  2.84405e-06
 Reference value :  2.87519e-06
 Reference value :  2.87778e-06
 Reference value :  2.90662e-06
 Reference value :  2.93801e-06
 Reference value :  2.96923e-06
 Reference value :  3.00227e-06
 Reference value :  3.00318e-06
 Reference value :  3.03162e-06
 Reference value :  3.06297e-06
 Reference value :  3.09435e-06
 Reference value :  3.13439e-06
 Reference value :  3.16938e-06
 Reference value :  3.19008e-06
 Reference value :  3.21910e-06
 Reference value :  3.25053e-06
 Reference value :  3.25470e-06
 Reference value :  3.28167e-06
 Reference value :  3.31304e-06
 Reference value :  3.34375e-06
 Reference value :  3.37506e-06
 Reference value :  3.37757e-06
 Reference value :  3.40639e-06
 Reference value :  3.43794e-06
 Reference value :  3.44963e-06
 Reference value :  3.50001e-06
 Reference value :  3.50255e-06
 Reference value :  3.53138e-06
 Reference value :  3.56282e-06
 Reference value :  3.56915e-06
 Reference value :  3.60667e-06
 Reference value :  3.62749e-06
 Reference value :  3.65638e-06
 Reference value :  3.68787e-06
 Reference value :  3.70278e-06
 Reference value :  3.75015e-06
 Reference value :  3.78131e-06
 Reference value :  3.81273e-06
 Reference value :  3.84248e-06
 Reference value :  3.84446e-06
 Reference value :  3.87727e-06
 Reference value :  3.90632e-06
 Reference value :  3.93757e-06
 Reference value :  3.96881e-06
 Reference value :  4.00020e-06
 Reference value :  4.00272e-06
 Reference value :  4.03132e-06
 Reference value :  4.06260e-06
 Reference value :  4.09385e-06
 Reference value :  4.12520e-06
 Reference value :  4.15659e-06
 Reference value :  4.18798e-06
 Reference value :  4.21881e-06
 Reference value :  4.25010e-06
 Reference value :  4.25294e-06
 Reference value :  4.28141e-06
 Reference value :  4.31273e-06
 Reference value :  4.32410e-06
 Reference value :  4.34822e-06
 Reference value :  4.37734e-06
 Reference value :  4.40632e-06
 Reference value :  4.43783e-06
 Reference value :  4.46886e-06
 Reference value :  4.50243e-06
 Reference value :  4.53198e-06
 Reference value :  4.56485e-06
 Reference value :  4.59383e-06
 Reference value :  4.62531e-06
 Reference value :  4.62915e-06
 Reference value :  4.66069e-06
 Reference value :  4.68994e-06
 Reference value :  4.71896e-06
 Reference value :  4.75112e-06
 Reference value :  4.78133e-06
 Reference value :  4.81270e-06
 Reference value :  4.82922e-06
 Reference value :  4.84436e-06
 Reference value :  4.87542e-06
 Reference value :  4.88388e-06
 Reference value :  4.90666e-06
 Reference value :  4.94081e-06
 Reference value :  4.97782e-06
 Reference value :  5.00227e-06
 Reference value :  5.00308e-06
 Reference value :  5.03151e-06
 Reference value :  5.06309e-06
 Reference value :  5.09442e-06
 Reference value :  5.14263e-06
 Reference value :  5.15870e-06
 Reference value :  5.19003e-06
 Reference value :  5.21915e-06
 Reference value :  5.25104e-06
 Reference value :  5.28131e-06
 Reference value :  5.31270e-06
 Reference value :  5.32087e-06
 Reference value :  5.34901e-06
 Reference value :  5.37748e-06
 Reference value :  5.40639e-06
 Reference value :  5.43770e-06
 Reference value :  5.44114e-06
 Reference value :  5.46918e-06
 Reference value :  5.50229e-06
 Reference value :  5.53133e-06
 Reference value :  5.56270e-06
 Reference value :  5.56597e-06
 Reference value :  5.59420e-06
 Reference value :  5.62734e-06
 Reference value :  5.65633e-06
 Reference value :  5.68770e-06
 Reference value :  5.69070e-06
 Reference value :  5.71935e-06
 Reference value :  5.75234e-06
 Reference value :  5.78136e-06
 Reference value :  5.81278e-06
 Reference value :  5.84380e-06
 Reference value :  5.87537e-06
 Reference value :  5.90629e-06
 Reference value :  5.93770e-06
 Reference value :  5.96888e-06
 Reference value :  6.00041e-06
 Reference value :  6.00292e-06
 Reference value :  6.03137e-06
 Reference value :  6.06261e-06
 Reference value :  6.09383e-06
 Reference value :  6.12511e-06
 Reference value :  6.15636e-06
 Reference value :  6.18083e-06
 Reference value :  6.19013e-06
 Reference value :  6.21917e-06
 Reference value :  6.25287e-06
 Reference value :  6.28135e-06
 Reference value :  6.31263e-06
 Reference value :  6.31509e-06
 Reference value :  6.34395e-06
 Reference value :  6.37515e-06
 Reference value :  6.37771e-06
 Reference value :  6.40645e-06
 Reference value :  6.43771e-06
 Reference value :  6.44044e-06
 Reference value :  6.46901e-06
 Reference value :  6.50070e-06
 Reference value :  6.52683e-06
 Reference value :  6.55592e-06
 Reference value :  6.56502e-06
 Reference value :  6.59386e-06
 Reference value :  6.62528e-06
 Reference value :  6.63128e-06
 Reference value :  6.66097e-06
 Reference value :  6.68991e-06
 Reference value :  6.71886e-06
 Reference value :  6.75032e-06
 Reference value :  6.76998e-06
 Reference value :  6.81251e-06
 Reference value :  6.81509e-06
 Reference value :  6.84407e-06
 Reference value :  6.87561e-06
 Reference value :  6.90626e-06
 Reference value :  6.93753e-06
 Reference value :  6.96881e-06
 Reference value :  7.00015e-06
 Reference value :  7.00266e-06
 Reference value :  7.03129e-06
 Reference value :  7.03349e-06
 Reference value :  7.08736e-06
 Reference value :  7.11464e-06
 Reference value :  7.15633e-06
 Reference value :  7.16884e-06
 Reference value :  7.19007e-06
 Reference value :  7.21906e-06
 Reference value :  7.25035e-06
 Reference value :  7.25616e-06
 Reference value :  7.28169e-06
 Reference value :  7.31315e-06
 Reference value :  7.33665e-06
 Reference value :  7.34432e-06
 Reference value :  7.37565e-06
 Reference value :  7.40625e-06
 Reference value :  7.40693e-06
 Reference value :  7.43868e-06
 Reference value :  7.46509e-06
 Reference value :  7.50006e-06
 Reference value :  7.50267e-06
 Reference value :  7.53165e-06
 Reference value :  7.56482e-06
 Reference value :  7.59385e-06
 Reference value :  7.62520e-06
 Reference value :  7.62927e-06
 Reference value :  7.65792e-06
 Reference value :  7.68989e-06
 Reference value :  7.71886e-06
 Reference value :  7.75035e-06
 Reference value :  7.78125e-06
 Reference value :  7.81260e-06
 Reference value :  7.81529e-06
 Reference value :  7.84429e-06
 Reference value :  7.87729e-06
 Reference value :  7.90632e-06
 Reference value :  7.93769e-06
 Reference value :  7.96885e-06
 Reference value :  8.00023e-06
 Reference value :  8.00281e-06
 Reference value :  8.03135e-06
 Reference value :  8.06284e-06
 Reference value :  8.09422e-06
 Reference value :  8.13463e-06
 Reference value :  8.16009e-06
 Reference value :  8.19003e-06
 Reference value :  8.21899e-06
 Reference value :  8.25037e-06
 Reference value :  8.27262e-06
 Reference value :  8.28871e-06
 Reference value :  8.31499e-06
 Reference value :  8.34386e-06
 Reference value :  8.37520e-06
 Reference value :  8.37789e-06
 Reference value :  8.40662e-06
 Reference value :  8.43912e-06
 Reference value :  8.46879e-06
 Reference value :  8.50011e-06
 Reference value :  8.50272e-06
 Reference value :  8.53148e-06
 Reference value :  8.56319e-06
 Reference value :  8.59376e-06
 Reference value :  8.62510e-06
 Reference value :  8.62763e-06
 Reference value :  8.65656e-06
 Reference value :  8.68951e-06
 Reference value :  8.71881e-06
 Reference value :  8.75020e-06
 Reference value :  8.78125e-06
 Reference value :  8.81269e-06
 Reference value :  8.82210e-06
 Reference value :  8.87500e-06
 Reference value :  8.87761e-06
 Reference value :  8.90660e-06
 Reference value :  8.94196e-06
 Reference value :  8.96935e-06
 Reference value :  9.00227e-06
 Reference value :  9.01885e-06
 Reference value :  9.05150e-06
 Reference value :  9.09385e-06
 Reference value :  9.12520e-06
 Reference value :  9.15674e-06
 Reference value :  9.18854e-06
 Reference value :  9.21909e-06
 Reference value :  9.25011e-06
 Reference value :  9.25310e-06
 Reference value :  9.28188e-06
 Reference value :  9.31295e-06
 Reference value :  9.33486e-06
 Reference value :  9.36797e-06
 Reference value :  9.37744e-06
 Reference value :  9.40633e-06
 Reference value :  9.43770e-06
 Reference value :  9.44083e-06
 Reference value :  9.46915e-06
 Reference value :  9.50162e-06
 Reference value :  9.53127e-06
 Reference value :  9.56260e-06
 Reference value :  9.56513e-06
 Reference value :  9.59395e-06
 Reference value :  9.62552e-06
 Reference value :  9.65632e-06
 Reference value :  9.68787e-06
 Reference value :  9.71323e-06
 Reference value :  9.75003e-06
 Reference value :  9.75259e-06
 Reference value :  9.78155e-06
 Reference value :  9.81312e-06
 Reference value :  9.84380e-06
 Reference value :  9.87511e-06
 Reference value :  9.89637e-06
 Reference value :  9.93787e-06
 Reference value :  9.96916e-06
 Reference value :  1.00003e-05
 Reference value :  1.00029e-05
 Reference value :  1.00314e-05
 Reference value :  1.00627e-05
 Reference value :  1.00941e-05
 Reference value :  1.01253e-05
 Reference value :  1.01567e-05
 Reference value :  1.01880e-05
 Reference value :  1.02188e-05
 Reference value :  1.02202e-05
 Reference value :  1.02527e-05
 Reference value :  1.02813e-05
 Reference value :  1.02819e-05
 Reference value :  1.03130e-05
 Reference value :  1.03438e-05
 Reference value :  1.03558e-05
 Reference value :  1.03774e-05
 Reference value :  1.04064e-05
 Reference value :  1.04378e-05
 Reference value :  1.04437e-05
 Reference value :  1.04755e-05
 Reference value :  1.05024e-05
 Reference value :  1.05313e-05
 Reference value :  1.05628e-05
 Reference value :  1.05672e-05
 Reference value :  1.05989e-05
 Reference value :  1.06275e-05
 Reference value :  1.06564e-05
 Reference value :  1.06881e-05
 Reference value :  1.07188e-05
 Reference value :  1.07502e-05
 Reference value :  1.07676e-05
 Reference value :  1.08125e-05
 Reference value :  1.08151e-05
 Reference value :  1.08441e-05
 Reference value :  1.08773e-05
 Reference value :  1.09063e-05
 Reference value :  1.09377e-05
 Reference value :  1.09690e-05
 Reference value :  1.09854e-05
 Reference value :  1.10025e-05
 Reference value :  1.10247e-05
 Reference value :  1.10319e-05
 Reference value :  1.10688e-05
 Reference value :  1.11250e-05
 Reference value :  1.11563e-05
 Reference value :  1.11876e-05
 Reference value :  1.11903e-05
 Reference value :  1.12193e-05
 Reference value :  1.12527e-05
 Reference value :  1.12813e-05
 Reference value :  1.13091e-05
 Reference value :  1.13150e-05
 Reference value :  1.13440e-05
 Reference value :  1.13755e-05
 Reference value :  1.14063e-05
 Reference value :  1.14380e-05
 Reference value :  1.14689e-05
 Reference value :  1.15025e-05
 Reference value :  1.15314e-05
 Reference value :  1.15648e-05
 Reference value :  1.15941e-05
 Reference value :  1.16277e-05
 Reference value :  1.16876e-05
 Reference value :  1.17188e-05
 Reference value :  1.17505e-05
 Reference value :  1.17815e-05
 Reference value :  1.18152e-05
 Reference value :  1.18750e-05
 Reference value :  1.18777e-05
 Reference value :  1.19066e-05
 Reference value :  1.19409e-05
 Reference value :  1.20003e-05
 Reference value :  1.20029e-05
 Reference value :  1.20314e-05
 Reference value :  1.20627e-05
 Reference value :  1.20941e-05
 Reference value :  1.21563e-05
 Reference value :  1.21878e-05
 Reference value :  1.22190e-05
 Reference value :  1.22504e-05
 Reference value :  1.22814e-05
 Reference value :  1.23150e-05
 Reference value :  1.23484e-05
 Reference value :  1.23799e-05
 Reference value :  1.24376e-05
 Reference value :  1.24437e-05
 Reference value :  1.25003e-05
 Reference value :  1.25313e-05
 Reference value :  1.25627e-05
 Reference value :  1.25662e-05
 Reference value :  1.25944e-05
 Reference value :  1.26275e-05
 Reference value :  1.26670e-05
 Reference value :  1.26916e-05
 Reference value :  1.27481e-05
 Reference value :  1.27526e-05
 Reference value :  1.27821e-05
 Reference value :  1.28150e-05
 Reference value :  1.28441e-05
 Reference value :  1.28773e-05
 Reference value :  1.29063e-05
 Reference value :  1.29377e-05
 Reference value :  1.29688e-05
 Reference value :  1.30002e-05
 Reference value :  1.30028e-05
 Reference value :  1.30313e-05
 Reference value :  1.30626e-05
 Reference value :  1.30938e-05
 Reference value :  1.31251e-05
 Reference value :  1.31564e-05
 Reference value :  1.31877e-05
 Reference value :  1.31917e-05
 Reference value :  1.32194e-05
 Reference value :  1.32527e-05
 Reference value :  1.32813e-05
 Reference value :  1.33128e-05
 Reference value :  1.33439e-05
 Reference value :  1.33775e-05
 Reference value :  1.34067e-05
 Reference value :  1.34401e-05
 Reference value :  1.35001e-05
 Reference value :  1.35264e-05
 Reference value :  1.35629e-05
 Reference value :  1.35938e-05
 Reference value :  1.36252e-05
 Reference value :  1.36281e-05
 Reference value :  1.36569e-05
 Reference value :  1.36898e-05
 Reference value :  1.37189e-05
 Reference value :  1.37504e-05
 Reference value :  1.37788e-05
 Reference value :  1.38126e-05
 Reference value :  1.38152e-05
 Reference value :  1.38444e-05
 Reference value :  1.38773e-05
 Reference value :  1.39063e-05
 Reference value :  1.39375e-05
 Reference value :  1.39688e-05
 Reference value :  1.40000e-05
 Reference value :  1.40026e-05
 Reference value :  1.40313e-05
 Reference value :  1.40626e-05
 Reference value :  1.40938e-05
 Reference value :  1.41252e-05
 Reference value :  1.41875e-05
 Reference value :  1.42188e-05
 Reference value :  1.42502e-05
 Reference value :  1.42536e-05
 Reference value :  1.42817e-05
 Reference value :  1.43139e-05
 Reference value :  1.43438e-05
 Reference value :  1.43753e-05
 Reference value :  1.44062e-05
 Reference value :  1.44377e-05
 Reference value :  1.44498e-05
 Reference value :  1.44836e-05
 Reference value :  1.45025e-05
 Reference value :  1.45314e-05
 Reference value :  1.45627e-05
 Reference value :  1.45664e-05
 Reference value :  1.45949e-05
 Reference value :  1.46274e-05
 Reference value :  1.46563e-05
 Reference value :  1.46877e-05
 Reference value :  1.46922e-05
 Reference value :  1.47431e-05
 Reference value :  1.47525e-05
 Reference value :  1.47816e-05
 Reference value :  1.48132e-05
 Reference value :  1.48438e-05
 Reference value :  1.48674e-05
 Reference value :  1.48785e-05
 Reference value :  1.49317e-05
 Reference value :  1.49689e-05
 Reference value :  1.50025e-05
 Reference value :  1.50313e-05
 Reference value :  1.50629e-05
 Reference value :  1.51045e-05
 Reference value :  1.51566e-05
 Reference value :  1.51879e-05
 Reference value :  1.52188e-05
 Reference value :  1.52199e-05
 Reference value :  1.52527e-05
 Reference value :  1.52813e-05
 Reference value :  1.53127e-05
 Reference value :  1.53315e-05
 Reference value :  1.53753e-05
 Reference value :  1.54064e-05
 Reference value :  1.54400e-05
 Reference value :  1.54988e-05
 Reference value :  1.55051e-05
 Reference value :  1.55612e-05
 Reference value :  1.55650e-05
 Reference value :  1.55939e-05
 Reference value :  1.56254e-05
 Reference value :  1.56549e-05
 Reference value :  1.56875e-05
 Reference value :  1.56901e-05
 Reference value :  1.57191e-05
 Reference value :  1.57523e-05
 Reference value :  1.57813e-05
 Reference value :  1.58127e-05
 Reference value :  1.58188e-05
 Reference value :  1.58446e-05
 Reference value :  1.58773e-05
 Reference value :  1.59063e-05
 Reference value :  1.59376e-05
 Reference value :  1.59688e-05
 Reference value :  1.60002e-05
 Reference value :  1.60027e-05
 Reference value :  1.60313e-05
 Reference value :  1.60327e-05
 Reference value :  1.60734e-05
 Reference value :  1.60965e-05
 Reference value :  1.61563e-05
 Reference value :  1.61671e-05
 Reference value :  1.61900e-05
 Reference value :  1.62190e-05
 Reference value :  1.62500e-05
 Reference value :  1.62529e-05
 Reference value :  1.62813e-05
 Reference value :  1.63128e-05
 Reference value :  1.63439e-05
 Reference value :  1.63757e-05
 Reference value :  1.64063e-05
 Reference value :  1.64379e-05
 Reference value :  1.64688e-05
 Reference value :  1.65002e-05
 Reference value :  1.65051e-05
 Reference value :  1.65479e-05
 Reference value :  1.65650e-05
 Reference value :  1.65940e-05
 Reference value :  1.66273e-05
 Reference value :  1.66563e-05
 Reference value :  1.66877e-05
 Reference value :  1.66919e-05
 Reference value :  1.67315e-05
 Reference value :  1.67525e-05
 Reference value :  1.67815e-05
 Reference value :  1.68131e-05
 Reference value :  1.68438e-05
 Reference value :  1.68751e-05
 Reference value :  1.68776e-05
 Reference value :  1.69064e-05
 Reference value :  1.69381e-05
 Reference value :  1.69692e-05
No. of Data Rows : 44358
icmpf000            =  -2.94164e-05 from=  3.00000e-06 to=  5.00001e-06
icdacf000           =  -1.05822e-05 from=  3.00000e-06 to=  5.00001e-06
itrkf000            =  0.00000e+00 from=  3.00000e-06 to=  5.00001e-06
ireff000            =  -1.40899e-09 from=  3.00000e-06 to=  5.00001e-06
ivcmf000            =  -2.57990e-05 from=  3.00000e-06 to=  5.00001e-06
icmpf025            =  -2.93715e-05 from=  6.00000e-06 to=  8.00001e-06
icdacf025           =  -1.06808e-05 from=  6.00000e-06 to=  8.00001e-06
itrkf025            =  0.00000e+00 from=  6.00000e-06 to=  8.00001e-06
ireff025            =  -9.34701e-06 from=  6.00000e-06 to=  8.00001e-06
ivcmf025            =  -1.56036e-05 from=  6.00000e-06 to=  8.00001e-06
icmpf050            =  -3.04028e-05 from=  9.00000e-06 to=  1.10000e-05
icdacf050           =  -1.10058e-05 from=  9.00000e-06 to=  1.10000e-05
itrkf050            =  0.00000e+00 from=  9.00000e-06 to=  1.10000e-05
ireff050            =  -2.01152e-05 from=  9.00000e-06 to=  1.10000e-05
ivcmf050            =  -3.97196e-08 from=  9.00000e-06 to=  1.10000e-05
icmpf075            =  -2.92734e-05 from=  1.20000e-05 to=  1.40000e-05
icdacf075           =  -1.10603e-05 from=  1.20000e-05 to=  1.40000e-05
itrkf075            =  0.00000e+00 from=  1.20000e-05 to=  1.40000e-05
ireff075            =  -1.89628e-05 from=  1.20000e-05 to=  1.40000e-05
ivcmf075            =  1.15710e-05 from=  1.20000e-05 to=  1.40000e-05
icmpf100            =  -2.89686e-05 from=  1.50000e-05 to=  1.70000e-05
icdacf100           =  -1.16618e-05 from=  1.50000e-05 to=  1.70000e-05
itrkf100            =  0.00000e+00 from=  1.50000e-05 to=  1.70000e-05
ireff100            =  -1.81871e-05 from=  1.50000e-05 to=  1.70000e-05
ivcmf100            =  2.62446e-05 from=  1.50000e-05 to=  1.70000e-05
vddm                =  3.63000e+00
m_p_cmp_f000_uw = 1.0678145940e+02
m_p_cdac_f000_uw = 3.8413458600e+01
m_p_trk_f000_uw = -0.0000000000e+00
m_p_ref_f000_uw = 5.1146373300e-03
m_p_vcm_f000_uw = 4.6825239450e+01
m_p_total_f000_uw = 1.9202527209e+02
m_p_cmp_f025_uw = 1.0661865390e+02
m_p_cdac_f025_uw = 3.8771340300e+01
m_p_trk_f025_uw = -0.0000000000e+00
m_p_ref_f025_uw = 3.3929653560e+01
m_p_vcm_f025_uw = 2.8320624750e+01
m_p_total_f025_uw = 2.0764027251e+02
m_p_cmp_f050_uw = 1.1036209140e+02
m_p_cdac_f050_uw = 3.9951017700e+01
m_p_trk_f050_uw = -0.0000000000e+00
m_p_ref_f050_uw = 7.3018067100e+01
m_p_vcm_f050_uw = 7.2091128450e-02
m_p_total_f050_uw = 2.2340326733e+02
m_p_cmp_f075_uw = 1.0626226050e+02
m_p_cdac_f075_uw = 4.0148707500e+01
m_p_trk_f075_uw = -0.0000000000e+00
m_p_ref_f075_uw = 6.8834818800e+01
m_p_vcm_f075_uw = -2.100143760e+01
m_p_total_f075_uw = 1.9424434920e+02
m_p_cmp_f100_uw = 1.0515609060e+02
m_p_cdac_f100_uw = 4.2332479200e+01
m_p_trk_f100_uw = -0.0000000000e+00
m_p_ref_f100_uw = 6.6019318200e+01
m_p_vcm_f100_uw = -4.763391270e+01
m_p_total_f100_uw = 1.6587397530e+02
m_supply_v = 3.6300000000e+00
Note: Simulation executed from .control section 

Note: Starting dynamic gmin stepping
Warning: Dynamic gmin stepping failed
Note: Starting true gmin stepping
Note: True gmin stepping completed
