
Note: Compatibility modes selected: hs a


Circuit: * adc-power @ ff_-40c_3.30v -- generated by sim/harness, do not edit

Reducing trtol to 1 for xspice 'A' devices
Doing analysis at TEMP = -40.000000 and TNOM = 27.000000

Using SPARSE 1.3 as Direct Linear Solver

Initial Transient Solution
--------------------------

Node                                   Voltage
----                                   -------
clk                                          0
cmpclk                                       0
cmpclkb                                    3.3
vddt                                       3.3
vddd                                       3.3
vddc                                       3.3
vrefs                                      3.3
vrefn                                      3.3
vcmn                                      1.65
se_vinp                                      0
se_vinn                                   1.65
se_start                                     0
se_mode                                      0
se_cmp                                  1.3502
se_samp_tp_n                                 0
se_sel_in_n                                  0
se_drdy                                    3.3
se_c9                                        0
se_c8                                        0
se_c7                                        0
se_c6                                        0
se_c5                                        0
se_c4                                        0
se_c3                                        0
se_c2                                        0
se_c1                                        0
se_c0                                        0
se_rel_n_256p                              3.3
se_sel_hi_n_256p                             0
se_sel_lo_n_256p                             0
se_rel_n_128p                              3.3
se_sel_hi_n_128p                             0
se_sel_lo_n_128p                             0
se_rel_n_64p                               3.3
se_sel_hi_n_64p                              0
se_sel_lo_n_64p                              0
se_rel_n_32p                               3.3
se_sel_hi_n_32p                              0
se_sel_lo_n_32p                              0
se_rel_n_16p                               3.3
se_sel_hi_n_16p                              0
se_sel_lo_n_16p                              0
se_rel_n_8p                                3.3
se_sel_hi_n_8p                               0
se_sel_lo_n_8p                               0
se_rel_n_4p                                3.3
se_sel_hi_n_4p                               0
se_sel_lo_n_4p                               0
se_rel_n_2p                                3.3
se_sel_hi_n_2p                               0
se_sel_lo_n_2p                               0
se_rel_n_1p                                3.3
se_sel_hi_n_1p                               0
se_sel_lo_n_1p                               0
se_rel_n_256n                              3.3
se_sel_hi_n_256n                             0
se_sel_lo_n_256n                             0
se_rel_n_128n                              3.3
se_sel_hi_n_128n                             0
se_sel_lo_n_128n                             0
se_rel_n_64n                               3.3
se_sel_hi_n_64n                              0
se_sel_lo_n_64n                              0
se_rel_n_32n                               3.3
se_sel_hi_n_32n                              0
se_sel_lo_n_32n                              0
se_rel_n_16n                               3.3
se_sel_hi_n_16n                              0
se_sel_lo_n_16n                              0
se_rel_n_8n                                3.3
se_sel_hi_n_8n                               0
se_sel_lo_n_8n                               0
se_rel_n_4n                                3.3
se_sel_hi_n_4n                               0
se_sel_lo_n_4n                               0
se_rel_n_2n                                3.3
se_sel_hi_n_2n                               0
se_sel_lo_n_2n                               0
se_rel_n_1n                                3.3
se_sel_hi_n_1n                               0
se_sel_lo_n_1n                               0
se_pinp                            1.24134e-09
se_pinn                                   1.65
xdut.\$65__t0                              3.3
xdut.sel_in__t0                              0
xdut.vss__t0                       8.83628e-13
xdut.\$27__t2                      1.90627e-09
xdut.rel_256_p__t2                         3.3
xdut.vss__t103                     4.80049e-10
xdut.\$29__t2                              3.3
xdut.hi_256_p__t2                            0
xdut.vss__t106                     8.59054e-13
xdut.\$9__t2                               3.3
xdut.lo_256_p__t2                            0
xdut.vss__t107                     8.46769e-13
xdut.vinp__t0                      1.26692e-09
xdut.sel_in__t1                              0
xdut.\$10__t0                             1.65
xdut.vcm__t37                             1.65
xdut.rel_256_p__t1                         3.3
xdut.\$10__t263                           1.65
xdut.vref__t29                             3.3
xdut.hi_256_p__t1                            0
xdut.\$10__t262                           1.65
xdut.vss__t30                      8.83335e-12
xdut.lo_256_p__t1                            0
xdut.\$10__t261                           1.65
xdut.\$67__t2                              3.3
xdut.sel_in__t49                             0
xdut.vss__t91                      6.82097e-13
xdut.\$31__t2                      1.79526e-09
xdut.rel_128_p__t2                         3.3
xdut.vss__t92                      3.69039e-10
xdut.\$33__t2                              3.3
xdut.hi_128_p__t2                            0
xdut.vss__t74                      6.57597e-13
xdut.\$11__t2                              3.3
xdut.lo_128_p__t2                            0
xdut.vss__t94                      6.45352e-13
xdut.vinp__t16                      1.2609e-09
xdut.sel_in__t32                             0
xdut.\$12__t135                           1.65
xdut.vcm__t34                             1.65
xdut.rel_128_p__t1                         3.3
xdut.\$12__t134                           1.65
xdut.vref__t27                             3.3
xdut.hi_128_p__t1                            0
xdut.\$12__t133                           1.65
xdut.vss__t28                      6.59996e-12
xdut.lo_128_p__t1                            0
xdut.\$12__t132                           1.65
xdut.\$69__t2                              3.3
xdut.sel_in__t51                             0
xdut.vss__t99                      4.81487e-13
xdut.\$35__t2                      1.68478e-09
xdut.rel_64_p__t2                          3.3
xdut.vss__t100                     2.58567e-10
xdut.\$37__t2                              3.3
xdut.hi_64_p__t2                             0
xdut.vss__t101                     4.57175e-13
xdut.\$13__t2                              3.3
xdut.lo_64_p__t2                             0
xdut.vss__t102                     4.45033e-13
xdut.vinp__t14                     1.25488e-09
xdut.sel_in__t29                             0
xdut.\$14__t71                            1.65
xdut.vcm__t32                             1.65
xdut.rel_64_p__t1                          3.3
xdut.\$14__t70                            1.65
xdut.vref__t26                             3.3
xdut.hi_64_p__t1                             0
xdut.\$14__t69                            1.65
xdut.vss__t27                      4.37781e-12
xdut.lo_64_p__t1                             0
xdut.\$14__t68                            1.65
xdut.\$71__t2                              3.3
xdut.sel_in__t52                             0
xdut.vss__t108                     2.83759e-13
xdut.\$39__t2                      1.57604e-09
xdut.rel_32_p__t2                          3.3
xdut.vss__t98                      1.49826e-10
xdut.\$41__t2                              3.3
xdut.hi_32_p__t2                             0
xdut.vss__t64                      2.60191e-13
xdut.\$15__t2                              3.3
xdut.lo_32_p__t2                             0
xdut.vss__t69                      2.48489e-13
xdut.vinp__t15                     1.24887e-09
xdut.sel_in__t31                             0
xdut.\$16__t36                            1.65
xdut.vcm__t41                             1.65
xdut.rel_32_p__t1                          3.3
xdut.\$16__t37                            1.65
xdut.vref__t34                             3.3
xdut.hi_32_p__t1                             0
xdut.\$16__t38                            1.65
xdut.vss__t35                      2.20124e-12
xdut.lo_32_p__t1                             0
xdut.\$16__t39                            1.65
xdut.\$73__t2                              3.3
xdut.sel_in__t45                             0
xdut.vss__t70                      1.06416e-13
xdut.\$43__t2                      1.48065e-09
xdut.rel_16_p__t2                          3.3
xdut.vss__t71                      5.44366e-11
xdut.\$45__t2                              3.3
xdut.hi_16_p__t2                             0
xdut.vss__t72                      9.22297e-14
xdut.\$17__t2                              3.3
xdut.lo_16_p__t2                             0
xdut.vss__t77                      8.69146e-14
xdut.vinp__t17                     1.24287e-09
xdut.sel_in__t34                             0
xdut.\$18__t21                            1.65
xdut.vcm__t38                             1.65
xdut.rel_16_p__t1                          3.3
xdut.\$18__t20                            1.65
xdut.vref__t31                             3.3
xdut.hi_16_p__t1                             0
xdut.\$18__t22                            1.65
xdut.vss__t32                      7.74608e-13
xdut.lo_16_p__t1                             0
xdut.\$18__t23                            1.65
xdut.\$75__t2                              3.3
xdut.sel_in__t53                             0
xdut.vss__t109                     1.55708e-13
xdut.\$47__t2                      1.51789e-09
xdut.rel_8_p__t2                           3.3
xdut.vss__t97                       9.1668e-11
xdut.\$49__t2                              3.3
xdut.hi_8_p__t2                              0
xdut.vss__t96                      1.77282e-13
xdut.\$19__t2                              3.3
xdut.lo_8_p__t2                              0
xdut.vss__t95                      1.88355e-13
xdut.vinp__t13                     1.24586e-09
xdut.sel_in__t27                             0
xdut.\$20__t12                            1.65
xdut.vcm__t29                             1.65
xdut.rel_8_p__t1                           3.3
xdut.\$20__t13                            1.65
xdut.vref__t24                             3.3
xdut.hi_8_p__t1                              0
xdut.\$20__t14                            1.65
xdut.vss__t25                      2.53554e-12
xdut.lo_8_p__t1                              0
xdut.\$20__t15                            1.65
xdut.\$77__t2                              3.3
xdut.sel_in__t50                             0
xdut.vss__t93                      3.45372e-13
xdut.\$51__t2                      1.62311e-09
xdut.rel_4_p__t2                           3.3
xdut.vss__t90                      1.96893e-10
xdut.\$53__t2                              3.3
xdut.hi_4_p__t2                              0
xdut.vss__t89                      3.69415e-13
xdut.\$21__t2                              3.3
xdut.lo_4_p__t2                              0
xdut.vss__t88                      3.81466e-13
xdut.vinp__t10                     1.25187e-09
xdut.sel_in__t21                             0
xdut.\$22__t11                            1.65
xdut.vcm__t22                             1.65
xdut.rel_4_p__t1                           3.3
xdut.\$22__t10                            1.65
xdut.vref__t18                             3.3
xdut.hi_4_p__t1                              0
xdut.\$22__t9                             1.65
xdut.vss__t19                       4.7257e-12
xdut.lo_4_p__t1                              0
xdut.\$22__t8                             1.65
xdut.\$79__t2                              3.3
xdut.sel_in__t42                             0
xdut.vss__t57                      5.44458e-13
xdut.\$55__t2                       1.7329e-09
xdut.rel_2_p__t2                           3.3
xdut.vss__t47                      3.06684e-10
xdut.\$57__t2                              3.3
xdut.hi_2_p__t2                              0
xdut.vss__t50                      5.68877e-13
xdut.\$23__t2                              3.3
xdut.lo_2_p__t2                              0
xdut.vss__t51                      5.81095e-13
xdut.vinp__t11                     1.25789e-09
xdut.sel_in__t24                             0
xdut.\$24__t6                             1.65
xdut.vcm__t28                             1.65
xdut.rel_2_p__t1                           3.3
xdut.\$24__t9                             1.65
xdut.vref__t23                             3.3
xdut.hi_2_p__t1                              0
xdut.\$24__t8                             1.65
xdut.vss__t24                      6.95054e-12
xdut.lo_2_p__t1                              0
xdut.\$24__t7                             1.65
xdut.\$81__t2                              3.3
xdut.sel_in__t43                             0
xdut.vss__t61                      7.45454e-13
xdut.\$59__t2                      1.84367e-09
xdut.rel_1_p__t2                           3.3
xdut.vss__t60                      4.17454e-10
xdut.\$61__t2                              3.3
xdut.hi_1_p__t2                              0
xdut.vss__t59                      7.69994e-13
xdut.\$25__t2                              3.3
xdut.lo_1_p__t2                              0
xdut.vss__t58                      7.82267e-13
xdut.vinp__t12                     1.26391e-09
xdut.sel_in__t26                             0
xdut.\$26__t8                             1.65
xdut.vcm__t26                             1.65
xdut.rel_1_p__t1                           3.3
xdut.\$26__t7                             1.65
xdut.vref__t20                             3.3
xdut.hi_1_p__t1                              0
xdut.\$26__t6                             1.65
xdut.vss__t20                      9.18488e-12
xdut.lo_1_p__t1                              0
xdut.\$26__t5                             1.65
xdut.\$83__t2                              3.3
xdut.sel_in__t38                             0
xdut.vss__t38                      8.81851e-13
xdut.\$85__t2                      1.90527e-09
xdut.rel_256_n__t2                         3.3
xdut.vss__t41                      4.79056e-10
xdut.\$87__t2                              3.3
xdut.hi_256_n__t2                            0
xdut.vss__t42                      8.57226e-13
xdut.\$89__t2                              3.3
xdut.lo_256_n__t2                            0
xdut.vss__t62                      8.44915e-13
xdut.vinn__t17                            1.65
xdut.sel_in__t36                             0
xdut.\$90__t260                           1.65
xdut.vcm__t40                             1.65
xdut.rel_256_n__t1                         3.3
xdut.\$90__t261                           1.65
xdut.vref__t33                             3.3
xdut.hi_256_n__t1                            0
xdut.\$90__t262                           1.65
xdut.vss__t36                      8.83573e-12
xdut.lo_256_n__t1                            0
xdut.\$90__t263                           1.65
xdut.\$92__t2                              3.3
xdut.sel_in__t37                             0
xdut.vss__t37                      6.79794e-13
xdut.\$94__t2                      1.79396e-09
xdut.rel_128_n__t2                         3.3
xdut.vss__t43                      3.67747e-10
xdut.\$96__t2                              3.3
xdut.hi_128_n__t2                            0
xdut.vss__t40                      6.55207e-13
xdut.\$98__t2                              3.3
xdut.lo_128_n__t2                            0
xdut.vss__t39                      6.42916e-13
xdut.vinn__t15                            1.65
xdut.sel_in__t33                             0
xdut.\$99__t132                           1.65
xdut.vcm__t36                             1.65
xdut.rel_128_n__t1                         3.3
xdut.\$99__t133                           1.65
xdut.vref__t28                             3.3
xdut.hi_128_n__t1                            0
xdut.\$99__t134                           1.65
xdut.vss__t31                      6.60315e-12
xdut.lo_128_n__t1                            0
xdut.\$99__t135                           1.65
xdut.\$100__t2                             3.3
xdut.sel_in__t39                             0
xdut.vss__t44                      4.78219e-13
xdut.\$102__t2                     1.68294e-09
xdut.rel_64_n__t2                          3.3
xdut.vss__t54                      2.56719e-10
xdut.\$104__t2                             3.3
xdut.hi_64_n__t2                             0
xdut.vss__t45                      4.53731e-13
xdut.\$106__t2                             3.3
xdut.lo_64_n__t2                             0
xdut.vss__t87                      4.41495e-13
xdut.vinn__t16                            1.65
xdut.sel_in__t35                             0
xdut.\$107__t68                           1.65
xdut.vcm__t39                             1.65
xdut.rel_64_n__t1                          3.3
xdut.\$107__t69                           1.65
xdut.vref__t32                             3.3
xdut.hi_64_n__t1                             0
xdut.\$107__t70                           1.65
xdut.vss__t33                      4.38262e-12
xdut.lo_64_n__t1                             0
xdut.\$107__t71                           1.65
xdut.\$108__t2                             3.3
xdut.sel_in__t40                             0
xdut.vss__t52                      2.78177e-13
xdut.\$110__t2                     1.57283e-09
xdut.rel_32_n__t2                          3.3
xdut.vss__t46                      1.46614e-10
xdut.\$112__t2                             3.3
xdut.hi_32_n__t2                             0
xdut.vss__t48                      2.54092e-13
xdut.\$114__t2                             3.3
xdut.lo_32_n__t2                             0
xdut.vss__t49                      2.42094e-13
xdut.vinn__t13                            1.65
xdut.sel_in__t28                             0
xdut.\$115__t36                           1.65
xdut.vcm__t31                             1.65
xdut.rel_32_n__t1                          3.3
xdut.\$115__t37                           1.65
xdut.vref__t25                             3.3
xdut.hi_32_n__t1                             0
xdut.\$115__t38                           1.65
xdut.vss__t26                      2.21078e-12
xdut.lo_32_n__t1                             0
xdut.\$115__t39                           1.65
xdut.\$116__t2                             3.3
xdut.sel_in__t41                             0
xdut.vss__t53                      9.04835e-14
xdut.\$118__t2                     1.47106e-09
xdut.rel_16_n__t2                          3.3
xdut.vss__t63                      4.48459e-11
xdut.\$120__t2                             3.3
xdut.hi_16_n__t2                             0
xdut.vss__t55                      7.32752e-14
xdut.\$122__t2                             3.3
xdut.lo_16_n__t2                             0
xdut.vss__t56                      6.64612e-14
xdut.vinn__t14                            1.65
xdut.sel_in__t30                             0
xdut.\$123__t20                           1.65
xdut.vcm__t33                             1.65
xdut.rel_16_n__t1                          3.3
xdut.\$123__t21                           1.65
xdut.vref__t30                             3.3
xdut.hi_16_n__t1                             0
xdut.\$123__t23                           1.65
xdut.vss__t29                      8.01333e-13
xdut.lo_16_n__t1                             0
xdut.\$123__t22                           1.65
xdut.\$124__t2                             3.3
xdut.sel_in__t48                             0
xdut.vss__t85                      1.45286e-13
xdut.\$126__t2                     1.51254e-09
xdut.rel_8_n__t2                           3.3
xdut.vss__t84                      8.63183e-11
xdut.\$128__t2                             3.3
xdut.hi_8_n__t2                              0
xdut.vss__t83                      1.68202e-13
xdut.\$130__t2                             3.3
xdut.lo_8_n__t2                              0
xdut.vss__t82                      1.79835e-13
xdut.vinn__t9                             1.65
xdut.sel_in__t20                             0
xdut.\$131__t12                           1.65
xdut.vcm__t23                             1.65
xdut.rel_8_n__t1                           3.3
xdut.\$131__t13                           1.65
xdut.vref__t22                             3.3
xdut.hi_8_n__t1                              0
xdut.\$131__t15                           1.65
xdut.vss__t23                      2.54383e-12
xdut.lo_8_n__t1                              0
xdut.\$131__t14                           1.65
xdut.\$132__t2                             3.3
xdut.sel_in__t47                             0
xdut.vss__t81                        3.408e-13
xdut.\$134__t2                     1.62068e-09
xdut.rel_4_n__t2                           3.3
xdut.vss__t80                       1.9446e-10
xdut.\$136__t2                             3.3
xdut.hi_4_n__t2                              0
xdut.vss__t79                      3.65144e-13
xdut.\$138__t2                             3.3
xdut.lo_4_n__t2                              0
xdut.vss__t78                      3.77332e-13
xdut.vinn__t12                            1.65
xdut.sel_in__t25                             0
xdut.\$139__t8                            1.65
xdut.vcm__t30                             1.65
xdut.rel_4_n__t1                           3.3
xdut.\$139__t9                            1.65
xdut.vref__t35                             3.3
xdut.hi_4_n__t1                              0
xdut.\$139__t11                           1.65
xdut.vss__t34                      4.73016e-12
xdut.lo_4_n__t1                              0
xdut.\$139__t10                           1.65
xdut.\$140__t2                             3.3
xdut.sel_in__t44                             0
xdut.vss__t68                      5.41569e-13
xdut.\$142__t2                     1.73135e-09
xdut.rel_2_n__t2                           3.3
xdut.vss__t67                      3.05128e-10
xdut.\$144__t2                             3.3
xdut.hi_2_n__t2                              0
xdut.vss__t66                      5.66113e-13
xdut.\$146__t2                             3.3
xdut.lo_2_n__t2                              0
xdut.vss__t65                       5.7839e-13
xdut.vinn__t10                            1.65
xdut.sel_in__t22                             0
xdut.\$147__t6                            1.65
xdut.vcm__t25                             1.65
xdut.rel_2_n__t1                           3.3
xdut.\$147__t7                            1.65
xdut.\$166__t2                             3.3
xdut.tp_gn__t4                               0
xdut.vss__t104                     6.37614e-13
xdut.vref__t19                             3.3
xdut.hi_2_n__t1                              0
xdut.\$147__t8                            1.65
xdut.vcm__t35                             1.65
xdut.tp_gn__t3                               0
xdut.topp__t513                        1.59462
xdut.vss__t22                      6.95357e-12
xdut.lo_2_n__t1                              0
xdut.\$147__t9                            1.65
xdut.\$167__t2                             3.3
xdut.tp_gn__t5                               0
xdut.vss__t105                     6.91391e-13
xdut.vcm__t24                             1.65
xdut.tp_gn__t2                               0
xdut.topn__t513                        1.77745
xdut.\$148__t2                             3.3
xdut.sel_in__t46                             0
xdut.vss__t76                      7.43347e-13
xdut.\$150__t2                     1.84253e-09
xdut.rel_1_n__t2                           3.3
xdut.vss__t75                      4.16312e-10
xdut.\$152__t2                             3.3
xdut.hi_1_n__t2                              0
xdut.vss__t86                      7.67954e-13
xdut.\$154__t2                             3.3
xdut.lo_1_n__t2                              0
xdut.vss__t73                       7.8026e-13
xdut.vinn__t11                            1.65
xdut.sel_in__t23                             0
xdut.\$155__t8                            1.65
xdut.vcm__t27                             1.65
xdut.rel_1_n__t1                           3.3
xdut.\$155__t7                            1.65
xdut.vref__t21                             3.3
xdut.hi_1_n__t1                              0
xdut.\$155__t6                            1.65
xdut.vss__t21                      9.18717e-12
xdut.lo_1_n__t1                              0
xdut.\$155__t5                            1.65
xdut.\$65__t1                              3.3
xdut.sel_in__t2                              0
xdut.vdd__t0                               3.3
xdut.\$27__t1                      2.58149e-09
xdut.rel_256_p__t0                         3.3
xdut.vdd__t50                              3.3
xdut.\$29__t1                              3.3
xdut.hi_256_p__t0                            0
xdut.vdd__t49                              3.3
xdut.\$9__t1                               3.3
xdut.lo_256_p__t0                            0
xdut.vdd__t48                              3.3
xdut.vinp__t1                      2.70773e-09
xdut.\$65__t2                              3.3
xdut.\$10__t1                             1.65
xdut.vcm__t6                              1.65
xdut.\$27__t0                      2.46169e-09
xdut.\$10__t260                           1.65
xdut.vref__t1                              3.3
xdut.\$29__t0                              3.3
xdut.\$10__t259                           1.65
xdut.vss__t1                       5.00006e-10
xdut.\$9__t0                               3.3
xdut.\$10__t258                           1.65
xdut.\$67__t1                              3.3
xdut.sel_in__t13                             0
xdut.vdd__t47                              3.3
xdut.\$31__t1                      2.47048e-09
xdut.rel_128_p__t0                         3.3
xdut.vdd__t46                              3.3
xdut.\$33__t1                              3.3
xdut.hi_128_p__t0                            0
xdut.vdd__t45                              3.3
xdut.\$11__t1                              3.3
xdut.lo_128_p__t0                            0
xdut.vdd__t44                              3.3
xdut.vinp__t4                      2.31678e-09
xdut.\$67__t0                              3.3
xdut.\$12__t130                           1.65
xdut.vcm__t9                              1.65
xdut.\$31__t0                      2.35068e-09
xdut.\$12__t131                           1.65
xdut.vref__t2                              3.3
xdut.\$33__t0                              3.3
xdut.\$12__t129                           1.65
xdut.vss__t2                       3.54678e-10
xdut.\$11__t0                              3.3
xdut.\$12__t128                           1.65
xdut.\$69__t1                              3.3
xdut.sel_in__t5                              0
xdut.vdd__t13                              3.3
xdut.\$35__t1                         2.36e-09
xdut.rel_64_p__t0                          3.3
xdut.vdd__t11                              3.3
xdut.\$37__t1                              3.3
xdut.hi_64_p__t0                             0
xdut.vdd__t10                              3.3
xdut.\$13__t1                              3.3
xdut.lo_64_p__t0                             0
xdut.vdd__t19                              3.3
xdut.vinp__t2                      1.92589e-09
xdut.\$69__t0                              3.3
xdut.\$14__t64                            1.65
xdut.vcm__t12                             1.65
xdut.\$35__t0                      2.24021e-09
xdut.\$14__t65                            1.65
xdut.vref__t11                             3.3
xdut.\$37__t0                              3.3
xdut.\$14__t67                            1.65
xdut.vss__t13                      2.10008e-10
xdut.\$13__t0                              3.3
xdut.\$14__t66                            1.65
xdut.\$71__t1                              3.3
xdut.sel_in__t3                              0
xdut.vdd__t2                               3.3
xdut.\$39__t1                      2.25126e-09
xdut.rel_32_p__t0                          3.3
xdut.vdd__t3                               3.3
xdut.\$41__t1                              3.3
xdut.hi_32_p__t0                             0
xdut.vdd__t4                               3.3
xdut.\$15__t1                              3.3
xdut.lo_32_p__t0                             0
xdut.vdd__t6                               3.3
xdut.vinp__t6                      1.53528e-09
xdut.\$71__t0                              3.3
xdut.\$16__t35                            1.65
xdut.vcm__t14                             1.65
xdut.\$39__t0                      2.13147e-09
xdut.\$16__t34                            1.65
xdut.vref__t10                             3.3
xdut.\$41__t0                              3.3
xdut.\$16__t33                            1.65
xdut.vss__t12                      7.01983e-11
xdut.\$15__t0                              3.3
xdut.\$16__t32                            1.65
xdut.\$73__t1                              3.3
xdut.sel_in__t15                             0
xdut.vdd__t60                              3.3
xdut.\$43__t1                      2.15587e-09
xdut.rel_16_p__t0                          3.3
xdut.vdd__t43                              3.3
xdut.\$45__t1                              3.3
xdut.hi_16_p__t0                             0
xdut.vdd__t59                              3.3
xdut.\$17__t1                              3.3
xdut.lo_16_p__t0                             0
xdut.vdd__t58                              3.3
xdut.vinp__t5                      1.34115e-09
xdut.\$73__t0                              3.3
xdut.\$18__t16                            1.65
xdut.vcm__t7                              1.65
xdut.\$43__t0                      2.03608e-09
xdut.\$18__t17                            1.65
xdut.vref__t4                              3.3
xdut.\$45__t0                              3.3
xdut.\$18__t18                            1.65
xdut.vss__t4                       9.09356e-11
xdut.\$17__t0                              3.3
xdut.\$18__t19                            1.65
xdut.\$75__t1                              3.3
xdut.sel_in__t19                             0
xdut.vdd__t73                              3.3
xdut.\$47__t1                      2.19311e-09
xdut.rel_8_p__t0                           3.3
xdut.vdd__t68                              3.3
xdut.\$49__t1                              3.3
xdut.hi_8_p__t0                              0
xdut.vdd__t67                              3.3
xdut.\$19__t1                              3.3
xdut.lo_8_p__t0                              0
xdut.vdd__t63                              3.3
xdut.vinp__t3                      1.73051e-09
xdut.\$75__t0                              3.3
xdut.\$20__t8                             1.65
xdut.vcm__t5                              1.65
xdut.\$47__t0                      2.07331e-09
xdut.\$20__t9                             1.65
xdut.vref__t3                              3.3
xdut.\$49__t0                              3.3
xdut.\$20__t10                            1.65
xdut.vss__t3                       2.32654e-10
xdut.\$19__t0                              3.3
xdut.\$20__t11                            1.65
xdut.\$77__t1                              3.3
xdut.sel_in__t14                             0
xdut.vdd__t54                              3.3
xdut.\$51__t1                      2.29833e-09
xdut.rel_4_p__t0                           3.3
xdut.vdd__t55                              3.3
xdut.\$53__t1                              3.3
xdut.hi_4_p__t0                              0
xdut.vdd__t56                              3.3
xdut.\$21__t1                              3.3
xdut.lo_4_p__t0                              0
xdut.vdd__t32                              3.3
xdut.vinp__t8                      2.12132e-09
xdut.\$77__t0                              3.3
xdut.\$22__t4                             1.65
xdut.vcm__t17                             1.65
xdut.\$51__t0                      2.17853e-09
xdut.\$22__t5                             1.65
xdut.vref__t13                             3.3
xdut.\$53__t0                              3.3
xdut.\$22__t6                             1.65
xdut.vss__t15                      3.77497e-10
xdut.\$21__t0                              3.3
xdut.\$22__t7                             1.65
xdut.\$79__t1                              3.3
xdut.sel_in__t4                              0
xdut.vdd__t9                               3.3
xdut.\$55__t1                      2.40812e-09
xdut.rel_2_p__t0                           3.3
xdut.vdd__t8                               3.3
xdut.\$57__t1                              3.3
xdut.hi_2_p__t0                              0
xdut.vdd__t1                               3.3
xdut.\$23__t1                              3.3
xdut.lo_2_p__t0                              0
xdut.vdd__t7                               3.3
xdut.vinp__t7                      2.51225e-09
xdut.\$79__t0                              3.3
xdut.\$24__t3                             1.65
xdut.vcm__t19                             1.65
xdut.\$55__t0                      2.28833e-09
xdut.\$24__t4                             1.65
xdut.vref__t16                             3.3
xdut.\$57__t0                              3.3
xdut.\$24__t5                             1.65
xdut.vss__t5                       5.22874e-10
xdut.\$23__t0                              3.3
xdut.\$24__t2                             1.65
xdut.\$81__t1                              3.3
xdut.sel_in__t16                             0
xdut.vdd__t62                              3.3
xdut.\$59__t1                      2.51889e-09
xdut.rel_1_p__t0                           3.3
xdut.vdd__t66                              3.3
xdut.\$61__t1                              3.3
xdut.hi_1_p__t0                              0
xdut.vdd__t65                              3.3
xdut.\$25__t1                              3.3
xdut.lo_1_p__t0                              0
xdut.vdd__t64                              3.3
xdut.vinp__t9                      2.90322e-09
xdut.\$81__t0                              3.3
xdut.\$26__t2                             1.65
xdut.vcm__t21                             1.65
xdut.\$59__t0                       2.3991e-09
xdut.\$26__t3                             1.65
xdut.vref__t17                             3.3
xdut.\$61__t0                              3.3
xdut.\$26__t4                             1.65
xdut.vss__t17                      6.68436e-10
xdut.\$25__t0                              3.3
xdut.\$26__t1                             1.65
xdut.\$83__t1                              3.3
xdut.sel_in__t18                             0
xdut.vdd__t70                              3.3
xdut.\$85__t1                      2.58049e-09
xdut.rel_256_n__t0                         3.3
xdut.vdd__t71                              3.3
xdut.\$87__t1                              3.3
xdut.hi_256_n__t0                            0
xdut.vdd__t72                              3.3
xdut.\$89__t1                              3.3
xdut.lo_256_n__t0                            0
xdut.vdd__t51                              3.3
xdut.vinn__t6                             1.65
xdut.\$83__t0                              3.3
xdut.\$90__t256                           1.65
xdut.vcm__t16                             1.65
xdut.\$85__t0                       2.4607e-09
xdut.\$90__t257                           1.65
xdut.vref__t12                             3.3
xdut.\$87__t0                              3.3
xdut.\$90__t258                           1.65
xdut.vss__t14                      5.03177e-10
xdut.\$89__t0                              3.3
xdut.\$90__t259                           1.65
xdut.\$92__t1                              3.3
xdut.sel_in__t17                             0
xdut.vdd__t69                              3.3
xdut.\$94__t1                      2.46918e-09
xdut.rel_128_n__t0                         3.3
xdut.vdd__t52                              3.3
xdut.\$96__t1                              3.3
xdut.hi_128_n__t0                            0
xdut.vdd__t53                              3.3
xdut.\$98__t1                              3.3
xdut.lo_128_n__t0                            0
xdut.vdd__t57                              3.3
xdut.vinn__t7                             1.65
xdut.\$92__t0                              3.3
xdut.\$99__t128                           1.65
xdut.vcm__t18                             1.65
xdut.\$94__t0                      2.34939e-09
xdut.\$99__t129                           1.65
xdut.vref__t14                             3.3
xdut.\$96__t0                              3.3
xdut.\$99__t130                           1.65
xdut.vss__t18                      3.59134e-10
xdut.\$98__t0                              3.3
xdut.\$99__t131                           1.65
xdut.\$100__t1                             3.3
xdut.sel_in__t11                             0
xdut.vdd__t33                              3.3
xdut.\$102__t1                     2.35816e-09
xdut.rel_64_n__t0                          3.3
xdut.vdd__t34                              3.3
xdut.\$104__t1                             3.3
xdut.hi_64_n__t0                             0
xdut.vdd__t35                              3.3
xdut.\$106__t1                             3.3
xdut.lo_64_n__t0                             0
xdut.vdd__t36                              3.3
xdut.vinn__t8                             1.65
xdut.\$100__t0                             3.3
xdut.\$107__t67                           1.65
xdut.vcm__t20                             1.65
xdut.\$102__t0                     2.23836e-09
xdut.\$107__t65                           1.65
xdut.vref__t15                             3.3
xdut.\$104__t0                             3.3
xdut.\$107__t64                           1.65
xdut.vss__t16                       2.1745e-10
xdut.\$106__t0                             3.3
xdut.\$107__t66                           1.65
xdut.\$108__t1                             3.3
xdut.sel_in__t12                             0
xdut.vdd__t37                              3.3
xdut.\$110__t1                     2.24805e-09
xdut.rel_32_n__t0                          3.3
xdut.vdd__t38                              3.3
xdut.\$112__t1                             3.3
xdut.hi_32_n__t0                             0
xdut.vdd__t39                              3.3
xdut.\$114__t1                             3.3
xdut.lo_32_n__t0                             0
xdut.vdd__t40                              3.3
xdut.vinn__t0                             1.65
xdut.\$108__t0                             3.3
xdut.\$115__t32                           1.65
xdut.vcm__t8                              1.65
xdut.\$110__t0                     2.12826e-09
xdut.\$115__t35                           1.65
xdut.vref__t5                              3.3
xdut.\$112__t0                             3.3
xdut.\$115__t34                           1.65
xdut.vss__t6                       9.00496e-11
xdut.\$114__t0                             3.3
xdut.\$115__t33                           1.65
xdut.\$116__t1                             3.3
xdut.sel_in__t10                             0
xdut.vdd__t28                              3.3
xdut.\$118__t1                     2.14628e-09
xdut.rel_16_n__t0                          3.3
xdut.vdd__t27                              3.3
xdut.\$120__t1                             3.3
xdut.hi_16_n__t0                             0
xdut.vdd__t26                              3.3
xdut.\$122__t1                             3.3
xdut.lo_16_n__t0                             0
xdut.vdd__t25                              3.3
xdut.vinn__t2                             1.65
xdut.\$116__t0                             3.3
xdut.\$123__t19                           1.65
xdut.vcm__t10                             1.65
xdut.\$118__t0                     2.02649e-09
xdut.\$123__t18                           1.65
xdut.vref__t6                              3.3
xdut.\$120__t0                             3.3
xdut.\$123__t17                           1.65
xdut.vss__t7                       1.07007e-10
xdut.\$122__t0                             3.3
xdut.\$123__t16                           1.65
xdut.\$124__t1                             3.3
xdut.sel_in__t9                              0
xdut.vdd__t24                              3.3
xdut.\$126__t1                     2.18776e-09
xdut.rel_8_n__t0                           3.3
xdut.vdd__t23                              3.3
xdut.\$128__t1                             3.3
xdut.hi_8_n__t0                              0
xdut.vdd__t22                              3.3
xdut.\$130__t1                             3.3
xdut.lo_8_n__t0                              0
xdut.vdd__t21                              3.3
xdut.vinn__t1                             1.65
xdut.\$124__t0                             3.3
xdut.\$131__t10                           1.65
xdut.vcm__t4                              1.65
xdut.\$126__t0                     2.06796e-09
xdut.\$131__t8                            1.65
xdut.vref__t0                              3.3
xdut.\$128__t0                             3.3
xdut.\$131__t9                            1.65
xdut.vss__t11                      2.39393e-10
xdut.\$130__t0                             3.3
xdut.\$131__t11                           1.65
xdut.\$132__t1                             3.3
xdut.sel_in__t8                              0
xdut.vdd__t20                              3.3
xdut.\$134__t1                      2.2959e-09
xdut.rel_4_n__t0                           3.3
xdut.vdd__t61                              3.3
xdut.\$136__t1                             3.3
xdut.hi_4_n__t0                              0
xdut.vdd__t29                              3.3
xdut.\$138__t1                             3.3
xdut.lo_4_n__t0                              0
xdut.vdd__t41                              3.3
xdut.vinn__t5                             1.65
xdut.\$132__t0                             3.3
xdut.\$139__t7                            1.65
xdut.vcm__t13                             1.65
xdut.\$134__t0                      2.1761e-09
xdut.\$139__t6                            1.65
xdut.vref__t9                              3.3
xdut.\$136__t0                             3.3
xdut.\$139__t5                            1.65
xdut.vss__t10                      3.81687e-10
xdut.\$138__t0                             3.3
xdut.\$139__t4                            1.65
xdut.\$140__t1                             3.3
xdut.sel_in__t6                              0
xdut.vdd__t14                              3.3
xdut.\$142__t1                     2.40657e-09
xdut.rel_2_n__t0                           3.3
xdut.vdd__t15                              3.3
xdut.\$144__t1                             3.3
xdut.hi_2_n__t0                              0
xdut.vdd__t16                              3.3
xdut.\$146__t1                             3.3
xdut.lo_2_n__t0                              0
xdut.vdd__t18                              3.3
xdut.vinn__t4                             1.65
xdut.\$140__t0                             3.3
xdut.\$147__t4                            1.65
xdut.vcm__t15                             1.65
xdut.\$142__t0                     2.28677e-09
xdut.\$147__t5                            1.65
xdut.vref__t8                              3.3
xdut.\$144__t0                             3.3
xdut.\$147__t3                            1.65
xdut.vss__t9                       5.25907e-10
xdut.\$146__t0                             3.3
xdut.\$147__t2                            1.65
xdut.\$148__t1                             3.3
xdut.sel_in__t7                              0
xdut.vdd__t17                              3.3
xdut.\$150__t1                     2.51775e-09
xdut.rel_1_n__t0                           3.3
xdut.vdd__t12                              3.3
xdut.\$152__t1                             3.3
xdut.hi_1_n__t0                              0
xdut.vdd__t30                              3.3
xdut.\$154__t1                             3.3
xdut.lo_1_n__t0                              0
xdut.vdd__t5                               3.3
xdut.vinn__t3                             1.65
xdut.\$148__t0                             3.3
xdut.\$155__t4                            1.65
xdut.vcm__t11                             1.65
xdut.\$150__t0                     2.39795e-09
xdut.\$155__t3                            1.65
xdut.vref__t7                              3.3
xdut.\$152__t0                             3.3
xdut.\$155__t2                            1.65
xdut.vss__t8                       6.70812e-10
xdut.\$154__t0                             3.3
xdut.\$155__t1                            1.65
xdut.\$166__t1                             3.3
xdut.tp_gn__t1                               0
xdut.vdd__t42                              3.3
xdut.vcm__t3                              1.65
xdut.\$166__t0                             3.3
xdut.topp__t512                        1.59462
xdut.\$167__t1                             3.3
xdut.tp_gn__t0                               0
xdut.vdd__t31                              3.3
xdut.vcm__t2                              1.65
xdut.\$167__t0                             3.3
xdut.topn__t512                        1.77745
xdut.\$10__t177                           1.65
xdut.topp__t350                        1.59462
xdut.\$24__t1                             1.65
xdut.topp__t349                        1.59462
xdut.\$10__t176                           1.65
xdut.topp__t348                        1.59462
xdut.\$22__t2                             1.65
xdut.topp__t347                        1.59462
xdut.\$10__t175                           1.65
xdut.topp__t346                        1.59462
xdut.\$20__t5                             1.65
xdut.topp__t345                        1.59462
xdut.\$10__t174                           1.65
xdut.topp__t344                        1.59462
xdut.\$20__t4                             1.65
xdut.topp__t343                        1.59462
xdut.\$10__t173                           1.65
xdut.topp__t342                        1.59462
xdut.\$18__t12                            1.65
xdut.topp__t341                        1.59462
xdut.\$10__t172                           1.65
xdut.topp__t340                        1.59462
xdut.\$18__t11                            1.65
xdut.topp__t339                        1.59462
xdut.\$10__t171                           1.65
xdut.topp__t338                        1.59462
xdut.\$18__t15                            1.65
xdut.topp__t494                        1.59462
xdut.\$10__t248                           1.65
xdut.topp__t493                        1.59462
xdut.\$18__t14                            1.65
xdut.topp__t492                        1.59462
xdut.\$10__t247                           1.65
xdut.topp__t491                        1.59462
xdut.\$16__t26                            1.65
xdut.topp__t490                        1.59462
xdut.\$10__t257                           1.65
xdut.topp__t510                        1.59462
xdut.\$16__t24                            1.65
xdut.topp__t337                        1.59462
xdut.\$10__t178                           1.65
xdut.topp__t351                        1.59462
xdut.\$16__t25                            1.65
xdut.topp__t488                        1.59462
xdut.\$10__t252                           1.65
xdut.topp__t503                        1.59462
xdut.\$16__t31                            1.65
xdut.topp__t502                        1.59462
xdut.\$10__t251                           1.65
xdut.topp__t501                        1.59462
xdut.\$16__t30                            1.65
xdut.topp__t500                        1.59462
xdut.\$10__t250                           1.65
xdut.topp__t499                        1.59462
xdut.\$16__t29                            1.65
xdut.topp__t498                        1.59462
xdut.\$10__t249                           1.65
xdut.topp__t497                        1.59462
xdut.\$16__t28                            1.65
xdut.topp__t496                        1.59462
xdut.\$10__t253                           1.65
xdut.topp__t504                        1.59462
xdut.\$16__t27                            1.65
xdut.topp__t495                        1.59462
xdut.\$90__t224                           1.65
xdut.topn__t446                        1.77745
xdut.\$147__t1                            1.65
xdut.topn__t445                        1.77745
xdut.\$90__t223                           1.65
xdut.topn__t444                        1.77745
xdut.\$139__t3                            1.65
xdut.topn__t443                        1.77745
xdut.\$90__t222                           1.65
xdut.topn__t442                        1.77745
xdut.\$131__t5                            1.65
xdut.topn__t441                        1.77745
xdut.\$90__t221                           1.65
xdut.topn__t440                        1.77745
xdut.\$131__t4                            1.65
xdut.topn__t439                        1.77745
xdut.\$90__t186                           1.65
xdut.topn__t368                        1.77745
xdut.\$123__t12                           1.65
xdut.topn__t383                        1.77745
xdut.\$90__t185                           1.65
xdut.topn__t366                        1.77745
xdut.\$123__t9                            1.65
xdut.topn__t365                        1.77745
xdut.\$90__t184                           1.65
xdut.topn__t364                        1.77745
xdut.\$123__t8                            1.65
xdut.topn__t363                        1.77745
xdut.\$90__t183                           1.65
xdut.topn__t362                        1.77745
xdut.\$123__t7                            1.65
xdut.topn__t361                        1.77745
xdut.\$90__t182                           1.65
xdut.topn__t360                        1.77745
xdut.\$115__t21                           1.65
xdut.topn__t359                        1.77745
xdut.\$90__t181                           1.65
xdut.topn__t358                        1.77745
xdut.\$115__t20                           1.65
xdut.topn__t357                        1.77745
xdut.\$90__t191                           1.65
xdut.topn__t377                        1.77745
xdut.\$115__t25                           1.65
xdut.topn__t376                        1.77745
xdut.\$90__t190                           1.65
xdut.topn__t375                        1.77745
xdut.\$115__t24                           1.65
xdut.topn__t374                        1.77745
xdut.\$90__t189                           1.65
xdut.topn__t373                        1.77745
xdut.\$115__t23                           1.65
xdut.topn__t372                        1.77745
xdut.\$90__t188                           1.65
xdut.topn__t371                        1.77745
xdut.\$115__t22                           1.65
xdut.topn__t370                        1.77745
xdut.\$90__t187                           1.65
xdut.topn__t369                        1.77745
xdut.\$115__t27                           1.65
xdut.topn__t381                        1.77745
xdut.\$90__t192                           1.65
xdut.topn__t380                        1.77745
xdut.\$115__t26                           1.65
xdut.topn__t379                        1.77745
xdut.\$10__t179                           1.65
xdut.topp__t352                        1.59462
xdut.\$14__t43                            1.65
xdut.topp__t353                        1.59462
xdut.\$10__t180                           1.65
xdut.topp__t354                        1.59462
xdut.\$14__t44                            1.65
xdut.topp__t355                        1.59462
xdut.\$10__t181                           1.65
xdut.topp__t356                        1.59462
xdut.\$14__t45                            1.65
xdut.topp__t357                        1.59462
xdut.\$10__t182                           1.65
xdut.topp__t358                        1.59462
xdut.\$14__t46                            1.65
xdut.topp__t359                        1.59462
xdut.\$10__t183                           1.65
xdut.topp__t360                        1.59462
xdut.\$14__t47                            1.65
xdut.topp__t361                        1.59462
xdut.\$10__t184                           1.65
xdut.topp__t362                        1.59462
xdut.\$14__t48                            1.65
xdut.topp__t363                        1.59462
xdut.\$10__t185                           1.65
xdut.topp__t364                        1.59462
xdut.\$14__t49                            1.65
xdut.topp__t365                        1.59462
xdut.\$10__t186                           1.65
xdut.topp__t366                        1.59462
xdut.\$14__t58                            1.65
xdut.topp__t383                        1.59462
xdut.\$10__t187                           1.65
xdut.topp__t368                        1.59462
xdut.\$14__t51                            1.65
xdut.topp__t369                        1.59462
xdut.\$10__t188                           1.65
xdut.topp__t370                        1.59462
xdut.\$14__t52                            1.65
xdut.topp__t371                        1.59462
xdut.\$10__t189                           1.65
xdut.topp__t372                        1.59462
xdut.\$14__t53                            1.65
xdut.topp__t373                        1.59462
xdut.\$10__t190                           1.65
xdut.topp__t374                        1.59462
xdut.\$14__t54                            1.65
xdut.topp__t375                        1.59462
xdut.\$10__t191                           1.65
xdut.topp__t376                        1.59462
xdut.\$14__t55                            1.65
xdut.topp__t377                        1.59462
xdut.\$10__t192                           1.65
xdut.topp__t378                        1.59462
xdut.\$14__t56                            1.65
xdut.topp__t379                        1.59462
xdut.\$10__t193                           1.65
xdut.topp__t380                        1.59462
xdut.\$14__t57                            1.65
xdut.topp__t381                        1.59462
xdut.\$10__t194                           1.65
xdut.topp__t382                        1.59462
xdut.\$14__t50                            1.65
xdut.topp__t367                        1.59462
xdut.\$90__t146                           1.65
xdut.topn__t288                        1.77745
xdut.\$107__t30                           1.65
xdut.topn__t289                        1.77745
xdut.\$90__t147                           1.65
xdut.topn__t290                        1.77745
xdut.\$107__t31                           1.65
xdut.topn__t291                        1.77745
xdut.\$90__t148                           1.65
xdut.topn__t292                        1.77745
xdut.\$107__t32                           1.65
xdut.topn__t293                        1.77745
xdut.\$90__t149                           1.65
xdut.topn__t294                        1.77745
xdut.\$107__t33                           1.65
xdut.topn__t295                        1.77745
xdut.\$90__t150                           1.65
xdut.topn__t296                        1.77745
xdut.\$107__t34                           1.65
xdut.topn__t297                        1.77745
xdut.\$90__t151                           1.65
xdut.topn__t298                        1.77745
xdut.\$107__t35                           1.65
xdut.topn__t299                        1.77745
xdut.\$90__t152                           1.65
xdut.topn__t300                        1.77745
xdut.\$107__t36                           1.65
xdut.topn__t301                        1.77745
xdut.\$90__t153                           1.65
xdut.topn__t302                        1.77745
xdut.\$107__t44                           1.65
xdut.topn__t319                        1.77745
xdut.\$90__t155                           1.65
xdut.topn__t304                        1.77745
xdut.\$107__t37                           1.65
xdut.topn__t305                        1.77745
xdut.\$90__t156                           1.65
xdut.topn__t306                        1.77745
xdut.\$107__t38                           1.65
xdut.topn__t307                        1.77745
xdut.\$90__t157                           1.65
xdut.topn__t308                        1.77745
xdut.\$107__t39                           1.65
xdut.topn__t309                        1.77745
xdut.\$90__t158                           1.65
xdut.topn__t310                        1.77745
xdut.\$107__t40                           1.65
xdut.topn__t311                        1.77745
xdut.\$90__t159                           1.65
xdut.topn__t312                        1.77745
xdut.\$107__t41                           1.65
xdut.topn__t313                        1.77745
xdut.\$90__t160                           1.65
xdut.topn__t314                        1.77745
xdut.\$107__t42                           1.65
xdut.topn__t315                        1.77745
xdut.\$90__t161                           1.65
xdut.topn__t316                        1.77745
xdut.\$107__t43                           1.65
xdut.topn__t317                        1.77745
xdut.\$90__t162                           1.65
xdut.topn__t318                        1.77745
xdut.\$107__t45                           1.65
xdut.topn__t335                        1.77745
xdut.\$10__t234                           1.65
xdut.topp__t463                        1.59462
xdut.\$12__t111                           1.65
xdut.topp__t462                        1.59462
xdut.\$10__t233                           1.65
xdut.topp__t461                        1.59462
xdut.\$12__t110                           1.65
xdut.topp__t460                        1.59462
xdut.\$10__t232                           1.65
xdut.topp__t459                        1.59462
xdut.\$12__t109                           1.65
xdut.topp__t458                        1.59462
xdut.\$10__t231                           1.65
xdut.topp__t457                        1.59462
xdut.\$12__t108                           1.65
xdut.topp__t456                        1.59462
xdut.\$10__t246                           1.65
xdut.topp__t489                        1.59462
xdut.\$12__t113                           1.65
xdut.topp__t466                        1.59462
xdut.\$10__t104                           1.65
xdut.topp__t207                        1.59462
xdut.\$12__t122                           1.65
xdut.topp__t483                        1.59462
xdut.\$10__t243                           1.65
xdut.topp__t482                        1.59462
xdut.\$12__t121                           1.65
xdut.topp__t481                        1.59462
xdut.\$10__t242                           1.65
xdut.topp__t480                        1.59462
xdut.\$12__t116                           1.65
xdut.topp__t472                        1.59462
xdut.\$10__t245                           1.65
xdut.topp__t487                        1.59462
xdut.\$12__t115                           1.65
xdut.topp__t470                        1.59462
xdut.\$10__t237                           1.65
xdut.topp__t469                        1.59462
xdut.\$12__t103                           1.65
xdut.topp__t448                        1.59462
xdut.\$10__t238                           1.65
xdut.topp__t471                        1.59462
xdut.\$12__t80                            1.65
xdut.topp__t313                        1.59462
xdut.\$10__t206                           1.65
xdut.topp__t408                        1.59462
xdut.\$12__t87                            1.65
xdut.topp__t407                        1.59462
xdut.\$10__t216                           1.65
xdut.topp__t426                        1.59462
xdut.\$12__t95                            1.65
xdut.topp__t425                        1.59462
xdut.\$10__t215                           1.65
xdut.topp__t424                        1.59462
xdut.\$12__t94                            1.65
xdut.topp__t423                        1.59462
xdut.\$10__t214                           1.65
xdut.topp__t422                        1.59462
xdut.\$12__t98                            1.65
xdut.topp__t437                        1.59462
xdut.\$10__t212                           1.65
xdut.topp__t420                        1.59462
xdut.\$12__t93                            1.65
xdut.topp__t419                        1.59462
xdut.\$90__t239                           1.65
xdut.topn__t479                        1.77745
xdut.\$99__t121                           1.65
xdut.topn__t478                        1.77745
xdut.\$90__t238                           1.65
xdut.topn__t477                        1.77745
xdut.\$99__t120                           1.65
xdut.topn__t476                        1.77745
xdut.\$90__t237                           1.65
xdut.topn__t475                        1.77745
xdut.\$99__t119                           1.65
xdut.topn__t474                        1.77745
xdut.\$90__t236                           1.65
xdut.topn__t473                        1.77745
xdut.\$99__t118                           1.65
xdut.topn__t472                        1.77745
xdut.\$90__t66                            1.65
xdut.topn__t129                        1.77745
xdut.\$99__t41                            1.65
xdut.topn__t118                        1.77745
xdut.\$90__t54                            1.65
xdut.topn__t107                        1.77745
xdut.\$99__t35                            1.65
xdut.topn__t106                        1.77745
xdut.\$90__t53                            1.65
xdut.topn__t105                        1.77745
xdut.\$99__t34                            1.65
xdut.topn__t104                        1.77745
xdut.\$90__t68                            1.65
xdut.topn__t133                        1.77745
xdut.\$99__t47                            1.65
xdut.topn__t132                        1.77745
xdut.\$90__t67                            1.65
xdut.topn__t131                        1.77745
xdut.\$99__t46                            1.65
xdut.topn__t130                        1.77745
xdut.\$90__t241                           1.65
xdut.topn__t484                        1.77745
xdut.\$99__t15                            1.65
xdut.topn__t40                         1.77745
xdut.\$90__t24                            1.65
xdut.topn__t49                         1.77745
xdut.\$99__t19                            1.65
xdut.topn__t48                         1.77745
xdut.\$90__t23                            1.65
xdut.topn__t47                         1.77745
xdut.\$99__t18                            1.65
xdut.topn__t46                         1.77745
xdut.\$90__t22                            1.65
xdut.topn__t45                         1.77745
xdut.\$99__t17                            1.65
xdut.topn__t44                         1.77745
xdut.\$90__t21                            1.65
xdut.topn__t43                         1.77745
xdut.\$99__t16                            1.65
xdut.topn__t42                         1.77745
xdut.\$90__t20                            1.65
xdut.topn__t41                         1.77745
xdut.\$99__t8                             1.65
xdut.topn__t26                         1.77745
xdut.\$90__t12                            1.65
xdut.topn__t25                         1.77745
xdut.\$99__t23                            1.65
xdut.topn__t56                         1.77745
xdut.\$10__t229                           1.65
xdut.topp__t452                        1.59462
xdut.\$12__t105                           1.65
xdut.topp__t451                        1.59462
xdut.\$10__t228                           1.65
xdut.topp__t450                        1.59462
xdut.\$12__t104                           1.65
xdut.topp__t449                        1.59462
xdut.\$10__t72                            1.65
xdut.topp__t144                        1.59462
xdut.\$12__t37                            1.65
xdut.topp__t143                        1.59462
xdut.\$10__t71                            1.65
xdut.topp__t142                        1.59462
xdut.\$12__t36                            1.65
xdut.topp__t141                        1.59462
xdut.\$10__t235                           1.65
xdut.topp__t465                        1.59462
xdut.\$12__t112                           1.65
xdut.topp__t464                        1.59462
xdut.\$10__t105                           1.65
xdut.topp__t209                        1.59462
xdut.\$12__t117                           1.65
xdut.topp__t473                        1.59462
xdut.\$10__t241                           1.65
xdut.topp__t479                        1.59462
xdut.\$12__t124                           1.65
xdut.topp__t486                        1.59462
xdut.\$10__t244                           1.65
xdut.topp__t485                        1.59462
xdut.\$12__t123                           1.65
xdut.topp__t484                        1.59462
xdut.\$10__t227                           1.65
xdut.topp__t447                        1.59462
xdut.\$12__t102                           1.65
xdut.topp__t446                        1.59462
xdut.\$10__t226                           1.65
xdut.topp__t445                        1.59462
xdut.\$12__t99                            1.65
xdut.topp__t439                        1.59462
xdut.\$10__t222                           1.65
xdut.topp__t438                        1.59462
xdut.\$12__t81                            1.65
xdut.topp__t332                        1.59462
xdut.\$10__t209                           1.65
xdut.topp__t414                        1.59462
xdut.\$12__t90                            1.65
xdut.topp__t413                        1.59462
xdut.\$10__t208                           1.65
xdut.topp__t412                        1.59462
xdut.\$12__t89                            1.65
xdut.topp__t411                        1.59462
xdut.\$10__t207                           1.65
xdut.topp__t410                        1.59462
xdut.\$12__t88                            1.65
xdut.topp__t409                        1.59462
xdut.\$10__t211                           1.65
xdut.topp__t418                        1.59462
xdut.\$12__t92                            1.65
xdut.topp__t417                        1.59462
xdut.\$10__t210                           1.65
xdut.topp__t416                        1.59462
xdut.\$12__t91                            1.65
xdut.topp__t415                        1.59462
xdut.\$90__t232                           1.65
xdut.topn__t463                        1.77745
xdut.\$99__t113                           1.65
xdut.topn__t462                        1.77745
xdut.\$90__t231                           1.65
xdut.topn__t461                        1.77745
xdut.\$99__t112                           1.65
xdut.topn__t460                        1.77745
xdut.\$90__t230                           1.65
xdut.topn__t459                        1.77745
xdut.\$99__t111                           1.65
xdut.topn__t458                        1.77745
xdut.\$90__t229                           1.65
xdut.topn__t457                        1.77745
xdut.\$99__t110                           1.65
xdut.topn__t456                        1.77745
xdut.\$90__t65                            1.65
xdut.topn__t128                        1.77745
xdut.\$99__t45                            1.65
xdut.topn__t127                        1.77745
xdut.\$90__t64                            1.65
xdut.topn__t126                        1.77745
xdut.\$99__t44                            1.65
xdut.topn__t125                        1.77745
xdut.\$90__t63                            1.65
xdut.topn__t124                        1.77745
xdut.\$99__t43                            1.65
xdut.topn__t123                        1.77745
xdut.\$90__t62                            1.65
xdut.topn__t122                        1.77745
xdut.\$99__t42                            1.65
xdut.topn__t121                        1.77745
xdut.\$90__t61                            1.65
xdut.topn__t120                        1.77745
xdut.\$99__t49                            1.65
xdut.topn__t135                        1.77745
xdut.\$90__t242                           1.65
xdut.topn__t485                        1.77745
xdut.\$99__t22                            1.65
xdut.topn__t55                         1.77745
xdut.\$90__t14                            1.65
xdut.topn__t29                         1.77745
xdut.\$99__t9                             1.65
xdut.topn__t28                         1.77745
xdut.\$90__t13                            1.65
xdut.topn__t27                         1.77745
xdut.\$99__t32                            1.65
xdut.topn__t87                         1.77745
xdut.\$90__t27                            1.65
xdut.topn__t54                         1.77745
xdut.\$99__t21                            1.65
xdut.topn__t53                         1.77745
xdut.\$90__t26                            1.65
xdut.topn__t52                         1.77745
xdut.\$99__t20                            1.65
xdut.topn__t51                         1.77745
xdut.\$90__t25                            1.65
xdut.topn__t50                         1.77745
xdut.\$99__t26                            1.65
xdut.topn__t65                         1.77745
xdut.\$90__t32                            1.65
xdut.topn__t64                         1.77745
xdut.\$99__t25                            1.65
xdut.topn__t63                         1.77745
xdut.\$12__t107                           1.65
xdut.topp__t455                        1.59462
xdut.\$10__t230                           1.65
xdut.topp__t454                        1.59462
xdut.\$12__t106                           1.65
xdut.topp__t453                        1.59462
xdut.\$10__t68                            1.65
xdut.topp__t136                        1.59462
xdut.\$12__t114                           1.65
xdut.topp__t467                        1.59462
xdut.\$10__t236                           1.65
xdut.topp__t468                        1.59462
xdut.\$12__t35                            1.65
xdut.topp__t140                        1.59462
xdut.\$10__t70                            1.65
xdut.topp__t139                        1.59462
xdut.\$12__t34                            1.65
xdut.topp__t138                        1.59462
xdut.\$10__t69                            1.65
xdut.topp__t137                        1.59462
xdut.\$12__t50                            1.65
xdut.topp__t205                        1.59462
xdut.\$10__t225                           1.65
xdut.topp__t444                        1.59462
xdut.\$12__t101                           1.65
xdut.topp__t443                        1.59462
xdut.\$10__t224                           1.65
xdut.topp__t442                        1.59462
xdut.\$12__t100                           1.65
xdut.topp__t441                        1.59462
xdut.\$10__t223                           1.65
xdut.topp__t440                        1.59462
xdut.\$12__t119                           1.65
xdut.topp__t476                        1.59462
xdut.\$10__t239                           1.65
xdut.topp__t475                        1.59462
xdut.\$12__t118                           1.65
xdut.topp__t474                        1.59462
xdut.\$10__t240                           1.65
xdut.topp__t478                        1.59462
xdut.\$12__t120                           1.65
xdut.topp__t477                        1.59462
xdut.\$10__t158                           1.65
xdut.topp__t315                        1.59462
xdut.\$12__t86                            1.65
xdut.topp__t406                        1.59462
xdut.\$10__t202                           1.65
xdut.topp__t399                        1.59462
xdut.\$12__t127                           1.65
xdut.topp__t511                        1.59462
xdut.\$10__t256                           1.65
xdut.topp__t509                        1.59462
xdut.\$12__t126                           1.65
xdut.topp__t508                        1.59462
xdut.\$10__t255                           1.65
xdut.topp__t507                        1.59462
xdut.\$12__t125                           1.65
xdut.topp__t506                        1.59462
xdut.\$10__t254                           1.65
xdut.topp__t505                        1.59462
xdut.\$12__t96                            1.65
xdut.topp__t428                        1.59462
xdut.\$10__t217                           1.65
xdut.topp__t427                        1.59462
xdut.\$99__t114                           1.65
xdut.topn__t465                        1.77745
xdut.\$90__t233                           1.65
xdut.topn__t464                        1.77745
xdut.\$99__t117                           1.65
xdut.topn__t471                        1.77745
xdut.\$90__t240                           1.65
xdut.topn__t480                        1.77745
xdut.\$99__t116                           1.65
xdut.topn__t469                        1.77745
xdut.\$90__t235                           1.65
xdut.topn__t468                        1.77745
xdut.\$99__t115                           1.65
xdut.topn__t467                        1.77745
xdut.\$90__t234                           1.65
xdut.topn__t466                        1.77745
xdut.\$99__t40                            1.65
xdut.topn__t117                        1.77745
xdut.\$90__t59                            1.65
xdut.topn__t116                        1.77745
xdut.\$99__t39                            1.65
xdut.topn__t115                        1.77745
xdut.\$90__t58                            1.65
xdut.topn__t114                        1.77745
xdut.\$99__t38                            1.65
xdut.topn__t113                        1.77745
xdut.\$90__t57                            1.65
xdut.topn__t112                        1.77745
xdut.\$99__t37                            1.65
xdut.topn__t111                        1.77745
xdut.\$90__t56                            1.65
xdut.topn__t110                        1.77745
xdut.\$99__t36                            1.65
xdut.topn__t109                        1.77745
xdut.\$90__t55                            1.65
xdut.topn__t108                        1.77745
xdut.\$99__t123                           1.65
xdut.topn__t486                        1.77745
xdut.\$90__t19                            1.65
xdut.topn__t39                         1.77745
xdut.\$99__t14                            1.65
xdut.topn__t38                         1.77745
xdut.\$90__t18                            1.65
xdut.topn__t37                         1.77745
xdut.\$99__t13                            1.65
xdut.topn__t36                         1.77745
xdut.\$90__t17                            1.65
xdut.topn__t35                         1.77745
xdut.\$99__t12                            1.65
xdut.topn__t34                         1.77745
xdut.\$90__t16                            1.65
xdut.topn__t33                         1.77745
xdut.\$99__t11                            1.65
xdut.topn__t32                         1.77745
xdut.\$90__t15                            1.65
xdut.topn__t31                         1.77745
xdut.\$99__t10                            1.65
xdut.topn__t30                         1.77745
xdut.\$90__t34                            1.65
xdut.topn__t68                         1.77745
xdut.\$99__t27                            1.65
xdut.topn__t67                         1.77745
xdut.\$90__t33                            1.65
xdut.topn__t66                         1.77745
xdut.\$12__t0                             1.65
xdut.topp__t0                          1.59462
xdut.\$10__t81                            1.65
xdut.topp__t162                        1.59462
xdut.\$12__t41                            1.65
xdut.topp__t161                        1.59462
xdut.\$10__t75                            1.65
xdut.topp__t150                        1.59462
xdut.\$12__t40                            1.65
xdut.topp__t149                        1.59462
xdut.\$10__t74                            1.65
xdut.topp__t148                        1.59462
xdut.\$12__t39                            1.65
xdut.topp__t147                        1.59462
xdut.\$10__t73                            1.65
xdut.topp__t146                        1.59462
xdut.\$12__t38                            1.65
xdut.topp__t145                        1.59462
xdut.\$10__t83                            1.65
xdut.topp__t165                        1.59462
xdut.\$12__t51                            1.65
xdut.topp__t206                        1.59462
xdut.\$10__t65                            1.65
xdut.topp__t132                        1.59462
xdut.\$12__t33                            1.65
xdut.topp__t131                        1.59462
xdut.\$10__t64                            1.65
xdut.topp__t130                        1.59462
xdut.\$12__t32                            1.65
xdut.topp__t129                        1.59462
xdut.\$10__t63                            1.65
xdut.topp__t128                        1.59462
xdut.\$12__t31                            1.65
xdut.topp__t127                        1.59462
xdut.\$10__t62                            1.65
xdut.topp__t126                        1.59462
xdut.\$12__t30                            1.65
xdut.topp__t125                        1.59462
xdut.\$10__t61                            1.65
xdut.topp__t124                        1.59462
xdut.\$12__t29                            1.65
xdut.topp__t123                        1.59462
xdut.\$10__t157                           1.65
xdut.topp__t311                        1.59462
xdut.\$12__t97                            1.65
xdut.topp__t430                        1.59462
xdut.\$10__t218                           1.65
xdut.topp__t429                        1.59462
xdut.\$12__t85                            1.65
xdut.topp__t404                        1.59462
xdut.\$10__t204                           1.65
xdut.topp__t403                        1.59462
xdut.\$12__t84                            1.65
xdut.topp__t402                        1.59462
xdut.\$10__t203                           1.65
xdut.topp__t401                        1.59462
xdut.\$12__t83                            1.65
xdut.topp__t400                        1.59462
xdut.\$10__t205                           1.65
xdut.topp__t405                        1.59462
xdut.\$12__t82                            1.65
xdut.topp__t398                        1.59462
xdut.\$10__t201                           1.65
xdut.topp__t397                        1.59462
xdut.\$99__t94                            1.65
xdut.topn__t395                        1.77745
xdut.\$90__t199                           1.65
xdut.topn__t394                        1.77745
xdut.\$99__t93                            1.65
xdut.topn__t393                        1.77745
xdut.\$90__t198                           1.65
xdut.topn__t392                        1.77745
xdut.\$99__t92                            1.65
xdut.topn__t391                        1.77745
xdut.\$90__t197                           1.65
xdut.topn__t390                        1.77745
xdut.\$99__t91                            1.65
xdut.topn__t389                        1.77745
xdut.\$90__t196                           1.65
xdut.topn__t388                        1.77745
xdut.\$99__t28                            1.65
xdut.topn__t72                         1.77745
xdut.\$90__t60                            1.65
xdut.topn__t119                        1.77745
xdut.\$99__t48                            1.65
xdut.topn__t134                        1.77745
xdut.\$90__t38                            1.65
xdut.topn__t77                         1.77745
xdut.\$99__t30                            1.65
xdut.topn__t76                         1.77745
xdut.\$90__t37                            1.65
xdut.topn__t75                         1.77745
xdut.\$99__t29                            1.65
xdut.topn__t74                         1.77745
xdut.\$90__t40                            1.65
xdut.topn__t80                         1.77745
xdut.\$99__t31                            1.65
xdut.topn__t79                         1.77745
xdut.\$90__t39                            1.65
xdut.topn__t78                         1.77745
xdut.\$99__t122                           1.65
xdut.topn__t481                        1.77745
xdut.\$90__t245                           1.65
xdut.topn__t492                        1.77745
xdut.\$99__t127                           1.65
xdut.topn__t503                        1.77745
xdut.\$90__t51                            1.65
xdut.topn__t102                        1.77745
xdut.\$99__t33                            1.65
xdut.topn__t101                        1.77745
xdut.\$90__t50                            1.65
xdut.topn__t100                        1.77745
xdut.\$99__t124                           1.65
xdut.topn__t487                        1.77745
xdut.\$90__t243                           1.65
xdut.topn__t488                        1.77745
xdut.\$99__t125                           1.65
xdut.topn__t489                        1.77745
xdut.\$90__t244                           1.65
xdut.topn__t490                        1.77745
xdut.\$99__t126                           1.65
xdut.topn__t491                        1.77745
xdut.\$90__t29                            1.65
xdut.topn__t59                         1.77745
xdut.\$99__t24                            1.65
xdut.topn__t58                         1.77745
xdut.\$90__t28                            1.65
xdut.topn__t57                         1.77745
xdut.\$14__t17                            1.65
xdut.topp__t110                        1.59462
xdut.\$10__t54                            1.65
xdut.topp__t109                        1.59462
xdut.\$14__t16                            1.65
xdut.topp__t108                        1.59462
xdut.\$10__t53                            1.65
xdut.topp__t107                        1.59462
xdut.\$14__t15                            1.65
xdut.topp__t106                        1.59462
xdut.\$10__t52                            1.65
xdut.topp__t105                        1.59462
xdut.\$14__t14                            1.65
xdut.topp__t104                        1.59462
xdut.\$10__t76                            1.65
xdut.topp__t151                        1.59462
xdut.\$14__t20                            1.65
xdut.topp__t164                        1.59462
xdut.\$10__t82                            1.65
xdut.topp__t163                        1.59462
xdut.\$14__t31                            1.65
xdut.topp__t208                        1.59462
xdut.\$10__t66                            1.65
xdut.topp__t134                        1.59462
xdut.\$14__t19                            1.65
xdut.topp__t133                        1.59462
xdut.\$10__t60                            1.65
xdut.topp__t122                        1.59462
xdut.\$14__t18                            1.65
xdut.topp__t116                        1.59462
xdut.\$10__t103                           1.65
xdut.topp__t203                        1.59462
xdut.\$14__t30                            1.65
xdut.topp__t202                        1.59462
xdut.\$10__t102                           1.65
xdut.topp__t201                        1.59462
xdut.\$14__t29                            1.65
xdut.topp__t200                        1.59462
xdut.\$10__t101                           1.65
xdut.topp__t199                        1.59462
xdut.\$14__t27                            1.65
xdut.topp__t182                        1.59462
xdut.\$10__t168                           1.65
xdut.topp__t334                        1.59462
xdut.\$14__t62                            1.65
xdut.topp__t390                        1.59462
xdut.\$10__t197                           1.65
xdut.topp__t389                        1.59462
xdut.\$14__t61                            1.65
xdut.topp__t388                        1.59462
xdut.\$10__t196                           1.65
xdut.topp__t387                        1.59462
xdut.\$14__t60                            1.65
xdut.topp__t386                        1.59462
xdut.\$10__t195                           1.65
xdut.topp__t385                        1.59462
xdut.\$14__t59                            1.65
xdut.topp__t384                        1.59462
xdut.\$10__t213                           1.65
xdut.topp__t421                        1.59462
xdut.\$14__t63                            1.65
xdut.topp__t436                        1.59462
xdut.\$10__t221                           1.65
xdut.topp__t435                        1.59462
xdut.\$107__t51                           1.65
xdut.topn__t405                        1.77745
xdut.\$90__t204                           1.65
xdut.topn__t404                        1.77745
xdut.\$107__t50                           1.65
xdut.topn__t403                        1.77745
xdut.\$90__t203                           1.65
xdut.topn__t402                        1.77745
xdut.\$107__t49                           1.65
xdut.topn__t401                        1.77745
xdut.\$90__t202                           1.65
xdut.topn__t400                        1.77745
xdut.\$107__t48                           1.65
xdut.topn__t399                        1.77745
xdut.\$90__t201                           1.65
xdut.topn__t398                        1.77745
xdut.\$107__t5                            1.65
xdut.topn__t73                         1.77745
xdut.\$90__t49                            1.65
xdut.topn__t99                         1.77745
xdut.\$107__t9                            1.65
xdut.topn__t98                         1.77745
xdut.\$90__t48                            1.65
xdut.topn__t97                         1.77745
xdut.\$107__t8                            1.65
xdut.topn__t86                         1.77745
xdut.\$90__t43                            1.65
xdut.topn__t85                         1.77745
xdut.\$107__t7                            1.65
xdut.topn__t84                         1.77745
xdut.\$90__t42                            1.65
xdut.topn__t83                         1.77745
xdut.\$107__t6                            1.65
xdut.topn__t82                         1.77745
xdut.\$90__t41                            1.65
xdut.topn__t81                         1.77745
xdut.\$107__t58                           1.65
xdut.topn__t482                        1.77745
xdut.\$90__t246                           1.65
xdut.topn__t493                        1.77745
xdut.\$107__t59                           1.65
xdut.topn__t494                        1.77745
xdut.\$90__t247                           1.65
xdut.topn__t495                        1.77745
xdut.\$107__t63                           1.65
xdut.topn__t511                        1.77745
xdut.\$90__t254                           1.65
xdut.topn__t509                        1.77745
xdut.\$107__t62                           1.65
xdut.topn__t508                        1.77745
xdut.\$90__t253                           1.65
xdut.topn__t507                        1.77745
xdut.\$107__t61                           1.65
xdut.topn__t506                        1.77745
xdut.\$90__t252                           1.65
xdut.topn__t505                        1.77745
xdut.\$107__t60                           1.65
xdut.topn__t504                        1.77745
xdut.\$90__t31                            1.65
xdut.topn__t62                         1.77745
xdut.\$107__t4                            1.65
xdut.topn__t61                         1.77745
xdut.\$90__t30                            1.65
xdut.topn__t60                         1.77745
xdut.\$16__t14                            1.65
xdut.topp__t160                        1.59462
xdut.\$10__t80                            1.65
xdut.topp__t159                        1.59462
xdut.\$16__t13                            1.65
xdut.topp__t158                        1.59462
xdut.\$10__t79                            1.65
xdut.topp__t157                        1.59462
xdut.\$16__t12                            1.65
xdut.topp__t156                        1.59462
xdut.\$10__t78                            1.65
xdut.topp__t155                        1.59462
xdut.\$16__t11                            1.65
xdut.topp__t154                        1.59462
xdut.\$10__t77                            1.65
xdut.topp__t153                        1.59462
xdut.\$16__t10                            1.65
xdut.topp__t152                        1.59462
xdut.\$10__t84                            1.65
xdut.topp__t166                        1.59462
xdut.\$16__t15                            1.65
xdut.topp__t204                        1.59462
xdut.\$10__t57                            1.65
xdut.topp__t115                        1.59462
xdut.\$16__t9                             1.65
xdut.topp__t114                        1.59462
xdut.\$10__t56                            1.65
xdut.topp__t113                        1.59462
xdut.\$16__t8                             1.65
xdut.topp__t112                        1.59462
xdut.\$10__t55                            1.65
xdut.topp__t111                        1.59462
xdut.\$18__t3                             1.65
xdut.topp__t117                        1.59462
xdut.\$10__t59                            1.65
xdut.topp__t121                        1.59462
xdut.\$18__t5                             1.65
xdut.topp__t120                        1.59462
xdut.\$10__t67                            1.65
xdut.topp__t135                        1.59462
xdut.\$18__t4                             1.65
xdut.topp__t118                        1.59462
xdut.\$10__t125                           1.65
xdut.topp__t247                        1.59462
xdut.\$18__t13                            1.65
xdut.topp__t432                        1.59462
xdut.\$10__t219                           1.65
xdut.topp__t431                        1.59462
xdut.\$20__t7                             1.65
xdut.topp__t396                        1.59462
xdut.\$10__t200                           1.65
xdut.topp__t395                        1.59462
xdut.\$20__t6                             1.65
xdut.topp__t394                        1.59462
xdut.\$10__t199                           1.65
xdut.topp__t393                        1.59462
xdut.\$22__t3                             1.65
xdut.topp__t392                        1.59462
xdut.\$10__t198                           1.65
xdut.topp__t391                        1.59462
xdut.\$26__t0                             1.65
xdut.topp__t434                        1.59462
xdut.\$10__t220                           1.65
xdut.topp__t433                        1.59462
xdut.\$115__t30                           1.65
xdut.topn__t397                        1.77745
xdut.\$90__t200                           1.65
xdut.topn__t396                        1.77745
xdut.\$115__t29                           1.65
xdut.topn__t387                        1.77745
xdut.\$90__t195                           1.65
xdut.topn__t386                        1.77745
xdut.\$115__t28                           1.65
xdut.topn__t385                        1.77745
xdut.\$90__t194                           1.65
xdut.topn__t384                        1.77745
xdut.\$115__t31                           1.65
xdut.topn__t407                        1.77745
xdut.\$90__t205                           1.65
xdut.topn__t406                        1.77745
xdut.\$115__t3                            1.65
xdut.topn__t96                         1.77745
xdut.\$90__t47                            1.65
xdut.topn__t95                         1.77745
xdut.\$115__t2                            1.65
xdut.topn__t94                         1.77745
xdut.\$90__t46                            1.65
xdut.topn__t93                         1.77745
xdut.\$115__t1                            1.65
xdut.topn__t92                         1.77745
xdut.\$90__t45                            1.65
xdut.topn__t91                         1.77745
xdut.\$115__t0                            1.65
xdut.topn__t90                         1.77745
xdut.\$90__t44                            1.65
xdut.topn__t89                         1.77745
xdut.\$123__t0                            1.65
xdut.topn__t88                         1.77745
xdut.\$90__t52                            1.65
xdut.topn__t103                        1.77745
xdut.\$123__t13                           1.65
xdut.topn__t483                        1.77745
xdut.\$90__t251                           1.65
xdut.topn__t502                        1.77745
xdut.\$123__t15                           1.65
xdut.topn__t501                        1.77745
xdut.\$90__t250                           1.65
xdut.topn__t500                        1.77745
xdut.\$123__t14                           1.65
xdut.topn__t499                        1.77745
xdut.\$90__t249                           1.65
xdut.topn__t498                        1.77745
xdut.\$131__t7                            1.65
xdut.topn__t497                        1.77745
xdut.\$90__t255                           1.65
xdut.topn__t510                        1.77745
xdut.\$131__t6                            1.65
xdut.topn__t470                        1.77745
xdut.\$90__t228                           1.65
xdut.topn__t455                        1.77745
xdut.\$139__t0                            1.65
xdut.topn__t0                          1.77745
xdut.\$90__t36                            1.65
xdut.topn__t71                         1.77745
xdut.\$155__t0                            1.65
xdut.topn__t70                         1.77745
xdut.\$90__t35                            1.65
xdut.topn__t69                         1.77745
xdut.\$10__t124                           1.65
xdut.topp__t246                        1.59462
xdut.vcm__t0                              1.65
xdut.topp__t245                        1.59462
xdut.\$10__t123                           1.65
xdut.topp__t244                        1.59462
xdut.\$22__t0                             1.65
xdut.topp__t243                        1.59462
xdut.\$10__t122                           1.65
xdut.topp__t242                        1.59462
xdut.\$20__t1                             1.65
xdut.topp__t241                        1.59462
xdut.\$10__t121                           1.65
xdut.topp__t240                        1.59462
xdut.\$20__t0                             1.65
xdut.topp__t239                        1.59462
xdut.\$10__t120                           1.65
xdut.topp__t238                        1.59462
xdut.\$18__t8                             1.65
xdut.topp__t237                        1.59462
xdut.\$10__t119                           1.65
xdut.topp__t236                        1.59462
xdut.\$18__t7                             1.65
xdut.topp__t235                        1.59462
xdut.\$10__t118                           1.65
xdut.topp__t234                        1.59462
xdut.\$18__t6                             1.65
xdut.topp__t233                        1.59462
xdut.\$10__t117                           1.65
xdut.topp__t232                        1.59462
xdut.\$18__t10                            1.65
xdut.topp__t263                        1.59462
xdut.\$10__t166                           1.65
xdut.topp__t330                        1.59462
xdut.\$16__t22                            1.65
xdut.topp__t329                        1.59462
xdut.\$10__t165                           1.65
xdut.topp__t328                        1.59462
xdut.\$16__t21                            1.65
xdut.topp__t327                        1.59462
xdut.\$10__t164                           1.65
xdut.topp__t326                        1.59462
xdut.\$16__t20                            1.65
xdut.topp__t325                        1.59462
xdut.\$10__t163                           1.65
xdut.topp__t324                        1.59462
xdut.\$16__t19                            1.65
xdut.topp__t323                        1.59462
xdut.\$10__t162                           1.65
xdut.topp__t322                        1.59462
xdut.\$16__t18                            1.65
xdut.topp__t321                        1.59462
xdut.\$10__t161                           1.65
xdut.topp__t320                        1.59462
xdut.\$16__t17                            1.65
xdut.topp__t319                        1.59462
xdut.\$10__t160                           1.65
xdut.topp__t318                        1.59462
xdut.\$16__t16                            1.65
xdut.topp__t317                        1.59462
xdut.\$10__t159                           1.65
xdut.topp__t316                        1.59462
xdut.\$16__t23                            1.65
xdut.topp__t331                        1.59462
xdut.\$90__t74                            1.65
xdut.topn__t146                        1.77745
xdut.vcm__t1                              1.65
xdut.topn__t145                        1.77745
xdut.\$90__t73                            1.65
xdut.topn__t144                        1.77745
xdut.\$139__t1                            1.65
xdut.topn__t143                        1.77745
xdut.\$90__t72                            1.65
xdut.topn__t142                        1.77745
xdut.\$131__t1                            1.65
xdut.topn__t141                        1.77745
xdut.\$90__t71                            1.65
xdut.topn__t140                        1.77745
xdut.\$131__t0                            1.65
xdut.topn__t139                        1.77745
xdut.\$90__t178                           1.65
xdut.topn__t352                        1.77745
xdut.\$123__t5                            1.65
xdut.topn__t353                        1.77745
xdut.\$90__t179                           1.65
xdut.topn__t354                        1.77745
xdut.\$123__t6                            1.65
xdut.topn__t355                        1.77745
xdut.\$90__t180                           1.65
xdut.topn__t356                        1.77745
xdut.\$123__t11                           1.65
xdut.topn__t378                        1.77745
xdut.\$90__t193                           1.65
xdut.topn__t382                        1.77745
xdut.\$123__t10                           1.65
xdut.topn__t367                        1.77745
xdut.\$90__t163                           1.65
xdut.topn__t320                        1.77745
xdut.\$115__t12                           1.65
xdut.topn__t321                        1.77745
xdut.\$90__t164                           1.65
xdut.topn__t322                        1.77745
xdut.\$115__t13                           1.65
xdut.topn__t323                        1.77745
xdut.\$90__t165                           1.65
xdut.topn__t324                        1.77745
xdut.\$115__t14                           1.65
xdut.topn__t325                        1.77745
xdut.\$90__t166                           1.65
xdut.topn__t326                        1.77745
xdut.\$115__t15                           1.65
xdut.topn__t327                        1.77745
xdut.\$90__t167                           1.65
xdut.topn__t328                        1.77745
xdut.\$115__t16                           1.65
xdut.topn__t329                        1.77745
xdut.\$90__t168                           1.65
xdut.topn__t330                        1.77745
xdut.\$115__t17                           1.65
xdut.topn__t331                        1.77745
xdut.\$90__t169                           1.65
xdut.topn__t332                        1.77745
xdut.\$115__t18                           1.65
xdut.topn__t333                        1.77745
xdut.\$90__t170                           1.65
xdut.topn__t334                        1.77745
xdut.\$115__t19                           1.65
xdut.topn__t351                        1.77745
xdut.\$10__t90                            1.65
xdut.topp__t176                        1.59462
xdut.\$14__t2                             1.65
xdut.topp__t38                         1.59462
xdut.\$10__t98                            1.65
xdut.topp__t194                        1.59462
xdut.\$14__t28                            1.65
xdut.topp__t193                        1.59462
xdut.\$10__t100                           1.65
xdut.topp__t198                        1.59462
xdut.\$14__t26                            1.65
xdut.topp__t181                        1.59462
xdut.\$10__t92                            1.65
xdut.topp__t180                        1.59462
xdut.\$14__t25                            1.65
xdut.topp__t179                        1.59462
xdut.\$10__t91                            1.65
xdut.topp__t178                        1.59462
xdut.\$14__t24                            1.65
xdut.topp__t177                        1.59462
xdut.\$10__t50                            1.65
xdut.topp__t102                        1.59462
xdut.\$14__t32                            1.65
xdut.topp__t213                        1.59462
xdut.\$10__t88                            1.65
xdut.topp__t173                        1.59462
xdut.\$14__t22                            1.65
xdut.topp__t172                        1.59462
xdut.\$10__t87                            1.65
xdut.topp__t171                        1.59462
xdut.\$14__t21                            1.65
xdut.topp__t170                        1.59462
xdut.\$10__t107                           1.65
xdut.topp__t214                        1.59462
xdut.\$14__t33                            1.65
xdut.topp__t229                        1.59462
xdut.\$10__t108                           1.65
xdut.topp__t215                        1.59462
xdut.\$14__t23                            1.65
xdut.topp__t174                        1.59462
xdut.\$10__t86                            1.65
xdut.topp__t169                        1.59462
xdut.\$14__t42                            1.65
xdut.topp__t314                        1.59462
xdut.\$10__t144                           1.65
xdut.topp__t287                        1.59462
xdut.\$14__t40                            1.65
xdut.topp__t286                        1.59462
xdut.\$10__t36                            1.65
xdut.topp__t70                         1.59462
xdut.\$14__t6                             1.65
xdut.topp__t69                         1.59462
xdut.\$10__t145                           1.65
xdut.topp__t288                        1.59462
xdut.\$14__t41                            1.65
xdut.topp__t296                        1.59462
xdut.\$10__t148                           1.65
xdut.topp__t295                        1.59462
xdut.\$14__t7                             1.65
xdut.topp__t73                         1.59462
xdut.\$10__t37                            1.65
xdut.topp__t72                         1.59462
xdut.\$14__t39                            1.65
xdut.topp__t285                        1.59462
xdut.\$90__t8                             1.65
xdut.topn__t19                         1.77745
xdut.\$107__t1                            1.65
xdut.topn__t18                         1.77745
xdut.\$90__t7                             1.65
xdut.topn__t17                         1.77745
xdut.\$107__t0                            1.65
xdut.topn__t16                         1.77745
xdut.\$90__t11                            1.65
xdut.topn__t23                         1.77745
xdut.\$107__t3                            1.65
xdut.topn__t24                         1.77745
xdut.\$90__t9                             1.65
xdut.topn__t21                         1.77745
xdut.\$107__t2                            1.65
xdut.topn__t20                         1.77745
xdut.\$90__t127                           1.65
xdut.topn__t250                        1.77745
xdut.\$107__t29                           1.65
xdut.topn__t285                        1.77745
xdut.\$90__t121                           1.65
xdut.topn__t239                        1.77745
xdut.\$107__t25                           1.65
xdut.topn__t251                        1.77745
xdut.\$90__t128                           1.65
xdut.topn__t252                        1.77745
xdut.\$107__t26                           1.65
xdut.topn__t255                        1.77745
xdut.\$90__t144                           1.65
xdut.topn__t286                        1.77745
xdut.\$107__t27                           1.65
xdut.topn__t271                        1.77745
xdut.\$90__t120                           1.65
xdut.topn__t238                        1.77745
xdut.\$107__t57                           1.65
xdut.topn__t453                        1.77745
xdut.\$90__t108                           1.65
xdut.topn__t214                        1.77745
xdut.\$107__t52                           1.65
xdut.topn__t412                        1.77745
xdut.\$90__t209                           1.65
xdut.topn__t416                        1.77745
xdut.\$107__t55                           1.65
xdut.topn__t417                        1.77745
xdut.\$90__t210                           1.65
xdut.topn__t418                        1.77745
xdut.\$107__t53                           1.65
xdut.topn__t413                        1.77745
xdut.\$90__t208                           1.65
xdut.topn__t414                        1.77745
xdut.\$107__t54                           1.65
xdut.topn__t415                        1.77745
xdut.\$90__t220                           1.65
xdut.topn__t437                        1.77745
xdut.\$107__t56                           1.65
xdut.topn__t423                        1.77745
xdut.\$90__t248                           1.65
xdut.topn__t496                        1.77745
xdut.\$107__t46                           1.65
xdut.topn__t336                        1.77745
xdut.\$90__t171                           1.65
xdut.topn__t337                        1.77745
xdut.\$107__t47                           1.65
xdut.topn__t338                        1.77745
xdut.\$10__t97                            1.65
xdut.topp__t192                        1.59462
xdut.\$12__t47                            1.65
xdut.topp__t191                        1.59462
xdut.\$10__t96                            1.65
xdut.topp__t190                        1.59462
xdut.\$12__t46                            1.65
xdut.topp__t189                        1.59462
xdut.\$10__t95                            1.65
xdut.topp__t188                        1.59462
xdut.\$12__t45                            1.65
xdut.topp__t187                        1.59462
xdut.\$10__t94                            1.65
xdut.topp__t186                        1.59462
xdut.\$12__t44                            1.65
xdut.topp__t185                        1.59462
xdut.\$10__t93                            1.65
xdut.topp__t184                        1.59462
xdut.\$12__t43                            1.65
xdut.topp__t183                        1.59462
xdut.\$10__t48                            1.65
xdut.topp__t98                         1.59462
xdut.\$12__t57                            1.65
xdut.topp__t222                        1.59462
xdut.\$10__t111                           1.65
xdut.topp__t221                        1.59462
xdut.\$12__t56                            1.65
xdut.topp__t220                        1.59462
xdut.\$10__t114                           1.65
xdut.topp__t228                        1.59462
xdut.\$12__t60                            1.65
xdut.topp__t227                        1.59462
xdut.\$10__t113                           1.65
xdut.topp__t226                        1.59462
xdut.\$12__t59                            1.65
xdut.topp__t225                        1.59462
xdut.\$10__t85                            1.65
xdut.topp__t168                        1.59462
xdut.\$12__t42                            1.65
xdut.topp__t167                        1.59462
xdut.\$10__t115                           1.65
xdut.topp__t230                        1.59462
xdut.\$12__t79                            1.65
xdut.topp__t312                        1.59462
xdut.\$10__t143                           1.65
xdut.topp__t284                        1.59462
xdut.\$12__t70                            1.65
xdut.topp__t283                        1.59462
xdut.\$10__t142                           1.65
xdut.topp__t282                        1.59462
xdut.\$12__t69                            1.65
xdut.topp__t281                        1.59462
xdut.\$10__t141                           1.65
xdut.topp__t280                        1.59462
xdut.\$12__t68                            1.65
xdut.topp__t279                        1.59462
xdut.\$10__t140                           1.65
xdut.topp__t278                        1.59462
xdut.\$12__t67                            1.65
xdut.topp__t277                        1.59462
xdut.\$10__t116                           1.65
xdut.topp__t231                        1.59462
xdut.\$12__t19                            1.65
xdut.topp__t71                         1.59462
xdut.\$90__t10                            1.65
xdut.topn__t22                         1.77745
xdut.\$99__t7                             1.65
xdut.topn__t15                         1.77745
xdut.\$90__t6                             1.65
xdut.topn__t14                         1.77745
xdut.\$99__t6                             1.65
xdut.topn__t13                         1.77745
xdut.\$90__t1                             1.65
xdut.topn__t4                          1.77745
xdut.\$99__t1                             1.65
xdut.topn__t3                          1.77745
xdut.\$90__t0                             1.65
xdut.topn__t2                          1.77745
xdut.\$99__t0                             1.65
xdut.topn__t1                          1.77745
xdut.\$90__t122                           1.65
xdut.topn__t240                        1.77745
xdut.\$99__t71                            1.65
xdut.topn__t241                        1.77745
xdut.\$90__t123                           1.65
xdut.topn__t242                        1.77745
xdut.\$99__t72                            1.65
xdut.topn__t243                        1.77745
xdut.\$90__t124                           1.65
xdut.topn__t244                        1.77745
xdut.\$99__t73                            1.65
xdut.topn__t245                        1.77745
xdut.\$90__t125                           1.65
xdut.topn__t246                        1.77745
xdut.\$99__t74                            1.65
xdut.topn__t247                        1.77745
xdut.\$90__t126                           1.65
xdut.topn__t248                        1.77745
xdut.\$99__t75                            1.65
xdut.topn__t249                        1.77745
xdut.\$90__t106                           1.65
xdut.topn__t211                        1.77745
xdut.\$99__t97                            1.65
xdut.topn__t419                        1.77745
xdut.\$90__t211                           1.65
xdut.topn__t420                        1.77745
xdut.\$99__t98                            1.65
xdut.topn__t421                        1.77745
xdut.\$90__t212                           1.65
xdut.topn__t422                        1.77745
xdut.\$99__t103                           1.65
xdut.topn__t433                        1.77745
xdut.\$90__t218                           1.65
xdut.topn__t434                        1.77745
xdut.\$99__t104                           1.65
xdut.topn__t435                        1.77745
xdut.\$90__t219                           1.65
xdut.topn__t436                        1.77745
xdut.\$99__t96                            1.65
xdut.topn__t410                        1.77745
xdut.\$90__t207                           1.65
xdut.topn__t411                        1.77745
xdut.\$99__t85                            1.65
xdut.topn__t339                        1.77745
xdut.\$90__t172                           1.65
xdut.topn__t340                        1.77745
xdut.\$99__t86                            1.65
xdut.topn__t341                        1.77745
xdut.\$10__t19                            1.65
xdut.topp__t37                         1.59462
xdut.\$12__t7                             1.65
xdut.topp__t36                         1.59462
xdut.\$10__t18                            1.65
xdut.topp__t35                         1.59462
xdut.\$12__t6                             1.65
xdut.topp__t34                         1.59462
xdut.\$10__t17                            1.65
xdut.topp__t33                         1.59462
xdut.\$12__t5                             1.65
xdut.topp__t32                         1.59462
xdut.\$10__t58                            1.65
xdut.topp__t119                        1.59462
xdut.\$12__t49                            1.65
xdut.topp__t197                        1.59462
xdut.\$10__t99                            1.65
xdut.topp__t196                        1.59462
xdut.\$12__t48                            1.65
xdut.topp__t195                        1.59462
xdut.\$10__t49                            1.65
xdut.topp__t100                        1.59462
xdut.\$12__t58                            1.65
xdut.topp__t224                        1.59462
xdut.\$10__t112                           1.65
xdut.topp__t223                        1.59462
xdut.\$12__t55                            1.65
xdut.topp__t219                        1.59462
xdut.\$10__t110                           1.65
xdut.topp__t218                        1.59462
xdut.\$12__t54                            1.65
xdut.topp__t217                        1.59462
xdut.\$10__t109                           1.65
xdut.topp__t216                        1.59462
xdut.\$12__t53                            1.65
xdut.topp__t212                        1.59462
xdut.\$10__t106                           1.65
xdut.topp__t211                        1.59462
xdut.\$12__t52                            1.65
xdut.topp__t210                        1.59462
xdut.\$10__t89                            1.65
xdut.topp__t175                        1.59462
xdut.\$12__t78                            1.65
xdut.topp__t310                        1.59462
xdut.\$10__t35                            1.65
xdut.topp__t68                         1.59462
xdut.\$12__t18                            1.65
xdut.topp__t67                         1.59462
xdut.\$10__t34                            1.65
xdut.topp__t66                         1.59462
xdut.\$12__t17                            1.65
xdut.topp__t65                         1.59462
xdut.\$10__t147                           1.65
xdut.topp__t294                        1.59462
xdut.\$12__t73                            1.65
xdut.topp__t293                        1.59462
xdut.\$10__t155                           1.65
xdut.topp__t308                        1.59462
xdut.\$12__t72                            1.65
xdut.topp__t291                        1.59462
xdut.\$10__t146                           1.65
xdut.topp__t290                        1.59462
xdut.\$12__t71                            1.65
xdut.topp__t289                        1.59462
xdut.\$90__t5                             1.65
xdut.topn__t12                         1.77745
xdut.\$99__t5                             1.65
xdut.topn__t11                         1.77745
xdut.\$90__t4                             1.65
xdut.topn__t10                         1.77745
xdut.\$99__t4                             1.65
xdut.topn__t9                          1.77745
xdut.\$90__t3                             1.65
xdut.topn__t8                          1.77745
xdut.\$99__t3                             1.65
xdut.topn__t7                          1.77745
xdut.\$90__t2                             1.65
xdut.topn__t6                          1.77745
xdut.\$99__t2                             1.65
xdut.topn__t5                          1.77745
xdut.\$90__t130                           1.65
xdut.topn__t254                        1.77745
xdut.\$99__t107                           1.65
xdut.topn__t448                        1.77745
xdut.\$90__t225                           1.65
xdut.topn__t449                        1.77745
xdut.\$99__t108                           1.65
xdut.topn__t450                        1.77745
xdut.\$90__t226                           1.65
xdut.topn__t451                        1.77745
xdut.\$99__t109                           1.65
xdut.topn__t452                        1.77745
xdut.\$90__t227                           1.65
xdut.topn__t454                        1.77745
xdut.\$99__t106                           1.65
xdut.topn__t447                        1.77745
xdut.\$90__t206                           1.65
xdut.topn__t408                        1.77745
xdut.\$99__t95                            1.65
xdut.topn__t409                        1.77745
xdut.\$90__t107                           1.65
xdut.topn__t212                        1.77745
xdut.\$99__t105                           1.65
xdut.topn__t438                        1.77745
xdut.\$90__t213                           1.65
xdut.topn__t424                        1.77745
xdut.\$99__t99                            1.65
xdut.topn__t425                        1.77745
xdut.\$90__t214                           1.65
xdut.topn__t426                        1.77745
xdut.\$99__t100                           1.65
xdut.topn__t427                        1.77745
xdut.\$90__t215                           1.65
xdut.topn__t428                        1.77745
xdut.\$99__t101                           1.65
xdut.topn__t429                        1.77745
xdut.\$90__t216                           1.65
xdut.topn__t430                        1.77745
xdut.\$99__t102                           1.65
xdut.topn__t431                        1.77745
xdut.\$90__t217                           1.65
xdut.topn__t432                        1.77745
xdut.\$99__t87                            1.65
xdut.topn__t342                        1.77745
xdut.\$90__t173                           1.65
xdut.topn__t343                        1.77745
xdut.\$99__t88                            1.65
xdut.topn__t344                        1.77745
xdut.\$12__t13                            1.65
xdut.topp__t53                         1.59462
xdut.\$10__t28                            1.65
xdut.topp__t52                         1.59462
xdut.\$12__t12                            1.65
xdut.topp__t51                         1.59462
xdut.\$10__t27                            1.65
xdut.topp__t50                         1.59462
xdut.\$12__t11                            1.65
xdut.topp__t49                         1.59462
xdut.\$10__t26                            1.65
xdut.topp__t48                         1.59462
xdut.\$12__t16                            1.65
xdut.topp__t63                         1.59462
xdut.\$10__t24                            1.65
xdut.topp__t46                         1.59462
xdut.\$12__t10                            1.65
xdut.topp__t45                         1.59462
xdut.\$10__t23                            1.65
xdut.topp__t44                         1.59462
xdut.\$12__t27                            1.65
xdut.topp__t96                         1.59462
xdut.\$10__t10                            1.65
xdut.topp__t18                         1.59462
xdut.\$12__t2                             1.65
xdut.topp__t17                         1.59462
xdut.\$10__t9                             1.65
xdut.topp__t16                         1.59462
xdut.\$12__t4                             1.65
xdut.topp__t31                         1.59462
xdut.\$10__t11                            1.65
xdut.topp__t19                         1.59462
xdut.\$12__t26                            1.65
xdut.topp__t95                         1.59462
xdut.\$10__t43                            1.65
xdut.topp__t85                         1.59462
xdut.\$12__t20                            1.65
xdut.topp__t84                         1.59462
xdut.\$10__t33                            1.65
xdut.topp__t64                         1.59462
xdut.\$12__t3                             1.65
xdut.topp__t30                         1.59462
xdut.\$10__t156                           1.65
xdut.topp__t309                        1.59462
xdut.\$12__t74                            1.65
xdut.topp__t298                        1.59462
xdut.\$10__t149                           1.65
xdut.topp__t297                        1.59462
xdut.\$12__t66                            1.65
xdut.topp__t275                        1.59462
xdut.\$10__t139                           1.65
xdut.topp__t274                        1.59462
xdut.\$12__t65                            1.65
xdut.topp__t273                        1.59462
xdut.\$10__t138                           1.65
xdut.topp__t272                        1.59462
xdut.\$12__t64                            1.65
xdut.topp__t261                        1.59462
xdut.\$10__t132                           1.65
xdut.topp__t260                        1.59462
xdut.\$12__t75                            1.65
xdut.topp__t300                        1.59462
xdut.\$10__t150                           1.65
xdut.topp__t299                        1.59462
xdut.\$99__t51                            1.65
xdut.topn__t163                        1.77745
xdut.\$90__t83                            1.65
xdut.topn__t164                        1.77745
xdut.\$99__t52                            1.65
xdut.topn__t165                        1.77745
xdut.\$90__t88                            1.65
xdut.topn__t175                        1.77745
xdut.\$99__t54                            1.65
xdut.topn__t167                        1.77745
xdut.\$90__t84                            1.65
xdut.topn__t168                        1.77745
xdut.\$99__t55                            1.65
xdut.topn__t169                        1.77745
xdut.\$90__t85                            1.65
xdut.topn__t170                        1.77745
xdut.\$99__t83                            1.65
xdut.topn__t280                        1.77745
xdut.\$90__t142                           1.65
xdut.topn__t281                        1.77745
xdut.\$99__t79                            1.65
xdut.topn__t262                        1.77745
xdut.\$90__t134                           1.65
xdut.topn__t263                        1.77745
xdut.\$99__t80                            1.65
xdut.topn__t274                        1.77745
xdut.\$90__t139                           1.65
xdut.topn__t275                        1.77745
xdut.\$99__t81                            1.65
xdut.topn__t276                        1.77745
xdut.\$90__t140                           1.65
xdut.topn__t277                        1.77745
xdut.\$99__t82                            1.65
xdut.topn__t278                        1.77745
xdut.\$90__t141                           1.65
xdut.topn__t279                        1.77745
xdut.\$99__t60                            1.65
xdut.topn__t213                        1.77745
xdut.\$90__t113                           1.65
xdut.topn__t224                        1.77745
xdut.\$99__t64                            1.65
xdut.topn__t225                        1.77745
xdut.\$90__t119                           1.65
xdut.topn__t236                        1.77745
xdut.\$99__t58                            1.65
xdut.topn__t185                        1.77745
xdut.\$90__t109                           1.65
xdut.topn__t218                        1.77745
xdut.\$99__t62                            1.65
xdut.topn__t219                        1.77745
xdut.\$90__t110                           1.65
xdut.topn__t220                        1.77745
xdut.\$99__t70                            1.65
xdut.topn__t237                        1.77745
xdut.\$90__t112                           1.65
xdut.topn__t222                        1.77745
xdut.\$99__t63                            1.65
xdut.topn__t223                        1.77745
xdut.\$90__t174                           1.65
xdut.topn__t345                        1.77745
xdut.\$99__t89                            1.65
xdut.topn__t346                        1.77745
xdut.\$90__t175                           1.65
xdut.topn__t347                        1.77745
xdut.\$12__t1                             1.65
xdut.topp__t15                         1.59462
xdut.\$10__t8                             1.65
xdut.topp__t14                         1.59462
xdut.\$12__t15                            1.65
xdut.topp__t56                         1.59462
xdut.\$10__t29                            1.65
xdut.topp__t55                         1.59462
xdut.\$12__t14                            1.65
xdut.topp__t54                         1.59462
xdut.\$10__t22                            1.65
xdut.topp__t43                         1.59462
xdut.\$12__t9                             1.65
xdut.topp__t42                         1.59462
xdut.\$10__t21                            1.65
xdut.topp__t41                         1.59462
xdut.\$12__t8                             1.65
xdut.topp__t40                         1.59462
xdut.\$10__t20                            1.65
xdut.topp__t39                         1.59462
xdut.\$12__t28                            1.65
xdut.topp__t101                        1.59462
xdut.\$10__t47                            1.65
xdut.topp__t94                         1.59462
xdut.\$12__t25                            1.65
xdut.topp__t93                         1.59462
xdut.\$10__t46                            1.65
xdut.topp__t92                         1.59462
xdut.\$12__t24                            1.65
xdut.topp__t91                         1.59462
xdut.\$10__t45                            1.65
xdut.topp__t90                         1.59462
xdut.\$12__t23                            1.65
xdut.topp__t89                         1.59462
xdut.\$10__t51                            1.65
xdut.topp__t103                        1.59462
xdut.\$12__t22                            1.65
xdut.topp__t88                         1.59462
xdut.\$10__t44                            1.65
xdut.topp__t87                         1.59462
xdut.\$12__t21                            1.65
xdut.topp__t86                         1.59462
xdut.\$10__t167                           1.65
xdut.topp__t333                        1.59462
xdut.\$12__t63                            1.65
xdut.topp__t259                        1.59462
xdut.\$10__t131                           1.65
xdut.topp__t258                        1.59462
xdut.\$12__t62                            1.65
xdut.topp__t257                        1.59462
xdut.\$10__t130                           1.65
xdut.topp__t256                        1.59462
xdut.\$12__t61                            1.65
xdut.topp__t255                        1.59462
xdut.\$10__t129                           1.65
xdut.topp__t254                        1.59462
xdut.\$12__t77                            1.65
xdut.topp__t304                        1.59462
xdut.\$10__t152                           1.65
xdut.topp__t303                        1.59462
xdut.\$12__t76                            1.65
xdut.topp__t302                        1.59462
xdut.\$10__t151                           1.65
xdut.topp__t301                        1.59462
xdut.\$99__t56                            1.65
xdut.topn__t171                        1.77745
xdut.\$90__t86                            1.65
xdut.topn__t172                        1.77745
xdut.\$99__t57                            1.65
xdut.topn__t173                        1.77745
xdut.\$90__t87                            1.65
xdut.topn__t174                        1.77745
xdut.\$99__t53                            1.65
xdut.topn__t166                        1.77745
xdut.\$90__t82                            1.65
xdut.topn__t162                        1.77745
xdut.\$99__t50                            1.65
xdut.topn__t161                        1.77745
xdut.\$90__t81                            1.65
xdut.topn__t160                        1.77745
xdut.\$99__t84                            1.65
xdut.topn__t282                        1.77745
xdut.\$90__t101                           1.65
xdut.topn__t203                        1.77745
xdut.\$99__t59                            1.65
xdut.topn__t204                        1.77745
xdut.\$90__t129                           1.65
xdut.topn__t253                        1.77745
xdut.\$99__t76                            1.65
xdut.topn__t256                        1.77745
xdut.\$90__t131                           1.65
xdut.topn__t257                        1.77745
xdut.\$99__t77                            1.65
xdut.topn__t258                        1.77745
xdut.\$90__t132                           1.65
xdut.topn__t259                        1.77745
xdut.\$99__t78                            1.65
xdut.topn__t260                        1.77745
xdut.\$90__t133                           1.65
xdut.topn__t261                        1.77745
xdut.\$99__t61                            1.65
xdut.topn__t215                        1.77745
xdut.\$90__t114                           1.65
xdut.topn__t226                        1.77745
xdut.\$99__t65                            1.65
xdut.topn__t227                        1.77745
xdut.\$90__t115                           1.65
xdut.topn__t228                        1.77745
xdut.\$99__t66                            1.65
xdut.topn__t229                        1.77745
xdut.\$90__t116                           1.65
xdut.topn__t230                        1.77745
xdut.\$99__t67                            1.65
xdut.topn__t231                        1.77745
xdut.\$90__t117                           1.65
xdut.topn__t232                        1.77745
xdut.\$99__t68                            1.65
xdut.topn__t233                        1.77745
xdut.\$90__t118                           1.65
xdut.topn__t234                        1.77745
xdut.\$99__t69                            1.65
xdut.topn__t235                        1.77745
xdut.\$90__t176                           1.65
xdut.topn__t348                        1.77745
xdut.\$99__t90                            1.65
xdut.topn__t349                        1.77745
xdut.\$90__t177                           1.65
xdut.topn__t350                        1.77745
xdut.\$14__t1                             1.65
xdut.topp__t13                         1.59462
xdut.\$10__t7                             1.65
xdut.topp__t12                         1.59462
xdut.\$14__t0                             1.65
xdut.topp__t1                          1.59462
xdut.\$10__t25                            1.65
xdut.topp__t47                         1.59462
xdut.\$14__t5                             1.65
xdut.topp__t62                         1.59462
xdut.\$10__t32                            1.65
xdut.topp__t61                         1.59462
xdut.\$14__t4                             1.65
xdut.topp__t60                         1.59462
xdut.\$10__t31                            1.65
xdut.topp__t59                         1.59462
xdut.\$14__t3                             1.65
xdut.topp__t58                         1.59462
xdut.\$10__t30                            1.65
xdut.topp__t57                         1.59462
xdut.\$14__t13                            1.65
xdut.topp__t99                         1.59462
xdut.\$10__t42                            1.65
xdut.topp__t83                         1.59462
xdut.\$14__t12                            1.65
xdut.topp__t82                         1.59462
xdut.\$10__t41                            1.65
xdut.topp__t81                         1.59462
xdut.\$14__t11                            1.65
xdut.topp__t80                         1.59462
xdut.\$10__t40                            1.65
xdut.topp__t79                         1.59462
xdut.\$14__t10                            1.65
xdut.topp__t78                         1.59462
xdut.\$10__t39                            1.65
xdut.topp__t77                         1.59462
xdut.\$14__t9                             1.65
xdut.topp__t76                         1.59462
xdut.\$10__t38                            1.65
xdut.topp__t75                         1.59462
xdut.\$14__t8                             1.65
xdut.topp__t74                         1.59462
xdut.\$10__t169                           1.65
xdut.topp__t335                        1.59462
xdut.\$14__t37                            1.65
xdut.topp__t271                        1.59462
xdut.\$10__t137                           1.65
xdut.topp__t270                        1.59462
xdut.\$14__t36                            1.65
xdut.topp__t269                        1.59462
xdut.\$10__t136                           1.65
xdut.topp__t268                        1.59462
xdut.\$14__t35                            1.65
xdut.topp__t267                        1.59462
xdut.\$10__t135                           1.65
xdut.topp__t266                        1.59462
xdut.\$14__t34                            1.65
xdut.topp__t265                        1.59462
xdut.\$10__t134                           1.65
xdut.topp__t264                        1.59462
xdut.\$14__t38                            1.65
xdut.topp__t276                        1.59462
xdut.\$10__t133                           1.65
xdut.topp__t262                        1.59462
xdut.\$107__t13                           1.65
xdut.topn__t159                        1.77745
xdut.\$90__t80                            1.65
xdut.topn__t158                        1.77745
xdut.\$107__t12                           1.65
xdut.topn__t157                        1.77745
xdut.\$90__t79                            1.65
xdut.topn__t156                        1.77745
xdut.\$107__t11                           1.65
xdut.topn__t155                        1.77745
xdut.\$90__t78                            1.65
xdut.topn__t154                        1.77745
xdut.\$107__t10                           1.65
xdut.topn__t153                        1.77745
xdut.\$90__t77                            1.65
xdut.topn__t152                        1.77745
xdut.\$107__t28                           1.65
xdut.topn__t283                        1.77745
xdut.\$90__t143                           1.65
xdut.topn__t284                        1.77745
xdut.\$107__t19                           1.65
xdut.topn__t195                        1.77745
xdut.\$90__t97                            1.65
xdut.topn__t196                        1.77745
xdut.\$107__t20                           1.65
xdut.topn__t197                        1.77745
xdut.\$90__t98                            1.65
xdut.topn__t198                        1.77745
xdut.\$107__t21                           1.65
xdut.topn__t199                        1.77745
xdut.\$90__t99                            1.65
xdut.topn__t200                        1.77745
xdut.\$107__t22                           1.65
xdut.topn__t201                        1.77745
xdut.\$90__t100                           1.65
xdut.topn__t202                        1.77745
xdut.\$107__t24                           1.65
xdut.topn__t216                        1.77745
xdut.\$90__t111                           1.65
xdut.topn__t221                        1.77745
xdut.\$107__t14                           1.65
xdut.topn__t176                        1.77745
xdut.\$90__t89                            1.65
xdut.topn__t177                        1.77745
xdut.\$107__t15                           1.65
xdut.topn__t178                        1.77745
xdut.\$90__t90                            1.65
xdut.topn__t179                        1.77745
xdut.\$107__t16                           1.65
xdut.topn__t180                        1.77745
xdut.\$90__t91                            1.65
xdut.topn__t181                        1.77745
xdut.\$107__t17                           1.65
xdut.topn__t182                        1.77745
xdut.\$90__t92                            1.65
xdut.topn__t183                        1.77745
xdut.\$107__t18                           1.65
xdut.topn__t184                        1.77745
xdut.\$90__t154                           1.65
xdut.topn__t303                        1.77745
xdut.\$107__t23                           1.65
xdut.topn__t206                        1.77745
xdut.\$90__t103                           1.65
xdut.topn__t207                        1.77745
xdut.\$16__t4                             1.65
xdut.topp__t11                         1.59462
xdut.\$10__t6                             1.65
xdut.topp__t10                         1.59462
xdut.\$16__t3                             1.65
xdut.topp__t9                          1.59462
xdut.\$10__t5                             1.65
xdut.topp__t8                          1.59462
xdut.\$16__t2                             1.65
xdut.topp__t7                          1.59462
xdut.\$10__t4                             1.65
xdut.topp__t6                          1.59462
xdut.\$16__t1                             1.65
xdut.topp__t5                          1.59462
xdut.\$10__t3                             1.65
xdut.topp__t4                          1.59462
xdut.\$16__t0                             1.65
xdut.topp__t3                          1.59462
xdut.\$10__t2                             1.65
xdut.topp__t2                          1.59462
xdut.\$16__t7                             1.65
xdut.topp__t97                         1.59462
xdut.\$10__t16                            1.65
xdut.topp__t29                         1.59462
xdut.\$16__t6                             1.65
xdut.topp__t28                         1.59462
xdut.\$10__t15                            1.65
xdut.topp__t27                         1.59462
xdut.\$16__t5                             1.65
xdut.topp__t26                         1.59462
xdut.\$10__t14                            1.65
xdut.topp__t25                         1.59462
xdut.\$18__t2                             1.65
xdut.topp__t24                         1.59462
xdut.\$10__t13                            1.65
xdut.topp__t23                         1.59462
xdut.\$18__t1                             1.65
xdut.topp__t22                         1.59462
xdut.\$10__t12                            1.65
xdut.topp__t21                         1.59462
xdut.\$18__t0                             1.65
xdut.topp__t20                         1.59462
xdut.\$10__t170                           1.65
xdut.topp__t336                        1.59462
xdut.\$18__t9                             1.65
xdut.topp__t253                        1.59462
xdut.\$10__t128                           1.65
xdut.topp__t252                        1.59462
xdut.\$20__t3                             1.65
xdut.topp__t251                        1.59462
xdut.\$10__t127                           1.65
xdut.topp__t250                        1.59462
xdut.\$20__t2                             1.65
xdut.topp__t249                        1.59462
xdut.\$10__t126                           1.65
xdut.topp__t248                        1.59462
xdut.\$22__t1                             1.65
xdut.topp__t292                        1.59462
xdut.\$10__t154                           1.65
xdut.topp__t307                        1.59462
xdut.\$24__t0                             1.65
xdut.topp__t306                        1.59462
xdut.\$10__t153                           1.65
xdut.topp__t305                        1.59462
xdut.\$115__t7                            1.65
xdut.topn__t151                        1.77745
xdut.\$90__t76                            1.65
xdut.topn__t150                        1.77745
xdut.\$115__t6                            1.65
xdut.topn__t149                        1.77745
xdut.\$90__t75                            1.65
xdut.topn__t148                        1.77745
xdut.\$115__t5                            1.65
xdut.topn__t147                        1.77745
xdut.\$90__t70                            1.65
xdut.topn__t138                        1.77745
xdut.\$115__t4                            1.65
xdut.topn__t137                        1.77745
xdut.\$90__t69                            1.65
xdut.topn__t136                        1.77745
xdut.\$115__t8                            1.65
xdut.topn__t264                        1.77745
xdut.\$90__t135                           1.65
xdut.topn__t265                        1.77745
xdut.\$115__t9                            1.65
xdut.topn__t266                        1.77745
xdut.\$90__t136                           1.65
xdut.topn__t267                        1.77745
xdut.\$115__t10                           1.65
xdut.topn__t268                        1.77745
xdut.\$90__t137                           1.65
xdut.topn__t269                        1.77745
xdut.\$115__t11                           1.65
xdut.topn__t270                        1.77745
xdut.\$90__t145                           1.65
xdut.topn__t287                        1.77745
xdut.\$123__t4                            1.65
xdut.topn__t272                        1.77745
xdut.\$90__t138                           1.65
xdut.topn__t273                        1.77745
xdut.\$123__t3                            1.65
xdut.topn__t217                        1.77745
xdut.\$90__t93                            1.65
xdut.topn__t186                        1.77745
xdut.\$123__t1                            1.65
xdut.topn__t187                        1.77745
xdut.\$90__t94                            1.65
xdut.topn__t188                        1.77745
xdut.\$123__t2                            1.65
xdut.topn__t189                        1.77745
xdut.\$90__t102                           1.65
xdut.topn__t205                        1.77745
xdut.\$131__t2                            1.65
xdut.topn__t190                        1.77745
xdut.\$90__t95                            1.65
xdut.topn__t191                        1.77745
xdut.\$131__t3                            1.65
xdut.topn__t192                        1.77745
xdut.\$90__t96                            1.65
xdut.topn__t193                        1.77745
xdut.\$139__t2                            1.65
xdut.topn__t194                        1.77745
xdut.\$90__t104                           1.65
xdut.topn__t208                        1.77745
xdut.\$147__t0                            1.65
xdut.topn__t209                        1.77745
xdut.\$90__t105                           1.65
xdut.topn__t210                        1.77745
xdut.\$10                                 1.65
xdut.\$100                                 3.3
xdut.\$102                         2.23836e-09
xdut.\$104                                 3.3
xdut.\$106                                 3.3
xdut.\$107                                1.65
xdut.\$108                                 3.3
xdut.\$11                                  3.3
xdut.\$110                         2.12826e-09
xdut.\$112                                 3.3
xdut.\$114                                 3.3
xdut.\$115                                1.65
xdut.\$116                                 3.3
xdut.\$118                         2.02649e-09
xdut.\$12                                 1.65
xdut.\$120                                 3.3
xdut.\$122                                 3.3
xdut.\$123                                1.65
xdut.\$124                                 3.3
xdut.\$126                         2.06796e-09
xdut.\$128                                 3.3
xdut.\$13                                  3.3
xdut.\$130                                 3.3
xdut.\$131                                1.65
xdut.\$132                                 3.3
xdut.\$134                          2.1761e-09
xdut.\$136                                 3.3
xdut.\$138                                 3.3
xdut.\$139                                1.65
xdut.\$14                                 1.65
xdut.\$140                                 3.3
xdut.\$142                         2.28677e-09
xdut.\$144                                 3.3
xdut.\$146                                 3.3
xdut.\$147                                1.65
xdut.\$148                                 3.3
xdut.\$15                                  3.3
xdut.\$150                         2.39795e-09
xdut.\$152                                 3.3
xdut.\$154                                 3.3
xdut.\$155                                1.65
xdut.\$16                                 1.65
xdut.\$166                                 3.3
xdut.\$167                                 3.3
xdut.\$17                                  3.3
xdut.\$18                                 1.65
xdut.\$19                                  3.3
xdut.\$20                                 1.65
xdut.\$21                                  3.3
xdut.\$22                                 1.65
xdut.\$23                                  3.3
xdut.\$24                                 1.65
xdut.\$25                                  3.3
xdut.\$26                                 1.65
xdut.\$27                          2.46169e-09
xdut.\$29                                  3.3
xdut.\$31                          2.35068e-09
xdut.\$33                                  3.3
xdut.\$35                          2.24021e-09
xdut.\$37                                  3.3
xdut.\$39                          2.13147e-09
xdut.\$41                                  3.3
xdut.\$43                          2.03608e-09
xdut.\$45                                  3.3
xdut.\$47                          2.07331e-09
xdut.\$49                                  3.3
xdut.\$51                          2.17853e-09
xdut.\$53                                  3.3
xdut.\$55                          2.28833e-09
xdut.\$57                                  3.3
xdut.\$59                           2.3991e-09
xdut.\$61                                  3.3
xdut.\$65                                  3.3
xdut.\$67                                  3.3
xdut.\$69                                  3.3
xdut.\$71                                  3.3
xdut.\$73                                  3.3
xdut.\$75                                  3.3
xdut.\$77                                  3.3
xdut.\$79                                  3.3
xdut.\$81                                  3.3
xdut.\$83                                  3.3
xdut.\$85                           2.4607e-09
xdut.\$87                                  3.3
xdut.\$89                                  3.3
xdut.\$9                                   3.3
xdut.\$90                                 1.65
xdut.\$92                                  3.3
xdut.\$94                          2.34939e-09
xdut.\$96                                  3.3
xdut.\$98                                  3.3
xdut.\$99                                 1.65
se_topn                                1.77745
se_topp                                1.59462
se_ibias                               0.69564
xsecmp.xpre.ptail                     0.878054
xsecmp.pon                             3.29456
xsecmp.preamp_in1                      1.59462
xsecmp.pop                             1.96964
xsecmp.preamp_in2                      1.77745
xsecmp.xpre.xrlp.11                    3.29851
xsecmp.xpre.xrlp.21                    1.97113
xsecmp.xpre.xrln.11                    3.29999
xsecmp.xpre.xrln.21                    3.29457
xsecmp.xlat.ltail                      2.48122
xsecmp.xlat.dip                            3.3
xsecmp.xlat.din                            3.3
xsecmp.outn                                3.3
xsecmp.outp                                3.3
xsecmp.sset                        4.86735e-09
xsecmp.srst                        4.86735e-09
xsecmp.xno1.ps                         3.06374
se_cmpb                                 1.3502
xsecmp.xno2.ps                         3.06374
se_code                                      0
bsecode#branch                               0
lref#branch                         5.9675e-11
v.xsecmp.vpn#branch                          0
v.xsecmp.vpp#branch                          0
vsemode#branch                               0
vsestart#branch                              0
vsevinn#branch                     3.59435e-18
vseinp#branch                      4.96535e-11
vcms#branch                         -2.203e-12
vrefs#branch                       -5.9675e-11
vddc#branch                       -0.000889768
vddd#branch                        -5.7839e-10
vddt#branch                       -1.26457e-25
vcmpclkb#branch                              0
vcmpclk#branch                               0
vclk#branch                                  0
a.xsectrl.a_gn#branch_1_0         -2.77108e-17
a.xsectrl.a_gn#branch_1_1                    0
a.xsectrl.a_gn#branch_1_2                    0
a.xsectrl.a_gn#branch_1_3         -2.77108e-17
a.xsectrl.a_gn#branch_1_4                    0
a.xsectrl.a_gn#branch_1_5                    0
a.xsectrl.a_gn#branch_1_6         -2.77108e-17
a.xsectrl.a_gn#branch_1_7                    0
a.xsectrl.a_gn#branch_1_8                    0
a.xsectrl.a_gn#branch_1_9         -2.77108e-17
a.xsectrl.a_gn#branch_1_10                   0
a.xsectrl.a_gn#branch_1_11                   0
a.xsectrl.a_gn#branch_1_12        -2.77108e-17
a.xsectrl.a_gn#branch_1_13                   0
a.xsectrl.a_gn#branch_1_14                   0
a.xsectrl.a_gn#branch_1_15        -2.77108e-17
a.xsectrl.a_gn#branch_1_16                   0
a.xsectrl.a_gn#branch_1_17                   0
a.xsectrl.a_gn#branch_1_18        -2.77108e-17
a.xsectrl.a_gn#branch_1_19                   0
a.xsectrl.a_gn#branch_1_20                   0
a.xsectrl.a_gn#branch_1_21        -2.77108e-17
a.xsectrl.a_gn#branch_1_22                   0
a.xsectrl.a_gn#branch_1_23                   0
a.xsectrl.a_gn#branch_1_24        -2.77108e-17
a.xsectrl.a_gn#branch_1_25                   0
a.xsectrl.a_gn#branch_1_26                   0
a.xsectrl.a_gn#branch_1_27        -2.77108e-17
a.xsectrl.a_gn#branch_1_28                   0
a.xsectrl.a_gn#branch_1_29                   0
a.xsectrl.a_gn#branch_1_30        -2.77108e-17
a.xsectrl.a_gn#branch_1_31                   0
a.xsectrl.a_gn#branch_1_32                   0
a.xsectrl.a_gn#branch_1_33        -2.77108e-17
a.xsectrl.a_gn#branch_1_34                   0
a.xsectrl.a_gn#branch_1_35                   0
a.xsectrl.a_gn#branch_1_36        -2.77108e-17
a.xsectrl.a_gn#branch_1_37                   0
a.xsectrl.a_gn#branch_1_38                   0
a.xsectrl.a_gn#branch_1_39        -2.77108e-17
a.xsectrl.a_gn#branch_1_40                   0
a.xsectrl.a_gn#branch_1_41                   0
a.xsectrl.a_gn#branch_1_42        -2.77108e-17
a.xsectrl.a_gn#branch_1_43                   0
a.xsectrl.a_gn#branch_1_44                   0
a.xsectrl.a_gn#branch_1_45        -2.77108e-17
a.xsectrl.a_gn#branch_1_46                   0
a.xsectrl.a_gn#branch_1_47                   0
a.xsectrl.a_gn#branch_1_48        -2.77108e-17
a.xsectrl.a_gn#branch_1_49                   0
a.xsectrl.a_gn#branch_1_50                   0
a.xsectrl.a_gn#branch_1_51        -2.77108e-17
a.xsectrl.a_gn#branch_1_52                   0
a.xsectrl.a_gn#branch_1_53                   0
a.xsectrl.a_dout#branch_1_0                  0
a.xsectrl.a_dout#branch_1_1                  0
a.xsectrl.a_dout#branch_1_2                  0
a.xsectrl.a_dout#branch_1_3                  0
a.xsectrl.a_dout#branch_1_4                  0
a.xsectrl.a_dout#branch_1_5                  0
a.xsectrl.a_dout#branch_1_6                  0
a.xsectrl.a_dout#branch_1_7                  0
a.xsectrl.a_dout#branch_1_8                  0
a.xsectrl.a_dout#branch_1_9                  0
a.xsectrl.a_dout#branch_1_10                 0
a.xsectrl.a_dout#branch_1_11                 0
a.xsectrl.a_dout#branch_1_12                 0

 Reference value :  0.00000e+00
 Reference value :  2.66727e-09
 Reference value :  3.79207e-09
 Reference value :  3.14465e-08
 Reference value :  6.25650e-08
 Reference value :  8.05046e-08
 Reference value :  9.40631e-08
 Reference value :  1.25208e-07
 Reference value :  1.56325e-07
 Reference value :  1.63924e-07
 Reference value :  1.88184e-07
 Reference value :  2.18750e-07
 Reference value :  2.19195e-07
 Reference value :  2.50331e-07
 Reference value :  2.52939e-07
 Reference value :  2.81321e-07
 Reference value :  2.81839e-07
 Reference value :  3.12879e-07
 Reference value :  3.15279e-07
 Reference value :  3.43879e-07
 Reference value :  3.75188e-07
 Reference value :  3.77492e-07
 Reference value :  4.06283e-07
 Reference value :  4.09791e-07
 Reference value :  4.38115e-07
 Reference value :  4.42145e-07
 Reference value :  4.68937e-07
 Reference value :  5.00216e-07
 Reference value :  5.02572e-07
 Reference value :  5.31321e-07
 Reference value :  5.62530e-07
 Reference value :  5.64779e-07
 Reference value :  5.78550e-07
 Reference value :  5.94271e-07
 Reference value :  6.25597e-07
 Reference value :  6.29863e-07
 Reference value :  6.56450e-07
 Reference value :  6.87704e-07
 Reference value :  6.90073e-07
 Reference value :  7.18845e-07
 Reference value :  7.50100e-07
 Reference value :  7.52382e-07
 Reference value :  7.81305e-07
 Reference value :  7.88980e-07
 Reference value :  8.13186e-07
 Reference value :  8.25855e-07
 Reference value :  8.44107e-07
 Reference value :  8.75145e-07
 Reference value :  8.77406e-07
 Reference value :  9.06292e-07
 Reference value :  9.07024e-07
 Reference value :  9.37889e-07
 Reference value :  9.68825e-07
 Reference value :  1.00003e-06
 Reference value :  1.00228e-06
 Reference value :  1.00277e-06
 Reference value :  1.01009e-06
 Reference value :  1.03146e-06
 Reference value :  1.06261e-06
 Reference value :  1.08651e-06
 Reference value :  1.09408e-06
 Reference value :  1.12520e-06
 Reference value :  1.15633e-06
 Reference value :  1.15701e-06
 Reference value :  1.18793e-06
 Reference value :  1.19066e-06
 Reference value :  1.21902e-06
 Reference value :  1.25013e-06
 Reference value :  1.25275e-06
 Reference value :  1.27680e-06
 Reference value :  1.28158e-06
 Reference value :  1.31276e-06
 Reference value :  1.31509e-06
 Reference value :  1.34382e-06
 Reference value :  1.37511e-06
 Reference value :  1.37740e-06
 Reference value :  1.40448e-06
 Reference value :  1.40666e-06
 Reference value :  1.43788e-06
 Reference value :  1.44020e-06
 Reference value :  1.46884e-06
 Reference value :  1.50010e-06
 Reference value :  1.50235e-06
 Reference value :  1.51545e-06
 Reference value :  1.53164e-06
 Reference value :  1.56282e-06
 Reference value :  1.56517e-06
 Reference value :  1.59385e-06
 Reference value :  1.62511e-06
 Reference value :  1.62745e-06
 Reference value :  1.65630e-06
 Reference value :  1.66832e-06
 Reference value :  1.68834e-06
 Reference value :  1.69385e-06
 Reference value :  1.71902e-06
 Reference value :  1.75031e-06
 Reference value :  1.75268e-06
 Reference value :  1.78137e-06
 Reference value :  1.81263e-06
 Reference value :  1.81497e-06
 Reference value :  1.84380e-06
 Reference value :  1.84426e-06
 Reference value :  1.87520e-06
 Reference value :  1.87749e-06
 Reference value :  1.90632e-06
 Reference value :  1.90702e-06
 Reference value :  1.93789e-06
 Reference value :  1.96883e-06
 Reference value :  2.00010e-06
 Reference value :  2.00240e-06
 Reference value :  2.00283e-06
 Reference value :  2.02072e-06
 Reference value :  2.03156e-06
 Reference value :  2.06264e-06
 Reference value :  2.09378e-06
 Reference value :  2.09418e-06
 Reference value :  2.12533e-06
 Reference value :  2.15636e-06
 Reference value :  2.16807e-06
 Reference value :  2.18909e-06
 Reference value :  2.21876e-06
 Reference value :  2.21918e-06
 Reference value :  2.25031e-06
 Reference value :  2.25291e-06
 Reference value :  2.28131e-06
 Reference value :  2.28180e-06
 Reference value :  2.31288e-06
 Reference value :  2.31523e-06
 Reference value :  2.34385e-06
 Reference value :  2.37510e-06
 Reference value :  2.37734e-06
 Reference value :  2.39271e-06
 Reference value :  2.40657e-06
 Reference value :  2.43780e-06
 Reference value :  2.44016e-06
 Reference value :  2.46884e-06
 Reference value :  2.50010e-06
 Reference value :  2.50238e-06
 Reference value :  2.52545e-06
 Reference value :  2.53179e-06
 Reference value :  2.56288e-06
 Reference value :  2.56528e-06
 Reference value :  2.59387e-06
 Reference value :  2.62567e-06
 Reference value :  2.62987e-06
 Reference value :  2.65645e-06
 Reference value :  2.68770e-06
 Reference value :  2.69006e-06
 Reference value :  2.71884e-06
 Reference value :  2.75010e-06
 Reference value :  2.75241e-06
 Reference value :  2.78130e-06
 Reference value :  2.79099e-06
 Reference value :  2.81311e-06
 Reference value :  2.82386e-06
 Reference value :  2.84411e-06
 Reference value :  2.87506e-06
 Reference value :  2.87729e-06
 Reference value :  2.89461e-06
 Reference value :  2.90653e-06
 Reference value :  2.93770e-06
 Reference value :  2.96878e-06
 Reference value :  2.97237e-06
 Reference value :  3.00052e-06
 Reference value :  3.00267e-06
 Reference value :  3.00391e-06
 Reference value :  3.03135e-06
 Reference value :  3.04321e-06
 Reference value :  3.06311e-06
 Reference value :  3.09399e-06
 Reference value :  3.12513e-06
 Reference value :  3.15628e-06
 Reference value :  3.15676e-06
 Reference value :  3.18781e-06
 Reference value :  3.19024e-06
 Reference value :  3.21895e-06
 Reference value :  3.25003e-06
 Reference value :  3.25268e-06
 Reference value :  3.25349e-06
 Reference value :  3.28146e-06
 Reference value :  3.31250e-06
 Reference value :  3.31362e-06
 Reference value :  3.31846e-06
 Reference value :  3.34395e-06
 Reference value :  3.37523e-06
 Reference value :  3.37755e-06
 Reference value :  3.40631e-06
 Reference value :  3.42179e-06
 Reference value :  3.43819e-06
 Reference value :  3.44167e-06
 Reference value :  3.46891e-06
 Reference value :  3.50020e-06
 Reference value :  3.50251e-06
 Reference value :  3.53130e-06
 Reference value :  3.55337e-06
 Reference value :  3.56461e-06
 Reference value :  3.56861e-06
 Reference value :  3.59401e-06
 Reference value :  3.62530e-06
 Reference value :  3.62765e-06
 Reference value :  3.65637e-06
 Reference value :  3.68762e-06
 Reference value :  3.68995e-06
 Reference value :  3.71880e-06
 Reference value :  3.72677e-06
 Reference value :  3.75061e-06
 Reference value :  3.76047e-06
 Reference value :  3.78153e-06
 Reference value :  3.81281e-06
 Reference value :  3.81513e-06
 Reference value :  3.84395e-06
 Reference value :  3.84905e-06
 Reference value :  3.87545e-06
 Reference value :  3.87787e-06
 Reference value :  3.90640e-06
 Reference value :  3.93750e-06
 Reference value :  3.93862e-06
 Reference value :  3.96887e-06
 Reference value :  4.00014e-06
 Reference value :  4.00244e-06
 Reference value :  4.00287e-06
 Reference value :  4.02472e-06
 Reference value :  4.03159e-06
 Reference value :  4.06264e-06
 Reference value :  4.09378e-06
 Reference value :  4.09418e-06
 Reference value :  4.12539e-06
 Reference value :  4.15640e-06
 Reference value :  4.17207e-06
 Reference value :  4.18833e-06
 Reference value :  4.20567e-06
 Reference value :  4.21909e-06
 Reference value :  4.25019e-06
 Reference value :  4.25280e-06
 Reference value :  4.27680e-06
 Reference value :  4.28155e-06
 Reference value :  4.31270e-06
 Reference value :  4.31501e-06
 Reference value :  4.34379e-06
 Reference value :  4.34596e-06
 Reference value :  4.37546e-06
 Reference value :  4.37826e-06
 Reference value :  4.40634e-06
 Reference value :  4.43760e-06
 Reference value :  4.43986e-06
 Reference value :  4.46094e-06
 Reference value :  4.46913e-06
 Reference value :  4.50033e-06
 Reference value :  4.50266e-06
 Reference value :  4.53134e-06
 Reference value :  4.56260e-06
 Reference value :  4.56486e-06
 Reference value :  4.59375e-06
 Reference value :  4.59472e-06
 Reference value :  4.62551e-06
 Reference value :  4.63051e-06
 Reference value :  4.65645e-06
 Reference value :  4.68770e-06
 Reference value :  4.69007e-06
 Reference value :  4.71883e-06
 Reference value :  4.75001e-06
 Reference value :  4.75229e-06
 Reference value :  4.78126e-06
 Reference value :  4.78176e-06
 Reference value :  4.81287e-06
 Reference value :  4.81522e-06
 Reference value :  4.84395e-06
 Reference value :  4.84912e-06
 Reference value :  4.87545e-06
 Reference value :  4.87797e-06
 Reference value :  4.90643e-06
 Reference value :  4.93760e-06
 Reference value :  4.94255e-06
 Reference value :  4.96910e-06
 Reference value :  5.00022e-06
 Reference value :  5.00251e-06
 Reference value :  5.00304e-06
 Reference value :  5.03134e-06
 Reference value :  5.06260e-06
 Reference value :  5.08720e-06
 Reference value :  5.09416e-06
 Reference value :  5.12535e-06
 Reference value :  5.15637e-06
 Reference value :  5.18761e-06
 Reference value :  5.18996e-06
 Reference value :  5.21882e-06
 Reference value :  5.23632e-06
 Reference value :  5.25113e-06
 Reference value :  5.25635e-06
 Reference value :  5.28148e-06
 Reference value :  5.31277e-06
 Reference value :  5.31509e-06
 Reference value :  5.34382e-06
 Reference value :  5.34427e-06
 Reference value :  5.37534e-06
 Reference value :  5.37765e-06
 Reference value :  5.40632e-06
 Reference value :  5.40763e-06
 Reference value :  5.43793e-06
 Reference value :  5.44056e-06
 Reference value :  5.46885e-06
 Reference value :  5.50010e-06
 Reference value :  5.50235e-06
 Reference value :  5.52502e-06
 Reference value :  5.53179e-06
 Reference value :  5.56288e-06
 Reference value :  5.56531e-06
 Reference value :  5.59385e-06
 Reference value :  5.62512e-06
 Reference value :  5.62747e-06
 Reference value :  5.65628e-06
 Reference value :  5.65785e-06
 Reference value :  5.68802e-06
 Reference value :  5.69118e-06
 Reference value :  5.71893e-06
 Reference value :  5.75020e-06
 Reference value :  5.75256e-06
 Reference value :  5.78135e-06
 Reference value :  5.81260e-06
 Reference value :  5.81491e-06
 Reference value :  5.84380e-06
 Reference value :  5.85346e-06
 Reference value :  5.87569e-06
 Reference value :  5.87827e-06
 Reference value :  5.90641e-06
 Reference value :  5.93770e-06
 Reference value :  5.96877e-06
 Reference value :  5.96934e-06
 Reference value :  6.00039e-06
 Reference value :  6.00267e-06
 Reference value :  6.01182e-06
 Reference value :  6.03153e-06
 Reference value :  6.06260e-06
 Reference value :  6.08720e-06
 Reference value :  6.09409e-06
 Reference value :  6.12520e-06
 Reference value :  6.15632e-06
 Reference value :  6.15679e-06
 Reference value :  6.18770e-06
 Reference value :  6.19004e-06
 Reference value :  6.21886e-06
 Reference value :  6.25001e-06
 Reference value :  6.25272e-06
 Reference value :  6.27406e-06
 Reference value :  6.28159e-06
 Reference value :  6.31281e-06
 Reference value :  6.31516e-06
 Reference value :  6.34384e-06
 Reference value :  6.34461e-06
 Reference value :  6.37541e-06
 Reference value :  6.37897e-06
 Reference value :  6.40636e-06
 Reference value :  6.43400e-06
 Reference value :  6.43835e-06
 Reference value :  6.44202e-06
 Reference value :  6.46894e-06
 Reference value :  6.50020e-06
 Reference value :  6.50254e-06
 Reference value :  6.53131e-06
 Reference value :  6.54753e-06
 Reference value :  6.56357e-06
 Reference value :  6.56678e-06
 Reference value :  6.59393e-06
 Reference value :  6.62500e-06
 Reference value :  6.62729e-06
 Reference value :  6.64503e-06
 Reference value :  6.65659e-06
 Reference value :  6.68781e-06
 Reference value :  6.69013e-06
 Reference value :  6.71885e-06
 Reference value :  6.75012e-06
 Reference value :  6.75241e-06
 Reference value :  6.78128e-06
 Reference value :  6.78366e-06
 Reference value :  6.81295e-06
 Reference value :  6.81811e-06
 Reference value :  6.84402e-06
 Reference value :  6.87521e-06
 Reference value :  6.87751e-06
 Reference value :  6.90632e-06
 Reference value :  6.93570e-06
 Reference value :  6.94006e-06
 Reference value :  6.96892e-06
 Reference value :  7.00020e-06
 Reference value :  7.00249e-06
 Reference value :  7.00323e-06
 Reference value :  7.03139e-06
 Reference value :  7.04511e-06
 Reference value :  7.06305e-06
 Reference value :  7.09395e-06
 Reference value :  7.12506e-06
 Reference value :  7.14985e-06
 Reference value :  7.15665e-06
 Reference value :  7.18753e-06
 Reference value :  7.18977e-06
 Reference value :  7.21879e-06
 Reference value :  7.21930e-06
 Reference value :  7.25033e-06
 Reference value :  7.25297e-06
 Reference value :  7.28135e-06
 Reference value :  7.31262e-06
 Reference value :  7.31489e-06
 Reference value :  7.33208e-06
 Reference value :  7.34407e-06
 Reference value :  7.37514e-06
 Reference value :  7.37745e-06
 Reference value :  7.40625e-06
 Reference value :  7.40658e-06
 Reference value :  7.43773e-06
 Reference value :  7.44001e-06
 Reference value :  7.46879e-06
 Reference value :  7.47095e-06
 Reference value :  7.50044e-06
 Reference value :  7.50285e-06
 Reference value :  7.53134e-06
 Reference value :  7.56260e-06
 Reference value :  7.56486e-06
 Reference value :  7.58574e-06
 Reference value :  7.59410e-06
 Reference value :  7.62534e-06
 Reference value :  7.62770e-06
 Reference value :  7.65635e-06
 Reference value :  7.68760e-06
 Reference value :  7.68991e-06
 Reference value :  7.71877e-06
 Reference value :  7.71978e-06
 Reference value :  7.75041e-06
 Reference value :  7.75306e-06
 Reference value :  7.78142e-06
 Reference value :  7.81270e-06
 Reference value :  7.81503e-06
 Reference value :  7.84383e-06
 Reference value :  7.87279e-06
 Reference value :  7.87613e-06
 Reference value :  7.87913e-06
 Reference value :  7.90639e-06
 Reference value :  7.93769e-06
 Reference value :  7.96879e-06
 Reference value :  7.96947e-06
 Reference value :  8.00094e-06
 Reference value :  8.00290e-06
 Reference value :  8.03131e-06
 Reference value :  8.03720e-06
 Reference value :  8.06295e-06
 Reference value :  8.09391e-06
 Reference value :  8.12514e-06
 Reference value :  8.15629e-06
 Reference value :  8.15858e-06
 Reference value :  8.18801e-06
 Reference value :  8.20572e-06
 Reference value :  8.21906e-06
 Reference value :  8.25020e-06
 Reference value :  8.25292e-06
 Reference value :  8.28132e-06
 Reference value :  8.29706e-06
 Reference value :  8.31318e-06
 Reference value :  8.31774e-06
 Reference value :  8.34387e-06
 Reference value :  8.36952e-06
 Reference value :  8.37636e-06
 Reference value :  8.38145e-06
 Reference value :  8.40637e-06
 Reference value :  8.43762e-06
 Reference value :  8.43987e-06
 Reference value :  8.45175e-06
 Reference value :  8.46895e-06
 Reference value :  8.50020e-06
 Reference value :  8.50251e-06
 Reference value :  8.53128e-06
 Reference value :  8.53758e-06
 Reference value :  8.56300e-06
 Reference value :  8.56556e-06
 Reference value :  8.59395e-06
 Reference value :  8.62520e-06
 Reference value :  8.62758e-06
 Reference value :  8.65632e-06
 Reference value :  8.68219e-06
 Reference value :  8.68863e-06
 Reference value :  8.69327e-06
 Reference value :  8.71893e-06
 Reference value :  8.75014e-06
 Reference value :  8.75249e-06
 Reference value :  8.78130e-06
 Reference value :  8.78764e-06
 Reference value :  8.81291e-06
 Reference value :  8.81531e-06
 Reference value :  8.84386e-06
 Reference value :  8.87520e-06
 Reference value :  8.87752e-06
 Reference value :  8.90627e-06
 Reference value :  8.90665e-06
 Reference value :  8.93770e-06
 Reference value :  8.96875e-06
 Reference value :  8.96931e-06
 Reference value :  9.00037e-06
 Reference value :  9.00267e-06
 Reference value :  9.02728e-06
 Reference value :  9.03161e-06
 Reference value :  9.06262e-06
 Reference value :  9.09135e-06
 Reference value :  9.09413e-06
 Reference value :  9.11357e-06
 Reference value :  9.12555e-06
 Reference value :  9.15645e-06
 Reference value :  9.18751e-06
 Reference value :  9.18994e-06
 Reference value :  9.21882e-06
 Reference value :  9.21931e-06
 Reference value :  9.25031e-06
 Reference value :  9.25297e-06
 Reference value :  9.28134e-06
 Reference value :  9.28913e-06
 Reference value :  9.31311e-06
 Reference value :  9.31924e-06
 Reference value :  9.34393e-06
 Reference value :  9.37503e-06
 Reference value :  9.37582e-06
 Reference value :  9.37898e-06
 Reference value :  9.40637e-06
 Reference value :  9.43764e-06
 Reference value :  9.43993e-06
 Reference value :  9.46876e-06
 Reference value :  9.46935e-06
 Reference value :  9.50030e-06
 Reference value :  9.50260e-06
 Reference value :  9.53132e-06
 Reference value :  9.56250e-06
 Reference value :  9.56477e-06
 Reference value :  9.57413e-06
 Reference value :  9.59401e-06
 Reference value :  9.62528e-06
 Reference value :  9.62767e-06
 Reference value :  9.65634e-06
 Reference value :  9.68753e-06
 Reference value :  9.68979e-06
 Reference value :  9.71274e-06
 Reference value :  9.71912e-06
 Reference value :  9.75033e-06
 Reference value :  9.75269e-06
 Reference value :  9.78136e-06
 Reference value :  9.81262e-06
 Reference value :  9.81495e-06
 Reference value :  9.84382e-06
 Reference value :  9.85666e-06
 Reference value :  9.87561e-06
 Reference value :  9.87799e-06
 Reference value :  9.90636e-06
 Reference value :  9.93750e-06
 Reference value :  9.94001e-06
 Reference value :  9.96899e-06
 Reference value :  9.99264e-06
 Reference value :  1.00006e-05
 Reference value :  1.00028e-05
 Reference value :  1.00313e-05
 Reference value :  1.00318e-05
 Reference value :  1.00628e-05
 Reference value :  1.00938e-05
 Reference value :  1.00941e-05
 Reference value :  1.01137e-05
 Reference value :  1.01257e-05
 Reference value :  1.01566e-05
 Reference value :  1.01568e-05
 Reference value :  1.01877e-05
 Reference value :  1.01901e-05
 Reference value :  1.02189e-05
 Reference value :  1.02198e-05
 Reference value :  1.02504e-05
 Reference value :  1.02530e-05
 Reference value :  1.02814e-05
 Reference value :  1.03125e-05
 Reference value :  1.03148e-05
 Reference value :  1.03374e-05
 Reference value :  1.03440e-05
 Reference value :  1.03752e-05
 Reference value :  1.03775e-05
 Reference value :  1.04063e-05
 Reference value :  1.04072e-05
 Reference value :  1.04379e-05
 Reference value :  1.04407e-05
 Reference value :  1.04689e-05
 Reference value :  1.05001e-05
 Reference value :  1.05024e-05
 Reference value :  1.05313e-05
 Reference value :  1.05328e-05
 Reference value :  1.05629e-05
 Reference value :  1.05653e-05
 Reference value :  1.05939e-05
 Reference value :  1.06251e-05
 Reference value :  1.06274e-05
 Reference value :  1.06563e-05
 Reference value :  1.06568e-05
 Reference value :  1.06878e-05
 Reference value :  1.06902e-05
 Reference value :  1.07188e-05
 Reference value :  1.07501e-05
 Reference value :  1.07524e-05
 Reference value :  1.07813e-05
 Reference value :  1.07819e-05
 Reference value :  1.08129e-05
 Reference value :  1.08152e-05
 Reference value :  1.08439e-05
 Reference value :  1.08752e-05
 Reference value :  1.08774e-05
 Reference value :  1.09034e-05
 Reference value :  1.09066e-05
 Reference value :  1.09377e-05
 Reference value :  1.09688e-05
 Reference value :  1.09692e-05
 Reference value :  1.10001e-05
 Reference value :  1.10024e-05
 Reference value :  1.10029e-05
 Reference value :  1.10313e-05
 Reference value :  1.10316e-05
 Reference value :  1.10627e-05
 Reference value :  1.10938e-05
 Reference value :  1.10974e-05
 Reference value :  1.11254e-05
 Reference value :  1.11564e-05
 Reference value :  1.11876e-05
 Reference value :  1.11899e-05
 Reference value :  1.12188e-05
 Reference value :  1.12193e-05
 Reference value :  1.12503e-05
 Reference value :  1.12529e-05
 Reference value :  1.12813e-05
 Reference value :  1.12817e-05
 Reference value :  1.13128e-05
 Reference value :  1.13151e-05
 Reference value :  1.13438e-05
 Reference value :  1.13442e-05
 Reference value :  1.13752e-05
 Reference value :  1.13775e-05
 Reference value :  1.14063e-05
 Reference value :  1.14066e-05
 Reference value :  1.14378e-05
 Reference value :  1.14400e-05
 Reference value :  1.14688e-05
 Reference value :  1.14697e-05
 Reference value :  1.15004e-05
 Reference value :  1.15028e-05
 Reference value :  1.15313e-05
 Reference value :  1.15626e-05
 Reference value :  1.15649e-05
 Reference value :  1.15905e-05
 Reference value :  1.15941e-05
 Reference value :  1.16253e-05
 Reference value :  1.16277e-05
 Reference value :  1.16563e-05
 Reference value :  1.16875e-05
 Reference value :  1.16898e-05
 Reference value :  1.17154e-05
 Reference value :  1.17192e-05
 Reference value :  1.17503e-05
 Reference value :  1.17527e-05
 Reference value :  1.17814e-05
 Reference value :  1.18126e-05
 Reference value :  1.18149e-05
 Reference value :  1.18438e-05
 Reference value :  1.18448e-05
 Reference value :  1.18754e-05
 Reference value :  1.18777e-05
 Reference value :  1.19063e-05
 Reference value :  1.19376e-05
 Reference value :  1.19407e-05
 Reference value :  1.19689e-05
 Reference value :  1.20001e-05
 Reference value :  1.20025e-05
 Reference value :  1.20029e-05
 Reference value :  1.20313e-05
 Reference value :  1.20317e-05
 Reference value :  1.20627e-05
 Reference value :  1.20938e-05
 Reference value :  1.20943e-05
 Reference value :  1.21253e-05
 Reference value :  1.21563e-05
 Reference value :  1.21620e-05
 Reference value :  1.21880e-05
 Reference value :  1.21921e-05
 Reference value :  1.22190e-05
 Reference value :  1.22501e-05
 Reference value :  1.22528e-05
 Reference value :  1.22792e-05
 Reference value :  1.22815e-05
 Reference value :  1.23126e-05
 Reference value :  1.23148e-05
 Reference value :  1.23423e-05
 Reference value :  1.23441e-05
 Reference value :  1.23752e-05
 Reference value :  1.23775e-05
 Reference value :  1.24063e-05
 Reference value :  1.24066e-05
 Reference value :  1.24377e-05
 Reference value :  1.24400e-05
 Reference value :  1.24688e-05
 Reference value :  1.24693e-05
 Reference value :  1.25003e-05
 Reference value :  1.25026e-05
 Reference value :  1.25313e-05
 Reference value :  1.25515e-05
 Reference value :  1.25633e-05
 Reference value :  1.25668e-05
 Reference value :  1.25939e-05
 Reference value :  1.26252e-05
 Reference value :  1.26275e-05
 Reference value :  1.26563e-05
 Reference value :  1.26684e-05
 Reference value :  1.26882e-05
 Reference value :  1.26935e-05
 Reference value :  1.27190e-05
 Reference value :  1.27502e-05
 Reference value :  1.27526e-05
 Reference value :  1.27813e-05
 Reference value :  1.28125e-05
 Reference value :  1.28148e-05
 Reference value :  1.28438e-05
 Reference value :  1.28442e-05
 Reference value :  1.28753e-05
 Reference value :  1.28776e-05
 Reference value :  1.29063e-05
 Reference value :  1.29375e-05
 Reference value :  1.29396e-05
 Reference value :  1.29689e-05
 Reference value :  1.30002e-05
 Reference value :  1.30025e-05
 Reference value :  1.30030e-05
 Reference value :  1.30314e-05
 Reference value :  1.30319e-05
 Reference value :  1.30628e-05
 Reference value :  1.30938e-05
 Reference value :  1.30986e-05
 Reference value :  1.31255e-05
 Reference value :  1.31565e-05
 Reference value :  1.31876e-05
 Reference value :  1.31898e-05
 Reference value :  1.32188e-05
 Reference value :  1.32193e-05
 Reference value :  1.32503e-05
 Reference value :  1.32529e-05
 Reference value :  1.32813e-05
 Reference value :  1.32818e-05
 Reference value :  1.33128e-05
 Reference value :  1.33151e-05
 Reference value :  1.33439e-05
 Reference value :  1.33535e-05
 Reference value :  1.33754e-05
 Reference value :  1.33781e-05
 Reference value :  1.34063e-05
 Reference value :  1.34141e-05
 Reference value :  1.34379e-05
 Reference value :  1.34403e-05
 Reference value :  1.34688e-05
 Reference value :  1.34697e-05
 Reference value :  1.35003e-05
 Reference value :  1.35025e-05
 Reference value :  1.35313e-05
 Reference value :  1.35315e-05
 Reference value :  1.35627e-05
 Reference value :  1.35648e-05
 Reference value :  1.35668e-05
 Reference value :  1.35939e-05
 Reference value :  1.36250e-05
 Reference value :  1.36256e-05
 Reference value :  1.36277e-05
 Reference value :  1.36563e-05
 Reference value :  1.36622e-05
 Reference value :  1.36878e-05
 Reference value :  1.36900e-05
 Reference value :  1.37188e-05
 Reference value :  1.37192e-05
 Reference value :  1.37502e-05
 Reference value :  1.37525e-05
 Reference value :  1.37813e-05
 Reference value :  1.37816e-05
 Reference value :  1.38127e-05
 Reference value :  1.38148e-05
 Reference value :  1.38242e-05
 Reference value :  1.38439e-05
 Reference value :  1.38751e-05
 Reference value :  1.38775e-05
 Reference value :  1.39063e-05
 Reference value :  1.39376e-05
 Reference value :  1.39688e-05
 Reference value :  1.39906e-05
 Reference value :  1.40023e-05
 Reference value :  1.40029e-05
 Reference value :  1.40313e-05
 Reference value :  1.40551e-05
 Reference value :  1.40728e-05
 Reference value :  1.40945e-05
 Reference value :  1.41258e-05
 Reference value :  1.41566e-05
 Reference value :  1.41879e-05
 Reference value :  1.42057e-05
 Reference value :  1.42193e-05
 Reference value :  1.42505e-05
 Reference value :  1.42532e-05
 Reference value :  1.42814e-05
 Reference value :  1.43126e-05
 Reference value :  1.43149e-05
 Reference value :  1.43438e-05
 Reference value :  1.43751e-05
 Reference value :  1.43774e-05
 Reference value :  1.44063e-05
 Reference value :  1.44376e-05
 Reference value :  1.44400e-05
 Reference value :  1.44688e-05
 Reference value :  1.45001e-05
 Reference value :  1.45025e-05
 Reference value :  1.45313e-05
 Reference value :  1.45627e-05
 Reference value :  1.45651e-05
 Reference value :  1.45939e-05
 Reference value :  1.46252e-05
 Reference value :  1.46279e-05
 Reference value :  1.46564e-05
 Reference value :  1.46878e-05
 Reference value :  1.46907e-05
 Reference value :  1.47191e-05
 Reference value :  1.47505e-05
 Reference value :  1.47742e-05
 Reference value :  1.47900e-05
 Reference value :  1.48148e-05
 Reference value :  1.48438e-05
 Reference value :  1.48496e-05
 Reference value :  1.48773e-05
 Reference value :  1.49063e-05
 Reference value :  1.49068e-05
 Reference value :  1.49380e-05
 Reference value :  1.49689e-05
 Reference value :  1.50003e-05
 Reference value :  1.50027e-05
 Reference value :  1.50313e-05
 Reference value :  1.50317e-05
 Reference value :  1.50629e-05
 Reference value :  1.50939e-05
 Reference value :  1.51252e-05
 Reference value :  1.51563e-05
 Reference value :  1.51760e-05
 Reference value :  1.51899e-05
 Reference value :  1.52188e-05
 Reference value :  1.52487e-05
 Reference value :  1.52528e-05
 Reference value :  1.52813e-05
 Reference value :  1.52818e-05
 Reference value :  1.53130e-05
 Reference value :  1.53438e-05
 Reference value :  1.53513e-05
 Reference value :  1.53773e-05
 Reference value :  1.54063e-05
 Reference value :  1.54375e-05
 Reference value :  1.54399e-05
 Reference value :  1.54688e-05
 Reference value :  1.55001e-05
 Reference value :  1.55025e-05
 Reference value :  1.55314e-05
 Reference value :  1.55628e-05
 Reference value :  1.55655e-05
 Reference value :  1.55941e-05
 Reference value :  1.56260e-05
 Reference value :  1.56563e-05
 Reference value :  1.56875e-05
 Reference value :  1.56900e-05
 Reference value :  1.57189e-05
 Reference value :  1.57502e-05
 Reference value :  1.57531e-05
 Reference value :  1.57816e-05
 Reference value :  1.58130e-05
 Reference value :  1.58438e-05
 Reference value :  1.58442e-05
 Reference value :  1.58754e-05
 Reference value :  1.58785e-05
 Reference value :  1.59065e-05
 Reference value :  1.59378e-05
 Reference value :  1.59689e-05
 Reference value :  1.60002e-05
 Reference value :  1.60027e-05
 Reference value :  1.60313e-05
 Reference value :  1.60318e-05
 Reference value :  1.60631e-05
 Reference value :  1.60941e-05
 Reference value :  1.61254e-05
 Reference value :  1.61566e-05
 Reference value :  1.61877e-05
 Reference value :  1.61957e-05
 Reference value :  1.62192e-05
 Reference value :  1.62504e-05
 Reference value :  1.62536e-05
 Reference value :  1.62815e-05
 Reference value :  1.63128e-05
 Reference value :  1.63156e-05
 Reference value :  1.63440e-05
 Reference value :  1.63755e-05
 Reference value :  1.64035e-05
 Reference value :  1.64178e-05
 Reference value :  1.64399e-05
 Reference value :  1.64688e-05
 Reference value :  1.65001e-05
 Reference value :  1.65026e-05
 Reference value :  1.65314e-05
 Reference value :  1.65628e-05
 Reference value :  1.65698e-05
 Reference value :  1.65948e-05
 Reference value :  1.66273e-05
 Reference value :  1.66563e-05
 Reference value :  1.66876e-05
 Reference value :  1.66901e-05
 Reference value :  1.67189e-05
 Reference value :  1.67504e-05
 Reference value :  1.67721e-05
 Reference value :  1.67930e-05
 Reference value :  1.68149e-05
 Reference value :  1.68438e-05
 Reference value :  1.68751e-05
 Reference value :  1.68776e-05
 Reference value :  1.69063e-05
 Reference value :  1.69377e-05
 Reference value :  1.69688e-05
No. of Data Rows : 43706
icmpf000            =  -2.86578e-05 from=  3.00000e-06 to=  5.00001e-06
icdacf000           =  -8.09646e-06 from=  3.00000e-06 to=  5.00001e-06
itrkf000            =  -1.26457e-25 from=  3.00000e-06 to=  5.00001e-06
ireff000            =  -1.22528e-10 from=  3.00000e-06 to=  5.00001e-06
ivcmf000            =  -1.41703e-05 from=  3.00000e-06 to=  5.00001e-06
icmpf025            =  -2.85630e-05 from=  6.00000e-06 to=  8.00001e-06
icdacf025           =  -8.18633e-06 from=  6.00000e-06 to=  8.00001e-06
itrkf025            =  -1.26457e-25 from=  6.00000e-06 to=  8.00001e-06
ireff025            =  -3.84231e-06 from=  6.00000e-06 to=  8.00001e-06
ivcmf025            =  -8.37200e-06 from=  6.00000e-06 to=  8.00001e-06
icmpf050            =  -2.95238e-05 from=  9.00000e-06 to=  1.10000e-05
icdacf050           =  -8.29737e-06 from=  9.00000e-06 to=  1.10000e-05
itrkf050            =  -1.26457e-25 from=  9.00000e-06 to=  1.10000e-05
ireff050            =  -7.54267e-06 from=  9.00000e-06 to=  1.10000e-05
ivcmf050            =  -3.72224e-07 from=  9.00000e-06 to=  1.10000e-05
icmpf075            =  -2.84421e-05 from=  1.20000e-05 to=  1.40000e-05
icdacf075           =  -8.84231e-06 from=  1.20000e-05 to=  1.40000e-05
itrkf075            =  -1.26457e-25 from=  1.20000e-05 to=  1.40000e-05
ireff075            =  -9.35458e-06 from=  1.20000e-05 to=  1.40000e-05
ivcmf075            =  8.11951e-06 from=  1.20000e-05 to=  1.40000e-05
icmpf100            =  -2.83185e-05 from=  1.50000e-05 to=  1.70000e-05
icdacf100           =  -9.07744e-06 from=  1.50000e-05 to=  1.70000e-05
itrkf100            =  -1.26457e-25 from=  1.50000e-05 to=  1.70000e-05
ireff100            =  -8.80614e-06 from=  1.50000e-05 to=  1.70000e-05
ivcmf100            =  1.41452e-05 from=  1.50000e-05 to=  1.70000e-05
vddm                =  3.30000e+00
m_p_cmp_f000_uw = 9.4570839000e+01
m_p_cdac_f000_uw = 2.6718327900e+01
m_p_trk_f000_uw = 4.1730909000e-19
m_p_ref_f000_uw = 4.0434273000e-04
m_p_vcm_f000_uw = 2.3380995000e+01
m_p_total_f000_uw = 1.4467056624e+02
m_p_cmp_f025_uw = 9.4257834000e+01
m_p_cdac_f025_uw = 2.7014885700e+01
m_p_trk_f025_uw = 4.1730909000e-19
m_p_ref_f025_uw = 1.2679632900e+01
m_p_vcm_f025_uw = 1.3813796700e+01
m_p_total_f025_uw = 1.4776614930e+02
m_p_cmp_f050_uw = 9.7428441000e+01
m_p_cdac_f050_uw = 2.7381321000e+01
m_p_trk_f050_uw = 4.1730909000e-19
m_p_ref_f050_uw = 2.4890807700e+01
m_p_vcm_f050_uw = 6.1417026000e-01
m_p_total_f050_uw = 1.5031473996e+02
m_p_cmp_f075_uw = 9.3858996000e+01
m_p_cdac_f075_uw = 2.9179619700e+01
m_p_trk_f075_uw = 4.1730909000e-19
m_p_ref_f075_uw = 3.0870123900e+01
m_p_vcm_f075_uw = -1.339719810e+01
m_p_total_f075_uw = 1.4051154150e+02
m_p_cmp_f100_uw = 9.3451116000e+01
m_p_cdac_f100_uw = 2.9955555300e+01
m_p_trk_f100_uw = 4.1730909000e-19
m_p_ref_f100_uw = 2.9060255400e+01
m_p_vcm_f100_uw = -2.333966250e+01
m_p_total_f100_uw = 1.2912726420e+02
m_supply_v = 3.3000000000e+00
Note: Simulation executed from .control section 

Warning: m=xx on .subckt line will override multiplier m hierarchy!

Note: Starting dynamic gmin stepping
Warning: Dynamic gmin stepping failed
Note: Starting true gmin stepping
Note: True gmin stepping completed
