
Note: Compatibility modes selected: hs a


Circuit: * adc-power @ ff_125c_3.63v -- generated by sim/harness, do not edit

Reducing trtol to 1 for xspice 'A' devices
Doing analysis at TEMP = 125.000000 and TNOM = 27.000000

Using SPARSE 1.3 as Direct Linear Solver

Initial Transient Solution
--------------------------

Node                                   Voltage
----                                   -------
clk                                          0
cmpclk                                       0
cmpclkb                                   3.63
vddt                                      3.63
vddd                                      3.63
vddc                                      3.63
vrefs                                     3.63
vrefn                                     3.63
vcmn                                     1.815
se_vinp                                      0
se_vinn                                  1.815
se_start                                     0
se_mode                                      0
se_cmp                                 1.47265
se_samp_tp_n                                 0
se_sel_in_n                                  0
se_drdy                                   3.63
se_c9                                        0
se_c8                                        0
se_c7                                        0
se_c6                                        0
se_c5                                        0
se_c4                                        0
se_c3                                        0
se_c2                                        0
se_c1                                        0
se_c0                                        0
se_rel_n_256p                             3.63
se_sel_hi_n_256p                             0
se_sel_lo_n_256p                             0
se_rel_n_128p                             3.63
se_sel_hi_n_128p                             0
se_sel_lo_n_128p                             0
se_rel_n_64p                              3.63
se_sel_hi_n_64p                              0
se_sel_lo_n_64p                              0
se_rel_n_32p                              3.63
se_sel_hi_n_32p                              0
se_sel_lo_n_32p                              0
se_rel_n_16p                              3.63
se_sel_hi_n_16p                              0
se_sel_lo_n_16p                              0
se_rel_n_8p                               3.63
se_sel_hi_n_8p                               0
se_sel_lo_n_8p                               0
se_rel_n_4p                               3.63
se_sel_hi_n_4p                               0
se_sel_lo_n_4p                               0
se_rel_n_2p                               3.63
se_sel_hi_n_2p                               0
se_sel_lo_n_2p                               0
se_rel_n_1p                               3.63
se_sel_hi_n_1p                               0
se_sel_lo_n_1p                               0
se_rel_n_256n                             3.63
se_sel_hi_n_256n                             0
se_sel_lo_n_256n                             0
se_rel_n_128n                             3.63
se_sel_hi_n_128n                             0
se_sel_lo_n_128n                             0
se_rel_n_64n                              3.63
se_sel_hi_n_64n                              0
se_sel_lo_n_64n                              0
se_rel_n_32n                              3.63
se_sel_hi_n_32n                              0
se_sel_lo_n_32n                              0
se_rel_n_16n                              3.63
se_sel_hi_n_16n                              0
se_sel_lo_n_16n                              0
se_rel_n_8n                               3.63
se_sel_hi_n_8n                               0
se_sel_lo_n_8n                               0
se_rel_n_4n                               3.63
se_sel_hi_n_4n                               0
se_sel_lo_n_4n                               0
se_rel_n_2n                               3.63
se_sel_hi_n_2n                               0
se_sel_lo_n_2n                               0
se_rel_n_1n                               3.63
se_sel_hi_n_1n                               0
se_sel_lo_n_1n                               0
se_pinp                            1.80352e-06
se_pinn                                  1.815
xdut.\$65__t0                             3.63
xdut.sel_in__t0                              0
xdut.vss__t0                        1.4118e-07
xdut.\$27__t2                      1.03078e-07
xdut.rel_256_p__t2                        3.63
xdut.vss__t103                     1.89384e-08
xdut.\$29__t2                             3.63
xdut.hi_256_p__t2                            0
xdut.vss__t106                     1.37253e-07
xdut.\$9__t2                              3.63
xdut.lo_256_p__t2                            0
xdut.vss__t107                     1.35291e-07
xdut.vinp__t0                      4.25215e-06
xdut.sel_in__t1                              0
xdut.\$10__t0                          1.81499
xdut.vcm__t37                            1.815
xdut.rel_256_p__t1                        3.63
xdut.\$10__t263                        1.81499
xdut.vref__t29                            3.63
xdut.hi_256_p__t1                            0
xdut.\$10__t262                        1.81499
xdut.vss__t30                      8.45594e-07
xdut.lo_256_p__t1                            0
xdut.\$10__t261                        1.81499
xdut.\$67__t2                             3.63
xdut.sel_in__t49                             0
xdut.vss__t91                      1.08981e-07
xdut.\$31__t2                      9.86986e-08
xdut.rel_128_p__t2                        3.63
xdut.vss__t92                      1.45589e-08
xdut.\$33__t2                             3.63
xdut.hi_128_p__t2                            0
xdut.vss__t74                      1.05066e-07
xdut.\$11__t2                             3.63
xdut.lo_128_p__t2                            0
xdut.vss__t94                       1.0311e-07
xdut.vinp__t16                     3.67613e-06
xdut.sel_in__t32                             0
xdut.\$12__t135                        1.81499
xdut.vcm__t34                            1.815
xdut.rel_128_p__t1                        3.63
xdut.\$12__t134                        1.81499
xdut.vref__t27                            3.63
xdut.hi_128_p__t1                            0
xdut.\$12__t133                        1.81499
xdut.vss__t28                      6.31801e-07
xdut.lo_128_p__t1                            0
xdut.\$12__t132                        1.81499
xdut.\$69__t2                             3.63
xdut.sel_in__t51                             0
xdut.vss__t99                      7.69286e-08
xdut.\$35__t2                      9.43404e-08
xdut.rel_64_p__t2                         3.63
xdut.vss__t100                     1.02007e-08
xdut.\$37__t2                             3.63
xdut.hi_64_p__t2                             0
xdut.vss__t101                     7.30441e-08
xdut.\$13__t2                             3.63
xdut.lo_64_p__t2                             0
xdut.vss__t102                     7.11043e-08
xdut.vinp__t14                     3.10014e-06
xdut.sel_in__t29                             0
xdut.\$14__t71                         1.81499
xdut.vcm__t32                            1.815
xdut.rel_64_p__t1                         3.63
xdut.\$14__t70                           1.815
xdut.vref__t26                            3.63
xdut.hi_64_p__t1                             0
xdut.\$14__t69                           1.815
xdut.vss__t27                      4.19082e-07
xdut.lo_64_p__t1                             0
xdut.\$14__t68                         1.81499
xdut.\$71__t2                             3.63
xdut.sel_in__t52                             0
xdut.vss__t108                     4.53371e-08
xdut.\$39__t2                      9.00506e-08
xdut.rel_32_p__t2                         3.63
xdut.vss__t98                      5.91079e-09
xdut.\$41__t2                             3.63
xdut.hi_32_p__t2                             0
xdut.vss__t64                      4.15716e-08
xdut.\$15__t2                             3.63
xdut.lo_32_p__t2                             0
xdut.vss__t69                      3.97018e-08
xdut.vinp__t15                      2.5243e-06
xdut.sel_in__t31                             0
xdut.\$16__t36                           1.815
xdut.vcm__t41                            1.815
xdut.rel_32_p__t1                         3.63
xdut.\$16__t37                           1.815
xdut.vref__t34                            3.63
xdut.hi_32_p__t1                             0
xdut.\$16__t38                           1.815
xdut.vss__t35                      2.10723e-07
xdut.lo_32_p__t1                             0
xdut.\$16__t39                           1.815
xdut.\$73__t2                             3.63
xdut.sel_in__t45                             0
xdut.vss__t70                      1.70024e-08
xdut.\$43__t2                      8.62874e-08
xdut.rel_16_p__t2                         3.63
xdut.vss__t71                      2.14758e-09
xdut.\$45__t2                             3.63
xdut.hi_16_p__t2                             0
xdut.vss__t72                      1.47358e-08
xdut.\$17__t2                             3.63
xdut.lo_16_p__t2                             0
xdut.vss__t77                      1.38866e-08
xdut.vinp__t17                     1.95059e-06
xdut.sel_in__t34                             0
xdut.\$18__t21                           1.815
xdut.vcm__t38                            1.815
xdut.rel_16_p__t1                         3.63
xdut.\$18__t20                           1.815
xdut.vref__t31                            3.63
xdut.hi_16_p__t1                             0
xdut.\$18__t22                           1.815
xdut.vss__t32                      7.41529e-08
xdut.lo_16_p__t1                             0
xdut.\$18__t23                           1.815
xdut.\$75__t2                             3.63
xdut.sel_in__t53                             0
xdut.vss__t109                      2.4878e-08
xdut.\$47__t2                      8.77562e-08
xdut.rel_8_p__t2                          3.63
xdut.vss__t97                      3.61639e-09
xdut.\$49__t2                             3.63
xdut.hi_8_p__t2                              0
xdut.vss__t96                      2.83249e-08
xdut.\$19__t2                             3.63
xdut.lo_8_p__t2                              0
xdut.vss__t95                       3.0094e-08
xdut.vinp__t13                     2.23665e-06
xdut.sel_in__t27                             0
xdut.\$20__t12                           1.815
xdut.vcm__t29                            1.815
xdut.rel_8_p__t1                          3.63
xdut.\$20__t13                           1.815
xdut.vref__t24                            3.63
xdut.hi_8_p__t1                              0
xdut.\$20__t14                           1.815
xdut.vss__t25                      2.42725e-07
xdut.lo_8_p__t1                              0
xdut.\$20__t15                           1.815
xdut.\$77__t2                             3.63
xdut.sel_in__t50                             0
xdut.vss__t93                      5.51811e-08
xdut.\$51__t2                      9.19074e-08
xdut.rel_4_p__t2                          3.63
xdut.vss__t90                      7.76763e-09
xdut.\$53__t2                             3.63
xdut.hi_4_p__t2                              0
xdut.vss__t89                      5.90225e-08
xdut.\$21__t2                             3.63
xdut.lo_4_p__t2                              0
xdut.vss__t88                       6.0948e-08
xdut.vinp__t10                     2.81218e-06
xdut.sel_in__t21                             0
xdut.\$22__t11                         1.81499
xdut.vcm__t22                            1.815
xdut.rel_4_p__t1                          3.63
xdut.\$22__t10                           1.815
xdut.vref__t18                            3.63
xdut.hi_4_p__t1                              0
xdut.\$22__t9                            1.815
xdut.vss__t19                      4.52385e-07
xdut.lo_4_p__t1                              0
xdut.\$22__t8                          1.81499
xdut.\$79__t2                             3.63
xdut.sel_in__t42                             0
xdut.vss__t57                      8.69895e-08
xdut.\$55__t2                      9.62387e-08
xdut.rel_2_p__t2                          3.63
xdut.vss__t47                       1.2099e-08
xdut.\$57__t2                             3.63
xdut.hi_2_p__t2                              0
xdut.vss__t50                      9.08911e-08
xdut.\$23__t2                             3.63
xdut.lo_2_p__t2                              0
xdut.vss__t51                      9.28432e-08
xdut.vinp__t11                     3.38813e-06
xdut.sel_in__t24                             0
xdut.\$24__t6                          1.81499
xdut.vcm__t28                            1.815
xdut.rel_2_p__t1                          3.63
xdut.\$24__t9                            1.815
xdut.vref__t23                            3.63
xdut.hi_2_p__t1                              0
xdut.\$24__t8                          1.81499
xdut.vss__t24                      6.65361e-07
xdut.lo_2_p__t1                              0
xdut.\$24__t7                          1.81499
xdut.\$81__t2                             3.63
xdut.sel_in__t43                             0
xdut.vss__t61                      1.19103e-07
xdut.\$59__t2                      1.00609e-07
xdut.rel_1_p__t2                          3.63
xdut.vss__t60                      1.64689e-08
xdut.\$61__t2                             3.63
xdut.hi_1_p__t2                              0
xdut.vss__t59                      1.23024e-07
xdut.\$25__t2                             3.63
xdut.lo_1_p__t2                              0
xdut.vss__t58                      1.24985e-07
xdut.vinp__t12                     3.96414e-06
xdut.sel_in__t26                             0
xdut.\$26__t8                          1.81499
xdut.vcm__t26                            1.815
xdut.rel_1_p__t1                          3.63
xdut.\$26__t7                          1.81499
xdut.vref__t20                            3.63
xdut.hi_1_p__t1                              0
xdut.\$26__t6                          1.81499
xdut.vss__t20                      8.79244e-07
xdut.lo_1_p__t1                              0
xdut.\$26__t5                          1.81499
xdut.\$83__t2                             3.63
xdut.sel_in__t38                             0
xdut.vss__t38                      1.40896e-07
xdut.\$85__t2                      1.03039e-07
xdut.rel_256_n__t2                        3.63
xdut.vss__t41                      1.88992e-08
xdut.\$87__t2                             3.63
xdut.hi_256_n__t2                            0
xdut.vss__t42                      1.36961e-07
xdut.\$89__t2                             3.63
xdut.lo_256_n__t2                            0
xdut.vss__t62                      1.34994e-07
xdut.vinn__t17                           1.815
xdut.sel_in__t36                             0
xdut.\$90__t260                          1.815
xdut.vcm__t40                            1.815
xdut.rel_256_n__t1                        3.63
xdut.\$90__t261                          1.815
xdut.vref__t33                            3.63
xdut.hi_256_n__t1                            0
xdut.\$90__t262                          1.815
xdut.vss__t36                      8.45824e-07
xdut.lo_256_n__t1                            0
xdut.\$90__t263                          1.815
xdut.\$92__t2                             3.63
xdut.sel_in__t37                             0
xdut.vss__t37                      1.08612e-07
xdut.\$94__t2                      9.86476e-08
xdut.rel_128_n__t2                        3.63
xdut.vss__t43                       1.4508e-08
xdut.\$96__t2                             3.63
xdut.hi_128_n__t2                            0
xdut.vss__t40                      1.04684e-07
xdut.\$98__t2                             3.63
xdut.lo_128_n__t2                            0
xdut.vss__t39                      1.02721e-07
xdut.vinn__t15                           1.815
xdut.sel_in__t33                             0
xdut.\$99__t132                          1.815
xdut.vcm__t36                            1.815
xdut.rel_128_n__t1                        3.63
xdut.\$99__t133                          1.815
xdut.vref__t28                            3.63
xdut.hi_128_n__t1                            0
xdut.\$99__t134                          1.815
xdut.vss__t31                      6.32108e-07
xdut.lo_128_n__t1                            0
xdut.\$99__t135                          1.815
xdut.\$100__t2                            3.63
xdut.sel_in__t39                             0
xdut.vss__t44                      7.64064e-08
xdut.\$102__t2                     9.42675e-08
xdut.rel_64_n__t2                         3.63
xdut.vss__t54                      1.01278e-08
xdut.\$104__t2                            3.63
xdut.hi_64_n__t2                             0
xdut.vss__t45                      7.24939e-08
xdut.\$106__t2                            3.63
xdut.lo_64_n__t2                             0
xdut.vss__t87                      7.05389e-08
xdut.vinn__t16                           1.815
xdut.sel_in__t35                             0
xdut.\$107__t68                          1.815
xdut.vcm__t39                            1.815
xdut.rel_64_n__t1                         3.63
xdut.\$107__t69                          1.815
xdut.vref__t32                            3.63
xdut.hi_64_n__t1                             0
xdut.\$107__t70                          1.815
xdut.vss__t33                      4.19543e-07
xdut.lo_64_n__t1                             0
xdut.\$107__t71                          1.815
xdut.\$108__t2                            3.63
xdut.sel_in__t40                             0
xdut.vss__t52                      4.44451e-08
xdut.\$110__t2                     8.99238e-08
xdut.rel_32_n__t2                         3.63
xdut.vss__t46                      5.78408e-09
xdut.\$112__t2                            3.63
xdut.hi_32_n__t2                             0
xdut.vss__t48                       4.0597e-08
xdut.\$114__t2                            3.63
xdut.lo_32_n__t2                             0
xdut.vss__t49                      3.86801e-08
xdut.vinn__t13                           1.815
xdut.sel_in__t28                             0
xdut.\$115__t36                          1.815
xdut.vcm__t31                            1.815
xdut.rel_32_n__t1                         3.63
xdut.\$115__t37                          1.815
xdut.vref__t25                            3.63
xdut.hi_32_n__t1                             0
xdut.\$115__t38                          1.815
xdut.vss__t26                      2.11637e-07
xdut.lo_32_n__t1                             0
xdut.\$115__t39                          1.815
xdut.\$116__t2                            3.63
xdut.sel_in__t41                             0
xdut.vss__t53                      1.44568e-08
xdut.\$118__t2                      8.5909e-08
xdut.rel_16_n__t2                         3.63
xdut.vss__t63                      1.76922e-09
xdut.\$120__t2                            3.63
xdut.hi_16_n__t2                             0
xdut.vss__t55                      1.17074e-08
xdut.\$122__t2                            3.63
xdut.lo_16_n__t2                             0
xdut.vss__t56                      1.06187e-08
xdut.vinn__t14                           1.815
xdut.sel_in__t30                             0
xdut.\$123__t20                          1.815
xdut.vcm__t33                            1.815
xdut.rel_16_n__t1                         3.63
xdut.\$123__t21                          1.815
xdut.vref__t30                            3.63
xdut.hi_16_n__t1                             0
xdut.\$123__t23                          1.815
xdut.vss__t29                      7.67114e-08
xdut.lo_16_n__t1                             0
xdut.\$123__t22                          1.815
xdut.\$124__t2                            3.63
xdut.sel_in__t48                             0
xdut.vss__t85                      2.32128e-08
xdut.\$126__t2                     8.75451e-08
xdut.rel_8_n__t2                          3.63
xdut.vss__t84                      3.40534e-09
xdut.\$128__t2                            3.63
xdut.hi_8_n__t2                              0
xdut.vss__t83                      2.68741e-08
xdut.\$130__t2                            3.63
xdut.lo_8_n__t2                              0
xdut.vss__t82                      2.87327e-08
xdut.vinn__t9                            1.815
xdut.sel_in__t20                             0
xdut.\$131__t12                          1.815
xdut.vcm__t23                            1.815
xdut.rel_8_n__t1                          3.63
xdut.\$131__t13                          1.815
xdut.vref__t22                            3.63
xdut.hi_8_n__t1                              0
xdut.\$131__t15                          1.815
xdut.vss__t23                      2.43519e-07
xdut.lo_8_n__t1                              0
xdut.\$131__t14                          1.815
xdut.\$132__t2                            3.63
xdut.sel_in__t47                             0
xdut.vss__t81                      5.44506e-08
xdut.\$134__t2                     9.18114e-08
xdut.rel_4_n__t2                          3.63
xdut.vss__t80                      7.67165e-09
xdut.\$136__t2                            3.63
xdut.hi_4_n__t2                              0
xdut.vss__t79                      5.83401e-08
xdut.\$138__t2                            3.63
xdut.lo_4_n__t2                              0
xdut.vss__t78                      6.02875e-08
xdut.vinn__t12                           1.815
xdut.sel_in__t25                             0
xdut.\$139__t8                           1.815
xdut.vcm__t30                            1.815
xdut.rel_4_n__t1                          3.63
xdut.\$139__t9                           1.815
xdut.vref__t35                            3.63
xdut.hi_4_n__t1                              0
xdut.\$139__t11                          1.815
xdut.vss__t34                      4.52812e-07
xdut.lo_4_n__t1                              0
xdut.\$139__t10                          1.815
xdut.\$140__t2                            3.63
xdut.sel_in__t44                             0
xdut.vss__t68                       8.6528e-08
xdut.\$142__t2                     9.61773e-08
xdut.rel_2_n__t2                          3.63
xdut.vss__t67                      1.20376e-08
xdut.\$144__t2                            3.63
xdut.hi_2_n__t2                              0
xdut.vss__t66                      9.04495e-08
xdut.\$146__t2                            3.63
xdut.lo_2_n__t2                              0
xdut.vss__t65                      9.24109e-08
xdut.vinn__t10                           1.815
xdut.sel_in__t22                             0
xdut.\$147__t6                           1.815
xdut.vcm__t25                            1.815
xdut.rel_2_n__t1                          3.63
xdut.\$147__t7                           1.815
xdut.\$166__t2                            3.63
xdut.tp_gn__t4                               0
xdut.vss__t104                     1.01873e-07
xdut.vref__t19                            3.63
xdut.hi_2_n__t1                              0
xdut.\$147__t8                           1.815
xdut.vcm__t35                            1.815
xdut.tp_gn__t3                               0
xdut.topp__t513                        1.75626
xdut.vss__t22                      6.65652e-07
xdut.lo_2_n__t1                              0
xdut.\$147__t9                           1.815
xdut.\$167__t2                            3.63
xdut.tp_gn__t5                               0
xdut.vss__t105                     1.10465e-07
xdut.vcm__t24                            1.815
xdut.tp_gn__t2                               0
xdut.topn__t513                        1.95546
xdut.\$148__t2                            3.63
xdut.sel_in__t46                             0
xdut.vss__t76                      1.18767e-07
xdut.\$150__t2                     1.00564e-07
xdut.rel_1_n__t2                          3.63
xdut.vss__t75                      1.64239e-08
xdut.\$152__t2                            3.63
xdut.hi_1_n__t2                              0
xdut.vss__t86                      1.22698e-07
xdut.\$154__t2                            3.63
xdut.lo_1_n__t2                              0
xdut.vss__t73                      1.24664e-07
xdut.vinn__t11                           1.815
xdut.sel_in__t23                             0
xdut.\$155__t8                           1.815
xdut.vcm__t27                            1.815
xdut.rel_1_n__t1                          3.63
xdut.\$155__t7                           1.815
xdut.vref__t21                            3.63
xdut.hi_1_n__t1                              0
xdut.\$155__t6                           1.815
xdut.vss__t21                      8.79466e-07
xdut.lo_1_n__t1                              0
xdut.\$155__t5                           1.815
xdut.\$65__t1                             3.63
xdut.sel_in__t2                              0
xdut.vdd__t0                              3.63
xdut.\$27__t1                      1.29716e-07
xdut.rel_256_p__t0                        3.63
xdut.vdd__t50                             3.63
xdut.\$29__t1                             3.63
xdut.hi_256_p__t0                            0
xdut.vdd__t49                             3.63
xdut.\$9__t1                              3.63
xdut.lo_256_p__t0                            0
xdut.vdd__t48                             3.63
xdut.vinp__t1                      1.80615e-06
xdut.\$65__t2                             3.63
xdut.\$10__t1                          1.81499
xdut.vcm__t6                             1.815
xdut.\$27__t0                       1.2499e-07
xdut.\$10__t260                        1.81499
xdut.vref__t1                             3.63
xdut.\$29__t0                             3.63
xdut.\$10__t259                        1.81499
xdut.vss__t1                       8.96924e-10
xdut.\$9__t0                              3.63
xdut.\$10__t258                        1.81499
xdut.\$67__t1                             3.63
xdut.sel_in__t13                             0
xdut.vdd__t47                             3.63
xdut.\$31__t1                      1.25337e-07
xdut.rel_128_p__t0                        3.63
xdut.vdd__t46                             3.63
xdut.\$33__t1                             3.63
xdut.hi_128_p__t0                            0
xdut.vdd__t45                             3.63
xdut.\$11__t1                             3.63
xdut.lo_128_p__t0                            0
xdut.vdd__t44                             3.63
xdut.vinp__t4                      1.80545e-06
xdut.\$67__t0                             3.63
xdut.\$12__t130                        1.81499
xdut.vcm__t9                             1.815
xdut.\$31__t0                      1.20611e-07
xdut.\$12__t131                        1.81499
xdut.vref__t2                             3.63
xdut.\$33__t0                             3.63
xdut.\$12__t129                        1.81499
xdut.vss__t2                        6.3623e-10
xdut.\$11__t0                             3.63
xdut.\$12__t128                        1.81499
xdut.\$69__t1                             3.63
xdut.sel_in__t5                              0
xdut.vdd__t13                             3.63
xdut.\$35__t1                      1.20979e-07
xdut.rel_64_p__t0                         3.63
xdut.vdd__t11                             3.63
xdut.\$37__t1                             3.63
xdut.hi_64_p__t0                             0
xdut.vdd__t10                             3.63
xdut.\$13__t1                             3.63
xdut.lo_64_p__t0                             0
xdut.vdd__t19                             3.63
xdut.vinp__t2                      1.80475e-06
xdut.\$69__t0                             3.63
xdut.\$14__t64                           1.815
xdut.vcm__t12                            1.815
xdut.\$35__t0                      1.16252e-07
xdut.\$14__t65                           1.815
xdut.vref__t11                            3.63
xdut.\$37__t0                             3.63
xdut.\$14__t67                           1.815
xdut.vss__t13                      3.76718e-10
xdut.\$13__t0                             3.63
xdut.\$14__t66                           1.815
xdut.\$71__t1                             3.63
xdut.sel_in__t3                              0
xdut.vdd__t2                              3.63
xdut.\$39__t1                      1.16689e-07
xdut.rel_32_p__t0                         3.63
xdut.vdd__t3                              3.63
xdut.\$41__t1                             3.63
xdut.hi_32_p__t0                             0
xdut.vdd__t4                              3.63
xdut.\$15__t1                             3.63
xdut.lo_32_p__t0                             0
xdut.vdd__t6                              3.63
xdut.vinp__t6                      1.80405e-06
xdut.\$71__t0                             3.63
xdut.\$16__t35                           1.815
xdut.vcm__t14                            1.815
xdut.\$39__t0                      1.11963e-07
xdut.\$16__t34                           1.815
xdut.vref__t10                            3.63
xdut.\$41__t0                             3.63
xdut.\$16__t33                           1.815
xdut.vss__t12                      1.25923e-10
xdut.\$15__t0                             3.63
xdut.\$16__t32                           1.815
xdut.\$73__t1                             3.63
xdut.sel_in__t15                             0
xdut.vdd__t60                             3.63
xdut.\$43__t1                      1.12925e-07
xdut.rel_16_p__t0                         3.63
xdut.vdd__t43                             3.63
xdut.\$45__t1                             3.63
xdut.hi_16_p__t0                             0
xdut.vdd__t59                             3.63
xdut.\$17__t1                             3.63
xdut.lo_16_p__t0                             0
xdut.vdd__t58                             3.63
xdut.vinp__t5                       1.8037e-06
xdut.\$73__t0                             3.63
xdut.\$18__t16                           1.815
xdut.vcm__t7                             1.815
xdut.\$43__t0                      1.08199e-07
xdut.\$18__t17                           1.815
xdut.vref__t4                             3.63
xdut.\$45__t0                             3.63
xdut.\$18__t18                           1.815
xdut.vss__t4                       1.63123e-10
xdut.\$17__t0                             3.63
xdut.\$18__t19                           1.815
xdut.\$75__t1                             3.63
xdut.sel_in__t19                             0
xdut.vdd__t73                             3.63
xdut.\$47__t1                      1.14394e-07
xdut.rel_8_p__t0                          3.63
xdut.vdd__t68                             3.63
xdut.\$49__t1                             3.63
xdut.hi_8_p__t0                              0
xdut.vdd__t67                             3.63
xdut.\$19__t1                             3.63
xdut.lo_8_p__t0                              0
xdut.vdd__t63                             3.63
xdut.vinp__t3                       1.8044e-06
xdut.\$75__t0                             3.63
xdut.\$20__t8                            1.815
xdut.vcm__t5                             1.815
xdut.\$47__t0                      1.09668e-07
xdut.\$20__t9                            1.815
xdut.vref__t3                             3.63
xdut.\$49__t0                             3.63
xdut.\$20__t10                           1.815
xdut.vss__t3                       4.17341e-10
xdut.\$19__t0                             3.63
xdut.\$20__t11                           1.815
xdut.\$77__t1                             3.63
xdut.sel_in__t14                             0
xdut.vdd__t54                             3.63
xdut.\$51__t1                      1.18545e-07
xdut.rel_4_p__t0                          3.63
xdut.vdd__t55                             3.63
xdut.\$53__t1                             3.63
xdut.hi_4_p__t0                              0
xdut.vdd__t56                             3.63
xdut.\$21__t1                             3.63
xdut.lo_4_p__t0                              0
xdut.vdd__t32                             3.63
xdut.vinp__t8                       1.8051e-06
xdut.\$77__t0                             3.63
xdut.\$22__t4                            1.815
xdut.vcm__t17                            1.815
xdut.\$51__t0                      1.13819e-07
xdut.\$22__t5                            1.815
xdut.vref__t13                            3.63
xdut.\$53__t0                             3.63
xdut.\$22__t6                            1.815
xdut.vss__t15                      6.77163e-10
xdut.\$21__t0                             3.63
xdut.\$22__t7                            1.815
xdut.\$79__t1                             3.63
xdut.sel_in__t4                              0
xdut.vdd__t9                              3.63
xdut.\$55__t1                      1.22877e-07
xdut.rel_2_p__t0                          3.63
xdut.vdd__t8                              3.63
xdut.\$57__t1                             3.63
xdut.hi_2_p__t0                              0
xdut.vdd__t1                              3.63
xdut.\$23__t1                             3.63
xdut.lo_2_p__t0                              0
xdut.vdd__t7                              3.63
xdut.vinp__t7                       1.8058e-06
xdut.\$79__t0                             3.63
xdut.\$24__t3                          1.81499
xdut.vcm__t19                            1.815
xdut.\$55__t0                      1.18151e-07
xdut.\$24__t4                            1.815
xdut.vref__t16                            3.63
xdut.\$57__t0                             3.63
xdut.\$24__t5                          1.81499
xdut.vss__t5                       9.37944e-10
xdut.\$23__t0                             3.63
xdut.\$24__t2                          1.81499
xdut.\$81__t1                             3.63
xdut.sel_in__t16                             0
xdut.vdd__t62                             3.63
xdut.\$59__t1                      1.27247e-07
xdut.rel_1_p__t0                          3.63
xdut.vdd__t66                             3.63
xdut.\$61__t1                             3.63
xdut.hi_1_p__t0                              0
xdut.vdd__t65                             3.63
xdut.\$25__t1                             3.63
xdut.lo_1_p__t0                              0
xdut.vdd__t64                             3.63
xdut.vinp__t9                       1.8065e-06
xdut.\$81__t0                             3.63
xdut.\$26__t2                          1.81499
xdut.vcm__t21                            1.815
xdut.\$59__t0                      1.22521e-07
xdut.\$26__t3                          1.81499
xdut.vref__t17                            3.63
xdut.\$61__t0                             3.63
xdut.\$26__t4                          1.81499
xdut.vss__t17                      1.19906e-09
xdut.\$25__t0                             3.63
xdut.\$26__t1                          1.81499
xdut.\$83__t1                             3.63
xdut.sel_in__t18                             0
xdut.vdd__t70                             3.63
xdut.\$85__t1                      1.29677e-07
xdut.rel_256_n__t0                        3.63
xdut.vdd__t71                             3.63
xdut.\$87__t1                             3.63
xdut.hi_256_n__t0                            0
xdut.vdd__t72                             3.63
xdut.\$89__t1                             3.63
xdut.lo_256_n__t0                            0
xdut.vdd__t51                             3.63
xdut.vinn__t6                            1.815
xdut.\$83__t0                             3.63
xdut.\$90__t256                          1.815
xdut.vcm__t16                            1.815
xdut.\$85__t0                      1.24951e-07
xdut.\$90__t257                          1.815
xdut.vref__t12                            3.63
xdut.\$87__t0                             3.63
xdut.\$90__t258                          1.815
xdut.vss__t14                      9.02612e-10
xdut.\$89__t0                             3.63
xdut.\$90__t259                          1.815
xdut.\$92__t1                             3.63
xdut.sel_in__t17                             0
xdut.vdd__t69                             3.63
xdut.\$94__t1                      1.25286e-07
xdut.rel_128_n__t0                        3.63
xdut.vdd__t52                             3.63
xdut.\$96__t1                             3.63
xdut.hi_128_n__t0                            0
xdut.vdd__t53                             3.63
xdut.\$98__t1                             3.63
xdut.lo_128_n__t0                            0
xdut.vdd__t57                             3.63
xdut.vinn__t7                            1.815
xdut.\$92__t0                             3.63
xdut.\$99__t128                          1.815
xdut.vcm__t18                            1.815
xdut.\$94__t0                       1.2056e-07
xdut.\$99__t129                          1.815
xdut.vref__t14                            3.63
xdut.\$96__t0                             3.63
xdut.\$99__t130                          1.815
xdut.vss__t18                      6.44224e-10
xdut.\$98__t0                             3.63
xdut.\$99__t131                          1.815
xdut.\$100__t1                            3.63
xdut.sel_in__t11                             0
xdut.vdd__t33                             3.63
xdut.\$102__t1                     1.20906e-07
xdut.rel_64_n__t0                         3.63
xdut.vdd__t34                             3.63
xdut.\$104__t1                            3.63
xdut.hi_64_n__t0                             0
xdut.vdd__t35                             3.63
xdut.\$106__t1                            3.63
xdut.lo_64_n__t0                             0
xdut.vdd__t36                             3.63
xdut.vinn__t8                            1.815
xdut.\$100__t0                            3.63
xdut.\$107__t67                          1.815
xdut.vcm__t20                            1.815
xdut.\$102__t0                      1.1618e-07
xdut.\$107__t65                          1.815
xdut.vref__t15                            3.63
xdut.\$104__t0                            3.63
xdut.\$107__t64                          1.815
xdut.vss__t16                      3.90068e-10
xdut.\$106__t0                            3.63
xdut.\$107__t66                          1.815
xdut.\$108__t1                            3.63
xdut.sel_in__t12                             0
xdut.vdd__t37                             3.63
xdut.\$110__t1                     1.16562e-07
xdut.rel_32_n__t0                         3.63
xdut.vdd__t38                             3.63
xdut.\$112__t1                            3.63
xdut.hi_32_n__t0                             0
xdut.vdd__t39                             3.63
xdut.\$114__t1                            3.63
xdut.lo_32_n__t0                             0
xdut.vdd__t40                             3.63
xdut.vinn__t0                            1.815
xdut.\$108__t0                            3.63
xdut.\$115__t32                          1.815
xdut.vcm__t8                             1.815
xdut.\$110__t0                     1.11836e-07
xdut.\$115__t35                          1.815
xdut.vref__t5                             3.63
xdut.\$112__t0                            3.63
xdut.\$115__t34                          1.815
xdut.vss__t6                       1.61533e-10
xdut.\$114__t0                            3.63
xdut.\$115__t33                          1.815
xdut.\$116__t1                            3.63
xdut.sel_in__t10                             0
xdut.vdd__t28                             3.63
xdut.\$118__t1                     1.12547e-07
xdut.rel_16_n__t0                         3.63
xdut.vdd__t27                             3.63
xdut.\$120__t1                            3.63
xdut.hi_16_n__t0                             0
xdut.vdd__t26                             3.63
xdut.\$122__t1                            3.63
xdut.lo_16_n__t0                             0
xdut.vdd__t25                             3.63
xdut.vinn__t2                            1.815
xdut.\$116__t0                            3.63
xdut.\$123__t19                          1.815
xdut.vcm__t10                            1.815
xdut.\$118__t0                     1.07821e-07
xdut.\$123__t18                          1.815
xdut.vref__t6                             3.63
xdut.\$120__t0                            3.63
xdut.\$123__t17                          1.815
xdut.vss__t7                       1.91951e-10
xdut.\$122__t0                            3.63
xdut.\$123__t16                          1.815
xdut.\$124__t1                            3.63
xdut.sel_in__t9                              0
xdut.vdd__t24                             3.63
xdut.\$126__t1                     1.14183e-07
xdut.rel_8_n__t0                          3.63
xdut.vdd__t23                             3.63
xdut.\$128__t1                            3.63
xdut.hi_8_n__t0                              0
xdut.vdd__t22                             3.63
xdut.\$130__t1                            3.63
xdut.lo_8_n__t0                              0
xdut.vdd__t21                             3.63
xdut.vinn__t1                            1.815
xdut.\$124__t0                            3.63
xdut.\$131__t10                          1.815
xdut.vcm__t4                             1.815
xdut.\$126__t0                     1.09457e-07
xdut.\$131__t8                           1.815
xdut.vref__t0                             3.63
xdut.\$128__t0                            3.63
xdut.\$131__t9                           1.815
xdut.vss__t11                      4.29429e-10
xdut.\$130__t0                            3.63
xdut.\$131__t11                          1.815
xdut.\$132__t1                            3.63
xdut.sel_in__t8                              0
xdut.vdd__t20                             3.63
xdut.\$134__t1                     1.18449e-07
xdut.rel_4_n__t0                          3.63
xdut.vdd__t61                             3.63
xdut.\$136__t1                            3.63
xdut.hi_4_n__t0                              0
xdut.vdd__t29                             3.63
xdut.\$138__t1                            3.63
xdut.lo_4_n__t0                              0
xdut.vdd__t41                             3.63
xdut.vinn__t5                            1.815
xdut.\$132__t0                            3.63
xdut.\$139__t7                           1.815
xdut.vcm__t13                            1.815
xdut.\$134__t0                     1.13723e-07
xdut.\$139__t6                           1.815
xdut.vref__t9                             3.63
xdut.\$136__t0                            3.63
xdut.\$139__t5                           1.815
xdut.vss__t10                       6.8468e-10
xdut.\$138__t0                            3.63
xdut.\$139__t4                           1.815
xdut.\$140__t1                            3.63
xdut.sel_in__t6                              0
xdut.vdd__t14                             3.63
xdut.\$142__t1                     1.22815e-07
xdut.rel_2_n__t0                          3.63
xdut.vdd__t15                             3.63
xdut.\$144__t1                            3.63
xdut.hi_2_n__t0                              0
xdut.vdd__t16                             3.63
xdut.\$146__t1                            3.63
xdut.lo_2_n__t0                              0
xdut.vdd__t18                             3.63
xdut.vinn__t4                            1.815
xdut.\$140__t0                            3.63
xdut.\$147__t4                           1.815
xdut.vcm__t15                            1.815
xdut.\$142__t0                     1.18089e-07
xdut.\$147__t5                           1.815
xdut.vref__t8                             3.63
xdut.\$144__t0                            3.63
xdut.\$147__t3                           1.815
xdut.vss__t9                       9.43385e-10
xdut.\$146__t0                            3.63
xdut.\$147__t2                           1.815
xdut.\$148__t1                            3.63
xdut.sel_in__t7                              0
xdut.vdd__t17                             3.63
xdut.\$150__t1                     1.27202e-07
xdut.rel_1_n__t0                          3.63
xdut.vdd__t12                             3.63
xdut.\$152__t1                            3.63
xdut.hi_1_n__t0                              0
xdut.vdd__t30                             3.63
xdut.\$154__t1                            3.63
xdut.lo_1_n__t0                              0
xdut.vdd__t5                              3.63
xdut.vinn__t3                            1.815
xdut.\$148__t0                            3.63
xdut.\$155__t4                           1.815
xdut.vcm__t11                            1.815
xdut.\$150__t0                     1.22476e-07
xdut.\$155__t3                           1.815
xdut.vref__t7                             3.63
xdut.\$152__t0                            3.63
xdut.\$155__t2                           1.815
xdut.vss__t8                       1.20332e-09
xdut.\$154__t0                            3.63
xdut.\$155__t1                           1.815
xdut.\$166__t1                            3.63
xdut.tp_gn__t1                               0
xdut.vdd__t42                             3.63
xdut.vcm__t3                             1.815
xdut.\$166__t0                            3.63
xdut.topp__t512                        1.75626
xdut.\$167__t1                            3.63
xdut.tp_gn__t0                               0
xdut.vdd__t31                             3.63
xdut.vcm__t2                             1.815
xdut.\$167__t0                            3.63
xdut.topn__t512                        1.95546
xdut.\$10__t177                        1.81499
xdut.topp__t350                        1.75626
xdut.\$24__t1                          1.81499
xdut.topp__t349                        1.75626
xdut.\$10__t176                        1.81499
xdut.topp__t348                        1.75626
xdut.\$22__t2                            1.815
xdut.topp__t347                        1.75626
xdut.\$10__t175                        1.81499
xdut.topp__t346                        1.75626
xdut.\$20__t5                            1.815
xdut.topp__t345                        1.75626
xdut.\$10__t174                        1.81499
xdut.topp__t344                        1.75626
xdut.\$20__t4                            1.815
xdut.topp__t343                        1.75626
xdut.\$10__t173                        1.81499
xdut.topp__t342                        1.75626
xdut.\$18__t12                           1.815
xdut.topp__t341                        1.75626
xdut.\$10__t172                        1.81499
xdut.topp__t340                        1.75626
xdut.\$18__t11                           1.815
xdut.topp__t339                        1.75626
xdut.\$10__t171                        1.81499
xdut.topp__t338                        1.75626
xdut.\$18__t15                           1.815
xdut.topp__t494                        1.75626
xdut.\$10__t248                        1.81499
xdut.topp__t493                        1.75626
xdut.\$18__t14                           1.815
xdut.topp__t492                        1.75626
xdut.\$10__t247                        1.81499
xdut.topp__t491                        1.75626
xdut.\$16__t26                           1.815
xdut.topp__t490                        1.75626
xdut.\$10__t257                        1.81499
xdut.topp__t510                        1.75626
xdut.\$16__t24                           1.815
xdut.topp__t337                        1.75626
xdut.\$10__t178                        1.81499
xdut.topp__t351                        1.75626
xdut.\$16__t25                           1.815
xdut.topp__t488                        1.75626
xdut.\$10__t252                        1.81499
xdut.topp__t503                        1.75626
xdut.\$16__t31                           1.815
xdut.topp__t502                        1.75626
xdut.\$10__t251                        1.81499
xdut.topp__t501                        1.75626
xdut.\$16__t30                           1.815
xdut.topp__t500                        1.75626
xdut.\$10__t250                        1.81499
xdut.topp__t499                        1.75626
xdut.\$16__t29                           1.815
xdut.topp__t498                        1.75626
xdut.\$10__t249                        1.81499
xdut.topp__t497                        1.75626
xdut.\$16__t28                           1.815
xdut.topp__t496                        1.75626
xdut.\$10__t253                        1.81499
xdut.topp__t504                        1.75626
xdut.\$16__t27                           1.815
xdut.topp__t495                        1.75626
xdut.\$90__t224                          1.815
xdut.topn__t446                        1.95546
xdut.\$147__t1                           1.815
xdut.topn__t445                        1.95546
xdut.\$90__t223                          1.815
xdut.topn__t444                        1.95546
xdut.\$139__t3                           1.815
xdut.topn__t443                        1.95546
xdut.\$90__t222                          1.815
xdut.topn__t442                        1.95546
xdut.\$131__t5                           1.815
xdut.topn__t441                        1.95546
xdut.\$90__t221                          1.815
xdut.topn__t440                        1.95546
xdut.\$131__t4                           1.815
xdut.topn__t439                        1.95546
xdut.\$90__t186                          1.815
xdut.topn__t368                        1.95546
xdut.\$123__t12                          1.815
xdut.topn__t383                        1.95546
xdut.\$90__t185                          1.815
xdut.topn__t366                        1.95546
xdut.\$123__t9                           1.815
xdut.topn__t365                        1.95546
xdut.\$90__t184                          1.815
xdut.topn__t364                        1.95546
xdut.\$123__t8                           1.815
xdut.topn__t363                        1.95546
xdut.\$90__t183                          1.815
xdut.topn__t362                        1.95546
xdut.\$123__t7                           1.815
xdut.topn__t361                        1.95546
xdut.\$90__t182                          1.815
xdut.topn__t360                        1.95546
xdut.\$115__t21                          1.815
xdut.topn__t359                        1.95546
xdut.\$90__t181                          1.815
xdut.topn__t358                        1.95546
xdut.\$115__t20                          1.815
xdut.topn__t357                        1.95546
xdut.\$90__t191                          1.815
xdut.topn__t377                        1.95546
xdut.\$115__t25                          1.815
xdut.topn__t376                        1.95546
xdut.\$90__t190                          1.815
xdut.topn__t375                        1.95546
xdut.\$115__t24                          1.815
xdut.topn__t374                        1.95546
xdut.\$90__t189                          1.815
xdut.topn__t373                        1.95546
xdut.\$115__t23                          1.815
xdut.topn__t372                        1.95546
xdut.\$90__t188                          1.815
xdut.topn__t371                        1.95546
xdut.\$115__t22                          1.815
xdut.topn__t370                        1.95546
xdut.\$90__t187                          1.815
xdut.topn__t369                        1.95546
xdut.\$115__t27                          1.815
xdut.topn__t381                        1.95546
xdut.\$90__t192                          1.815
xdut.topn__t380                        1.95546
xdut.\$115__t26                          1.815
xdut.topn__t379                        1.95546
xdut.\$10__t179                        1.81499
xdut.topp__t352                        1.75626
xdut.\$14__t43                           1.815
xdut.topp__t353                        1.75626
xdut.\$10__t180                        1.81499
xdut.topp__t354                        1.75626
xdut.\$14__t44                           1.815
xdut.topp__t355                        1.75626
xdut.\$10__t181                        1.81499
xdut.topp__t356                        1.75626
xdut.\$14__t45                           1.815
xdut.topp__t357                        1.75626
xdut.\$10__t182                        1.81499
xdut.topp__t358                        1.75626
xdut.\$14__t46                           1.815
xdut.topp__t359                        1.75626
xdut.\$10__t183                        1.81499
xdut.topp__t360                        1.75626
xdut.\$14__t47                           1.815
xdut.topp__t361                        1.75626
xdut.\$10__t184                        1.81499
xdut.topp__t362                        1.75626
xdut.\$14__t48                           1.815
xdut.topp__t363                        1.75626
xdut.\$10__t185                        1.81499
xdut.topp__t364                        1.75626
xdut.\$14__t49                           1.815
xdut.topp__t365                        1.75626
xdut.\$10__t186                        1.81499
xdut.topp__t366                        1.75626
xdut.\$14__t58                           1.815
xdut.topp__t383                        1.75626
xdut.\$10__t187                        1.81499
xdut.topp__t368                        1.75626
xdut.\$14__t51                           1.815
xdut.topp__t369                        1.75626
xdut.\$10__t188                        1.81499
xdut.topp__t370                        1.75626
xdut.\$14__t52                           1.815
xdut.topp__t371                        1.75626
xdut.\$10__t189                        1.81499
xdut.topp__t372                        1.75626
xdut.\$14__t53                           1.815
xdut.topp__t373                        1.75626
xdut.\$10__t190                        1.81499
xdut.topp__t374                        1.75626
xdut.\$14__t54                           1.815
xdut.topp__t375                        1.75626
xdut.\$10__t191                        1.81499
xdut.topp__t376                        1.75626
xdut.\$14__t55                           1.815
xdut.topp__t377                        1.75626
xdut.\$10__t192                        1.81499
xdut.topp__t378                        1.75626
xdut.\$14__t56                           1.815
xdut.topp__t379                        1.75626
xdut.\$10__t193                        1.81499
xdut.topp__t380                        1.75626
xdut.\$14__t57                           1.815
xdut.topp__t381                        1.75626
xdut.\$10__t194                        1.81499
xdut.topp__t382                        1.75626
xdut.\$14__t50                           1.815
xdut.topp__t367                        1.75626
xdut.\$90__t146                          1.815
xdut.topn__t288                        1.95546
xdut.\$107__t30                          1.815
xdut.topn__t289                        1.95546
xdut.\$90__t147                          1.815
xdut.topn__t290                        1.95546
xdut.\$107__t31                          1.815
xdut.topn__t291                        1.95546
xdut.\$90__t148                          1.815
xdut.topn__t292                        1.95546
xdut.\$107__t32                          1.815
xdut.topn__t293                        1.95546
xdut.\$90__t149                          1.815
xdut.topn__t294                        1.95546
xdut.\$107__t33                          1.815
xdut.topn__t295                        1.95546
xdut.\$90__t150                          1.815
xdut.topn__t296                        1.95546
xdut.\$107__t34                          1.815
xdut.topn__t297                        1.95546
xdut.\$90__t151                          1.815
xdut.topn__t298                        1.95546
xdut.\$107__t35                          1.815
xdut.topn__t299                        1.95546
xdut.\$90__t152                          1.815
xdut.topn__t300                        1.95546
xdut.\$107__t36                          1.815
xdut.topn__t301                        1.95546
xdut.\$90__t153                          1.815
xdut.topn__t302                        1.95546
xdut.\$107__t44                          1.815
xdut.topn__t319                        1.95546
xdut.\$90__t155                          1.815
xdut.topn__t304                        1.95546
xdut.\$107__t37                          1.815
xdut.topn__t305                        1.95546
xdut.\$90__t156                          1.815
xdut.topn__t306                        1.95546
xdut.\$107__t38                          1.815
xdut.topn__t307                        1.95546
xdut.\$90__t157                          1.815
xdut.topn__t308                        1.95546
xdut.\$107__t39                          1.815
xdut.topn__t309                        1.95546
xdut.\$90__t158                          1.815
xdut.topn__t310                        1.95546
xdut.\$107__t40                          1.815
xdut.topn__t311                        1.95546
xdut.\$90__t159                          1.815
xdut.topn__t312                        1.95546
xdut.\$107__t41                          1.815
xdut.topn__t313                        1.95546
xdut.\$90__t160                          1.815
xdut.topn__t314                        1.95546
xdut.\$107__t42                          1.815
xdut.topn__t315                        1.95546
xdut.\$90__t161                          1.815
xdut.topn__t316                        1.95546
xdut.\$107__t43                          1.815
xdut.topn__t317                        1.95546
xdut.\$90__t162                          1.815
xdut.topn__t318                        1.95546
xdut.\$107__t45                          1.815
xdut.topn__t335                        1.95546
xdut.\$10__t234                        1.81499
xdut.topp__t463                        1.75626
xdut.\$12__t111                        1.81499
xdut.topp__t462                        1.75626
xdut.\$10__t233                        1.81499
xdut.topp__t461                        1.75626
xdut.\$12__t110                        1.81499
xdut.topp__t460                        1.75626
xdut.\$10__t232                        1.81499
xdut.topp__t459                        1.75626
xdut.\$12__t109                        1.81499
xdut.topp__t458                        1.75626
xdut.\$10__t231                        1.81499
xdut.topp__t457                        1.75626
xdut.\$12__t108                        1.81499
xdut.topp__t456                        1.75626
xdut.\$10__t246                        1.81499
xdut.topp__t489                        1.75626
xdut.\$12__t113                        1.81499
xdut.topp__t466                        1.75626
xdut.\$10__t104                        1.81499
xdut.topp__t207                        1.75626
xdut.\$12__t122                        1.81499
xdut.topp__t483                        1.75626
xdut.\$10__t243                        1.81499
xdut.topp__t482                        1.75626
xdut.\$12__t121                        1.81499
xdut.topp__t481                        1.75626
xdut.\$10__t242                        1.81499
xdut.topp__t480                        1.75626
xdut.\$12__t116                        1.81499
xdut.topp__t472                        1.75626
xdut.\$10__t245                        1.81499
xdut.topp__t487                        1.75626
xdut.\$12__t115                        1.81499
xdut.topp__t470                        1.75626
xdut.\$10__t237                        1.81499
xdut.topp__t469                        1.75626
xdut.\$12__t103                        1.81499
xdut.topp__t448                        1.75626
xdut.\$10__t238                        1.81499
xdut.topp__t471                        1.75626
xdut.\$12__t80                         1.81499
xdut.topp__t313                        1.75626
xdut.\$10__t206                        1.81499
xdut.topp__t408                        1.75626
xdut.\$12__t87                         1.81499
xdut.topp__t407                        1.75626
xdut.\$10__t216                        1.81499
xdut.topp__t426                        1.75626
xdut.\$12__t95                         1.81499
xdut.topp__t425                        1.75626
xdut.\$10__t215                        1.81499
xdut.topp__t424                        1.75626
xdut.\$12__t94                         1.81499
xdut.topp__t423                        1.75626
xdut.\$10__t214                        1.81499
xdut.topp__t422                        1.75626
xdut.\$12__t98                         1.81499
xdut.topp__t437                        1.75626
xdut.\$10__t212                        1.81499
xdut.topp__t420                        1.75626
xdut.\$12__t93                         1.81499
xdut.topp__t419                        1.75626
xdut.\$90__t239                          1.815
xdut.topn__t479                        1.95546
xdut.\$99__t121                          1.815
xdut.topn__t478                        1.95546
xdut.\$90__t238                          1.815
xdut.topn__t477                        1.95546
xdut.\$99__t120                          1.815
xdut.topn__t476                        1.95546
xdut.\$90__t237                          1.815
xdut.topn__t475                        1.95546
xdut.\$99__t119                          1.815
xdut.topn__t474                        1.95546
xdut.\$90__t236                          1.815
xdut.topn__t473                        1.95546
xdut.\$99__t118                          1.815
xdut.topn__t472                        1.95546
xdut.\$90__t66                           1.815
xdut.topn__t129                        1.95546
xdut.\$99__t41                           1.815
xdut.topn__t118                        1.95546
xdut.\$90__t54                           1.815
xdut.topn__t107                        1.95546
xdut.\$99__t35                           1.815
xdut.topn__t106                        1.95546
xdut.\$90__t53                           1.815
xdut.topn__t105                        1.95546
xdut.\$99__t34                           1.815
xdut.topn__t104                        1.95546
xdut.\$90__t68                           1.815
xdut.topn__t133                        1.95546
xdut.\$99__t47                           1.815
xdut.topn__t132                        1.95546
xdut.\$90__t67                           1.815
xdut.topn__t131                        1.95546
xdut.\$99__t46                           1.815
xdut.topn__t130                        1.95546
xdut.\$90__t241                          1.815
xdut.topn__t484                        1.95546
xdut.\$99__t15                           1.815
xdut.topn__t40                         1.95546
xdut.\$90__t24                           1.815
xdut.topn__t49                         1.95546
xdut.\$99__t19                           1.815
xdut.topn__t48                         1.95546
xdut.\$90__t23                           1.815
xdut.topn__t47                         1.95546
xdut.\$99__t18                           1.815
xdut.topn__t46                         1.95546
xdut.\$90__t22                           1.815
xdut.topn__t45                         1.95546
xdut.\$99__t17                           1.815
xdut.topn__t44                         1.95546
xdut.\$90__t21                           1.815
xdut.topn__t43                         1.95546
xdut.\$99__t16                           1.815
xdut.topn__t42                         1.95546
xdut.\$90__t20                           1.815
xdut.topn__t41                         1.95546
xdut.\$99__t8                            1.815
xdut.topn__t26                         1.95546
xdut.\$90__t12                           1.815
xdut.topn__t25                         1.95546
xdut.\$99__t23                           1.815
xdut.topn__t56                         1.95546
xdut.\$10__t229                        1.81499
xdut.topp__t452                        1.75626
xdut.\$12__t105                        1.81499
xdut.topp__t451                        1.75626
xdut.\$10__t228                        1.81499
xdut.topp__t450                        1.75626
xdut.\$12__t104                        1.81499
xdut.topp__t449                        1.75626
xdut.\$10__t72                         1.81499
xdut.topp__t144                        1.75626
xdut.\$12__t37                         1.81499
xdut.topp__t143                        1.75626
xdut.\$10__t71                         1.81499
xdut.topp__t142                        1.75626
xdut.\$12__t36                         1.81499
xdut.topp__t141                        1.75626
xdut.\$10__t235                        1.81499
xdut.topp__t465                        1.75626
xdut.\$12__t112                        1.81499
xdut.topp__t464                        1.75626
xdut.\$10__t105                        1.81499
xdut.topp__t209                        1.75626
xdut.\$12__t117                        1.81499
xdut.topp__t473                        1.75626
xdut.\$10__t241                        1.81499
xdut.topp__t479                        1.75626
xdut.\$12__t124                        1.81499
xdut.topp__t486                        1.75626
xdut.\$10__t244                        1.81499
xdut.topp__t485                        1.75626
xdut.\$12__t123                        1.81499
xdut.topp__t484                        1.75626
xdut.\$10__t227                        1.81499
xdut.topp__t447                        1.75626
xdut.\$12__t102                        1.81499
xdut.topp__t446                        1.75626
xdut.\$10__t226                        1.81499
xdut.topp__t445                        1.75626
xdut.\$12__t99                         1.81499
xdut.topp__t439                        1.75626
xdut.\$10__t222                        1.81499
xdut.topp__t438                        1.75626
xdut.\$12__t81                         1.81499
xdut.topp__t332                        1.75626
xdut.\$10__t209                        1.81499
xdut.topp__t414                        1.75626
xdut.\$12__t90                         1.81499
xdut.topp__t413                        1.75626
xdut.\$10__t208                        1.81499
xdut.topp__t412                        1.75626
xdut.\$12__t89                         1.81499
xdut.topp__t411                        1.75626
xdut.\$10__t207                        1.81499
xdut.topp__t410                        1.75626
xdut.\$12__t88                         1.81499
xdut.topp__t409                        1.75626
xdut.\$10__t211                        1.81499
xdut.topp__t418                        1.75626
xdut.\$12__t92                         1.81499
xdut.topp__t417                        1.75626
xdut.\$10__t210                        1.81499
xdut.topp__t416                        1.75626
xdut.\$12__t91                         1.81499
xdut.topp__t415                        1.75626
xdut.\$90__t232                          1.815
xdut.topn__t463                        1.95546
xdut.\$99__t113                          1.815
xdut.topn__t462                        1.95546
xdut.\$90__t231                          1.815
xdut.topn__t461                        1.95546
xdut.\$99__t112                          1.815
xdut.topn__t460                        1.95546
xdut.\$90__t230                          1.815
xdut.topn__t459                        1.95546
xdut.\$99__t111                          1.815
xdut.topn__t458                        1.95546
xdut.\$90__t229                          1.815
xdut.topn__t457                        1.95546
xdut.\$99__t110                          1.815
xdut.topn__t456                        1.95546
xdut.\$90__t65                           1.815
xdut.topn__t128                        1.95546
xdut.\$99__t45                           1.815
xdut.topn__t127                        1.95546
xdut.\$90__t64                           1.815
xdut.topn__t126                        1.95546
xdut.\$99__t44                           1.815
xdut.topn__t125                        1.95546
xdut.\$90__t63                           1.815
xdut.topn__t124                        1.95546
xdut.\$99__t43                           1.815
xdut.topn__t123                        1.95546
xdut.\$90__t62                           1.815
xdut.topn__t122                        1.95546
xdut.\$99__t42                           1.815
xdut.topn__t121                        1.95546
xdut.\$90__t61                           1.815
xdut.topn__t120                        1.95546
xdut.\$99__t49                           1.815
xdut.topn__t135                        1.95546
xdut.\$90__t242                          1.815
xdut.topn__t485                        1.95546
xdut.\$99__t22                           1.815
xdut.topn__t55                         1.95546
xdut.\$90__t14                           1.815
xdut.topn__t29                         1.95546
xdut.\$99__t9                            1.815
xdut.topn__t28                         1.95546
xdut.\$90__t13                           1.815
xdut.topn__t27                         1.95546
xdut.\$99__t32                           1.815
xdut.topn__t87                         1.95546
xdut.\$90__t27                           1.815
xdut.topn__t54                         1.95546
xdut.\$99__t21                           1.815
xdut.topn__t53                         1.95546
xdut.\$90__t26                           1.815
xdut.topn__t52                         1.95546
xdut.\$99__t20                           1.815
xdut.topn__t51                         1.95546
xdut.\$90__t25                           1.815
xdut.topn__t50                         1.95546
xdut.\$99__t26                           1.815
xdut.topn__t65                         1.95546
xdut.\$90__t32                           1.815
xdut.topn__t64                         1.95546
xdut.\$99__t25                           1.815
xdut.topn__t63                         1.95546
xdut.\$12__t107                        1.81499
xdut.topp__t455                        1.75626
xdut.\$10__t230                        1.81499
xdut.topp__t454                        1.75626
xdut.\$12__t106                        1.81499
xdut.topp__t453                        1.75626
xdut.\$10__t68                         1.81499
xdut.topp__t136                        1.75626
xdut.\$12__t114                        1.81499
xdut.topp__t467                        1.75626
xdut.\$10__t236                        1.81499
xdut.topp__t468                        1.75626
xdut.\$12__t35                         1.81499
xdut.topp__t140                        1.75626
xdut.\$10__t70                         1.81499
xdut.topp__t139                        1.75626
xdut.\$12__t34                         1.81499
xdut.topp__t138                        1.75626
xdut.\$10__t69                         1.81499
xdut.topp__t137                        1.75626
xdut.\$12__t50                         1.81499
xdut.topp__t205                        1.75626
xdut.\$10__t225                        1.81499
xdut.topp__t444                        1.75626
xdut.\$12__t101                        1.81499
xdut.topp__t443                        1.75626
xdut.\$10__t224                        1.81499
xdut.topp__t442                        1.75626
xdut.\$12__t100                        1.81499
xdut.topp__t441                        1.75626
xdut.\$10__t223                        1.81499
xdut.topp__t440                        1.75626
xdut.\$12__t119                        1.81499
xdut.topp__t476                        1.75626
xdut.\$10__t239                        1.81499
xdut.topp__t475                        1.75626
xdut.\$12__t118                        1.81499
xdut.topp__t474                        1.75626
xdut.\$10__t240                        1.81499
xdut.topp__t478                        1.75626
xdut.\$12__t120                        1.81499
xdut.topp__t477                        1.75626
xdut.\$10__t158                        1.81499
xdut.topp__t315                        1.75626
xdut.\$12__t86                         1.81499
xdut.topp__t406                        1.75626
xdut.\$10__t202                        1.81499
xdut.topp__t399                        1.75626
xdut.\$12__t127                        1.81499
xdut.topp__t511                        1.75626
xdut.\$10__t256                        1.81499
xdut.topp__t509                        1.75626
xdut.\$12__t126                        1.81499
xdut.topp__t508                        1.75626
xdut.\$10__t255                        1.81499
xdut.topp__t507                        1.75626
xdut.\$12__t125                        1.81499
xdut.topp__t506                        1.75626
xdut.\$10__t254                        1.81499
xdut.topp__t505                        1.75626
xdut.\$12__t96                         1.81499
xdut.topp__t428                        1.75626
xdut.\$10__t217                        1.81499
xdut.topp__t427                        1.75626
xdut.\$99__t114                          1.815
xdut.topn__t465                        1.95546
xdut.\$90__t233                          1.815
xdut.topn__t464                        1.95546
xdut.\$99__t117                          1.815
xdut.topn__t471                        1.95546
xdut.\$90__t240                          1.815
xdut.topn__t480                        1.95546
xdut.\$99__t116                          1.815
xdut.topn__t469                        1.95546
xdut.\$90__t235                          1.815
xdut.topn__t468                        1.95546
xdut.\$99__t115                          1.815
xdut.topn__t467                        1.95546
xdut.\$90__t234                          1.815
xdut.topn__t466                        1.95546
xdut.\$99__t40                           1.815
xdut.topn__t117                        1.95546
xdut.\$90__t59                           1.815
xdut.topn__t116                        1.95546
xdut.\$99__t39                           1.815
xdut.topn__t115                        1.95546
xdut.\$90__t58                           1.815
xdut.topn__t114                        1.95546
xdut.\$99__t38                           1.815
xdut.topn__t113                        1.95546
xdut.\$90__t57                           1.815
xdut.topn__t112                        1.95546
xdut.\$99__t37                           1.815
xdut.topn__t111                        1.95546
xdut.\$90__t56                           1.815
xdut.topn__t110                        1.95546
xdut.\$99__t36                           1.815
xdut.topn__t109                        1.95546
xdut.\$90__t55                           1.815
xdut.topn__t108                        1.95546
xdut.\$99__t123                          1.815
xdut.topn__t486                        1.95546
xdut.\$90__t19                           1.815
xdut.topn__t39                         1.95546
xdut.\$99__t14                           1.815
xdut.topn__t38                         1.95546
xdut.\$90__t18                           1.815
xdut.topn__t37                         1.95546
xdut.\$99__t13                           1.815
xdut.topn__t36                         1.95546
xdut.\$90__t17                           1.815
xdut.topn__t35                         1.95546
xdut.\$99__t12                           1.815
xdut.topn__t34                         1.95546
xdut.\$90__t16                           1.815
xdut.topn__t33                         1.95546
xdut.\$99__t11                           1.815
xdut.topn__t32                         1.95546
xdut.\$90__t15                           1.815
xdut.topn__t31                         1.95546
xdut.\$99__t10                           1.815
xdut.topn__t30                         1.95546
xdut.\$90__t34                           1.815
xdut.topn__t68                         1.95546
xdut.\$99__t27                           1.815
xdut.topn__t67                         1.95546
xdut.\$90__t33                           1.815
xdut.topn__t66                         1.95546
xdut.\$12__t0                          1.81499
xdut.topp__t0                          1.75626
xdut.\$10__t81                         1.81499
xdut.topp__t162                        1.75626
xdut.\$12__t41                         1.81499
xdut.topp__t161                        1.75626
xdut.\$10__t75                         1.81499
xdut.topp__t150                        1.75626
xdut.\$12__t40                         1.81499
xdut.topp__t149                        1.75626
xdut.\$10__t74                         1.81499
xdut.topp__t148                        1.75626
xdut.\$12__t39                         1.81499
xdut.topp__t147                        1.75626
xdut.\$10__t73                         1.81499
xdut.topp__t146                        1.75626
xdut.\$12__t38                         1.81499
xdut.topp__t145                        1.75626
xdut.\$10__t83                         1.81499
xdut.topp__t165                        1.75626
xdut.\$12__t51                         1.81499
xdut.topp__t206                        1.75626
xdut.\$10__t65                         1.81499
xdut.topp__t132                        1.75626
xdut.\$12__t33                         1.81499
xdut.topp__t131                        1.75626
xdut.\$10__t64                         1.81499
xdut.topp__t130                        1.75626
xdut.\$12__t32                         1.81499
xdut.topp__t129                        1.75626
xdut.\$10__t63                         1.81499
xdut.topp__t128                        1.75626
xdut.\$12__t31                         1.81499
xdut.topp__t127                        1.75626
xdut.\$10__t62                         1.81499
xdut.topp__t126                        1.75626
xdut.\$12__t30                         1.81499
xdut.topp__t125                        1.75626
xdut.\$10__t61                         1.81499
xdut.topp__t124                        1.75626
xdut.\$12__t29                         1.81499
xdut.topp__t123                        1.75626
xdut.\$10__t157                        1.81499
xdut.topp__t311                        1.75626
xdut.\$12__t97                         1.81499
xdut.topp__t430                        1.75626
xdut.\$10__t218                        1.81499
xdut.topp__t429                        1.75626
xdut.\$12__t85                         1.81499
xdut.topp__t404                        1.75626
xdut.\$10__t204                        1.81499
xdut.topp__t403                        1.75626
xdut.\$12__t84                         1.81499
xdut.topp__t402                        1.75626
xdut.\$10__t203                        1.81499
xdut.topp__t401                        1.75626
xdut.\$12__t83                         1.81499
xdut.topp__t400                        1.75626
xdut.\$10__t205                        1.81499
xdut.topp__t405                        1.75626
xdut.\$12__t82                         1.81499
xdut.topp__t398                        1.75626
xdut.\$10__t201                        1.81499
xdut.topp__t397                        1.75626
xdut.\$99__t94                           1.815
xdut.topn__t395                        1.95546
xdut.\$90__t199                          1.815
xdut.topn__t394                        1.95546
xdut.\$99__t93                           1.815
xdut.topn__t393                        1.95546
xdut.\$90__t198                          1.815
xdut.topn__t392                        1.95546
xdut.\$99__t92                           1.815
xdut.topn__t391                        1.95546
xdut.\$90__t197                          1.815
xdut.topn__t390                        1.95546
xdut.\$99__t91                           1.815
xdut.topn__t389                        1.95546
xdut.\$90__t196                          1.815
xdut.topn__t388                        1.95546
xdut.\$99__t28                           1.815
xdut.topn__t72                         1.95546
xdut.\$90__t60                           1.815
xdut.topn__t119                        1.95546
xdut.\$99__t48                           1.815
xdut.topn__t134                        1.95546
xdut.\$90__t38                           1.815
xdut.topn__t77                         1.95546
xdut.\$99__t30                           1.815
xdut.topn__t76                         1.95546
xdut.\$90__t37                           1.815
xdut.topn__t75                         1.95546
xdut.\$99__t29                           1.815
xdut.topn__t74                         1.95546
xdut.\$90__t40                           1.815
xdut.topn__t80                         1.95546
xdut.\$99__t31                           1.815
xdut.topn__t79                         1.95546
xdut.\$90__t39                           1.815
xdut.topn__t78                         1.95546
xdut.\$99__t122                          1.815
xdut.topn__t481                        1.95546
xdut.\$90__t245                          1.815
xdut.topn__t492                        1.95546
xdut.\$99__t127                          1.815
xdut.topn__t503                        1.95546
xdut.\$90__t51                           1.815
xdut.topn__t102                        1.95546
xdut.\$99__t33                           1.815
xdut.topn__t101                        1.95546
xdut.\$90__t50                           1.815
xdut.topn__t100                        1.95546
xdut.\$99__t124                          1.815
xdut.topn__t487                        1.95546
xdut.\$90__t243                          1.815
xdut.topn__t488                        1.95546
xdut.\$99__t125                          1.815
xdut.topn__t489                        1.95546
xdut.\$90__t244                          1.815
xdut.topn__t490                        1.95546
xdut.\$99__t126                          1.815
xdut.topn__t491                        1.95546
xdut.\$90__t29                           1.815
xdut.topn__t59                         1.95546
xdut.\$99__t24                           1.815
xdut.topn__t58                         1.95546
xdut.\$90__t28                           1.815
xdut.topn__t57                         1.95546
xdut.\$14__t17                           1.815
xdut.topp__t110                        1.75626
xdut.\$10__t54                         1.81499
xdut.topp__t109                        1.75626
xdut.\$14__t16                           1.815
xdut.topp__t108                        1.75626
xdut.\$10__t53                         1.81499
xdut.topp__t107                        1.75626
xdut.\$14__t15                           1.815
xdut.topp__t106                        1.75626
xdut.\$10__t52                         1.81499
xdut.topp__t105                        1.75626
xdut.\$14__t14                           1.815
xdut.topp__t104                        1.75626
xdut.\$10__t76                         1.81499
xdut.topp__t151                        1.75626
xdut.\$14__t20                           1.815
xdut.topp__t164                        1.75626
xdut.\$10__t82                         1.81499
xdut.topp__t163                        1.75626
xdut.\$14__t31                           1.815
xdut.topp__t208                        1.75626
xdut.\$10__t66                         1.81499
xdut.topp__t134                        1.75626
xdut.\$14__t19                           1.815
xdut.topp__t133                        1.75626
xdut.\$10__t60                         1.81499
xdut.topp__t122                        1.75626
xdut.\$14__t18                           1.815
xdut.topp__t116                        1.75626
xdut.\$10__t103                        1.81499
xdut.topp__t203                        1.75626
xdut.\$14__t30                           1.815
xdut.topp__t202                        1.75626
xdut.\$10__t102                        1.81499
xdut.topp__t201                        1.75626
xdut.\$14__t29                           1.815
xdut.topp__t200                        1.75626
xdut.\$10__t101                        1.81499
xdut.topp__t199                        1.75626
xdut.\$14__t27                           1.815
xdut.topp__t182                        1.75626
xdut.\$10__t168                        1.81499
xdut.topp__t334                        1.75626
xdut.\$14__t62                           1.815
xdut.topp__t390                        1.75626
xdut.\$10__t197                        1.81499
xdut.topp__t389                        1.75626
xdut.\$14__t61                           1.815
xdut.topp__t388                        1.75626
xdut.\$10__t196                        1.81499
xdut.topp__t387                        1.75626
xdut.\$14__t60                           1.815
xdut.topp__t386                        1.75626
xdut.\$10__t195                        1.81499
xdut.topp__t385                        1.75626
xdut.\$14__t59                           1.815
xdut.topp__t384                        1.75626
xdut.\$10__t213                        1.81499
xdut.topp__t421                        1.75626
xdut.\$14__t63                           1.815
xdut.topp__t436                        1.75626
xdut.\$10__t221                        1.81499
xdut.topp__t435                        1.75626
xdut.\$107__t51                          1.815
xdut.topn__t405                        1.95546
xdut.\$90__t204                          1.815
xdut.topn__t404                        1.95546
xdut.\$107__t50                          1.815
xdut.topn__t403                        1.95546
xdut.\$90__t203                          1.815
xdut.topn__t402                        1.95546
xdut.\$107__t49                          1.815
xdut.topn__t401                        1.95546
xdut.\$90__t202                          1.815
xdut.topn__t400                        1.95546
xdut.\$107__t48                          1.815
xdut.topn__t399                        1.95546
xdut.\$90__t201                          1.815
xdut.topn__t398                        1.95546
xdut.\$107__t5                           1.815
xdut.topn__t73                         1.95546
xdut.\$90__t49                           1.815
xdut.topn__t99                         1.95546
xdut.\$107__t9                           1.815
xdut.topn__t98                         1.95546
xdut.\$90__t48                           1.815
xdut.topn__t97                         1.95546
xdut.\$107__t8                           1.815
xdut.topn__t86                         1.95546
xdut.\$90__t43                           1.815
xdut.topn__t85                         1.95546
xdut.\$107__t7                           1.815
xdut.topn__t84                         1.95546
xdut.\$90__t42                           1.815
xdut.topn__t83                         1.95546
xdut.\$107__t6                           1.815
xdut.topn__t82                         1.95546
xdut.\$90__t41                           1.815
xdut.topn__t81                         1.95546
xdut.\$107__t58                          1.815
xdut.topn__t482                        1.95546
xdut.\$90__t246                          1.815
xdut.topn__t493                        1.95546
xdut.\$107__t59                          1.815
xdut.topn__t494                        1.95546
xdut.\$90__t247                          1.815
xdut.topn__t495                        1.95546
xdut.\$107__t63                          1.815
xdut.topn__t511                        1.95546
xdut.\$90__t254                          1.815
xdut.topn__t509                        1.95546
xdut.\$107__t62                          1.815
xdut.topn__t508                        1.95546
xdut.\$90__t253                          1.815
xdut.topn__t507                        1.95546
xdut.\$107__t61                          1.815
xdut.topn__t506                        1.95546
xdut.\$90__t252                          1.815
xdut.topn__t505                        1.95546
xdut.\$107__t60                          1.815
xdut.topn__t504                        1.95546
xdut.\$90__t31                           1.815
xdut.topn__t62                         1.95546
xdut.\$107__t4                           1.815
xdut.topn__t61                         1.95546
xdut.\$90__t30                           1.815
xdut.topn__t60                         1.95546
xdut.\$16__t14                           1.815
xdut.topp__t160                        1.75626
xdut.\$10__t80                         1.81499
xdut.topp__t159                        1.75626
xdut.\$16__t13                           1.815
xdut.topp__t158                        1.75626
xdut.\$10__t79                         1.81499
xdut.topp__t157                        1.75626
xdut.\$16__t12                           1.815
xdut.topp__t156                        1.75626
xdut.\$10__t78                         1.81499
xdut.topp__t155                        1.75626
xdut.\$16__t11                           1.815
xdut.topp__t154                        1.75626
xdut.\$10__t77                         1.81499
xdut.topp__t153                        1.75626
xdut.\$16__t10                           1.815
xdut.topp__t152                        1.75626
xdut.\$10__t84                         1.81499
xdut.topp__t166                        1.75626
xdut.\$16__t15                           1.815
xdut.topp__t204                        1.75626
xdut.\$10__t57                         1.81499
xdut.topp__t115                        1.75626
xdut.\$16__t9                            1.815
xdut.topp__t114                        1.75626
xdut.\$10__t56                         1.81499
xdut.topp__t113                        1.75626
xdut.\$16__t8                            1.815
xdut.topp__t112                        1.75626
xdut.\$10__t55                         1.81499
xdut.topp__t111                        1.75626
xdut.\$18__t3                            1.815
xdut.topp__t117                        1.75626
xdut.\$10__t59                         1.81499
xdut.topp__t121                        1.75626
xdut.\$18__t5                            1.815
xdut.topp__t120                        1.75626
xdut.\$10__t67                         1.81499
xdut.topp__t135                        1.75626
xdut.\$18__t4                            1.815
xdut.topp__t118                        1.75626
xdut.\$10__t125                        1.81499
xdut.topp__t247                        1.75626
xdut.\$18__t13                           1.815
xdut.topp__t432                        1.75626
xdut.\$10__t219                        1.81499
xdut.topp__t431                        1.75626
xdut.\$20__t7                            1.815
xdut.topp__t396                        1.75626
xdut.\$10__t200                        1.81499
xdut.topp__t395                        1.75626
xdut.\$20__t6                            1.815
xdut.topp__t394                        1.75626
xdut.\$10__t199                        1.81499
xdut.topp__t393                        1.75626
xdut.\$22__t3                            1.815
xdut.topp__t392                        1.75626
xdut.\$10__t198                        1.81499
xdut.topp__t391                        1.75626
xdut.\$26__t0                          1.81499
xdut.topp__t434                        1.75626
xdut.\$10__t220                        1.81499
xdut.topp__t433                        1.75626
xdut.\$115__t30                          1.815
xdut.topn__t397                        1.95546
xdut.\$90__t200                          1.815
xdut.topn__t396                        1.95546
xdut.\$115__t29                          1.815
xdut.topn__t387                        1.95546
xdut.\$90__t195                          1.815
xdut.topn__t386                        1.95546
xdut.\$115__t28                          1.815
xdut.topn__t385                        1.95546
xdut.\$90__t194                          1.815
xdut.topn__t384                        1.95546
xdut.\$115__t31                          1.815
xdut.topn__t407                        1.95546
xdut.\$90__t205                          1.815
xdut.topn__t406                        1.95546
xdut.\$115__t3                           1.815
xdut.topn__t96                         1.95546
xdut.\$90__t47                           1.815
xdut.topn__t95                         1.95546
xdut.\$115__t2                           1.815
xdut.topn__t94                         1.95546
xdut.\$90__t46                           1.815
xdut.topn__t93                         1.95546
xdut.\$115__t1                           1.815
xdut.topn__t92                         1.95546
xdut.\$90__t45                           1.815
xdut.topn__t91                         1.95546
xdut.\$115__t0                           1.815
xdut.topn__t90                         1.95546
xdut.\$90__t44                           1.815
xdut.topn__t89                         1.95546
xdut.\$123__t0                           1.815
xdut.topn__t88                         1.95546
xdut.\$90__t52                           1.815
xdut.topn__t103                        1.95546
xdut.\$123__t13                          1.815
xdut.topn__t483                        1.95546
xdut.\$90__t251                          1.815
xdut.topn__t502                        1.95546
xdut.\$123__t15                          1.815
xdut.topn__t501                        1.95546
xdut.\$90__t250                          1.815
xdut.topn__t500                        1.95546
xdut.\$123__t14                          1.815
xdut.topn__t499                        1.95546
xdut.\$90__t249                          1.815
xdut.topn__t498                        1.95546
xdut.\$131__t7                           1.815
xdut.topn__t497                        1.95546
xdut.\$90__t255                          1.815
xdut.topn__t510                        1.95546
xdut.\$131__t6                           1.815
xdut.topn__t470                        1.95546
xdut.\$90__t228                          1.815
xdut.topn__t455                        1.95546
xdut.\$139__t0                           1.815
xdut.topn__t0                          1.95546
xdut.\$90__t36                           1.815
xdut.topn__t71                         1.95546
xdut.\$155__t0                           1.815
xdut.topn__t70                         1.95546
xdut.\$90__t35                           1.815
xdut.topn__t69                         1.95546
xdut.\$10__t124                        1.81499
xdut.topp__t246                        1.75626
xdut.vcm__t0                             1.815
xdut.topp__t245                        1.75626
xdut.\$10__t123                        1.81499
xdut.topp__t244                        1.75626
xdut.\$22__t0                            1.815
xdut.topp__t243                        1.75626
xdut.\$10__t122                        1.81499
xdut.topp__t242                        1.75626
xdut.\$20__t1                            1.815
xdut.topp__t241                        1.75626
xdut.\$10__t121                        1.81499
xdut.topp__t240                        1.75626
xdut.\$20__t0                            1.815
xdut.topp__t239                        1.75626
xdut.\$10__t120                        1.81499
xdut.topp__t238                        1.75626
xdut.\$18__t8                            1.815
xdut.topp__t237                        1.75626
xdut.\$10__t119                        1.81499
xdut.topp__t236                        1.75626
xdut.\$18__t7                            1.815
xdut.topp__t235                        1.75626
xdut.\$10__t118                        1.81499
xdut.topp__t234                        1.75626
xdut.\$18__t6                            1.815
xdut.topp__t233                        1.75626
xdut.\$10__t117                        1.81499
xdut.topp__t232                        1.75626
xdut.\$18__t10                           1.815
xdut.topp__t263                        1.75626
xdut.\$10__t166                        1.81499
xdut.topp__t330                        1.75626
xdut.\$16__t22                           1.815
xdut.topp__t329                        1.75626
xdut.\$10__t165                        1.81499
xdut.topp__t328                        1.75626
xdut.\$16__t21                           1.815
xdut.topp__t327                        1.75626
xdut.\$10__t164                        1.81499
xdut.topp__t326                        1.75626
xdut.\$16__t20                           1.815
xdut.topp__t325                        1.75626
xdut.\$10__t163                        1.81499
xdut.topp__t324                        1.75626
xdut.\$16__t19                           1.815
xdut.topp__t323                        1.75626
xdut.\$10__t162                        1.81499
xdut.topp__t322                        1.75626
xdut.\$16__t18                           1.815
xdut.topp__t321                        1.75626
xdut.\$10__t161                        1.81499
xdut.topp__t320                        1.75626
xdut.\$16__t17                           1.815
xdut.topp__t319                        1.75626
xdut.\$10__t160                        1.81499
xdut.topp__t318                        1.75626
xdut.\$16__t16                           1.815
xdut.topp__t317                        1.75626
xdut.\$10__t159                        1.81499
xdut.topp__t316                        1.75626
xdut.\$16__t23                           1.815
xdut.topp__t331                        1.75626
xdut.\$90__t74                           1.815
xdut.topn__t146                        1.95546
xdut.vcm__t1                             1.815
xdut.topn__t145                        1.95546
xdut.\$90__t73                           1.815
xdut.topn__t144                        1.95546
xdut.\$139__t1                           1.815
xdut.topn__t143                        1.95546
xdut.\$90__t72                           1.815
xdut.topn__t142                        1.95546
xdut.\$131__t1                           1.815
xdut.topn__t141                        1.95546
xdut.\$90__t71                           1.815
xdut.topn__t140                        1.95546
xdut.\$131__t0                           1.815
xdut.topn__t139                        1.95546
xdut.\$90__t178                          1.815
xdut.topn__t352                        1.95546
xdut.\$123__t5                           1.815
xdut.topn__t353                        1.95546
xdut.\$90__t179                          1.815
xdut.topn__t354                        1.95546
xdut.\$123__t6                           1.815
xdut.topn__t355                        1.95546
xdut.\$90__t180                          1.815
xdut.topn__t356                        1.95546
xdut.\$123__t11                          1.815
xdut.topn__t378                        1.95546
xdut.\$90__t193                          1.815
xdut.topn__t382                        1.95546
xdut.\$123__t10                          1.815
xdut.topn__t367                        1.95546
xdut.\$90__t163                          1.815
xdut.topn__t320                        1.95546
xdut.\$115__t12                          1.815
xdut.topn__t321                        1.95546
xdut.\$90__t164                          1.815
xdut.topn__t322                        1.95546
xdut.\$115__t13                          1.815
xdut.topn__t323                        1.95546
xdut.\$90__t165                          1.815
xdut.topn__t324                        1.95546
xdut.\$115__t14                          1.815
xdut.topn__t325                        1.95546
xdut.\$90__t166                          1.815
xdut.topn__t326                        1.95546
xdut.\$115__t15                          1.815
xdut.topn__t327                        1.95546
xdut.\$90__t167                          1.815
xdut.topn__t328                        1.95546
xdut.\$115__t16                          1.815
xdut.topn__t329                        1.95546
xdut.\$90__t168                          1.815
xdut.topn__t330                        1.95546
xdut.\$115__t17                          1.815
xdut.topn__t331                        1.95546
xdut.\$90__t169                          1.815
xdut.topn__t332                        1.95546
xdut.\$115__t18                          1.815
xdut.topn__t333                        1.95546
xdut.\$90__t170                          1.815
xdut.topn__t334                        1.95546
xdut.\$115__t19                          1.815
xdut.topn__t351                        1.95546
xdut.\$10__t90                         1.81499
xdut.topp__t176                        1.75626
xdut.\$14__t2                            1.815
xdut.topp__t38                         1.75626
xdut.\$10__t98                         1.81499
xdut.topp__t194                        1.75626
xdut.\$14__t28                           1.815
xdut.topp__t193                        1.75626
xdut.\$10__t100                        1.81499
xdut.topp__t198                        1.75626
xdut.\$14__t26                           1.815
xdut.topp__t181                        1.75626
xdut.\$10__t92                         1.81499
xdut.topp__t180                        1.75626
xdut.\$14__t25                           1.815
xdut.topp__t179                        1.75626
xdut.\$10__t91                         1.81499
xdut.topp__t178                        1.75626
xdut.\$14__t24                           1.815
xdut.topp__t177                        1.75626
xdut.\$10__t50                         1.81499
xdut.topp__t102                        1.75626
xdut.\$14__t32                           1.815
xdut.topp__t213                        1.75626
xdut.\$10__t88                         1.81499
xdut.topp__t173                        1.75626
xdut.\$14__t22                           1.815
xdut.topp__t172                        1.75626
xdut.\$10__t87                         1.81499
xdut.topp__t171                        1.75626
xdut.\$14__t21                           1.815
xdut.topp__t170                        1.75626
xdut.\$10__t107                        1.81499
xdut.topp__t214                        1.75626
xdut.\$14__t33                           1.815
xdut.topp__t229                        1.75626
xdut.\$10__t108                        1.81499
xdut.topp__t215                        1.75626
xdut.\$14__t23                           1.815
xdut.topp__t174                        1.75626
xdut.\$10__t86                         1.81499
xdut.topp__t169                        1.75626
xdut.\$14__t42                           1.815
xdut.topp__t314                        1.75626
xdut.\$10__t144                        1.81499
xdut.topp__t287                        1.75626
xdut.\$14__t40                           1.815
xdut.topp__t286                        1.75626
xdut.\$10__t36                         1.81499
xdut.topp__t70                         1.75626
xdut.\$14__t6                            1.815
xdut.topp__t69                         1.75626
xdut.\$10__t145                        1.81499
xdut.topp__t288                        1.75626
xdut.\$14__t41                           1.815
xdut.topp__t296                        1.75626
xdut.\$10__t148                        1.81499
xdut.topp__t295                        1.75626
xdut.\$14__t7                            1.815
xdut.topp__t73                         1.75626
xdut.\$10__t37                         1.81499
xdut.topp__t72                         1.75626
xdut.\$14__t39                           1.815
xdut.topp__t285                        1.75626
xdut.\$90__t8                            1.815
xdut.topn__t19                         1.95546
xdut.\$107__t1                           1.815
xdut.topn__t18                         1.95546
xdut.\$90__t7                            1.815
xdut.topn__t17                         1.95546
xdut.\$107__t0                           1.815
xdut.topn__t16                         1.95546
xdut.\$90__t11                           1.815
xdut.topn__t23                         1.95546
xdut.\$107__t3                           1.815
xdut.topn__t24                         1.95546
xdut.\$90__t9                            1.815
xdut.topn__t21                         1.95546
xdut.\$107__t2                           1.815
xdut.topn__t20                         1.95546
xdut.\$90__t127                          1.815
xdut.topn__t250                        1.95546
xdut.\$107__t29                          1.815
xdut.topn__t285                        1.95546
xdut.\$90__t121                          1.815
xdut.topn__t239                        1.95546
xdut.\$107__t25                          1.815
xdut.topn__t251                        1.95546
xdut.\$90__t128                          1.815
xdut.topn__t252                        1.95546
xdut.\$107__t26                          1.815
xdut.topn__t255                        1.95546
xdut.\$90__t144                          1.815
xdut.topn__t286                        1.95546
xdut.\$107__t27                          1.815
xdut.topn__t271                        1.95546
xdut.\$90__t120                          1.815
xdut.topn__t238                        1.95546
xdut.\$107__t57                          1.815
xdut.topn__t453                        1.95546
xdut.\$90__t108                          1.815
xdut.topn__t214                        1.95546
xdut.\$107__t52                          1.815
xdut.topn__t412                        1.95546
xdut.\$90__t209                          1.815
xdut.topn__t416                        1.95546
xdut.\$107__t55                          1.815
xdut.topn__t417                        1.95546
xdut.\$90__t210                          1.815
xdut.topn__t418                        1.95546
xdut.\$107__t53                          1.815
xdut.topn__t413                        1.95546
xdut.\$90__t208                          1.815
xdut.topn__t414                        1.95546
xdut.\$107__t54                          1.815
xdut.topn__t415                        1.95546
xdut.\$90__t220                          1.815
xdut.topn__t437                        1.95546
xdut.\$107__t56                          1.815
xdut.topn__t423                        1.95546
xdut.\$90__t248                          1.815
xdut.topn__t496                        1.95546
xdut.\$107__t46                          1.815
xdut.topn__t336                        1.95546
xdut.\$90__t171                          1.815
xdut.topn__t337                        1.95546
xdut.\$107__t47                          1.815
xdut.topn__t338                        1.95546
xdut.\$10__t97                         1.81499
xdut.topp__t192                        1.75626
xdut.\$12__t47                         1.81499
xdut.topp__t191                        1.75626
xdut.\$10__t96                         1.81499
xdut.topp__t190                        1.75626
xdut.\$12__t46                         1.81499
xdut.topp__t189                        1.75626
xdut.\$10__t95                         1.81499
xdut.topp__t188                        1.75626
xdut.\$12__t45                         1.81499
xdut.topp__t187                        1.75626
xdut.\$10__t94                         1.81499
xdut.topp__t186                        1.75626
xdut.\$12__t44                         1.81499
xdut.topp__t185                        1.75626
xdut.\$10__t93                         1.81499
xdut.topp__t184                        1.75626
xdut.\$12__t43                         1.81499
xdut.topp__t183                        1.75626
xdut.\$10__t48                         1.81499
xdut.topp__t98                         1.75626
xdut.\$12__t57                         1.81499
xdut.topp__t222                        1.75626
xdut.\$10__t111                        1.81499
xdut.topp__t221                        1.75626
xdut.\$12__t56                         1.81499
xdut.topp__t220                        1.75626
xdut.\$10__t114                        1.81499
xdut.topp__t228                        1.75626
xdut.\$12__t60                         1.81499
xdut.topp__t227                        1.75626
xdut.\$10__t113                        1.81499
xdut.topp__t226                        1.75626
xdut.\$12__t59                         1.81499
xdut.topp__t225                        1.75626
xdut.\$10__t85                         1.81499
xdut.topp__t168                        1.75626
xdut.\$12__t42                         1.81499
xdut.topp__t167                        1.75626
xdut.\$10__t115                        1.81499
xdut.topp__t230                        1.75626
xdut.\$12__t79                         1.81499
xdut.topp__t312                        1.75626
xdut.\$10__t143                        1.81499
xdut.topp__t284                        1.75626
xdut.\$12__t70                         1.81499
xdut.topp__t283                        1.75626
xdut.\$10__t142                        1.81499
xdut.topp__t282                        1.75626
xdut.\$12__t69                         1.81499
xdut.topp__t281                        1.75626
xdut.\$10__t141                        1.81499
xdut.topp__t280                        1.75626
xdut.\$12__t68                         1.81499
xdut.topp__t279                        1.75626
xdut.\$10__t140                        1.81499
xdut.topp__t278                        1.75626
xdut.\$12__t67                         1.81499
xdut.topp__t277                        1.75626
xdut.\$10__t116                        1.81499
xdut.topp__t231                        1.75626
xdut.\$12__t19                         1.81499
xdut.topp__t71                         1.75626
xdut.\$90__t10                           1.815
xdut.topn__t22                         1.95546
xdut.\$99__t7                            1.815
xdut.topn__t15                         1.95546
xdut.\$90__t6                            1.815
xdut.topn__t14                         1.95546
xdut.\$99__t6                            1.815
xdut.topn__t13                         1.95546
xdut.\$90__t1                            1.815
xdut.topn__t4                          1.95546
xdut.\$99__t1                            1.815
xdut.topn__t3                          1.95546
xdut.\$90__t0                            1.815
xdut.topn__t2                          1.95546
xdut.\$99__t0                            1.815
xdut.topn__t1                          1.95546
xdut.\$90__t122                          1.815
xdut.topn__t240                        1.95546
xdut.\$99__t71                           1.815
xdut.topn__t241                        1.95546
xdut.\$90__t123                          1.815
xdut.topn__t242                        1.95546
xdut.\$99__t72                           1.815
xdut.topn__t243                        1.95546
xdut.\$90__t124                          1.815
xdut.topn__t244                        1.95546
xdut.\$99__t73                           1.815
xdut.topn__t245                        1.95546
xdut.\$90__t125                          1.815
xdut.topn__t246                        1.95546
xdut.\$99__t74                           1.815
xdut.topn__t247                        1.95546
xdut.\$90__t126                          1.815
xdut.topn__t248                        1.95546
xdut.\$99__t75                           1.815
xdut.topn__t249                        1.95546
xdut.\$90__t106                          1.815
xdut.topn__t211                        1.95546
xdut.\$99__t97                           1.815
xdut.topn__t419                        1.95546
xdut.\$90__t211                          1.815
xdut.topn__t420                        1.95546
xdut.\$99__t98                           1.815
xdut.topn__t421                        1.95546
xdut.\$90__t212                          1.815
xdut.topn__t422                        1.95546
xdut.\$99__t103                          1.815
xdut.topn__t433                        1.95546
xdut.\$90__t218                          1.815
xdut.topn__t434                        1.95546
xdut.\$99__t104                          1.815
xdut.topn__t435                        1.95546
xdut.\$90__t219                          1.815
xdut.topn__t436                        1.95546
xdut.\$99__t96                           1.815
xdut.topn__t410                        1.95546
xdut.\$90__t207                          1.815
xdut.topn__t411                        1.95546
xdut.\$99__t85                           1.815
xdut.topn__t339                        1.95546
xdut.\$90__t172                          1.815
xdut.topn__t340                        1.95546
xdut.\$99__t86                           1.815
xdut.topn__t341                        1.95546
xdut.\$10__t19                         1.81499
xdut.topp__t37                         1.75626
xdut.\$12__t7                          1.81499
xdut.topp__t36                         1.75626
xdut.\$10__t18                         1.81499
xdut.topp__t35                         1.75626
xdut.\$12__t6                          1.81499
xdut.topp__t34                         1.75626
xdut.\$10__t17                         1.81499
xdut.topp__t33                         1.75626
xdut.\$12__t5                          1.81499
xdut.topp__t32                         1.75626
xdut.\$10__t58                         1.81499
xdut.topp__t119                        1.75626
xdut.\$12__t49                         1.81499
xdut.topp__t197                        1.75626
xdut.\$10__t99                         1.81499
xdut.topp__t196                        1.75626
xdut.\$12__t48                         1.81499
xdut.topp__t195                        1.75626
xdut.\$10__t49                         1.81499
xdut.topp__t100                        1.75626
xdut.\$12__t58                         1.81499
xdut.topp__t224                        1.75626
xdut.\$10__t112                        1.81499
xdut.topp__t223                        1.75626
xdut.\$12__t55                         1.81499
xdut.topp__t219                        1.75626
xdut.\$10__t110                        1.81499
xdut.topp__t218                        1.75626
xdut.\$12__t54                         1.81499
xdut.topp__t217                        1.75626
xdut.\$10__t109                        1.81499
xdut.topp__t216                        1.75626
xdut.\$12__t53                         1.81499
xdut.topp__t212                        1.75626
xdut.\$10__t106                        1.81499
xdut.topp__t211                        1.75626
xdut.\$12__t52                         1.81499
xdut.topp__t210                        1.75626
xdut.\$10__t89                         1.81499
xdut.topp__t175                        1.75626
xdut.\$12__t78                         1.81499
xdut.topp__t310                        1.75626
xdut.\$10__t35                         1.81499
xdut.topp__t68                         1.75626
xdut.\$12__t18                         1.81499
xdut.topp__t67                         1.75626
xdut.\$10__t34                         1.81499
xdut.topp__t66                         1.75626
xdut.\$12__t17                         1.81499
xdut.topp__t65                         1.75626
xdut.\$10__t147                        1.81499
xdut.topp__t294                        1.75626
xdut.\$12__t73                         1.81499
xdut.topp__t293                        1.75626
xdut.\$10__t155                        1.81499
xdut.topp__t308                        1.75626
xdut.\$12__t72                         1.81499
xdut.topp__t291                        1.75626
xdut.\$10__t146                        1.81499
xdut.topp__t290                        1.75626
xdut.\$12__t71                         1.81499
xdut.topp__t289                        1.75626
xdut.\$90__t5                            1.815
xdut.topn__t12                         1.95546
xdut.\$99__t5                            1.815
xdut.topn__t11                         1.95546
xdut.\$90__t4                            1.815
xdut.topn__t10                         1.95546
xdut.\$99__t4                            1.815
xdut.topn__t9                          1.95546
xdut.\$90__t3                            1.815
xdut.topn__t8                          1.95546
xdut.\$99__t3                            1.815
xdut.topn__t7                          1.95546
xdut.\$90__t2                            1.815
xdut.topn__t6                          1.95546
xdut.\$99__t2                            1.815
xdut.topn__t5                          1.95546
xdut.\$90__t130                          1.815
xdut.topn__t254                        1.95546
xdut.\$99__t107                          1.815
xdut.topn__t448                        1.95546
xdut.\$90__t225                          1.815
xdut.topn__t449                        1.95546
xdut.\$99__t108                          1.815
xdut.topn__t450                        1.95546
xdut.\$90__t226                          1.815
xdut.topn__t451                        1.95546
xdut.\$99__t109                          1.815
xdut.topn__t452                        1.95546
xdut.\$90__t227                          1.815
xdut.topn__t454                        1.95546
xdut.\$99__t106                          1.815
xdut.topn__t447                        1.95546
xdut.\$90__t206                          1.815
xdut.topn__t408                        1.95546
xdut.\$99__t95                           1.815
xdut.topn__t409                        1.95546
xdut.\$90__t107                          1.815
xdut.topn__t212                        1.95546
xdut.\$99__t105                          1.815
xdut.topn__t438                        1.95546
xdut.\$90__t213                          1.815
xdut.topn__t424                        1.95546
xdut.\$99__t99                           1.815
xdut.topn__t425                        1.95546
xdut.\$90__t214                          1.815
xdut.topn__t426                        1.95546
xdut.\$99__t100                          1.815
xdut.topn__t427                        1.95546
xdut.\$90__t215                          1.815
xdut.topn__t428                        1.95546
xdut.\$99__t101                          1.815
xdut.topn__t429                        1.95546
xdut.\$90__t216                          1.815
xdut.topn__t430                        1.95546
xdut.\$99__t102                          1.815
xdut.topn__t431                        1.95546
xdut.\$90__t217                          1.815
xdut.topn__t432                        1.95546
xdut.\$99__t87                           1.815
xdut.topn__t342                        1.95546
xdut.\$90__t173                          1.815
xdut.topn__t343                        1.95546
xdut.\$99__t88                           1.815
xdut.topn__t344                        1.95546
xdut.\$12__t13                         1.81499
xdut.topp__t53                         1.75626
xdut.\$10__t28                         1.81499
xdut.topp__t52                         1.75626
xdut.\$12__t12                         1.81499
xdut.topp__t51                         1.75626
xdut.\$10__t27                         1.81499
xdut.topp__t50                         1.75626
xdut.\$12__t11                         1.81499
xdut.topp__t49                         1.75626
xdut.\$10__t26                         1.81499
xdut.topp__t48                         1.75626
xdut.\$12__t16                         1.81499
xdut.topp__t63                         1.75626
xdut.\$10__t24                         1.81499
xdut.topp__t46                         1.75626
xdut.\$12__t10                         1.81499
xdut.topp__t45                         1.75626
xdut.\$10__t23                         1.81499
xdut.topp__t44                         1.75626
xdut.\$12__t27                         1.81499
xdut.topp__t96                         1.75626
xdut.\$10__t10                         1.81499
xdut.topp__t18                         1.75626
xdut.\$12__t2                          1.81499
xdut.topp__t17                         1.75626
xdut.\$10__t9                          1.81499
xdut.topp__t16                         1.75626
xdut.\$12__t4                          1.81499
xdut.topp__t31                         1.75626
xdut.\$10__t11                         1.81499
xdut.topp__t19                         1.75626
xdut.\$12__t26                         1.81499
xdut.topp__t95                         1.75626
xdut.\$10__t43                         1.81499
xdut.topp__t85                         1.75626
xdut.\$12__t20                         1.81499
xdut.topp__t84                         1.75626
xdut.\$10__t33                         1.81499
xdut.topp__t64                         1.75626
xdut.\$12__t3                          1.81499
xdut.topp__t30                         1.75626
xdut.\$10__t156                        1.81499
xdut.topp__t309                        1.75626
xdut.\$12__t74                         1.81499
xdut.topp__t298                        1.75626
xdut.\$10__t149                        1.81499
xdut.topp__t297                        1.75626
xdut.\$12__t66                         1.81499
xdut.topp__t275                        1.75626
xdut.\$10__t139                        1.81499
xdut.topp__t274                        1.75626
xdut.\$12__t65                         1.81499
xdut.topp__t273                        1.75626
xdut.\$10__t138                        1.81499
xdut.topp__t272                        1.75626
xdut.\$12__t64                         1.81499
xdut.topp__t261                        1.75626
xdut.\$10__t132                        1.81499
xdut.topp__t260                        1.75626
xdut.\$12__t75                         1.81499
xdut.topp__t300                        1.75626
xdut.\$10__t150                        1.81499
xdut.topp__t299                        1.75626
xdut.\$99__t51                           1.815
xdut.topn__t163                        1.95546
xdut.\$90__t83                           1.815
xdut.topn__t164                        1.95546
xdut.\$99__t52                           1.815
xdut.topn__t165                        1.95546
xdut.\$90__t88                           1.815
xdut.topn__t175                        1.95546
xdut.\$99__t54                           1.815
xdut.topn__t167                        1.95546
xdut.\$90__t84                           1.815
xdut.topn__t168                        1.95546
xdut.\$99__t55                           1.815
xdut.topn__t169                        1.95546
xdut.\$90__t85                           1.815
xdut.topn__t170                        1.95546
xdut.\$99__t83                           1.815
xdut.topn__t280                        1.95546
xdut.\$90__t142                          1.815
xdut.topn__t281                        1.95546
xdut.\$99__t79                           1.815
xdut.topn__t262                        1.95546
xdut.\$90__t134                          1.815
xdut.topn__t263                        1.95546
xdut.\$99__t80                           1.815
xdut.topn__t274                        1.95546
xdut.\$90__t139                          1.815
xdut.topn__t275                        1.95546
xdut.\$99__t81                           1.815
xdut.topn__t276                        1.95546
xdut.\$90__t140                          1.815
xdut.topn__t277                        1.95546
xdut.\$99__t82                           1.815
xdut.topn__t278                        1.95546
xdut.\$90__t141                          1.815
xdut.topn__t279                        1.95546
xdut.\$99__t60                           1.815
xdut.topn__t213                        1.95546
xdut.\$90__t113                          1.815
xdut.topn__t224                        1.95546
xdut.\$99__t64                           1.815
xdut.topn__t225                        1.95546
xdut.\$90__t119                          1.815
xdut.topn__t236                        1.95546
xdut.\$99__t58                           1.815
xdut.topn__t185                        1.95546
xdut.\$90__t109                          1.815
xdut.topn__t218                        1.95546
xdut.\$99__t62                           1.815
xdut.topn__t219                        1.95546
xdut.\$90__t110                          1.815
xdut.topn__t220                        1.95546
xdut.\$99__t70                           1.815
xdut.topn__t237                        1.95546
xdut.\$90__t112                          1.815
xdut.topn__t222                        1.95546
xdut.\$99__t63                           1.815
xdut.topn__t223                        1.95546
xdut.\$90__t174                          1.815
xdut.topn__t345                        1.95546
xdut.\$99__t89                           1.815
xdut.topn__t346                        1.95546
xdut.\$90__t175                          1.815
xdut.topn__t347                        1.95546
xdut.\$12__t1                          1.81499
xdut.topp__t15                         1.75626
xdut.\$10__t8                          1.81499
xdut.topp__t14                         1.75626
xdut.\$12__t15                         1.81499
xdut.topp__t56                         1.75626
xdut.\$10__t29                         1.81499
xdut.topp__t55                         1.75626
xdut.\$12__t14                         1.81499
xdut.topp__t54                         1.75626
xdut.\$10__t22                         1.81499
xdut.topp__t43                         1.75626
xdut.\$12__t9                          1.81499
xdut.topp__t42                         1.75626
xdut.\$10__t21                         1.81499
xdut.topp__t41                         1.75626
xdut.\$12__t8                          1.81499
xdut.topp__t40                         1.75626
xdut.\$10__t20                         1.81499
xdut.topp__t39                         1.75626
xdut.\$12__t28                         1.81499
xdut.topp__t101                        1.75626
xdut.\$10__t47                         1.81499
xdut.topp__t94                         1.75626
xdut.\$12__t25                         1.81499
xdut.topp__t93                         1.75626
xdut.\$10__t46                         1.81499
xdut.topp__t92                         1.75626
xdut.\$12__t24                         1.81499
xdut.topp__t91                         1.75626
xdut.\$10__t45                         1.81499
xdut.topp__t90                         1.75626
xdut.\$12__t23                         1.81499
xdut.topp__t89                         1.75626
xdut.\$10__t51                         1.81499
xdut.topp__t103                        1.75626
xdut.\$12__t22                         1.81499
xdut.topp__t88                         1.75626
xdut.\$10__t44                         1.81499
xdut.topp__t87                         1.75626
xdut.\$12__t21                         1.81499
xdut.topp__t86                         1.75626
xdut.\$10__t167                        1.81499
xdut.topp__t333                        1.75626
xdut.\$12__t63                         1.81499
xdut.topp__t259                        1.75626
xdut.\$10__t131                        1.81499
xdut.topp__t258                        1.75626
xdut.\$12__t62                         1.81499
xdut.topp__t257                        1.75626
xdut.\$10__t130                        1.81499
xdut.topp__t256                        1.75626
xdut.\$12__t61                         1.81499
xdut.topp__t255                        1.75626
xdut.\$10__t129                        1.81499
xdut.topp__t254                        1.75626
xdut.\$12__t77                         1.81499
xdut.topp__t304                        1.75626
xdut.\$10__t152                        1.81499
xdut.topp__t303                        1.75626
xdut.\$12__t76                         1.81499
xdut.topp__t302                        1.75626
xdut.\$10__t151                        1.81499
xdut.topp__t301                        1.75626
xdut.\$99__t56                           1.815
xdut.topn__t171                        1.95546
xdut.\$90__t86                           1.815
xdut.topn__t172                        1.95546
xdut.\$99__t57                           1.815
xdut.topn__t173                        1.95546
xdut.\$90__t87                           1.815
xdut.topn__t174                        1.95546
xdut.\$99__t53                           1.815
xdut.topn__t166                        1.95546
xdut.\$90__t82                           1.815
xdut.topn__t162                        1.95546
xdut.\$99__t50                           1.815
xdut.topn__t161                        1.95546
xdut.\$90__t81                           1.815
xdut.topn__t160                        1.95546
xdut.\$99__t84                           1.815
xdut.topn__t282                        1.95546
xdut.\$90__t101                          1.815
xdut.topn__t203                        1.95546
xdut.\$99__t59                           1.815
xdut.topn__t204                        1.95546
xdut.\$90__t129                          1.815
xdut.topn__t253                        1.95546
xdut.\$99__t76                           1.815
xdut.topn__t256                        1.95546
xdut.\$90__t131                          1.815
xdut.topn__t257                        1.95546
xdut.\$99__t77                           1.815
xdut.topn__t258                        1.95546
xdut.\$90__t132                          1.815
xdut.topn__t259                        1.95546
xdut.\$99__t78                           1.815
xdut.topn__t260                        1.95546
xdut.\$90__t133                          1.815
xdut.topn__t261                        1.95546
xdut.\$99__t61                           1.815
xdut.topn__t215                        1.95546
xdut.\$90__t114                          1.815
xdut.topn__t226                        1.95546
xdut.\$99__t65                           1.815
xdut.topn__t227                        1.95546
xdut.\$90__t115                          1.815
xdut.topn__t228                        1.95546
xdut.\$99__t66                           1.815
xdut.topn__t229                        1.95546
xdut.\$90__t116                          1.815
xdut.topn__t230                        1.95546
xdut.\$99__t67                           1.815
xdut.topn__t231                        1.95546
xdut.\$90__t117                          1.815
xdut.topn__t232                        1.95546
xdut.\$99__t68                           1.815
xdut.topn__t233                        1.95546
xdut.\$90__t118                          1.815
xdut.topn__t234                        1.95546
xdut.\$99__t69                           1.815
xdut.topn__t235                        1.95546
xdut.\$90__t176                          1.815
xdut.topn__t348                        1.95546
xdut.\$99__t90                           1.815
xdut.topn__t349                        1.95546
xdut.\$90__t177                          1.815
xdut.topn__t350                        1.95546
xdut.\$14__t1                            1.815
xdut.topp__t13                         1.75626
xdut.\$10__t7                          1.81499
xdut.topp__t12                         1.75626
xdut.\$14__t0                            1.815
xdut.topp__t1                          1.75626
xdut.\$10__t25                         1.81499
xdut.topp__t47                         1.75626
xdut.\$14__t5                            1.815
xdut.topp__t62                         1.75626
xdut.\$10__t32                         1.81499
xdut.topp__t61                         1.75626
xdut.\$14__t4                            1.815
xdut.topp__t60                         1.75626
xdut.\$10__t31                         1.81499
xdut.topp__t59                         1.75626
xdut.\$14__t3                            1.815
xdut.topp__t58                         1.75626
xdut.\$10__t30                         1.81499
xdut.topp__t57                         1.75626
xdut.\$14__t13                           1.815
xdut.topp__t99                         1.75626
xdut.\$10__t42                         1.81499
xdut.topp__t83                         1.75626
xdut.\$14__t12                           1.815
xdut.topp__t82                         1.75626
xdut.\$10__t41                         1.81499
xdut.topp__t81                         1.75626
xdut.\$14__t11                           1.815
xdut.topp__t80                         1.75626
xdut.\$10__t40                         1.81499
xdut.topp__t79                         1.75626
xdut.\$14__t10                           1.815
xdut.topp__t78                         1.75626
xdut.\$10__t39                         1.81499
xdut.topp__t77                         1.75626
xdut.\$14__t9                            1.815
xdut.topp__t76                         1.75626
xdut.\$10__t38                         1.81499
xdut.topp__t75                         1.75626
xdut.\$14__t8                            1.815
xdut.topp__t74                         1.75626
xdut.\$10__t169                        1.81499
xdut.topp__t335                        1.75626
xdut.\$14__t37                           1.815
xdut.topp__t271                        1.75626
xdut.\$10__t137                        1.81499
xdut.topp__t270                        1.75626
xdut.\$14__t36                           1.815
xdut.topp__t269                        1.75626
xdut.\$10__t136                        1.81499
xdut.topp__t268                        1.75626
xdut.\$14__t35                           1.815
xdut.topp__t267                        1.75626
xdut.\$10__t135                        1.81499
xdut.topp__t266                        1.75626
xdut.\$14__t34                           1.815
xdut.topp__t265                        1.75626
xdut.\$10__t134                        1.81499
xdut.topp__t264                        1.75626
xdut.\$14__t38                           1.815
xdut.topp__t276                        1.75626
xdut.\$10__t133                        1.81499
xdut.topp__t262                        1.75626
xdut.\$107__t13                          1.815
xdut.topn__t159                        1.95546
xdut.\$90__t80                           1.815
xdut.topn__t158                        1.95546
xdut.\$107__t12                          1.815
xdut.topn__t157                        1.95546
xdut.\$90__t79                           1.815
xdut.topn__t156                        1.95546
xdut.\$107__t11                          1.815
xdut.topn__t155                        1.95546
xdut.\$90__t78                           1.815
xdut.topn__t154                        1.95546
xdut.\$107__t10                          1.815
xdut.topn__t153                        1.95546
xdut.\$90__t77                           1.815
xdut.topn__t152                        1.95546
xdut.\$107__t28                          1.815
xdut.topn__t283                        1.95546
xdut.\$90__t143                          1.815
xdut.topn__t284                        1.95546
xdut.\$107__t19                          1.815
xdut.topn__t195                        1.95546
xdut.\$90__t97                           1.815
xdut.topn__t196                        1.95546
xdut.\$107__t20                          1.815
xdut.topn__t197                        1.95546
xdut.\$90__t98                           1.815
xdut.topn__t198                        1.95546
xdut.\$107__t21                          1.815
xdut.topn__t199                        1.95546
xdut.\$90__t99                           1.815
xdut.topn__t200                        1.95546
xdut.\$107__t22                          1.815
xdut.topn__t201                        1.95546
xdut.\$90__t100                          1.815
xdut.topn__t202                        1.95546
xdut.\$107__t24                          1.815
xdut.topn__t216                        1.95546
xdut.\$90__t111                          1.815
xdut.topn__t221                        1.95546
xdut.\$107__t14                          1.815
xdut.topn__t176                        1.95546
xdut.\$90__t89                           1.815
xdut.topn__t177                        1.95546
xdut.\$107__t15                          1.815
xdut.topn__t178                        1.95546
xdut.\$90__t90                           1.815
xdut.topn__t179                        1.95546
xdut.\$107__t16                          1.815
xdut.topn__t180                        1.95546
xdut.\$90__t91                           1.815
xdut.topn__t181                        1.95546
xdut.\$107__t17                          1.815
xdut.topn__t182                        1.95546
xdut.\$90__t92                           1.815
xdut.topn__t183                        1.95546
xdut.\$107__t18                          1.815
xdut.topn__t184                        1.95546
xdut.\$90__t154                          1.815
xdut.topn__t303                        1.95546
xdut.\$107__t23                          1.815
xdut.topn__t206                        1.95546
xdut.\$90__t103                          1.815
xdut.topn__t207                        1.95546
xdut.\$16__t4                            1.815
xdut.topp__t11                         1.75626
xdut.\$10__t6                          1.81499
xdut.topp__t10                         1.75626
xdut.\$16__t3                            1.815
xdut.topp__t9                          1.75626
xdut.\$10__t5                          1.81499
xdut.topp__t8                          1.75626
xdut.\$16__t2                            1.815
xdut.topp__t7                          1.75626
xdut.\$10__t4                          1.81499
xdut.topp__t6                          1.75626
xdut.\$16__t1                            1.815
xdut.topp__t5                          1.75626
xdut.\$10__t3                          1.81499
xdut.topp__t4                          1.75626
xdut.\$16__t0                            1.815
xdut.topp__t3                          1.75626
xdut.\$10__t2                          1.81499
xdut.topp__t2                          1.75626
xdut.\$16__t7                            1.815
xdut.topp__t97                         1.75626
xdut.\$10__t16                         1.81499
xdut.topp__t29                         1.75626
xdut.\$16__t6                            1.815
xdut.topp__t28                         1.75626
xdut.\$10__t15                         1.81499
xdut.topp__t27                         1.75626
xdut.\$16__t5                            1.815
xdut.topp__t26                         1.75626
xdut.\$10__t14                         1.81499
xdut.topp__t25                         1.75626
xdut.\$18__t2                            1.815
xdut.topp__t24                         1.75626
xdut.\$10__t13                         1.81499
xdut.topp__t23                         1.75626
xdut.\$18__t1                            1.815
xdut.topp__t22                         1.75626
xdut.\$10__t12                         1.81499
xdut.topp__t21                         1.75626
xdut.\$18__t0                            1.815
xdut.topp__t20                         1.75626
xdut.\$10__t170                        1.81499
xdut.topp__t336                        1.75626
xdut.\$18__t9                            1.815
xdut.topp__t253                        1.75626
xdut.\$10__t128                        1.81499
xdut.topp__t252                        1.75626
xdut.\$20__t3                            1.815
xdut.topp__t251                        1.75626
xdut.\$10__t127                        1.81499
xdut.topp__t250                        1.75626
xdut.\$20__t2                            1.815
xdut.topp__t249                        1.75626
xdut.\$10__t126                        1.81499
xdut.topp__t248                        1.75626
xdut.\$22__t1                            1.815
xdut.topp__t292                        1.75626
xdut.\$10__t154                        1.81499
xdut.topp__t307                        1.75626
xdut.\$24__t0                          1.81499
xdut.topp__t306                        1.75626
xdut.\$10__t153                        1.81499
xdut.topp__t305                        1.75626
xdut.\$115__t7                           1.815
xdut.topn__t151                        1.95546
xdut.\$90__t76                           1.815
xdut.topn__t150                        1.95546
xdut.\$115__t6                           1.815
xdut.topn__t149                        1.95546
xdut.\$90__t75                           1.815
xdut.topn__t148                        1.95546
xdut.\$115__t5                           1.815
xdut.topn__t147                        1.95546
xdut.\$90__t70                           1.815
xdut.topn__t138                        1.95546
xdut.\$115__t4                           1.815
xdut.topn__t137                        1.95546
xdut.\$90__t69                           1.815
xdut.topn__t136                        1.95546
xdut.\$115__t8                           1.815
xdut.topn__t264                        1.95546
xdut.\$90__t135                          1.815
xdut.topn__t265                        1.95546
xdut.\$115__t9                           1.815
xdut.topn__t266                        1.95546
xdut.\$90__t136                          1.815
xdut.topn__t267                        1.95546
xdut.\$115__t10                          1.815
xdut.topn__t268                        1.95546
xdut.\$90__t137                          1.815
xdut.topn__t269                        1.95546
xdut.\$115__t11                          1.815
xdut.topn__t270                        1.95546
xdut.\$90__t145                          1.815
xdut.topn__t287                        1.95546
xdut.\$123__t4                           1.815
xdut.topn__t272                        1.95546
xdut.\$90__t138                          1.815
xdut.topn__t273                        1.95546
xdut.\$123__t3                           1.815
xdut.topn__t217                        1.95546
xdut.\$90__t93                           1.815
xdut.topn__t186                        1.95546
xdut.\$123__t1                           1.815
xdut.topn__t187                        1.95546
xdut.\$90__t94                           1.815
xdut.topn__t188                        1.95546
xdut.\$123__t2                           1.815
xdut.topn__t189                        1.95546
xdut.\$90__t102                          1.815
xdut.topn__t205                        1.95546
xdut.\$131__t2                           1.815
xdut.topn__t190                        1.95546
xdut.\$90__t95                           1.815
xdut.topn__t191                        1.95546
xdut.\$131__t3                           1.815
xdut.topn__t192                        1.95546
xdut.\$90__t96                           1.815
xdut.topn__t193                        1.95546
xdut.\$139__t2                           1.815
xdut.topn__t194                        1.95546
xdut.\$90__t104                          1.815
xdut.topn__t208                        1.95546
xdut.\$147__t0                           1.815
xdut.topn__t209                        1.95546
xdut.\$90__t105                          1.815
xdut.topn__t210                        1.95546
xdut.\$10                              1.81499
xdut.\$100                                3.63
xdut.\$102                          1.1618e-07
xdut.\$104                                3.63
xdut.\$106                                3.63
xdut.\$107                               1.815
xdut.\$108                                3.63
xdut.\$11                                 3.63
xdut.\$110                         1.11836e-07
xdut.\$112                                3.63
xdut.\$114                                3.63
xdut.\$115                               1.815
xdut.\$116                                3.63
xdut.\$118                         1.07821e-07
xdut.\$12                              1.81499
xdut.\$120                                3.63
xdut.\$122                                3.63
xdut.\$123                               1.815
xdut.\$124                                3.63
xdut.\$126                         1.09457e-07
xdut.\$128                                3.63
xdut.\$13                                 3.63
xdut.\$130                                3.63
xdut.\$131                               1.815
xdut.\$132                                3.63
xdut.\$134                         1.13723e-07
xdut.\$136                                3.63
xdut.\$138                                3.63
xdut.\$139                               1.815
xdut.\$14                                1.815
xdut.\$140                                3.63
xdut.\$142                         1.18089e-07
xdut.\$144                                3.63
xdut.\$146                                3.63
xdut.\$147                               1.815
xdut.\$148                                3.63
xdut.\$15                                 3.63
xdut.\$150                         1.22476e-07
xdut.\$152                                3.63
xdut.\$154                                3.63
xdut.\$155                               1.815
xdut.\$16                                1.815
xdut.\$166                                3.63
xdut.\$167                                3.63
xdut.\$17                                 3.63
xdut.\$18                                1.815
xdut.\$19                                 3.63
xdut.\$20                                1.815
xdut.\$21                                 3.63
xdut.\$22                                1.815
xdut.\$23                                 3.63
xdut.\$24                              1.81499
xdut.\$25                                 3.63
xdut.\$26                              1.81499
xdut.\$27                           1.2499e-07
xdut.\$29                                 3.63
xdut.\$31                          1.20611e-07
xdut.\$33                                 3.63
xdut.\$35                          1.16252e-07
xdut.\$37                                 3.63
xdut.\$39                          1.11963e-07
xdut.\$41                                 3.63
xdut.\$43                          1.08199e-07
xdut.\$45                                 3.63
xdut.\$47                          1.09668e-07
xdut.\$49                                 3.63
xdut.\$51                          1.13819e-07
xdut.\$53                                 3.63
xdut.\$55                          1.18151e-07
xdut.\$57                                 3.63
xdut.\$59                          1.22521e-07
xdut.\$61                                 3.63
xdut.\$65                                 3.63
xdut.\$67                                 3.63
xdut.\$69                                 3.63
xdut.\$71                                 3.63
xdut.\$73                                 3.63
xdut.\$75                                 3.63
xdut.\$77                                 3.63
xdut.\$79                                 3.63
xdut.\$81                                 3.63
xdut.\$83                                 3.63
xdut.\$85                          1.24951e-07
xdut.\$87                                 3.63
xdut.\$89                                 3.63
xdut.\$9                                  3.63
xdut.\$90                                1.815
xdut.\$92                                 3.63
xdut.\$94                           1.2056e-07
xdut.\$96                                 3.63
xdut.\$98                                 3.63
xdut.\$99                                1.815
se_topn                                1.95546
se_topp                                1.75626
se_ibias                              0.563892
xsecmp.xpre.ptail                      1.14522
xsecmp.pon                             3.60382
xsecmp.preamp_in1                      1.75626
xsecmp.pop                             2.48883
xsecmp.preamp_in2                      1.95546
xsecmp.xpre.xrlp.11                    3.62945
xsecmp.xpre.xrlp.21                    2.48938
xsecmp.xpre.xrln.11                    3.62999
xsecmp.xpre.xrln.21                    3.60383
xsecmp.xlat.ltail                      2.83942
xsecmp.xlat.dip                           3.63
xsecmp.xlat.din                        3.62999
xsecmp.outn                               3.63
xsecmp.outp                               3.63
xsecmp.sset                        1.08062e-07
xsecmp.srst                        1.08062e-07
xsecmp.xno1.ps                          3.3091
se_cmpb                                1.47265
xsecmp.xno2.ps                          3.3091
se_code                                      0
bsecode#branch                               0
lref#branch                         1.9787e-08
v.xsecmp.vpn#branch                          0
v.xsecmp.vpp#branch                          0
vsemode#branch                               0
vsestart#branch                              0
vsevinn#branch                     1.09786e-15
vseinp#branch                      7.21408e-08
vcms#branch                       -1.96463e-07
vrefs#branch                       -1.9787e-08
vddc#branch                       -0.000882769
vddd#branch                        -7.4782e-08
vddt#branch                        7.07421e-26
vcmpclkb#branch                              0
vcmpclk#branch                               0
vclk#branch                                  0
a.xsectrl.a_gn#branch_1_0          2.84316e-17
a.xsectrl.a_gn#branch_1_1                    0
a.xsectrl.a_gn#branch_1_2                    0
a.xsectrl.a_gn#branch_1_3          2.84316e-17
a.xsectrl.a_gn#branch_1_4                    0
a.xsectrl.a_gn#branch_1_5                    0
a.xsectrl.a_gn#branch_1_6          2.84316e-17
a.xsectrl.a_gn#branch_1_7                    0
a.xsectrl.a_gn#branch_1_8                    0
a.xsectrl.a_gn#branch_1_9          2.84316e-17
a.xsectrl.a_gn#branch_1_10                   0
a.xsectrl.a_gn#branch_1_11                   0
a.xsectrl.a_gn#branch_1_12         2.84316e-17
a.xsectrl.a_gn#branch_1_13                   0
a.xsectrl.a_gn#branch_1_14                   0
a.xsectrl.a_gn#branch_1_15         2.84316e-17
a.xsectrl.a_gn#branch_1_16                   0
a.xsectrl.a_gn#branch_1_17                   0
a.xsectrl.a_gn#branch_1_18         2.84316e-17
a.xsectrl.a_gn#branch_1_19                   0
a.xsectrl.a_gn#branch_1_20                   0
a.xsectrl.a_gn#branch_1_21         2.84316e-17
a.xsectrl.a_gn#branch_1_22                   0
a.xsectrl.a_gn#branch_1_23                   0
a.xsectrl.a_gn#branch_1_24         2.84316e-17
a.xsectrl.a_gn#branch_1_25                   0
a.xsectrl.a_gn#branch_1_26                   0
a.xsectrl.a_gn#branch_1_27         2.84316e-17
a.xsectrl.a_gn#branch_1_28                   0
a.xsectrl.a_gn#branch_1_29                   0
a.xsectrl.a_gn#branch_1_30         2.84316e-17
a.xsectrl.a_gn#branch_1_31                   0
a.xsectrl.a_gn#branch_1_32                   0
a.xsectrl.a_gn#branch_1_33         2.84316e-17
a.xsectrl.a_gn#branch_1_34                   0
a.xsectrl.a_gn#branch_1_35                   0
a.xsectrl.a_gn#branch_1_36         2.84316e-17
a.xsectrl.a_gn#branch_1_37                   0
a.xsectrl.a_gn#branch_1_38                   0
a.xsectrl.a_gn#branch_1_39         2.84316e-17
a.xsectrl.a_gn#branch_1_40                   0
a.xsectrl.a_gn#branch_1_41                   0
a.xsectrl.a_gn#branch_1_42         2.84316e-17
a.xsectrl.a_gn#branch_1_43                   0
a.xsectrl.a_gn#branch_1_44                   0
a.xsectrl.a_gn#branch_1_45         2.84316e-17
a.xsectrl.a_gn#branch_1_46                   0
a.xsectrl.a_gn#branch_1_47                   0
a.xsectrl.a_gn#branch_1_48         2.84316e-17
a.xsectrl.a_gn#branch_1_49                   0
a.xsectrl.a_gn#branch_1_50                   0
a.xsectrl.a_gn#branch_1_51         2.84316e-17
a.xsectrl.a_gn#branch_1_52                   0
a.xsectrl.a_gn#branch_1_53                   0
a.xsectrl.a_dout#branch_1_0                  0
a.xsectrl.a_dout#branch_1_1                  0
a.xsectrl.a_dout#branch_1_2                  0
a.xsectrl.a_dout#branch_1_3                  0
a.xsectrl.a_dout#branch_1_4                  0
a.xsectrl.a_dout#branch_1_5                  0
a.xsectrl.a_dout#branch_1_6                  0
a.xsectrl.a_dout#branch_1_7                  0
a.xsectrl.a_dout#branch_1_8                  0
a.xsectrl.a_dout#branch_1_9                  0
a.xsectrl.a_dout#branch_1_10                 0
a.xsectrl.a_dout#branch_1_11                 0
a.xsectrl.a_dout#branch_1_12                 0

 Reference value :  0.00000e+00
 Reference value :  2.71818e-09
 Reference value :  3.12564e-08
 Reference value :  3.22249e-08
 Reference value :  6.35647e-08
 Reference value :  9.41912e-08
 Reference value :  1.25564e-07
 Reference value :  1.56691e-07
 Reference value :  1.87909e-07
 Reference value :  2.09568e-07
 Reference value :  2.19484e-07
 Reference value :  2.51662e-07
 Reference value :  2.55426e-07
 Reference value :  2.81659e-07
 Reference value :  3.12899e-07
 Reference value :  3.19313e-07
 Reference value :  3.44296e-07
 Reference value :  3.76070e-07
 Reference value :  3.94153e-07
 Reference value :  4.21445e-07
 Reference value :  4.39864e-07
 Reference value :  4.68801e-07
 Reference value :  5.00101e-07
 Reference value :  5.02550e-07
 Reference value :  5.31345e-07
 Reference value :  5.62701e-07
 Reference value :  5.65429e-07
 Reference value :  5.94107e-07
 Reference value :  6.25722e-07
 Reference value :  6.56273e-07
 Reference value :  6.87601e-07
 Reference value :  6.90117e-07
 Reference value :  7.19007e-07
 Reference value :  7.50466e-07
 Reference value :  7.81256e-07
 Reference value :  8.05374e-07
 Reference value :  8.15001e-07
 Reference value :  8.43950e-07
 Reference value :  8.75030e-07
 Reference value :  8.77385e-07
 Reference value :  9.06323e-07
 Reference value :  9.34791e-07
 Reference value :  9.49832e-07
 Reference value :  9.83837e-07
 Reference value :  1.00244e-06
 Reference value :  1.00314e-06
 Reference value :  1.03145e-06
 Reference value :  1.06261e-06
 Reference value :  1.09381e-06
 Reference value :  1.11556e-06
 Reference value :  1.15629e-06
 Reference value :  1.17243e-06
 Reference value :  1.18999e-06
 Reference value :  1.21893e-06
 Reference value :  1.25010e-06
 Reference value :  1.25290e-06
 Reference value :  1.28134e-06
 Reference value :  1.31253e-06
 Reference value :  1.31500e-06
 Reference value :  1.34384e-06
 Reference value :  1.37520e-06
 Reference value :  1.37789e-06
 Reference value :  1.40646e-06
 Reference value :  1.43810e-06
 Reference value :  1.45441e-06
 Reference value :  1.48994e-06
 Reference value :  1.50250e-06
 Reference value :  1.53133e-06
 Reference value :  1.56269e-06
 Reference value :  1.56538e-06
 Reference value :  1.59404e-06
 Reference value :  1.62565e-06
 Reference value :  1.65625e-06
 Reference value :  1.68753e-06
 Reference value :  1.69007e-06
 Reference value :  1.71899e-06
 Reference value :  1.75060e-06
 Reference value :  1.78130e-06
 Reference value :  1.81261e-06
 Reference value :  1.81516e-06
 Reference value :  1.84416e-06
 Reference value :  1.87520e-06
 Reference value :  1.87762e-06
 Reference value :  1.90645e-06
 Reference value :  1.93770e-06
 Reference value :  1.96884e-06
 Reference value :  2.00020e-06
 Reference value :  2.00270e-06
 Reference value :  2.02557e-06
 Reference value :  2.03183e-06
 Reference value :  2.06305e-06
 Reference value :  2.09420e-06
 Reference value :  2.12553e-06
 Reference value :  2.15675e-06
 Reference value :  2.18800e-06
 Reference value :  2.21877e-06
 Reference value :  2.21988e-06
 Reference value :  2.25268e-06
 Reference value :  2.28130e-06
 Reference value :  2.29981e-06
 Reference value :  2.31501e-06
 Reference value :  2.34385e-06
 Reference value :  2.37531e-06
 Reference value :  2.38193e-06
 Reference value :  2.40753e-06
 Reference value :  2.43984e-06
 Reference value :  2.46881e-06
 Reference value :  2.50018e-06
 Reference value :  2.50298e-06
 Reference value :  2.53155e-06
 Reference value :  2.56311e-06
 Reference value :  2.59376e-06
 Reference value :  2.62510e-06
 Reference value :  2.62762e-06
 Reference value :  2.65657e-06
 Reference value :  2.68822e-06
 Reference value :  2.71878e-06
 Reference value :  2.75011e-06
 Reference value :  2.75276e-06
 Reference value :  2.78182e-06
 Reference value :  2.81477e-06
 Reference value :  2.84384e-06
 Reference value :  2.85223e-06
 Reference value :  2.87729e-06
 Reference value :  2.90642e-06
 Reference value :  2.93816e-06
 Reference value :  3.00012e-06
 Reference value :  3.00295e-06
 Reference value :  3.03175e-06
 Reference value :  3.09381e-06
 Reference value :  3.12553e-06
 Reference value :  3.18760e-06
 Reference value :  3.21885e-06
 Reference value :  3.25010e-06
 Reference value :  3.25293e-06
 Reference value :  3.28137e-06
 Reference value :  3.31263e-06
 Reference value :  3.31511e-06
 Reference value :  3.34390e-06
 Reference value :  3.37543e-06
 Reference value :  3.37959e-06
 Reference value :  3.40676e-06
 Reference value :  3.43976e-06
 Reference value :  3.46876e-06
 Reference value :  3.50010e-06
 Reference value :  3.50263e-06
 Reference value :  3.53140e-06
 Reference value :  3.56294e-06
 Reference value :  3.57591e-06
 Reference value :  3.61739e-06
 Reference value :  3.62751e-06
 Reference value :  3.65646e-06
 Reference value :  3.68803e-06
 Reference value :  3.71875e-06
 Reference value :  3.75010e-06
 Reference value :  3.75262e-06
 Reference value :  3.78161e-06
 Reference value :  3.81315e-06
 Reference value :  3.84380e-06
 Reference value :  3.87501e-06
 Reference value :  3.87743e-06
 Reference value :  3.90635e-06
 Reference value :  3.93760e-06
 Reference value :  3.96879e-06
 Reference value :  4.00013e-06
 Reference value :  4.00267e-06
 Reference value :  4.01222e-06
 Reference value :  4.03182e-06
 Reference value :  4.06305e-06
 Reference value :  4.09445e-06
 Reference value :  4.14297e-06
 Reference value :  4.15714e-06
 Reference value :  4.18980e-06
 Reference value :  4.21885e-06
 Reference value :  4.22385e-06
 Reference value :  4.25268e-06
 Reference value :  4.28126e-06
 Reference value :  4.28183e-06
 Reference value :  4.31308e-06
 Reference value :  4.32636e-06
 Reference value :  4.34692e-06
 Reference value :  4.37733e-06
 Reference value :  4.40629e-06
 Reference value :  4.43761e-06
 Reference value :  4.44010e-06
 Reference value :  4.46889e-06
 Reference value :  4.50053e-06
 Reference value :  4.51515e-06
 Reference value :  4.53800e-06
 Reference value :  4.56491e-06
 Reference value :  4.59383e-06
 Reference value :  4.62544e-06
 Reference value :  4.65628e-06
 Reference value :  4.68761e-06
 Reference value :  4.69019e-06
 Reference value :  4.71924e-06
 Reference value :  4.75249e-06
 Reference value :  4.78151e-06
 Reference value :  4.81297e-06
 Reference value :  4.84376e-06
 Reference value :  4.84443e-06
 Reference value :  4.87544e-06
 Reference value :  4.90630e-06
 Reference value :  4.93760e-06
 Reference value :  4.96880e-06
 Reference value :  5.00010e-06
 Reference value :  5.00254e-06
 Reference value :  5.01001e-06
 Reference value :  5.03235e-06
 Reference value :  5.07644e-06
 Reference value :  5.10067e-06
 Reference value :  5.15626e-06
 Reference value :  5.16083e-06
 Reference value :  5.18992e-06
 Reference value :  5.21886e-06
 Reference value :  5.25020e-06
 Reference value :  5.25314e-06
 Reference value :  5.28171e-06
 Reference value :  5.31477e-06
 Reference value :  5.34377e-06
 Reference value :  5.34471e-06
 Reference value :  5.37643e-06
 Reference value :  5.40626e-06
 Reference value :  5.40752e-06
 Reference value :  5.43970e-06
 Reference value :  5.46684e-06
 Reference value :  5.49795e-06
 Reference value :  5.50252e-06
 Reference value :  5.53136e-06
 Reference value :  5.56282e-06
 Reference value :  5.56730e-06
 Reference value :  5.59586e-06
 Reference value :  5.62735e-06
 Reference value :  5.65631e-06
 Reference value :  5.68763e-06
 Reference value :  5.69033e-06
 Reference value :  5.71926e-06
 Reference value :  5.75167e-06
 Reference value :  5.78132e-06
 Reference value :  5.81269e-06
 Reference value :  5.81569e-06
 Reference value :  5.84444e-06
 Reference value :  5.87727e-06
 Reference value :  5.90627e-06
 Reference value :  5.93760e-06
 Reference value :  5.96880e-06
 Reference value :  6.00011e-06
 Reference value :  6.00258e-06
 Reference value :  6.02695e-06
 Reference value :  6.03187e-06
 Reference value :  6.06309e-06
 Reference value :  6.09412e-06
 Reference value :  6.12531e-06
 Reference value :  6.15670e-06
 Reference value :  6.18762e-06
 Reference value :  6.19007e-06
 Reference value :  6.21914e-06
 Reference value :  6.25014e-06
 Reference value :  6.25297e-06
 Reference value :  6.28161e-06
 Reference value :  6.31284e-06
 Reference value :  6.31997e-06
 Reference value :  6.34423e-06
 Reference value :  6.37541e-06
 Reference value :  6.38306e-06
 Reference value :  6.40669e-06
 Reference value :  6.43799e-06
 Reference value :  6.44697e-06
 Reference value :  6.47995e-06
 Reference value :  6.50245e-06
 Reference value :  6.53133e-06
 Reference value :  6.56270e-06
 Reference value :  6.56573e-06
 Reference value :  6.59478e-06
 Reference value :  6.62738e-06
 Reference value :  6.65634e-06
 Reference value :  6.68782e-06
 Reference value :  6.70360e-06
 Reference value :  6.73598e-06
 Reference value :  6.75255e-06
 Reference value :  6.78133e-06
 Reference value :  6.81270e-06
 Reference value :  6.81633e-06
 Reference value :  6.84470e-06
 Reference value :  6.87735e-06
 Reference value :  6.90631e-06
 Reference value :  6.93768e-06
 Reference value :  6.96884e-06
 Reference value :  7.00021e-06
 Reference value :  7.00267e-06
 Reference value :  7.03130e-06
 Reference value :  7.03307e-06
 Reference value :  7.07408e-06
 Reference value :  7.09412e-06
 Reference value :  7.12531e-06
 Reference value :  7.15668e-06
 Reference value :  7.18762e-06
 Reference value :  7.19006e-06
 Reference value :  7.21912e-06
 Reference value :  7.25010e-06
 Reference value :  7.25296e-06
 Reference value :  7.28145e-06
 Reference value :  7.31270e-06
 Reference value :  7.31532e-06
 Reference value :  7.34404e-06
 Reference value :  7.37520e-06
 Reference value :  7.37790e-06
 Reference value :  7.40656e-06
 Reference value :  7.43778e-06
 Reference value :  7.44091e-06
 Reference value :  7.46926e-06
 Reference value :  7.50226e-06
 Reference value :  7.53128e-06
 Reference value :  7.56260e-06
 Reference value :  7.56510e-06
 Reference value :  7.59395e-06
 Reference value :  7.62560e-06
 Reference value :  7.65625e-06
 Reference value :  7.68751e-06
 Reference value :  7.69006e-06
 Reference value :  7.71897e-06
 Reference value :  7.75043e-06
 Reference value :  7.78127e-06
 Reference value :  7.81253e-06
 Reference value :  7.81507e-06
 Reference value :  7.84408e-06
 Reference value :  7.87565e-06
 Reference value :  7.89436e-06
 Reference value :  7.93751e-06
 Reference value :  7.96877e-06
 Reference value :  8.00010e-06
 Reference value :  8.00258e-06
 Reference value :  8.02826e-06
 Reference value :  8.06257e-06
 Reference value :  8.09382e-06
 Reference value :  8.12518e-06
 Reference value :  8.15645e-06
 Reference value :  8.18775e-06
 Reference value :  8.20703e-06
 Reference value :  8.22264e-06
 Reference value :  8.25281e-06
 Reference value :  8.28135e-06
 Reference value :  8.31270e-06
 Reference value :  8.32163e-06
 Reference value :  8.34433e-06
 Reference value :  8.37626e-06
 Reference value :  8.40629e-06
 Reference value :  8.43760e-06
 Reference value :  8.44009e-06
 Reference value :  8.46890e-06
 Reference value :  8.50043e-06
 Reference value :  8.50791e-06
 Reference value :  8.54363e-06
 Reference value :  8.56496e-06
 Reference value :  8.59384e-06
 Reference value :  8.62520e-06
 Reference value :  8.63050e-06
 Reference value :  8.66208e-06
 Reference value :  8.68995e-06
 Reference value :  8.71887e-06
 Reference value :  8.75028e-06
 Reference value :  8.77029e-06
 Reference value :  8.80256e-06
 Reference value :  8.81503e-06
 Reference value :  8.84401e-06
 Reference value :  8.87543e-06
 Reference value :  8.88132e-06
 Reference value :  8.90674e-06
 Reference value :  8.93784e-06
 Reference value :  8.96894e-06
 Reference value :  9.00020e-06
 Reference value :  9.00270e-06
 Reference value :  9.03135e-06
 Reference value :  9.06261e-06
 Reference value :  9.09386e-06
 Reference value :  9.12500e-06
 Reference value :  9.15628e-06
 Reference value :  9.16032e-06
 Reference value :  9.18997e-06
 Reference value :  9.21895e-06
 Reference value :  9.25010e-06
 Reference value :  9.25297e-06
 Reference value :  9.28166e-06
 Reference value :  9.31288e-06
 Reference value :  9.33965e-06
 Reference value :  9.34437e-06
 Reference value :  9.37589e-06
 Reference value :  9.40410e-06
 Reference value :  9.43751e-06
 Reference value :  9.44010e-06
 Reference value :  9.46892e-06
 Reference value :  9.50043e-06
 Reference value :  9.51908e-06
 Reference value :  9.54998e-06
 Reference value :  9.56502e-06
 Reference value :  9.59389e-06
 Reference value :  9.62544e-06
 Reference value :  9.64633e-06
 Reference value :  9.68585e-06
 Reference value :  9.69006e-06
 Reference value :  9.71897e-06
 Reference value :  9.75053e-06
 Reference value :  9.78128e-06
 Reference value :  9.81260e-06
 Reference value :  9.81515e-06
 Reference value :  9.84418e-06
 Reference value :  9.87667e-06
 Reference value :  9.90628e-06
 Reference value :  9.91796e-06
 Reference value :  9.96237e-06
 Reference value :  9.96941e-06
 Reference value :  1.00004e-05
 Reference value :  1.00029e-05
 Reference value :  1.00318e-05
 Reference value :  1.00626e-05
 Reference value :  1.00938e-05
 Reference value :  1.00945e-05
 Reference value :  1.01294e-05
 Reference value :  1.01569e-05
 Reference value :  1.01879e-05
 Reference value :  1.02188e-05
 Reference value :  1.02192e-05
 Reference value :  1.02506e-05
 Reference value :  1.02813e-05
 Reference value :  1.02817e-05
 Reference value :  1.03130e-05
 Reference value :  1.03438e-05
 Reference value :  1.03448e-05
 Reference value :  1.03773e-05
 Reference value :  1.04063e-05
 Reference value :  1.04375e-05
 Reference value :  1.04399e-05
 Reference value :  1.04688e-05
 Reference value :  1.05001e-05
 Reference value :  1.05026e-05
 Reference value :  1.05313e-05
 Reference value :  1.05626e-05
 Reference value :  1.05652e-05
 Reference value :  1.05942e-05
 Reference value :  1.06257e-05
 Reference value :  1.06503e-05
 Reference value :  1.06762e-05
 Reference value :  1.06900e-05
 Reference value :  1.07189e-05
 Reference value :  1.07502e-05
 Reference value :  1.07531e-05
 Reference value :  1.07818e-05
 Reference value :  1.08133e-05
 Reference value :  1.08438e-05
 Reference value :  1.08635e-05
 Reference value :  1.08774e-05
 Reference value :  1.09063e-05
 Reference value :  1.09162e-05
 Reference value :  1.09509e-05
 Reference value :  1.09691e-05
 Reference value :  1.10001e-05
 Reference value :  1.10025e-05
 Reference value :  1.10037e-05
 Reference value :  1.10316e-05
 Reference value :  1.10627e-05
 Reference value :  1.10938e-05
 Reference value :  1.11251e-05
 Reference value :  1.11563e-05
 Reference value :  1.11808e-05
 Reference value :  1.11899e-05
 Reference value :  1.12188e-05
 Reference value :  1.12501e-05
 Reference value :  1.12529e-05
 Reference value :  1.12813e-05
 Reference value :  1.13059e-05
 Reference value :  1.13148e-05
 Reference value :  1.13438e-05
 Reference value :  1.13447e-05
 Reference value :  1.13758e-05
 Reference value :  1.14021e-05
 Reference value :  1.14070e-05
 Reference value :  1.14383e-05
 Reference value :  1.14590e-05
 Reference value :  1.14899e-05
 Reference value :  1.15025e-05
 Reference value :  1.15313e-05
 Reference value :  1.15627e-05
 Reference value :  1.15658e-05
 Reference value :  1.15942e-05
 Reference value :  1.16260e-05
 Reference value :  1.16563e-05
 Reference value :  1.16876e-05
 Reference value :  1.16901e-05
 Reference value :  1.17190e-05
 Reference value :  1.17506e-05
 Reference value :  1.17813e-05
 Reference value :  1.18126e-05
 Reference value :  1.18151e-05
 Reference value :  1.18441e-05
 Reference value :  1.18755e-05
 Reference value :  1.18810e-05
 Reference value :  1.19115e-05
 Reference value :  1.19514e-05
 Reference value :  1.19921e-05
 Reference value :  1.20025e-05
 Reference value :  1.20147e-05
 Reference value :  1.20318e-05
 Reference value :  1.20630e-05
 Reference value :  1.20941e-05
 Reference value :  1.21254e-05
 Reference value :  1.21566e-05
 Reference value :  1.21878e-05
 Reference value :  1.21971e-05
 Reference value :  1.22193e-05
 Reference value :  1.22503e-05
 Reference value :  1.22530e-05
 Reference value :  1.22814e-05
 Reference value :  1.23130e-05
 Reference value :  1.23438e-05
 Reference value :  1.23443e-05
 Reference value :  1.23754e-05
 Reference value :  1.23815e-05
 Reference value :  1.24067e-05
 Reference value :  1.24379e-05
 Reference value :  1.24418e-05
 Reference value :  1.24696e-05
 Reference value :  1.25023e-05
 Reference value :  1.25313e-05
 Reference value :  1.25626e-05
 Reference value :  1.25651e-05
 Reference value :  1.25939e-05
 Reference value :  1.26254e-05
 Reference value :  1.26431e-05
 Reference value :  1.26780e-05
 Reference value :  1.26900e-05
 Reference value :  1.27190e-05
 Reference value :  1.27504e-05
 Reference value :  1.27813e-05
 Reference value :  1.28053e-05
 Reference value :  1.28150e-05
 Reference value :  1.28439e-05
 Reference value :  1.28753e-05
 Reference value :  1.28781e-05
 Reference value :  1.29068e-05
 Reference value :  1.29405e-05
 Reference value :  1.29742e-05
 Reference value :  1.30024e-05
 Reference value :  1.30033e-05
 Reference value :  1.30317e-05
 Reference value :  1.30627e-05
 Reference value :  1.30939e-05
 Reference value :  1.31251e-05
 Reference value :  1.31563e-05
 Reference value :  1.31876e-05
 Reference value :  1.31901e-05
 Reference value :  1.32192e-05
 Reference value :  1.32502e-05
 Reference value :  1.32529e-05
 Reference value :  1.32814e-05
 Reference value :  1.33129e-05
 Reference value :  1.33340e-05
 Reference value :  1.33443e-05
 Reference value :  1.33756e-05
 Reference value :  1.33961e-05
 Reference value :  1.34070e-05
 Reference value :  1.34391e-05
 Reference value :  1.34688e-05
 Reference value :  1.35001e-05
 Reference value :  1.35025e-05
 Reference value :  1.35313e-05
 Reference value :  1.35627e-05
 Reference value :  1.35652e-05
 Reference value :  1.35940e-05
 Reference value :  1.36258e-05
 Reference value :  1.36547e-05
 Reference value :  1.36840e-05
 Reference value :  1.36900e-05
 Reference value :  1.37189e-05
 Reference value :  1.37502e-05
 Reference value :  1.37532e-05
 Reference value :  1.37817e-05
 Reference value :  1.38131e-05
 Reference value :  1.38438e-05
 Reference value :  1.38554e-05
 Reference value :  1.38773e-05
 Reference value :  1.39063e-05
 Reference value :  1.39375e-05
 Reference value :  1.39662e-05
 Reference value :  1.39900e-05
 Reference value :  1.40024e-05
 Reference value :  1.40032e-05
 Reference value :  1.40317e-05
 Reference value :  1.40628e-05
 Reference value :  1.40939e-05
 Reference value :  1.41252e-05
 Reference value :  1.41564e-05
 Reference value :  1.41877e-05
 Reference value :  1.41902e-05
 Reference value :  1.42191e-05
 Reference value :  1.42504e-05
 Reference value :  1.42534e-05
 Reference value :  1.42815e-05
 Reference value :  1.43127e-05
 Reference value :  1.43155e-05
 Reference value :  1.43442e-05
 Reference value :  1.43756e-05
 Reference value :  1.44063e-05
 Reference value :  1.44337e-05
 Reference value :  1.44399e-05
 Reference value :  1.44688e-05
 Reference value :  1.45002e-05
 Reference value :  1.45028e-05
 Reference value :  1.45315e-05
 Reference value :  1.45629e-05
 Reference value :  1.45789e-05
 Reference value :  1.45958e-05
 Reference value :  1.46273e-05
 Reference value :  1.46563e-05
 Reference value :  1.46876e-05
 Reference value :  1.46900e-05
 Reference value :  1.47189e-05
 Reference value :  1.47503e-05
 Reference value :  1.47568e-05
 Reference value :  1.47818e-05
 Reference value :  1.48142e-05
 Reference value :  1.48438e-05
 Reference value :  1.48447e-05
 Reference value :  1.48754e-05
 Reference value :  1.48776e-05
 Reference value :  1.49063e-05
 Reference value :  1.49067e-05
 Reference value :  1.49377e-05
 Reference value :  1.49611e-05
 Reference value :  1.49693e-05
 Reference value :  1.50005e-05
 Reference value :  1.50027e-05
 Reference value :  1.50313e-05
 Reference value :  1.50318e-05
 Reference value :  1.50627e-05
 Reference value :  1.50938e-05
 Reference value :  1.50944e-05
 Reference value :  1.51255e-05
 Reference value :  1.51566e-05
 Reference value :  1.51877e-05
 Reference value :  1.51902e-05
 Reference value :  1.52191e-05
 Reference value :  1.52500e-05
 Reference value :  1.52528e-05
 Reference value :  1.52672e-05
 Reference value :  1.52826e-05
 Reference value :  1.53148e-05
 Reference value :  1.53438e-05
 Reference value :  1.53750e-05
 Reference value :  1.53775e-05
 Reference value :  1.54064e-05
 Reference value :  1.54377e-05
 Reference value :  1.54407e-05
 Reference value :  1.54692e-05
 Reference value :  1.55006e-05
 Reference value :  1.55157e-05
 Reference value :  1.55399e-05
 Reference value :  1.55648e-05
 Reference value :  1.55938e-05
 Reference value :  1.56172e-05
 Reference value :  1.56273e-05
 Reference value :  1.56563e-05
 Reference value :  1.56840e-05
 Reference value :  1.56899e-05
 Reference value :  1.57188e-05
 Reference value :  1.57500e-05
 Reference value :  1.57524e-05
 Reference value :  1.57813e-05
 Reference value :  1.58034e-05
 Reference value :  1.58148e-05
 Reference value :  1.58408e-05
 Reference value :  1.58442e-05
 Reference value :  1.58751e-05
 Reference value :  1.58774e-05
 Reference value :  1.59063e-05
 Reference value :  1.59070e-05
 Reference value :  1.59380e-05
 Reference value :  1.59689e-05
 Reference value :  1.60002e-05
 Reference value :  1.60027e-05
 Reference value :  1.60313e-05
 Reference value :  1.60320e-05
 Reference value :  1.60631e-05
 Reference value :  1.60941e-05
 Reference value :  1.61253e-05
 Reference value :  1.61566e-05
 Reference value :  1.61877e-05
 Reference value :  1.61909e-05
 Reference value :  1.62192e-05
 Reference value :  1.62502e-05
 Reference value :  1.62530e-05
 Reference value :  1.62813e-05
 Reference value :  1.63127e-05
 Reference value :  1.63153e-05
 Reference value :  1.63440e-05
 Reference value :  1.63756e-05
 Reference value :  1.64063e-05
 Reference value :  1.64376e-05
 Reference value :  1.64401e-05
 Reference value :  1.64689e-05
 Reference value :  1.65003e-05
 Reference value :  1.65062e-05
 Reference value :  1.65321e-05
 Reference value :  1.65648e-05
 Reference value :  1.65938e-05
 Reference value :  1.66251e-05
 Reference value :  1.66277e-05
 Reference value :  1.66566e-05
 Reference value :  1.66880e-05
 Reference value :  1.67136e-05
 Reference value :  1.67340e-05
 Reference value :  1.67525e-05
 Reference value :  1.67814e-05
 Reference value :  1.68127e-05
 Reference value :  1.68155e-05
 Reference value :  1.68442e-05
 Reference value :  1.68753e-05
 Reference value :  1.68799e-05
 Reference value :  1.69067e-05
 Reference value :  1.69382e-05
 Reference value :  1.69690e-05
No. of Data Rows : 42490
icmpf000            =  -3.08573e-05 from=  3.00000e-06 to=  5.00001e-06
icdacf000           =  -9.57514e-06 from=  3.00000e-06 to=  5.00001e-06
itrkf000            =  7.07421e-26 from=  3.00000e-06 to=  5.00001e-06
ireff000            =  -2.04094e-07 from=  3.00000e-06 to=  5.00001e-06
ivcmf000            =  -1.59396e-05 from=  3.00000e-06 to=  5.00001e-06
icmpf025            =  -3.12190e-05 from=  6.00000e-06 to=  8.00001e-06
icdacf025           =  -9.68769e-06 from=  6.00000e-06 to=  8.00001e-06
itrkf025            =  7.07421e-26 from=  6.00000e-06 to=  8.00001e-06
ireff025            =  -4.35286e-06 from=  6.00000e-06 to=  8.00001e-06
ivcmf025            =  -9.44746e-06 from=  6.00000e-06 to=  8.00001e-06
icmpf050            =  -3.23589e-05 from=  9.00000e-06 to=  1.10000e-05
icdacf050           =  -9.84791e-06 from=  9.00000e-06 to=  1.10000e-05
itrkf050            =  7.07421e-26 from=  9.00000e-06 to=  1.10000e-05
ireff050            =  -8.42707e-06 from=  9.00000e-06 to=  1.10000e-05
ivcmf050            =  -6.36233e-07 from=  9.00000e-06 to=  1.10000e-05
icmpf075            =  -3.07631e-05 from=  1.20000e-05 to=  1.40000e-05
icdacf075           =  -1.04515e-05 from=  1.20000e-05 to=  1.40000e-05
itrkf075            =  7.07421e-26 from=  1.20000e-05 to=  1.40000e-05
ireff075            =  -1.05127e-05 from=  1.20000e-05 to=  1.40000e-05
ivcmf075            =  8.92293e-06 from=  1.20000e-05 to=  1.40000e-05
icmpf100            =  -3.05372e-05 from=  1.50000e-05 to=  1.70000e-05
icdacf100           =  -1.07004e-05 from=  1.50000e-05 to=  1.70000e-05
itrkf100            =  7.07421e-26 from=  1.50000e-05 to=  1.70000e-05
ireff100            =  -9.92151e-06 from=  1.50000e-05 to=  1.70000e-05
ivcmf100            =  1.55660e-05 from=  1.50000e-05 to=  1.70000e-05
vddm                =  3.63000e+00
m_p_cmp_f000_uw = 1.1201203530e+02
m_p_cdac_f000_uw = 3.4757761830e+01
m_p_trk_f000_uw = -2.567936415e-19
m_p_ref_f000_uw = 7.4086085700e-01
m_p_vcm_f000_uw = 2.8930337700e+01
m_p_total_f000_uw = 1.7644099569e+02
m_p_cmp_f025_uw = 1.1332500630e+02
m_p_cdac_f025_uw = 3.5166318330e+01
m_p_trk_f025_uw = -2.567936415e-19
m_p_ref_f025_uw = 1.5800874540e+01
m_p_vcm_f025_uw = 1.7147136270e+01
m_p_total_f025_uw = 1.8143933544e+02
m_p_cmp_f050_uw = 1.1746277070e+02
m_p_cdac_f050_uw = 3.5747924190e+01
m_p_trk_f050_uw = -2.567936415e-19
m_p_ref_f050_uw = 3.0590245950e+01
m_p_vcm_f050_uw = 1.1547623505e+00
m_p_total_f050_uw = 1.8495570319e+02
m_p_cmp_f075_uw = 1.1167019820e+02
m_p_cdac_f075_uw = 3.7938945000e+01
m_p_trk_f075_uw = -2.567936415e-19
m_p_ref_f075_uw = 3.8161209900e+01
m_p_vcm_f075_uw = -1.619511613e+01
m_p_total_f075_uw = 1.7157523697e+02
m_p_cmp_f100_uw = 1.1084996340e+02
m_p_cdac_f100_uw = 3.8842488300e+01
m_p_trk_f100_uw = -2.567936415e-19
m_p_ref_f100_uw = 3.6015092190e+01
m_p_vcm_f100_uw = -2.825232630e+01
m_p_total_f100_uw = 1.5745521759e+02
m_supply_v = 3.6300000000e+00
Note: Simulation executed from .control section 

Warning: m=xx on .subckt line will override multiplier m hierarchy!

