
Note: Compatibility modes selected: hs a


Circuit: * dr0014-sampling @ ff_27c_2.97v -- generated by sim/harness, do not edit

Doing analysis at TEMP = 27.000000 and TNOM = 27.000000

Using SPARSE 1.3 as Direct Linear Solver

Initial Transient Solution
--------------------------

Node                                   Voltage
----                                   -------
vddd                                      2.97
vddc                                      2.97
vrefn                                     2.97
vcmn                                     1.485
cmpstrobe                                    0
d14_sel_hi_n_128n                            0
d14_sel_hi_n_128p                            0
d14_sel_hi_n_16n                             0
d14_sel_hi_n_16p                             0
d14_sel_hi_n_1n                              0
d14_sel_hi_n_1p                              0
d14_sel_hi_n_256n                            0
d14_sel_hi_n_256p                            0
d14_sel_hi_n_2n                              0
d14_sel_hi_n_2p                              0
d14_sel_hi_n_32n                             0
d14_sel_hi_n_32p                             0
d14_sel_hi_n_4n                              0
d14_sel_hi_n_4p                              0
d14_sel_hi_n_64n                             0
d14_sel_hi_n_64p                             0
d14_sel_hi_n_8n                              0
d14_sel_hi_n_8p                              0
d14_sel_lo_n_128n                            0
d14_sel_lo_n_128p                            0
d14_sel_lo_n_16n                             0
d14_sel_lo_n_16p                             0
d14_sel_lo_n_1n                              0
d14_sel_lo_n_1p                              0
d14_sel_lo_n_256n                            0
d14_sel_lo_n_256p                            0
d14_sel_lo_n_2n                              0
d14_sel_lo_n_2p                              0
d14_sel_lo_n_32n                             0
d14_sel_lo_n_32p                             0
d14_sel_lo_n_4n                              0
d14_sel_lo_n_4p                              0
d14_sel_lo_n_64n                             0
d14_sel_lo_n_64p                             0
d14_sel_lo_n_8n                              0
d14_sel_lo_n_8p                              0
d14_rel_n_128n                               0
d14_rel_n_128p                               0
d14_rel_n_16n                                0
d14_rel_n_16p                                0
d14_rel_n_1n                                 0
d14_rel_n_1p                                 0
d14_rel_n_256n                               0
d14_rel_n_256p                               0
d14_rel_n_2n                                 0
d14_rel_n_2p                                 0
d14_rel_n_32n                                0
d14_rel_n_32p                                0
d14_rel_n_4n                                 0
d14_rel_n_4p                                 0
d14_rel_n_64n                                0
d14_rel_n_64p                                0
d14_rel_n_8n                                 0
d14_rel_n_8p                                 0
d14_sel_in_n                              2.97
d14_samp_tp_n                             2.97
a0_srcp                                 0.1485
a0_pinp                                 0.1485
a0_srcn                                 2.8215
a0_pinn                                 2.8215
xa0dut.\$65                        1.48084e-09
xa0dut.\$27                               2.97
xa0dut.\$29                               2.97
xa0dut.\$9                                2.97
xa0dut.\$10                             0.1485
xa0dut.\$67                        1.48084e-09
xa0dut.\$31                               2.97
xa0dut.\$33                               2.97
xa0dut.\$11                               2.97
xa0dut.\$12                             0.1485
xa0dut.\$69                        1.48084e-09
xa0dut.\$35                               2.97
xa0dut.\$37                               2.97
xa0dut.\$13                               2.97
xa0dut.\$14                             0.1485
xa0dut.\$71                        1.48084e-09
xa0dut.\$39                               2.97
xa0dut.\$41                               2.97
xa0dut.\$15                               2.97
xa0dut.\$16                             0.1485
xa0dut.\$73                        1.48084e-09
xa0dut.\$43                               2.97
xa0dut.\$45                               2.97
xa0dut.\$17                               2.97
xa0dut.\$18                             0.1485
xa0dut.\$75                        1.48084e-09
xa0dut.\$47                               2.97
xa0dut.\$49                               2.97
xa0dut.\$19                               2.97
xa0dut.\$20                             0.1485
xa0dut.\$77                        1.48084e-09
xa0dut.\$51                               2.97
xa0dut.\$53                               2.97
xa0dut.\$21                               2.97
xa0dut.\$22                             0.1485
xa0dut.\$79                        1.48084e-09
xa0dut.\$55                               2.97
xa0dut.\$57                               2.97
xa0dut.\$23                               2.97
xa0dut.\$24                             0.1485
xa0dut.\$81                        1.48084e-09
xa0dut.\$59                               2.97
xa0dut.\$61                               2.97
xa0dut.\$25                               2.97
xa0dut.\$26                             0.1485
xa0dut.\$83                        1.48084e-09
xa0dut.\$85                               2.97
xa0dut.\$87                               2.97
xa0dut.\$89                               2.97
xa0dut.\$90                             2.8215
xa0dut.\$92                        1.48084e-09
xa0dut.\$94                               2.97
xa0dut.\$96                               2.97
xa0dut.\$98                               2.97
xa0dut.\$99                             2.8215
xa0dut.\$100                       1.48084e-09
xa0dut.\$102                              2.97
xa0dut.\$104                              2.97
xa0dut.\$106                              2.97
xa0dut.\$107                            2.8215
xa0dut.\$108                       1.48084e-09
xa0dut.\$110                              2.97
xa0dut.\$112                              2.97
xa0dut.\$114                              2.97
xa0dut.\$115                            2.8215
xa0dut.\$116                       1.48084e-09
xa0dut.\$118                              2.97
xa0dut.\$120                              2.97
xa0dut.\$122                              2.97
xa0dut.\$123                            2.8215
xa0dut.\$124                       1.48084e-09
xa0dut.\$126                              2.97
xa0dut.\$128                              2.97
xa0dut.\$130                              2.97
xa0dut.\$131                            2.8215
xa0dut.\$132                       1.48084e-09
xa0dut.\$134                              2.97
xa0dut.\$136                              2.97
xa0dut.\$138                              2.97
xa0dut.\$139                            2.8215
xa0dut.\$140                       1.48084e-09
xa0dut.\$142                              2.97
xa0dut.\$144                              2.97
xa0dut.\$146                              2.97
xa0dut.\$147                            2.8215
xa0dut.\$166                       1.48084e-09
a0_topp                                  1.485
xa0dut.\$167                       1.48084e-09
a0_topn                                  1.485
xa0dut.\$148                       1.48084e-09
xa0dut.\$150                              2.97
xa0dut.\$152                              2.97
xa0dut.\$154                              2.97
xa0dut.\$155                            2.8215
xa0dut.\$10__par                        0.1485
xa0dut.\$100__par                  1.48084e-09
xa0dut.\$102__par                         2.97
xa0dut.\$104__par                         2.97
xa0dut.\$106__par                         2.97
xa0dut.\$107__par                       2.8215
xa0dut.\$108__par                  1.48084e-09
xa0dut.\$11__par                          2.97
xa0dut.\$110__par                         2.97
xa0dut.\$112__par                         2.97
xa0dut.\$114__par                         2.97
xa0dut.\$115__par                       2.8215
xa0dut.\$116__par                  1.48084e-09
xa0dut.\$118__par                         2.97
xa0dut.\$12__par                        0.1485
xa0dut.\$120__par                         2.97
xa0dut.\$122__par                         2.97
xa0dut.\$123__par                       2.8215
xa0dut.\$124__par                  1.48084e-09
xa0dut.\$126__par                         2.97
xa0dut.\$128__par                         2.97
xa0dut.\$13__par                          2.97
xa0dut.\$130__par                         2.97
xa0dut.\$131__par                       2.8215
xa0dut.\$132__par                  1.48084e-09
xa0dut.\$134__par                         2.97
xa0dut.\$136__par                         2.97
xa0dut.\$138__par                         2.97
xa0dut.\$139__par                       2.8215
xa0dut.\$14__par                        0.1485
xa0dut.\$140__par                  1.48084e-09
xa0dut.\$142__par                         2.97
xa0dut.\$144__par                         2.97
xa0dut.\$146__par                         2.97
xa0dut.\$147__par                       2.8215
xa0dut.\$148__par                  1.48084e-09
xa0dut.\$15__par                          2.97
xa0dut.\$150__par                         2.97
xa0dut.\$152__par                         2.97
xa0dut.\$154__par                         2.97
xa0dut.\$155__par                       2.8215
xa0dut.\$16__par                        0.1485
xa0dut.\$166__par                  1.48084e-09
xa0dut.\$167__par                  1.48084e-09
xa0dut.\$17__par                          2.97
xa0dut.\$18__par                        0.1485
xa0dut.\$19__par                          2.97
xa0dut.\$20__par                        0.1485
xa0dut.\$21__par                          2.97
xa0dut.\$22__par                        0.1485
xa0dut.\$23__par                          2.97
xa0dut.\$24__par                        0.1485
xa0dut.\$25__par                          2.97
xa0dut.\$26__par                        0.1485
xa0dut.\$27__par                          2.97
xa0dut.\$29__par                          2.97
xa0dut.\$31__par                          2.97
xa0dut.\$33__par                          2.97
xa0dut.\$35__par                          2.97
xa0dut.\$37__par                          2.97
xa0dut.\$39__par                          2.97
xa0dut.\$41__par                          2.97
xa0dut.\$43__par                          2.97
xa0dut.\$45__par                          2.97
xa0dut.\$47__par                          2.97
xa0dut.\$49__par                          2.97
xa0dut.\$51__par                          2.97
xa0dut.\$53__par                          2.97
xa0dut.\$55__par                          2.97
xa0dut.\$57__par                          2.97
xa0dut.\$59__par                          2.97
xa0dut.\$61__par                          2.97
xa0dut.\$65__par                   1.48084e-09
xa0dut.\$67__par                   1.48084e-09
xa0dut.\$69__par                   1.48084e-09
xa0dut.\$71__par                   1.48084e-09
xa0dut.\$73__par                   1.48084e-09
xa0dut.\$75__par                   1.48084e-09
xa0dut.\$77__par                   1.48084e-09
xa0dut.\$79__par                   1.48084e-09
xa0dut.\$81__par                   1.48084e-09
xa0dut.\$83__par                   1.48084e-09
xa0dut.\$85__par                          2.97
xa0dut.\$87__par                          2.97
xa0dut.\$89__par                          2.97
xa0dut.\$9__par                           2.97
xa0dut.\$90__par                        2.8215
xa0dut.\$92__par                   1.48084e-09
xa0dut.\$94__par                          2.97
xa0dut.\$96__par                          2.97
xa0dut.\$98__par                          2.97
xa0dut.\$99__par                        2.8215
xa0dut.hi_128_n__par                         0
xa0dut.hi_128_p__par                         0
xa0dut.hi_16_n__par                          0
xa0dut.hi_16_p__par                          0
xa0dut.hi_1_n__par                           0
xa0dut.hi_1_p__par                           0
xa0dut.hi_256_n__par                         0
xa0dut.hi_256_p__par                         0
xa0dut.hi_2_n__par                           0
xa0dut.hi_2_p__par                           0
xa0dut.hi_32_n__par                          0
xa0dut.hi_32_p__par                          0
xa0dut.hi_4_n__par                           0
xa0dut.hi_4_p__par                           0
xa0dut.hi_64_n__par                          0
xa0dut.hi_64_p__par                          0
xa0dut.hi_8_n__par                           0
xa0dut.hi_8_p__par                           0
xa0dut.lo_128_n__par                         0
xa0dut.lo_128_p__par                         0
xa0dut.lo_16_n__par                          0
xa0dut.lo_16_p__par                          0
xa0dut.lo_1_n__par                           0
xa0dut.lo_1_p__par                           0
xa0dut.lo_256_n__par                         0
xa0dut.lo_256_p__par                         0
xa0dut.lo_2_n__par                           0
xa0dut.lo_2_p__par                           0
xa0dut.lo_32_n__par                          0
xa0dut.lo_32_p__par                          0
xa0dut.lo_4_n__par                           0
xa0dut.lo_4_p__par                           0
xa0dut.lo_64_n__par                          0
xa0dut.lo_64_p__par                          0
xa0dut.lo_8_n__par                           0
xa0dut.lo_8_p__par                           0
xa0dut.pinn__par                        2.8215
xa0dut.pinp__par                        0.1485
xa0dut.rel_128_n__par                        0
xa0dut.rel_128_p__par                        0
xa0dut.rel_16_n__par                         0
xa0dut.rel_16_p__par                         0
xa0dut.rel_1_n__par                          0
xa0dut.rel_1_p__par                          0
xa0dut.rel_256_n__par                        0
xa0dut.rel_256_p__par                        0
xa0dut.rel_2_n__par                          0
xa0dut.rel_2_p__par                          0
xa0dut.rel_32_n__par                         0
xa0dut.rel_32_p__par                         0
xa0dut.rel_4_n__par                          0
xa0dut.rel_4_p__par                          0
xa0dut.rel_64_n__par                         0
xa0dut.rel_64_p__par                         0
xa0dut.rel_8_n__par                          0
xa0dut.rel_8_p__par                          0
xa0dut.sel_in__par                        2.97
xa0dut.topn__par                         1.485
xa0dut.topp__par                         1.485
xa0dut.tp_gn__par                         2.97
xa0dut.vcm__par                          1.485
xa0dut.vdd__par                           2.97
xa0dut.vref__par                          2.97
xa0dut.vss__par                              0
a0_ib                                 0.640978
xa0cmp.xpre.ptail                     0.725906
xa0cmp.pon                             2.34036
xa0cmp.preamp_in1                        1.485
xa0cmp.pop                             2.34036
xa0cmp.preamp_in2                        1.485
xa0cmp.xpre.xrlp.11                    2.96983
xa0cmp.xpre.xrlp.21                    2.34054
xa0cmp.xpre.xrln.11                    2.96983
xa0cmp.xpre.xrln.21                    2.34054
xa0cmp.xlat.ltail                      1.79629
xa0cmp.xlat.dip                           2.97
xa0cmp.xlat.din                           2.97
xa0cmp.outn                               2.97
xa0cmp.outp                               2.97
xa0cmp.sset                        5.49321e-09
xa0cmp.srst                        5.49321e-09
xa0cmp.xno1.ps                         2.76345
a0_do                                  1.21864
a0_dob                                 1.21864
xa0cmp.xno2.ps                         2.76345
a0_dp                             -6.81986e-10
a0_dn                              6.96343e-10
a0_dd                             -1.37835e-09
a1_srcp                                0.81675
a1_pinp                                0.81675
a1_srcn                                2.15325
a1_pinn                                2.15325
xa1dut.\$65                        1.48084e-09
xa1dut.\$27                               2.97
xa1dut.\$29                               2.97
xa1dut.\$9                                2.97
xa1dut.\$10                            0.81675
xa1dut.\$67                        1.48084e-09
xa1dut.\$31                               2.97
xa1dut.\$33                               2.97
xa1dut.\$11                               2.97
xa1dut.\$12                            0.81675
xa1dut.\$69                        1.48084e-09
xa1dut.\$35                               2.97
xa1dut.\$37                               2.97
xa1dut.\$13                               2.97
xa1dut.\$14                            0.81675
xa1dut.\$71                        1.48084e-09
xa1dut.\$39                               2.97
xa1dut.\$41                               2.97
xa1dut.\$15                               2.97
xa1dut.\$16                            0.81675
xa1dut.\$73                        1.48084e-09
xa1dut.\$43                               2.97
xa1dut.\$45                               2.97
xa1dut.\$17                               2.97
xa1dut.\$18                            0.81675
xa1dut.\$75                        1.48084e-09
xa1dut.\$47                               2.97
xa1dut.\$49                               2.97
xa1dut.\$19                               2.97
xa1dut.\$20                            0.81675
xa1dut.\$77                        1.48084e-09
xa1dut.\$51                               2.97
xa1dut.\$53                               2.97
xa1dut.\$21                               2.97
xa1dut.\$22                            0.81675
xa1dut.\$79                        1.48084e-09
xa1dut.\$55                               2.97
xa1dut.\$57                               2.97
xa1dut.\$23                               2.97
xa1dut.\$24                            0.81675
xa1dut.\$81                        1.48084e-09
xa1dut.\$59                               2.97
xa1dut.\$61                               2.97
xa1dut.\$25                               2.97
xa1dut.\$26                            0.81675
xa1dut.\$83                        1.48084e-09
xa1dut.\$85                               2.97
xa1dut.\$87                               2.97
xa1dut.\$89                               2.97
xa1dut.\$90                            2.15325
xa1dut.\$92                        1.48084e-09
xa1dut.\$94                               2.97
xa1dut.\$96                               2.97
xa1dut.\$98                               2.97
xa1dut.\$99                            2.15325
xa1dut.\$100                       1.48084e-09
xa1dut.\$102                              2.97
xa1dut.\$104                              2.97
xa1dut.\$106                              2.97
xa1dut.\$107                           2.15325
xa1dut.\$108                       1.48084e-09
xa1dut.\$110                              2.97
xa1dut.\$112                              2.97
xa1dut.\$114                              2.97
xa1dut.\$115                           2.15325
xa1dut.\$116                       1.48084e-09
xa1dut.\$118                              2.97
xa1dut.\$120                              2.97
xa1dut.\$122                              2.97
xa1dut.\$123                           2.15325
xa1dut.\$124                       1.48084e-09
xa1dut.\$126                              2.97
xa1dut.\$128                              2.97
xa1dut.\$130                              2.97
xa1dut.\$131                           2.15325
xa1dut.\$132                       1.48084e-09
xa1dut.\$134                              2.97
xa1dut.\$136                              2.97
xa1dut.\$138                              2.97
xa1dut.\$139                           2.15325
xa1dut.\$140                       1.48084e-09
xa1dut.\$142                              2.97
xa1dut.\$144                              2.97
xa1dut.\$146                              2.97
xa1dut.\$147                           2.15325
xa1dut.\$166                       1.48084e-09
a1_topp                                  1.485
xa1dut.\$167                       1.48084e-09
a1_topn                                  1.485
xa1dut.\$148                       1.48084e-09
xa1dut.\$150                              2.97
xa1dut.\$152                              2.97
xa1dut.\$154                              2.97
xa1dut.\$155                           2.15325
xa1dut.\$10__par                       0.81675
xa1dut.\$100__par                  1.48084e-09
xa1dut.\$102__par                         2.97
xa1dut.\$104__par                         2.97
xa1dut.\$106__par                         2.97
xa1dut.\$107__par                      2.15325
xa1dut.\$108__par                  1.48084e-09
xa1dut.\$11__par                          2.97
xa1dut.\$110__par                         2.97
xa1dut.\$112__par                         2.97
xa1dut.\$114__par                         2.97
xa1dut.\$115__par                      2.15325
xa1dut.\$116__par                  1.48084e-09
xa1dut.\$118__par                         2.97
xa1dut.\$12__par                       0.81675
xa1dut.\$120__par                         2.97
xa1dut.\$122__par                         2.97
xa1dut.\$123__par                      2.15325
xa1dut.\$124__par                  1.48084e-09
xa1dut.\$126__par                         2.97
xa1dut.\$128__par                         2.97
xa1dut.\$13__par                          2.97
xa1dut.\$130__par                         2.97
xa1dut.\$131__par                      2.15325
xa1dut.\$132__par                  1.48084e-09
xa1dut.\$134__par                         2.97
xa1dut.\$136__par                         2.97
xa1dut.\$138__par                         2.97
xa1dut.\$139__par                      2.15325
xa1dut.\$14__par                       0.81675
xa1dut.\$140__par                  1.48084e-09
xa1dut.\$142__par                         2.97
xa1dut.\$144__par                         2.97
xa1dut.\$146__par                         2.97
xa1dut.\$147__par                      2.15325
xa1dut.\$148__par                  1.48084e-09
xa1dut.\$15__par                          2.97
xa1dut.\$150__par                         2.97
xa1dut.\$152__par                         2.97
xa1dut.\$154__par                         2.97
xa1dut.\$155__par                      2.15325
xa1dut.\$16__par                       0.81675
xa1dut.\$166__par                  1.48084e-09
xa1dut.\$167__par                  1.48084e-09
xa1dut.\$17__par                          2.97
xa1dut.\$18__par                       0.81675
xa1dut.\$19__par                          2.97
xa1dut.\$20__par                       0.81675
xa1dut.\$21__par                          2.97
xa1dut.\$22__par                       0.81675
xa1dut.\$23__par                          2.97
xa1dut.\$24__par                       0.81675
xa1dut.\$25__par                          2.97
xa1dut.\$26__par                       0.81675
xa1dut.\$27__par                          2.97
xa1dut.\$29__par                          2.97
xa1dut.\$31__par                          2.97
xa1dut.\$33__par                          2.97
xa1dut.\$35__par                          2.97
xa1dut.\$37__par                          2.97
xa1dut.\$39__par                          2.97
xa1dut.\$41__par                          2.97
xa1dut.\$43__par                          2.97
xa1dut.\$45__par                          2.97
xa1dut.\$47__par                          2.97
xa1dut.\$49__par                          2.97
xa1dut.\$51__par                          2.97
xa1dut.\$53__par                          2.97
xa1dut.\$55__par                          2.97
xa1dut.\$57__par                          2.97
xa1dut.\$59__par                          2.97
xa1dut.\$61__par                          2.97
xa1dut.\$65__par                   1.48084e-09
xa1dut.\$67__par                   1.48084e-09
xa1dut.\$69__par                   1.48084e-09
xa1dut.\$71__par                   1.48084e-09
xa1dut.\$73__par                   1.48084e-09
xa1dut.\$75__par                   1.48084e-09
xa1dut.\$77__par                   1.48084e-09
xa1dut.\$79__par                   1.48084e-09
xa1dut.\$81__par                   1.48084e-09
xa1dut.\$83__par                   1.48084e-09
xa1dut.\$85__par                          2.97
xa1dut.\$87__par                          2.97
xa1dut.\$89__par                          2.97
xa1dut.\$9__par                           2.97
xa1dut.\$90__par                       2.15325
xa1dut.\$92__par                   1.48084e-09
xa1dut.\$94__par                          2.97
xa1dut.\$96__par                          2.97
xa1dut.\$98__par                          2.97
xa1dut.\$99__par                       2.15325
xa1dut.hi_128_n__par                         0
xa1dut.hi_128_p__par                         0
xa1dut.hi_16_n__par                          0
xa1dut.hi_16_p__par                          0
xa1dut.hi_1_n__par                           0
xa1dut.hi_1_p__par                           0
xa1dut.hi_256_n__par                         0
xa1dut.hi_256_p__par                         0
xa1dut.hi_2_n__par                           0
xa1dut.hi_2_p__par                           0
xa1dut.hi_32_n__par                          0
xa1dut.hi_32_p__par                          0
xa1dut.hi_4_n__par                           0
xa1dut.hi_4_p__par                           0
xa1dut.hi_64_n__par                          0
xa1dut.hi_64_p__par                          0
xa1dut.hi_8_n__par                           0
xa1dut.hi_8_p__par                           0
xa1dut.lo_128_n__par                         0
xa1dut.lo_128_p__par                         0
xa1dut.lo_16_n__par                          0
xa1dut.lo_16_p__par                          0
xa1dut.lo_1_n__par                           0
xa1dut.lo_1_p__par                           0
xa1dut.lo_256_n__par                         0
xa1dut.lo_256_p__par                         0
xa1dut.lo_2_n__par                           0
xa1dut.lo_2_p__par                           0
xa1dut.lo_32_n__par                          0
xa1dut.lo_32_p__par                          0
xa1dut.lo_4_n__par                           0
xa1dut.lo_4_p__par                           0
xa1dut.lo_64_n__par                          0
xa1dut.lo_64_p__par                          0
xa1dut.lo_8_n__par                           0
xa1dut.lo_8_p__par                           0
xa1dut.pinn__par                       2.15325
xa1dut.pinp__par                       0.81675
xa1dut.rel_128_n__par                        0
xa1dut.rel_128_p__par                        0
xa1dut.rel_16_n__par                         0
xa1dut.rel_16_p__par                         0
xa1dut.rel_1_n__par                          0
xa1dut.rel_1_p__par                          0
xa1dut.rel_256_n__par                        0
xa1dut.rel_256_p__par                        0
xa1dut.rel_2_n__par                          0
xa1dut.rel_2_p__par                          0
xa1dut.rel_32_n__par                         0
xa1dut.rel_32_p__par                         0
xa1dut.rel_4_n__par                          0
xa1dut.rel_4_p__par                          0
xa1dut.rel_64_n__par                         0
xa1dut.rel_64_p__par                         0
xa1dut.rel_8_n__par                          0
xa1dut.rel_8_p__par                          0
xa1dut.sel_in__par                        2.97
xa1dut.topn__par                         1.485
xa1dut.topp__par                         1.485
xa1dut.tp_gn__par                         2.97
xa1dut.vcm__par                          1.485
xa1dut.vdd__par                           2.97
xa1dut.vref__par                          2.97
xa1dut.vss__par                              0
a1_ib                                 0.640978
xa1cmp.xpre.ptail                     0.725906
xa1cmp.pon                             2.34036
xa1cmp.preamp_in1                        1.485
xa1cmp.pop                             2.34036
xa1cmp.preamp_in2                        1.485
xa1cmp.xpre.xrlp.11                    2.96983
xa1cmp.xpre.xrlp.21                    2.34054
xa1cmp.xpre.xrln.11                    2.96983
xa1cmp.xpre.xrln.21                    2.34054
xa1cmp.xlat.ltail                      1.79629
xa1cmp.xlat.dip                           2.97
xa1cmp.xlat.din                           2.97
xa1cmp.outn                               2.97
xa1cmp.outp                               2.97
xa1cmp.sset                        5.49321e-09
xa1cmp.srst                        5.49321e-09
xa1cmp.xno1.ps                         2.76345
a1_do                                  1.21864
a1_dob                                 1.21864
xa1cmp.xno2.ps                         2.76345
a1_dp                              -3.3748e-10
a1_dn                              3.51837e-10
a1_dd                             -6.89317e-10
a2_srcp                                  1.485
a2_pinp                                  1.485
a2_srcn                                  1.485
a2_pinn                                  1.485
xa2dut.\$65                        1.48084e-09
xa2dut.\$27                               2.97
xa2dut.\$29                               2.97
xa2dut.\$9                                2.97
xa2dut.\$10                              1.485
xa2dut.\$67                        1.48084e-09
xa2dut.\$31                               2.97
xa2dut.\$33                               2.97
xa2dut.\$11                               2.97
xa2dut.\$12                              1.485
xa2dut.\$69                        1.48084e-09
xa2dut.\$35                               2.97
xa2dut.\$37                               2.97
xa2dut.\$13                               2.97
xa2dut.\$14                              1.485
xa2dut.\$71                        1.48084e-09
xa2dut.\$39                               2.97
xa2dut.\$41                               2.97
xa2dut.\$15                               2.97
xa2dut.\$16                              1.485
xa2dut.\$73                        1.48084e-09
xa2dut.\$43                               2.97
xa2dut.\$45                               2.97
xa2dut.\$17                               2.97
xa2dut.\$18                              1.485
xa2dut.\$75                        1.48084e-09
xa2dut.\$47                               2.97
xa2dut.\$49                               2.97
xa2dut.\$19                               2.97
xa2dut.\$20                              1.485
xa2dut.\$77                        1.48084e-09
xa2dut.\$51                               2.97
xa2dut.\$53                               2.97
xa2dut.\$21                               2.97
xa2dut.\$22                              1.485
xa2dut.\$79                        1.48084e-09
xa2dut.\$55                               2.97
xa2dut.\$57                               2.97
xa2dut.\$23                               2.97
xa2dut.\$24                              1.485
xa2dut.\$81                        1.48084e-09
xa2dut.\$59                               2.97
xa2dut.\$61                               2.97
xa2dut.\$25                               2.97
xa2dut.\$26                              1.485
xa2dut.\$83                        1.48084e-09
xa2dut.\$85                               2.97
xa2dut.\$87                               2.97
xa2dut.\$89                               2.97
xa2dut.\$90                              1.485
xa2dut.\$92                        1.48084e-09
xa2dut.\$94                               2.97
xa2dut.\$96                               2.97
xa2dut.\$98                               2.97
xa2dut.\$99                              1.485
xa2dut.\$100                       1.48084e-09
xa2dut.\$102                              2.97
xa2dut.\$104                              2.97
xa2dut.\$106                              2.97
xa2dut.\$107                             1.485
xa2dut.\$108                       1.48084e-09
xa2dut.\$110                              2.97
xa2dut.\$112                              2.97
xa2dut.\$114                              2.97
xa2dut.\$115                             1.485
xa2dut.\$116                       1.48084e-09
xa2dut.\$118                              2.97
xa2dut.\$120                              2.97
xa2dut.\$122                              2.97
xa2dut.\$123                             1.485
xa2dut.\$124                       1.48084e-09
xa2dut.\$126                              2.97
xa2dut.\$128                              2.97
xa2dut.\$130                              2.97
xa2dut.\$131                             1.485
xa2dut.\$132                       1.48084e-09
xa2dut.\$134                              2.97
xa2dut.\$136                              2.97
xa2dut.\$138                              2.97
xa2dut.\$139                             1.485
xa2dut.\$140                       1.48084e-09
xa2dut.\$142                              2.97
xa2dut.\$144                              2.97
xa2dut.\$146                              2.97
xa2dut.\$147                             1.485
xa2dut.\$166                       1.48084e-09
a2_topp                                  1.485
xa2dut.\$167                       1.48084e-09
a2_topn                                  1.485
xa2dut.\$148                       1.48084e-09
xa2dut.\$150                              2.97
xa2dut.\$152                              2.97
xa2dut.\$154                              2.97
xa2dut.\$155                             1.485
xa2dut.\$10__par                         1.485
xa2dut.\$100__par                  1.48084e-09
xa2dut.\$102__par                         2.97
xa2dut.\$104__par                         2.97
xa2dut.\$106__par                         2.97
xa2dut.\$107__par                        1.485
xa2dut.\$108__par                  1.48084e-09
xa2dut.\$11__par                          2.97
xa2dut.\$110__par                         2.97
xa2dut.\$112__par                         2.97
xa2dut.\$114__par                         2.97
xa2dut.\$115__par                        1.485
xa2dut.\$116__par                  1.48084e-09
xa2dut.\$118__par                         2.97
xa2dut.\$12__par                         1.485
xa2dut.\$120__par                         2.97
xa2dut.\$122__par                         2.97
xa2dut.\$123__par                        1.485
xa2dut.\$124__par                  1.48084e-09
xa2dut.\$126__par                         2.97
xa2dut.\$128__par                         2.97
xa2dut.\$13__par                          2.97
xa2dut.\$130__par                         2.97
xa2dut.\$131__par                        1.485
xa2dut.\$132__par                  1.48084e-09
xa2dut.\$134__par                         2.97
xa2dut.\$136__par                         2.97
xa2dut.\$138__par                         2.97
xa2dut.\$139__par                        1.485
xa2dut.\$14__par                         1.485
xa2dut.\$140__par                  1.48084e-09
xa2dut.\$142__par                         2.97
xa2dut.\$144__par                         2.97
xa2dut.\$146__par                         2.97
xa2dut.\$147__par                        1.485
xa2dut.\$148__par                  1.48084e-09
xa2dut.\$15__par                          2.97
xa2dut.\$150__par                         2.97
xa2dut.\$152__par                         2.97
xa2dut.\$154__par                         2.97
xa2dut.\$155__par                        1.485
xa2dut.\$16__par                         1.485
xa2dut.\$166__par                  1.48084e-09
xa2dut.\$167__par                  1.48084e-09
xa2dut.\$17__par                          2.97
xa2dut.\$18__par                         1.485
xa2dut.\$19__par                          2.97
xa2dut.\$20__par                         1.485
xa2dut.\$21__par                          2.97
xa2dut.\$22__par                         1.485
xa2dut.\$23__par                          2.97
xa2dut.\$24__par                         1.485
xa2dut.\$25__par                          2.97
xa2dut.\$26__par                         1.485
xa2dut.\$27__par                          2.97
xa2dut.\$29__par                          2.97
xa2dut.\$31__par                          2.97
xa2dut.\$33__par                          2.97
xa2dut.\$35__par                          2.97
xa2dut.\$37__par                          2.97
xa2dut.\$39__par                          2.97
xa2dut.\$41__par                          2.97
xa2dut.\$43__par                          2.97
xa2dut.\$45__par                          2.97
xa2dut.\$47__par                          2.97
xa2dut.\$49__par                          2.97
xa2dut.\$51__par                          2.97
xa2dut.\$53__par                          2.97
xa2dut.\$55__par                          2.97
xa2dut.\$57__par                          2.97
xa2dut.\$59__par                          2.97
xa2dut.\$61__par                          2.97
xa2dut.\$65__par                   1.48084e-09
xa2dut.\$67__par                   1.48084e-09
xa2dut.\$69__par                   1.48084e-09
xa2dut.\$71__par                   1.48084e-09
xa2dut.\$73__par                   1.48084e-09
xa2dut.\$75__par                   1.48084e-09
xa2dut.\$77__par                   1.48084e-09
xa2dut.\$79__par                   1.48084e-09
xa2dut.\$81__par                   1.48084e-09
xa2dut.\$83__par                   1.48084e-09
xa2dut.\$85__par                          2.97
xa2dut.\$87__par                          2.97
xa2dut.\$89__par                          2.97
xa2dut.\$9__par                           2.97
xa2dut.\$90__par                         1.485
xa2dut.\$92__par                   1.48084e-09
xa2dut.\$94__par                          2.97
xa2dut.\$96__par                          2.97
xa2dut.\$98__par                          2.97
xa2dut.\$99__par                         1.485
xa2dut.hi_128_n__par                         0
xa2dut.hi_128_p__par                         0
xa2dut.hi_16_n__par                          0
xa2dut.hi_16_p__par                          0
xa2dut.hi_1_n__par                           0
xa2dut.hi_1_p__par                           0
xa2dut.hi_256_n__par                         0
xa2dut.hi_256_p__par                         0
xa2dut.hi_2_n__par                           0
xa2dut.hi_2_p__par                           0
xa2dut.hi_32_n__par                          0
xa2dut.hi_32_p__par                          0
xa2dut.hi_4_n__par                           0
xa2dut.hi_4_p__par                           0
xa2dut.hi_64_n__par                          0
xa2dut.hi_64_p__par                          0
xa2dut.hi_8_n__par                           0
xa2dut.hi_8_p__par                           0
xa2dut.lo_128_n__par                         0
xa2dut.lo_128_p__par                         0
xa2dut.lo_16_n__par                          0
xa2dut.lo_16_p__par                          0
xa2dut.lo_1_n__par                           0
xa2dut.lo_1_p__par                           0
xa2dut.lo_256_n__par                         0
xa2dut.lo_256_p__par                         0
xa2dut.lo_2_n__par                           0
xa2dut.lo_2_p__par                           0
xa2dut.lo_32_n__par                          0
xa2dut.lo_32_p__par                          0
xa2dut.lo_4_n__par                           0
xa2dut.lo_4_p__par                           0
xa2dut.lo_64_n__par                          0
xa2dut.lo_64_p__par                          0
xa2dut.lo_8_n__par                           0
xa2dut.lo_8_p__par                           0
xa2dut.pinn__par                         1.485
xa2dut.pinp__par                         1.485
xa2dut.rel_128_n__par                        0
xa2dut.rel_128_p__par                        0
xa2dut.rel_16_n__par                         0
xa2dut.rel_16_p__par                         0
xa2dut.rel_1_n__par                          0
xa2dut.rel_1_p__par                          0
xa2dut.rel_256_n__par                        0
xa2dut.rel_256_p__par                        0
xa2dut.rel_2_n__par                          0
xa2dut.rel_2_p__par                          0
xa2dut.rel_32_n__par                         0
xa2dut.rel_32_p__par                         0
xa2dut.rel_4_n__par                          0
xa2dut.rel_4_p__par                          0
xa2dut.rel_64_n__par                         0
xa2dut.rel_64_p__par                         0
xa2dut.rel_8_n__par                          0
xa2dut.rel_8_p__par                          0
xa2dut.sel_in__par                        2.97
xa2dut.topn__par                         1.485
xa2dut.topp__par                         1.485
xa2dut.tp_gn__par                         2.97
xa2dut.vcm__par                          1.485
xa2dut.vdd__par                           2.97
xa2dut.vref__par                          2.97
xa2dut.vss__par                              0
a2_ib                                 0.640978
xa2cmp.xpre.ptail                     0.725906
xa2cmp.pon                             2.34036
xa2cmp.preamp_in1                        1.485
xa2cmp.pop                             2.34036
xa2cmp.preamp_in2                        1.485
xa2cmp.xpre.xrlp.11                    2.96983
xa2cmp.xpre.xrlp.21                    2.34054
xa2cmp.xpre.xrln.11                    2.96983
xa2cmp.xpre.xrln.21                    2.34054
xa2cmp.xlat.ltail                      1.79629
xa2cmp.xlat.dip                           2.97
xa2cmp.xlat.din                           2.97
xa2cmp.outn                               2.97
xa2cmp.outp                               2.97
xa2cmp.sset                        5.49321e-09
xa2cmp.srst                        5.49321e-09
xa2cmp.xno1.ps                         2.76345
a2_do                                  1.21864
a2_dob                                 1.21864
xa2cmp.xno2.ps                         2.76345
a2_dp                              7.17858e-12
a2_dn                              7.25514e-12
a2_dd                             -9.73774e-14
a3_srcp                                2.15325
a3_pinp                                2.15325
a3_srcn                                0.81675
a3_pinn                                0.81675
xa3dut.\$65                        1.48084e-09
xa3dut.\$27                               2.97
xa3dut.\$29                               2.97
xa3dut.\$9                                2.97
xa3dut.\$10                            2.15325
xa3dut.\$67                        1.48084e-09
xa3dut.\$31                               2.97
xa3dut.\$33                               2.97
xa3dut.\$11                               2.97
xa3dut.\$12                            2.15325
xa3dut.\$69                        1.48084e-09
xa3dut.\$35                               2.97
xa3dut.\$37                               2.97
xa3dut.\$13                               2.97
xa3dut.\$14                            2.15325
xa3dut.\$71                        1.48084e-09
xa3dut.\$39                               2.97
xa3dut.\$41                               2.97
xa3dut.\$15                               2.97
xa3dut.\$16                            2.15325
xa3dut.\$73                        1.48084e-09
xa3dut.\$43                               2.97
xa3dut.\$45                               2.97
xa3dut.\$17                               2.97
xa3dut.\$18                            2.15325
xa3dut.\$75                        1.48084e-09
xa3dut.\$47                               2.97
xa3dut.\$49                               2.97
xa3dut.\$19                               2.97
xa3dut.\$20                            2.15325
xa3dut.\$77                        1.48084e-09
xa3dut.\$51                               2.97
xa3dut.\$53                               2.97
xa3dut.\$21                               2.97
xa3dut.\$22                            2.15325
xa3dut.\$79                        1.48084e-09
xa3dut.\$55                               2.97
xa3dut.\$57                               2.97
xa3dut.\$23                               2.97
xa3dut.\$24                            2.15325
xa3dut.\$81                        1.48084e-09
xa3dut.\$59                               2.97
xa3dut.\$61                               2.97
xa3dut.\$25                               2.97
xa3dut.\$26                            2.15325
xa3dut.\$83                        1.48084e-09
xa3dut.\$85                               2.97
xa3dut.\$87                               2.97
xa3dut.\$89                               2.97
xa3dut.\$90                            0.81675
xa3dut.\$92                        1.48084e-09
xa3dut.\$94                               2.97
xa3dut.\$96                               2.97
xa3dut.\$98                               2.97
xa3dut.\$99                            0.81675
xa3dut.\$100                       1.48084e-09
xa3dut.\$102                              2.97
xa3dut.\$104                              2.97
xa3dut.\$106                              2.97
xa3dut.\$107                           0.81675
xa3dut.\$108                       1.48084e-09
xa3dut.\$110                              2.97
xa3dut.\$112                              2.97
xa3dut.\$114                              2.97
xa3dut.\$115                           0.81675
xa3dut.\$116                       1.48084e-09
xa3dut.\$118                              2.97
xa3dut.\$120                              2.97
xa3dut.\$122                              2.97
xa3dut.\$123                           0.81675
xa3dut.\$124                       1.48084e-09
xa3dut.\$126                              2.97
xa3dut.\$128                              2.97
xa3dut.\$130                              2.97
xa3dut.\$131                           0.81675
xa3dut.\$132                       1.48084e-09
xa3dut.\$134                              2.97
xa3dut.\$136                              2.97
xa3dut.\$138                              2.97
xa3dut.\$139                           0.81675
xa3dut.\$140                       1.48084e-09
xa3dut.\$142                              2.97
xa3dut.\$144                              2.97
xa3dut.\$146                              2.97
xa3dut.\$147                           0.81675
xa3dut.\$166                       1.48084e-09
a3_topp                                  1.485
xa3dut.\$167                       1.48084e-09
a3_topn                                  1.485
xa3dut.\$148                       1.48084e-09
xa3dut.\$150                              2.97
xa3dut.\$152                              2.97
xa3dut.\$154                              2.97
xa3dut.\$155                           0.81675
xa3dut.\$10__par                       2.15325
xa3dut.\$100__par                  1.48084e-09
xa3dut.\$102__par                         2.97
xa3dut.\$104__par                         2.97
xa3dut.\$106__par                         2.97
xa3dut.\$107__par                      0.81675
xa3dut.\$108__par                  1.48084e-09
xa3dut.\$11__par                          2.97
xa3dut.\$110__par                         2.97
xa3dut.\$112__par                         2.97
xa3dut.\$114__par                         2.97
xa3dut.\$115__par                      0.81675
xa3dut.\$116__par                  1.48084e-09
xa3dut.\$118__par                         2.97
xa3dut.\$12__par                       2.15325
xa3dut.\$120__par                         2.97
xa3dut.\$122__par                         2.97
xa3dut.\$123__par                      0.81675
xa3dut.\$124__par                  1.48084e-09
xa3dut.\$126__par                         2.97
xa3dut.\$128__par                         2.97
xa3dut.\$13__par                          2.97
xa3dut.\$130__par                         2.97
xa3dut.\$131__par                      0.81675
xa3dut.\$132__par                  1.48084e-09
xa3dut.\$134__par                         2.97
xa3dut.\$136__par                         2.97
xa3dut.\$138__par                         2.97
xa3dut.\$139__par                      0.81675
xa3dut.\$14__par                       2.15325
xa3dut.\$140__par                  1.48084e-09
xa3dut.\$142__par                         2.97
xa3dut.\$144__par                         2.97
xa3dut.\$146__par                         2.97
xa3dut.\$147__par                      0.81675
xa3dut.\$148__par                  1.48084e-09
xa3dut.\$15__par                          2.97
xa3dut.\$150__par                         2.97
xa3dut.\$152__par                         2.97
xa3dut.\$154__par                         2.97
xa3dut.\$155__par                      0.81675
xa3dut.\$16__par                       2.15325
xa3dut.\$166__par                  1.48084e-09
xa3dut.\$167__par                  1.48084e-09
xa3dut.\$17__par                          2.97
xa3dut.\$18__par                       2.15325
xa3dut.\$19__par                          2.97
xa3dut.\$20__par                       2.15325
xa3dut.\$21__par                          2.97
xa3dut.\$22__par                       2.15325
xa3dut.\$23__par                          2.97
xa3dut.\$24__par                       2.15325
xa3dut.\$25__par                          2.97
xa3dut.\$26__par                       2.15325
xa3dut.\$27__par                          2.97
xa3dut.\$29__par                          2.97
xa3dut.\$31__par                          2.97
xa3dut.\$33__par                          2.97
xa3dut.\$35__par                          2.97
xa3dut.\$37__par                          2.97
xa3dut.\$39__par                          2.97
xa3dut.\$41__par                          2.97
xa3dut.\$43__par                          2.97
xa3dut.\$45__par                          2.97
xa3dut.\$47__par                          2.97
xa3dut.\$49__par                          2.97
xa3dut.\$51__par                          2.97
xa3dut.\$53__par                          2.97
xa3dut.\$55__par                          2.97
xa3dut.\$57__par                          2.97
xa3dut.\$59__par                          2.97
xa3dut.\$61__par                          2.97
xa3dut.\$65__par                   1.48084e-09
xa3dut.\$67__par                   1.48084e-09
xa3dut.\$69__par                   1.48084e-09
xa3dut.\$71__par                   1.48084e-09
xa3dut.\$73__par                   1.48084e-09
xa3dut.\$75__par                   1.48084e-09
xa3dut.\$77__par                   1.48084e-09
xa3dut.\$79__par                   1.48084e-09
xa3dut.\$81__par                   1.48084e-09
xa3dut.\$83__par                   1.48084e-09
xa3dut.\$85__par                          2.97
xa3dut.\$87__par                          2.97
xa3dut.\$89__par                          2.97
xa3dut.\$9__par                           2.97
xa3dut.\$90__par                       0.81675
xa3dut.\$92__par                   1.48084e-09
xa3dut.\$94__par                          2.97
xa3dut.\$96__par                          2.97
xa3dut.\$98__par                          2.97
xa3dut.\$99__par                       0.81675
xa3dut.hi_128_n__par                         0
xa3dut.hi_128_p__par                         0
xa3dut.hi_16_n__par                          0
xa3dut.hi_16_p__par                          0
xa3dut.hi_1_n__par                           0
xa3dut.hi_1_p__par                           0
xa3dut.hi_256_n__par                         0
xa3dut.hi_256_p__par                         0
xa3dut.hi_2_n__par                           0
xa3dut.hi_2_p__par                           0
xa3dut.hi_32_n__par                          0
xa3dut.hi_32_p__par                          0
xa3dut.hi_4_n__par                           0
xa3dut.hi_4_p__par                           0
xa3dut.hi_64_n__par                          0
xa3dut.hi_64_p__par                          0
xa3dut.hi_8_n__par                           0
xa3dut.hi_8_p__par                           0
xa3dut.lo_128_n__par                         0
xa3dut.lo_128_p__par                         0
xa3dut.lo_16_n__par                          0
xa3dut.lo_16_p__par                          0
xa3dut.lo_1_n__par                           0
xa3dut.lo_1_p__par                           0
xa3dut.lo_256_n__par                         0
xa3dut.lo_256_p__par                         0
xa3dut.lo_2_n__par                           0
xa3dut.lo_2_p__par                           0
xa3dut.lo_32_n__par                          0
xa3dut.lo_32_p__par                          0
xa3dut.lo_4_n__par                           0
xa3dut.lo_4_p__par                           0
xa3dut.lo_64_n__par                          0
xa3dut.lo_64_p__par                          0
xa3dut.lo_8_n__par                           0
xa3dut.lo_8_p__par                           0
xa3dut.pinn__par                       0.81675
xa3dut.pinp__par                       2.15325
xa3dut.rel_128_n__par                        0
xa3dut.rel_128_p__par                        0
xa3dut.rel_16_n__par                         0
xa3dut.rel_16_p__par                         0
xa3dut.rel_1_n__par                          0
xa3dut.rel_1_p__par                          0
xa3dut.rel_256_n__par                        0
xa3dut.rel_256_p__par                        0
xa3dut.rel_2_n__par                          0
xa3dut.rel_2_p__par                          0
xa3dut.rel_32_n__par                         0
xa3dut.rel_32_p__par                         0
xa3dut.rel_4_n__par                          0
xa3dut.rel_4_p__par                          0
xa3dut.rel_64_n__par                         0
xa3dut.rel_64_p__par                         0
xa3dut.rel_8_n__par                          0
xa3dut.rel_8_p__par                          0
xa3dut.sel_in__par                        2.97
xa3dut.topn__par                         1.485
xa3dut.topp__par                         1.485
xa3dut.tp_gn__par                         2.97
xa3dut.vcm__par                          1.485
xa3dut.vdd__par                           2.97
xa3dut.vref__par                          2.97
xa3dut.vss__par                              0
a3_ib                                 0.640978
xa3cmp.xpre.ptail                     0.725906
xa3cmp.pon                             2.34036
xa3cmp.preamp_in1                        1.485
xa3cmp.pop                             2.34036
xa3cmp.preamp_in2                        1.485
xa3cmp.xpre.xrlp.11                    2.96983
xa3cmp.xpre.xrlp.21                    2.34054
xa3cmp.xpre.xrln.11                    2.96983
xa3cmp.xpre.xrln.21                    2.34054
xa3cmp.xlat.ltail                      1.79629
xa3cmp.xlat.dip                           2.97
xa3cmp.xlat.din                           2.97
xa3cmp.outn                               2.97
xa3cmp.outp                               2.97
xa3cmp.sset                        5.49321e-09
xa3cmp.srst                        5.49321e-09
xa3cmp.xno1.ps                         2.76345
a3_do                                  1.21864
a3_dob                                 1.21864
xa3cmp.xno2.ps                         2.76345
a3_dp                              3.51761e-10
a3_dn                             -3.37404e-10
a3_dd                              6.89183e-10
a4_srcp                                 2.8215
a4_pinp                                 2.8215
a4_srcn                                 0.1485
a4_pinn                                 0.1485
xa4dut.\$65                        1.48084e-09
xa4dut.\$27                               2.97
xa4dut.\$29                               2.97
xa4dut.\$9                                2.97
xa4dut.\$10                             2.8215
xa4dut.\$67                        1.48084e-09
xa4dut.\$31                               2.97
xa4dut.\$33                               2.97
xa4dut.\$11                               2.97
xa4dut.\$12                             2.8215
xa4dut.\$69                        1.48084e-09
xa4dut.\$35                               2.97
xa4dut.\$37                               2.97
xa4dut.\$13                               2.97
xa4dut.\$14                             2.8215
xa4dut.\$71                        1.48084e-09
xa4dut.\$39                               2.97
xa4dut.\$41                               2.97
xa4dut.\$15                               2.97
xa4dut.\$16                             2.8215
xa4dut.\$73                        1.48084e-09
xa4dut.\$43                               2.97
xa4dut.\$45                               2.97
xa4dut.\$17                               2.97
xa4dut.\$18                             2.8215
xa4dut.\$75                        1.48084e-09
xa4dut.\$47                               2.97
xa4dut.\$49                               2.97
xa4dut.\$19                               2.97
xa4dut.\$20                             2.8215
xa4dut.\$77                        1.48084e-09
xa4dut.\$51                               2.97
xa4dut.\$53                               2.97
xa4dut.\$21                               2.97
xa4dut.\$22                             2.8215
xa4dut.\$79                        1.48084e-09
xa4dut.\$55                               2.97
xa4dut.\$57                               2.97
xa4dut.\$23                               2.97
xa4dut.\$24                             2.8215
xa4dut.\$81                        1.48084e-09
xa4dut.\$59                               2.97
xa4dut.\$61                               2.97
xa4dut.\$25                               2.97
xa4dut.\$26                             2.8215
xa4dut.\$83                        1.48084e-09
xa4dut.\$85                               2.97
xa4dut.\$87                               2.97
xa4dut.\$89                               2.97
xa4dut.\$90                             0.1485
xa4dut.\$92                        1.48084e-09
xa4dut.\$94                               2.97
xa4dut.\$96                               2.97
xa4dut.\$98                               2.97
xa4dut.\$99                             0.1485
xa4dut.\$100                       1.48084e-09
xa4dut.\$102                              2.97
xa4dut.\$104                              2.97
xa4dut.\$106                              2.97
xa4dut.\$107                            0.1485
xa4dut.\$108                       1.48084e-09
xa4dut.\$110                              2.97
xa4dut.\$112                              2.97
xa4dut.\$114                              2.97
xa4dut.\$115                            0.1485
xa4dut.\$116                       1.48084e-09
xa4dut.\$118                              2.97
xa4dut.\$120                              2.97
xa4dut.\$122                              2.97
xa4dut.\$123                            0.1485
xa4dut.\$124                       1.48084e-09
xa4dut.\$126                              2.97
xa4dut.\$128                              2.97
xa4dut.\$130                              2.97
xa4dut.\$131                            0.1485
xa4dut.\$132                       1.48084e-09
xa4dut.\$134                              2.97
xa4dut.\$136                              2.97
xa4dut.\$138                              2.97
xa4dut.\$139                            0.1485
xa4dut.\$140                       1.48084e-09
xa4dut.\$142                              2.97
xa4dut.\$144                              2.97
xa4dut.\$146                              2.97
xa4dut.\$147                            0.1485
xa4dut.\$166                       1.48084e-09
a4_topp                                  1.485
xa4dut.\$167                       1.48084e-09
a4_topn                                  1.485
xa4dut.\$148                       1.48084e-09
xa4dut.\$150                              2.97
xa4dut.\$152                              2.97
xa4dut.\$154                              2.97
xa4dut.\$155                            0.1485
xa4dut.\$10__par                        2.8215
xa4dut.\$100__par                  1.48084e-09
xa4dut.\$102__par                         2.97
xa4dut.\$104__par                         2.97
xa4dut.\$106__par                         2.97
xa4dut.\$107__par                       0.1485
xa4dut.\$108__par                  1.48084e-09
xa4dut.\$11__par                          2.97
xa4dut.\$110__par                         2.97
xa4dut.\$112__par                         2.97
xa4dut.\$114__par                         2.97
xa4dut.\$115__par                       0.1485
xa4dut.\$116__par                  1.48084e-09
xa4dut.\$118__par                         2.97
xa4dut.\$12__par                        2.8215
xa4dut.\$120__par                         2.97
xa4dut.\$122__par                         2.97
xa4dut.\$123__par                       0.1485
xa4dut.\$124__par                  1.48084e-09
xa4dut.\$126__par                         2.97
xa4dut.\$128__par                         2.97
xa4dut.\$13__par                          2.97
xa4dut.\$130__par                         2.97
xa4dut.\$131__par                       0.1485
xa4dut.\$132__par                  1.48084e-09
xa4dut.\$134__par                         2.97
xa4dut.\$136__par                         2.97
xa4dut.\$138__par                         2.97
xa4dut.\$139__par                       0.1485
xa4dut.\$14__par                        2.8215
xa4dut.\$140__par                  1.48084e-09
xa4dut.\$142__par                         2.97
xa4dut.\$144__par                         2.97
xa4dut.\$146__par                         2.97
xa4dut.\$147__par                       0.1485
xa4dut.\$148__par                  1.48084e-09
xa4dut.\$15__par                          2.97
xa4dut.\$150__par                         2.97
xa4dut.\$152__par                         2.97
xa4dut.\$154__par                         2.97
xa4dut.\$155__par                       0.1485
xa4dut.\$16__par                        2.8215
xa4dut.\$166__par                  1.48084e-09
xa4dut.\$167__par                  1.48084e-09
xa4dut.\$17__par                          2.97
xa4dut.\$18__par                        2.8215
xa4dut.\$19__par                          2.97
xa4dut.\$20__par                        2.8215
xa4dut.\$21__par                          2.97
xa4dut.\$22__par                        2.8215
xa4dut.\$23__par                          2.97
xa4dut.\$24__par                        2.8215
xa4dut.\$25__par                          2.97
xa4dut.\$26__par                        2.8215
xa4dut.\$27__par                          2.97
xa4dut.\$29__par                          2.97
xa4dut.\$31__par                          2.97
xa4dut.\$33__par                          2.97
xa4dut.\$35__par                          2.97
xa4dut.\$37__par                          2.97
xa4dut.\$39__par                          2.97
xa4dut.\$41__par                          2.97
xa4dut.\$43__par                          2.97
xa4dut.\$45__par                          2.97
xa4dut.\$47__par                          2.97
xa4dut.\$49__par                          2.97
xa4dut.\$51__par                          2.97
xa4dut.\$53__par                          2.97
xa4dut.\$55__par                          2.97
xa4dut.\$57__par                          2.97
xa4dut.\$59__par                          2.97
xa4dut.\$61__par                          2.97
xa4dut.\$65__par                   1.48084e-09
xa4dut.\$67__par                   1.48084e-09
xa4dut.\$69__par                   1.48084e-09
xa4dut.\$71__par                   1.48084e-09
xa4dut.\$73__par                   1.48084e-09
xa4dut.\$75__par                   1.48084e-09
xa4dut.\$77__par                   1.48084e-09
xa4dut.\$79__par                   1.48084e-09
xa4dut.\$81__par                   1.48084e-09
xa4dut.\$83__par                   1.48084e-09
xa4dut.\$85__par                          2.97
xa4dut.\$87__par                          2.97
xa4dut.\$89__par                          2.97
xa4dut.\$9__par                           2.97
xa4dut.\$90__par                        0.1485
xa4dut.\$92__par                   1.48084e-09
xa4dut.\$94__par                          2.97
xa4dut.\$96__par                          2.97
xa4dut.\$98__par                          2.97
xa4dut.\$99__par                        0.1485
xa4dut.hi_128_n__par                         0
xa4dut.hi_128_p__par                         0
xa4dut.hi_16_n__par                          0
xa4dut.hi_16_p__par                          0
xa4dut.hi_1_n__par                           0
xa4dut.hi_1_p__par                           0
xa4dut.hi_256_n__par                         0
xa4dut.hi_256_p__par                         0
xa4dut.hi_2_n__par                           0
xa4dut.hi_2_p__par                           0
xa4dut.hi_32_n__par                          0
xa4dut.hi_32_p__par                          0
xa4dut.hi_4_n__par                           0
xa4dut.hi_4_p__par                           0
xa4dut.hi_64_n__par                          0
xa4dut.hi_64_p__par                          0
xa4dut.hi_8_n__par                           0
xa4dut.hi_8_p__par                           0
xa4dut.lo_128_n__par                         0
xa4dut.lo_128_p__par                         0
xa4dut.lo_16_n__par                          0
xa4dut.lo_16_p__par                          0
xa4dut.lo_1_n__par                           0
xa4dut.lo_1_p__par                           0
xa4dut.lo_256_n__par                         0
xa4dut.lo_256_p__par                         0
xa4dut.lo_2_n__par                           0
xa4dut.lo_2_p__par                           0
xa4dut.lo_32_n__par                          0
xa4dut.lo_32_p__par                          0
xa4dut.lo_4_n__par                           0
xa4dut.lo_4_p__par                           0
xa4dut.lo_64_n__par                          0
xa4dut.lo_64_p__par                          0
xa4dut.lo_8_n__par                           0
xa4dut.lo_8_p__par                           0
xa4dut.pinn__par                        0.1485
xa4dut.pinp__par                        2.8215
xa4dut.rel_128_n__par                        0
xa4dut.rel_128_p__par                        0
xa4dut.rel_16_n__par                         0
xa4dut.rel_16_p__par                         0
xa4dut.rel_1_n__par                          0
xa4dut.rel_1_p__par                          0
xa4dut.rel_256_n__par                        0
xa4dut.rel_256_p__par                        0
xa4dut.rel_2_n__par                          0
xa4dut.rel_2_p__par                          0
xa4dut.rel_32_n__par                         0
xa4dut.rel_32_p__par                         0
xa4dut.rel_4_n__par                          0
xa4dut.rel_4_p__par                          0
xa4dut.rel_64_n__par                         0
xa4dut.rel_64_p__par                         0
xa4dut.rel_8_n__par                          0
xa4dut.rel_8_p__par                          0
xa4dut.sel_in__par                        2.97
xa4dut.topn__par                         1.485
xa4dut.topp__par                         1.485
xa4dut.tp_gn__par                         2.97
xa4dut.vcm__par                          1.485
xa4dut.vdd__par                           2.97
xa4dut.vref__par                          2.97
xa4dut.vss__par                              0
a4_ib                                 0.640978
xa4cmp.xpre.ptail                     0.725906
xa4cmp.pon                             2.34036
xa4cmp.preamp_in1                        1.485
xa4cmp.pop                             2.34036
xa4cmp.preamp_in2                        1.485
xa4cmp.xpre.xrlp.11                    2.96983
xa4cmp.xpre.xrlp.21                    2.34054
xa4cmp.xpre.xrln.11                    2.96983
xa4cmp.xpre.xrln.21                    2.34054
xa4cmp.xlat.ltail                      1.79629
xa4cmp.xlat.dip                           2.97
xa4cmp.xlat.din                           2.97
xa4cmp.outn                               2.97
xa4cmp.outp                               2.97
xa4cmp.sset                        5.49321e-09
xa4cmp.srst                        5.49321e-09
xa4cmp.xno1.ps                         2.76345
a4_do                                  1.21864
a4_dob                                 1.21864
xa4cmp.xno2.ps                         2.76345
a4_dp                              6.96266e-10
a4_dn                             -6.81909e-10
a4_dd                              1.37813e-09
c0_srcp                                2.15325
c0_pinp                                2.15325
c0_srcn                                0.81675
c0_pinn                                0.81675
xc0dut.\$65                        1.48084e-09
xc0dut.\$27                               2.97
xc0dut.\$29                               2.97
xc0dut.\$9                                2.97
xc0dut.\$10                            2.15325
xc0dut.\$67                        1.48084e-09
xc0dut.\$31                               2.97
xc0dut.\$33                               2.97
xc0dut.\$11                               2.97
xc0dut.\$12                            2.15325
xc0dut.\$69                        1.48084e-09
xc0dut.\$35                               2.97
xc0dut.\$37                               2.97
xc0dut.\$13                               2.97
xc0dut.\$14                            2.15325
xc0dut.\$71                        1.48084e-09
xc0dut.\$39                               2.97
xc0dut.\$41                               2.97
xc0dut.\$15                               2.97
xc0dut.\$16                            2.15325
xc0dut.\$73                        1.48084e-09
xc0dut.\$43                               2.97
xc0dut.\$45                               2.97
xc0dut.\$17                               2.97
xc0dut.\$18                            2.15325
xc0dut.\$75                        1.48084e-09
xc0dut.\$47                               2.97
xc0dut.\$49                               2.97
xc0dut.\$19                               2.97
xc0dut.\$20                            2.15325
xc0dut.\$77                        1.48084e-09
xc0dut.\$51                               2.97
xc0dut.\$53                               2.97
xc0dut.\$21                               2.97
xc0dut.\$22                            2.15325
xc0dut.\$79                        1.48084e-09
xc0dut.\$55                               2.97
xc0dut.\$57                               2.97
xc0dut.\$23                               2.97
xc0dut.\$24                            2.15325
xc0dut.\$81                        1.48084e-09
xc0dut.\$59                               2.97
xc0dut.\$61                               2.97
xc0dut.\$25                               2.97
xc0dut.\$26                            2.15325
xc0dut.\$83                        1.48084e-09
xc0dut.\$85                               2.97
xc0dut.\$87                               2.97
xc0dut.\$89                               2.97
xc0dut.\$90                            0.81675
xc0dut.\$92                        1.48084e-09
xc0dut.\$94                               2.97
xc0dut.\$96                               2.97
xc0dut.\$98                               2.97
xc0dut.\$99                            0.81675
xc0dut.\$100                       1.48084e-09
xc0dut.\$102                              2.97
xc0dut.\$104                              2.97
xc0dut.\$106                              2.97
xc0dut.\$107                           0.81675
xc0dut.\$108                       1.48084e-09
xc0dut.\$110                              2.97
xc0dut.\$112                              2.97
xc0dut.\$114                              2.97
xc0dut.\$115                           0.81675
xc0dut.\$116                       1.48084e-09
xc0dut.\$118                              2.97
xc0dut.\$120                              2.97
xc0dut.\$122                              2.97
xc0dut.\$123                           0.81675
xc0dut.\$124                       1.48084e-09
xc0dut.\$126                              2.97
xc0dut.\$128                              2.97
xc0dut.\$130                              2.97
xc0dut.\$131                           0.81675
xc0dut.\$132                       1.48084e-09
xc0dut.\$134                              2.97
xc0dut.\$136                              2.97
xc0dut.\$138                              2.97
xc0dut.\$139                           0.81675
xc0dut.\$140                       1.48084e-09
xc0dut.\$142                              2.97
xc0dut.\$144                              2.97
xc0dut.\$146                              2.97
xc0dut.\$147                           0.81675
xc0dut.\$166                       1.48084e-09
c0_topp                                  1.485
xc0dut.\$167                       1.48084e-09
c0_topn                                  1.485
xc0dut.\$148                       1.48084e-09
xc0dut.\$150                              2.97
xc0dut.\$152                              2.97
xc0dut.\$154                              2.97
xc0dut.\$155                           0.81675
xc0dut.\$10__par                       2.15325
xc0dut.\$100__par                  1.48084e-09
xc0dut.\$102__par                         2.97
xc0dut.\$104__par                         2.97
xc0dut.\$106__par                         2.97
xc0dut.\$107__par                      0.81675
xc0dut.\$108__par                  1.48084e-09
xc0dut.\$11__par                          2.97
xc0dut.\$110__par                         2.97
xc0dut.\$112__par                         2.97
xc0dut.\$114__par                         2.97
xc0dut.\$115__par                      0.81675
xc0dut.\$116__par                  1.48084e-09
xc0dut.\$118__par                         2.97
xc0dut.\$12__par                       2.15325
xc0dut.\$120__par                         2.97
xc0dut.\$122__par                         2.97
xc0dut.\$123__par                      0.81675
xc0dut.\$124__par                  1.48084e-09
xc0dut.\$126__par                         2.97
xc0dut.\$128__par                         2.97
xc0dut.\$13__par                          2.97
xc0dut.\$130__par                         2.97
xc0dut.\$131__par                      0.81675
xc0dut.\$132__par                  1.48084e-09
xc0dut.\$134__par                         2.97
xc0dut.\$136__par                         2.97
xc0dut.\$138__par                         2.97
xc0dut.\$139__par                      0.81675
xc0dut.\$14__par                       2.15325
xc0dut.\$140__par                  1.48084e-09
xc0dut.\$142__par                         2.97
xc0dut.\$144__par                         2.97
xc0dut.\$146__par                         2.97
xc0dut.\$147__par                      0.81675
xc0dut.\$148__par                  1.48084e-09
xc0dut.\$15__par                          2.97
xc0dut.\$150__par                         2.97
xc0dut.\$152__par                         2.97
xc0dut.\$154__par                         2.97
xc0dut.\$155__par                      0.81675
xc0dut.\$16__par                       2.15325
xc0dut.\$166__par                  1.48084e-09
xc0dut.\$167__par                  1.48084e-09
xc0dut.\$17__par                          2.97
xc0dut.\$18__par                       2.15325
xc0dut.\$19__par                          2.97
xc0dut.\$20__par                       2.15325
xc0dut.\$21__par                          2.97
xc0dut.\$22__par                       2.15325
xc0dut.\$23__par                          2.97
xc0dut.\$24__par                       2.15325
xc0dut.\$25__par                          2.97
xc0dut.\$26__par                       2.15325
xc0dut.\$27__par                          2.97
xc0dut.\$29__par                          2.97
xc0dut.\$31__par                          2.97
xc0dut.\$33__par                          2.97
xc0dut.\$35__par                          2.97
xc0dut.\$37__par                          2.97
xc0dut.\$39__par                          2.97
xc0dut.\$41__par                          2.97
xc0dut.\$43__par                          2.97
xc0dut.\$45__par                          2.97
xc0dut.\$47__par                          2.97
xc0dut.\$49__par                          2.97
xc0dut.\$51__par                          2.97
xc0dut.\$53__par                          2.97
xc0dut.\$55__par                          2.97
xc0dut.\$57__par                          2.97
xc0dut.\$59__par                          2.97
xc0dut.\$61__par                          2.97
xc0dut.\$65__par                   1.48084e-09
xc0dut.\$67__par                   1.48084e-09
xc0dut.\$69__par                   1.48084e-09
xc0dut.\$71__par                   1.48084e-09
xc0dut.\$73__par                   1.48084e-09
xc0dut.\$75__par                   1.48084e-09
xc0dut.\$77__par                   1.48084e-09
xc0dut.\$79__par                   1.48084e-09
xc0dut.\$81__par                   1.48084e-09
xc0dut.\$83__par                   1.48084e-09
xc0dut.\$85__par                          2.97
xc0dut.\$87__par                          2.97
xc0dut.\$89__par                          2.97
xc0dut.\$9__par                           2.97
xc0dut.\$90__par                       0.81675
xc0dut.\$92__par                   1.48084e-09
xc0dut.\$94__par                          2.97
xc0dut.\$96__par                          2.97
xc0dut.\$98__par                          2.97
xc0dut.\$99__par                       0.81675
xc0dut.hi_128_n__par                         0
xc0dut.hi_128_p__par                         0
xc0dut.hi_16_n__par                          0
xc0dut.hi_16_p__par                          0
xc0dut.hi_1_n__par                           0
xc0dut.hi_1_p__par                           0
xc0dut.hi_256_n__par                         0
xc0dut.hi_256_p__par                         0
xc0dut.hi_2_n__par                           0
xc0dut.hi_2_p__par                           0
xc0dut.hi_32_n__par                          0
xc0dut.hi_32_p__par                          0
xc0dut.hi_4_n__par                           0
xc0dut.hi_4_p__par                           0
xc0dut.hi_64_n__par                          0
xc0dut.hi_64_p__par                          0
xc0dut.hi_8_n__par                           0
xc0dut.hi_8_p__par                           0
xc0dut.lo_128_n__par                         0
xc0dut.lo_128_p__par                         0
xc0dut.lo_16_n__par                          0
xc0dut.lo_16_p__par                          0
xc0dut.lo_1_n__par                           0
xc0dut.lo_1_p__par                           0
xc0dut.lo_256_n__par                         0
xc0dut.lo_256_p__par                         0
xc0dut.lo_2_n__par                           0
xc0dut.lo_2_p__par                           0
xc0dut.lo_32_n__par                          0
xc0dut.lo_32_p__par                          0
xc0dut.lo_4_n__par                           0
xc0dut.lo_4_p__par                           0
xc0dut.lo_64_n__par                          0
xc0dut.lo_64_p__par                          0
xc0dut.lo_8_n__par                           0
xc0dut.lo_8_p__par                           0
xc0dut.pinn__par                       0.81675
xc0dut.pinp__par                       2.15325
xc0dut.rel_128_n__par                        0
xc0dut.rel_128_p__par                        0
xc0dut.rel_16_n__par                         0
xc0dut.rel_16_p__par                         0
xc0dut.rel_1_n__par                          0
xc0dut.rel_1_p__par                          0
xc0dut.rel_256_n__par                        0
xc0dut.rel_256_p__par                        0
xc0dut.rel_2_n__par                          0
xc0dut.rel_2_p__par                          0
xc0dut.rel_32_n__par                         0
xc0dut.rel_32_p__par                         0
xc0dut.rel_4_n__par                          0
xc0dut.rel_4_p__par                          0
xc0dut.rel_64_n__par                         0
xc0dut.rel_64_p__par                         0
xc0dut.rel_8_n__par                          0
xc0dut.rel_8_p__par                          0
xc0dut.sel_in__par                        2.97
xc0dut.topn__par                         1.485
xc0dut.topp__par                         1.485
xc0dut.tp_gn__par                         2.97
xc0dut.vcm__par                          1.485
xc0dut.vdd__par                           2.97
xc0dut.vref__par                          2.97
xc0dut.vss__par                              0
c0_ib                                 0.640978
xc0cmp.xpre.ptail                     0.725906
xc0cmp.pon                             2.34036
xc0cmp.preamp_in1                        1.485
xc0cmp.pop                             2.34036
xc0cmp.preamp_in2                        1.485
xc0cmp.xpre.xrlp.11                    2.96983
xc0cmp.xpre.xrlp.21                    2.34054
xc0cmp.xpre.xrln.11                    2.96983
xc0cmp.xpre.xrln.21                    2.34054
xc0cmp.xlat.ltail                      1.79629
xc0cmp.xlat.dip                           2.97
xc0cmp.xlat.din                           2.97
xc0cmp.outn                               2.97
xc0cmp.outp                               2.97
xc0cmp.sset                        5.49321e-09
xc0cmp.srst                        5.49321e-09
xc0cmp.xno1.ps                         2.76345
c0_do                                  1.21864
c0_dob                                 1.21864
xc0cmp.xno2.ps                         2.76345
c0_dp                              3.51914e-10
c0_dn                              -3.3748e-10
c0_dd                              6.89393e-10
c1_srcp                                2.15325
c1_pinp                                2.15325
c1_srcn                                0.81675
c1_pinn                                0.81675
xc1dut.\$65                        1.48084e-09
xc1dut.\$27                               2.97
xc1dut.\$29                               2.97
xc1dut.\$9                                2.97
xc1dut.\$10                            2.15325
xc1dut.\$67                        1.48084e-09
xc1dut.\$31                               2.97
xc1dut.\$33                               2.97
xc1dut.\$11                               2.97
xc1dut.\$12                            2.15325
xc1dut.\$69                        1.48084e-09
xc1dut.\$35                               2.97
xc1dut.\$37                               2.97
xc1dut.\$13                               2.97
xc1dut.\$14                            2.15325
xc1dut.\$71                        1.48084e-09
xc1dut.\$39                               2.97
xc1dut.\$41                               2.97
xc1dut.\$15                               2.97
xc1dut.\$16                            2.15325
xc1dut.\$73                        1.48084e-09
xc1dut.\$43                               2.97
xc1dut.\$45                               2.97
xc1dut.\$17                               2.97
xc1dut.\$18                            2.15325
xc1dut.\$75                        1.48084e-09
xc1dut.\$47                               2.97
xc1dut.\$49                               2.97
xc1dut.\$19                               2.97
xc1dut.\$20                            2.15325
xc1dut.\$77                        1.48084e-09
xc1dut.\$51                               2.97
xc1dut.\$53                               2.97
xc1dut.\$21                               2.97
xc1dut.\$22                            2.15325
xc1dut.\$79                        1.48084e-09
xc1dut.\$55                               2.97
xc1dut.\$57                               2.97
xc1dut.\$23                               2.97
xc1dut.\$24                            2.15325
xc1dut.\$81                        1.48084e-09
xc1dut.\$59                               2.97
xc1dut.\$61                               2.97
xc1dut.\$25                               2.97
xc1dut.\$26                            2.15325
xc1dut.\$83                        1.48084e-09
xc1dut.\$85                               2.97
xc1dut.\$87                               2.97
xc1dut.\$89                               2.97
xc1dut.\$90                            0.81675
xc1dut.\$92                        1.48084e-09
xc1dut.\$94                               2.97
xc1dut.\$96                               2.97
xc1dut.\$98                               2.97
xc1dut.\$99                            0.81675
xc1dut.\$100                       1.48084e-09
xc1dut.\$102                              2.97
xc1dut.\$104                              2.97
xc1dut.\$106                              2.97
xc1dut.\$107                           0.81675
xc1dut.\$108                       1.48084e-09
xc1dut.\$110                              2.97
xc1dut.\$112                              2.97
xc1dut.\$114                              2.97
xc1dut.\$115                           0.81675
xc1dut.\$116                       1.48084e-09
xc1dut.\$118                              2.97
xc1dut.\$120                              2.97
xc1dut.\$122                              2.97
xc1dut.\$123                           0.81675
xc1dut.\$124                       1.48084e-09
xc1dut.\$126                              2.97
xc1dut.\$128                              2.97
xc1dut.\$130                              2.97
xc1dut.\$131                           0.81675
xc1dut.\$132                       1.48084e-09
xc1dut.\$134                              2.97
xc1dut.\$136                              2.97
xc1dut.\$138                              2.97
xc1dut.\$139                           0.81675
xc1dut.\$140                       1.48084e-09
xc1dut.\$142                              2.97
xc1dut.\$144                              2.97
xc1dut.\$146                              2.97
xc1dut.\$147                           0.81675
xc1dut.\$166                       1.48084e-09
c1_topp                                  1.485
xc1dut.\$167                       1.48084e-09
c1_topn                                  1.485
xc1dut.\$148                       1.48084e-09
xc1dut.\$150                              2.97
xc1dut.\$152                              2.97
xc1dut.\$154                              2.97
xc1dut.\$155                           0.81675
xc1dut.\$10__par                       2.15325
xc1dut.\$100__par                  1.48084e-09
xc1dut.\$102__par                         2.97
xc1dut.\$104__par                         2.97
xc1dut.\$106__par                         2.97
xc1dut.\$107__par                      0.81675
xc1dut.\$108__par                  1.48084e-09
xc1dut.\$11__par                          2.97
xc1dut.\$110__par                         2.97
xc1dut.\$112__par                         2.97
xc1dut.\$114__par                         2.97
xc1dut.\$115__par                      0.81675
xc1dut.\$116__par                  1.48084e-09
xc1dut.\$118__par                         2.97
xc1dut.\$12__par                       2.15325
xc1dut.\$120__par                         2.97
xc1dut.\$122__par                         2.97
xc1dut.\$123__par                      0.81675
xc1dut.\$124__par                  1.48084e-09
xc1dut.\$126__par                         2.97
xc1dut.\$128__par                         2.97
xc1dut.\$13__par                          2.97
xc1dut.\$130__par                         2.97
xc1dut.\$131__par                      0.81675
xc1dut.\$132__par                  1.48084e-09
xc1dut.\$134__par                         2.97
xc1dut.\$136__par                         2.97
xc1dut.\$138__par                         2.97
xc1dut.\$139__par                      0.81675
xc1dut.\$14__par                       2.15325
xc1dut.\$140__par                  1.48084e-09
xc1dut.\$142__par                         2.97
xc1dut.\$144__par                         2.97
xc1dut.\$146__par                         2.97
xc1dut.\$147__par                      0.81675
xc1dut.\$148__par                  1.48084e-09
xc1dut.\$15__par                          2.97
xc1dut.\$150__par                         2.97
xc1dut.\$152__par                         2.97
xc1dut.\$154__par                         2.97
xc1dut.\$155__par                      0.81675
xc1dut.\$16__par                       2.15325
xc1dut.\$166__par                  1.48084e-09
xc1dut.\$167__par                  1.48084e-09
xc1dut.\$17__par                          2.97
xc1dut.\$18__par                       2.15325
xc1dut.\$19__par                          2.97
xc1dut.\$20__par                       2.15325
xc1dut.\$21__par                          2.97
xc1dut.\$22__par                       2.15325
xc1dut.\$23__par                          2.97
xc1dut.\$24__par                       2.15325
xc1dut.\$25__par                          2.97
xc1dut.\$26__par                       2.15325
xc1dut.\$27__par                          2.97
xc1dut.\$29__par                          2.97
xc1dut.\$31__par                          2.97
xc1dut.\$33__par                          2.97
xc1dut.\$35__par                          2.97
xc1dut.\$37__par                          2.97
xc1dut.\$39__par                          2.97
xc1dut.\$41__par                          2.97
xc1dut.\$43__par                          2.97
xc1dut.\$45__par                          2.97
xc1dut.\$47__par                          2.97
xc1dut.\$49__par                          2.97
xc1dut.\$51__par                          2.97
xc1dut.\$53__par                          2.97
xc1dut.\$55__par                          2.97
xc1dut.\$57__par                          2.97
xc1dut.\$59__par                          2.97
xc1dut.\$61__par                          2.97
xc1dut.\$65__par                   1.48084e-09
xc1dut.\$67__par                   1.48084e-09
xc1dut.\$69__par                   1.48084e-09
xc1dut.\$71__par                   1.48084e-09
xc1dut.\$73__par                   1.48084e-09
xc1dut.\$75__par                   1.48084e-09
xc1dut.\$77__par                   1.48084e-09
xc1dut.\$79__par                   1.48084e-09
xc1dut.\$81__par                   1.48084e-09
xc1dut.\$83__par                   1.48084e-09
xc1dut.\$85__par                          2.97
xc1dut.\$87__par                          2.97
xc1dut.\$89__par                          2.97
xc1dut.\$9__par                           2.97
xc1dut.\$90__par                       0.81675
xc1dut.\$92__par                   1.48084e-09
xc1dut.\$94__par                          2.97
xc1dut.\$96__par                          2.97
xc1dut.\$98__par                          2.97
xc1dut.\$99__par                       0.81675
xc1dut.hi_128_n__par                         0
xc1dut.hi_128_p__par                         0
xc1dut.hi_16_n__par                          0
xc1dut.hi_16_p__par                          0
xc1dut.hi_1_n__par                           0
xc1dut.hi_1_p__par                           0
xc1dut.hi_256_n__par                         0
xc1dut.hi_256_p__par                         0
xc1dut.hi_2_n__par                           0
xc1dut.hi_2_p__par                           0
xc1dut.hi_32_n__par                          0
xc1dut.hi_32_p__par                          0
xc1dut.hi_4_n__par                           0
xc1dut.hi_4_p__par                           0
xc1dut.hi_64_n__par                          0
xc1dut.hi_64_p__par                          0
xc1dut.hi_8_n__par                           0
xc1dut.hi_8_p__par                           0
xc1dut.lo_128_n__par                         0
xc1dut.lo_128_p__par                         0
xc1dut.lo_16_n__par                          0
xc1dut.lo_16_p__par                          0
xc1dut.lo_1_n__par                           0
xc1dut.lo_1_p__par                           0
xc1dut.lo_256_n__par                         0
xc1dut.lo_256_p__par                         0
xc1dut.lo_2_n__par                           0
xc1dut.lo_2_p__par                           0
xc1dut.lo_32_n__par                          0
xc1dut.lo_32_p__par                          0
xc1dut.lo_4_n__par                           0
xc1dut.lo_4_p__par                           0
xc1dut.lo_64_n__par                          0
xc1dut.lo_64_p__par                          0
xc1dut.lo_8_n__par                           0
xc1dut.lo_8_p__par                           0
xc1dut.pinn__par                       0.81675
xc1dut.pinp__par                       2.15325
xc1dut.rel_128_n__par                        0
xc1dut.rel_128_p__par                        0
xc1dut.rel_16_n__par                         0
xc1dut.rel_16_p__par                         0
xc1dut.rel_1_n__par                          0
xc1dut.rel_1_p__par                          0
xc1dut.rel_256_n__par                        0
xc1dut.rel_256_p__par                        0
xc1dut.rel_2_n__par                          0
xc1dut.rel_2_p__par                          0
xc1dut.rel_32_n__par                         0
xc1dut.rel_32_p__par                         0
xc1dut.rel_4_n__par                          0
xc1dut.rel_4_p__par                          0
xc1dut.rel_64_n__par                         0
xc1dut.rel_64_p__par                         0
xc1dut.rel_8_n__par                          0
xc1dut.rel_8_p__par                          0
xc1dut.sel_in__par                        2.97
xc1dut.topn__par                         1.485
xc1dut.topp__par                         1.485
xc1dut.tp_gn__par                         2.97
xc1dut.vcm__par                          1.485
xc1dut.vdd__par                           2.97
xc1dut.vref__par                          2.97
xc1dut.vss__par                              0
c1_ib                                 0.640978
xc1cmp.xpre.ptail                     0.725906
xc1cmp.pon                             2.34036
xc1cmp.preamp_in1                        1.485
xc1cmp.pop                             2.34036
xc1cmp.preamp_in2                        1.485
xc1cmp.xpre.xrlp.11                    2.96983
xc1cmp.xpre.xrlp.21                    2.34054
xc1cmp.xpre.xrln.11                    2.96983
xc1cmp.xpre.xrln.21                    2.34054
xc1cmp.xlat.ltail                      1.79629
xc1cmp.xlat.dip                           2.97
xc1cmp.xlat.din                           2.97
xc1cmp.outn                               2.97
xc1cmp.outp                               2.97
xc1cmp.sset                        5.49321e-09
xc1cmp.srst                        5.49321e-09
xc1cmp.xno1.ps                         2.76345
c1_do                                  1.21864
c1_dob                                 1.21864
xc1cmp.xno2.ps                         2.76345
c1_dp                              3.51837e-10
c1_dn                              -3.3748e-10
c1_dd                              6.89341e-10
c2_srcp                                2.15325
c2_pinp                                2.15325
c2_srcn                                0.81675
c2_pinn                                0.81675
xc2dut.\$65                        1.48084e-09
xc2dut.\$27                               2.97
xc2dut.\$29                               2.97
xc2dut.\$9                                2.97
xc2dut.\$10                            2.15325
xc2dut.\$67                        1.48084e-09
xc2dut.\$31                               2.97
xc2dut.\$33                               2.97
xc2dut.\$11                               2.97
xc2dut.\$12                            2.15325
xc2dut.\$69                        1.48084e-09
xc2dut.\$35                               2.97
xc2dut.\$37                               2.97
xc2dut.\$13                               2.97
xc2dut.\$14                            2.15325
xc2dut.\$71                        1.48084e-09
xc2dut.\$39                               2.97
xc2dut.\$41                               2.97
xc2dut.\$15                               2.97
xc2dut.\$16                            2.15325
xc2dut.\$73                        1.48084e-09
xc2dut.\$43                               2.97
xc2dut.\$45                               2.97
xc2dut.\$17                               2.97
xc2dut.\$18                            2.15325
xc2dut.\$75                        1.48084e-09
xc2dut.\$47                               2.97
xc2dut.\$49                               2.97
xc2dut.\$19                               2.97
xc2dut.\$20                            2.15325
xc2dut.\$77                        1.48084e-09
xc2dut.\$51                               2.97
xc2dut.\$53                               2.97
xc2dut.\$21                               2.97
xc2dut.\$22                            2.15325
xc2dut.\$79                        1.48084e-09
xc2dut.\$55                               2.97
xc2dut.\$57                               2.97
xc2dut.\$23                               2.97
xc2dut.\$24                            2.15325
xc2dut.\$81                        1.48084e-09
xc2dut.\$59                               2.97
xc2dut.\$61                               2.97
xc2dut.\$25                               2.97
xc2dut.\$26                            2.15325
xc2dut.\$83                        1.48084e-09
xc2dut.\$85                               2.97
xc2dut.\$87                               2.97
xc2dut.\$89                               2.97
xc2dut.\$90                            0.81675
xc2dut.\$92                        1.48084e-09
xc2dut.\$94                               2.97
xc2dut.\$96                               2.97
xc2dut.\$98                               2.97
xc2dut.\$99                            0.81675
xc2dut.\$100                       1.48084e-09
xc2dut.\$102                              2.97
xc2dut.\$104                              2.97
xc2dut.\$106                              2.97
xc2dut.\$107                           0.81675
xc2dut.\$108                       1.48084e-09
xc2dut.\$110                              2.97
xc2dut.\$112                              2.97
xc2dut.\$114                              2.97
xc2dut.\$115                           0.81675
xc2dut.\$116                       1.48084e-09
xc2dut.\$118                              2.97
xc2dut.\$120                              2.97
xc2dut.\$122                              2.97
xc2dut.\$123                           0.81675
xc2dut.\$124                       1.48084e-09
xc2dut.\$126                              2.97
xc2dut.\$128                              2.97
xc2dut.\$130                              2.97
xc2dut.\$131                           0.81675
xc2dut.\$132                       1.48084e-09
xc2dut.\$134                              2.97
xc2dut.\$136                              2.97
xc2dut.\$138                              2.97
xc2dut.\$139                           0.81675
xc2dut.\$140                       1.48084e-09
xc2dut.\$142                              2.97
xc2dut.\$144                              2.97
xc2dut.\$146                              2.97
xc2dut.\$147                           0.81675
xc2dut.\$166                       1.48084e-09
c2_topp                                  1.485
xc2dut.\$167                       1.48084e-09
c2_topn                                  1.485
xc2dut.\$148                       1.48084e-09
xc2dut.\$150                              2.97
xc2dut.\$152                              2.97
xc2dut.\$154                              2.97
xc2dut.\$155                           0.81675
xc2dut.\$10__par                       2.15325
xc2dut.\$100__par                  1.48084e-09
xc2dut.\$102__par                         2.97
xc2dut.\$104__par                         2.97
xc2dut.\$106__par                         2.97
xc2dut.\$107__par                      0.81675
xc2dut.\$108__par                  1.48084e-09
xc2dut.\$11__par                          2.97
xc2dut.\$110__par                         2.97
xc2dut.\$112__par                         2.97
xc2dut.\$114__par                         2.97
xc2dut.\$115__par                      0.81675
xc2dut.\$116__par                  1.48084e-09
xc2dut.\$118__par                         2.97
xc2dut.\$12__par                       2.15325
xc2dut.\$120__par                         2.97
xc2dut.\$122__par                         2.97
xc2dut.\$123__par                      0.81675
xc2dut.\$124__par                  1.48084e-09
xc2dut.\$126__par                         2.97
xc2dut.\$128__par                         2.97
xc2dut.\$13__par                          2.97
xc2dut.\$130__par                         2.97
xc2dut.\$131__par                      0.81675
xc2dut.\$132__par                  1.48084e-09
xc2dut.\$134__par                         2.97
xc2dut.\$136__par                         2.97
xc2dut.\$138__par                         2.97
xc2dut.\$139__par                      0.81675
xc2dut.\$14__par                       2.15325
xc2dut.\$140__par                  1.48084e-09
xc2dut.\$142__par                         2.97
xc2dut.\$144__par                         2.97
xc2dut.\$146__par                         2.97
xc2dut.\$147__par                      0.81675
xc2dut.\$148__par                  1.48084e-09
xc2dut.\$15__par                          2.97
xc2dut.\$150__par                         2.97
xc2dut.\$152__par                         2.97
xc2dut.\$154__par                         2.97
xc2dut.\$155__par                      0.81675
xc2dut.\$16__par                       2.15325
xc2dut.\$166__par                  1.48084e-09
xc2dut.\$167__par                  1.48084e-09
xc2dut.\$17__par                          2.97
xc2dut.\$18__par                       2.15325
xc2dut.\$19__par                          2.97
xc2dut.\$20__par                       2.15325
xc2dut.\$21__par                          2.97
xc2dut.\$22__par                       2.15325
xc2dut.\$23__par                          2.97
xc2dut.\$24__par                       2.15325
xc2dut.\$25__par                          2.97
xc2dut.\$26__par                       2.15325
xc2dut.\$27__par                          2.97
xc2dut.\$29__par                          2.97
xc2dut.\$31__par                          2.97
xc2dut.\$33__par                          2.97
xc2dut.\$35__par                          2.97
xc2dut.\$37__par                          2.97
xc2dut.\$39__par                          2.97
xc2dut.\$41__par                          2.97
xc2dut.\$43__par                          2.97
xc2dut.\$45__par                          2.97
xc2dut.\$47__par                          2.97
xc2dut.\$49__par                          2.97
xc2dut.\$51__par                          2.97
xc2dut.\$53__par                          2.97
xc2dut.\$55__par                          2.97
xc2dut.\$57__par                          2.97
xc2dut.\$59__par                          2.97
xc2dut.\$61__par                          2.97
xc2dut.\$65__par                   1.48084e-09
xc2dut.\$67__par                   1.48084e-09
xc2dut.\$69__par                   1.48084e-09
xc2dut.\$71__par                   1.48084e-09
xc2dut.\$73__par                   1.48084e-09
xc2dut.\$75__par                   1.48084e-09
xc2dut.\$77__par                   1.48084e-09
xc2dut.\$79__par                   1.48084e-09
xc2dut.\$81__par                   1.48084e-09
xc2dut.\$83__par                   1.48084e-09
xc2dut.\$85__par                          2.97
xc2dut.\$87__par                          2.97
xc2dut.\$89__par                          2.97
xc2dut.\$9__par                           2.97
xc2dut.\$90__par                       0.81675
xc2dut.\$92__par                   1.48084e-09
xc2dut.\$94__par                          2.97
xc2dut.\$96__par                          2.97
xc2dut.\$98__par                          2.97
xc2dut.\$99__par                       0.81675
xc2dut.hi_128_n__par                         0
xc2dut.hi_128_p__par                         0
xc2dut.hi_16_n__par                          0
xc2dut.hi_16_p__par                          0
xc2dut.hi_1_n__par                           0
xc2dut.hi_1_p__par                           0
xc2dut.hi_256_n__par                         0
xc2dut.hi_256_p__par                         0
xc2dut.hi_2_n__par                           0
xc2dut.hi_2_p__par                           0
xc2dut.hi_32_n__par                          0
xc2dut.hi_32_p__par                          0
xc2dut.hi_4_n__par                           0
xc2dut.hi_4_p__par                           0
xc2dut.hi_64_n__par                          0
xc2dut.hi_64_p__par                          0
xc2dut.hi_8_n__par                           0
xc2dut.hi_8_p__par                           0
xc2dut.lo_128_n__par                         0
xc2dut.lo_128_p__par                         0
xc2dut.lo_16_n__par                          0
xc2dut.lo_16_p__par                          0
xc2dut.lo_1_n__par                           0
xc2dut.lo_1_p__par                           0
xc2dut.lo_256_n__par                         0
xc2dut.lo_256_p__par                         0
xc2dut.lo_2_n__par                           0
xc2dut.lo_2_p__par                           0
xc2dut.lo_32_n__par                          0
xc2dut.lo_32_p__par                          0
xc2dut.lo_4_n__par                           0
xc2dut.lo_4_p__par                           0
xc2dut.lo_64_n__par                          0
xc2dut.lo_64_p__par                          0
xc2dut.lo_8_n__par                           0
xc2dut.lo_8_p__par                           0
xc2dut.pinn__par                       0.81675
xc2dut.pinp__par                       2.15325
xc2dut.rel_128_n__par                        0
xc2dut.rel_128_p__par                        0
xc2dut.rel_16_n__par                         0
xc2dut.rel_16_p__par                         0
xc2dut.rel_1_n__par                          0
xc2dut.rel_1_p__par                          0
xc2dut.rel_256_n__par                        0
xc2dut.rel_256_p__par                        0
xc2dut.rel_2_n__par                          0
xc2dut.rel_2_p__par                          0
xc2dut.rel_32_n__par                         0
xc2dut.rel_32_p__par                         0
xc2dut.rel_4_n__par                          0
xc2dut.rel_4_p__par                          0
xc2dut.rel_64_n__par                         0
xc2dut.rel_64_p__par                         0
xc2dut.rel_8_n__par                          0
xc2dut.rel_8_p__par                          0
xc2dut.sel_in__par                        2.97
xc2dut.topn__par                         1.485
xc2dut.topp__par                         1.485
xc2dut.tp_gn__par                         2.97
xc2dut.vcm__par                          1.485
xc2dut.vdd__par                           2.97
xc2dut.vref__par                          2.97
xc2dut.vss__par                              0
c2_ib                                 0.640978
xc2cmp.xpre.ptail                     0.725906
xc2cmp.pon                             2.34036
xc2cmp.preamp_in1                        1.485
xc2cmp.pop                             2.34036
xc2cmp.preamp_in2                        1.485
xc2cmp.xpre.xrlp.11                    2.96983
xc2cmp.xpre.xrlp.21                    2.34054
xc2cmp.xpre.xrln.11                    2.96983
xc2cmp.xpre.xrln.21                    2.34054
xc2cmp.xlat.ltail                      1.79629
xc2cmp.xlat.dip                           2.97
xc2cmp.xlat.din                           2.97
xc2cmp.outn                               2.97
xc2cmp.outp                               2.97
xc2cmp.sset                        5.49321e-09
xc2cmp.srst                        5.49321e-09
xc2cmp.xno1.ps                         2.76345
c2_do                                  1.21864
c2_dob                                 1.21864
xc2cmp.xno2.ps                         2.76345
c2_dp                              3.51837e-10
c2_dn                              -3.3748e-10
c2_dd                              6.89317e-10
bc2dd#branch                                 0
bc2dn#branch                                 0
bc2dp#branch                                 0
bc1dd#branch                                 0
bc1dn#branch                                 0
bc1dp#branch                                 0
bc0dd#branch                                 0
bc0dn#branch                                 0
bc0dp#branch                                 0
ba4dd#branch                                 0
ba4dn#branch                                 0
ba4dp#branch                                 0
ba3dd#branch                                 0
ba3dn#branch                                 0
ba3dp#branch                                 0
ba2dd#branch                                 0
ba2dn#branch                                 0
ba2dp#branch                                 0
ba1dd#branch                                 0
ba1dn#branch                                 0
ba1dp#branch                                 0
ba0dd#branch                                 0
ba0dn#branch                                 0
ba0dp#branch                                 0
v.xc2cmp.vpn#branch                3.17903e-19
v.xc2cmp.vpp#branch                1.98153e-19
vc2srcn#branch                    -7.21296e-11
vc2srcp#branch                    -5.96528e-10
v.xc1cmp.vpn#branch               -1.56083e-20
v.xc1cmp.vpp#branch                3.83237e-19
vc1srcn#branch                    -7.21296e-11
vc1srcp#branch                    -5.96528e-10
v.xc0cmp.vpn#branch                1.51142e-19
v.xc0cmp.vpp#branch                5.78739e-19
vc0srcn#branch                    -7.21296e-11
vc0srcp#branch                    -5.96528e-10
v.xa4cmp.vpn#branch                1.61374e-19
v.xa4cmp.vpp#branch                4.78499e-19
va4srcn#branch                     8.81267e-11
va4srcp#branch                     -1.1194e-09
v.xa3cmp.vpn#branch                1.04727e-18
v.xa3cmp.vpp#branch                 1.8757e-19
va3srcn#branch                    -7.21296e-11
va3srcp#branch                    -5.96528e-10
v.xa2cmp.vpn#branch               -2.77816e-19
v.xa2cmp.vpp#branch               -5.26603e-20
va2srcn#branch                    -2.78526e-10
va2srcp#branch                    -2.78526e-10
v.xa1cmp.vpn#branch               -1.14114e-20
v.xa1cmp.vpp#branch                -4.3629e-19
va1srcn#branch                    -5.96528e-10
va1srcp#branch                    -7.21296e-11
v.xa0cmp.vpn#branch               -1.89741e-20
v.xa0cmp.vpp#branch                3.86516e-19
va0srcn#branch                     -1.1194e-09
va0srcp#branch                     8.81267e-11
vd14_samp_tp_n#branch             -3.48081e-18
vd14_sel_in_n#branch               1.24875e-18
vd14_rel_n_8p#branch                         0
vd14_rel_n_8n#branch                         0
vd14_rel_n_64p#branch                        0
vd14_rel_n_64n#branch                        0
vd14_rel_n_4p#branch                         0
vd14_rel_n_4n#branch                         0
vd14_rel_n_32p#branch                        0
vd14_rel_n_32n#branch                        0
vd14_rel_n_2p#branch                         0
vd14_rel_n_2n#branch                         0
vd14_rel_n_256p#branch                       0
vd14_rel_n_256n#branch                       0
vd14_rel_n_1p#branch                         0
vd14_rel_n_1n#branch                         0
vd14_rel_n_16p#branch                        0
vd14_rel_n_16n#branch                        0
vd14_rel_n_128p#branch                       0
vd14_rel_n_128n#branch                       0
vd14_sel_lo_n_8p#branch                      0
vd14_sel_lo_n_8n#branch                      0
vd14_sel_lo_n_64p#branch                     0
vd14_sel_lo_n_64n#branch                     0
vd14_sel_lo_n_4p#branch                      0
vd14_sel_lo_n_4n#branch                      0
vd14_sel_lo_n_32p#branch                     0
vd14_sel_lo_n_32n#branch                     0
vd14_sel_lo_n_2p#branch                      0
vd14_sel_lo_n_2n#branch                      0
vd14_sel_lo_n_256p#branch                    0
vd14_sel_lo_n_256n#branch                    0
vd14_sel_lo_n_1p#branch                      0
vd14_sel_lo_n_1n#branch                      0
vd14_sel_lo_n_16p#branch                     0
vd14_sel_lo_n_16n#branch                     0
vd14_sel_lo_n_128p#branch                    0
vd14_sel_lo_n_128n#branch                    0
vd14_sel_hi_n_8p#branch                      0
vd14_sel_hi_n_8n#branch                      0
vd14_sel_hi_n_64p#branch                     0
vd14_sel_hi_n_64n#branch                     0
vd14_sel_hi_n_4p#branch                      0
vd14_sel_hi_n_4n#branch                      0
vd14_sel_hi_n_32p#branch                     0
vd14_sel_hi_n_32n#branch                     0
vd14_sel_hi_n_2p#branch                      0
vd14_sel_hi_n_2n#branch                      0
vd14_sel_hi_n_256p#branch                    0
vd14_sel_hi_n_256n#branch                    0
vd14_sel_hi_n_1p#branch                      0
vd14_sel_hi_n_1n#branch                      0
vd14_sel_hi_n_16p#branch                     0
vd14_sel_hi_n_16n#branch                     0
vd14_sel_hi_n_128p#branch                    0
vd14_sel_hi_n_128n#branch                    0
vcmpstrobe#branch                            0
vcms#branch                        -2.3361e-12
vrefs#branch                      -6.59573e-10
vddc#branch                        -0.00494052
vddd#branch                       -5.41331e-09

 Reference value :  0.00000e+00
 Reference value :  2.10240e-09
 Reference value :  2.11239e-09
 Reference value :  2.67829e-09
 Reference value :  5.57829e-09
 Reference value :  1.02783e-08
 Reference value :  1.39783e-08
 Reference value :  1.56783e-08
 Reference value :  1.75783e-08
 Reference value :  2.04783e-08
 Reference value :  2.39783e-08
 Reference value :  2.66783e-08
 Reference value :  2.93783e-08
 Reference value :  3.14783e-08
 Reference value :  3.31783e-08
 Reference value :  3.66783e-08
 Reference value :  4.04783e-08
 Reference value :  4.30783e-08
 Reference value :  4.44783e-08
 Reference value :  4.62783e-08
 Reference value :  4.94783e-08
 Reference value :  5.34783e-08
 Reference value :  5.66783e-08
 Reference value :  5.90783e-08
 Reference value :  6.05783e-08
 Reference value :  6.20783e-08
 Reference value :  6.39783e-08
 Reference value :  6.67783e-08
 Reference value :  7.05783e-08
 Reference value :  7.36783e-08
 Reference value :  7.52783e-08
 Reference value :  7.66783e-08
 Reference value :  7.98783e-08
 Reference value :  8.38783e-08
 Reference value :  8.78783e-08
 Reference value :  9.02783e-08
 Reference value :  9.28783e-08
 Reference value :  9.48783e-08
 Reference value :  9.76783e-08
 Reference value :  1.00778e-07
 Reference value :  1.03778e-07
 Reference value :  1.05878e-07
 Reference value :  1.08778e-07
 Reference value :  1.11278e-07
 Reference value :  1.14078e-07
 Reference value :  1.17678e-07
 Reference value :  1.20078e-07
 Reference value :  1.21578e-07
 Reference value :  1.23878e-07
 Reference value :  1.27678e-07
 Reference value :  1.30178e-07
 Reference value :  1.32278e-07
 Reference value :  1.35778e-07
 Reference value :  1.39278e-07
 Reference value :  1.41878e-07
 Reference value :  1.44478e-07
 Reference value :  1.47078e-07
 Reference value :  1.50778e-07
 Reference value :  1.54278e-07
 Reference value :  1.57378e-07
 Reference value :  1.60078e-07
 Reference value :  1.61878e-07
 Reference value :  1.64578e-07
 Reference value :  1.67478e-07
 Reference value :  1.69978e-07
 Reference value :  1.72878e-07
 Reference value :  1.75378e-07
 Reference value :  1.77278e-07
 Reference value :  1.79878e-07
 Reference value :  1.83578e-07
 Reference value :  1.86178e-07
 Reference value :  1.87600e-07
 Reference value :  1.88628e-07
 Reference value :  1.90428e-07
 Reference value :  1.91928e-07
 Reference value :  1.94628e-07
 Reference value :  1.97528e-07
 Reference value :  2.00628e-07
 Reference value :  2.02728e-07
 Reference value :  2.04528e-07
 Reference value :  2.06228e-07
 Reference value :  2.08628e-07
 Reference value :  2.12028e-07
 Reference value :  2.15528e-07
 Reference value :  2.18928e-07
 Reference value :  2.21028e-07
 Reference value :  2.22528e-07
 Reference value :  2.24328e-07
 Reference value :  2.27228e-07
 Reference value :  2.30928e-07
 Reference value :  2.33928e-07
 Reference value :  2.36928e-07
 Reference value :  2.38628e-07
 Reference value :  2.40128e-07
 Reference value :  2.43028e-07
 Reference value :  2.46928e-07
 Reference value :  2.50037e-07
 Reference value :  2.50823e-07
 Reference value :  2.51923e-07
 Reference value :  2.53123e-07
 Reference value :  2.55523e-07
 Reference value :  2.58523e-07
 Reference value :  2.62323e-07
 Reference value :  2.65523e-07
 Reference value :  2.68523e-07
 Reference value :  2.70423e-07
 Reference value :  2.72323e-07
 Reference value :  2.75423e-07
 Reference value :  2.78723e-07
 Reference value :  2.82223e-07
 Reference value :  2.85923e-07
 Reference value :  2.87823e-07
 Reference value :  2.89723e-07
 Reference value :  2.93223e-07
 Reference value :  2.97023e-07
 Reference value :  3.00423e-07
 Reference value :  3.02123e-07
 Reference value :  3.03623e-07
 Reference value :  3.06723e-07
 Reference value :  3.10423e-07
 Reference value :  3.13423e-07
 Reference value :  3.15723e-07
 Reference value :  3.17023e-07
 Reference value :  3.19823e-07
 Reference value :  3.24123e-07
 Reference value :  3.27723e-07
 Reference value :  3.30423e-07
 Reference value :  3.31823e-07
 Reference value :  3.33323e-07
 Reference value :  3.36223e-07
 Reference value :  3.40123e-07
 Reference value :  3.43423e-07
 Reference value :  3.46623e-07
 Reference value :  3.48623e-07
 Reference value :  3.50123e-07
 Reference value :  3.53023e-07
 Reference value :  3.55923e-07
 Reference value :  3.58823e-07
 Reference value :  3.61923e-07
 Reference value :  3.64423e-07
 Reference value :  3.66323e-07
 Reference value :  3.69323e-07
 Reference value :  3.73423e-07
 Reference value :  3.75096e-07
 Reference value :  3.75230e-07
 Reference value :  3.76338e-07
 Reference value :  3.78138e-07
 Reference value :  3.81938e-07
 Reference value :  3.85038e-07
 Reference value :  3.86938e-07
 Reference value :  3.88338e-07
 Reference value :  3.91138e-07
 Reference value :  3.94938e-07
 Reference value :  3.97738e-07
 Reference value :  3.99438e-07
 Reference value :  4.01138e-07
 Reference value :  4.02538e-07
 Reference value :  4.04938e-07
 Reference value :  4.08538e-07
 Reference value :  4.12138e-07
 Reference value :  4.16138e-07
 Reference value :  4.18038e-07
 Reference value :  4.19538e-07
 Reference value :  4.21038e-07
 Reference value :  4.23638e-07
 Reference value :  4.26638e-07
 Reference value :  4.30238e-07
 Reference value :  4.33438e-07
 Reference value :  4.36738e-07
 Reference value :  4.40038e-07
 Reference value :  4.42938e-07
 Reference value :  4.44438e-07
 Reference value :  4.46538e-07
 Reference value :  4.49638e-07
 Reference value :  4.53738e-07
 Reference value :  4.57238e-07
 Reference value :  4.60838e-07
 Reference value :  4.64338e-07
 Reference value :  4.66738e-07
 Reference value :  4.68338e-07
 Reference value :  4.70038e-07
 Reference value :  4.73138e-07
 Reference value :  4.76338e-07
 Reference value :  4.80338e-07
 Reference value :  4.83138e-07
 Reference value :  4.85838e-07
 Reference value :  4.87938e-07
 Reference value :  4.90338e-07
 Reference value :  4.92738e-07
 Reference value :  4.95838e-07
 Reference value :  4.99638e-07
 Reference value :  5.03138e-07
 Reference value :  5.06938e-07
 Reference value :  5.09338e-07
 Reference value :  5.11138e-07
 Reference value :  5.12638e-07
 Reference value :  5.14638e-07
 Reference value :  5.17738e-07
 Reference value :  5.21438e-07
 Reference value :  5.24038e-07
 Reference value :  5.26838e-07
 Reference value :  5.29638e-07
 Reference value :  5.32338e-07
 Reference value :  5.34838e-07
 Reference value :  5.37138e-07
 Reference value :  5.39338e-07
 Reference value :  5.42138e-07
 Reference value :  5.46238e-07
 Reference value :  5.49538e-07
 Reference value :  5.52038e-07
 Reference value :  5.53438e-07
 Reference value :  5.55238e-07
 Reference value :  5.57838e-07
 Reference value :  5.60938e-07
 Reference value :  5.64538e-07
 Reference value :  5.68538e-07
 Reference value :  5.72038e-07
 Reference value :  5.73638e-07
 Reference value :  5.75138e-07
 Reference value :  5.76638e-07
 Reference value :  5.79138e-07
 Reference value :  5.82738e-07
 Reference value :  5.85138e-07
 Reference value :  5.87638e-07
 Reference value :  5.90438e-07
 Reference value :  5.93138e-07
 Reference value :  5.97538e-07
No. of Data Rows : 6055
a0prep              =  -1.48541e-09
a0tpp               =  2.24707e-01
a0bpp               =  4.55833e+02
a0pren              =  -2.05393e-10
a0tpn               =  2.28229e-01
a0bpn               =  -4.55001e+02
a0hld               =  9.10834e+02
a0res               =  1.26403e+03
a1prep              =  -1.21536e-09
a1tpp               =  2.27056e-01
a1bpp               =  2.28135e+02
a1pren              =  -5.41727e-10
a1tpn               =  2.31654e-01
a1bpn               =  -2.27358e+02
a1hld               =  4.55493e+02
a1res               =  9.62165e+02
a2prep              =  -8.59018e-10
a2tpp               =  2.27739e-01
a2bpp               =  2.27560e-01
a2pren              =  -8.57234e-10
a2tpn               =  2.27770e-01
a2bpn               =  2.27591e-01
a2hld               =  -3.03683e-05
a2res               =  5.07139e+02
a3prep              =  -5.55780e-10
a3tpp               =  2.31619e-01
a3bpp               =  -2.27340e+02
a3pren              =  -1.18769e-09
a3tpn               =  2.27085e-01
a3bpn               =  2.28154e+02
a3hld               =  -4.55494e+02
a3res               =  5.13252e+01
a4prep              =  -1.82492e-10
a4tpp               =  2.28198e-01
a4bpp               =  -4.54964e+02
a4pren              =  -1.49005e-09
a4tpn               =  2.24735e-01
a4bpn               =  4.55870e+02
a4hld               =  -9.10834e+02
a4res               =  -4.03853e+02
c0prep              =  -5.56222e-10
c0tpp               =  2.31101e-01
c0bpp               =  -2.27057e+02
c0pren              =  -1.19720e-09
c0tpn               =  2.27082e-01
c0bpn               =  2.28154e+02
c0hld               =  -4.55211e+02
c0res               =  5.12928e+01
c1prep              =  -5.43781e-10
c1tpp               =  2.30076e-01
c1bpp               =  -2.26493e+02
c1pren              =  -1.17643e-09
c1tpn               =  2.27075e-01
c1bpn               =  2.28154e+02
c1hld               =  -4.54647e+02
c1res               =  5.12282e+01
c2prep              =  -5.61232e-10
c2tpp               =  2.26616e-01
c2bpp               =  -2.24542e+02
c2pren              =  -1.17908e-09
c2tpn               =  2.27051e-01
c2bpn               =  2.28154e+02
c2hld               =  -4.52696e+02
c2res               =  5.10046e+01
m_tp_inj_p_l0_lsb = 2.2470710149e-01
m_tp_inj_n_l0_lsb = 2.2822890021e-01
m_tp_inj_mis_l0_lsb = -3.521798720e-03
m_tp_inj_p_l1_lsb = 2.2705590122e-01
m_tp_inj_n_l1_lsb = 2.3165370054e-01
m_tp_inj_mis_l1_lsb = -4.597799326e-03
m_tp_inj_p_l2_lsb = 2.2773940086e-01
m_tp_inj_n_l2_lsb = 2.2776980086e-01
m_tp_inj_mis_l2_lsb = -3.039999822e-05
m_tp_inj_p_l3_lsb = 2.3161910056e-01
m_tp_inj_n_l3_lsb = 2.2708550119e-01
m_tp_inj_mis_l3_lsb = 4.5335993681e-03
m_tp_inj_p_l4_lsb = 2.2819800018e-01
m_tp_inj_n_l4_lsb = 2.2473470149e-01
m_tp_inj_mis_l4_lsb = 3.4632986924e-03
m_tp_inj_signal_dep_lsb = 6.9119990704e-03
m_bp_inj_p_lsb = -1.792000000e-04
m_bp_inj_n_lsb = -1.792000000e-04
m_bp_inj_mis_lsb = 0.0000000000e+00
m_hold_l0_lsb = 9.1083400000e+02
m_res_l0_lsb = 1.2640320000e+03
m_hold_l1_lsb = 4.5549350000e+02
m_res_l1_lsb = 9.6216520000e+02
m_hold_l2_lsb = -3.036832000e-05
m_res_l2_lsb = 5.0713910000e+02
m_hold_l3_lsb = -4.554936000e+02
m_res_l3_lsb = 5.1325220000e+01
m_hold_l4_lsb = -9.108338000e+02
m_res_l4_lsb = -4.038534000e+02
m_samp_span_lsb = -1.821667800e+03
m_samp_gain_ratio = 9.8831803385e-01
m_samp_gain_err_lsb = 2.1532200000e+01
m_samp_inl_l1_lsb = 7.6450000000e-02
m_samp_inl_l2_lsb = -1.303683200e-04
m_samp_inl_l3_lsb = -7.675000000e-02
m_samp_inl_worst_lsb = 7.6750000000e-02
m_dhold_dc0_lsb = 2.8290000000e-01
m_dres_dc0_lsb = -3.244000000e-02
m_dhold_dc1_lsb = 8.4650000000e-01
m_dres_dc1_lsb = -9.705000000e-02
m_dhold_dc2_lsb = 2.7973000000e+00
m_dres_dc2_lsb = -3.206200000e-01
m_dres_per_ff_lsb = -3.206200000e-03
Note: Simulation executed from .control section 

Warning: m=xx on .subckt line will override multiplier m hierarchy!

Note: Starting dynamic gmin stepping
Note: Dynamic gmin stepping completed
