
Note: No compatibility mode selected!


Circuit: * adc-inl-dnl @ tt_125c_3.63v -- generated by sim/harness, do not edit

Reducing trtol to 1 for xspice 'A' devices
Doing analysis at TEMP = 125.000000 and TNOM = 27.000000

Using SPARSE 1.3 as Direct Linear Solver

Initial Transient Solution
--------------------------

Node                                   Voltage
----                                   -------
clk                                          0
cmpclk                                       0
cmpclkb                                   3.63
vddt                                      3.63
vddd                                      3.63
vddc                                      3.63
vrefs                                     3.63
vrefn                                     3.63
vcmn                                     1.815
se_vinp                             0.00443115
se_vinn                                  1.815
se_start                                     0
se_mode                                      0
se_cmp                                 1.49495
se_samp_tp_n                                 0
se_sel_in_n                                  0
se_drdy                                   3.63
se_c9                                        0
se_c8                                        0
se_c7                                        0
se_c6                                        0
se_c5                                        0
se_c4                                        0
se_c3                                        0
se_c2                                        0
se_c1                                        0
se_c0                                        0
se_rel_n_256p                             3.63
se_sel_hi_n_256p                             0
se_sel_lo_n_256p                             0
se_rel_n_128p                             3.63
se_sel_hi_n_128p                             0
se_sel_lo_n_128p                             0
se_rel_n_64p                              3.63
se_sel_hi_n_64p                              0
se_sel_lo_n_64p                              0
se_rel_n_32p                              3.63
se_sel_hi_n_32p                              0
se_sel_lo_n_32p                              0
se_rel_n_16p                              3.63
se_sel_hi_n_16p                              0
se_sel_lo_n_16p                              0
se_rel_n_8p                               3.63
se_sel_hi_n_8p                               0
se_sel_lo_n_8p                               0
se_rel_n_4p                               3.63
se_sel_hi_n_4p                               0
se_sel_lo_n_4p                               0
se_rel_n_2p                               3.63
se_sel_hi_n_2p                               0
se_sel_lo_n_2p                               0
se_rel_n_1p                               3.63
se_sel_hi_n_1p                               0
se_sel_lo_n_1p                               0
se_rel_n_256n                             3.63
se_sel_hi_n_256n                             0
se_sel_lo_n_256n                             0
se_rel_n_128n                             3.63
se_sel_hi_n_128n                             0
se_sel_lo_n_128n                             0
se_rel_n_64n                              3.63
se_sel_hi_n_64n                              0
se_sel_lo_n_64n                              0
se_rel_n_32n                              3.63
se_sel_hi_n_32n                              0
se_sel_lo_n_32n                              0
se_rel_n_16n                              3.63
se_sel_hi_n_16n                              0
se_sel_lo_n_16n                              0
se_rel_n_8n                               3.63
se_sel_hi_n_8n                               0
se_sel_lo_n_8n                               0
se_rel_n_4n                               3.63
se_sel_hi_n_4n                               0
se_sel_lo_n_4n                               0
se_rel_n_2n                               3.63
se_sel_hi_n_2n                               0
se_sel_lo_n_2n                               0
se_rel_n_1n                               3.63
se_sel_hi_n_1n                               0
se_sel_lo_n_1n                               0
se_pinp                             0.00443133
se_pinn                                  1.815
xdut.\$65__t0                             3.63
xdut.sel_in__t0                              0
xdut.vss__t0                       1.55269e-08
xdut.\$27__t2                      1.38667e-08
xdut.rel_256_p__t2                        3.63
xdut.vss__t46                      2.36388e-09
xdut.\$29__t2                             3.63
xdut.hi_256_p__t2                            0
xdut.vss__t45                      1.50983e-08
xdut.\$9__t2                              3.63
xdut.lo_256_p__t2                            0
xdut.vss__t44                       1.4884e-08
xdut.vinp__t0                       0.00443157
xdut.sel_in__t1                              0
xdut.\$10__t0                            1.815
xdut.vcm__t27                            1.815
xdut.rel_256_p__t1                        3.63
xdut.\$10__t262                          1.815
xdut.vref__t21                            3.63
xdut.hi_256_p__t1                            0
xdut.\$10__t261                          1.815
xdut.vss__t24                      9.37401e-08
xdut.lo_256_p__t1                            0
xdut.\$10__t263                          1.815
xdut.\$67__t2                             3.63
xdut.sel_in__t50                             0
xdut.vss__t94                      1.20117e-08
xdut.\$31__t2                      1.33242e-08
xdut.rel_128_p__t2                        3.63
xdut.vss__t109                     1.82131e-09
xdut.\$33__t2                             3.63
xdut.hi_128_p__t2                            0
xdut.vss__t96                      1.15843e-08
xdut.\$11__t2                             3.63
xdut.lo_128_p__t2                            0
xdut.vss__t99                      1.13707e-08
xdut.vinp__t12                      0.00443152
xdut.sel_in__t25                             0
xdut.\$12__t132                          1.815
xdut.vcm__t30                            1.815
xdut.rel_128_p__t1                        3.63
xdut.\$12__t133                          1.815
xdut.vref__t23                            3.63
xdut.hi_128_p__t1                            0
xdut.\$12__t134                          1.815
xdut.vss__t25                      7.02323e-08
xdut.lo_128_p__t1                            0
xdut.\$12__t135                          1.815
xdut.\$69__t2                             3.63
xdut.sel_in__t52                             0
xdut.vss__t102                     8.51203e-09
xdut.\$35__t2                      1.27842e-08
xdut.rel_64_p__t2                         3.63
xdut.vss__t103                     1.28128e-09
xdut.\$37__t2                             3.63
xdut.hi_64_p__t2                             0
xdut.vss__t104                     8.08782e-09
xdut.\$13__t2                             3.63
xdut.lo_64_p__t2                             0
xdut.vss__t105                     7.87596e-09
xdut.vinp__t13                      0.00443146
xdut.sel_in__t26                             0
xdut.\$14__t68                           1.815
xdut.vcm__t31                            1.815
xdut.rel_64_p__t1                         3.63
xdut.\$14__t69                           1.815
xdut.vref__t32                            3.63
xdut.hi_64_p__t1                             0
xdut.\$14__t71                           1.815
xdut.vss__t29                      4.68388e-08
xdut.lo_64_p__t1                             0
xdut.\$14__t70                           1.815
xdut.\$71__t2                             3.63
xdut.sel_in__t46                             0
xdut.vss__t76                      5.06039e-09
xdut.\$39__t2                      1.22522e-08
xdut.rel_32_p__t2                         3.63
xdut.vss__t75                      7.49336e-10
xdut.\$41__t2                             3.63
xdut.hi_32_p__t2                             0
xdut.vss__t65                      4.64844e-09
xdut.\$15__t2                             3.63
xdut.lo_32_p__t2                             0
xdut.vss__t70                      4.44378e-09
xdut.vinp__t16                       0.0044314
xdut.sel_in__t31                             0
xdut.\$16__t37                           1.815
xdut.vcm__t35                            1.815
xdut.rel_32_p__t1                         3.63
xdut.\$16__t38                           1.815
xdut.vref__t30                            3.63
xdut.hi_32_p__t1                             0
xdut.\$16__t39                           1.815
xdut.vss__t28                      2.38971e-08
xdut.lo_32_p__t1                             0
xdut.\$16__t36                           1.815
xdut.\$73__t2                             3.63
xdut.sel_in__t45                             0
xdut.vss__t71                      1.93369e-09
xdut.\$43__t2                      1.17796e-08
xdut.rel_16_p__t2                         3.63
xdut.vss__t72                      2.76769e-10
xdut.\$45__t2                             3.63
xdut.hi_16_p__t2                             0
xdut.vss__t73                      1.66796e-09
xdut.\$17__t2                             3.63
xdut.lo_16_p__t2                             0
xdut.vss__t74                      1.56285e-09
xdut.vinp__t17                      0.00443135
xdut.sel_in__t32                             0
xdut.\$18__t23                           1.815
xdut.vcm__t33                            1.815
xdut.rel_16_p__t1                         3.63
xdut.\$18__t20                           1.815
xdut.vref__t29                            3.63
xdut.hi_16_p__t1                             0
xdut.\$18__t21                           1.815
xdut.vss__t32                      8.01157e-09
xdut.lo_16_p__t1                             0
xdut.\$18__t22                           1.815
xdut.\$75__t2                             3.63
xdut.sel_in__t38                             0
xdut.vss__t41                      2.61718e-09
xdut.\$47__t2                      1.19353e-08
xdut.rel_8_p__t2                          3.63
xdut.vss__t67                      4.32414e-10
xdut.\$49__t2                             3.63
xdut.hi_8_p__t2                              0
xdut.vss__t83                      2.98915e-09
xdut.\$19__t2                             3.63
xdut.lo_8_p__t2                              0
xdut.vss__t38                      3.18067e-09
xdut.vinp__t11                      0.00443138
xdut.sel_in__t24                             0
xdut.\$20__t12                           1.815
xdut.vcm__t26                            1.815
xdut.rel_8_p__t1                          3.63
xdut.\$20__t13                           1.815
xdut.vref__t20                            3.63
xdut.hi_8_p__t1                              0
xdut.\$20__t14                           1.815
xdut.vss__t22                      2.59464e-08
xdut.lo_8_p__t1                              0
xdut.\$20__t15                           1.815
xdut.\$77__t2                             3.63
xdut.sel_in__t51                             0
xdut.vss__t101                     5.91092e-09
xdut.\$51__t2                      1.24477e-08
xdut.rel_4_p__t2                          3.63
xdut.vss__t100                     9.44799e-10
xdut.\$53__t2                             3.63
xdut.hi_4_p__t2                              0
xdut.vss__t98                      6.32983e-09
xdut.\$21__t2                             3.63
xdut.lo_4_p__t2                              0
xdut.vss__t97                      6.53985e-09
xdut.vinp__t14                      0.00443143
xdut.sel_in__t28                             0
xdut.\$22__t11                           1.815
xdut.vcm__t28                            1.815
xdut.rel_4_p__t1                          3.63
xdut.\$22__t10                           1.815
xdut.vref__t22                            3.63
xdut.hi_4_p__t1                              0
xdut.\$22__t9                            1.815
xdut.vss__t23                      4.89711e-08
xdut.lo_4_p__t1                              0
xdut.\$22__t8                            1.815
xdut.\$79__t2                             3.63
xdut.sel_in__t49                             0
xdut.vss__t93                      9.38121e-09
xdut.\$55__t2                      1.29839e-08
xdut.rel_2_p__t2                          3.63
xdut.vss__t92                      1.48108e-09
xdut.\$57__t2                             3.63
xdut.hi_2_p__t2                              0
xdut.vss__t85                      9.80701e-09
xdut.\$23__t2                             3.63
xdut.lo_2_p__t2                              0
xdut.vss__t84                      1.00201e-08
xdut.vinp__t10                      0.00443149
xdut.sel_in__t23                             0
xdut.\$24__t6                            1.815
xdut.vcm__t32                            1.815
xdut.rel_2_p__t1                          3.63
xdut.\$24__t7                            1.815
xdut.vref__t27                            3.63
xdut.hi_2_p__t1                              0
xdut.\$24__t8                            1.815
xdut.vss__t30                      7.23811e-08
xdut.lo_2_p__t1                              0
xdut.\$24__t9                            1.815
xdut.\$81__t2                             3.63
xdut.sel_in__t39                             0
xdut.vss__t48                      1.28862e-08
xdut.\$59__t2                      1.35252e-08
xdut.rel_1_p__t2                          3.63
xdut.vss__t47                      2.02233e-09
xdut.\$61__t2                             3.63
xdut.hi_1_p__t2                              0
xdut.vss__t43                      1.33142e-08
xdut.\$25__t2                             3.63
xdut.lo_1_p__t2                              0
xdut.vss__t42                      1.35282e-08
xdut.vinp__t15                      0.00443155
xdut.sel_in__t30                             0
xdut.\$26__t8                            1.815
xdut.vcm__t34                            1.815
xdut.rel_1_p__t1                          3.63
xdut.\$26__t7                            1.815
xdut.vref__t28                            3.63
xdut.hi_1_p__t1                              0
xdut.\$26__t6                            1.815
xdut.vss__t21                      9.58946e-08
xdut.lo_1_p__t1                              0
xdut.\$26__t5                            1.815
xdut.\$83__t2                             3.63
xdut.sel_in__t53                             0
xdut.vss__t107                     1.54962e-08
xdut.\$85__t2                      1.38619e-08
xdut.rel_256_n__t2                        3.63
xdut.vss__t108                     2.35906e-09
xdut.\$87__t2                             3.63
xdut.hi_256_n__t2                            0
xdut.vss__t95                      1.50667e-08
xdut.\$89__t2                             3.63
xdut.lo_256_n__t2                            0
xdut.vss__t55                      1.48519e-08
xdut.vinn__t13                           1.815
xdut.sel_in__t29                             0
xdut.\$90__t261                          1.815
xdut.vcm__t41                            1.815
xdut.rel_256_n__t1                        3.63
xdut.\$90__t263                          1.815
xdut.vref__t26                            3.63
xdut.hi_256_n__t1                            0
xdut.\$90__t260                          1.815
xdut.vss__t31                       9.3765e-08
xdut.lo_256_n__t1                            0
xdut.\$90__t262                          1.815
xdut.\$92__t2                             3.63
xdut.sel_in__t43                             0
xdut.vss__t62                      1.19719e-08
xdut.\$94__t2                      1.33179e-08
xdut.rel_128_n__t2                        3.63
xdut.vss__t63                      1.81505e-09
xdut.\$96__t2                             3.63
xdut.hi_128_n__t2                            0
xdut.vss__t64                      1.15431e-08
xdut.\$98__t2                             3.63
xdut.lo_128_n__t2                            0
xdut.vss__t106                     1.13287e-08
xdut.vinn__t17                           1.815
xdut.sel_in__t36                             0
xdut.\$99__t135                          1.815
xdut.vcm__t40                            1.815
xdut.rel_128_n__t1                        3.63
xdut.\$99__t134                          1.815
xdut.vref__t31                            3.63
xdut.hi_128_n__t1                            0
xdut.\$99__t133                          1.815
xdut.vss__t33                      7.02656e-08
xdut.lo_128_n__t1                            0
xdut.\$99__t132                          1.815
xdut.\$100__t2                            3.63
xdut.sel_in__t42                             0
xdut.vss__t56                      8.45579e-09
xdut.\$102__t2                     1.27752e-08
xdut.rel_64_n__t2                         3.63
xdut.vss__t59                      1.27238e-09
xdut.\$104__t2                            3.63
xdut.hi_64_n__t2                             0
xdut.vss__t60                      8.02861e-09
xdut.\$106__t2                            3.63
xdut.lo_64_n__t2                             0
xdut.vss__t61                      7.81515e-09
xdut.vinn__t14                           1.815
xdut.sel_in__t33                             0
xdut.\$107__t71                          1.815
xdut.vcm__t36                            1.815
xdut.rel_64_n__t1                         3.63
xdut.\$107__t70                          1.815
xdut.vref__t25                            3.63
xdut.hi_64_n__t1                             0
xdut.\$107__t68                          1.815
xdut.vss__t26                      4.68886e-08
xdut.lo_64_n__t1                             0
xdut.\$107__t69                          1.815
xdut.\$108__t2                            3.63
xdut.sel_in__t47                             0
xdut.vss__t77                       4.9652e-09
xdut.\$110__t2                     1.22369e-08
xdut.rel_32_n__t2                         3.63
xdut.vss__t78                      7.34004e-10
xdut.\$112__t2                            3.63
xdut.hi_32_n__t2                             0
xdut.vss__t79                      4.54464e-09
xdut.\$114__t2                            3.63
xdut.lo_32_n__t2                             0
xdut.vss__t80                      4.33508e-09
xdut.vinn__t12                           1.815
xdut.sel_in__t27                             0
xdut.\$115__t39                          1.815
xdut.vcm__t29                            1.815
xdut.rel_32_n__t1                         3.63
xdut.\$115__t37                          1.815
xdut.vref__t24                            3.63
xdut.hi_32_n__t1                             0
xdut.\$115__t38                          1.815
xdut.vss__t20                      2.39945e-08
xdut.lo_32_n__t1                             0
xdut.\$115__t36                          1.815
xdut.\$116__t2                            3.63
xdut.sel_in__t44                             0
xdut.vss__t66                       1.6688e-09
xdut.\$118__t2                     1.17349e-08
xdut.rel_16_n__t2                         3.63
xdut.vss__t81                      2.32077e-10
xdut.\$120__t2                            3.63
xdut.hi_16_n__t2                             0
xdut.vss__t68                      1.35196e-09
xdut.\$122__t2                            3.63
xdut.lo_16_n__t2                             0
xdut.vss__t69                      1.21993e-09
xdut.vinn__t9                            1.815
xdut.sel_in__t20                             0
xdut.\$123__t22                          1.815
xdut.vcm__t23                            1.815
xdut.rel_16_n__t1                         3.63
xdut.\$123__t20                          1.815
xdut.vref__t18                            3.63
xdut.hi_16_n__t1                             0
xdut.\$123__t21                          1.815
xdut.vss__t27                      8.29762e-09
xdut.lo_16_n__t1                             0
xdut.\$123__t23                          1.815
xdut.\$124__t2                            3.63
xdut.sel_in__t48                             0
xdut.vss__t82                      2.42804e-09
xdut.\$126__t2                     1.19081e-08
xdut.rel_8_n__t2                          3.63
xdut.vss__t91                      4.05266e-10
xdut.\$128__t2                            3.63
xdut.hi_8_n__t2                              0
xdut.vss__t90                      2.82502e-09
xdut.\$130__t2                            3.63
xdut.lo_8_n__t2                              0
xdut.vss__t89                      3.02694e-09
xdut.vinn__t16                           1.815
xdut.sel_in__t35                             0
xdut.\$131__t15                          1.815
xdut.vcm__t39                            1.815
xdut.rel_8_n__t1                          3.63
xdut.\$131__t14                          1.815
xdut.vref__t35                            3.63
xdut.hi_8_n__t1                              0
xdut.\$131__t13                          1.815
xdut.vss__t36                      2.60362e-08
xdut.lo_8_n__t1                              0
xdut.\$131__t12                          1.815
xdut.\$132__t2                            3.63
xdut.sel_in__t41                             0
xdut.vss__t54                      5.82964e-09
xdut.\$134__t2                     1.24356e-08
xdut.rel_4_n__t2                          3.63
xdut.vss__t88                      9.32687e-10
xdut.\$136__t2                            3.63
xdut.hi_4_n__t2                              0
xdut.vss__t87                        6.254e-09
xdut.\$138__t2                            3.63
xdut.lo_4_n__t2                              0
xdut.vss__t86                      6.46648e-09
xdut.vinn__t10                           1.815
xdut.sel_in__t21                             0
xdut.\$139__t11                          1.815
xdut.vcm__t25                            1.815
xdut.rel_4_n__t1                          3.63
xdut.\$139__t10                          1.815
xdut.vref__t19                            3.63
xdut.hi_4_n__t1                              0
xdut.\$139__t9                           1.815
xdut.vss__t19                      4.90187e-08
xdut.lo_4_n__t1                              0
xdut.\$139__t8                           1.815
xdut.\$140__t2                            3.63
xdut.sel_in__t37                             0
xdut.vss__t37                      9.33021e-09
xdut.\$142__t2                     1.29762e-08
xdut.rel_2_n__t2                          3.63
xdut.vss__t53                      1.47338e-09
xdut.\$144__t2                            3.63
xdut.hi_2_n__t2                              0
xdut.vss__t40                      9.75823e-09
xdut.\$146__t2                            3.63
xdut.lo_2_n__t2                              0
xdut.vss__t39                      9.97232e-09
xdut.vinn__t11                           1.815
xdut.sel_in__t22                             0
xdut.\$147__t6                           1.815
xdut.vcm__t38                            1.815
xdut.rel_2_n__t1                          3.63
xdut.\$147__t9                           1.815
xdut.vref__t34                            3.63
xdut.hi_2_n__t1                              0
xdut.\$147__t8                           1.815
xdut.vss__t35                      7.24133e-08
xdut.lo_2_n__t1                              0
xdut.\$147__t7                           1.815
xdut.\$148__t2                            3.63
xdut.sel_in__t40                             0
xdut.vss__t49                      1.28491e-08
xdut.\$150__t2                     1.35196e-08
xdut.rel_1_n__t2                          3.63
xdut.vss__t50                       2.0167e-09
xdut.\$152__t2                            3.63
xdut.hi_1_n__t2                              0
xdut.vss__t51                      1.32783e-08
xdut.\$154__t2                            3.63
xdut.lo_1_n__t2                              0
xdut.vss__t52                      1.34929e-08
xdut.vinn__t15                           1.815
xdut.sel_in__t34                             0
xdut.\$155__t8                           1.815
xdut.vcm__t37                            1.815
xdut.rel_1_n__t1                          3.63
xdut.\$155__t7                           1.815
xdut.vref__t33                            3.63
xdut.hi_1_n__t1                              0
xdut.\$155__t6                           1.815
xdut.vss__t34                       9.5919e-08
xdut.lo_1_n__t1                              0
xdut.\$155__t5                           1.815
xdut.\$166__t2                            3.63
xdut.tp_gn__t4                               0
xdut.vss__t57                      1.71881e-08
xdut.vcm__t24                            1.815
xdut.tp_gn__t3                               0
xdut.topp__t513                        1.78156
xdut.\$167__t2                            3.63
xdut.tp_gn__t5                               0
xdut.vss__t58                      1.81514e-08
xdut.vcm__t22                            1.815
xdut.tp_gn__t2                               0
xdut.topn__t513                        2.11796
xdut.\$65__t1                             3.63
xdut.sel_in__t2                              0
xdut.vdd__t0                              3.63
xdut.\$27__t1                      1.72173e-08
xdut.rel_256_p__t0                        3.63
xdut.vdd__t61                             3.63
xdut.\$29__t1                             3.63
xdut.hi_256_p__t0                            0
xdut.vdd__t60                             3.63
xdut.\$9__t1                              3.63
xdut.lo_256_p__t0                            0
xdut.vdd__t70                             3.63
xdut.vinp__t1                       0.00443134
xdut.\$65__t2                             3.63
xdut.\$10__t1                            1.815
xdut.vcm__t21                            1.815
xdut.\$27__t0                      1.66228e-08
xdut.\$10__t260                          1.815
xdut.vref__t3                             3.63
xdut.\$29__t0                             3.63
xdut.\$10__t258                          1.815
xdut.vss__t5                       9.05375e-10
xdut.\$9__t0                              3.63
xdut.\$10__t259                          1.815
xdut.\$67__t1                             3.63
xdut.sel_in__t19                             0
xdut.vdd__t72                             3.63
xdut.\$31__t1                      1.66747e-08
xdut.rel_128_p__t0                        3.63
xdut.vdd__t71                             3.63
xdut.\$33__t1                             3.63
xdut.hi_128_p__t0                            0
xdut.vdd__t58                             3.63
xdut.\$11__t1                             3.63
xdut.lo_128_p__t0                            0
xdut.vdd__t59                             3.63
xdut.vinp__t6                       0.00443133
xdut.\$67__t0                             3.63
xdut.\$12__t131                          1.815
xdut.vcm__t6                             1.815
xdut.\$31__t0                      1.60803e-08
xdut.\$12__t130                          1.815
xdut.vref__t4                             3.63
xdut.\$33__t0                             3.63
xdut.\$12__t129                          1.815
xdut.vss__t2                       6.44695e-10
xdut.\$11__t0                             3.63
xdut.\$12__t128                          1.815
xdut.\$69__t1                             3.63
xdut.sel_in__t16                             0
xdut.vdd__t62                             3.63
xdut.\$35__t1                      1.61347e-08
xdut.rel_64_p__t0                         3.63
xdut.vdd__t53                             3.63
xdut.\$37__t1                             3.63
xdut.hi_64_p__t0                             0
xdut.vdd__t69                             3.63
xdut.\$13__t1                             3.63
xdut.lo_64_p__t0                             0
xdut.vdd__t3                              3.63
xdut.vinp__t9                       0.00443133
xdut.\$69__t0                             3.63
xdut.\$14__t67                           1.815
xdut.vcm__t18                            1.815
xdut.\$35__t0                      1.55402e-08
xdut.\$14__t66                           1.815
xdut.vref__t15                            3.63
xdut.\$37__t0                             3.63
xdut.\$14__t65                           1.815
xdut.vss__t4                       3.85144e-10
xdut.\$13__t0                             3.63
xdut.\$14__t64                           1.815
xdut.\$71__t1                             3.63
xdut.sel_in__t4                              0
xdut.vdd__t8                              3.63
xdut.\$39__t1                      1.56027e-08
xdut.rel_32_p__t0                         3.63
xdut.vdd__t10                             3.63
xdut.\$41__t1                             3.63
xdut.hi_32_p__t0                             0
xdut.vdd__t12                             3.63
xdut.\$15__t1                             3.63
xdut.lo_32_p__t0                             0
xdut.vdd__t13                             3.63
xdut.vinp__t3                       0.00443133
xdut.\$71__t0                             3.63
xdut.\$16__t32                           1.815
xdut.vcm__t13                            1.815
xdut.\$39__t0                      1.50083e-08
xdut.\$16__t33                           1.815
xdut.vref__t10                            3.63
xdut.\$41__t0                             3.63
xdut.\$16__t34                           1.815
xdut.vss__t12                      1.33485e-10
xdut.\$15__t0                             3.63
xdut.\$16__t35                           1.815
xdut.\$73__t1                             3.63
xdut.sel_in__t18                             0
xdut.vdd__t67                             3.63
xdut.\$43__t1                      1.51302e-08
xdut.rel_16_p__t0                         3.63
xdut.vdd__t68                             3.63
xdut.\$45__t1                             3.63
xdut.hi_16_p__t0                             0
xdut.vdd__t6                              3.63
xdut.\$17__t1                             3.63
xdut.lo_16_p__t0                             0
xdut.vdd__t7                              3.63
xdut.vinp__t7                       0.00443133
xdut.\$73__t0                             3.63
xdut.\$18__t19                           1.815
xdut.vcm__t4                             1.815
xdut.\$43__t0                      1.45357e-08
xdut.\$18__t16                           1.815
xdut.vref__t2                             3.63
xdut.\$45__t0                             3.63
xdut.\$18__t17                           1.815
xdut.vss__t6                       1.55172e-10
xdut.\$17__t0                             3.63
xdut.\$18__t18                           1.815
xdut.\$75__t1                             3.63
xdut.sel_in__t14                             0
xdut.vdd__t50                             3.63
xdut.\$47__t1                      1.52858e-08
xdut.rel_8_p__t0                          3.63
xdut.vdd__t51                             3.63
xdut.\$49__t1                             3.63
xdut.hi_8_p__t0                              0
xdut.vdd__t43                             3.63
xdut.\$19__t1                             3.63
xdut.lo_8_p__t0                              0
xdut.vdd__t19                             3.63
xdut.vinp__t4                       0.00443133
xdut.\$75__t0                             3.63
xdut.\$20__t8                            1.815
xdut.vcm__t12                            1.815
xdut.\$47__t0                      1.46914e-08
xdut.\$20__t9                            1.815
xdut.vref__t9                             3.63
xdut.\$49__t0                             3.63
xdut.\$20__t10                           1.815
xdut.vss__t11                      4.08798e-10
xdut.\$19__t0                             3.63
xdut.\$20__t11                           1.815
xdut.\$77__t1                             3.63
xdut.sel_in__t11                             0
xdut.vdd__t38                             3.63
xdut.\$51__t1                      1.57982e-08
xdut.rel_4_p__t0                          3.63
xdut.vdd__t39                             3.63
xdut.\$53__t1                             3.63
xdut.hi_4_p__t0                              0
xdut.vdd__t40                             3.63
xdut.\$21__t1                             3.63
xdut.lo_4_p__t0                              0
xdut.vdd__t41                             3.63
xdut.vinp__t2                       0.00443133
xdut.\$77__t0                             3.63
xdut.\$22__t4                            1.815
xdut.vcm__t5                             1.815
xdut.\$51__t0                      1.52037e-08
xdut.\$22__t5                            1.815
xdut.vref__t1                             3.63
xdut.\$53__t0                             3.63
xdut.\$22__t6                            1.815
xdut.vss__t1                       6.68529e-10
xdut.\$21__t0                             3.63
xdut.\$22__t7                            1.815
xdut.\$79__t1                             3.63
xdut.sel_in__t10                             0
xdut.vdd__t35                             3.63
xdut.\$55__t1                      1.63345e-08
xdut.rel_2_p__t0                          3.63
xdut.vdd__t31                             3.63
xdut.\$57__t1                             3.63
xdut.hi_2_p__t0                              0
xdut.vdd__t32                             3.63
xdut.\$23__t1                             3.63
xdut.lo_2_p__t0                              0
xdut.vdd__t33                             3.63
xdut.vinp__t8                       0.00443133
xdut.\$79__t0                             3.63
xdut.\$24__t2                            1.815
xdut.vcm__t14                            1.815
xdut.\$55__t0                        1.574e-08
xdut.\$24__t3                            1.815
xdut.vref__t11                            3.63
xdut.\$57__t0                             3.63
xdut.\$24__t4                            1.815
xdut.vss__t13                       9.2926e-10
xdut.\$23__t0                             3.63
xdut.\$24__t5                            1.815
xdut.\$81__t1                             3.63
xdut.sel_in__t9                              0
xdut.vdd__t34                             3.63
xdut.\$59__t1                      1.68757e-08
xdut.rel_1_p__t0                          3.63
xdut.vdd__t54                             3.63
xdut.\$61__t1                             3.63
xdut.hi_1_p__t0                              0
xdut.vdd__t20                             3.63
xdut.\$25__t1                             3.63
xdut.lo_1_p__t0                              0
xdut.vdd__t21                             3.63
xdut.vinp__t5                       0.00443134
xdut.\$81__t0                             3.63
xdut.\$26__t1                            1.815
xdut.vcm__t7                             1.815
xdut.\$59__t0                      1.62813e-08
xdut.\$26__t2                            1.815
xdut.vref__t12                            3.63
xdut.\$61__t0                             3.63
xdut.\$26__t3                            1.815
xdut.vss__t16                      1.19033e-09
xdut.\$25__t0                             3.63
xdut.\$26__t4                            1.815
xdut.\$83__t1                             3.63
xdut.sel_in__t17                             0
xdut.vdd__t66                             3.63
xdut.\$85__t1                      1.72125e-08
xdut.rel_256_n__t0                        3.63
xdut.vdd__t65                             3.63
xdut.\$87__t1                             3.63
xdut.hi_256_n__t0                            0
xdut.vdd__t64                             3.63
xdut.\$89__t1                             3.63
xdut.lo_256_n__t0                            0
xdut.vdd__t63                             3.63
xdut.vinn__t7                            1.815
xdut.\$83__t0                             3.63
xdut.\$90__t256                          1.815
xdut.vcm__t19                            1.815
xdut.\$85__t0                       1.6618e-08
xdut.\$90__t257                          1.815
xdut.vref__t16                            3.63
xdut.\$87__t0                             3.63
xdut.\$90__t258                          1.815
xdut.vss__t17                      9.11009e-10
xdut.\$89__t0                             3.63
xdut.\$90__t259                          1.815
xdut.\$92__t1                             3.63
xdut.sel_in__t15                             0
xdut.vdd__t57                             3.63
xdut.\$94__t1                      1.66684e-08
xdut.rel_128_n__t0                        3.63
xdut.vdd__t56                             3.63
xdut.\$96__t1                             3.63
xdut.hi_128_n__t0                            0
xdut.vdd__t55                             3.63
xdut.\$98__t1                             3.63
xdut.lo_128_n__t0                            0
xdut.vdd__t73                             3.63
xdut.vinn__t8                            1.815
xdut.\$92__t0                             3.63
xdut.\$99__t128                          1.815
xdut.vcm__t20                            1.815
xdut.\$94__t0                       1.6074e-08
xdut.\$99__t129                          1.815
xdut.vref__t17                            3.63
xdut.\$96__t0                             3.63
xdut.\$99__t130                          1.815
xdut.vss__t18                      6.52583e-10
xdut.\$98__t0                             3.63
xdut.\$99__t131                          1.815
xdut.\$100__t1                            3.63
xdut.sel_in__t7                              0
xdut.vdd__t26                             3.63
xdut.\$102__t1                     1.61258e-08
xdut.rel_64_n__t0                         3.63
xdut.vdd__t5                              3.63
xdut.\$104__t1                            3.63
xdut.hi_64_n__t0                             0
xdut.vdd__t11                             3.63
xdut.\$106__t1                            3.63
xdut.lo_64_n__t0                             0
xdut.vdd__t14                             3.63
xdut.vinn__t6                            1.815
xdut.\$100__t0                            3.63
xdut.\$107__t67                          1.815
xdut.vcm__t16                            1.815
xdut.\$102__t0                     1.55313e-08
xdut.\$107__t66                          1.815
xdut.vref__t14                            3.63
xdut.\$104__t0                            3.63
xdut.\$107__t65                          1.815
xdut.vss__t15                      3.98208e-10
xdut.\$106__t0                            3.63
xdut.\$107__t64                          1.815
xdut.\$108__t1                            3.63
xdut.sel_in__t3                              0
xdut.vdd__t1                              3.63
xdut.\$110__t1                     1.55874e-08
xdut.rel_32_n__t0                         3.63
xdut.vdd__t4                              3.63
xdut.\$112__t1                            3.63
xdut.hi_32_n__t0                             0
xdut.vdd__t2                              3.63
xdut.\$114__t1                            3.63
xdut.lo_32_n__t0                             0
xdut.vdd__t18                             3.63
xdut.vinn__t5                            1.815
xdut.\$108__t0                            3.63
xdut.\$115__t35                          1.815
xdut.vcm__t15                            1.815
xdut.\$110__t0                      1.4993e-08
xdut.\$115__t34                          1.815
xdut.vref__t13                            3.63
xdut.\$112__t0                            3.63
xdut.\$115__t33                          1.815
xdut.vss__t14                      1.67487e-10
xdut.\$114__t0                            3.63
xdut.\$115__t32                          1.815
xdut.\$116__t1                            3.63
xdut.sel_in__t5                              0
xdut.vdd__t17                             3.63
xdut.\$118__t1                     1.50855e-08
xdut.rel_16_n__t0                         3.63
xdut.vdd__t16                             3.63
xdut.\$120__t1                            3.63
xdut.hi_16_n__t0                             0
xdut.vdd__t15                             3.63
xdut.\$122__t1                            3.63
xdut.lo_16_n__t0                             0
xdut.vdd__t9                              3.63
xdut.vinn__t4                            1.815
xdut.\$116__t0                            3.63
xdut.\$123__t18                          1.815
xdut.vcm__t17                            1.815
xdut.\$118__t0                      1.4491e-08
xdut.\$123__t19                          1.815
xdut.vref__t0                             3.63
xdut.\$120__t0                            3.63
xdut.\$123__t16                          1.815
xdut.vss__t9                       1.85235e-10
xdut.\$122__t0                            3.63
xdut.\$123__t17                          1.815
xdut.\$124__t1                            3.63
xdut.sel_in__t12                             0
xdut.vdd__t42                             3.63
xdut.\$126__t1                     1.52587e-08
xdut.rel_8_n__t0                          3.63
xdut.vdd__t52                             3.63
xdut.\$128__t1                            3.63
xdut.hi_8_n__t0                              0
xdut.vdd__t44                             3.63
xdut.\$130__t1                            3.63
xdut.lo_8_n__t0                              0
xdut.vdd__t45                             3.63
xdut.vinn__t2                            1.815
xdut.\$124__t0                            3.63
xdut.\$131__t11                          1.815
xdut.vcm__t11                            1.815
xdut.\$126__t0                     1.46642e-08
xdut.\$131__t10                          1.815
xdut.vref__t8                             3.63
xdut.\$128__t0                            3.63
xdut.\$131__t9                           1.815
xdut.vss__t3                       4.21129e-10
xdut.\$130__t0                            3.63
xdut.\$131__t8                           1.815
xdut.\$132__t1                            3.63
xdut.sel_in__t13                             0
xdut.vdd__t46                             3.63
xdut.\$134__t1                     1.57861e-08
xdut.rel_4_n__t0                          3.63
xdut.vdd__t47                             3.63
xdut.\$136__t1                            3.63
xdut.hi_4_n__t0                              0
xdut.vdd__t48                             3.63
xdut.\$138__t1                            3.63
xdut.lo_4_n__t0                              0
xdut.vdd__t49                             3.63
xdut.vinn__t0                            1.815
xdut.\$132__t0                            3.63
xdut.\$139__t4                           1.815
xdut.vcm__t8                             1.815
xdut.\$134__t0                     1.51916e-08
xdut.\$139__t5                           1.815
xdut.vref__t5                             3.63
xdut.\$136__t0                            3.63
xdut.\$139__t6                           1.815
xdut.vss__t7                        6.7614e-10
xdut.\$138__t0                            3.63
xdut.\$139__t7                           1.815
xdut.\$140__t1                            3.63
xdut.sel_in__t6                              0
xdut.vdd__t22                             3.63
xdut.\$142__t1                     1.63268e-08
xdut.rel_2_n__t0                          3.63
xdut.vdd__t23                             3.63
xdut.\$144__t1                            3.63
xdut.hi_2_n__t0                              0
xdut.vdd__t24                             3.63
xdut.\$146__t1                            3.63
xdut.lo_2_n__t0                              0
xdut.vdd__t25                             3.63
xdut.vinn__t1                            1.815
xdut.\$140__t0                            3.63
xdut.\$147__t2                           1.815
xdut.vcm__t9                             1.815
xdut.\$142__t0                     1.57323e-08
xdut.\$147__t3                           1.815
xdut.vref__t6                             3.63
xdut.\$144__t0                            3.63
xdut.\$147__t4                           1.815
xdut.vss__t8                        9.3475e-10
xdut.\$146__t0                            3.63
xdut.\$147__t5                           1.815
xdut.\$148__t1                            3.63
xdut.sel_in__t8                              0
xdut.vdd__t27                             3.63
xdut.\$150__t1                     1.68701e-08
xdut.rel_1_n__t0                          3.63
xdut.vdd__t28                             3.63
xdut.\$152__t1                            3.63
xdut.hi_1_n__t0                              0
xdut.vdd__t29                             3.63
xdut.\$154__t1                            3.63
xdut.lo_1_n__t0                              0
xdut.vdd__t30                             3.63
xdut.vinn__t3                            1.815
xdut.\$148__t0                            3.63
xdut.\$155__t4                           1.815
xdut.vcm__t10                            1.815
xdut.\$150__t0                     1.62756e-08
xdut.\$155__t1                           1.815
xdut.vref__t7                             3.63
xdut.\$152__t0                            3.63
xdut.\$155__t2                           1.815
xdut.vss__t10                      1.19463e-09
xdut.\$154__t0                            3.63
xdut.\$155__t3                           1.815
xdut.\$166__t1                            3.63
xdut.tp_gn__t0                               0
xdut.vdd__t36                             3.63
xdut.vcm__t3                             1.815
xdut.\$166__t0                            3.63
xdut.topp__t512                        1.78156
xdut.\$167__t1                            3.63
xdut.tp_gn__t1                               0
xdut.vdd__t37                             3.63
xdut.vcm__t2                             1.815
xdut.\$167__t0                            3.63
xdut.topn__t512                        2.11796
xdut.\$10__t248                          1.815
xdut.topp__t0                          1.78156
xdut.\$24__t1                            1.815
xdut.topp__t494                        1.78156
xdut.\$10__t247                          1.815
xdut.topp__t493                        1.78156
xdut.\$22__t3                            1.815
xdut.topp__t492                        1.78156
xdut.\$10__t246                          1.815
xdut.topp__t491                        1.78156
xdut.\$20__t7                            1.815
xdut.topp__t490                        1.78156
xdut.\$10__t245                          1.815
xdut.topp__t489                        1.78156
xdut.\$20__t6                            1.815
xdut.topp__t488                        1.78156
xdut.\$10__t244                          1.815
xdut.topp__t487                        1.78156
xdut.\$18__t15                           1.815
xdut.topp__t486                        1.78156
xdut.\$10__t243                          1.815
xdut.topp__t485                        1.78156
xdut.\$18__t14                           1.815
xdut.topp__t484                        1.78156
xdut.\$10__t242                          1.815
xdut.topp__t483                        1.78156
xdut.\$18__t13                           1.815
xdut.topp__t482                        1.78156
xdut.\$10__t249                          1.815
xdut.topp__t496                        1.78156
xdut.\$18__t12                           1.815
xdut.topp__t450                        1.78156
xdut.\$10__t257                          1.815
xdut.topp__t511                        1.78156
xdut.\$16__t30                           1.815
xdut.topp__t495                        1.78156
xdut.\$10__t198                          1.815
xdut.topp__t392                        1.78156
xdut.\$16__t27                           1.815
xdut.topp__t476                        1.78156
xdut.\$10__t233                          1.815
xdut.topp__t462                        1.78156
xdut.\$16__t25                           1.815
xdut.topp__t461                        1.78156
xdut.\$10__t232                          1.815
xdut.topp__t460                        1.78156
xdut.\$16__t24                           1.815
xdut.topp__t459                        1.78156
xdut.\$10__t231                          1.815
xdut.topp__t458                        1.78156
xdut.\$16__t26                           1.815
xdut.topp__t471                        1.78156
xdut.\$10__t256                          1.815
xdut.topp__t510                        1.78156
xdut.\$16__t31                           1.815
xdut.topp__t497                        1.78156
xdut.\$10__t241                          1.815
xdut.topp__t480                        1.78156
xdut.\$16__t29                           1.815
xdut.topp__t479                        1.78156
xdut.\$10__t240                          1.815
xdut.topp__t478                        1.78156
xdut.\$16__t28                           1.815
xdut.topp__t477                        1.78156
xdut.\$90__t252                          1.815
xdut.topn__t506                        2.11796
xdut.\$147__t1                           1.815
xdut.topn__t505                        2.11796
xdut.\$90__t173                          1.815
xdut.topn__t346                        2.11796
xdut.\$139__t3                           1.815
xdut.topn__t345                        2.11796
xdut.\$90__t172                          1.815
xdut.topn__t344                        2.11796
xdut.\$131__t7                           1.815
xdut.topn__t343                        2.11796
xdut.\$90__t171                          1.815
xdut.topn__t342                        2.11796
xdut.\$131__t6                           1.815
xdut.topn__t341                        2.11796
xdut.\$90__t170                          1.815
xdut.topn__t340                        2.11796
xdut.\$123__t9                           1.815
xdut.topn__t339                        2.11796
xdut.\$90__t169                          1.815
xdut.topn__t338                        2.11796
xdut.\$123__t12                          1.815
xdut.topn__t385                        2.11796
xdut.\$90__t199                          1.815
xdut.topn__t400                        2.11796
xdut.\$123__t7                           1.815
xdut.topn__t211                        2.11796
xdut.\$90__t176                          1.815
xdut.topn__t352                        2.11796
xdut.\$123__t10                          1.815
xdut.topn__t351                        2.11796
xdut.\$90__t175                          1.815
xdut.topn__t350                        2.11796
xdut.\$115__t22                          1.815
xdut.topn__t349                        2.11796
xdut.\$90__t174                          1.815
xdut.topn__t348                        2.11796
xdut.\$115__t21                          1.815
xdut.topn__t347                        2.11796
xdut.\$90__t137                          1.815
xdut.topn__t277                        2.11796
xdut.\$115__t15                          1.815
xdut.topn__t214                        2.11796
xdut.\$90__t113                          1.815
xdut.topn__t230                        2.11796
xdut.\$115__t19                          1.815
xdut.topn__t229                        2.11796
xdut.\$90__t112                          1.815
xdut.topn__t228                        2.11796
xdut.\$115__t18                          1.815
xdut.topn__t227                        2.11796
xdut.\$90__t111                          1.815
xdut.topn__t226                        2.11796
xdut.\$115__t20                          1.815
xdut.topn__t241                        2.11796
xdut.\$90__t109                          1.815
xdut.topn__t224                        2.11796
xdut.\$115__t17                          1.815
xdut.topn__t218                        2.11796
xdut.\$90__t105                          1.815
xdut.topn__t216                        2.11796
xdut.\$115__t16                          1.815
xdut.topn__t215                        2.11796
xdut.\$10__t229                          1.815
xdut.topp__t456                        1.78156
xdut.\$14__t50                           1.815
xdut.topp__t455                        1.78156
xdut.\$10__t228                          1.815
xdut.topp__t454                        1.78156
xdut.\$14__t49                           1.815
xdut.topp__t453                        1.78156
xdut.\$10__t227                          1.815
xdut.topp__t452                        1.78156
xdut.\$14__t48                           1.815
xdut.topp__t451                        1.78156
xdut.\$10__t250                          1.815
xdut.topp__t498                        1.78156
xdut.\$14__t58                           1.815
xdut.topp__t499                        1.78156
xdut.\$10__t251                          1.815
xdut.topp__t500                        1.78156
xdut.\$14__t59                           1.815
xdut.topp__t501                        1.78156
xdut.\$10__t252                          1.815
xdut.topp__t502                        1.78156
xdut.\$14__t60                           1.815
xdut.topp__t503                        1.78156
xdut.\$10__t253                          1.815
xdut.topp__t504                        1.78156
xdut.\$14__t61                           1.815
xdut.topp__t505                        1.78156
xdut.\$10__t254                          1.815
xdut.topp__t506                        1.78156
xdut.\$14__t62                           1.815
xdut.topp__t507                        1.78156
xdut.\$10__t255                          1.815
xdut.topp__t508                        1.78156
xdut.\$14__t63                           1.815
xdut.topp__t509                        1.78156
xdut.\$10__t197                          1.815
xdut.topp__t391                        1.78156
xdut.\$14__t56                           1.815
xdut.topp__t475                        1.78156
xdut.\$10__t239                          1.815
xdut.topp__t474                        1.78156
xdut.\$14__t55                           1.815
xdut.topp__t473                        1.78156
xdut.\$10__t238                          1.815
xdut.topp__t472                        1.78156
xdut.\$14__t57                           1.815
xdut.topp__t481                        1.78156
xdut.\$10__t237                          1.815
xdut.topp__t470                        1.78156
xdut.\$14__t54                           1.815
xdut.topp__t469                        1.78156
xdut.\$10__t236                          1.815
xdut.topp__t468                        1.78156
xdut.\$14__t53                           1.815
xdut.topp__t467                        1.78156
xdut.\$10__t235                          1.815
xdut.topp__t466                        1.78156
xdut.\$14__t52                           1.815
xdut.topp__t465                        1.78156
xdut.\$10__t234                          1.815
xdut.topp__t464                        1.78156
xdut.\$14__t51                           1.815
xdut.topp__t463                        1.78156
xdut.\$90__t251                          1.815
xdut.topn__t504                        2.11796
xdut.\$107__t63                          1.815
xdut.topn__t503                        2.11796
xdut.\$90__t103                          1.815
xdut.topn__t210                        2.11796
xdut.\$107__t31                          1.815
xdut.topn__t321                        2.11796
xdut.\$90__t184                          1.815
xdut.topn__t368                        2.11796
xdut.\$107__t38                          1.815
xdut.topn__t367                        2.11796
xdut.\$90__t183                          1.815
xdut.topn__t366                        2.11796
xdut.\$107__t37                          1.815
xdut.topn__t365                        2.11796
xdut.\$90__t182                          1.815
xdut.topn__t364                        2.11796
xdut.\$107__t36                          1.815
xdut.topn__t363                        2.11796
xdut.\$90__t181                          1.815
xdut.topn__t362                        2.11796
xdut.\$107__t35                          1.815
xdut.topn__t361                        2.11796
xdut.\$90__t180                          1.815
xdut.topn__t360                        2.11796
xdut.\$107__t34                          1.815
xdut.topn__t359                        2.11796
xdut.\$90__t179                          1.815
xdut.topn__t358                        2.11796
xdut.\$107__t33                          1.815
xdut.topn__t357                        2.11796
xdut.\$90__t178                          1.815
xdut.topn__t356                        2.11796
xdut.\$107__t32                          1.815
xdut.topn__t355                        2.11796
xdut.\$90__t177                          1.815
xdut.topn__t354                        2.11796
xdut.\$107__t39                          1.815
xdut.topn__t369                        2.11796
xdut.\$90__t136                          1.815
xdut.topn__t276                        2.11796
xdut.\$107__t17                          1.815
xdut.topn__t213                        2.11796
xdut.\$90__t104                          1.815
xdut.topn__t212                        2.11796
xdut.\$107__t25                          1.815
xdut.topn__t239                        2.11796
xdut.\$90__t117                          1.815
xdut.topn__t238                        2.11796
xdut.\$107__t24                          1.815
xdut.topn__t237                        2.11796
xdut.\$90__t116                          1.815
xdut.topn__t236                        2.11796
xdut.\$107__t23                          1.815
xdut.topn__t235                        2.11796
xdut.\$90__t115                          1.815
xdut.topn__t234                        2.11796
xdut.\$107__t22                          1.815
xdut.topn__t233                        2.11796
xdut.\$90__t114                          1.815
xdut.topn__t232                        2.11796
xdut.\$107__t21                          1.815
xdut.topn__t231                        2.11796
xdut.\$10__t168                          1.815
xdut.topp__t335                        1.78156
xdut.\$12__t91                           1.815
xdut.topp__t336                        1.78156
xdut.\$10__t169                          1.815
xdut.topp__t337                        1.78156
xdut.\$12__t92                           1.815
xdut.topp__t338                        1.78156
xdut.\$10__t170                          1.815
xdut.topp__t339                        1.78156
xdut.\$12__t93                           1.815
xdut.topp__t340                        1.78156
xdut.\$10__t171                          1.815
xdut.topp__t341                        1.78156
xdut.\$12__t94                           1.815
xdut.topp__t342                        1.78156
xdut.\$10__t172                          1.815
xdut.topp__t343                        1.78156
xdut.\$12__t95                           1.815
xdut.topp__t344                        1.78156
xdut.\$10__t173                          1.815
xdut.topp__t345                        1.78156
xdut.\$12__t96                           1.815
xdut.topp__t346                        1.78156
xdut.\$10__t174                          1.815
xdut.topp__t347                        1.78156
xdut.\$12__t97                           1.815
xdut.topp__t348                        1.78156
xdut.\$10__t175                          1.815
xdut.topp__t349                        1.78156
xdut.\$12__t106                          1.815
xdut.topp__t366                        1.78156
xdut.\$10__t176                          1.815
xdut.topp__t351                        1.78156
xdut.\$12__t99                           1.815
xdut.topp__t352                        1.78156
xdut.\$10__t177                          1.815
xdut.topp__t353                        1.78156
xdut.\$12__t100                          1.815
xdut.topp__t354                        1.78156
xdut.\$10__t178                          1.815
xdut.topp__t355                        1.78156
xdut.\$12__t101                          1.815
xdut.topp__t356                        1.78156
xdut.\$10__t179                          1.815
xdut.topp__t357                        1.78156
xdut.\$12__t102                          1.815
xdut.topp__t358                        1.78156
xdut.\$10__t180                          1.815
xdut.topp__t359                        1.78156
xdut.\$12__t103                          1.815
xdut.topp__t360                        1.78156
xdut.\$10__t181                          1.815
xdut.topp__t361                        1.78156
xdut.\$12__t104                          1.815
xdut.topp__t362                        1.78156
xdut.\$10__t182                          1.815
xdut.topp__t363                        1.78156
xdut.\$12__t105                          1.815
xdut.topp__t364                        1.78156
xdut.\$10__t183                          1.815
xdut.topp__t365                        1.78156
xdut.\$12__t98                           1.815
xdut.topp__t350                        1.78156
xdut.\$90__t153                          1.815
xdut.topn__t306                        2.11796
xdut.\$99__t81                           1.815
xdut.topn__t307                        2.11796
xdut.\$90__t154                          1.815
xdut.topn__t308                        2.11796
xdut.\$99__t82                           1.815
xdut.topn__t309                        2.11796
xdut.\$90__t155                          1.815
xdut.topn__t310                        2.11796
xdut.\$99__t83                           1.815
xdut.topn__t311                        2.11796
xdut.\$90__t156                          1.815
xdut.topn__t312                        2.11796
xdut.\$99__t84                           1.815
xdut.topn__t313                        2.11796
xdut.\$90__t157                          1.815
xdut.topn__t314                        2.11796
xdut.\$99__t85                           1.815
xdut.topn__t315                        2.11796
xdut.\$90__t158                          1.815
xdut.topn__t316                        2.11796
xdut.\$99__t86                           1.815
xdut.topn__t317                        2.11796
xdut.\$90__t159                          1.815
xdut.topn__t318                        2.11796
xdut.\$99__t87                           1.815
xdut.topn__t319                        2.11796
xdut.\$90__t160                          1.815
xdut.topn__t320                        2.11796
xdut.\$99__t95                           1.815
xdut.topn__t337                        2.11796
xdut.\$90__t161                          1.815
xdut.topn__t322                        2.11796
xdut.\$99__t88                           1.815
xdut.topn__t323                        2.11796
xdut.\$90__t162                          1.815
xdut.topn__t324                        2.11796
xdut.\$99__t89                           1.815
xdut.topn__t325                        2.11796
xdut.\$90__t163                          1.815
xdut.topn__t326                        2.11796
xdut.\$99__t90                           1.815
xdut.topn__t327                        2.11796
xdut.\$90__t164                          1.815
xdut.topn__t328                        2.11796
xdut.\$99__t91                           1.815
xdut.topn__t329                        2.11796
xdut.\$90__t165                          1.815
xdut.topn__t330                        2.11796
xdut.\$99__t92                           1.815
xdut.topn__t331                        2.11796
xdut.\$90__t166                          1.815
xdut.topn__t332                        2.11796
xdut.\$99__t93                           1.815
xdut.topn__t333                        2.11796
xdut.\$90__t167                          1.815
xdut.topn__t334                        2.11796
xdut.\$99__t94                           1.815
xdut.topn__t335                        2.11796
xdut.\$90__t168                          1.815
xdut.topn__t336                        2.11796
xdut.\$99__t96                           1.815
xdut.topn__t353                        2.11796
xdut.\$10__t66                           1.815
xdut.topp__t129                        1.78156
xdut.\$12__t34                           1.815
xdut.topp__t128                        1.78156
xdut.\$10__t67                           1.815
xdut.topp__t131                        1.78156
xdut.\$12__t35                           1.815
xdut.topp__t130                        1.78156
xdut.\$10__t65                           1.815
xdut.topp__t127                        1.78156
xdut.\$12__t33                           1.815
xdut.topp__t126                        1.78156
xdut.\$10__t92                           1.815
xdut.topp__t182                        1.78156
xdut.\$12__t36                           1.815
xdut.topp__t133                        1.78156
xdut.\$10__t68                           1.815
xdut.topp__t132                        1.78156
xdut.\$12__t53                           1.815
xdut.topp__t190                        1.78156
xdut.\$10__t87                           1.815
xdut.topp__t170                        1.78156
xdut.\$12__t42                           1.815
xdut.topp__t164                        1.78156
xdut.\$10__t81                           1.815
xdut.topp__t158                        1.78156
xdut.\$12__t46                           1.815
xdut.topp__t171                        1.78156
xdut.\$10__t84                           1.815
xdut.topp__t163                        1.78156
xdut.\$12__t41                           1.815
xdut.topp__t162                        1.78156
xdut.\$10__t83                           1.815
xdut.topp__t161                        1.78156
xdut.\$12__t40                           1.815
xdut.topp__t160                        1.78156
xdut.\$10__t136                          1.815
xdut.topp__t273                        1.78156
xdut.\$12__t117                          1.815
xdut.topp__t414                        1.78156
xdut.\$10__t199                          1.815
xdut.topp__t394                        1.78156
xdut.\$12__t112                          1.815
xdut.topp__t393                        1.78156
xdut.\$10__t218                          1.815
xdut.topp__t433                        1.78156
xdut.\$12__t126                          1.815
xdut.topp__t445                        1.78156
xdut.\$10__t223                          1.815
xdut.topp__t444                        1.78156
xdut.\$12__t125                          1.815
xdut.topp__t443                        1.78156
xdut.\$10__t194                          1.815
xdut.topp__t386                        1.78156
xdut.\$12__t109                          1.815
xdut.topp__t385                        1.78156
xdut.\$10__t193                          1.815
xdut.topp__t384                        1.78156
xdut.\$12__t108                          1.815
xdut.topp__t383                        1.78156
xdut.\$10__t192                          1.815
xdut.topp__t382                        1.78156
xdut.\$12__t107                          1.815
xdut.topp__t381                        1.78156
xdut.\$90__t202                          1.815
xdut.topn__t406                        2.11796
xdut.\$99__t99                           1.815
xdut.topn__t405                        2.11796
xdut.\$90__t56                           1.815
xdut.topn__t115                        2.11796
xdut.\$99__t29                           1.815
xdut.topn__t87                         2.11796
xdut.\$90__t58                           1.815
xdut.topn__t118                        2.11796
xdut.\$99__t14                           1.815
xdut.topn__t34                         2.11796
xdut.\$90__t51                           1.815
xdut.topn__t106                        2.11796
xdut.\$99__t35                           1.815
xdut.topn__t116                        2.11796
xdut.\$90__t50                           1.815
xdut.topn__t104                        2.11796
xdut.\$99__t36                           1.815
xdut.topn__t135                        2.11796
xdut.\$90__t57                           1.815
xdut.topn__t117                        2.11796
xdut.\$99__t112                          1.815
xdut.topn__t433                        2.11796
xdut.\$90__t11                           1.815
xdut.topn__t23                         2.11796
xdut.\$99__t8                            1.815
xdut.topn__t22                         2.11796
xdut.\$90__t10                           1.815
xdut.topn__t21                         2.11796
xdut.\$99__t10                           1.815
xdut.topn__t27                         2.11796
xdut.\$90__t13                           1.815
xdut.topn__t26                         2.11796
xdut.\$99__t9                            1.815
xdut.topn__t25                         2.11796
xdut.\$90__t12                           1.815
xdut.topn__t24                         2.11796
xdut.\$99__t17                           1.815
xdut.topn__t39                         2.11796
xdut.\$90__t185                          1.815
xdut.topn__t370                        2.11796
xdut.\$99__t19                           1.815
xdut.topn__t43                         2.11796
xdut.\$90__t20                           1.815
xdut.topn__t42                         2.11796
xdut.\$99__t18                           1.815
xdut.topn__t41                         2.11796
xdut.\$90__t19                           1.815
xdut.topn__t40                         2.11796
xdut.\$99__t37                           1.815
xdut.topn__t136                        2.11796
xdut.\$90__t84                           1.815
xdut.topn__t170                        2.11796
xdut.\$99__t43                           1.815
xdut.topn__t169                        2.11796
xdut.\$90__t83                           1.815
xdut.topn__t168                        2.11796
xdut.\$99__t22                           1.815
xdut.topn__t57                         2.11796
xdut.\$90__t26                           1.815
xdut.topn__t56                         2.11796
xdut.\$99__t20                           1.815
xdut.topn__t44                         2.11796
xdut.\$12__t0                            1.815
xdut.topp__t181                        1.78156
xdut.\$10__t91                           1.815
xdut.topp__t180                        1.78156
xdut.\$12__t51                           1.815
xdut.topp__t179                        1.78156
xdut.\$10__t90                           1.815
xdut.topp__t178                        1.78156
xdut.\$12__t50                           1.815
xdut.topp__t177                        1.78156
xdut.\$10__t89                           1.815
xdut.topp__t176                        1.78156
xdut.\$12__t49                           1.815
xdut.topp__t175                        1.78156
xdut.\$10__t88                           1.815
xdut.topp__t174                        1.78156
xdut.\$12__t48                           1.815
xdut.topp__t173                        1.78156
xdut.\$10__t94                           1.815
xdut.topp__t186                        1.78156
xdut.\$12__t39                           1.815
xdut.topp__t157                        1.78156
xdut.\$10__t80                           1.815
xdut.topp__t156                        1.78156
xdut.\$12__t38                           1.815
xdut.topp__t155                        1.78156
xdut.\$10__t79                           1.815
xdut.topp__t154                        1.78156
xdut.\$12__t43                           1.815
xdut.topp__t165                        1.78156
xdut.\$10__t82                           1.815
xdut.topp__t159                        1.78156
xdut.\$12__t52                           1.815
xdut.topp__t183                        1.78156
xdut.\$10__t85                           1.815
xdut.topp__t166                        1.78156
xdut.\$12__t90                           1.815
xdut.topp__t308                        1.78156
xdut.\$10__t208                          1.815
xdut.topp__t415                        1.78156
xdut.\$12__t124                          1.815
xdut.topp__t442                        1.78156
xdut.\$10__t222                          1.815
xdut.topp__t441                        1.78156
xdut.\$12__t123                          1.815
xdut.topp__t440                        1.78156
xdut.\$10__t191                          1.815
xdut.topp__t380                        1.78156
xdut.\$12__t111                          1.815
xdut.topp__t390                        1.78156
xdut.\$10__t190                          1.815
xdut.topp__t379                        1.78156
xdut.\$12__t122                          1.815
xdut.topp__t426                        1.78156
xdut.\$10__t214                          1.815
xdut.topp__t425                        1.78156
xdut.\$12__t121                          1.815
xdut.topp__t424                        1.78156
xdut.\$10__t213                          1.815
xdut.topp__t423                        1.78156
xdut.\$12__t120                          1.815
xdut.topp__t422                        1.78156
xdut.\$10__t212                          1.815
xdut.topp__t421                        1.78156
xdut.\$99__t113                          1.815
xdut.topn__t444                        2.11796
xdut.\$90__t203                          1.815
xdut.topn__t407                        2.11796
xdut.\$99__t34                           1.815
xdut.topn__t114                        2.11796
xdut.\$90__t55                           1.815
xdut.topn__t113                        2.11796
xdut.\$99__t33                           1.815
xdut.topn__t112                        2.11796
xdut.\$90__t54                           1.815
xdut.topn__t111                        2.11796
xdut.\$99__t32                           1.815
xdut.topn__t110                        2.11796
xdut.\$90__t53                           1.815
xdut.topn__t109                        2.11796
xdut.\$99__t31                           1.815
xdut.topn__t108                        2.11796
xdut.\$90__t52                           1.815
xdut.topn__t107                        2.11796
xdut.\$99__t30                           1.815
xdut.topn__t105                        2.11796
xdut.\$90__t217                          1.815
xdut.topn__t434                        2.11796
xdut.\$99__t7                            1.815
xdut.topn__t20                         2.11796
xdut.\$90__t9                            1.815
xdut.topn__t19                         2.11796
xdut.\$99__t6                            1.815
xdut.topn__t18                         2.11796
xdut.\$90__t4                            1.815
xdut.topn__t9                          2.11796
xdut.\$99__t21                           1.815
xdut.topn__t55                         2.11796
xdut.\$90__t33                           1.815
xdut.topn__t70                         2.11796
xdut.\$99__t28                           1.815
xdut.topn__t69                         2.11796
xdut.\$90__t14                           1.815
xdut.topn__t28                         2.11796
xdut.\$99__t97                           1.815
xdut.topn__t371                        2.11796
xdut.\$90__t82                           1.815
xdut.topn__t167                        2.11796
xdut.\$99__t42                           1.815
xdut.topn__t166                        2.11796
xdut.\$90__t81                           1.815
xdut.topn__t165                        2.11796
xdut.\$99__t41                           1.815
xdut.topn__t164                        2.11796
xdut.\$90__t80                           1.815
xdut.topn__t163                        2.11796
xdut.\$99__t40                           1.815
xdut.topn__t141                        2.11796
xdut.\$90__t86                           1.815
xdut.topn__t174                        2.11796
xdut.\$99__t44                           1.815
xdut.topn__t175                        2.11796
xdut.\$90__t28                           1.815
xdut.topn__t60                         2.11796
xdut.\$99__t23                           1.815
xdut.topn__t59                         2.11796
xdut.\$90__t27                           1.815
xdut.topn__t58                         2.11796
xdut.\$12__t47                           1.815
xdut.topp__t172                        1.78156
xdut.\$10__t69                           1.815
xdut.topp__t134                        1.78156
xdut.\$12__t32                           1.815
xdut.topp__t125                        1.78156
xdut.\$10__t64                           1.815
xdut.topp__t124                        1.78156
xdut.\$12__t31                           1.815
xdut.topp__t123                        1.78156
xdut.\$10__t63                           1.815
xdut.topp__t122                        1.78156
xdut.\$12__t30                           1.815
xdut.topp__t121                        1.78156
xdut.\$10__t62                           1.815
xdut.topp__t120                        1.78156
xdut.\$12__t44                           1.815
xdut.topp__t167                        1.78156
xdut.\$10__t95                           1.815
xdut.topp__t187                        1.78156
xdut.\$12__t45                           1.815
xdut.topp__t169                        1.78156
xdut.\$10__t86                           1.815
xdut.topp__t168                        1.78156
xdut.\$12__t37                           1.815
xdut.topp__t153                        1.78156
xdut.\$10__t78                           1.815
xdut.topp__t152                        1.78156
xdut.\$12__t119                          1.815
xdut.topp__t419                        1.78156
xdut.\$10__t230                          1.815
xdut.topp__t457                        1.78156
xdut.\$12__t118                          1.815
xdut.topp__t418                        1.78156
xdut.\$10__t210                          1.815
xdut.topp__t417                        1.78156
xdut.\$12__t74                           1.815
xdut.topp__t271                        1.78156
xdut.\$10__t225                          1.815
xdut.topp__t448                        1.78156
xdut.\$12__t127                          1.815
xdut.topp__t447                        1.78156
xdut.\$10__t224                          1.815
xdut.topp__t446                        1.78156
xdut.\$12__t115                          1.815
xdut.topp__t400                        1.78156
xdut.\$10__t202                          1.815
xdut.topp__t399                        1.78156
xdut.\$12__t114                          1.815
xdut.topp__t398                        1.78156
xdut.\$10__t201                          1.815
xdut.topp__t397                        1.78156
xdut.\$12__t113                          1.815
xdut.topp__t396                        1.78156
xdut.\$10__t200                          1.815
xdut.topp__t395                        1.78156
xdut.\$12__t116                          1.815
xdut.topp__t406                        1.78156
xdut.\$10__t196                          1.815
xdut.topp__t389                        1.78156
xdut.\$12__t110                          1.815
xdut.topp__t388                        1.78156
xdut.\$10__t195                          1.815
xdut.topp__t387                        1.78156
xdut.\$99__t100                          1.815
xdut.topn__t409                        2.11796
xdut.\$90__t204                          1.815
xdut.topn__t408                        2.11796
xdut.\$99__t16                           1.815
xdut.topn__t38                         2.11796
xdut.\$90__t18                           1.815
xdut.topn__t37                         2.11796
xdut.\$99__t15                           1.815
xdut.topn__t36                         2.11796
xdut.\$90__t17                           1.815
xdut.topn__t35                         2.11796
xdut.\$99__t13                           1.815
xdut.topn__t33                         2.11796
xdut.\$90__t16                           1.815
xdut.topn__t32                         2.11796
xdut.\$99__t12                           1.815
xdut.topn__t31                         2.11796
xdut.\$90__t15                           1.815
xdut.topn__t30                         2.11796
xdut.\$99__t11                           1.815
xdut.topn__t29                         2.11796
xdut.\$90__t218                          1.815
xdut.topn__t435                        2.11796
xdut.\$99__t5                            1.815
xdut.topn__t17                         2.11796
xdut.\$90__t8                            1.815
xdut.topn__t16                         2.11796
xdut.\$99__t4                            1.815
xdut.topn__t15                         2.11796
xdut.\$90__t7                            1.815
xdut.topn__t14                         2.11796
xdut.\$99__t3                            1.815
xdut.topn__t13                         2.11796
xdut.\$90__t6                            1.815
xdut.topn__t12                         2.11796
xdut.\$99__t2                            1.815
xdut.topn__t11                         2.11796
xdut.\$90__t5                            1.815
xdut.topn__t10                         2.11796
xdut.\$99__t98                           1.815
xdut.topn__t372                        2.11796
xdut.\$90__t87                           1.815
xdut.topn__t176                        2.11796
xdut.\$99__t45                           1.815
xdut.topn__t177                        2.11796
xdut.\$90__t88                           1.815
xdut.topn__t178                        2.11796
xdut.\$99__t27                           1.815
xdut.topn__t68                         2.11796
xdut.\$90__t32                           1.815
xdut.topn__t67                         2.11796
xdut.\$99__t26                           1.815
xdut.topn__t66                         2.11796
xdut.\$90__t31                           1.815
xdut.topn__t65                         2.11796
xdut.\$99__t25                           1.815
xdut.topn__t64                         2.11796
xdut.\$90__t30                           1.815
xdut.topn__t63                         2.11796
xdut.\$99__t24                           1.815
xdut.topn__t62                         2.11796
xdut.\$90__t29                           1.815
xdut.topn__t61                         2.11796
xdut.\$14__t19                           1.815
xdut.topp__t147                        1.78156
xdut.\$10__t75                           1.815
xdut.topp__t146                        1.78156
xdut.\$14__t18                           1.815
xdut.topp__t145                        1.78156
xdut.\$10__t74                           1.815
xdut.topp__t144                        1.78156
xdut.\$14__t17                           1.815
xdut.topp__t143                        1.78156
xdut.\$10__t73                           1.815
xdut.topp__t142                        1.78156
xdut.\$14__t16                           1.815
xdut.topp__t141                        1.78156
xdut.\$10__t72                           1.815
xdut.topp__t140                        1.78156
xdut.\$14__t15                           1.815
xdut.topp__t139                        1.78156
xdut.\$10__t96                           1.815
xdut.topp__t188                        1.78156
xdut.\$14__t22                           1.815
xdut.topp__t228                        1.78156
xdut.\$10__t118                          1.815
xdut.topp__t231                        1.78156
xdut.\$14__t23                           1.815
xdut.topp__t234                        1.78156
xdut.\$10__t116                          1.815
xdut.topp__t229                        1.78156
xdut.\$14__t21                           1.815
xdut.topp__t227                        1.78156
xdut.\$10__t115                          1.815
xdut.topp__t226                        1.78156
xdut.\$14__t20                           1.815
xdut.topp__t185                        1.78156
xdut.\$10__t93                           1.815
xdut.topp__t184                        1.78156
xdut.\$14__t28                           1.815
xdut.topp__t277                        1.78156
xdut.\$10__t221                          1.815
xdut.topp__t439                        1.78156
xdut.\$14__t47                           1.815
xdut.topp__t438                        1.78156
xdut.\$10__t220                          1.815
xdut.topp__t437                        1.78156
xdut.\$14__t46                           1.815
xdut.topp__t436                        1.78156
xdut.\$10__t219                          1.815
xdut.topp__t435                        1.78156
xdut.\$14__t45                           1.815
xdut.topp__t434                        1.78156
xdut.\$10__t226                          1.815
xdut.topp__t449                        1.78156
xdut.\$14__t44                           1.815
xdut.topp__t432                        1.78156
xdut.\$10__t217                          1.815
xdut.topp__t431                        1.78156
xdut.\$14__t43                           1.815
xdut.topp__t430                        1.78156
xdut.\$10__t216                          1.815
xdut.topp__t429                        1.78156
xdut.\$14__t42                           1.815
xdut.topp__t428                        1.78156
xdut.\$10__t215                          1.815
xdut.topp__t427                        1.78156
xdut.\$107__t53                          1.815
xdut.topn__t446                        2.11796
xdut.\$90__t224                          1.815
xdut.topn__t445                        2.11796
xdut.\$107__t4                           1.815
xdut.topn__t77                         2.11796
xdut.\$90__t37                           1.815
xdut.topn__t76                         2.11796
xdut.\$107__t3                           1.815
xdut.topn__t75                         2.11796
xdut.\$90__t36                           1.815
xdut.topn__t74                         2.11796
xdut.\$107__t2                           1.815
xdut.topn__t73                         2.11796
xdut.\$90__t35                           1.815
xdut.topn__t72                         2.11796
xdut.\$107__t8                           1.815
xdut.topn__t119                        2.11796
xdut.\$90__t66                           1.815
xdut.topn__t134                        2.11796
xdut.\$107__t9                           1.815
xdut.topn__t133                        2.11796
xdut.\$90__t219                          1.815
xdut.topn__t436                        2.11796
xdut.\$107__t0                           1.815
xdut.topn__t0                          2.11796
xdut.\$90__t48                           1.815
xdut.topn__t102                        2.11796
xdut.\$107__t7                           1.815
xdut.topn__t101                        2.11796
xdut.\$90__t47                           1.815
xdut.topn__t100                        2.11796
xdut.\$107__t6                           1.815
xdut.topn__t99                         2.11796
xdut.\$90__t46                           1.815
xdut.topn__t98                         2.11796
xdut.\$107__t5                           1.815
xdut.topn__t97                         2.11796
xdut.\$90__t45                           1.815
xdut.topn__t96                         2.11796
xdut.\$107__t40                          1.815
xdut.topn__t373                        2.11796
xdut.\$90__t79                           1.815
xdut.topn__t162                        2.11796
xdut.\$107__t14                          1.815
xdut.topn__t161                        2.11796
xdut.\$90__t78                           1.815
xdut.topn__t160                        2.11796
xdut.\$107__t13                          1.815
xdut.topn__t159                        2.11796
xdut.\$90__t77                           1.815
xdut.topn__t158                        2.11796
xdut.\$107__t12                          1.815
xdut.topn__t147                        2.11796
xdut.\$90__t71                           1.815
xdut.topn__t146                        2.11796
xdut.\$107__t11                          1.815
xdut.topn__t145                        2.11796
xdut.\$90__t70                           1.815
xdut.topn__t144                        2.11796
xdut.\$107__t10                          1.815
xdut.topn__t143                        2.11796
xdut.\$90__t69                           1.815
xdut.topn__t142                        2.11796
xdut.\$16__t10                           1.815
xdut.topp__t199                        1.78156
xdut.\$10__t77                           1.815
xdut.topp__t150                        1.78156
xdut.\$16__t9                            1.815
xdut.topp__t149                        1.78156
xdut.\$10__t76                           1.815
xdut.topp__t148                        1.78156
xdut.\$16__t8                            1.815
xdut.topp__t138                        1.78156
xdut.\$10__t111                          1.815
xdut.topp__t220                        1.78156
xdut.\$16__t12                           1.815
xdut.topp__t219                        1.78156
xdut.\$10__t110                          1.815
xdut.topp__t218                        1.78156
xdut.\$16__t11                           1.815
xdut.topp__t217                        1.78156
xdut.\$10__t97                           1.815
xdut.topp__t189                        1.78156
xdut.\$16__t13                           1.815
xdut.topp__t233                        1.78156
xdut.\$10__t119                          1.815
xdut.topp__t232                        1.78156
xdut.\$16__t16                           1.815
xdut.topp__t247                        1.78156
xdut.\$10__t117                          1.815
xdut.topp__t230                        1.78156
xdut.\$16__t15                           1.815
xdut.topp__t246                        1.78156
xdut.\$10__t125                          1.815
xdut.topp__t245                        1.78156
xdut.\$18__t7                            1.815
xdut.topp__t244                        1.78156
xdut.\$10__t124                          1.815
xdut.topp__t243                        1.78156
xdut.\$18__t9                            1.815
xdut.topp__t274                        1.78156
xdut.\$10__t189                          1.815
xdut.topp__t378                        1.78156
xdut.\$18__t11                           1.815
xdut.topp__t377                        1.78156
xdut.\$10__t188                          1.815
xdut.topp__t376                        1.78156
xdut.\$18__t10                           1.815
xdut.topp__t375                        1.78156
xdut.\$10__t187                          1.815
xdut.topp__t374                        1.78156
xdut.\$20__t5                            1.815
xdut.topp__t373                        1.78156
xdut.\$10__t186                          1.815
xdut.topp__t372                        1.78156
xdut.\$20__t4                            1.815
xdut.topp__t371                        1.78156
xdut.\$10__t185                          1.815
xdut.topp__t370                        1.78156
xdut.\$22__t2                            1.815
xdut.topp__t369                        1.78156
xdut.\$10__t184                          1.815
xdut.topp__t368                        1.78156
xdut.\$26__t0                            1.815
xdut.topp__t367                        1.78156
xdut.\$10__t209                          1.815
xdut.topp__t416                        1.78156
xdut.\$115__t24                          1.815
xdut.topn__t443                        2.11796
xdut.\$90__t223                          1.815
xdut.topn__t442                        2.11796
xdut.\$115__t8                           1.815
xdut.topn__t123                        2.11796
xdut.\$90__t60                           1.815
xdut.topn__t122                        2.11796
xdut.\$115__t7                           1.815
xdut.topn__t121                        2.11796
xdut.\$90__t59                           1.815
xdut.topn__t120                        2.11796
xdut.\$115__t3                           1.815
xdut.topn__t82                         2.11796
xdut.\$90__t39                           1.815
xdut.topn__t81                         2.11796
xdut.\$115__t2                           1.815
xdut.topn__t80                         2.11796
xdut.\$90__t38                           1.815
xdut.topn__t79                         2.11796
xdut.\$115__t1                           1.815
xdut.topn__t78                         2.11796
xdut.\$90__t220                          1.815
xdut.topn__t437                        2.11796
xdut.\$115__t5                           1.815
xdut.topn__t94                         2.11796
xdut.\$90__t44                           1.815
xdut.topn__t93                         2.11796
xdut.\$115__t4                           1.815
xdut.topn__t92                         2.11796
xdut.\$90__t43                           1.815
xdut.topn__t91                         2.11796
xdut.\$123__t4                           1.815
xdut.topn__t90                         2.11796
xdut.\$90__t42                           1.815
xdut.topn__t89                         2.11796
xdut.\$123__t3                           1.815
xdut.topn__t88                         2.11796
xdut.\$90__t49                           1.815
xdut.topn__t103                        2.11796
xdut.\$123__t11                          1.815
xdut.topn__t374                        2.11796
xdut.\$90__t34                           1.815
xdut.topn__t71                         2.11796
xdut.\$123__t0                           1.815
xdut.topn__t54                         2.11796
xdut.\$90__t25                           1.815
xdut.topn__t53                         2.11796
xdut.\$131__t1                           1.815
xdut.topn__t52                         2.11796
xdut.\$90__t24                           1.815
xdut.topn__t51                         2.11796
xdut.\$131__t0                           1.815
xdut.topn__t50                         2.11796
xdut.\$90__t23                           1.815
xdut.topn__t49                         2.11796
xdut.\$139__t0                           1.815
xdut.topn__t48                         2.11796
xdut.\$90__t22                           1.815
xdut.topn__t47                         2.11796
xdut.\$155__t0                           1.815
xdut.topn__t46                         2.11796
xdut.\$90__t21                           1.815
xdut.topn__t45                         2.11796
xdut.\$10__t112                          1.815
xdut.topp__t222                        1.78156
xdut.vcm__t0                             1.815
xdut.topp__t221                        1.78156
xdut.\$10__t109                          1.815
xdut.topp__t216                        1.78156
xdut.\$22__t1                            1.815
xdut.topp__t137                        1.78156
xdut.\$10__t71                           1.815
xdut.topp__t136                        1.78156
xdut.\$20__t2                            1.815
xdut.topp__t151                        1.78156
xdut.\$10__t114                          1.815
xdut.topp__t225                        1.78156
xdut.\$20__t3                            1.815
xdut.topp__t224                        1.78156
xdut.\$10__t113                          1.815
xdut.topp__t223                        1.78156
xdut.\$18__t3                            1.815
xdut.topp__t191                        1.78156
xdut.\$10__t123                          1.815
xdut.topp__t242                        1.78156
xdut.\$18__t6                            1.815
xdut.topp__t241                        1.78156
xdut.\$10__t122                          1.815
xdut.topp__t240                        1.78156
xdut.\$18__t5                            1.815
xdut.topp__t239                        1.78156
xdut.\$10__t121                          1.815
xdut.topp__t238                        1.78156
xdut.\$18__t4                            1.815
xdut.topp__t237                        1.78156
xdut.\$10__t120                          1.815
xdut.topp__t236                        1.78156
xdut.\$16__t14                           1.815
xdut.topp__t235                        1.78156
xdut.\$10__t135                          1.815
xdut.topp__t269                        1.78156
xdut.\$16__t23                           1.815
xdut.topp__t413                        1.78156
xdut.\$10__t207                          1.815
xdut.topp__t412                        1.78156
xdut.\$16__t22                           1.815
xdut.topp__t411                        1.78156
xdut.\$10__t206                          1.815
xdut.topp__t410                        1.78156
xdut.\$16__t21                           1.815
xdut.topp__t409                        1.78156
xdut.\$10__t205                          1.815
xdut.topp__t408                        1.78156
xdut.\$16__t20                           1.815
xdut.topp__t407                        1.78156
xdut.\$10__t211                          1.815
xdut.topp__t420                        1.78156
xdut.\$16__t19                           1.815
xdut.topp__t405                        1.78156
xdut.\$10__t204                          1.815
xdut.topp__t404                        1.78156
xdut.\$16__t18                           1.815
xdut.topp__t403                        1.78156
xdut.\$10__t203                          1.815
xdut.topp__t402                        1.78156
xdut.\$16__t17                           1.815
xdut.topp__t401                        1.78156
xdut.\$90__t222                          1.815
xdut.topn__t441                        2.11796
xdut.vcm__t1                             1.815
xdut.topn__t440                        2.11796
xdut.\$90__t65                           1.815
xdut.topn__t132                        2.11796
xdut.\$139__t1                           1.815
xdut.topn__t131                        2.11796
xdut.\$90__t64                           1.815
xdut.topn__t130                        2.11796
xdut.\$131__t3                           1.815
xdut.topn__t129                        2.11796
xdut.\$90__t63                           1.815
xdut.topn__t128                        2.11796
xdut.\$131__t2                           1.815
xdut.topn__t127                        2.11796
xdut.\$90__t62                           1.815
xdut.topn__t126                        2.11796
xdut.\$123__t5                           1.815
xdut.topn__t125                        2.11796
xdut.\$90__t61                           1.815
xdut.topn__t124                        2.11796
xdut.\$123__t13                          1.815
xdut.topn__t438                        2.11796
xdut.\$90__t41                           1.815
xdut.topn__t85                         2.11796
xdut.\$123__t1                           1.815
xdut.topn__t84                         2.11796
xdut.\$90__t40                           1.815
xdut.topn__t83                         2.11796
xdut.\$123__t2                           1.815
xdut.topn__t86                         2.11796
xdut.\$90__t212                          1.815
xdut.topn__t423                        2.11796
xdut.\$115__t23                          1.815
xdut.topn__t402                        2.11796
xdut.\$90__t200                          1.815
xdut.topn__t403                        2.11796
xdut.\$115__t6                           1.815
xdut.topn__t95                         2.11796
xdut.\$90__t186                          1.815
xdut.topn__t375                        2.11796
xdut.\$115__t13                          1.815
xdut.topn__t157                        2.11796
xdut.\$90__t76                           1.815
xdut.topn__t156                        2.11796
xdut.\$115__t14                          1.815
xdut.topn__t171                        2.11796
xdut.\$90__t75                           1.815
xdut.topn__t155                        2.11796
xdut.\$115__t12                          1.815
xdut.topn__t154                        2.11796
xdut.\$90__t74                           1.815
xdut.topn__t153                        2.11796
xdut.\$115__t11                          1.815
xdut.topn__t152                        2.11796
xdut.\$90__t73                           1.815
xdut.topn__t151                        2.11796
xdut.\$115__t10                          1.815
xdut.topn__t150                        2.11796
xdut.\$90__t72                           1.815
xdut.topn__t149                        2.11796
xdut.\$115__t9                           1.815
xdut.topn__t148                        2.11796
xdut.\$10__t134                          1.815
xdut.topp__t267                        1.78156
xdut.\$14__t26                           1.815
xdut.topp__t266                        1.78156
xdut.\$10__t133                          1.815
xdut.topp__t265                        1.78156
xdut.\$14__t25                           1.815
xdut.topp__t264                        1.78156
xdut.\$10__t139                          1.815
xdut.topp__t279                        1.78156
xdut.\$14__t24                           1.815
xdut.topp__t263                        1.78156
xdut.\$10__t161                          1.815
xdut.topp__t322                        1.78156
xdut.\$14__t36                           1.815
xdut.topp__t323                        1.78156
xdut.\$10__t162                          1.815
xdut.topp__t324                        1.78156
xdut.\$14__t41                           1.815
xdut.topp__t334                        1.78156
xdut.\$10__t164                          1.815
xdut.topp__t326                        1.78156
xdut.\$14__t37                           1.815
xdut.topp__t327                        1.78156
xdut.\$10__t165                          1.815
xdut.topp__t328                        1.78156
xdut.\$14__t38                           1.815
xdut.topp__t329                        1.78156
xdut.\$10__t166                          1.815
xdut.topp__t330                        1.78156
xdut.\$14__t39                           1.815
xdut.topp__t331                        1.78156
xdut.\$10__t167                          1.815
xdut.topp__t332                        1.78156
xdut.\$14__t40                           1.815
xdut.topp__t333                        1.78156
xdut.\$10__t163                          1.815
xdut.topp__t325                        1.78156
xdut.\$14__t35                           1.815
xdut.topp__t321                        1.78156
xdut.\$10__t160                          1.815
xdut.topp__t320                        1.78156
xdut.\$14__t34                           1.815
xdut.topp__t319                        1.78156
xdut.\$10__t159                          1.815
xdut.topp__t318                        1.78156
xdut.\$14__t33                           1.815
xdut.topp__t317                        1.78156
xdut.\$10__t158                          1.815
xdut.topp__t316                        1.78156
xdut.\$14__t32                           1.815
xdut.topp__t315                        1.78156
xdut.\$10__t157                          1.815
xdut.topp__t314                        1.78156
xdut.\$14__t31                           1.815
xdut.topp__t313                        1.78156
xdut.\$10__t156                          1.815
xdut.topp__t312                        1.78156
xdut.\$14__t30                           1.815
xdut.topp__t311                        1.78156
xdut.\$10__t155                          1.815
xdut.topp__t310                        1.78156
xdut.\$14__t29                           1.815
xdut.topp__t309                        1.78156
xdut.\$90__t85                           1.815
xdut.topn__t173                        2.11796
xdut.\$107__t15                          1.815
xdut.topn__t172                        2.11796
xdut.\$90__t187                          1.815
xdut.topn__t376                        2.11796
xdut.\$107__t41                          1.815
xdut.topn__t377                        2.11796
xdut.\$90__t188                          1.815
xdut.topn__t378                        2.11796
xdut.\$107__t42                          1.815
xdut.topn__t379                        2.11796
xdut.\$90__t189                          1.815
xdut.topn__t380                        2.11796
xdut.\$107__t43                          1.815
xdut.topn__t381                        2.11796
xdut.\$90__t190                          1.815
xdut.topn__t382                        2.11796
xdut.\$107__t44                          1.815
xdut.topn__t383                        2.11796
xdut.\$90__t191                          1.815
xdut.topn__t384                        2.11796
xdut.\$107__t52                          1.815
xdut.topn__t401                        2.11796
xdut.\$90__t192                          1.815
xdut.topn__t386                        2.11796
xdut.\$107__t45                          1.815
xdut.topn__t387                        2.11796
xdut.\$90__t193                          1.815
xdut.topn__t388                        2.11796
xdut.\$107__t46                          1.815
xdut.topn__t389                        2.11796
xdut.\$90__t194                          1.815
xdut.topn__t390                        2.11796
xdut.\$107__t47                          1.815
xdut.topn__t391                        2.11796
xdut.\$90__t195                          1.815
xdut.topn__t392                        2.11796
xdut.\$107__t48                          1.815
xdut.topn__t393                        2.11796
xdut.\$90__t196                          1.815
xdut.topn__t394                        2.11796
xdut.\$107__t49                          1.815
xdut.topn__t395                        2.11796
xdut.\$90__t197                          1.815
xdut.topn__t396                        2.11796
xdut.\$107__t50                          1.815
xdut.topn__t397                        2.11796
xdut.\$90__t198                          1.815
xdut.topn__t398                        2.11796
xdut.\$107__t51                          1.815
xdut.topn__t399                        2.11796
xdut.\$90__t106                          1.815
xdut.topn__t217                        2.11796
xdut.\$107__t18                          1.815
xdut.topn__t219                        2.11796
xdut.\$90__t107                          1.815
xdut.topn__t220                        2.11796
xdut.\$107__t19                          1.815
xdut.topn__t221                        2.11796
xdut.\$90__t108                          1.815
xdut.topn__t222                        2.11796
xdut.\$107__t20                          1.815
xdut.topn__t223                        2.11796
xdut.\$10__t19                           1.815
xdut.topp__t36                         1.78156
xdut.\$12__t63                           1.815
xdut.topp__t210                        1.78156
xdut.\$10__t105                          1.815
xdut.topp__t209                        1.78156
xdut.\$12__t62                           1.815
xdut.topp__t208                        1.78156
xdut.\$10__t22                           1.815
xdut.topp__t41                         1.78156
xdut.\$12__t10                           1.815
xdut.topp__t40                         1.78156
xdut.\$10__t21                           1.815
xdut.topp__t39                         1.78156
xdut.\$12__t9                            1.815
xdut.topp__t38                         1.78156
xdut.\$10__t20                           1.815
xdut.topp__t37                         1.78156
xdut.\$12__t26                           1.815
xdut.topp__t110                        1.78156
xdut.\$10__t104                          1.815
xdut.topp__t207                        1.78156
xdut.\$12__t61                           1.815
xdut.topp__t205                        1.78156
xdut.\$10__t102                          1.815
xdut.topp__t204                        1.78156
xdut.\$12__t60                           1.815
xdut.topp__t203                        1.78156
xdut.\$10__t103                          1.815
xdut.topp__t206                        1.78156
xdut.\$12__t58                           1.815
xdut.topp__t201                        1.78156
xdut.\$10__t101                          1.815
xdut.topp__t200                        1.78156
xdut.\$12__t54                           1.815
xdut.topp__t193                        1.78156
xdut.\$10__t138                          1.815
xdut.topp__t278                        1.78156
xdut.\$12__t27                           1.815
xdut.topp__t112                        1.78156
xdut.\$10__t132                          1.815
xdut.topp__t262                        1.78156
xdut.\$12__t89                           1.815
xdut.topp__t307                        1.78156
xdut.\$10__t147                          1.815
xdut.topp__t293                        1.78156
xdut.\$12__t82                           1.815
xdut.topp__t292                        1.78156
xdut.\$10__t146                          1.815
xdut.topp__t291                        1.78156
xdut.\$12__t17                           1.815
xdut.topp__t89                         1.78156
xdut.\$10__t45                           1.815
xdut.topp__t88                         1.78156
xdut.\$12__t15                           1.815
xdut.topp__t74                         1.78156
xdut.\$10__t38                           1.815
xdut.topp__t73                         1.78156
xdut.\$12__t29                           1.815
xdut.topp__t115                        1.78156
xdut.\$10__t58                           1.815
xdut.topp__t114                        1.78156
xdut.\$12__t28                           1.815
xdut.topp__t113                        1.78156
xdut.\$90__t2                            1.815
xdut.topn__t6                          2.11796
xdut.\$99__t1                            1.815
xdut.topn__t5                          2.11796
xdut.\$90__t233                          1.815
xdut.topn__t465                        2.11796
xdut.\$99__t118                          1.815
xdut.topn__t466                        2.11796
xdut.\$90__t234                          1.815
xdut.topn__t467                        2.11796
xdut.\$99__t119                          1.815
xdut.topn__t468                        2.11796
xdut.\$90__t235                          1.815
xdut.topn__t469                        2.11796
xdut.\$99__t120                          1.815
xdut.topn__t470                        2.11796
xdut.\$90__t206                          1.815
xdut.topn__t412                        2.11796
xdut.\$99__t101                          1.815
xdut.topn__t410                        2.11796
xdut.\$90__t205                          1.815
xdut.topn__t411                        2.11796
xdut.\$99__t72                           1.815
xdut.topn__t273                        2.11796
xdut.\$90__t216                          1.815
xdut.topn__t431                        2.11796
xdut.\$99__t111                          1.815
xdut.topn__t432                        2.11796
xdut.\$90__t221                          1.815
xdut.topn__t439                        2.11796
xdut.\$99__t107                          1.815
xdut.topn__t424                        2.11796
xdut.\$90__t213                          1.815
xdut.topn__t425                        2.11796
xdut.\$99__t108                          1.815
xdut.topn__t426                        2.11796
xdut.\$90__t214                          1.815
xdut.topn__t427                        2.11796
xdut.\$99__t109                          1.815
xdut.topn__t428                        2.11796
xdut.\$90__t118                          1.815
xdut.topn__t240                        2.11796
xdut.\$99__t51                           1.815
xdut.topn__t189                        2.11796
xdut.\$90__t97                           1.815
xdut.topn__t201                        2.11796
xdut.\$99__t74                           1.815
xdut.topn__t279                        2.11796
xdut.\$90__t145                          1.815
xdut.topn__t291                        2.11796
xdut.\$99__t79                           1.815
xdut.topn__t303                        2.11796
xdut.\$90__t89                           1.815
xdut.topn__t183                        2.11796
xdut.\$99__t48                           1.815
xdut.topn__t184                        2.11796
xdut.\$90__t90                           1.815
xdut.topn__t185                        2.11796
xdut.\$99__t49                           1.815
xdut.topn__t186                        2.11796
xdut.\$90__t91                           1.815
xdut.topn__t187                        2.11796
xdut.\$99__t50                           1.815
xdut.topn__t188                        2.11796
xdut.\$10__t18                           1.815
xdut.topp__t35                         1.78156
xdut.\$12__t8                            1.815
xdut.topp__t34                         1.78156
xdut.\$10__t17                           1.815
xdut.topp__t33                         1.78156
xdut.\$12__t7                            1.815
xdut.topp__t32                         1.78156
xdut.\$10__t70                           1.815
xdut.topp__t135                        1.78156
xdut.\$12__t65                           1.815
xdut.topp__t214                        1.78156
xdut.\$10__t107                          1.815
xdut.topp__t213                        1.78156
xdut.\$12__t64                           1.815
xdut.topp__t212                        1.78156
xdut.\$10__t106                          1.815
xdut.topp__t211                        1.78156
xdut.\$12__t6                            1.815
xdut.topp__t29                         1.78156
xdut.\$10__t108                          1.815
xdut.topp__t215                        1.78156
xdut.\$12__t57                           1.815
xdut.topp__t198                        1.78156
xdut.\$10__t100                          1.815
xdut.topp__t197                        1.78156
xdut.\$12__t56                           1.815
xdut.topp__t196                        1.78156
xdut.\$10__t99                           1.815
xdut.topp__t195                        1.78156
xdut.\$12__t55                           1.815
xdut.topp__t194                        1.78156
xdut.\$10__t98                           1.815
xdut.topp__t192                        1.78156
xdut.\$12__t59                           1.815
xdut.topp__t202                        1.78156
xdut.\$10__t137                          1.815
xdut.topp__t276                        1.78156
xdut.\$12__t73                           1.815
xdut.topp__t261                        1.78156
xdut.\$10__t131                          1.815
xdut.topp__t260                        1.78156
xdut.\$12__t72                           1.815
xdut.topp__t259                        1.78156
xdut.\$10__t130                          1.815
xdut.topp__t258                        1.78156
xdut.\$12__t71                           1.815
xdut.topp__t257                        1.78156
xdut.\$10__t129                          1.815
xdut.topp__t256                        1.78156
xdut.\$12__t70                           1.815
xdut.topp__t255                        1.78156
xdut.\$10__t128                          1.815
xdut.topp__t254                        1.78156
xdut.\$12__t69                           1.815
xdut.topp__t253                        1.78156
xdut.\$10__t127                          1.815
xdut.topp__t252                        1.78156
xdut.\$12__t68                           1.815
xdut.topp__t251                        1.78156
xdut.\$10__t126                          1.815
xdut.topp__t250                        1.78156
xdut.\$12__t67                           1.815
xdut.topp__t249                        1.78156
xdut.\$90__t68                           1.815
xdut.topn__t138                        2.11796
xdut.\$99__t38                           1.815
xdut.topn__t139                        2.11796
xdut.\$90__t207                          1.815
xdut.topn__t413                        2.11796
xdut.\$99__t102                          1.815
xdut.topn__t414                        2.11796
xdut.\$90__t208                          1.815
xdut.topn__t415                        2.11796
xdut.\$99__t103                          1.815
xdut.topn__t416                        2.11796
xdut.\$90__t253                          1.815
xdut.topn__t507                        2.11796
xdut.\$99__t126                          1.815
xdut.topn__t508                        2.11796
xdut.\$90__t254                          1.815
xdut.topn__t509                        2.11796
xdut.\$99__t127                          1.815
xdut.topn__t511                        2.11796
xdut.\$90__t201                          1.815
xdut.topn__t404                        2.11796
xdut.\$99__t65                           1.815
xdut.topn__t259                        2.11796
xdut.\$90__t209                          1.815
xdut.topn__t417                        2.11796
xdut.\$99__t104                          1.815
xdut.topn__t418                        2.11796
xdut.\$90__t210                          1.815
xdut.topn__t419                        2.11796
xdut.\$99__t105                          1.815
xdut.topn__t420                        2.11796
xdut.\$90__t211                          1.815
xdut.topn__t421                        2.11796
xdut.\$99__t106                          1.815
xdut.topn__t422                        2.11796
xdut.\$90__t215                          1.815
xdut.topn__t429                        2.11796
xdut.\$99__t110                          1.815
xdut.topn__t430                        2.11796
xdut.\$90__t110                          1.815
xdut.topn__t225                        2.11796
xdut.\$99__t52                           1.815
xdut.topn__t190                        2.11796
xdut.\$90__t92                           1.815
xdut.topn__t191                        2.11796
xdut.\$99__t53                           1.815
xdut.topn__t192                        2.11796
xdut.\$90__t102                          1.815
xdut.topn__t209                        2.11796
xdut.\$99__t54                           1.815
xdut.topn__t194                        2.11796
xdut.\$90__t94                           1.815
xdut.topn__t195                        2.11796
xdut.\$99__t55                           1.815
xdut.topn__t196                        2.11796
xdut.\$90__t95                           1.815
xdut.topn__t197                        2.11796
xdut.\$99__t56                           1.815
xdut.topn__t198                        2.11796
xdut.\$90__t96                           1.815
xdut.topn__t199                        2.11796
xdut.\$99__t57                           1.815
xdut.topn__t200                        2.11796
xdut.\$12__t25                           1.815
xdut.topp__t108                        1.78156
xdut.\$10__t61                           1.815
xdut.topp__t119                        1.78156
xdut.\$12__t24                           1.815
xdut.topp__t106                        1.78156
xdut.\$10__t55                           1.815
xdut.topp__t105                        1.78156
xdut.\$12__t23                           1.815
xdut.topp__t104                        1.78156
xdut.\$10__t54                           1.815
xdut.topp__t103                        1.78156
xdut.\$12__t22                           1.815
xdut.topp__t102                        1.78156
xdut.\$10__t53                           1.815
xdut.topp__t101                        1.78156
xdut.\$12__t21                           1.815
xdut.topp__t100                        1.78156
xdut.\$10__t52                           1.815
xdut.topp__t99                         1.78156
xdut.\$12__t20                           1.815
xdut.topp__t98                         1.78156
xdut.\$10__t51                           1.815
xdut.topp__t97                         1.78156
xdut.\$12__t19                           1.815
xdut.topp__t96                         1.78156
xdut.\$10__t50                           1.815
xdut.topp__t95                         1.78156
xdut.\$12__t18                           1.815
xdut.topp__t94                         1.78156
xdut.\$10__t49                           1.815
xdut.topp__t93                         1.78156
xdut.\$12__t16                           1.815
xdut.topp__t77                         1.78156
xdut.\$10__t16                           1.815
xdut.topp__t30                         1.78156
xdut.\$12__t76                           1.815
xdut.topp__t275                        1.78156
xdut.\$10__t154                          1.815
xdut.topp__t306                        1.78156
xdut.\$12__t88                           1.815
xdut.topp__t305                        1.78156
xdut.\$10__t153                          1.815
xdut.topp__t304                        1.78156
xdut.\$12__t87                           1.815
xdut.topp__t303                        1.78156
xdut.\$10__t152                          1.815
xdut.topp__t302                        1.78156
xdut.\$12__t86                           1.815
xdut.topp__t301                        1.78156
xdut.\$10__t151                          1.815
xdut.topp__t300                        1.78156
xdut.\$12__t85                           1.815
xdut.topp__t299                        1.78156
xdut.\$10__t150                          1.815
xdut.topp__t298                        1.78156
xdut.\$12__t84                           1.815
xdut.topp__t297                        1.78156
xdut.\$10__t149                          1.815
xdut.topp__t296                        1.78156
xdut.\$12__t83                           1.815
xdut.topp__t295                        1.78156
xdut.\$10__t148                          1.815
xdut.topp__t294                        1.78156
xdut.\$99__t39                           1.815
xdut.topn__t140                        2.11796
xdut.\$90__t67                           1.815
xdut.topn__t137                        2.11796
xdut.\$99__t66                           1.815
xdut.topn__t262                        2.11796
xdut.\$90__t130                          1.815
xdut.topn__t263                        2.11796
xdut.\$99__t67                           1.815
xdut.topn__t264                        2.11796
xdut.\$90__t131                          1.815
xdut.topn__t265                        2.11796
xdut.\$99__t68                           1.815
xdut.topn__t266                        2.11796
xdut.\$90__t132                          1.815
xdut.topn__t267                        2.11796
xdut.\$99__t69                           1.815
xdut.topn__t268                        2.11796
xdut.\$90__t133                          1.815
xdut.topn__t269                        2.11796
xdut.\$99__t70                           1.815
xdut.topn__t270                        2.11796
xdut.\$90__t134                          1.815
xdut.topn__t271                        2.11796
xdut.\$99__t71                           1.815
xdut.topn__t272                        2.11796
xdut.\$90__t93                           1.815
xdut.topn__t193                        2.11796
xdut.\$99__t61                           1.815
xdut.topn__t251                        2.11796
xdut.\$90__t124                          1.815
xdut.topn__t252                        2.11796
xdut.\$99__t62                           1.815
xdut.topn__t253                        2.11796
xdut.\$90__t125                          1.815
xdut.topn__t254                        2.11796
xdut.\$99__t63                           1.815
xdut.topn__t255                        2.11796
xdut.\$90__t126                          1.815
xdut.topn__t256                        2.11796
xdut.\$99__t46                           1.815
xdut.topn__t179                        2.11796
xdut.\$90__t98                           1.815
xdut.topn__t202                        2.11796
xdut.\$99__t58                           1.815
xdut.topn__t203                        2.11796
xdut.\$90__t99                           1.815
xdut.topn__t204                        2.11796
xdut.\$99__t59                           1.815
xdut.topn__t205                        2.11796
xdut.\$90__t100                          1.815
xdut.topn__t206                        2.11796
xdut.\$99__t60                           1.815
xdut.topn__t207                        2.11796
xdut.\$90__t101                          1.815
xdut.topn__t208                        2.11796
xdut.\$99__t64                           1.815
xdut.topn__t257                        2.11796
xdut.\$90__t135                          1.815
xdut.topn__t274                        2.11796
xdut.\$99__t73                           1.815
xdut.topn__t275                        2.11796
xdut.\$90__t138                          1.815
xdut.topn__t278                        2.11796
xdut.\$12__t11                           1.815
xdut.topp__t43                         1.78156
xdut.\$10__t23                           1.815
xdut.topp__t42                         1.78156
xdut.\$12__t12                           1.815
xdut.topp__t44                         1.78156
xdut.\$10__t3                            1.815
xdut.topp__t5                          1.78156
xdut.\$12__t1                            1.815
xdut.topp__t4                          1.78156
xdut.\$10__t26                           1.815
xdut.topp__t48                         1.78156
xdut.\$12__t14                           1.815
xdut.topp__t63                         1.78156
xdut.\$10__t24                           1.815
xdut.topp__t46                         1.78156
xdut.\$12__t13                           1.815
xdut.topp__t45                         1.78156
xdut.\$10__t57                           1.815
xdut.topp__t111                        1.78156
xdut.\$12__t4                            1.815
xdut.topp__t26                         1.78156
xdut.\$10__t14                           1.815
xdut.topp__t25                         1.78156
xdut.\$12__t3                            1.815
xdut.topp__t16                         1.78156
xdut.\$10__t5                            1.815
xdut.topp__t8                          1.78156
xdut.\$12__t2                            1.815
xdut.topp__t7                          1.78156
xdut.\$10__t4                            1.815
xdut.topp__t6                          1.78156
xdut.\$12__t5                            1.815
xdut.topp__t28                         1.78156
xdut.\$10__t15                           1.815
xdut.topp__t27                         1.78156
xdut.\$12__t75                           1.815
xdut.topp__t272                        1.78156
xdut.\$10__t145                          1.815
xdut.topp__t290                        1.78156
xdut.\$12__t81                           1.815
xdut.topp__t289                        1.78156
xdut.\$10__t144                          1.815
xdut.topp__t288                        1.78156
xdut.\$12__t80                           1.815
xdut.topp__t287                        1.78156
xdut.\$10__t143                          1.815
xdut.topp__t286                        1.78156
xdut.\$12__t79                           1.815
xdut.topp__t285                        1.78156
xdut.\$10__t142                          1.815
xdut.topp__t284                        1.78156
xdut.\$12__t78                           1.815
xdut.topp__t283                        1.78156
xdut.\$10__t141                          1.815
xdut.topp__t282                        1.78156
xdut.\$12__t77                           1.815
xdut.topp__t281                        1.78156
xdut.\$10__t140                          1.815
xdut.topp__t280                        1.78156
xdut.\$12__t66                           1.815
xdut.topp__t248                        1.78156
xdut.\$10__t46                           1.815
xdut.topp__t90                         1.78156
xdut.\$99__t0                            1.815
xdut.topn__t4                          2.11796
xdut.\$90__t1                            1.815
xdut.topn__t3                          2.11796
xdut.\$99__t121                          1.815
xdut.topn__t471                        2.11796
xdut.\$90__t228                          1.815
xdut.topn__t454                        2.11796
xdut.\$99__t114                          1.815
xdut.topn__t455                        2.11796
xdut.\$90__t229                          1.815
xdut.topn__t456                        2.11796
xdut.\$99__t115                          1.815
xdut.topn__t457                        2.11796
xdut.\$90__t230                          1.815
xdut.topn__t458                        2.11796
xdut.\$99__t116                          1.815
xdut.topn__t459                        2.11796
xdut.\$90__t231                          1.815
xdut.topn__t460                        2.11796
xdut.\$99__t117                          1.815
xdut.topn__t461                        2.11796
xdut.\$90__t127                          1.815
xdut.topn__t258                        2.11796
xdut.\$99__t124                          1.815
xdut.topn__t488                        2.11796
xdut.\$90__t245                          1.815
xdut.topn__t489                        2.11796
xdut.\$99__t122                          1.815
xdut.topn__t474                        2.11796
xdut.\$90__t241                          1.815
xdut.topn__t483                        2.11796
xdut.\$99__t123                          1.815
xdut.topn__t484                        2.11796
xdut.\$90__t242                          1.815
xdut.topn__t485                        2.11796
xdut.\$99__t125                          1.815
xdut.topn__t502                        2.11796
xdut.\$90__t244                          1.815
xdut.topn__t487                        2.11796
xdut.\$99__t47                           1.815
xdut.topn__t180                        2.11796
xdut.\$90__t139                          1.815
xdut.topn__t280                        2.11796
xdut.\$99__t75                           1.815
xdut.topn__t281                        2.11796
xdut.\$90__t140                          1.815
xdut.topn__t282                        2.11796
xdut.\$99__t76                           1.815
xdut.topn__t283                        2.11796
xdut.\$90__t141                          1.815
xdut.topn__t284                        2.11796
xdut.\$99__t77                           1.815
xdut.topn__t285                        2.11796
xdut.\$90__t142                          1.815
xdut.topn__t286                        2.11796
xdut.\$99__t78                           1.815
xdut.topn__t287                        2.11796
xdut.\$90__t143                          1.815
xdut.topn__t288                        2.11796
xdut.\$99__t80                           1.815
xdut.topn__t305                        2.11796
xdut.\$90__t144                          1.815
xdut.topn__t290                        2.11796
xdut.\$14__t0                            1.815
xdut.topp__t3                          1.78156
xdut.\$10__t2                            1.815
xdut.topp__t2                          1.78156
xdut.\$14__t8                            1.815
xdut.topp__t55                         1.78156
xdut.\$10__t29                           1.815
xdut.topp__t54                         1.78156
xdut.\$14__t7                            1.815
xdut.topp__t53                         1.78156
xdut.\$10__t28                           1.815
xdut.topp__t52                         1.78156
xdut.\$14__t6                            1.815
xdut.topp__t51                         1.78156
xdut.\$10__t27                           1.815
xdut.topp__t50                         1.78156
xdut.\$14__t5                            1.815
xdut.topp__t49                         1.78156
xdut.\$10__t56                           1.815
xdut.topp__t109                        1.78156
xdut.\$14__t4                            1.815
xdut.topp__t24                         1.78156
xdut.\$10__t13                           1.815
xdut.topp__t23                         1.78156
xdut.\$14__t3                            1.815
xdut.topp__t22                         1.78156
xdut.\$10__t12                           1.815
xdut.topp__t21                         1.78156
xdut.\$14__t2                            1.815
xdut.topp__t20                         1.78156
xdut.\$10__t11                           1.815
xdut.topp__t19                         1.78156
xdut.\$14__t1                            1.815
xdut.topp__t18                         1.78156
xdut.\$10__t10                           1.815
xdut.topp__t17                         1.78156
xdut.\$14__t27                           1.815
xdut.topp__t270                        1.78156
xdut.\$10__t44                           1.815
xdut.topp__t87                         1.78156
xdut.\$14__t14                           1.815
xdut.topp__t86                         1.78156
xdut.\$10__t43                           1.815
xdut.topp__t85                         1.78156
xdut.\$14__t13                           1.815
xdut.topp__t84                         1.78156
xdut.\$10__t42                           1.815
xdut.topp__t83                         1.78156
xdut.\$14__t12                           1.815
xdut.topp__t82                         1.78156
xdut.\$10__t41                           1.815
xdut.topp__t81                         1.78156
xdut.\$14__t11                           1.815
xdut.topp__t80                         1.78156
xdut.\$10__t40                           1.815
xdut.topp__t79                         1.78156
xdut.\$14__t10                           1.815
xdut.topp__t78                         1.78156
xdut.\$10__t47                           1.815
xdut.topp__t91                         1.78156
xdut.\$14__t9                            1.815
xdut.topp__t76                         1.78156
xdut.\$10__t39                           1.815
xdut.topp__t75                         1.78156
xdut.\$107__t1                           1.815
xdut.topn__t2                          2.11796
xdut.\$90__t0                            1.815
xdut.topn__t1                          2.11796
xdut.\$107__t62                          1.815
xdut.topn__t501                        2.11796
xdut.\$90__t243                          1.815
xdut.topn__t486                        2.11796
xdut.\$107__t54                          1.815
xdut.topn__t447                        2.11796
xdut.\$90__t225                          1.815
xdut.topn__t448                        2.11796
xdut.\$107__t55                          1.815
xdut.topn__t449                        2.11796
xdut.\$90__t226                          1.815
xdut.topn__t450                        2.11796
xdut.\$107__t56                          1.815
xdut.topn__t451                        2.11796
xdut.\$90__t227                          1.815
xdut.topn__t452                        2.11796
xdut.\$107__t57                          1.815
xdut.topn__t453                        2.11796
xdut.\$90__t128                          1.815
xdut.topn__t260                        2.11796
xdut.\$107__t59                          1.815
xdut.topn__t490                        2.11796
xdut.\$90__t246                          1.815
xdut.topn__t491                        2.11796
xdut.\$107__t60                          1.815
xdut.topn__t492                        2.11796
xdut.\$90__t247                          1.815
xdut.topn__t493                        2.11796
xdut.\$107__t61                          1.815
xdut.topn__t494                        2.11796
xdut.\$90__t255                          1.815
xdut.topn__t510                        2.11796
xdut.\$107__t58                          1.815
xdut.topn__t472                        2.11796
xdut.\$90__t236                          1.815
xdut.topn__t473                        2.11796
xdut.\$107__t16                          1.815
xdut.topn__t181                        2.11796
xdut.\$90__t146                          1.815
xdut.topn__t292                        2.11796
xdut.\$107__t26                          1.815
xdut.topn__t293                        2.11796
xdut.\$90__t147                          1.815
xdut.topn__t294                        2.11796
xdut.\$107__t27                          1.815
xdut.topn__t295                        2.11796
xdut.\$90__t148                          1.815
xdut.topn__t296                        2.11796
xdut.\$107__t28                          1.815
xdut.topn__t297                        2.11796
xdut.\$90__t149                          1.815
xdut.topn__t298                        2.11796
xdut.\$107__t29                          1.815
xdut.topn__t299                        2.11796
xdut.\$90__t150                          1.815
xdut.topn__t300                        2.11796
xdut.\$107__t30                          1.815
xdut.topn__t301                        2.11796
xdut.\$90__t151                          1.815
xdut.topn__t302                        2.11796
xdut.\$16__t0                            1.815
xdut.topp__t1                          1.78156
xdut.\$10__t25                           1.815
xdut.topp__t47                         1.78156
xdut.\$16__t7                            1.815
xdut.topp__t62                         1.78156
xdut.\$10__t32                           1.815
xdut.topp__t61                         1.78156
xdut.\$16__t6                            1.815
xdut.topp__t60                         1.78156
xdut.\$10__t31                           1.815
xdut.topp__t59                         1.78156
xdut.\$16__t5                            1.815
xdut.topp__t58                         1.78156
xdut.\$10__t30                           1.815
xdut.topp__t57                         1.78156
xdut.\$16__t4                            1.815
xdut.topp__t56                         1.78156
xdut.\$10__t48                           1.815
xdut.topp__t92                         1.78156
xdut.\$16__t3                            1.815
xdut.topp__t31                         1.78156
xdut.\$10__t9                            1.815
xdut.topp__t15                         1.78156
xdut.\$16__t2                            1.815
xdut.topp__t14                         1.78156
xdut.\$10__t8                            1.815
xdut.topp__t13                         1.78156
xdut.\$16__t1                            1.815
xdut.topp__t12                         1.78156
xdut.\$10__t7                            1.815
xdut.topp__t11                         1.78156
xdut.\$18__t0                            1.815
xdut.topp__t10                         1.78156
xdut.\$10__t6                            1.815
xdut.topp__t9                          1.78156
xdut.\$18__t8                            1.815
xdut.topp__t268                        1.78156
xdut.\$10__t37                           1.815
xdut.topp__t72                         1.78156
xdut.\$18__t2                            1.815
xdut.topp__t71                         1.78156
xdut.\$10__t36                           1.815
xdut.topp__t70                         1.78156
xdut.\$18__t1                            1.815
xdut.topp__t69                         1.78156
xdut.\$10__t35                           1.815
xdut.topp__t68                         1.78156
xdut.\$20__t1                            1.815
xdut.topp__t67                         1.78156
xdut.\$10__t34                           1.815
xdut.topp__t66                         1.78156
xdut.\$20__t0                            1.815
xdut.topp__t65                         1.78156
xdut.\$10__t33                           1.815
xdut.topp__t64                         1.78156
xdut.\$22__t0                            1.815
xdut.topp__t107                        1.78156
xdut.\$10__t60                           1.815
xdut.topp__t118                        1.78156
xdut.\$24__t0                            1.815
xdut.topp__t117                        1.78156
xdut.\$10__t59                           1.815
xdut.topp__t116                        1.78156
xdut.\$115__t0                           1.815
xdut.topn__t8                          2.11796
xdut.\$90__t3                            1.815
xdut.topn__t7                          2.11796
xdut.\$115__t25                          1.815
xdut.topn__t462                        2.11796
xdut.\$90__t232                          1.815
xdut.topn__t463                        2.11796
xdut.\$115__t26                          1.815
xdut.topn__t464                        2.11796
xdut.\$90__t248                          1.815
xdut.topn__t495                        2.11796
xdut.\$115__t29                          1.815
xdut.topn__t496                        2.11796
xdut.\$90__t249                          1.815
xdut.topn__t497                        2.11796
xdut.\$115__t30                          1.815
xdut.topn__t498                        2.11796
xdut.\$90__t250                          1.815
xdut.topn__t499                        2.11796
xdut.\$115__t31                          1.815
xdut.topn__t500                        2.11796
xdut.\$90__t129                          1.815
xdut.topn__t261                        2.11796
xdut.\$115__t27                          1.815
xdut.topn__t475                        2.11796
xdut.\$90__t237                          1.815
xdut.topn__t476                        2.11796
xdut.\$115__t28                          1.815
xdut.topn__t477                        2.11796
xdut.\$90__t238                          1.815
xdut.topn__t478                        2.11796
xdut.\$123__t14                          1.815
xdut.topn__t479                        2.11796
xdut.\$90__t239                          1.815
xdut.topn__t480                        2.11796
xdut.\$123__t15                          1.815
xdut.topn__t481                        2.11796
xdut.\$90__t240                          1.815
xdut.topn__t482                        2.11796
xdut.\$123__t6                           1.815
xdut.topn__t182                        2.11796
xdut.\$90__t152                          1.815
xdut.topn__t304                        2.11796
xdut.\$123__t8                           1.815
xdut.topn__t289                        2.11796
xdut.\$90__t119                          1.815
xdut.topn__t242                        2.11796
xdut.\$131__t4                           1.815
xdut.topn__t243                        2.11796
xdut.\$90__t120                          1.815
xdut.topn__t244                        2.11796
xdut.\$131__t5                           1.815
xdut.topn__t245                        2.11796
xdut.\$90__t121                          1.815
xdut.topn__t246                        2.11796
xdut.\$139__t2                           1.815
xdut.topn__t247                        2.11796
xdut.\$90__t122                          1.815
xdut.topn__t248                        2.11796
xdut.\$147__t0                           1.815
xdut.topn__t249                        2.11796
xdut.\$90__t123                          1.815
xdut.topn__t250                        2.11796
xdut.\$10                                1.815
xdut.\$100                                3.63
xdut.\$102                         1.55313e-08
xdut.\$104                                3.63
xdut.\$106                                3.63
xdut.\$107                               1.815
xdut.\$108                                3.63
xdut.\$11                                 3.63
xdut.\$110                          1.4993e-08
xdut.\$112                                3.63
xdut.\$114                                3.63
xdut.\$115                               1.815
xdut.\$116                                3.63
xdut.\$118                          1.4491e-08
xdut.\$12                                1.815
xdut.\$120                                3.63
xdut.\$122                                3.63
xdut.\$123                               1.815
xdut.\$124                                3.63
xdut.\$126                         1.46642e-08
xdut.\$128                                3.63
xdut.\$13                                 3.63
xdut.\$130                                3.63
xdut.\$131                               1.815
xdut.\$132                                3.63
xdut.\$134                         1.51916e-08
xdut.\$136                                3.63
xdut.\$138                                3.63
xdut.\$139                               1.815
xdut.\$14                                1.815
xdut.\$140                                3.63
xdut.\$142                         1.57323e-08
xdut.\$144                                3.63
xdut.\$146                                3.63
xdut.\$147                               1.815
xdut.\$148                                3.63
xdut.\$15                                 3.63
xdut.\$150                         1.62756e-08
xdut.\$152                                3.63
xdut.\$154                                3.63
xdut.\$155                               1.815
xdut.\$16                                1.815
xdut.\$166                                3.63
xdut.\$167                                3.63
xdut.\$17                                 3.63
xdut.\$18                                1.815
xdut.\$19                                 3.63
xdut.\$20                                1.815
xdut.\$21                                 3.63
xdut.\$22                                1.815
xdut.\$23                                 3.63
xdut.\$24                                1.815
xdut.\$25                                 3.63
xdut.\$26                                1.815
xdut.\$27                          1.66228e-08
xdut.\$29                                 3.63
xdut.\$31                          1.60803e-08
xdut.\$33                                 3.63
xdut.\$35                          1.55402e-08
xdut.\$37                                 3.63
xdut.\$39                          1.50083e-08
xdut.\$41                                 3.63
xdut.\$43                          1.45357e-08
xdut.\$45                                 3.63
xdut.\$47                          1.46914e-08
xdut.\$49                                 3.63
xdut.\$51                          1.52037e-08
xdut.\$53                                 3.63
xdut.\$55                            1.574e-08
xdut.\$57                                 3.63
xdut.\$59                          1.62813e-08
xdut.\$61                                 3.63
xdut.\$65                                 3.63
xdut.\$67                                 3.63
xdut.\$69                                 3.63
xdut.\$71                                 3.63
xdut.\$73                                 3.63
xdut.\$75                                 3.63
xdut.\$77                                 3.63
xdut.\$79                                 3.63
xdut.\$81                                 3.63
xdut.\$83                                 3.63
xdut.\$85                           1.6618e-08
xdut.\$87                                 3.63
xdut.\$89                                 3.63
xdut.\$9                                  3.63
xdut.\$90                                1.815
xdut.\$92                                 3.63
xdut.\$94                           1.6074e-08
xdut.\$96                                 3.63
xdut.\$98                                 3.63
xdut.\$99                                1.815
se_topn                                2.11796
se_topp                                1.78156
se_ibias                              0.678004
xsecmp.xpre.ptail                      1.17037
xsecmp.pon                             3.62822
xsecmp.preamp_in1                      1.78156
xsecmp.pop                             2.17645
xsecmp.preamp_in2                      2.11796
xsecmp.xpre.xrlp.11                    3.62944
xsecmp.xpre.xrlp.21                    2.17702
xsecmp.xpre.xrln.11                       3.63
xsecmp.xpre.xrln.21                    3.62822
xsecmp.xlat.ltail                      2.81867
xsecmp.xlat.dip                           3.63
xsecmp.xlat.din                           3.63
xsecmp.outn                               3.63
xsecmp.outp                               3.63
xsecmp.sset                        1.89066e-08
xsecmp.srst                        1.89066e-08
xsecmp.xno1.ps                         3.35096
se_cmpb                                1.49495
xsecmp.xno2.ps                         3.35096
se_code                                      0
se_dacp                           -1.11022e-16
se_dacn                           -1.11022e-16
se_di                                  1.81057
se_err                                 605.645
se_aerrh                                     0
bseea#branch                                 0
bsee#branch                                  0
bsedi#branch                                 0
bsedacn#branch                               0
bsedacp#branch                               0
bsecode#branch                               0
lref#branch                        1.77934e-09
v.xsecmp.vpn#branch               -1.02552e-29
v.xsecmp.vpp#branch               -6.71407e-28
vsemode#branch                               0
vsestart#branch                              0
vsevinn#branch                     1.06733e-11
vsevinp#branch                     7.20846e-09
vcms#branch                       -2.14126e-08
vrefs#branch                      -1.77934e-09
vddc#branch                       -0.000701477
vddd#branch                       -9.20159e-09
vddt#branch                                  0
vcmpclkb#branch                              0
vcmpclk#branch                               0
vclk#branch                                  0
a.xsectrl.a_gn#branch_1_0          2.77556e-17
a.xsectrl.a_gn#branch_1_1                    0
a.xsectrl.a_gn#branch_1_2                    0
a.xsectrl.a_gn#branch_1_3          2.77556e-17
a.xsectrl.a_gn#branch_1_4                    0
a.xsectrl.a_gn#branch_1_5                    0
a.xsectrl.a_gn#branch_1_6          2.77556e-17
a.xsectrl.a_gn#branch_1_7                    0
a.xsectrl.a_gn#branch_1_8                    0
a.xsectrl.a_gn#branch_1_9          2.77556e-17
a.xsectrl.a_gn#branch_1_10                   0
a.xsectrl.a_gn#branch_1_11                   0
a.xsectrl.a_gn#branch_1_12         2.77556e-17
a.xsectrl.a_gn#branch_1_13                   0
a.xsectrl.a_gn#branch_1_14                   0
a.xsectrl.a_gn#branch_1_15         2.77556e-17
a.xsectrl.a_gn#branch_1_16                   0
a.xsectrl.a_gn#branch_1_17                   0
a.xsectrl.a_gn#branch_1_18         2.77556e-17
a.xsectrl.a_gn#branch_1_19                   0
a.xsectrl.a_gn#branch_1_20                   0
a.xsectrl.a_gn#branch_1_21         2.77556e-17
a.xsectrl.a_gn#branch_1_22                   0
a.xsectrl.a_gn#branch_1_23                   0
a.xsectrl.a_gn#branch_1_24         2.77556e-17
a.xsectrl.a_gn#branch_1_25                   0
a.xsectrl.a_gn#branch_1_26                   0
a.xsectrl.a_gn#branch_1_27         2.77556e-17
a.xsectrl.a_gn#branch_1_28                   0
a.xsectrl.a_gn#branch_1_29                   0
a.xsectrl.a_gn#branch_1_30         2.77556e-17
a.xsectrl.a_gn#branch_1_31                   0
a.xsectrl.a_gn#branch_1_32                   0
a.xsectrl.a_gn#branch_1_33         2.77556e-17
a.xsectrl.a_gn#branch_1_34                   0
a.xsectrl.a_gn#branch_1_35                   0
a.xsectrl.a_gn#branch_1_36         2.77556e-17
a.xsectrl.a_gn#branch_1_37                   0
a.xsectrl.a_gn#branch_1_38                   0
a.xsectrl.a_gn#branch_1_39         2.77556e-17
a.xsectrl.a_gn#branch_1_40                   0
a.xsectrl.a_gn#branch_1_41                   0
a.xsectrl.a_gn#branch_1_42         2.77556e-17
a.xsectrl.a_gn#branch_1_43                   0
a.xsectrl.a_gn#branch_1_44                   0
a.xsectrl.a_gn#branch_1_45         2.77556e-17
a.xsectrl.a_gn#branch_1_46                   0
a.xsectrl.a_gn#branch_1_47                   0
a.xsectrl.a_gn#branch_1_48         2.77556e-17
a.xsectrl.a_gn#branch_1_49                   0
a.xsectrl.a_gn#branch_1_50                   0
a.xsectrl.a_gn#branch_1_51         2.77556e-17
a.xsectrl.a_gn#branch_1_52                   0
a.xsectrl.a_gn#branch_1_53                   0
a.xsectrl.a_dout#branch_1_0                  0
a.xsectrl.a_dout#branch_1_1                  0
a.xsectrl.a_dout#branch_1_2                  0
a.xsectrl.a_dout#branch_1_3                  0
a.xsectrl.a_dout#branch_1_4                  0
a.xsectrl.a_dout#branch_1_5                  0
a.xsectrl.a_dout#branch_1_6                  0
a.xsectrl.a_dout#branch_1_7                  0
a.xsectrl.a_dout#branch_1_8                  0
a.xsectrl.a_dout#branch_1_9                  0
a.xsectrl.a_dout#branch_1_10                 0
a.xsectrl.a_dout#branch_1_11                 0
a.xsectrl.a_dout#branch_1_12                 0

 Reference value :  0.00000e+00
 Reference value :  2.95141e-09
 Reference value :  3.13554e-08
 Reference value :  6.26807e-08
 Reference value :  9.38653e-08
 Reference value :  1.25254e-07
 Reference value :  1.56664e-07
 Reference value :  1.88152e-07
 Reference value :  2.18821e-07
 Reference value :  2.50132e-07
 Reference value :  2.52971e-07
 Reference value :  2.81515e-07
 Reference value :  3.12754e-07
 Reference value :  3.17005e-07
 Reference value :  3.44450e-07
 Reference value :  3.77284e-07
 Reference value :  4.06314e-07
 Reference value :  4.37691e-07
 Reference value :  4.40486e-07
 Reference value :  4.69105e-07
 Reference value :  5.00832e-07
 Reference value :  5.31254e-07
 Reference value :  5.62600e-07
 Reference value :  5.65300e-07
 Reference value :  5.94169e-07
 Reference value :  6.27265e-07
 Reference value :  6.56315e-07
 Reference value :  6.87700e-07
 Reference value :  6.91006e-07
 Reference value :  7.19609e-07
 Reference value :  7.52410e-07
 Reference value :  7.81369e-07
 Reference value :  8.12565e-07
 Reference value :  8.15064e-07
 Reference value :  8.44061e-07
 Reference value :  8.75201e-07
 Reference value :  8.77667e-07
 Reference value :  9.06626e-07
 Reference value :  9.39565e-07
 Reference value :  9.69640e-07
 Reference value :  1.00243e-06
 Reference value :  1.00874e-06
 Reference value :  1.03208e-06
 Reference value :  1.09380e-06
 Reference value :  1.12532e-06
 Reference value :  1.15882e-06
 Reference value :  1.19222e-06
 Reference value :  1.25016e-06
 Reference value :  1.28125e-06
 Reference value :  1.31269e-06
 Reference value :  1.31537e-06
 Reference value :  1.34445e-06
 Reference value :  1.37748e-06
 Reference value :  1.40653e-06
 Reference value :  1.43818e-06
 Reference value :  1.46065e-06
 Reference value :  1.50000e-06
 Reference value :  1.50257e-06
 Reference value :  1.53142e-06
 Reference value :  1.56302e-06
 Reference value :  1.58817e-06
 Reference value :  1.62503e-06
 Reference value :  1.62764e-06
 Reference value :  1.65653e-06
 Reference value :  1.68827e-06
 Reference value :  1.71879e-06
 Reference value :  1.75015e-06
 Reference value :  1.75378e-06
 Reference value :  1.78192e-06
 Reference value :  1.81477e-06
 Reference value :  1.84384e-06
 Reference value :  1.87506e-06
 Reference value :  1.87756e-06
 Reference value :  1.90964e-06
 Reference value :  1.96876e-06
 Reference value :  2.00006e-06
 Reference value :  2.00259e-06
 Reference value :  2.02065e-06
 Reference value :  2.03198e-06
 Reference value :  2.06473e-06
 Reference value :  2.09466e-06
 Reference value :  2.15287e-06
 Reference value :  2.18770e-06
 Reference value :  2.21893e-06
 Reference value :  2.25267e-06
 Reference value :  2.28130e-06
 Reference value :  2.29259e-06
 Reference value :  2.31481e-06
 Reference value :  2.34420e-06
 Reference value :  2.37766e-06
 Reference value :  2.43751e-06
 Reference value :  2.44019e-06
 Reference value :  2.46896e-06
 Reference value :  2.50069e-06
 Reference value :  2.53125e-06
 Reference value :  2.56260e-06
 Reference value :  2.58617e-06
 Reference value :  2.62547e-06
 Reference value :  2.65640e-06
 Reference value :  2.69004e-06
 Reference value :  2.72248e-06
 Reference value :  2.75605e-06
 Reference value :  2.81256e-06
 Reference value :  2.83257e-06
 Reference value :  2.87512e-06
 Reference value :  2.89177e-06
 Reference value :  2.93780e-06
 Reference value :  2.96894e-06
 Reference value :  3.00047e-06
 Reference value :  3.00297e-06
 Reference value :  3.03140e-06
 Reference value :  3.06266e-06
 Reference value :  3.09387e-06
 Reference value :  3.12520e-06
 Reference value :  3.15684e-06
 Reference value :  3.19023e-06
 Reference value :  3.21937e-06
 Reference value :  3.25297e-06
 Reference value :  3.28189e-06
 Reference value :  3.31514e-06
 Reference value :  3.36368e-06
 Reference value :  3.37917e-06
 Reference value :  3.40704e-06
 Reference value :  3.43977e-06
 Reference value :  3.46880e-06
 Reference value :  3.50013e-06
 Reference value :  3.50279e-06
 Reference value :  3.53152e-06
 Reference value :  3.56332e-06
 Reference value :  3.59375e-06
 Reference value :  3.62510e-06
 Reference value :  3.62769e-06
 Reference value :  3.65651e-06
 Reference value :  3.68827e-06
 Reference value :  3.71880e-06
 Reference value :  3.75011e-06
 Reference value :  3.75278e-06
 Reference value :  3.78169e-06
 Reference value :  3.81282e-06
 Reference value :  3.81892e-06
 Reference value :  3.85950e-06
 Reference value :  3.87751e-06
 Reference value :  3.90670e-06
 Reference value :  3.93799e-06
 Reference value :  3.96895e-06
 Reference value :  4.00043e-06
 Reference value :  4.00294e-06
 Reference value :  4.03139e-06
 Reference value :  4.06300e-06
 Reference value :  4.09436e-06
 Reference value :  4.13903e-06
 Reference value :  4.18765e-06
 Reference value :  4.21885e-06
 Reference value :  4.25061e-06
 Reference value :  4.27857e-06
 Reference value :  4.31251e-06
 Reference value :  4.31562e-06
 Reference value :  4.37501e-06
 Reference value :  4.38299e-06
 Reference value :  4.42737e-06
 Reference value :  4.44355e-06
 Reference value :  4.46927e-06
 Reference value :  4.50060e-06
 Reference value :  4.51756e-06
 Reference value :  4.55428e-06
 Reference value :  4.56508e-06
 Reference value :  4.59395e-06
 Reference value :  4.62565e-06
 Reference value :  4.65628e-06
 Reference value :  4.68756e-06
 Reference value :  4.69023e-06
 Reference value :  4.71903e-06
 Reference value :  4.75162e-06
 Reference value :  4.78134e-06
 Reference value :  4.81270e-06
 Reference value :  4.81918e-06
 Reference value :  4.87503e-06
 Reference value :  4.88394e-06
 Reference value :  4.92181e-06
 Reference value :  4.96144e-06
 Reference value :  5.00001e-06
 Reference value :  5.00255e-06
 Reference value :  5.01926e-06
 Reference value :  5.03192e-06
 Reference value :  5.06473e-06
 Reference value :  5.09473e-06
 Reference value :  5.15633e-06
 Reference value :  5.18871e-06
 Reference value :  5.21919e-06
 Reference value :  5.25285e-06
 Reference value :  5.28173e-06
 Reference value :  5.31507e-06
 Reference value :  5.37347e-06
 Reference value :  5.38683e-06
 Reference value :  5.43751e-06
 Reference value :  5.44021e-06
 Reference value :  5.46901e-06
 Reference value :  5.50020e-06
 Reference value :  5.50290e-06
 Reference value :  5.53155e-06
 Reference value :  5.56324e-06
 Reference value :  5.59376e-06
 Reference value :  5.62506e-06
 Reference value :  5.62761e-06
 Reference value :  5.65643e-06
 Reference value :  5.68794e-06
 Reference value :  5.70041e-06
 Reference value :  5.71983e-06
 Reference value :  5.75241e-06
 Reference value :  5.78136e-06
 Reference value :  5.81262e-06
 Reference value :  5.81542e-06
 Reference value :  5.84427e-06
 Reference value :  5.87541e-06
 Reference value :  5.88034e-06
 Reference value :  5.90671e-06
 Reference value :  5.93996e-06
 Reference value :  5.98302e-06
 Reference value :  6.00246e-06
 Reference value :  6.01042e-06
 Reference value :  6.05698e-06
 Reference value :  6.09382e-06
 Reference value :  6.12519e-06
 Reference value :  6.15655e-06
 Reference value :  6.18807e-06
 Reference value :  6.21881e-06
 Reference value :  6.25012e-06
 Reference value :  6.25309e-06
 Reference value :  6.28180e-06
 Reference value :  6.31477e-06
 Reference value :  6.34382e-06
 Reference value :  6.37513e-06
 Reference value :  6.37785e-06
 Reference value :  6.40660e-06
 Reference value :  6.43787e-06
 Reference value :  6.44438e-06
 Reference value :  6.47256e-06
 Reference value :  6.50241e-06
 Reference value :  6.53136e-06
 Reference value :  6.56283e-06
 Reference value :  6.56913e-06
 Reference value :  6.60563e-06
 Reference value :  6.62753e-06
 Reference value :  6.65640e-06
 Reference value :  6.68797e-06
 Reference value :  6.71875e-06
 Reference value :  6.75006e-06
 Reference value :  6.75277e-06
 Reference value :  6.78168e-06
 Reference value :  6.81477e-06
 Reference value :  6.84383e-06
 Reference value :  6.87519e-06
 Reference value :  6.87785e-06
 Reference value :  6.90660e-06
 Reference value :  6.93784e-06
 Reference value :  6.96891e-06
 Reference value :  7.00036e-06
 Reference value :  7.00296e-06
 Reference value :  7.03143e-06
 Reference value :  7.06269e-06
 Reference value :  7.09389e-06
 Reference value :  7.12522e-06
 Reference value :  7.15672e-06
 Reference value :  7.18976e-06
 Reference value :  7.21922e-06
 Reference value :  7.25057e-06
 Reference value :  7.27959e-06
 Reference value :  7.28231e-06
 Reference value :  7.31477e-06
 Reference value :  7.34381e-06
 Reference value :  7.35509e-06
 Reference value :  7.37741e-06
 Reference value :  7.40633e-06
 Reference value :  7.43753e-06
 Reference value :  7.44005e-06
 Reference value :  7.46887e-06
 Reference value :  7.50040e-06
 Reference value :  7.52186e-06
 Reference value :  7.56256e-06
 Reference value :  7.56517e-06
 Reference value :  7.59395e-06
 Reference value :  7.62561e-06
 Reference value :  7.65640e-06
 Reference value :  7.68994e-06
 Reference value :  7.71885e-06
 Reference value :  7.75025e-06
 Reference value :  7.76464e-06
 Reference value :  7.79690e-06
 Reference value :  7.81505e-06
 Reference value :  7.84503e-06
 Reference value :  7.87756e-06
 Reference value :  7.90645e-06
 Reference value :  7.93805e-06
 Reference value :  7.96903e-06
 Reference value :  8.00064e-06
 Reference value :  8.00311e-06
 Reference value :  8.03153e-06
 Reference value :  8.06286e-06
 Reference value :  8.09416e-06
 Reference value :  8.12586e-06
 Reference value :  8.15692e-06
 Reference value :  8.18977e-06
 Reference value :  8.21887e-06
 Reference value :  8.25016e-06
 Reference value :  8.27595e-06
 Reference value :  8.28219e-06
 Reference value :  8.31477e-06
 Reference value :  8.34382e-06
 Reference value :  8.36941e-06
 Reference value :  8.37794e-06
 Reference value :  8.40669e-06
 Reference value :  8.43804e-06
 Reference value :  8.45195e-06
 Reference value :  8.49051e-06
 Reference value :  8.50252e-06
 Reference value :  8.53136e-06
 Reference value :  8.56285e-06
 Reference value :  8.57277e-06
 Reference value :  8.61360e-06
 Reference value :  8.62755e-06
 Reference value :  8.65639e-06
 Reference value :  8.68786e-06
 Reference value :  8.69624e-06
 Reference value :  8.72096e-06
 Reference value :  8.75246e-06
 Reference value :  8.78139e-06
 Reference value :  8.81282e-06
 Reference value :  8.83574e-06
 Reference value :  8.84444e-06
 Reference value :  8.87650e-06
 Reference value :  8.90630e-06
 Reference value :  8.92667e-06
 Reference value :  8.95547e-06
 Reference value :  8.99140e-06
 Reference value :  9.00252e-06
 Reference value :  9.03125e-06
 Reference value :  9.06263e-06
 Reference value :  9.09395e-06
 Reference value :  9.12570e-06
 Reference value :  9.15795e-06
 Reference value :  9.18999e-06
 Reference value :  9.21898e-06
 Reference value :  9.25040e-06
 Reference value :  9.26299e-06
 Reference value :  9.30063e-06
 Reference value :  9.31502e-06
 Reference value :  9.34385e-06
 Reference value :  9.37510e-06
 Reference value :  9.37758e-06
 Reference value :  9.40639e-06
 Reference value :  9.43782e-06
 Reference value :  9.44532e-06
 Reference value :  9.46922e-06
 Reference value :  9.50048e-06
 Reference value :  9.51874e-06
 Reference value :  9.55438e-06
 Reference value :  9.56508e-06
 Reference value :  9.59390e-06
 Reference value :  9.62556e-06
 Reference value :  9.65357e-06
 Reference value :  9.68760e-06
 Reference value :  9.69032e-06
 Reference value :  9.71924e-06
 Reference value :  9.75231e-06
 Reference value :  9.78141e-06
 Reference value :  9.81300e-06
 Reference value :  9.84381e-06
 Reference value :  9.87516e-06
 Reference value :  9.87773e-06
 Reference value :  9.90662e-06
 Reference value :  9.93949e-06
 Reference value :  9.97026e-06
 Reference value :  1.00023e-05
 Reference value :  1.00055e-05
 Reference value :  1.00551e-05
 Reference value :  1.00938e-05
 Reference value :  1.01252e-05
 Reference value :  1.01565e-05
 Reference value :  1.01880e-05
 Reference value :  1.02188e-05
 Reference value :  1.02501e-05
 Reference value :  1.02530e-05
 Reference value :  1.02817e-05
 Reference value :  1.03148e-05
 Reference value :  1.03438e-05
 Reference value :  1.03751e-05
 Reference value :  1.03776e-05
 Reference value :  1.04064e-05
 Reference value :  1.04380e-05
 Reference value :  1.04506e-05
 Reference value :  1.04949e-05
 Reference value :  1.05025e-05
 Reference value :  1.05314e-05
 Reference value :  1.05631e-05
 Reference value :  1.05871e-05
 Reference value :  1.06250e-05
 Reference value :  1.06277e-05
 Reference value :  1.06565e-05
 Reference value :  1.06885e-05
 Reference value :  1.07188e-05
 Reference value :  1.07502e-05
 Reference value :  1.07546e-05
 Reference value :  1.07832e-05
 Reference value :  1.08150e-05
 Reference value :  1.08439e-05
 Reference value :  1.08754e-05
 Reference value :  1.08847e-05
 Reference value :  1.09069e-05
 Reference value :  1.09380e-05
 Reference value :  1.09691e-05
 Reference value :  1.10008e-05
 Reference value :  1.10032e-05
 Reference value :  1.10319e-05
 Reference value :  1.10846e-05
 Reference value :  1.10983e-05
 Reference value :  1.11563e-05
 Reference value :  1.11764e-05
 Reference value :  1.11901e-05
 Reference value :  1.12192e-05
 Reference value :  1.12504e-05
 Reference value :  1.12634e-05
 Reference value :  1.12819e-05
 Reference value :  1.13136e-05
 Reference value :  1.13438e-05
 Reference value :  1.13539e-05
 Reference value :  1.13774e-05
 Reference value :  1.14063e-05
 Reference value :  1.14377e-05
 Reference value :  1.14404e-05
 Reference value :  1.14691e-05
 Reference value :  1.15008e-05
 Reference value :  1.15313e-05
 Reference value :  1.15625e-05
 Reference value :  1.15652e-05
 Reference value :  1.15940e-05
 Reference value :  1.16256e-05
 Reference value :  1.16563e-05
 Reference value :  1.16877e-05
 Reference value :  1.17189e-05
 Reference value :  1.17525e-05
 Reference value :  1.17814e-05
 Reference value :  1.18130e-05
 Reference value :  1.18438e-05
 Reference value :  1.18750e-05
 Reference value :  1.18776e-05
 Reference value :  1.19065e-05
 Reference value :  1.19381e-05
 Reference value :  1.19693e-05
 Reference value :  1.20004e-05
 Reference value :  1.20029e-05
 Reference value :  1.20316e-05
 Reference value :  1.20627e-05
 Reference value :  1.20939e-05
 Reference value :  1.21252e-05
 Reference value :  1.21566e-05
 Reference value :  1.21878e-05
 Reference value :  1.22175e-05
 Reference value :  1.22249e-05
 Reference value :  1.22529e-05
 Reference value :  1.22814e-05
 Reference value :  1.23127e-05
 Reference value :  1.23169e-05
 Reference value :  1.23443e-05
 Reference value :  1.23757e-05
 Reference value :  1.24063e-05
 Reference value :  1.24376e-05
 Reference value :  1.24402e-05
 Reference value :  1.24690e-05
 Reference value :  1.25007e-05
 Reference value :  1.25291e-05
 Reference value :  1.25625e-05
 Reference value :  1.25651e-05
 Reference value :  1.25940e-05
 Reference value :  1.26258e-05
 Reference value :  1.26563e-05
 Reference value :  1.26876e-05
 Reference value :  1.26906e-05
 Reference value :  1.27193e-05
 Reference value :  1.27523e-05
 Reference value :  1.27814e-05
 Reference value :  1.28127e-05
 Reference value :  1.28221e-05
 Reference value :  1.28444e-05
 Reference value :  1.28758e-05
 Reference value :  1.29063e-05
 Reference value :  1.29358e-05
 Reference value :  1.29688e-05
 Reference value :  1.30001e-05
 Reference value :  1.30027e-05
 Reference value :  1.30314e-05
 Reference value :  1.30626e-05
 Reference value :  1.30939e-05
 Reference value :  1.31252e-05
 Reference value :  1.31566e-05
 Reference value :  1.31882e-05
 Reference value :  1.32188e-05
 Reference value :  1.32502e-05
 Reference value :  1.32532e-05
 Reference value :  1.32817e-05
 Reference value :  1.33130e-05
 Reference value :  1.33438e-05
 Reference value :  1.33467e-05
 Reference value :  1.33773e-05
 Reference value :  1.34064e-05
 Reference value :  1.34376e-05
 Reference value :  1.34536e-05
 Reference value :  1.35002e-05
 Reference value :  1.35213e-05
 Reference value :  1.35630e-05
 Reference value :  1.35939e-05
 Reference value :  1.36276e-05
 Reference value :  1.36852e-05
 Reference value :  1.36912e-05
 Reference value :  1.37502e-05
 Reference value :  1.37814e-05
 Reference value :  1.38133e-05
 Reference value :  1.38438e-05
 Reference value :  1.38752e-05
 Reference value :  1.38796e-05
 Reference value :  1.39067e-05
 Reference value :  1.39381e-05
 Reference value :  1.39692e-05
 Reference value :  1.40013e-05
 Reference value :  1.40032e-05
 Reference value :  1.40317e-05
 Reference value :  1.40631e-05
 Reference value :  1.40945e-05
 Reference value :  1.41563e-05
 Reference value :  1.41875e-05
 Reference value :  1.41902e-05
 Reference value :  1.42193e-05
 Reference value :  1.42527e-05
 Reference value :  1.42813e-05
 Reference value :  1.43077e-05
 Reference value :  1.43150e-05
 Reference value :  1.43439e-05
 Reference value :  1.43751e-05
 Reference value :  1.43777e-05
 Reference value :  1.44065e-05
 Reference value :  1.44378e-05
 Reference value :  1.44418e-05
 Reference value :  1.44693e-05
 Reference value :  1.45023e-05
 Reference value :  1.45313e-05
 Reference value :  1.45628e-05
 Reference value :  1.45808e-05
 Reference value :  1.46250e-05
 Reference value :  1.46278e-05
 Reference value :  1.46567e-05
 Reference value :  1.46899e-05
 Reference value :  1.47189e-05
 Reference value :  1.47505e-05
 Reference value :  1.47813e-05
 Reference value :  1.48126e-05
 Reference value :  1.48166e-05
 Reference value :  1.48444e-05
 Reference value :  1.48756e-05
 Reference value :  1.48929e-05
 Reference value :  1.49087e-05
 Reference value :  1.49435e-05
 Reference value :  1.49906e-05
 Reference value :  1.50026e-05
 Reference value :  1.50313e-05
 Reference value :  1.50562e-05
 Reference value :  1.50938e-05
 Reference value :  1.51251e-05
 Reference value :  1.51564e-05
 Reference value :  1.51877e-05
 Reference value :  1.52063e-05
 Reference value :  1.52287e-05
 Reference value :  1.52529e-05
 Reference value :  1.52814e-05
 Reference value :  1.53128e-05
 Reference value :  1.53234e-05
 Reference value :  1.53536e-05
 Reference value :  1.53776e-05
 Reference value :  1.54065e-05
 Reference value :  1.54378e-05
 Reference value :  1.54431e-05
 Reference value :  1.54767e-05
 Reference value :  1.55025e-05
 Reference value :  1.55314e-05
 Reference value :  1.55630e-05
 Reference value :  1.55938e-05
 Reference value :  1.56251e-05
 Reference value :  1.56278e-05
 Reference value :  1.56569e-05
 Reference value :  1.56898e-05
 Reference value :  1.57188e-05
 Reference value :  1.57502e-05
 Reference value :  1.57729e-05
 Reference value :  1.58125e-05
 Reference value :  1.58153e-05
 Reference value :  1.58444e-05
 Reference value :  1.58773e-05
 Reference value :  1.59063e-05
 Reference value :  1.59376e-05
 Reference value :  1.59688e-05
 Reference value :  1.60001e-05
 Reference value :  1.60026e-05
 Reference value :  1.60313e-05
 Reference value :  1.60322e-05
 Reference value :  1.60701e-05
 Reference value :  1.60948e-05
 Reference value :  1.61491e-05
 Reference value :  1.61577e-05
 Reference value :  1.61900e-05
 Reference value :  1.62190e-05
 Reference value :  1.62502e-05
 Reference value :  1.62535e-05
 Reference value :  1.62817e-05
 Reference value :  1.63132e-05
 Reference value :  1.63438e-05
 Reference value :  1.63750e-05
 Reference value :  1.63843e-05
 Reference value :  1.64376e-05
 Reference value :  1.64688e-05
 Reference value :  1.65006e-05
 Reference value :  1.65314e-05
 Reference value :  1.65630e-05
 Reference value :  1.65833e-05
 Reference value :  1.66175e-05
 Reference value :  1.66276e-05
 Reference value :  1.66565e-05
 Reference value :  1.66882e-05
 Reference value :  1.67188e-05
 Reference value :  1.67501e-05
 Reference value :  1.67529e-05
 Reference value :  1.67819e-05
 Reference value :  1.68148e-05
 Reference value :  1.68439e-05
 Reference value :  1.68752e-05
 Reference value :  1.68780e-05
 Reference value :  1.69067e-05
 Reference value :  1.69379e-05
 Reference value :  1.69690e-05
 Reference value :  1.70005e-05
 Reference value :  1.70030e-05
 Reference value :  1.70317e-05
 Reference value :  1.70938e-05
 Reference value :  1.71255e-05
 Reference value :  1.71876e-05
 Reference value :  1.72188e-05
 Reference value :  1.72527e-05
 Reference value :  1.72813e-05
 Reference value :  1.73125e-05
 Reference value :  1.73151e-05
 Reference value :  1.73443e-05
 Reference value :  1.73774e-05
 Reference value :  1.74065e-05
 Reference value :  1.74377e-05
 Reference value :  1.74688e-05
 Reference value :  1.75004e-05
 Reference value :  1.75314e-05
 Reference value :  1.75650e-05
 Reference value :  1.76095e-05
 Reference value :  1.76280e-05
 Reference value :  1.76578e-05
 Reference value :  1.76900e-05
 Reference value :  1.77189e-05
 Reference value :  1.77507e-05
 Reference value :  1.77813e-05
 Reference value :  1.78129e-05
 Reference value :  1.78438e-05
 Reference value :  1.78752e-05
 Reference value :  1.79063e-05
 Reference value :  1.79376e-05
 Reference value :  1.79688e-05
 Reference value :  1.80002e-05
 Reference value :  1.80028e-05
 Reference value :  1.80314e-05
 Reference value :  1.80626e-05
 Reference value :  1.80939e-05
 Reference value :  1.81252e-05
 Reference value :  1.81565e-05
 Reference value :  1.81881e-05
 Reference value :  1.82189e-05
 Reference value :  1.82504e-05
 Reference value :  1.82599e-05
 Reference value :  1.82828e-05
 Reference value :  1.83150e-05
 Reference value :  1.83441e-05
 Reference value :  1.83773e-05
 Reference value :  1.84064e-05
 Reference value :  1.84380e-05
 Reference value :  1.84688e-05
 Reference value :  1.85001e-05
 Reference value :  1.85028e-05
 Reference value :  1.85318e-05
 Reference value :  1.85649e-05
 Reference value :  1.85938e-05
 Reference value :  1.86252e-05
 Reference value :  1.86288e-05
 Reference value :  1.86628e-05
 Reference value :  1.86900e-05
 Reference value :  1.87319e-05
 Reference value :  1.87667e-05
 Reference value :  1.87821e-05
 Reference value :  1.88148e-05
 Reference value :  1.88439e-05
 Reference value :  1.88740e-05
 Reference value :  1.88776e-05
 Reference value :  1.89064e-05
 Reference value :  1.89379e-05
 Reference value :  1.89690e-05
 Reference value :  1.90005e-05
 Reference value :  1.90030e-05
 Reference value :  1.90314e-05
 Reference value :  1.90626e-05
 Reference value :  1.90938e-05
 Reference value :  1.91251e-05
 Reference value :  1.91564e-05
 Reference value :  1.91877e-05
 Reference value :  1.92175e-05
 Reference value :  1.92502e-05
 Reference value :  1.92535e-05
 Reference value :  1.92817e-05
 Reference value :  1.93132e-05
 Reference value :  1.93438e-05
 Reference value :  1.93752e-05
 Reference value :  1.93798e-05
 Reference value :  1.94072e-05
 Reference value :  1.94398e-05
 Reference value :  1.94688e-05
 Reference value :  1.95002e-05
 Reference value :  1.95056e-05
 Reference value :  1.95438e-05
 Reference value :  1.95651e-05
 Reference value :  1.95941e-05
 Reference value :  1.96273e-05
 Reference value :  1.96563e-05
 Reference value :  1.96876e-05
 Reference value :  1.96919e-05
 Reference value :  1.97311e-05
 Reference value :  1.97526e-05
 Reference value :  1.97816e-05
 Reference value :  1.98137e-05
 Reference value :  1.98438e-05
 Reference value :  1.98750e-05
 Reference value :  1.98776e-05
 Reference value :  1.99064e-05
 Reference value :  1.99377e-05
 Reference value :  1.99689e-05
No. of Data Rows : 50357
e1                  =  1.01892e+00
x1                  =  1.11819e+01 at=  2.28143e-06
cd1                 =  2.00000e+00
e2                  =  9.71434e-01
x2                  =  1.11564e+01 at=  3.28143e-06
cd2                 =  3.00000e+00
e128                =  6.08764e-01
x128                =  8.01622e+00 at=  4.28143e-06
cd128               =  1.28000e+02
e129                =  7.27859e-01
x129                =  8.11210e+00 at=  5.28143e-06
cd129               =  1.29000e+02
e255                =  3.71013e-01
x255                =  5.08150e+00 at=  6.31263e-06
cd255               =  2.55000e+02
e256                =  4.83186e-01
x256                =  5.18343e+00 at=  7.31263e-06
cd256               =  2.56000e+02
e257                =  4.90877e-01
x257                =  5.16389e+00 at=  8.31263e-06
cd257               =  2.57000e+02
e384                =  1.15989e-01
x384                =  2.56232e+00 at=  9.31263e-06
cd384               =  3.84000e+02
e511                =  -9.86760e-02
x511                =  4.81567e+00 at=  1.03751e-05
cd511               =  5.11000e+02
e512                =  -6.92837e-03
x512                =  4.77905e+00 at=  1.13440e-05
cd512               =  5.12000e+02
e513                =  1.26131e-02
x513                =  4.77845e+00 at=  1.23440e-05
cd513               =  5.13000e+02
e640                =  -3.21710e-01
x640                =  2.80185e+00 at=  1.33126e-05
cd640               =  6.40000e+02
e767                =  -5.85319e-01
x767                =  5.31563e+00 at=  1.43126e-05
cd767               =  7.66000e+02
e768                =  -4.09966e-01
x768                =  5.21197e+00 at=  1.53126e-05
cd768               =  7.68000e+02
e769                =  -4.67659e-01
x769                =  5.23178e+00 at=  1.63126e-05
cd769               =  7.68000e+02
e896                =  -9.40230e-01
x896                =  7.88900e+00 at=  1.73126e-05
cd896               =  8.95000e+02
e1022               =  -1.06925e+00
x1022               =  1.04486e+01 at=  1.83126e-05
cd1022              =  1.02100e+03
e1023               =  -9.80939e-01
x1023               =  1.03494e+01 at=  1.93126e-05
cd1023              =  1.02200e+03
vrefhi              =  3.63034e+00 at=  1.73149e-05
vreflo              =  3.62966e+00 at=  1.65104e-05
m_terr_t1_lsb = 1.0189220000e+00
m_decerr_t1_lsb = 1.1181920000e+01
m_code_t1 = 2.0000000000e+00
m_terr_t2_lsb = 9.7143370000e-01
m_decerr_t2_lsb = 1.1156390000e+01
m_code_t2 = 3.0000000000e+00
m_terr_t128_lsb = 6.0876380000e-01
m_decerr_t128_lsb = 8.0162170000e+00
m_code_t128 = 1.2800000000e+02
m_terr_t129_lsb = 7.2785850000e-01
m_decerr_t129_lsb = 8.1121010000e+00
m_code_t129 = 1.2900000000e+02
m_terr_t255_lsb = 3.7101310000e-01
m_decerr_t255_lsb = 5.0815020000e+00
m_code_t255 = 2.5500000000e+02
m_terr_t256_lsb = 4.8318620000e-01
m_decerr_t256_lsb = 5.1834260000e+00
m_code_t256 = 2.5600000000e+02
m_terr_t257_lsb = 4.9087710000e-01
m_decerr_t257_lsb = 5.1638950000e+00
m_code_t257 = 2.5700000000e+02
m_terr_t384_lsb = 1.1598890000e-01
m_decerr_t384_lsb = 2.5623190000e+00
m_code_t384 = 3.8400000000e+02
m_terr_t511_lsb = -9.867603000e-02
m_decerr_t511_lsb = 4.8156740000e+00
m_code_t511 = 5.1100000000e+02
m_terr_t512_lsb = -6.928373000e-03
m_decerr_t512_lsb = 4.7790490000e+00
m_code_t512 = 5.1200000000e+02
m_terr_t513_lsb = 1.2613150000e-02
m_decerr_t513_lsb = 4.7784520000e+00
m_code_t513 = 5.1300000000e+02
m_terr_t640_lsb = -3.217096000e-01
m_decerr_t640_lsb = 2.8018530000e+00
m_code_t640 = 6.4000000000e+02
m_terr_t767_lsb = -5.853192000e-01
m_decerr_t767_lsb = 5.3156320000e+00
m_code_t767 = 7.6600000000e+02
m_terr_t768_lsb = -4.099659000e-01
m_decerr_t768_lsb = 5.2119660000e+00
m_code_t768 = 7.6800000000e+02
m_terr_t769_lsb = -4.676588000e-01
m_decerr_t769_lsb = 5.2317790000e+00
m_code_t769 = 7.6800000000e+02
m_terr_t896_lsb = -9.402295000e-01
m_decerr_t896_lsb = 7.8890010000e+00
m_code_t896 = 8.9500000000e+02
m_terr_t1022_lsb = -1.069249000e+00
m_decerr_t1022_lsb = 1.0448600000e+01
m_code_t1022 = 1.0210000000e+03
m_terr_t1023_lsb = -9.809395000e-01
m_decerr_t1023_lsb = 1.0349350000e+01
m_code_t1023 = 1.0220000000e+03
m_inl_t1_lsb = 0.0000000000e+00
m_inl_t2_lsb = -4.553148836e-02
m_inl_t128_lsb = -1.616431212e-01
m_inl_t129_lsb = -4.059160959e-02
m_inl_t255_lsb = -1.508787425e-01
m_inl_t256_lsb = -3.674883082e-02
m_inl_t257_lsb = -2.710111918e-02
m_inl_t384_lsb = -1.534742404e-01
m_inl_t511_lsb = -1.196240916e-01
m_inl_t512_lsb = -2.591962300e-02
m_inl_t513_lsb = -4.421288356e-03
m_inl_t640_lsb = -9.022895959e-02
m_inl_t767_lsb = -1.053234808e-01
m_inl_t768_lsb = 7.1986630822e-02
m_inl_t769_lsb = 1.6250542466e-02
m_inl_t896_lsb = -2.078050788e-01
m_inl_t1022_lsb = -9.026631164e-02
m_inl_t1023_lsb = 0.0000000000e+00
m_dnl_t1_t2_lsb = -4.748830000e-02
m_dnl_t128_t129_lsb = 1.1909470000e-01
m_dnl_t255_t256_lsb = 1.1217310000e-01
m_dnl_t256_t257_lsb = 7.6909000000e-03
m_dnl_t511_t512_lsb = 9.1747657000e-02
m_dnl_t512_t513_lsb = 1.9541523000e-02
m_dnl_t767_t768_lsb = 1.7535330000e-01
m_dnl_t768_t769_lsb = -5.769290000e-02
m_dnl_t1022_t1023_lsb = 8.8309500000e-02
m_gain_err_lsb = -2.001818312e+00
m_vref_droop_mv = 6.7900000000e-01
Note: Simulation executed from .control section 

Note: Starting dynamic gmin stepping
Warning: Dynamic gmin stepping failed
Note: Starting true gmin stepping
Note: True gmin stepping completed
