
Note: No compatibility mode selected!


Circuit: * adc-power @ ff_27c_3.63v -- generated by sim/harness, do not edit

Reducing trtol to 1 for xspice 'A' devices
Doing analysis at TEMP = 27.000000 and TNOM = 27.000000

Using SPARSE 1.3 as Direct Linear Solver

Initial Transient Solution
--------------------------

Node                                   Voltage
----                                   -------
clk                                          0
cmpclk                                       0
cmpclkb                                   3.63
vddt                                      3.63
vddd                                      3.63
vddc                                      3.63
vrefs                                     3.63
vrefn                                     3.63
vcmn                                     1.815
se_vinp                                      0
se_vinn                                  1.815
se_start                                     0
se_mode                                      0
se_cmp                             2.54721e-09
se_samp_tp_n                                 0
se_sel_in_n                                  0
se_drdy                                   3.63
se_c9                                        0
se_c8                                        0
se_c7                                        0
se_c6                                        0
se_c5                                        0
se_c4                                        0
se_c3                                        0
se_c2                                        0
se_c1                                        0
se_c0                                        0
se_rel_n_256p                             3.63
se_sel_hi_n_256p                             0
se_sel_lo_n_256p                             0
se_rel_n_128p                             3.63
se_sel_hi_n_128p                             0
se_sel_lo_n_128p                             0
se_rel_n_64p                              3.63
se_sel_hi_n_64p                              0
se_sel_lo_n_64p                              0
se_rel_n_32p                              3.63
se_sel_hi_n_32p                              0
se_sel_lo_n_32p                              0
se_rel_n_16p                              3.63
se_sel_hi_n_16p                              0
se_sel_lo_n_16p                              0
se_rel_n_8p                               3.63
se_sel_hi_n_8p                               0
se_sel_lo_n_8p                               0
se_rel_n_4p                               3.63
se_sel_hi_n_4p                               0
se_sel_lo_n_4p                               0
se_rel_n_2p                               3.63
se_sel_hi_n_2p                               0
se_sel_lo_n_2p                               0
se_rel_n_1p                               3.63
se_sel_hi_n_1p                               0
se_sel_lo_n_1p                               0
se_rel_n_256n                             3.63
se_sel_hi_n_256n                             0
se_sel_lo_n_256n                             0
se_rel_n_128n                             3.63
se_sel_hi_n_128n                             0
se_sel_lo_n_128n                             0
se_rel_n_64n                              3.63
se_sel_hi_n_64n                              0
se_sel_lo_n_64n                              0
se_rel_n_32n                              3.63
se_sel_hi_n_32n                              0
se_sel_lo_n_32n                              0
se_rel_n_16n                              3.63
se_sel_hi_n_16n                              0
se_sel_lo_n_16n                              0
se_rel_n_8n                               3.63
se_sel_hi_n_8n                               0
se_sel_lo_n_8n                               0
se_rel_n_4n                               3.63
se_sel_hi_n_4n                               0
se_sel_lo_n_4n                               0
se_rel_n_2n                               3.63
se_sel_hi_n_2n                               0
se_sel_lo_n_2n                               0
se_rel_n_1n                               3.63
se_sel_hi_n_1n                               0
se_sel_lo_n_1n                               0
se_pinp                            1.21737e-08
se_pinn                                  1.815
xdut.\$5__t0                              3.63
xdut.sel_in__t0                              0
xdut.vss__t0                       2.24275e-10
xdut.vss__t110                     1.69189e-10
xdut.\$7__t2                       2.82385e-09
xdut.rel_256_p__t2                        3.63
xdut.vss__t46                      2.67535e-10
xdut.vss__t111                     1.31183e-19
xdut.\$9__t2                              3.63
xdut.hi_256_p__t2                            0
xdut.vss__t45                      2.18066e-10
xdut.vss__t112                     1.64505e-10
xdut.\$11__t2                             3.63
xdut.lo_256_p__t2                            0
xdut.vss__t44                      2.14962e-10
xdut.vss__t113                     1.62164e-10
xdut.vinp__t0                      2.57215e-08
xdut.sel_in__t1                              0
xdut.\$12__t0                            1.815
xdut.vss__t184                     7.38118e-11
xdut.vcm__t27                            1.815
xdut.rel_256_p__t1                        3.63
xdut.\$12__t262                          1.815
xdut.vss__t185                     1.45247e-10
xdut.vref__t21                            3.63
xdut.hi_256_p__t1                            0
xdut.\$12__t261                          1.815
xdut.vss__t186                     2.16195e-10
xdut.vss__t24                      1.72077e-09
xdut.lo_256_p__t1                            0
xdut.\$12__t263                          1.815
xdut.vss__t187                     7.06376e-11
xdut.\$17__t2                             3.63
xdut.sel_in__t50                             0
xdut.vss__t94                      1.73357e-10
xdut.vss__t114                     1.30778e-10
xdut.\$19__t2                      2.76227e-09
xdut.rel_128_p__t2                        3.63
xdut.vss__t109                     2.05955e-10
xdut.vss__t115                     9.69643e-20
xdut.\$21__t2                             3.63
xdut.hi_128_p__t2                            0
xdut.vss__t96                      1.67168e-10
xdut.vss__t116                     1.26108e-10
xdut.\$23__t2                             3.63
xdut.lo_128_p__t2                            0
xdut.vss__t99                      1.64074e-10
xdut.vss__t117                     1.23775e-10
xdut.vinp__t12                     2.25343e-08
xdut.sel_in__t25                             0
xdut.\$24__t132                          1.815
xdut.vss__t188                     5.60329e-11
xdut.vcm__t30                            1.815
xdut.rel_128_p__t1                        3.63
xdut.\$24__t133                          1.815
xdut.vss__t189                     1.09759e-10
xdut.vref__t23                            3.63
xdut.hi_128_p__t1                            0
xdut.\$24__t134                          1.815
xdut.vss__t190                     1.62601e-10
xdut.vss__t25                      1.28788e-09
xdut.lo_128_p__t1                            0
xdut.\$24__t135                          1.815
xdut.vss__t191                     5.28676e-11
xdut.\$25__t2                             3.63
xdut.sel_in__t52                             0
xdut.vss__t102                     1.22681e-10
xdut.vss__t118                     9.25484e-11
xdut.\$27__t2                        2.701e-09
xdut.rel_64_p__t2                         3.63
xdut.vss__t103                     1.44684e-10
xdut.vss__t119                     6.53053e-20
xdut.\$29__t2                             3.63
xdut.hi_64_p__t2                             0
xdut.vss__t104                      1.1654e-10
xdut.vss__t120                      8.7916e-11
xdut.\$31__t2                             3.63
xdut.lo_64_p__t2                             0
xdut.vss__t105                     1.13474e-10
xdut.vss__t121                     8.56028e-11
xdut.vinp__t13                     1.93474e-08
xdut.sel_in__t26                             0
xdut.\$32__t68                           1.815
xdut.vss__t192                     3.83314e-11
xdut.vcm__t31                            1.815
xdut.rel_64_p__t1                         3.63
xdut.\$32__t69                           1.815
xdut.vss__t193                     7.44344e-11
xdut.vref__t32                            3.63
xdut.hi_64_p__t1                             0
xdut.\$32__t71                           1.815
xdut.vss__t194                     1.09271e-10
xdut.vss__t29                      8.57275e-10
xdut.lo_64_p__t1                             0
xdut.\$32__t70                           1.815
xdut.vss__t195                     3.51912e-11
xdut.\$33__t2                             3.63
xdut.sel_in__t46                             0
xdut.vss__t76                      7.27524e-11
xdut.vss__t122                     5.48832e-11
xdut.\$35__t2                      2.64071e-09
xdut.rel_32_p__t2                         3.63
xdut.vss__t75                      8.43982e-11
xdut.vss__t123                     3.64805e-20
xdut.\$37__t2                             3.63
xdut.hi_32_p__t2                             0
xdut.vss__t65                      6.68036e-11
xdut.vss__t124                     5.03955e-11
xdut.\$39__t2                             3.63
xdut.lo_32_p__t2                             0
xdut.vss__t70                      6.38498e-11
xdut.vss__t125                     4.81672e-11
xdut.vinp__t16                     1.61615e-08
xdut.sel_in__t31                             0
xdut.\$40__t37                           1.815
xdut.vss__t196                     2.09051e-11
xdut.vcm__t35                            1.815
xdut.rel_32_p__t1                         3.63
xdut.\$40__t38                           1.815
xdut.vss__t197                     3.97157e-11
xdut.vref__t30                            3.63
xdut.hi_32_p__t1                             0
xdut.\$40__t39                           1.815
xdut.vss__t198                     5.69536e-11
xdut.vss__t28                      4.35747e-10
xdut.lo_32_p__t1                             0
xdut.\$40__t36                           1.815
xdut.vss__t199                     1.78874e-11
xdut.\$41__t2                             3.63
xdut.sel_in__t45                             0
xdut.vss__t71                      2.79225e-11
xdut.vss__t126                     2.10643e-11
xdut.\$43__t2                      2.58772e-09
xdut.rel_16_p__t2                         3.63
xdut.vss__t72                      3.14092e-11
xdut.vss__t127                     1.30484e-20
xdut.\$45__t2                             3.63
xdut.hi_16_p__t2                             0
xdut.vss__t73                      2.42537e-11
xdut.vss__t128                     1.82966e-11
xdut.\$47__t2                             3.63
xdut.lo_16_p__t2                             0
xdut.vss__t74                      2.28408e-11
xdut.vss__t129                     1.72307e-11
xdut.vinp__t17                     1.29874e-08
xdut.sel_in__t32                             0
xdut.\$48__t23                           1.815
xdut.vss__t200                     6.54685e-12
xdut.vcm__t33                            1.815
xdut.rel_16_p__t1                         3.63
xdut.\$48__t20                           1.815
xdut.vss__t201                     1.25511e-11
xdut.vref__t29                            3.63
xdut.hi_16_p__t1                             0
xdut.\$48__t21                           1.815
xdut.vss__t202                     1.86963e-11
xdut.vss__t32                      1.53327e-10
xdut.lo_16_p__t1                             0
xdut.\$48__t22                           1.815
xdut.vss__t203                      6.2941e-12
xdut.\$49__t2                             3.63
xdut.sel_in__t38                             0
xdut.vss__t41                      3.88699e-11
xdut.vss__t130                     2.93228e-11
xdut.\$51__t2                      2.60655e-09
xdut.rel_8_p__t2                          3.63
xdut.vss__t67                      5.02372e-11
xdut.vss__t131                     2.11702e-20
xdut.\$53__t2                             3.63
xdut.hi_8_p__t2                              0
xdut.vss__t83                      4.42517e-11
xdut.vss__t132                     3.33828e-11
xdut.\$55__t2                             3.63
xdut.lo_8_p__t2                              0
xdut.vss__t38                       4.7022e-11
xdut.vss__t133                     3.54726e-11
xdut.vinp__t11                       1.457e-08
xdut.sel_in__t24                             0
xdut.\$56__t12                           1.815
xdut.vss__t204                     1.69355e-11
xdut.vcm__t26                            1.815
xdut.rel_8_p__t1                          3.63
xdut.\$56__t13                           1.815
xdut.vss__t205                      3.5792e-11
xdut.vref__t20                            3.63
xdut.hi_8_p__t1                              0
xdut.\$56__t14                           1.815
xdut.vss__t206                     5.70769e-11
xdut.vss__t22                      4.85615e-10
xdut.lo_8_p__t1                              0
xdut.\$56__t15                           1.815
xdut.vss__t207                     1.99345e-11
xdut.\$57__t2                             3.63
xdut.sel_in__t51                             0
xdut.vss__t101                     8.65247e-11
xdut.vss__t134                     6.52727e-11
xdut.\$59__t2                      2.66464e-09
xdut.rel_4_p__t2                          3.63
xdut.vss__t100                     1.08327e-10
xdut.vss__t135                     4.76459e-20
xdut.\$61__t2                             3.63
xdut.hi_4_p__t2                              0
xdut.vss__t98                      9.25886e-11
xdut.vss__t136                     6.98472e-11
xdut.\$63__t2                             3.63
xdut.lo_4_p__t2                              0
xdut.vss__t97                      9.56289e-11
xdut.vss__t137                     7.21408e-11
xdut.vinp__t14                     1.77542e-08
xdut.sel_in__t28                             0
xdut.\$64__t11                           1.815
xdut.vss__t208                     3.41888e-11
xdut.vcm__t28                            1.815
xdut.rel_4_p__t1                          3.63
xdut.\$64__t10                           1.815
xdut.vss__t209                     7.03416e-11
xdut.vref__t22                            3.63
xdut.hi_4_p__t1                              0
xdut.\$64__t9                            1.815
xdut.vss__t210                       1.094e-10
xdut.vss__t23                      9.09292e-10
xdut.lo_4_p__t1                              0
xdut.\$64__t8                            1.815
xdut.vss__t211                     3.73265e-11
xdut.\$65__t2                             3.63
xdut.sel_in__t49                             0
xdut.vss__t93                      1.36772e-10
xdut.vss__t138                     1.03179e-10
xdut.\$67__t2                      2.72548e-09
xdut.rel_2_p__t2                          3.63
xdut.vss__t92                      1.69173e-10
xdut.vss__t139                     7.76733e-20
xdut.\$69__t2                             3.63
xdut.hi_2_p__t2                              0
xdut.vss__t85                      1.42939e-10
xdut.vss__t140                     1.07831e-10
xdut.\$71__t2                             3.63
xdut.lo_2_p__t2                              0
xdut.vss__t84                      1.46024e-10
xdut.vss__t141                     1.10158e-10
xdut.vinp__t10                     2.09408e-08
xdut.sel_in__t23                             0
xdut.\$72__t6                            1.815
xdut.vss__t212                     5.18561e-11
xdut.vcm__t32                            1.815
xdut.rel_2_p__t1                          3.63
xdut.\$72__t7                            1.815
xdut.vss__t213                     1.05632e-10
xdut.vref__t27                            3.63
xdut.hi_2_p__t1                              0
xdut.\$72__t8                            1.815
xdut.vss__t214                     1.62731e-10
xdut.vss__t30                      1.34033e-09
xdut.lo_2_p__t1                              0
xdut.\$72__t9                            1.815
xdut.vss__t215                     5.50205e-11
xdut.\$73__t2                             3.63
xdut.sel_in__t39                             0
xdut.vss__t48                       1.8754e-10
xdut.vss__t142                     1.41477e-10
xdut.\$75__t2                      2.78692e-09
xdut.rel_1_p__t2                          3.63
xdut.vss__t47                      2.30604e-10
xdut.vss__t143                     1.10372e-19
xdut.\$77__t2                             3.63
xdut.hi_1_p__t2                              0
xdut.vss__t43                      1.93739e-10
xdut.vss__t144                     1.46153e-10
xdut.\$79__t2                             3.63
xdut.lo_1_p__t2                              0
xdut.vss__t42                       1.9684e-10
xdut.vss__t145                     1.48492e-10
xdut.vinp__t15                     2.41279e-08
xdut.sel_in__t30                             0
xdut.\$80__t8                            1.815
xdut.vss__t216                     6.96229e-11
xdut.vcm__t34                            1.815
xdut.rel_1_p__t1                          3.63
xdut.\$80__t7                            1.815
xdut.vss__t217                     1.41109e-10
xdut.vref__t28                            3.63
xdut.hi_1_p__t1                              0
xdut.\$80__t6                            1.815
xdut.vss__t218                     2.16325e-10
xdut.vss__t21                      1.77337e-09
xdut.lo_1_p__t1                              0
xdut.\$80__t5                            1.815
xdut.vss__t219                     7.27967e-11
xdut.\$127__t2                            3.63
xdut.sel_in__t53                             0
xdut.vss__t107                     2.23798e-10
xdut.vss__t146                     1.68829e-10
xdut.\$129__t2                     2.82326e-09
xdut.rel_256_n__t2                        3.63
xdut.vss__t108                      2.6695e-10
xdut.vss__t147                     1.30846e-19
xdut.\$92__t2                             3.63
xdut.hi_256_n__t2                            0
xdut.vss__t95                      2.17575e-10
xdut.vss__t148                     1.64135e-10
xdut.\$94__t2                             3.63
xdut.lo_256_n__t2                            0
xdut.vss__t55                      2.14464e-10
xdut.vss__t149                     1.61788e-10
xdut.vinn__t13                           1.815
xdut.sel_in__t29                             0
xdut.\$81__t261                          1.815
xdut.vss__t220                     1.47383e-10
xdut.vcm__t41                            1.815
xdut.rel_256_n__t1                        3.63
xdut.\$81__t263                          1.815
xdut.vss__t221                     1.45271e-10
xdut.vref__t26                            3.63
xdut.hi_256_n__t1                            0
xdut.\$81__t260                          1.815
xdut.vss__t222                     2.16232e-10
xdut.vss__t31                      1.72107e-09
xdut.lo_256_n__t1                            0
xdut.\$81__t262                          1.815
xdut.vss__t223                     7.06498e-11
xdut.\$130__t2                            3.63
xdut.sel_in__t43                             0
xdut.vss__t62                      1.72739e-10
xdut.vss__t150                     1.30312e-10
xdut.\$132__t2                     2.76151e-09
xdut.rel_128_n__t2                        3.63
xdut.vss__t63                      2.05194e-10
xdut.vss__t151                     9.65564e-20
xdut.\$96__t2                             3.63
xdut.hi_128_n__t2                            0
xdut.vss__t64                      1.66527e-10
xdut.vss__t152                     1.25625e-10
xdut.\$98__t2                             3.63
xdut.lo_128_n__t2                            0
xdut.vss__t106                     1.63421e-10
xdut.vss__t153                     1.23282e-10
xdut.vinn__t17                           1.815
xdut.sel_in__t36                             0
xdut.\$83__t135                          1.815
xdut.vss__t224                     1.11896e-10
xdut.vcm__t40                            1.815
xdut.rel_128_n__t1                        3.63
xdut.\$83__t134                          1.815
xdut.vss__t225                      1.0979e-10
xdut.vref__t31                            3.63
xdut.hi_128_n__t1                            0
xdut.\$83__t133                          1.815
xdut.vss__t226                     1.62649e-10
xdut.vss__t33                      1.28828e-09
xdut.lo_128_n__t1                            0
xdut.\$83__t132                          1.815
xdut.vss__t227                     5.28839e-11
xdut.\$133__t2                            3.63
xdut.sel_in__t42                             0
xdut.vss__t56                      1.21806e-10
xdut.vss__t154                     9.18886e-11
xdut.\$135__t2                     2.69991e-09
xdut.rel_64_n__t2                         3.63
xdut.vss__t59                      1.43598e-10
xdut.vss__t155                      6.4766e-20
xdut.\$100__t2                            3.63
xdut.hi_64_n__t2                             0
xdut.vss__t60                      1.15619e-10
xdut.vss__t156                     8.72212e-11
xdut.\$102__t2                            3.63
xdut.lo_64_n__t2                             0
xdut.vss__t61                      1.12528e-10
xdut.vss__t157                      8.4889e-11
xdut.vinn__t14                           1.815
xdut.sel_in__t33                             0
xdut.\$84__t71                           1.815
xdut.vss__t228                     7.65707e-11
xdut.vcm__t36                            1.815
xdut.rel_64_n__t1                         3.63
xdut.\$84__t70                           1.815
xdut.vss__t229                     7.44804e-11
xdut.vref__t25                            3.63
xdut.hi_64_n__t1                             0
xdut.\$84__t68                           1.815
xdut.vss__t230                     1.09343e-10
xdut.vss__t26                       8.5787e-10
xdut.lo_64_n__t1                             0
xdut.\$84__t69                           1.815
xdut.vss__t231                     3.52156e-11
xdut.\$136__t2                            3.63
xdut.sel_in__t47                             0
xdut.vss__t77                      7.12676e-11
xdut.vss__t158                     5.37631e-11
xdut.\$138__t2                     2.63884e-09
xdut.rel_32_n__t2                         3.63
xdut.vss__t78                      8.25237e-11
xdut.vss__t159                     3.56212e-20
xdut.\$104__t2                            3.63
xdut.hi_32_n__t2                             0
xdut.vss__t79                      6.51834e-11
xdut.vss__t160                     4.91732e-11
xdut.\$106__t2                            3.63
xdut.lo_32_n__t2                             0
xdut.vss__t80                      6.21527e-11
xdut.vss__t161                     4.68869e-11
xdut.vinn__t12                           1.815
xdut.sel_in__t27                             0
xdut.\$85__t39                           1.815
xdut.vss__t232                     4.18175e-11
xdut.vcm__t29                            1.815
xdut.rel_32_n__t1                         3.63
xdut.\$85__t37                           1.815
xdut.vss__t233                     3.98019e-11
xdut.vref__t24                            3.63
xdut.hi_32_n__t1                             0
xdut.\$85__t38                           1.815
xdut.vss__t234                     5.70908e-11
xdut.vss__t20                      4.36917e-10
xdut.lo_32_n__t1                             0
xdut.\$85__t36                           1.815
xdut.vss__t235                     1.79354e-11
xdut.\$139__t2                            3.63
xdut.sel_in__t44                             0
xdut.vss__t66                      2.37871e-11
xdut.vss__t162                     1.79446e-11
xdut.\$141__t2                     2.58227e-09
xdut.rel_16_n__t2                         3.63
xdut.vss__t81                      2.59547e-11
xdut.vss__t163                     1.07375e-20
xdut.\$108__t2                            3.63
xdut.hi_16_n__t2                             0
xdut.vss__t68                      1.93494e-11
xdut.vss__t164                     1.45969e-11
xdut.\$110__t2                            3.63
xdut.lo_16_n__t2                             0
xdut.vss__t69                      1.75461e-11
xdut.vss__t165                     1.32365e-11
xdut.vinn__t9                            1.815
xdut.sel_in__t20                             0
xdut.\$86__t22                           1.815
xdut.vss__t236                       1.333e-11
xdut.vcm__t23                            1.815
xdut.rel_16_n__t1                         3.63
xdut.\$86__t20                           1.815
xdut.vss__t237                     1.28213e-11
xdut.vref__t18                            3.63
xdut.hi_16_n__t1                             0
xdut.\$86__t21                           1.815
xdut.vss__t238                     1.91101e-11
xdut.vss__t27                      1.56621e-10
xdut.lo_16_n__t1                             0
xdut.\$86__t23                           1.815
xdut.vss__t239                      6.4293e-12
xdut.\$142__t2                            3.63
xdut.sel_in__t48                             0
xdut.vss__t82                      3.60143e-11
xdut.vss__t166                     2.71685e-11
xdut.\$144__t2                     2.60333e-09
xdut.rel_8_n__t2                          3.63
xdut.vss__t91                        4.702e-11
xdut.vss__t167                     1.97665e-20
xdut.\$112__t2                            3.63
xdut.hi_8_n__t2                              0
xdut.vss__t90                      4.17657e-11
xdut.vss__t168                     3.15074e-11
xdut.\$114__t2                            3.63
xdut.lo_8_n__t2                              0
xdut.vss__t89                      4.46904e-11
xdut.vss__t169                     3.37136e-11
xdut.vinn__t16                           1.815
xdut.sel_in__t35                             0
xdut.\$87__t15                           1.815
xdut.vss__t240                     3.39118e-11
xdut.vcm__t39                            1.815
xdut.rel_8_n__t1                          3.63
xdut.\$87__t14                           1.815
xdut.vss__t241                     3.58877e-11
xdut.vref__t35                            3.63
xdut.hi_8_n__t1                              0
xdut.\$87__t13                           1.815
xdut.vss__t242                     5.72138e-11
xdut.vss__t36                      4.86665e-10
xdut.lo_8_n__t1                              0
xdut.\$87__t12                           1.815
xdut.vss__t243                     1.99776e-11
xdut.\$145__t2                            3.63
xdut.sel_in__t41                             0
xdut.vss__t54                        8.528e-11
xdut.vss__t170                     6.43338e-11
xdut.\$147__t2                     2.66318e-09
xdut.rel_4_n__t2                          3.63
xdut.vss__t88                      1.06873e-10
xdut.vss__t171                     4.69571e-20
xdut.\$116__t2                            3.63
xdut.hi_4_n__t2                              0
xdut.vss__t87                      9.14265e-11
xdut.vss__t172                     6.89706e-11
xdut.\$118__t2                            3.63
xdut.lo_4_n__t2                              0
xdut.vss__t86                      9.45042e-11
xdut.vss__t173                     7.12923e-11
xdut.vinn__t10                           1.815
xdut.sel_in__t21                             0
xdut.\$88__t11                           1.815
xdut.vss__t244                     6.83058e-11
xdut.vcm__t25                            1.815
xdut.rel_4_n__t1                          3.63
xdut.\$88__t10                           1.815
xdut.vss__t245                     7.03904e-11
xdut.vref__t19                            3.63
xdut.hi_4_n__t1                              0
xdut.\$88__t9                            1.815
xdut.vss__t246                     1.09472e-10
xdut.vss__t19                      9.09854e-10
xdut.lo_4_n__t1                              0
xdut.\$88__t8                            1.815
xdut.vss__t247                     3.73495e-11
xdut.\$148__t2                            3.63
xdut.sel_in__t37                             0
xdut.vss__t37                      1.35988e-10
xdut.vss__t174                     1.02587e-10
xdut.\$150__t2                     2.72456e-09
xdut.rel_2_n__t2                          3.63
xdut.vss__t53                      1.68246e-10
xdut.vss__t175                     7.71981e-20
xdut.\$120__t2                            3.63
xdut.hi_2_n__t2                              0
xdut.vss__t40                      1.42189e-10
xdut.vss__t176                     1.07265e-10
xdut.\$122__t2                            3.63
xdut.lo_2_n__t2                              0
xdut.vss__t39                       1.4529e-10
xdut.vss__t177                     1.09605e-10
xdut.vinn__t11                           1.815
xdut.sel_in__t22                             0
xdut.\$89__t6                            1.815
xdut.vss__t248                      1.0356e-10
xdut.vcm__t38                            1.815
xdut.rel_2_n__t1                          3.63
xdut.\$89__t9                            1.815
xdut.vss__t249                     1.05665e-10
xdut.vref__t34                            3.63
xdut.hi_2_n__t1                              0
xdut.\$89__t8                            1.815
xdut.vss__t250                     1.62779e-10
xdut.vss__t35                      1.34071e-09
xdut.lo_2_n__t1                              0
xdut.\$89__t7                            1.815
xdut.vss__t251                     5.50362e-11
xdut.\$151__t2                            3.63
xdut.sel_in__t40                             0
xdut.vss__t49                      1.86969e-10
xdut.vss__t178                     1.41046e-10
xdut.\$153__t2                     2.78624e-09
xdut.rel_1_n__t2                          3.63
xdut.vss__t50                      2.29924e-10
xdut.vss__t179                     1.09997e-19
xdut.\$124__t2                            3.63
xdut.hi_1_n__t2                              0
xdut.vss__t51                      1.93186e-10
xdut.vss__t180                     1.45737e-10
xdut.\$126__t2                            3.63
xdut.lo_1_n__t2                              0
xdut.vss__t52                      1.96296e-10
xdut.vss__t181                     1.48082e-10
xdut.vinn__t15                           1.815
xdut.sel_in__t34                             0
xdut.\$90__t8                            1.815
xdut.vss__t252                     1.39022e-10
xdut.vcm__t37                            1.815
xdut.rel_1_n__t1                          3.63
xdut.\$90__t7                            1.815
xdut.vss__t253                     1.41133e-10
xdut.vref__t33                            3.63
xdut.hi_1_n__t1                              0
xdut.\$90__t6                            1.815
xdut.vss__t254                     2.16362e-10
xdut.vss__t34                      1.77365e-09
xdut.lo_1_n__t1                              0
xdut.\$90__t5                            1.815
xdut.vss__t255                     7.28086e-11
xdut.\$157__t2                            3.63
xdut.tp_gn__t4                               0
xdut.vss__t57                      2.50048e-10
xdut.vss__t182                     1.88632e-10
xdut.vcm__t24                            1.815
xdut.tp_gn__t3                               0
xdut.topp__t513                        3.08101
xdut.vss__t256                     2.38351e-10
xdut.\$158__t2                            3.63
xdut.tp_gn__t5                               0
xdut.vss__t58                      2.63995e-10
xdut.vss__t183                     1.99153e-10
xdut.vcm__t22                            1.815
xdut.tp_gn__t2                               0
xdut.topn__t513                         1.5233
xdut.vss__t257                     1.71406e-10
xdut.\$5__t1                              3.63
xdut.sel_in__t2                              0
xdut.vdd__t0                              3.63
xdut.vdd__t1                              3.63
xdut.\$7__t1                       3.84727e-09
xdut.rel_256_p__t0                        3.63
xdut.vdd__t209                            3.63
xdut.vdd__t136                            3.63
xdut.\$9__t1                              3.63
xdut.hi_256_p__t0                            0
xdut.vdd__t208                            3.63
xdut.vdd__t135                            3.63
xdut.\$11__t1                             3.63
xdut.lo_256_p__t0                            0
xdut.vdd__t218                            3.63
xdut.vdd__t145                            3.63
xdut.vinp__t1                      1.48218e-08
xdut.\$5__t2                              3.63
xdut.\$12__t1                            1.815
xdut.vdd__t2                              3.63
xdut.vcm__t21                            1.815
xdut.\$7__t0                       3.66569e-09
xdut.\$12__t260                          1.815
xdut.vdd__t74                             3.63
xdut.vref__t3                             3.63
xdut.\$9__t0                              3.63
xdut.\$12__t258                          1.815
xdut.vdd__t13                             3.63
xdut.vss__t5                       3.32348e-10
xdut.\$11__t0                             3.63
xdut.\$12__t259                          1.815
xdut.vdd__t22                             3.63
xdut.\$17__t1                             3.63
xdut.sel_in__t19                             0
xdut.vdd__t220                            3.63
xdut.vdd__t147                            3.63
xdut.\$19__t1                      3.78569e-09
xdut.rel_128_p__t0                        3.63
xdut.vdd__t219                            3.63
xdut.vdd__t146                            3.63
xdut.\$21__t1                             3.63
xdut.hi_128_p__t0                            0
xdut.vdd__t206                            3.63
xdut.vdd__t133                            3.63
xdut.\$23__t1                             3.63
xdut.lo_128_p__t0                            0
xdut.vdd__t207                            3.63
xdut.vdd__t134                            3.63
xdut.vinp__t6                      1.41158e-08
xdut.\$17__t0                             3.63
xdut.\$24__t131                          1.815
xdut.vdd__t43                             3.63
xdut.vcm__t6                             1.815
xdut.\$19__t0                      3.60411e-09
xdut.\$24__t130                          1.815
xdut.vdd__t17                             3.63
xdut.vref__t4                             3.63
xdut.\$21__t0                             3.63
xdut.\$24__t129                          1.815
xdut.vdd__t16                             3.63
xdut.vss__t2                       2.36299e-10
xdut.\$23__t0                             3.63
xdut.\$24__t128                          1.815
xdut.vdd__t15                             3.63
xdut.\$25__t1                             3.63
xdut.sel_in__t16                             0
xdut.vdd__t210                            3.63
xdut.vdd__t137                            3.63
xdut.\$27__t1                      3.72441e-09
xdut.rel_64_p__t0                         3.63
xdut.vdd__t201                            3.63
xdut.vdd__t128                            3.63
xdut.\$29__t1                             3.63
xdut.hi_64_p__t0                             0
xdut.vdd__t217                            3.63
xdut.vdd__t144                            3.63
xdut.\$31__t1                             3.63
xdut.lo_64_p__t0                             0
xdut.vdd__t151                            3.63
xdut.vdd__t78                             3.63
xdut.vinp__t9                      1.34099e-08
xdut.\$25__t0                             3.63
xdut.\$32__t67                           1.815
xdut.vdd__t75                             3.63
xdut.vcm__t18                            1.815
xdut.\$27__t0                      3.54284e-09
xdut.\$32__t66                           1.815
xdut.vdd__t66                             3.63
xdut.vref__t15                            3.63
xdut.\$29__t0                             3.63
xdut.\$32__t65                           1.815
xdut.vdd__t64                             3.63
xdut.vss__t4                       1.40714e-10
xdut.\$31__t0                             3.63
xdut.\$32__t64                           1.815
xdut.vdd__t19                             3.63
xdut.\$33__t1                             3.63
xdut.sel_in__t4                              0
xdut.vdd__t156                            3.63
xdut.vdd__t83                             3.63
xdut.\$35__t1                      3.66413e-09
xdut.rel_32_p__t0                         3.63
xdut.vdd__t158                            3.63
xdut.vdd__t85                             3.63
xdut.\$37__t1                             3.63
xdut.hi_32_p__t0                             0
xdut.vdd__t160                            3.63
xdut.vdd__t87                             3.63
xdut.\$39__t1                             3.63
xdut.lo_32_p__t0                             0
xdut.vdd__t161                            3.63
xdut.vdd__t88                             3.63
xdut.vinp__t3                      1.27045e-08
xdut.\$33__t0                             3.63
xdut.\$40__t32                           1.815
xdut.vdd__t11                             3.63
xdut.vcm__t13                            1.815
xdut.\$35__t0                      3.48256e-09
xdut.\$40__t33                           1.815
xdut.vdd__t44                             3.63
xdut.vref__t10                            3.63
xdut.\$37__t0                             3.63
xdut.\$40__t34                           1.815
xdut.vdd__t45                             3.63
xdut.vss__t12                      4.84347e-11
xdut.\$39__t0                             3.63
xdut.\$40__t35                           1.815
xdut.vdd__t46                             3.63
xdut.\$41__t1                             3.63
xdut.sel_in__t18                             0
xdut.vdd__t215                            3.63
xdut.vdd__t142                            3.63
xdut.\$43__t1                      3.61114e-09
xdut.rel_16_p__t0                         3.63
xdut.vdd__t216                            3.63
xdut.vdd__t143                            3.63
xdut.\$45__t1                             3.63
xdut.hi_16_p__t0                             0
xdut.vdd__t154                            3.63
xdut.vdd__t81                             3.63
xdut.\$47__t1                             3.63
xdut.lo_16_p__t0                             0
xdut.vdd__t155                            3.63
xdut.vdd__t82                             3.63
xdut.vinp__t7                       1.2354e-08
xdut.\$41__t0                             3.63
xdut.\$48__t19                           1.815
xdut.vdd__t47                             3.63
xdut.vcm__t4                             1.815
xdut.\$43__t0                      3.42957e-09
xdut.\$48__t16                           1.815
xdut.vdd__t5                              3.63
xdut.vref__t2                             3.63
xdut.\$45__t0                             3.63
xdut.\$48__t17                           1.815
xdut.vdd__t12                             3.63
xdut.vss__t6                        5.8934e-11
xdut.\$47__t0                             3.63
xdut.\$48__t18                           1.815
xdut.vdd__t23                             3.63
xdut.\$49__t1                             3.63
xdut.sel_in__t14                             0
xdut.vdd__t198                            3.63
xdut.vdd__t125                            3.63
xdut.\$51__t1                      3.62997e-09
xdut.rel_8_p__t0                          3.63
xdut.vdd__t199                            3.63
xdut.vdd__t126                            3.63
xdut.\$53__t1                             3.63
xdut.hi_8_p__t0                              0
xdut.vdd__t191                            3.63
xdut.vdd__t118                            3.63
xdut.\$55__t1                             3.63
xdut.lo_8_p__t0                              0
xdut.vdd__t167                            3.63
xdut.vdd__t94                             3.63
xdut.vinp__t4                      1.30571e-08
xdut.\$49__t0                             3.63
xdut.\$56__t8                            1.815
xdut.vdd__t14                             3.63
xdut.vcm__t12                            1.815
xdut.\$51__t0                       3.4484e-09
xdut.\$56__t9                            1.815
xdut.vdd__t38                             3.63
xdut.vref__t9                             3.63
xdut.\$53__t0                             3.63
xdut.\$56__t10                           1.815
xdut.vdd__t39                             3.63
xdut.vss__t11                      1.52258e-10
xdut.\$55__t0                             3.63
xdut.\$56__t11                           1.815
xdut.vdd__t40                             3.63
xdut.\$57__t1                             3.63
xdut.sel_in__t11                             0
xdut.vdd__t186                            3.63
xdut.vdd__t113                            3.63
xdut.\$59__t1                      3.68806e-09
xdut.rel_4_p__t0                          3.63
xdut.vdd__t187                            3.63
xdut.vdd__t114                            3.63
xdut.\$61__t1                             3.63
xdut.hi_4_p__t0                              0
xdut.vdd__t188                            3.63
xdut.vdd__t115                            3.63
xdut.\$63__t1                             3.63
xdut.lo_4_p__t0                              0
xdut.vdd__t189                            3.63
xdut.vdd__t116                            3.63
xdut.vinp__t2                      1.37628e-08
xdut.\$57__t0                             3.63
xdut.\$64__t4                            1.815
xdut.vdd__t7                              3.63
xdut.vcm__t5                             1.815
xdut.\$59__t0                      3.50649e-09
xdut.\$64__t5                            1.815
xdut.vdd__t8                              3.63
xdut.vref__t1                             3.63
xdut.\$61__t0                             3.63
xdut.\$64__t6                            1.815
xdut.vdd__t9                              3.63
xdut.vss__t1                       2.47938e-10
xdut.\$63__t0                             3.63
xdut.\$64__t7                            1.815
xdut.vdd__t10                             3.63
xdut.\$65__t1                             3.63
xdut.sel_in__t10                             0
xdut.vdd__t183                            3.63
xdut.vdd__t110                            3.63
xdut.\$67__t1                       3.7489e-09
xdut.rel_2_p__t0                          3.63
xdut.vdd__t179                            3.63
xdut.vdd__t106                            3.63
xdut.\$69__t1                             3.63
xdut.hi_2_p__t0                              0
xdut.vdd__t180                            3.63
xdut.vdd__t107                            3.63
xdut.\$71__t1                             3.63
xdut.lo_2_p__t0                              0
xdut.vdd__t181                            3.63
xdut.vdd__t108                            3.63
xdut.vinp__t8                      1.44688e-08
xdut.\$65__t0                             3.63
xdut.\$72__t2                            1.815
xdut.vdd__t48                             3.63
xdut.vcm__t14                            1.815
xdut.\$67__t0                      3.56733e-09
xdut.\$72__t3                            1.815
xdut.vdd__t49                             3.63
xdut.vref__t11                            3.63
xdut.\$69__t0                             3.63
xdut.\$72__t4                            1.815
xdut.vdd__t50                             3.63
xdut.vss__t13                      3.44015e-10
xdut.\$71__t0                             3.63
xdut.\$72__t5                            1.815
xdut.vdd__t51                             3.63
xdut.\$73__t1                             3.63
xdut.sel_in__t9                              0
xdut.vdd__t182                            3.63
xdut.vdd__t109                            3.63
xdut.\$75__t1                      3.81033e-09
xdut.rel_1_p__t0                          3.63
xdut.vdd__t202                            3.63
xdut.vdd__t129                            3.63
xdut.\$77__t1                             3.63
xdut.hi_1_p__t0                              0
xdut.vdd__t168                            3.63
xdut.vdd__t95                             3.63
xdut.\$79__t1                             3.63
xdut.lo_1_p__t0                              0
xdut.vdd__t169                            3.63
xdut.vdd__t96                             3.63
xdut.vinp__t5                      1.51748e-08
xdut.\$73__t0                             3.63
xdut.\$80__t1                            1.815
xdut.vdd__t20                             3.63
xdut.vcm__t7                             1.815
xdut.\$75__t0                      3.62876e-09
xdut.\$80__t2                            1.815
xdut.vdd__t21                             3.63
xdut.vref__t12                            3.63
xdut.\$77__t0                             3.63
xdut.\$80__t3                            1.815
xdut.vdd__t52                             3.63
xdut.vss__t16                      4.40229e-10
xdut.\$79__t0                             3.63
xdut.\$80__t4                            1.815
xdut.vdd__t63                             3.63
xdut.\$127__t1                            3.63
xdut.sel_in__t17                             0
xdut.vdd__t214                            3.63
xdut.vdd__t141                            3.63
xdut.\$129__t1                     3.84668e-09
xdut.rel_256_n__t0                        3.63
xdut.vdd__t213                            3.63
xdut.vdd__t140                            3.63
xdut.\$92__t1                             3.63
xdut.hi_256_n__t0                            0
xdut.vdd__t212                            3.63
xdut.vdd__t139                            3.63
xdut.\$94__t1                             3.63
xdut.lo_256_n__t0                            0
xdut.vdd__t211                            3.63
xdut.vdd__t138                            3.63
xdut.vinn__t7                            1.815
xdut.\$127__t0                            3.63
xdut.\$81__t256                          1.815
xdut.vdd__t65                             3.63
xdut.vcm__t19                            1.815
xdut.\$129__t0                     3.66511e-09
xdut.\$81__t257                          1.815
xdut.vdd__t67                             3.63
xdut.vref__t16                            3.63
xdut.\$92__t0                             3.63
xdut.\$81__t258                          1.815
xdut.vdd__t68                             3.63
xdut.vss__t17                      3.34442e-10
xdut.\$94__t0                             3.63
xdut.\$81__t259                          1.815
xdut.vdd__t69                             3.63
xdut.\$130__t1                            3.63
xdut.sel_in__t15                             0
xdut.vdd__t205                            3.63
xdut.vdd__t132                            3.63
xdut.\$132__t1                     3.78492e-09
xdut.rel_128_n__t0                        3.63
xdut.vdd__t204                            3.63
xdut.vdd__t131                            3.63
xdut.\$96__t1                             3.63
xdut.hi_128_n__t0                            0
xdut.vdd__t203                            3.63
xdut.vdd__t130                            3.63
xdut.\$98__t1                             3.63
xdut.lo_128_n__t0                            0
xdut.vdd__t221                            3.63
xdut.vdd__t148                            3.63
xdut.vinn__t8                            1.815
xdut.\$130__t0                            3.63
xdut.\$83__t128                          1.815
xdut.vdd__t70                             3.63
xdut.vcm__t20                            1.815
xdut.\$132__t0                     3.60335e-09
xdut.\$83__t129                          1.815
xdut.vdd__t71                             3.63
xdut.vref__t17                            3.63
xdut.\$96__t0                             3.63
xdut.\$83__t130                          1.815
xdut.vdd__t72                             3.63
xdut.vss__t18                      2.39235e-10
xdut.\$98__t0                             3.63
xdut.\$83__t131                          1.815
xdut.vdd__t73                             3.63
xdut.\$133__t1                            3.63
xdut.sel_in__t7                              0
xdut.vdd__t174                            3.63
xdut.vdd__t101                            3.63
xdut.\$135__t1                     3.72333e-09
xdut.rel_64_n__t0                         3.63
xdut.vdd__t153                            3.63
xdut.vdd__t80                             3.63
xdut.\$100__t1                            3.63
xdut.hi_64_n__t0                             0
xdut.vdd__t159                            3.63
xdut.vdd__t86                             3.63
xdut.\$102__t1                            3.63
xdut.lo_64_n__t0                             0
xdut.vdd__t162                            3.63
xdut.vdd__t89                             3.63
xdut.vinn__t6                            1.815
xdut.\$133__t0                            3.63
xdut.\$84__t67                           1.815
xdut.vdd__t61                             3.63
xdut.vcm__t16                            1.815
xdut.\$135__t0                     3.54176e-09
xdut.\$84__t66                           1.815
xdut.vdd__t60                             3.63
xdut.vref__t14                            3.63
xdut.\$100__t0                            3.63
xdut.\$84__t65                           1.815
xdut.vdd__t59                             3.63
xdut.vss__t15                      1.45591e-10
xdut.\$102__t0                            3.63
xdut.\$84__t64                           1.815
xdut.vdd__t58                             3.63
xdut.\$136__t1                            3.63
xdut.sel_in__t3                              0
xdut.vdd__t149                            3.63
xdut.vdd__t76                             3.63
xdut.\$138__t1                     3.66225e-09
xdut.rel_32_n__t0                         3.63
xdut.vdd__t152                            3.63
xdut.vdd__t79                             3.63
xdut.\$104__t1                            3.63
xdut.hi_32_n__t0                             0
xdut.vdd__t150                            3.63
xdut.vdd__t77                             3.63
xdut.\$106__t1                            3.63
xdut.lo_32_n__t0                             0
xdut.vdd__t166                            3.63
xdut.vdd__t93                             3.63
xdut.vinn__t5                            1.815
xdut.\$136__t0                            3.63
xdut.\$85__t35                           1.815
xdut.vdd__t57                             3.63
xdut.vcm__t15                            1.815
xdut.\$138__t0                     3.48068e-09
xdut.\$85__t34                           1.815
xdut.vdd__t56                             3.63
xdut.vref__t13                            3.63
xdut.\$104__t0                            3.63
xdut.\$85__t33                           1.815
xdut.vdd__t55                             3.63
xdut.vss__t14                      6.11742e-11
xdut.\$106__t0                            3.63
xdut.\$85__t32                           1.815
xdut.vdd__t54                             3.63
xdut.\$139__t1                            3.63
xdut.sel_in__t5                              0
xdut.vdd__t165                            3.63
xdut.vdd__t92                             3.63
xdut.\$141__t1                     3.60569e-09
xdut.rel_16_n__t0                         3.63
xdut.vdd__t164                            3.63
xdut.vdd__t91                             3.63
xdut.\$108__t1                            3.63
xdut.hi_16_n__t0                             0
xdut.vdd__t163                            3.63
xdut.vdd__t90                             3.63
xdut.\$110__t1                            3.63
xdut.lo_16_n__t0                             0
xdut.vdd__t157                            3.63
xdut.vdd__t84                             3.63
xdut.vinn__t4                            1.815
xdut.\$139__t0                            3.63
xdut.\$86__t18                           1.815
xdut.vdd__t53                             3.63
xdut.vcm__t17                            1.815
xdut.\$141__t0                     3.42411e-09
xdut.\$86__t19                           1.815
xdut.vdd__t62                             3.63
xdut.vref__t0                             3.63
xdut.\$108__t0                            3.63
xdut.\$86__t16                           1.815
xdut.vdd__t6                              3.63
xdut.vss__t9                       6.97824e-11
xdut.\$110__t0                            3.63
xdut.\$86__t17                           1.815
xdut.vdd__t32                             3.63
xdut.\$142__t1                            3.63
xdut.sel_in__t12                             0
xdut.vdd__t190                            3.63
xdut.vdd__t117                            3.63
xdut.\$144__t1                     3.62675e-09
xdut.rel_8_n__t0                          3.63
xdut.vdd__t200                            3.63
xdut.vdd__t127                            3.63
xdut.\$112__t1                            3.63
xdut.hi_8_n__t0                              0
xdut.vdd__t192                            3.63
xdut.vdd__t119                            3.63
xdut.\$114__t1                            3.63
xdut.lo_8_n__t0                              0
xdut.vdd__t193                            3.63
xdut.vdd__t120                            3.63
xdut.vinn__t2                            1.815
xdut.\$142__t0                            3.63
xdut.\$87__t11                           1.815
xdut.vdd__t41                             3.63
xdut.vcm__t11                            1.815
xdut.\$144__t0                     3.44518e-09
xdut.\$87__t10                           1.815
xdut.vdd__t37                             3.63
xdut.vref__t8                             3.63
xdut.\$112__t0                            3.63
xdut.\$87__t9                            1.815
xdut.vdd__t36                             3.63
xdut.vss__t3                       1.56776e-10
xdut.\$114__t0                            3.63
xdut.\$87__t8                            1.815
xdut.vdd__t18                             3.63
xdut.\$145__t1                            3.63
xdut.sel_in__t13                             0
xdut.vdd__t194                            3.63
xdut.vdd__t121                            3.63
xdut.\$147__t1                      3.6866e-09
xdut.rel_4_n__t0                          3.63
xdut.vdd__t195                            3.63
xdut.vdd__t122                            3.63
xdut.\$116__t1                            3.63
xdut.hi_4_n__t0                              0
xdut.vdd__t196                            3.63
xdut.vdd__t123                            3.63
xdut.\$118__t1                            3.63
xdut.lo_4_n__t0                              0
xdut.vdd__t197                            3.63
xdut.vdd__t124                            3.63
xdut.vinn__t0                            1.815
xdut.\$145__t0                            3.63
xdut.\$88__t4                            1.815
xdut.vdd__t24                             3.63
xdut.vcm__t8                             1.815
xdut.\$147__t0                     3.50503e-09
xdut.\$88__t5                            1.815
xdut.vdd__t25                             3.63
xdut.vref__t5                             3.63
xdut.\$116__t0                            3.63
xdut.\$88__t6                            1.815
xdut.vdd__t26                             3.63
xdut.vss__t7                       2.50739e-10
xdut.\$118__t0                            3.63
xdut.\$88__t7                            1.815
xdut.vdd__t27                             3.63
xdut.\$148__t1                            3.63
xdut.sel_in__t6                              0
xdut.vdd__t170                            3.63
xdut.vdd__t97                             3.63
xdut.\$150__t1                     3.74798e-09
xdut.rel_2_n__t0                          3.63
xdut.vdd__t171                            3.63
xdut.vdd__t98                             3.63
xdut.\$120__t1                            3.63
xdut.hi_2_n__t0                              0
xdut.vdd__t172                            3.63
xdut.vdd__t99                             3.63
xdut.\$122__t1                            3.63
xdut.lo_2_n__t0                              0
xdut.vdd__t173                            3.63
xdut.vdd__t100                            3.63
xdut.vinn__t1                            1.815
xdut.\$148__t0                            3.63
xdut.\$89__t2                            1.815
xdut.vdd__t28                             3.63
xdut.vcm__t9                             1.815
xdut.\$150__t0                      3.5664e-09
xdut.\$89__t3                            1.815
xdut.vdd__t29                             3.63
xdut.vref__t6                             3.63
xdut.\$120__t0                            3.63
xdut.\$89__t4                            1.815
xdut.vdd__t30                             3.63
xdut.vss__t8                       3.46039e-10
xdut.\$122__t0                            3.63
xdut.\$89__t5                            1.815
xdut.vdd__t31                             3.63
xdut.\$151__t1                            3.63
xdut.sel_in__t8                              0
xdut.vdd__t175                            3.63
xdut.vdd__t102                            3.63
xdut.\$153__t1                     3.80965e-09
xdut.rel_1_n__t0                          3.63
xdut.vdd__t176                            3.63
xdut.vdd__t103                            3.63
xdut.\$124__t1                            3.63
xdut.hi_1_n__t0                              0
xdut.vdd__t177                            3.63
xdut.vdd__t104                            3.63
xdut.\$126__t1                            3.63
xdut.lo_1_n__t0                              0
xdut.vdd__t178                            3.63
xdut.vdd__t105                            3.63
xdut.vinn__t3                            1.815
xdut.\$151__t0                            3.63
xdut.\$90__t4                            1.815
xdut.vdd__t42                             3.63
xdut.vcm__t10                            1.815
xdut.\$153__t0                     3.62808e-09
xdut.\$90__t1                            1.815
xdut.vdd__t33                             3.63
xdut.vref__t7                             3.63
xdut.\$124__t0                            3.63
xdut.\$90__t2                            1.815
xdut.vdd__t34                             3.63
xdut.vss__t10                      4.41812e-10
xdut.\$126__t0                            3.63
xdut.\$90__t3                            1.815
xdut.vdd__t35                             3.63
xdut.\$157__t1                            3.63
xdut.tp_gn__t0                               0
xdut.vdd__t184                            3.63
xdut.vdd__t111                            3.63
xdut.vcm__t3                             1.815
xdut.\$157__t0                            3.63
xdut.topp__t512                        3.08101
xdut.vdd__t4                              3.63
xdut.\$158__t1                            3.63
xdut.tp_gn__t1                               0
xdut.vdd__t185                            3.63
xdut.vdd__t112                            3.63
xdut.vcm__t2                             1.815
xdut.\$158__t0                            3.63
xdut.topn__t512                         1.5233
xdut.vdd__t3                              3.63
xdut.\$12__t248                          1.815
xdut.topp__t0                          3.08101
xdut.\$72__t1                            1.815
xdut.topp__t494                        3.08101
xdut.\$12__t247                          1.815
xdut.topp__t493                        3.08101
xdut.\$64__t3                            1.815
xdut.topp__t492                        3.08101
xdut.\$12__t246                          1.815
xdut.topp__t491                        3.08101
xdut.\$56__t7                            1.815
xdut.topp__t490                        3.08101
xdut.\$12__t245                          1.815
xdut.topp__t489                        3.08101
xdut.\$56__t6                            1.815
xdut.topp__t488                        3.08101
xdut.\$12__t244                          1.815
xdut.topp__t487                        3.08101
xdut.\$48__t15                           1.815
xdut.topp__t486                        3.08101
xdut.\$12__t243                          1.815
xdut.topp__t485                        3.08101
xdut.\$48__t14                           1.815
xdut.topp__t484                        3.08101
xdut.\$12__t242                          1.815
xdut.topp__t483                        3.08101
xdut.\$48__t13                           1.815
xdut.topp__t482                        3.08101
xdut.\$12__t249                          1.815
xdut.topp__t496                        3.08101
xdut.\$48__t12                           1.815
xdut.topp__t450                        3.08101
xdut.\$12__t257                          1.815
xdut.topp__t511                        3.08101
xdut.\$40__t30                           1.815
xdut.topp__t495                        3.08101
xdut.\$12__t198                          1.815
xdut.topp__t392                        3.08101
xdut.\$40__t27                           1.815
xdut.topp__t476                        3.08101
xdut.\$12__t233                          1.815
xdut.topp__t462                        3.08101
xdut.\$40__t25                           1.815
xdut.topp__t461                        3.08101
xdut.\$12__t232                          1.815
xdut.topp__t460                        3.08101
xdut.\$40__t24                           1.815
xdut.topp__t459                        3.08101
xdut.\$12__t231                          1.815
xdut.topp__t458                        3.08101
xdut.\$40__t26                           1.815
xdut.topp__t471                        3.08101
xdut.\$12__t256                          1.815
xdut.topp__t510                        3.08101
xdut.\$40__t31                           1.815
xdut.topp__t497                        3.08101
xdut.\$12__t241                          1.815
xdut.topp__t480                        3.08101
xdut.\$40__t29                           1.815
xdut.topp__t479                        3.08101
xdut.\$12__t240                          1.815
xdut.topp__t478                        3.08101
xdut.\$40__t28                           1.815
xdut.topp__t477                        3.08101
xdut.\$81__t252                          1.815
xdut.topn__t506                         1.5233
xdut.\$89__t1                            1.815
xdut.topn__t505                         1.5233
xdut.\$81__t173                          1.815
xdut.topn__t346                         1.5233
xdut.\$88__t3                            1.815
xdut.topn__t345                         1.5233
xdut.\$81__t172                          1.815
xdut.topn__t344                         1.5233
xdut.\$87__t7                            1.815
xdut.topn__t343                         1.5233
xdut.\$81__t171                          1.815
xdut.topn__t342                         1.5233
xdut.\$87__t6                            1.815
xdut.topn__t341                         1.5233
xdut.\$81__t170                          1.815
xdut.topn__t340                         1.5233
xdut.\$86__t9                            1.815
xdut.topn__t339                         1.5233
xdut.\$81__t169                          1.815
xdut.topn__t338                         1.5233
xdut.\$86__t12                           1.815
xdut.topn__t385                         1.5233
xdut.\$81__t199                          1.815
xdut.topn__t400                         1.5233
xdut.\$86__t7                            1.815
xdut.topn__t211                         1.5233
xdut.\$81__t176                          1.815
xdut.topn__t352                         1.5233
xdut.\$86__t10                           1.815
xdut.topn__t351                         1.5233
xdut.\$81__t175                          1.815
xdut.topn__t350                         1.5233
xdut.\$85__t22                           1.815
xdut.topn__t349                         1.5233
xdut.\$81__t174                          1.815
xdut.topn__t348                         1.5233
xdut.\$85__t21                           1.815
xdut.topn__t347                         1.5233
xdut.\$81__t137                          1.815
xdut.topn__t277                         1.5233
xdut.\$85__t15                           1.815
xdut.topn__t214                         1.5233
xdut.\$81__t113                          1.815
xdut.topn__t230                         1.5233
xdut.\$85__t19                           1.815
xdut.topn__t229                         1.5233
xdut.\$81__t112                          1.815
xdut.topn__t228                         1.5233
xdut.\$85__t18                           1.815
xdut.topn__t227                         1.5233
xdut.\$81__t111                          1.815
xdut.topn__t226                         1.5233
xdut.\$85__t20                           1.815
xdut.topn__t241                         1.5233
xdut.\$81__t109                          1.815
xdut.topn__t224                         1.5233
xdut.\$85__t17                           1.815
xdut.topn__t218                         1.5233
xdut.\$81__t105                          1.815
xdut.topn__t216                         1.5233
xdut.\$85__t16                           1.815
xdut.topn__t215                         1.5233
xdut.\$12__t229                          1.815
xdut.topp__t456                        3.08101
xdut.\$32__t50                           1.815
xdut.topp__t455                        3.08101
xdut.\$12__t228                          1.815
xdut.topp__t454                        3.08101
xdut.\$32__t49                           1.815
xdut.topp__t453                        3.08101
xdut.\$12__t227                          1.815
xdut.topp__t452                        3.08101
xdut.\$32__t48                           1.815
xdut.topp__t451                        3.08101
xdut.\$12__t250                          1.815
xdut.topp__t498                        3.08101
xdut.\$32__t58                           1.815
xdut.topp__t499                        3.08101
xdut.\$12__t251                          1.815
xdut.topp__t500                        3.08101
xdut.\$32__t59                           1.815
xdut.topp__t501                        3.08101
xdut.\$12__t252                          1.815
xdut.topp__t502                        3.08101
xdut.\$32__t60                           1.815
xdut.topp__t503                        3.08101
xdut.\$12__t253                          1.815
xdut.topp__t504                        3.08101
xdut.\$32__t61                           1.815
xdut.topp__t505                        3.08101
xdut.\$12__t254                          1.815
xdut.topp__t506                        3.08101
xdut.\$32__t62                           1.815
xdut.topp__t507                        3.08101
xdut.\$12__t255                          1.815
xdut.topp__t508                        3.08101
xdut.\$32__t63                           1.815
xdut.topp__t509                        3.08101
xdut.\$12__t197                          1.815
xdut.topp__t391                        3.08101
xdut.\$32__t56                           1.815
xdut.topp__t475                        3.08101
xdut.\$12__t239                          1.815
xdut.topp__t474                        3.08101
xdut.\$32__t55                           1.815
xdut.topp__t473                        3.08101
xdut.\$12__t238                          1.815
xdut.topp__t472                        3.08101
xdut.\$32__t57                           1.815
xdut.topp__t481                        3.08101
xdut.\$12__t237                          1.815
xdut.topp__t470                        3.08101
xdut.\$32__t54                           1.815
xdut.topp__t469                        3.08101
xdut.\$12__t236                          1.815
xdut.topp__t468                        3.08101
xdut.\$32__t53                           1.815
xdut.topp__t467                        3.08101
xdut.\$12__t235                          1.815
xdut.topp__t466                        3.08101
xdut.\$32__t52                           1.815
xdut.topp__t465                        3.08101
xdut.\$12__t234                          1.815
xdut.topp__t464                        3.08101
xdut.\$32__t51                           1.815
xdut.topp__t463                        3.08101
xdut.\$81__t251                          1.815
xdut.topn__t504                         1.5233
xdut.\$84__t63                           1.815
xdut.topn__t503                         1.5233
xdut.\$81__t103                          1.815
xdut.topn__t210                         1.5233
xdut.\$84__t31                           1.815
xdut.topn__t321                         1.5233
xdut.\$81__t184                          1.815
xdut.topn__t368                         1.5233
xdut.\$84__t38                           1.815
xdut.topn__t367                         1.5233
xdut.\$81__t183                          1.815
xdut.topn__t366                         1.5233
xdut.\$84__t37                           1.815
xdut.topn__t365                         1.5233
xdut.\$81__t182                          1.815
xdut.topn__t364                         1.5233
xdut.\$84__t36                           1.815
xdut.topn__t363                         1.5233
xdut.\$81__t181                          1.815
xdut.topn__t362                         1.5233
xdut.\$84__t35                           1.815
xdut.topn__t361                         1.5233
xdut.\$81__t180                          1.815
xdut.topn__t360                         1.5233
xdut.\$84__t34                           1.815
xdut.topn__t359                         1.5233
xdut.\$81__t179                          1.815
xdut.topn__t358                         1.5233
xdut.\$84__t33                           1.815
xdut.topn__t357                         1.5233
xdut.\$81__t178                          1.815
xdut.topn__t356                         1.5233
xdut.\$84__t32                           1.815
xdut.topn__t355                         1.5233
xdut.\$81__t177                          1.815
xdut.topn__t354                         1.5233
xdut.\$84__t39                           1.815
xdut.topn__t369                         1.5233
xdut.\$81__t136                          1.815
xdut.topn__t276                         1.5233
xdut.\$84__t17                           1.815
xdut.topn__t213                         1.5233
xdut.\$81__t104                          1.815
xdut.topn__t212                         1.5233
xdut.\$84__t25                           1.815
xdut.topn__t239                         1.5233
xdut.\$81__t117                          1.815
xdut.topn__t238                         1.5233
xdut.\$84__t24                           1.815
xdut.topn__t237                         1.5233
xdut.\$81__t116                          1.815
xdut.topn__t236                         1.5233
xdut.\$84__t23                           1.815
xdut.topn__t235                         1.5233
xdut.\$81__t115                          1.815
xdut.topn__t234                         1.5233
xdut.\$84__t22                           1.815
xdut.topn__t233                         1.5233
xdut.\$81__t114                          1.815
xdut.topn__t232                         1.5233
xdut.\$84__t21                           1.815
xdut.topn__t231                         1.5233
xdut.\$12__t168                          1.815
xdut.topp__t335                        3.08101
xdut.\$24__t91                           1.815
xdut.topp__t336                        3.08101
xdut.\$12__t169                          1.815
xdut.topp__t337                        3.08101
xdut.\$24__t92                           1.815
xdut.topp__t338                        3.08101
xdut.\$12__t170                          1.815
xdut.topp__t339                        3.08101
xdut.\$24__t93                           1.815
xdut.topp__t340                        3.08101
xdut.\$12__t171                          1.815
xdut.topp__t341                        3.08101
xdut.\$24__t94                           1.815
xdut.topp__t342                        3.08101
xdut.\$12__t172                          1.815
xdut.topp__t343                        3.08101
xdut.\$24__t95                           1.815
xdut.topp__t344                        3.08101
xdut.\$12__t173                          1.815
xdut.topp__t345                        3.08101
xdut.\$24__t96                           1.815
xdut.topp__t346                        3.08101
xdut.\$12__t174                          1.815
xdut.topp__t347                        3.08101
xdut.\$24__t97                           1.815
xdut.topp__t348                        3.08101
xdut.\$12__t175                          1.815
xdut.topp__t349                        3.08101
xdut.\$24__t106                          1.815
xdut.topp__t366                        3.08101
xdut.\$12__t176                          1.815
xdut.topp__t351                        3.08101
xdut.\$24__t99                           1.815
xdut.topp__t352                        3.08101
xdut.\$12__t177                          1.815
xdut.topp__t353                        3.08101
xdut.\$24__t100                          1.815
xdut.topp__t354                        3.08101
xdut.\$12__t178                          1.815
xdut.topp__t355                        3.08101
xdut.\$24__t101                          1.815
xdut.topp__t356                        3.08101
xdut.\$12__t179                          1.815
xdut.topp__t357                        3.08101
xdut.\$24__t102                          1.815
xdut.topp__t358                        3.08101
xdut.\$12__t180                          1.815
xdut.topp__t359                        3.08101
xdut.\$24__t103                          1.815
xdut.topp__t360                        3.08101
xdut.\$12__t181                          1.815
xdut.topp__t361                        3.08101
xdut.\$24__t104                          1.815
xdut.topp__t362                        3.08101
xdut.\$12__t182                          1.815
xdut.topp__t363                        3.08101
xdut.\$24__t105                          1.815
xdut.topp__t364                        3.08101
xdut.\$12__t183                          1.815
xdut.topp__t365                        3.08101
xdut.\$24__t98                           1.815
xdut.topp__t350                        3.08101
xdut.\$81__t153                          1.815
xdut.topn__t306                         1.5233
xdut.\$83__t81                           1.815
xdut.topn__t307                         1.5233
xdut.\$81__t154                          1.815
xdut.topn__t308                         1.5233
xdut.\$83__t82                           1.815
xdut.topn__t309                         1.5233
xdut.\$81__t155                          1.815
xdut.topn__t310                         1.5233
xdut.\$83__t83                           1.815
xdut.topn__t311                         1.5233
xdut.\$81__t156                          1.815
xdut.topn__t312                         1.5233
xdut.\$83__t84                           1.815
xdut.topn__t313                         1.5233
xdut.\$81__t157                          1.815
xdut.topn__t314                         1.5233
xdut.\$83__t85                           1.815
xdut.topn__t315                         1.5233
xdut.\$81__t158                          1.815
xdut.topn__t316                         1.5233
xdut.\$83__t86                           1.815
xdut.topn__t317                         1.5233
xdut.\$81__t159                          1.815
xdut.topn__t318                         1.5233
xdut.\$83__t87                           1.815
xdut.topn__t319                         1.5233
xdut.\$81__t160                          1.815
xdut.topn__t320                         1.5233
xdut.\$83__t95                           1.815
xdut.topn__t337                         1.5233
xdut.\$81__t161                          1.815
xdut.topn__t322                         1.5233
xdut.\$83__t88                           1.815
xdut.topn__t323                         1.5233
xdut.\$81__t162                          1.815
xdut.topn__t324                         1.5233
xdut.\$83__t89                           1.815
xdut.topn__t325                         1.5233
xdut.\$81__t163                          1.815
xdut.topn__t326                         1.5233
xdut.\$83__t90                           1.815
xdut.topn__t327                         1.5233
xdut.\$81__t164                          1.815
xdut.topn__t328                         1.5233
xdut.\$83__t91                           1.815
xdut.topn__t329                         1.5233
xdut.\$81__t165                          1.815
xdut.topn__t330                         1.5233
xdut.\$83__t92                           1.815
xdut.topn__t331                         1.5233
xdut.\$81__t166                          1.815
xdut.topn__t332                         1.5233
xdut.\$83__t93                           1.815
xdut.topn__t333                         1.5233
xdut.\$81__t167                          1.815
xdut.topn__t334                         1.5233
xdut.\$83__t94                           1.815
xdut.topn__t335                         1.5233
xdut.\$81__t168                          1.815
xdut.topn__t336                         1.5233
xdut.\$83__t96                           1.815
xdut.topn__t353                         1.5233
xdut.\$12__t66                           1.815
xdut.topp__t129                        3.08101
xdut.\$24__t34                           1.815
xdut.topp__t128                        3.08101
xdut.\$12__t67                           1.815
xdut.topp__t131                        3.08101
xdut.\$24__t35                           1.815
xdut.topp__t130                        3.08101
xdut.\$12__t65                           1.815
xdut.topp__t127                        3.08101
xdut.\$24__t33                           1.815
xdut.topp__t126                        3.08101
xdut.\$12__t92                           1.815
xdut.topp__t182                        3.08101
xdut.\$24__t36                           1.815
xdut.topp__t133                        3.08101
xdut.\$12__t68                           1.815
xdut.topp__t132                        3.08101
xdut.\$24__t53                           1.815
xdut.topp__t190                        3.08101
xdut.\$12__t87                           1.815
xdut.topp__t170                        3.08101
xdut.\$24__t42                           1.815
xdut.topp__t164                        3.08101
xdut.\$12__t81                           1.815
xdut.topp__t158                        3.08101
xdut.\$24__t46                           1.815
xdut.topp__t171                        3.08101
xdut.\$12__t84                           1.815
xdut.topp__t163                        3.08101
xdut.\$24__t41                           1.815
xdut.topp__t162                        3.08101
xdut.\$12__t83                           1.815
xdut.topp__t161                        3.08101
xdut.\$24__t40                           1.815
xdut.topp__t160                        3.08101
xdut.\$12__t136                          1.815
xdut.topp__t273                        3.08101
xdut.\$24__t117                          1.815
xdut.topp__t414                        3.08101
xdut.\$12__t199                          1.815
xdut.topp__t394                        3.08101
xdut.\$24__t112                          1.815
xdut.topp__t393                        3.08101
xdut.\$12__t218                          1.815
xdut.topp__t433                        3.08101
xdut.\$24__t126                          1.815
xdut.topp__t445                        3.08101
xdut.\$12__t223                          1.815
xdut.topp__t444                        3.08101
xdut.\$24__t125                          1.815
xdut.topp__t443                        3.08101
xdut.\$12__t194                          1.815
xdut.topp__t386                        3.08101
xdut.\$24__t109                          1.815
xdut.topp__t385                        3.08101
xdut.\$12__t193                          1.815
xdut.topp__t384                        3.08101
xdut.\$24__t108                          1.815
xdut.topp__t383                        3.08101
xdut.\$12__t192                          1.815
xdut.topp__t382                        3.08101
xdut.\$24__t107                          1.815
xdut.topp__t381                        3.08101
xdut.\$81__t202                          1.815
xdut.topn__t406                         1.5233
xdut.\$83__t99                           1.815
xdut.topn__t405                         1.5233
xdut.\$81__t56                           1.815
xdut.topn__t115                         1.5233
xdut.\$83__t29                           1.815
xdut.topn__t87                          1.5233
xdut.\$81__t58                           1.815
xdut.topn__t118                         1.5233
xdut.\$83__t14                           1.815
xdut.topn__t34                          1.5233
xdut.\$81__t51                           1.815
xdut.topn__t106                         1.5233
xdut.\$83__t35                           1.815
xdut.topn__t116                         1.5233
xdut.\$81__t50                           1.815
xdut.topn__t104                         1.5233
xdut.\$83__t36                           1.815
xdut.topn__t135                         1.5233
xdut.\$81__t57                           1.815
xdut.topn__t117                         1.5233
xdut.\$83__t112                          1.815
xdut.topn__t433                         1.5233
xdut.\$81__t11                           1.815
xdut.topn__t23                          1.5233
xdut.\$83__t8                            1.815
xdut.topn__t22                          1.5233
xdut.\$81__t10                           1.815
xdut.topn__t21                          1.5233
xdut.\$83__t10                           1.815
xdut.topn__t27                          1.5233
xdut.\$81__t13                           1.815
xdut.topn__t26                          1.5233
xdut.\$83__t9                            1.815
xdut.topn__t25                          1.5233
xdut.\$81__t12                           1.815
xdut.topn__t24                          1.5233
xdut.\$83__t17                           1.815
xdut.topn__t39                          1.5233
xdut.\$81__t185                          1.815
xdut.topn__t370                         1.5233
xdut.\$83__t19                           1.815
xdut.topn__t43                          1.5233
xdut.\$81__t20                           1.815
xdut.topn__t42                          1.5233
xdut.\$83__t18                           1.815
xdut.topn__t41                          1.5233
xdut.\$81__t19                           1.815
xdut.topn__t40                          1.5233
xdut.\$83__t37                           1.815
xdut.topn__t136                         1.5233
xdut.\$81__t84                           1.815
xdut.topn__t170                         1.5233
xdut.\$83__t43                           1.815
xdut.topn__t169                         1.5233
xdut.\$81__t83                           1.815
xdut.topn__t168                         1.5233
xdut.\$83__t22                           1.815
xdut.topn__t57                          1.5233
xdut.\$81__t26                           1.815
xdut.topn__t56                          1.5233
xdut.\$83__t20                           1.815
xdut.topn__t44                          1.5233
xdut.\$24__t0                            1.815
xdut.topp__t181                        3.08101
xdut.\$12__t91                           1.815
xdut.topp__t180                        3.08101
xdut.\$24__t51                           1.815
xdut.topp__t179                        3.08101
xdut.\$12__t90                           1.815
xdut.topp__t178                        3.08101
xdut.\$24__t50                           1.815
xdut.topp__t177                        3.08101
xdut.\$12__t89                           1.815
xdut.topp__t176                        3.08101
xdut.\$24__t49                           1.815
xdut.topp__t175                        3.08101
xdut.\$12__t88                           1.815
xdut.topp__t174                        3.08101
xdut.\$24__t48                           1.815
xdut.topp__t173                        3.08101
xdut.\$12__t94                           1.815
xdut.topp__t186                        3.08101
xdut.\$24__t39                           1.815
xdut.topp__t157                        3.08101
xdut.\$12__t80                           1.815
xdut.topp__t156                        3.08101
xdut.\$24__t38                           1.815
xdut.topp__t155                        3.08101
xdut.\$12__t79                           1.815
xdut.topp__t154                        3.08101
xdut.\$24__t43                           1.815
xdut.topp__t165                        3.08101
xdut.\$12__t82                           1.815
xdut.topp__t159                        3.08101
xdut.\$24__t52                           1.815
xdut.topp__t183                        3.08101
xdut.\$12__t85                           1.815
xdut.topp__t166                        3.08101
xdut.\$24__t90                           1.815
xdut.topp__t308                        3.08101
xdut.\$12__t208                          1.815
xdut.topp__t415                        3.08101
xdut.\$24__t124                          1.815
xdut.topp__t442                        3.08101
xdut.\$12__t222                          1.815
xdut.topp__t441                        3.08101
xdut.\$24__t123                          1.815
xdut.topp__t440                        3.08101
xdut.\$12__t191                          1.815
xdut.topp__t380                        3.08101
xdut.\$24__t111                          1.815
xdut.topp__t390                        3.08101
xdut.\$12__t190                          1.815
xdut.topp__t379                        3.08101
xdut.\$24__t122                          1.815
xdut.topp__t426                        3.08101
xdut.\$12__t214                          1.815
xdut.topp__t425                        3.08101
xdut.\$24__t121                          1.815
xdut.topp__t424                        3.08101
xdut.\$12__t213                          1.815
xdut.topp__t423                        3.08101
xdut.\$24__t120                          1.815
xdut.topp__t422                        3.08101
xdut.\$12__t212                          1.815
xdut.topp__t421                        3.08101
xdut.\$83__t113                          1.815
xdut.topn__t444                         1.5233
xdut.\$81__t203                          1.815
xdut.topn__t407                         1.5233
xdut.\$83__t34                           1.815
xdut.topn__t114                         1.5233
xdut.\$81__t55                           1.815
xdut.topn__t113                         1.5233
xdut.\$83__t33                           1.815
xdut.topn__t112                         1.5233
xdut.\$81__t54                           1.815
xdut.topn__t111                         1.5233
xdut.\$83__t32                           1.815
xdut.topn__t110                         1.5233
xdut.\$81__t53                           1.815
xdut.topn__t109                         1.5233
xdut.\$83__t31                           1.815
xdut.topn__t108                         1.5233
xdut.\$81__t52                           1.815
xdut.topn__t107                         1.5233
xdut.\$83__t30                           1.815
xdut.topn__t105                         1.5233
xdut.\$81__t217                          1.815
xdut.topn__t434                         1.5233
xdut.\$83__t7                            1.815
xdut.topn__t20                          1.5233
xdut.\$81__t9                            1.815
xdut.topn__t19                          1.5233
xdut.\$83__t6                            1.815
xdut.topn__t18                          1.5233
xdut.\$81__t4                            1.815
xdut.topn__t9                           1.5233
xdut.\$83__t21                           1.815
xdut.topn__t55                          1.5233
xdut.\$81__t33                           1.815
xdut.topn__t70                          1.5233
xdut.\$83__t28                           1.815
xdut.topn__t69                          1.5233
xdut.\$81__t14                           1.815
xdut.topn__t28                          1.5233
xdut.\$83__t97                           1.815
xdut.topn__t371                         1.5233
xdut.\$81__t82                           1.815
xdut.topn__t167                         1.5233
xdut.\$83__t42                           1.815
xdut.topn__t166                         1.5233
xdut.\$81__t81                           1.815
xdut.topn__t165                         1.5233
xdut.\$83__t41                           1.815
xdut.topn__t164                         1.5233
xdut.\$81__t80                           1.815
xdut.topn__t163                         1.5233
xdut.\$83__t40                           1.815
xdut.topn__t141                         1.5233
xdut.\$81__t86                           1.815
xdut.topn__t174                         1.5233
xdut.\$83__t44                           1.815
xdut.topn__t175                         1.5233
xdut.\$81__t28                           1.815
xdut.topn__t60                          1.5233
xdut.\$83__t23                           1.815
xdut.topn__t59                          1.5233
xdut.\$81__t27                           1.815
xdut.topn__t58                          1.5233
xdut.\$24__t47                           1.815
xdut.topp__t172                        3.08101
xdut.\$12__t69                           1.815
xdut.topp__t134                        3.08101
xdut.\$24__t32                           1.815
xdut.topp__t125                        3.08101
xdut.\$12__t64                           1.815
xdut.topp__t124                        3.08101
xdut.\$24__t31                           1.815
xdut.topp__t123                        3.08101
xdut.\$12__t63                           1.815
xdut.topp__t122                        3.08101
xdut.\$24__t30                           1.815
xdut.topp__t121                        3.08101
xdut.\$12__t62                           1.815
xdut.topp__t120                        3.08101
xdut.\$24__t44                           1.815
xdut.topp__t167                        3.08101
xdut.\$12__t95                           1.815
xdut.topp__t187                        3.08101
xdut.\$24__t45                           1.815
xdut.topp__t169                        3.08101
xdut.\$12__t86                           1.815
xdut.topp__t168                        3.08101
xdut.\$24__t37                           1.815
xdut.topp__t153                        3.08101
xdut.\$12__t78                           1.815
xdut.topp__t152                        3.08101
xdut.\$24__t119                          1.815
xdut.topp__t419                        3.08101
xdut.\$12__t230                          1.815
xdut.topp__t457                        3.08101
xdut.\$24__t118                          1.815
xdut.topp__t418                        3.08101
xdut.\$12__t210                          1.815
xdut.topp__t417                        3.08101
xdut.\$24__t74                           1.815
xdut.topp__t271                        3.08101
xdut.\$12__t225                          1.815
xdut.topp__t448                        3.08101
xdut.\$24__t127                          1.815
xdut.topp__t447                        3.08101
xdut.\$12__t224                          1.815
xdut.topp__t446                        3.08101
xdut.\$24__t115                          1.815
xdut.topp__t400                        3.08101
xdut.\$12__t202                          1.815
xdut.topp__t399                        3.08101
xdut.\$24__t114                          1.815
xdut.topp__t398                        3.08101
xdut.\$12__t201                          1.815
xdut.topp__t397                        3.08101
xdut.\$24__t113                          1.815
xdut.topp__t396                        3.08101
xdut.\$12__t200                          1.815
xdut.topp__t395                        3.08101
xdut.\$24__t116                          1.815
xdut.topp__t406                        3.08101
xdut.\$12__t196                          1.815
xdut.topp__t389                        3.08101
xdut.\$24__t110                          1.815
xdut.topp__t388                        3.08101
xdut.\$12__t195                          1.815
xdut.topp__t387                        3.08101
xdut.\$83__t100                          1.815
xdut.topn__t409                         1.5233
xdut.\$81__t204                          1.815
xdut.topn__t408                         1.5233
xdut.\$83__t16                           1.815
xdut.topn__t38                          1.5233
xdut.\$81__t18                           1.815
xdut.topn__t37                          1.5233
xdut.\$83__t15                           1.815
xdut.topn__t36                          1.5233
xdut.\$81__t17                           1.815
xdut.topn__t35                          1.5233
xdut.\$83__t13                           1.815
xdut.topn__t33                          1.5233
xdut.\$81__t16                           1.815
xdut.topn__t32                          1.5233
xdut.\$83__t12                           1.815
xdut.topn__t31                          1.5233
xdut.\$81__t15                           1.815
xdut.topn__t30                          1.5233
xdut.\$83__t11                           1.815
xdut.topn__t29                          1.5233
xdut.\$81__t218                          1.815
xdut.topn__t435                         1.5233
xdut.\$83__t5                            1.815
xdut.topn__t17                          1.5233
xdut.\$81__t8                            1.815
xdut.topn__t16                          1.5233
xdut.\$83__t4                            1.815
xdut.topn__t15                          1.5233
xdut.\$81__t7                            1.815
xdut.topn__t14                          1.5233
xdut.\$83__t3                            1.815
xdut.topn__t13                          1.5233
xdut.\$81__t6                            1.815
xdut.topn__t12                          1.5233
xdut.\$83__t2                            1.815
xdut.topn__t11                          1.5233
xdut.\$81__t5                            1.815
xdut.topn__t10                          1.5233
xdut.\$83__t98                           1.815
xdut.topn__t372                         1.5233
xdut.\$81__t87                           1.815
xdut.topn__t176                         1.5233
xdut.\$83__t45                           1.815
xdut.topn__t177                         1.5233
xdut.\$81__t88                           1.815
xdut.topn__t178                         1.5233
xdut.\$83__t27                           1.815
xdut.topn__t68                          1.5233
xdut.\$81__t32                           1.815
xdut.topn__t67                          1.5233
xdut.\$83__t26                           1.815
xdut.topn__t66                          1.5233
xdut.\$81__t31                           1.815
xdut.topn__t65                          1.5233
xdut.\$83__t25                           1.815
xdut.topn__t64                          1.5233
xdut.\$81__t30                           1.815
xdut.topn__t63                          1.5233
xdut.\$83__t24                           1.815
xdut.topn__t62                          1.5233
xdut.\$81__t29                           1.815
xdut.topn__t61                          1.5233
xdut.\$32__t19                           1.815
xdut.topp__t147                        3.08101
xdut.\$12__t75                           1.815
xdut.topp__t146                        3.08101
xdut.\$32__t18                           1.815
xdut.topp__t145                        3.08101
xdut.\$12__t74                           1.815
xdut.topp__t144                        3.08101
xdut.\$32__t17                           1.815
xdut.topp__t143                        3.08101
xdut.\$12__t73                           1.815
xdut.topp__t142                        3.08101
xdut.\$32__t16                           1.815
xdut.topp__t141                        3.08101
xdut.\$12__t72                           1.815
xdut.topp__t140                        3.08101
xdut.\$32__t15                           1.815
xdut.topp__t139                        3.08101
xdut.\$12__t96                           1.815
xdut.topp__t188                        3.08101
xdut.\$32__t22                           1.815
xdut.topp__t228                        3.08101
xdut.\$12__t118                          1.815
xdut.topp__t231                        3.08101
xdut.\$32__t23                           1.815
xdut.topp__t234                        3.08101
xdut.\$12__t116                          1.815
xdut.topp__t229                        3.08101
xdut.\$32__t21                           1.815
xdut.topp__t227                        3.08101
xdut.\$12__t115                          1.815
xdut.topp__t226                        3.08101
xdut.\$32__t20                           1.815
xdut.topp__t185                        3.08101
xdut.\$12__t93                           1.815
xdut.topp__t184                        3.08101
xdut.\$32__t28                           1.815
xdut.topp__t277                        3.08101
xdut.\$12__t221                          1.815
xdut.topp__t439                        3.08101
xdut.\$32__t47                           1.815
xdut.topp__t438                        3.08101
xdut.\$12__t220                          1.815
xdut.topp__t437                        3.08101
xdut.\$32__t46                           1.815
xdut.topp__t436                        3.08101
xdut.\$12__t219                          1.815
xdut.topp__t435                        3.08101
xdut.\$32__t45                           1.815
xdut.topp__t434                        3.08101
xdut.\$12__t226                          1.815
xdut.topp__t449                        3.08101
xdut.\$32__t44                           1.815
xdut.topp__t432                        3.08101
xdut.\$12__t217                          1.815
xdut.topp__t431                        3.08101
xdut.\$32__t43                           1.815
xdut.topp__t430                        3.08101
xdut.\$12__t216                          1.815
xdut.topp__t429                        3.08101
xdut.\$32__t42                           1.815
xdut.topp__t428                        3.08101
xdut.\$12__t215                          1.815
xdut.topp__t427                        3.08101
xdut.\$84__t53                           1.815
xdut.topn__t446                         1.5233
xdut.\$81__t224                          1.815
xdut.topn__t445                         1.5233
xdut.\$84__t4                            1.815
xdut.topn__t77                          1.5233
xdut.\$81__t37                           1.815
xdut.topn__t76                          1.5233
xdut.\$84__t3                            1.815
xdut.topn__t75                          1.5233
xdut.\$81__t36                           1.815
xdut.topn__t74                          1.5233
xdut.\$84__t2                            1.815
xdut.topn__t73                          1.5233
xdut.\$81__t35                           1.815
xdut.topn__t72                          1.5233
xdut.\$84__t8                            1.815
xdut.topn__t119                         1.5233
xdut.\$81__t66                           1.815
xdut.topn__t134                         1.5233
xdut.\$84__t9                            1.815
xdut.topn__t133                         1.5233
xdut.\$81__t219                          1.815
xdut.topn__t436                         1.5233
xdut.\$84__t0                            1.815
xdut.topn__t0                           1.5233
xdut.\$81__t48                           1.815
xdut.topn__t102                         1.5233
xdut.\$84__t7                            1.815
xdut.topn__t101                         1.5233
xdut.\$81__t47                           1.815
xdut.topn__t100                         1.5233
xdut.\$84__t6                            1.815
xdut.topn__t99                          1.5233
xdut.\$81__t46                           1.815
xdut.topn__t98                          1.5233
xdut.\$84__t5                            1.815
xdut.topn__t97                          1.5233
xdut.\$81__t45                           1.815
xdut.topn__t96                          1.5233
xdut.\$84__t40                           1.815
xdut.topn__t373                         1.5233
xdut.\$81__t79                           1.815
xdut.topn__t162                         1.5233
xdut.\$84__t14                           1.815
xdut.topn__t161                         1.5233
xdut.\$81__t78                           1.815
xdut.topn__t160                         1.5233
xdut.\$84__t13                           1.815
xdut.topn__t159                         1.5233
xdut.\$81__t77                           1.815
xdut.topn__t158                         1.5233
xdut.\$84__t12                           1.815
xdut.topn__t147                         1.5233
xdut.\$81__t71                           1.815
xdut.topn__t146                         1.5233
xdut.\$84__t11                           1.815
xdut.topn__t145                         1.5233
xdut.\$81__t70                           1.815
xdut.topn__t144                         1.5233
xdut.\$84__t10                           1.815
xdut.topn__t143                         1.5233
xdut.\$81__t69                           1.815
xdut.topn__t142                         1.5233
xdut.\$40__t10                           1.815
xdut.topp__t199                        3.08101
xdut.\$12__t77                           1.815
xdut.topp__t150                        3.08101
xdut.\$40__t9                            1.815
xdut.topp__t149                        3.08101
xdut.\$12__t76                           1.815
xdut.topp__t148                        3.08101
xdut.\$40__t8                            1.815
xdut.topp__t138                        3.08101
xdut.\$12__t111                          1.815
xdut.topp__t220                        3.08101
xdut.\$40__t12                           1.815
xdut.topp__t219                        3.08101
xdut.\$12__t110                          1.815
xdut.topp__t218                        3.08101
xdut.\$40__t11                           1.815
xdut.topp__t217                        3.08101
xdut.\$12__t97                           1.815
xdut.topp__t189                        3.08101
xdut.\$40__t13                           1.815
xdut.topp__t233                        3.08101
xdut.\$12__t119                          1.815
xdut.topp__t232                        3.08101
xdut.\$40__t16                           1.815
xdut.topp__t247                        3.08101
xdut.\$12__t117                          1.815
xdut.topp__t230                        3.08101
xdut.\$40__t15                           1.815
xdut.topp__t246                        3.08101
xdut.\$12__t125                          1.815
xdut.topp__t245                        3.08101
xdut.\$48__t7                            1.815
xdut.topp__t244                        3.08101
xdut.\$12__t124                          1.815
xdut.topp__t243                        3.08101
xdut.\$48__t9                            1.815
xdut.topp__t274                        3.08101
xdut.\$12__t189                          1.815
xdut.topp__t378                        3.08101
xdut.\$48__t11                           1.815
xdut.topp__t377                        3.08101
xdut.\$12__t188                          1.815
xdut.topp__t376                        3.08101
xdut.\$48__t10                           1.815
xdut.topp__t375                        3.08101
xdut.\$12__t187                          1.815
xdut.topp__t374                        3.08101
xdut.\$56__t5                            1.815
xdut.topp__t373                        3.08101
xdut.\$12__t186                          1.815
xdut.topp__t372                        3.08101
xdut.\$56__t4                            1.815
xdut.topp__t371                        3.08101
xdut.\$12__t185                          1.815
xdut.topp__t370                        3.08101
xdut.\$64__t2                            1.815
xdut.topp__t369                        3.08101
xdut.\$12__t184                          1.815
xdut.topp__t368                        3.08101
xdut.\$80__t0                            1.815
xdut.topp__t367                        3.08101
xdut.\$12__t209                          1.815
xdut.topp__t416                        3.08101
xdut.\$85__t24                           1.815
xdut.topn__t443                         1.5233
xdut.\$81__t223                          1.815
xdut.topn__t442                         1.5233
xdut.\$85__t8                            1.815
xdut.topn__t123                         1.5233
xdut.\$81__t60                           1.815
xdut.topn__t122                         1.5233
xdut.\$85__t7                            1.815
xdut.topn__t121                         1.5233
xdut.\$81__t59                           1.815
xdut.topn__t120                         1.5233
xdut.\$85__t3                            1.815
xdut.topn__t82                          1.5233
xdut.\$81__t39                           1.815
xdut.topn__t81                          1.5233
xdut.\$85__t2                            1.815
xdut.topn__t80                          1.5233
xdut.\$81__t38                           1.815
xdut.topn__t79                          1.5233
xdut.\$85__t1                            1.815
xdut.topn__t78                          1.5233
xdut.\$81__t220                          1.815
xdut.topn__t437                         1.5233
xdut.\$85__t5                            1.815
xdut.topn__t94                          1.5233
xdut.\$81__t44                           1.815
xdut.topn__t93                          1.5233
xdut.\$85__t4                            1.815
xdut.topn__t92                          1.5233
xdut.\$81__t43                           1.815
xdut.topn__t91                          1.5233
xdut.\$86__t4                            1.815
xdut.topn__t90                          1.5233
xdut.\$81__t42                           1.815
xdut.topn__t89                          1.5233
xdut.\$86__t3                            1.815
xdut.topn__t88                          1.5233
xdut.\$81__t49                           1.815
xdut.topn__t103                         1.5233
xdut.\$86__t11                           1.815
xdut.topn__t374                         1.5233
xdut.\$81__t34                           1.815
xdut.topn__t71                          1.5233
xdut.\$86__t0                            1.815
xdut.topn__t54                          1.5233
xdut.\$81__t25                           1.815
xdut.topn__t53                          1.5233
xdut.\$87__t1                            1.815
xdut.topn__t52                          1.5233
xdut.\$81__t24                           1.815
xdut.topn__t51                          1.5233
xdut.\$87__t0                            1.815
xdut.topn__t50                          1.5233
xdut.\$81__t23                           1.815
xdut.topn__t49                          1.5233
xdut.\$88__t0                            1.815
xdut.topn__t48                          1.5233
xdut.\$81__t22                           1.815
xdut.topn__t47                          1.5233
xdut.\$90__t0                            1.815
xdut.topn__t46                          1.5233
xdut.\$81__t21                           1.815
xdut.topn__t45                          1.5233
xdut.\$12__t112                          1.815
xdut.topp__t222                        3.08101
xdut.vcm__t0                             1.815
xdut.topp__t221                        3.08101
xdut.\$12__t109                          1.815
xdut.topp__t216                        3.08101
xdut.\$64__t1                            1.815
xdut.topp__t137                        3.08101
xdut.\$12__t71                           1.815
xdut.topp__t136                        3.08101
xdut.\$56__t2                            1.815
xdut.topp__t151                        3.08101
xdut.\$12__t114                          1.815
xdut.topp__t225                        3.08101
xdut.\$56__t3                            1.815
xdut.topp__t224                        3.08101
xdut.\$12__t113                          1.815
xdut.topp__t223                        3.08101
xdut.\$48__t3                            1.815
xdut.topp__t191                        3.08101
xdut.\$12__t123                          1.815
xdut.topp__t242                        3.08101
xdut.\$48__t6                            1.815
xdut.topp__t241                        3.08101
xdut.\$12__t122                          1.815
xdut.topp__t240                        3.08101
xdut.\$48__t5                            1.815
xdut.topp__t239                        3.08101
xdut.\$12__t121                          1.815
xdut.topp__t238                        3.08101
xdut.\$48__t4                            1.815
xdut.topp__t237                        3.08101
xdut.\$12__t120                          1.815
xdut.topp__t236                        3.08101
xdut.\$40__t14                           1.815
xdut.topp__t235                        3.08101
xdut.\$12__t135                          1.815
xdut.topp__t269                        3.08101
xdut.\$40__t23                           1.815
xdut.topp__t413                        3.08101
xdut.\$12__t207                          1.815
xdut.topp__t412                        3.08101
xdut.\$40__t22                           1.815
xdut.topp__t411                        3.08101
xdut.\$12__t206                          1.815
xdut.topp__t410                        3.08101
xdut.\$40__t21                           1.815
xdut.topp__t409                        3.08101
xdut.\$12__t205                          1.815
xdut.topp__t408                        3.08101
xdut.\$40__t20                           1.815
xdut.topp__t407                        3.08101
xdut.\$12__t211                          1.815
xdut.topp__t420                        3.08101
xdut.\$40__t19                           1.815
xdut.topp__t405                        3.08101
xdut.\$12__t204                          1.815
xdut.topp__t404                        3.08101
xdut.\$40__t18                           1.815
xdut.topp__t403                        3.08101
xdut.\$12__t203                          1.815
xdut.topp__t402                        3.08101
xdut.\$40__t17                           1.815
xdut.topp__t401                        3.08101
xdut.\$81__t222                          1.815
xdut.topn__t441                         1.5233
xdut.vcm__t1                             1.815
xdut.topn__t440                         1.5233
xdut.\$81__t65                           1.815
xdut.topn__t132                         1.5233
xdut.\$88__t1                            1.815
xdut.topn__t131                         1.5233
xdut.\$81__t64                           1.815
xdut.topn__t130                         1.5233
xdut.\$87__t3                            1.815
xdut.topn__t129                         1.5233
xdut.\$81__t63                           1.815
xdut.topn__t128                         1.5233
xdut.\$87__t2                            1.815
xdut.topn__t127                         1.5233
xdut.\$81__t62                           1.815
xdut.topn__t126                         1.5233
xdut.\$86__t5                            1.815
xdut.topn__t125                         1.5233
xdut.\$81__t61                           1.815
xdut.topn__t124                         1.5233
xdut.\$86__t13                           1.815
xdut.topn__t438                         1.5233
xdut.\$81__t41                           1.815
xdut.topn__t85                          1.5233
xdut.\$86__t1                            1.815
xdut.topn__t84                          1.5233
xdut.\$81__t40                           1.815
xdut.topn__t83                          1.5233
xdut.\$86__t2                            1.815
xdut.topn__t86                          1.5233
xdut.\$81__t212                          1.815
xdut.topn__t423                         1.5233
xdut.\$85__t23                           1.815
xdut.topn__t402                         1.5233
xdut.\$81__t200                          1.815
xdut.topn__t403                         1.5233
xdut.\$85__t6                            1.815
xdut.topn__t95                          1.5233
xdut.\$81__t186                          1.815
xdut.topn__t375                         1.5233
xdut.\$85__t13                           1.815
xdut.topn__t157                         1.5233
xdut.\$81__t76                           1.815
xdut.topn__t156                         1.5233
xdut.\$85__t14                           1.815
xdut.topn__t171                         1.5233
xdut.\$81__t75                           1.815
xdut.topn__t155                         1.5233
xdut.\$85__t12                           1.815
xdut.topn__t154                         1.5233
xdut.\$81__t74                           1.815
xdut.topn__t153                         1.5233
xdut.\$85__t11                           1.815
xdut.topn__t152                         1.5233
xdut.\$81__t73                           1.815
xdut.topn__t151                         1.5233
xdut.\$85__t10                           1.815
xdut.topn__t150                         1.5233
xdut.\$81__t72                           1.815
xdut.topn__t149                         1.5233
xdut.\$85__t9                            1.815
xdut.topn__t148                         1.5233
xdut.\$12__t134                          1.815
xdut.topp__t267                        3.08101
xdut.\$32__t26                           1.815
xdut.topp__t266                        3.08101
xdut.\$12__t133                          1.815
xdut.topp__t265                        3.08101
xdut.\$32__t25                           1.815
xdut.topp__t264                        3.08101
xdut.\$12__t139                          1.815
xdut.topp__t279                        3.08101
xdut.\$32__t24                           1.815
xdut.topp__t263                        3.08101
xdut.\$12__t161                          1.815
xdut.topp__t322                        3.08101
xdut.\$32__t36                           1.815
xdut.topp__t323                        3.08101
xdut.\$12__t162                          1.815
xdut.topp__t324                        3.08101
xdut.\$32__t41                           1.815
xdut.topp__t334                        3.08101
xdut.\$12__t164                          1.815
xdut.topp__t326                        3.08101
xdut.\$32__t37                           1.815
xdut.topp__t327                        3.08101
xdut.\$12__t165                          1.815
xdut.topp__t328                        3.08101
xdut.\$32__t38                           1.815
xdut.topp__t329                        3.08101
xdut.\$12__t166                          1.815
xdut.topp__t330                        3.08101
xdut.\$32__t39                           1.815
xdut.topp__t331                        3.08101
xdut.\$12__t167                          1.815
xdut.topp__t332                        3.08101
xdut.\$32__t40                           1.815
xdut.topp__t333                        3.08101
xdut.\$12__t163                          1.815
xdut.topp__t325                        3.08101
xdut.\$32__t35                           1.815
xdut.topp__t321                        3.08101
xdut.\$12__t160                          1.815
xdut.topp__t320                        3.08101
xdut.\$32__t34                           1.815
xdut.topp__t319                        3.08101
xdut.\$12__t159                          1.815
xdut.topp__t318                        3.08101
xdut.\$32__t33                           1.815
xdut.topp__t317                        3.08101
xdut.\$12__t158                          1.815
xdut.topp__t316                        3.08101
xdut.\$32__t32                           1.815
xdut.topp__t315                        3.08101
xdut.\$12__t157                          1.815
xdut.topp__t314                        3.08101
xdut.\$32__t31                           1.815
xdut.topp__t313                        3.08101
xdut.\$12__t156                          1.815
xdut.topp__t312                        3.08101
xdut.\$32__t30                           1.815
xdut.topp__t311                        3.08101
xdut.\$12__t155                          1.815
xdut.topp__t310                        3.08101
xdut.\$32__t29                           1.815
xdut.topp__t309                        3.08101
xdut.\$81__t85                           1.815
xdut.topn__t173                         1.5233
xdut.\$84__t15                           1.815
xdut.topn__t172                         1.5233
xdut.\$81__t187                          1.815
xdut.topn__t376                         1.5233
xdut.\$84__t41                           1.815
xdut.topn__t377                         1.5233
xdut.\$81__t188                          1.815
xdut.topn__t378                         1.5233
xdut.\$84__t42                           1.815
xdut.topn__t379                         1.5233
xdut.\$81__t189                          1.815
xdut.topn__t380                         1.5233
xdut.\$84__t43                           1.815
xdut.topn__t381                         1.5233
xdut.\$81__t190                          1.815
xdut.topn__t382                         1.5233
xdut.\$84__t44                           1.815
xdut.topn__t383                         1.5233
xdut.\$81__t191                          1.815
xdut.topn__t384                         1.5233
xdut.\$84__t52                           1.815
xdut.topn__t401                         1.5233
xdut.\$81__t192                          1.815
xdut.topn__t386                         1.5233
xdut.\$84__t45                           1.815
xdut.topn__t387                         1.5233
xdut.\$81__t193                          1.815
xdut.topn__t388                         1.5233
xdut.\$84__t46                           1.815
xdut.topn__t389                         1.5233
xdut.\$81__t194                          1.815
xdut.topn__t390                         1.5233
xdut.\$84__t47                           1.815
xdut.topn__t391                         1.5233
xdut.\$81__t195                          1.815
xdut.topn__t392                         1.5233
xdut.\$84__t48                           1.815
xdut.topn__t393                         1.5233
xdut.\$81__t196                          1.815
xdut.topn__t394                         1.5233
xdut.\$84__t49                           1.815
xdut.topn__t395                         1.5233
xdut.\$81__t197                          1.815
xdut.topn__t396                         1.5233
xdut.\$84__t50                           1.815
xdut.topn__t397                         1.5233
xdut.\$81__t198                          1.815
xdut.topn__t398                         1.5233
xdut.\$84__t51                           1.815
xdut.topn__t399                         1.5233
xdut.\$81__t106                          1.815
xdut.topn__t217                         1.5233
xdut.\$84__t18                           1.815
xdut.topn__t219                         1.5233
xdut.\$81__t107                          1.815
xdut.topn__t220                         1.5233
xdut.\$84__t19                           1.815
xdut.topn__t221                         1.5233
xdut.\$81__t108                          1.815
xdut.topn__t222                         1.5233
xdut.\$84__t20                           1.815
xdut.topn__t223                         1.5233
xdut.\$12__t19                           1.815
xdut.topp__t36                         3.08101
xdut.\$24__t63                           1.815
xdut.topp__t210                        3.08101
xdut.\$12__t105                          1.815
xdut.topp__t209                        3.08101
xdut.\$24__t62                           1.815
xdut.topp__t208                        3.08101
xdut.\$12__t22                           1.815
xdut.topp__t41                         3.08101
xdut.\$24__t10                           1.815
xdut.topp__t40                         3.08101
xdut.\$12__t21                           1.815
xdut.topp__t39                         3.08101
xdut.\$24__t9                            1.815
xdut.topp__t38                         3.08101
xdut.\$12__t20                           1.815
xdut.topp__t37                         3.08101
xdut.\$24__t26                           1.815
xdut.topp__t110                        3.08101
xdut.\$12__t104                          1.815
xdut.topp__t207                        3.08101
xdut.\$24__t61                           1.815
xdut.topp__t205                        3.08101
xdut.\$12__t102                          1.815
xdut.topp__t204                        3.08101
xdut.\$24__t60                           1.815
xdut.topp__t203                        3.08101
xdut.\$12__t103                          1.815
xdut.topp__t206                        3.08101
xdut.\$24__t58                           1.815
xdut.topp__t201                        3.08101
xdut.\$12__t101                          1.815
xdut.topp__t200                        3.08101
xdut.\$24__t54                           1.815
xdut.topp__t193                        3.08101
xdut.\$12__t138                          1.815
xdut.topp__t278                        3.08101
xdut.\$24__t27                           1.815
xdut.topp__t112                        3.08101
xdut.\$12__t132                          1.815
xdut.topp__t262                        3.08101
xdut.\$24__t89                           1.815
xdut.topp__t307                        3.08101
xdut.\$12__t147                          1.815
xdut.topp__t293                        3.08101
xdut.\$24__t82                           1.815
xdut.topp__t292                        3.08101
xdut.\$12__t146                          1.815
xdut.topp__t291                        3.08101
xdut.\$24__t17                           1.815
xdut.topp__t89                         3.08101
xdut.\$12__t45                           1.815
xdut.topp__t88                         3.08101
xdut.\$24__t15                           1.815
xdut.topp__t74                         3.08101
xdut.\$12__t38                           1.815
xdut.topp__t73                         3.08101
xdut.\$24__t29                           1.815
xdut.topp__t115                        3.08101
xdut.\$12__t58                           1.815
xdut.topp__t114                        3.08101
xdut.\$24__t28                           1.815
xdut.topp__t113                        3.08101
xdut.\$81__t2                            1.815
xdut.topn__t6                           1.5233
xdut.\$83__t1                            1.815
xdut.topn__t5                           1.5233
xdut.\$81__t233                          1.815
xdut.topn__t465                         1.5233
xdut.\$83__t118                          1.815
xdut.topn__t466                         1.5233
xdut.\$81__t234                          1.815
xdut.topn__t467                         1.5233
xdut.\$83__t119                          1.815
xdut.topn__t468                         1.5233
xdut.\$81__t235                          1.815
xdut.topn__t469                         1.5233
xdut.\$83__t120                          1.815
xdut.topn__t470                         1.5233
xdut.\$81__t206                          1.815
xdut.topn__t412                         1.5233
xdut.\$83__t101                          1.815
xdut.topn__t410                         1.5233
xdut.\$81__t205                          1.815
xdut.topn__t411                         1.5233
xdut.\$83__t72                           1.815
xdut.topn__t273                         1.5233
xdut.\$81__t216                          1.815
xdut.topn__t431                         1.5233
xdut.\$83__t111                          1.815
xdut.topn__t432                         1.5233
xdut.\$81__t221                          1.815
xdut.topn__t439                         1.5233
xdut.\$83__t107                          1.815
xdut.topn__t424                         1.5233
xdut.\$81__t213                          1.815
xdut.topn__t425                         1.5233
xdut.\$83__t108                          1.815
xdut.topn__t426                         1.5233
xdut.\$81__t214                          1.815
xdut.topn__t427                         1.5233
xdut.\$83__t109                          1.815
xdut.topn__t428                         1.5233
xdut.\$81__t118                          1.815
xdut.topn__t240                         1.5233
xdut.\$83__t51                           1.815
xdut.topn__t189                         1.5233
xdut.\$81__t97                           1.815
xdut.topn__t201                         1.5233
xdut.\$83__t74                           1.815
xdut.topn__t279                         1.5233
xdut.\$81__t145                          1.815
xdut.topn__t291                         1.5233
xdut.\$83__t79                           1.815
xdut.topn__t303                         1.5233
xdut.\$81__t89                           1.815
xdut.topn__t183                         1.5233
xdut.\$83__t48                           1.815
xdut.topn__t184                         1.5233
xdut.\$81__t90                           1.815
xdut.topn__t185                         1.5233
xdut.\$83__t49                           1.815
xdut.topn__t186                         1.5233
xdut.\$81__t91                           1.815
xdut.topn__t187                         1.5233
xdut.\$83__t50                           1.815
xdut.topn__t188                         1.5233
xdut.\$12__t18                           1.815
xdut.topp__t35                         3.08101
xdut.\$24__t8                            1.815
xdut.topp__t34                         3.08101
xdut.\$12__t17                           1.815
xdut.topp__t33                         3.08101
xdut.\$24__t7                            1.815
xdut.topp__t32                         3.08101
xdut.\$12__t70                           1.815
xdut.topp__t135                        3.08101
xdut.\$24__t65                           1.815
xdut.topp__t214                        3.08101
xdut.\$12__t107                          1.815
xdut.topp__t213                        3.08101
xdut.\$24__t64                           1.815
xdut.topp__t212                        3.08101
xdut.\$12__t106                          1.815
xdut.topp__t211                        3.08101
xdut.\$24__t6                            1.815
xdut.topp__t29                         3.08101
xdut.\$12__t108                          1.815
xdut.topp__t215                        3.08101
xdut.\$24__t57                           1.815
xdut.topp__t198                        3.08101
xdut.\$12__t100                          1.815
xdut.topp__t197                        3.08101
xdut.\$24__t56                           1.815
xdut.topp__t196                        3.08101
xdut.\$12__t99                           1.815
xdut.topp__t195                        3.08101
xdut.\$24__t55                           1.815
xdut.topp__t194                        3.08101
xdut.\$12__t98                           1.815
xdut.topp__t192                        3.08101
xdut.\$24__t59                           1.815
xdut.topp__t202                        3.08101
xdut.\$12__t137                          1.815
xdut.topp__t276                        3.08101
xdut.\$24__t73                           1.815
xdut.topp__t261                        3.08101
xdut.\$12__t131                          1.815
xdut.topp__t260                        3.08101
xdut.\$24__t72                           1.815
xdut.topp__t259                        3.08101
xdut.\$12__t130                          1.815
xdut.topp__t258                        3.08101
xdut.\$24__t71                           1.815
xdut.topp__t257                        3.08101
xdut.\$12__t129                          1.815
xdut.topp__t256                        3.08101
xdut.\$24__t70                           1.815
xdut.topp__t255                        3.08101
xdut.\$12__t128                          1.815
xdut.topp__t254                        3.08101
xdut.\$24__t69                           1.815
xdut.topp__t253                        3.08101
xdut.\$12__t127                          1.815
xdut.topp__t252                        3.08101
xdut.\$24__t68                           1.815
xdut.topp__t251                        3.08101
xdut.\$12__t126                          1.815
xdut.topp__t250                        3.08101
xdut.\$24__t67                           1.815
xdut.topp__t249                        3.08101
xdut.\$81__t68                           1.815
xdut.topn__t138                         1.5233
xdut.\$83__t38                           1.815
xdut.topn__t139                         1.5233
xdut.\$81__t207                          1.815
xdut.topn__t413                         1.5233
xdut.\$83__t102                          1.815
xdut.topn__t414                         1.5233
xdut.\$81__t208                          1.815
xdut.topn__t415                         1.5233
xdut.\$83__t103                          1.815
xdut.topn__t416                         1.5233
xdut.\$81__t253                          1.815
xdut.topn__t507                         1.5233
xdut.\$83__t126                          1.815
xdut.topn__t508                         1.5233
xdut.\$81__t254                          1.815
xdut.topn__t509                         1.5233
xdut.\$83__t127                          1.815
xdut.topn__t511                         1.5233
xdut.\$81__t201                          1.815
xdut.topn__t404                         1.5233
xdut.\$83__t65                           1.815
xdut.topn__t259                         1.5233
xdut.\$81__t209                          1.815
xdut.topn__t417                         1.5233
xdut.\$83__t104                          1.815
xdut.topn__t418                         1.5233
xdut.\$81__t210                          1.815
xdut.topn__t419                         1.5233
xdut.\$83__t105                          1.815
xdut.topn__t420                         1.5233
xdut.\$81__t211                          1.815
xdut.topn__t421                         1.5233
xdut.\$83__t106                          1.815
xdut.topn__t422                         1.5233
xdut.\$81__t215                          1.815
xdut.topn__t429                         1.5233
xdut.\$83__t110                          1.815
xdut.topn__t430                         1.5233
xdut.\$81__t110                          1.815
xdut.topn__t225                         1.5233
xdut.\$83__t52                           1.815
xdut.topn__t190                         1.5233
xdut.\$81__t92                           1.815
xdut.topn__t191                         1.5233
xdut.\$83__t53                           1.815
xdut.topn__t192                         1.5233
xdut.\$81__t102                          1.815
xdut.topn__t209                         1.5233
xdut.\$83__t54                           1.815
xdut.topn__t194                         1.5233
xdut.\$81__t94                           1.815
xdut.topn__t195                         1.5233
xdut.\$83__t55                           1.815
xdut.topn__t196                         1.5233
xdut.\$81__t95                           1.815
xdut.topn__t197                         1.5233
xdut.\$83__t56                           1.815
xdut.topn__t198                         1.5233
xdut.\$81__t96                           1.815
xdut.topn__t199                         1.5233
xdut.\$83__t57                           1.815
xdut.topn__t200                         1.5233
xdut.\$24__t25                           1.815
xdut.topp__t108                        3.08101
xdut.\$12__t61                           1.815
xdut.topp__t119                        3.08101
xdut.\$24__t24                           1.815
xdut.topp__t106                        3.08101
xdut.\$12__t55                           1.815
xdut.topp__t105                        3.08101
xdut.\$24__t23                           1.815
xdut.topp__t104                        3.08101
xdut.\$12__t54                           1.815
xdut.topp__t103                        3.08101
xdut.\$24__t22                           1.815
xdut.topp__t102                        3.08101
xdut.\$12__t53                           1.815
xdut.topp__t101                        3.08101
xdut.\$24__t21                           1.815
xdut.topp__t100                        3.08101
xdut.\$12__t52                           1.815
xdut.topp__t99                         3.08101
xdut.\$24__t20                           1.815
xdut.topp__t98                         3.08101
xdut.\$12__t51                           1.815
xdut.topp__t97                         3.08101
xdut.\$24__t19                           1.815
xdut.topp__t96                         3.08101
xdut.\$12__t50                           1.815
xdut.topp__t95                         3.08101
xdut.\$24__t18                           1.815
xdut.topp__t94                         3.08101
xdut.\$12__t49                           1.815
xdut.topp__t93                         3.08101
xdut.\$24__t16                           1.815
xdut.topp__t77                         3.08101
xdut.\$12__t16                           1.815
xdut.topp__t30                         3.08101
xdut.\$24__t76                           1.815
xdut.topp__t275                        3.08101
xdut.\$12__t154                          1.815
xdut.topp__t306                        3.08101
xdut.\$24__t88                           1.815
xdut.topp__t305                        3.08101
xdut.\$12__t153                          1.815
xdut.topp__t304                        3.08101
xdut.\$24__t87                           1.815
xdut.topp__t303                        3.08101
xdut.\$12__t152                          1.815
xdut.topp__t302                        3.08101
xdut.\$24__t86                           1.815
xdut.topp__t301                        3.08101
xdut.\$12__t151                          1.815
xdut.topp__t300                        3.08101
xdut.\$24__t85                           1.815
xdut.topp__t299                        3.08101
xdut.\$12__t150                          1.815
xdut.topp__t298                        3.08101
xdut.\$24__t84                           1.815
xdut.topp__t297                        3.08101
xdut.\$12__t149                          1.815
xdut.topp__t296                        3.08101
xdut.\$24__t83                           1.815
xdut.topp__t295                        3.08101
xdut.\$12__t148                          1.815
xdut.topp__t294                        3.08101
xdut.\$83__t39                           1.815
xdut.topn__t140                         1.5233
xdut.\$81__t67                           1.815
xdut.topn__t137                         1.5233
xdut.\$83__t66                           1.815
xdut.topn__t262                         1.5233
xdut.\$81__t130                          1.815
xdut.topn__t263                         1.5233
xdut.\$83__t67                           1.815
xdut.topn__t264                         1.5233
xdut.\$81__t131                          1.815
xdut.topn__t265                         1.5233
xdut.\$83__t68                           1.815
xdut.topn__t266                         1.5233
xdut.\$81__t132                          1.815
xdut.topn__t267                         1.5233
xdut.\$83__t69                           1.815
xdut.topn__t268                         1.5233
xdut.\$81__t133                          1.815
xdut.topn__t269                         1.5233
xdut.\$83__t70                           1.815
xdut.topn__t270                         1.5233
xdut.\$81__t134                          1.815
xdut.topn__t271                         1.5233
xdut.\$83__t71                           1.815
xdut.topn__t272                         1.5233
xdut.\$81__t93                           1.815
xdut.topn__t193                         1.5233
xdut.\$83__t61                           1.815
xdut.topn__t251                         1.5233
xdut.\$81__t124                          1.815
xdut.topn__t252                         1.5233
xdut.\$83__t62                           1.815
xdut.topn__t253                         1.5233
xdut.\$81__t125                          1.815
xdut.topn__t254                         1.5233
xdut.\$83__t63                           1.815
xdut.topn__t255                         1.5233
xdut.\$81__t126                          1.815
xdut.topn__t256                         1.5233
xdut.\$83__t46                           1.815
xdut.topn__t179                         1.5233
xdut.\$81__t98                           1.815
xdut.topn__t202                         1.5233
xdut.\$83__t58                           1.815
xdut.topn__t203                         1.5233
xdut.\$81__t99                           1.815
xdut.topn__t204                         1.5233
xdut.\$83__t59                           1.815
xdut.topn__t205                         1.5233
xdut.\$81__t100                          1.815
xdut.topn__t206                         1.5233
xdut.\$83__t60                           1.815
xdut.topn__t207                         1.5233
xdut.\$81__t101                          1.815
xdut.topn__t208                         1.5233
xdut.\$83__t64                           1.815
xdut.topn__t257                         1.5233
xdut.\$81__t135                          1.815
xdut.topn__t274                         1.5233
xdut.\$83__t73                           1.815
xdut.topn__t275                         1.5233
xdut.\$81__t138                          1.815
xdut.topn__t278                         1.5233
xdut.\$24__t11                           1.815
xdut.topp__t43                         3.08101
xdut.\$12__t23                           1.815
xdut.topp__t42                         3.08101
xdut.\$24__t12                           1.815
xdut.topp__t44                         3.08101
xdut.\$12__t3                            1.815
xdut.topp__t5                          3.08101
xdut.\$24__t1                            1.815
xdut.topp__t4                          3.08101
xdut.\$12__t26                           1.815
xdut.topp__t48                         3.08101
xdut.\$24__t14                           1.815
xdut.topp__t63                         3.08101
xdut.\$12__t24                           1.815
xdut.topp__t46                         3.08101
xdut.\$24__t13                           1.815
xdut.topp__t45                         3.08101
xdut.\$12__t57                           1.815
xdut.topp__t111                        3.08101
xdut.\$24__t4                            1.815
xdut.topp__t26                         3.08101
xdut.\$12__t14                           1.815
xdut.topp__t25                         3.08101
xdut.\$24__t3                            1.815
xdut.topp__t16                         3.08101
xdut.\$12__t5                            1.815
xdut.topp__t8                          3.08101
xdut.\$24__t2                            1.815
xdut.topp__t7                          3.08101
xdut.\$12__t4                            1.815
xdut.topp__t6                          3.08101
xdut.\$24__t5                            1.815
xdut.topp__t28                         3.08101
xdut.\$12__t15                           1.815
xdut.topp__t27                         3.08101
xdut.\$24__t75                           1.815
xdut.topp__t272                        3.08101
xdut.\$12__t145                          1.815
xdut.topp__t290                        3.08101
xdut.\$24__t81                           1.815
xdut.topp__t289                        3.08101
xdut.\$12__t144                          1.815
xdut.topp__t288                        3.08101
xdut.\$24__t80                           1.815
xdut.topp__t287                        3.08101
xdut.\$12__t143                          1.815
xdut.topp__t286                        3.08101
xdut.\$24__t79                           1.815
xdut.topp__t285                        3.08101
xdut.\$12__t142                          1.815
xdut.topp__t284                        3.08101
xdut.\$24__t78                           1.815
xdut.topp__t283                        3.08101
xdut.\$12__t141                          1.815
xdut.topp__t282                        3.08101
xdut.\$24__t77                           1.815
xdut.topp__t281                        3.08101
xdut.\$12__t140                          1.815
xdut.topp__t280                        3.08101
xdut.\$24__t66                           1.815
xdut.topp__t248                        3.08101
xdut.\$12__t46                           1.815
xdut.topp__t90                         3.08101
xdut.\$83__t0                            1.815
xdut.topn__t4                           1.5233
xdut.\$81__t1                            1.815
xdut.topn__t3                           1.5233
xdut.\$83__t121                          1.815
xdut.topn__t471                         1.5233
xdut.\$81__t228                          1.815
xdut.topn__t454                         1.5233
xdut.\$83__t114                          1.815
xdut.topn__t455                         1.5233
xdut.\$81__t229                          1.815
xdut.topn__t456                         1.5233
xdut.\$83__t115                          1.815
xdut.topn__t457                         1.5233
xdut.\$81__t230                          1.815
xdut.topn__t458                         1.5233
xdut.\$83__t116                          1.815
xdut.topn__t459                         1.5233
xdut.\$81__t231                          1.815
xdut.topn__t460                         1.5233
xdut.\$83__t117                          1.815
xdut.topn__t461                         1.5233
xdut.\$81__t127                          1.815
xdut.topn__t258                         1.5233
xdut.\$83__t124                          1.815
xdut.topn__t488                         1.5233
xdut.\$81__t245                          1.815
xdut.topn__t489                         1.5233
xdut.\$83__t122                          1.815
xdut.topn__t474                         1.5233
xdut.\$81__t241                          1.815
xdut.topn__t483                         1.5233
xdut.\$83__t123                          1.815
xdut.topn__t484                         1.5233
xdut.\$81__t242                          1.815
xdut.topn__t485                         1.5233
xdut.\$83__t125                          1.815
xdut.topn__t502                         1.5233
xdut.\$81__t244                          1.815
xdut.topn__t487                         1.5233
xdut.\$83__t47                           1.815
xdut.topn__t180                         1.5233
xdut.\$81__t139                          1.815
xdut.topn__t280                         1.5233
xdut.\$83__t75                           1.815
xdut.topn__t281                         1.5233
xdut.\$81__t140                          1.815
xdut.topn__t282                         1.5233
xdut.\$83__t76                           1.815
xdut.topn__t283                         1.5233
xdut.\$81__t141                          1.815
xdut.topn__t284                         1.5233
xdut.\$83__t77                           1.815
xdut.topn__t285                         1.5233
xdut.\$81__t142                          1.815
xdut.topn__t286                         1.5233
xdut.\$83__t78                           1.815
xdut.topn__t287                         1.5233
xdut.\$81__t143                          1.815
xdut.topn__t288                         1.5233
xdut.\$83__t80                           1.815
xdut.topn__t305                         1.5233
xdut.\$81__t144                          1.815
xdut.topn__t290                         1.5233
xdut.\$32__t0                            1.815
xdut.topp__t3                          3.08101
xdut.\$12__t2                            1.815
xdut.topp__t2                          3.08101
xdut.\$32__t8                            1.815
xdut.topp__t55                         3.08101
xdut.\$12__t29                           1.815
xdut.topp__t54                         3.08101
xdut.\$32__t7                            1.815
xdut.topp__t53                         3.08101
xdut.\$12__t28                           1.815
xdut.topp__t52                         3.08101
xdut.\$32__t6                            1.815
xdut.topp__t51                         3.08101
xdut.\$12__t27                           1.815
xdut.topp__t50                         3.08101
xdut.\$32__t5                            1.815
xdut.topp__t49                         3.08101
xdut.\$12__t56                           1.815
xdut.topp__t109                        3.08101
xdut.\$32__t4                            1.815
xdut.topp__t24                         3.08101
xdut.\$12__t13                           1.815
xdut.topp__t23                         3.08101
xdut.\$32__t3                            1.815
xdut.topp__t22                         3.08101
xdut.\$12__t12                           1.815
xdut.topp__t21                         3.08101
xdut.\$32__t2                            1.815
xdut.topp__t20                         3.08101
xdut.\$12__t11                           1.815
xdut.topp__t19                         3.08101
xdut.\$32__t1                            1.815
xdut.topp__t18                         3.08101
xdut.\$12__t10                           1.815
xdut.topp__t17                         3.08101
xdut.\$32__t27                           1.815
xdut.topp__t270                        3.08101
xdut.\$12__t44                           1.815
xdut.topp__t87                         3.08101
xdut.\$32__t14                           1.815
xdut.topp__t86                         3.08101
xdut.\$12__t43                           1.815
xdut.topp__t85                         3.08101
xdut.\$32__t13                           1.815
xdut.topp__t84                         3.08101
xdut.\$12__t42                           1.815
xdut.topp__t83                         3.08101
xdut.\$32__t12                           1.815
xdut.topp__t82                         3.08101
xdut.\$12__t41                           1.815
xdut.topp__t81                         3.08101
xdut.\$32__t11                           1.815
xdut.topp__t80                         3.08101
xdut.\$12__t40                           1.815
xdut.topp__t79                         3.08101
xdut.\$32__t10                           1.815
xdut.topp__t78                         3.08101
xdut.\$12__t47                           1.815
xdut.topp__t91                         3.08101
xdut.\$32__t9                            1.815
xdut.topp__t76                         3.08101
xdut.\$12__t39                           1.815
xdut.topp__t75                         3.08101
xdut.\$84__t1                            1.815
xdut.topn__t2                           1.5233
xdut.\$81__t0                            1.815
xdut.topn__t1                           1.5233
xdut.\$84__t62                           1.815
xdut.topn__t501                         1.5233
xdut.\$81__t243                          1.815
xdut.topn__t486                         1.5233
xdut.\$84__t54                           1.815
xdut.topn__t447                         1.5233
xdut.\$81__t225                          1.815
xdut.topn__t448                         1.5233
xdut.\$84__t55                           1.815
xdut.topn__t449                         1.5233
xdut.\$81__t226                          1.815
xdut.topn__t450                         1.5233
xdut.\$84__t56                           1.815
xdut.topn__t451                         1.5233
xdut.\$81__t227                          1.815
xdut.topn__t452                         1.5233
xdut.\$84__t57                           1.815
xdut.topn__t453                         1.5233
xdut.\$81__t128                          1.815
xdut.topn__t260                         1.5233
xdut.\$84__t59                           1.815
xdut.topn__t490                         1.5233
xdut.\$81__t246                          1.815
xdut.topn__t491                         1.5233
xdut.\$84__t60                           1.815
xdut.topn__t492                         1.5233
xdut.\$81__t247                          1.815
xdut.topn__t493                         1.5233
xdut.\$84__t61                           1.815
xdut.topn__t494                         1.5233
xdut.\$81__t255                          1.815
xdut.topn__t510                         1.5233
xdut.\$84__t58                           1.815
xdut.topn__t472                         1.5233
xdut.\$81__t236                          1.815
xdut.topn__t473                         1.5233
xdut.\$84__t16                           1.815
xdut.topn__t181                         1.5233
xdut.\$81__t146                          1.815
xdut.topn__t292                         1.5233
xdut.\$84__t26                           1.815
xdut.topn__t293                         1.5233
xdut.\$81__t147                          1.815
xdut.topn__t294                         1.5233
xdut.\$84__t27                           1.815
xdut.topn__t295                         1.5233
xdut.\$81__t148                          1.815
xdut.topn__t296                         1.5233
xdut.\$84__t28                           1.815
xdut.topn__t297                         1.5233
xdut.\$81__t149                          1.815
xdut.topn__t298                         1.5233
xdut.\$84__t29                           1.815
xdut.topn__t299                         1.5233
xdut.\$81__t150                          1.815
xdut.topn__t300                         1.5233
xdut.\$84__t30                           1.815
xdut.topn__t301                         1.5233
xdut.\$81__t151                          1.815
xdut.topn__t302                         1.5233
xdut.\$40__t0                            1.815
xdut.topp__t1                          3.08101
xdut.\$12__t25                           1.815
xdut.topp__t47                         3.08101
xdut.\$40__t7                            1.815
xdut.topp__t62                         3.08101
xdut.\$12__t32                           1.815
xdut.topp__t61                         3.08101
xdut.\$40__t6                            1.815
xdut.topp__t60                         3.08101
xdut.\$12__t31                           1.815
xdut.topp__t59                         3.08101
xdut.\$40__t5                            1.815
xdut.topp__t58                         3.08101
xdut.\$12__t30                           1.815
xdut.topp__t57                         3.08101
xdut.\$40__t4                            1.815
xdut.topp__t56                         3.08101
xdut.\$12__t48                           1.815
xdut.topp__t92                         3.08101
xdut.\$40__t3                            1.815
xdut.topp__t31                         3.08101
xdut.\$12__t9                            1.815
xdut.topp__t15                         3.08101
xdut.\$40__t2                            1.815
xdut.topp__t14                         3.08101
xdut.\$12__t8                            1.815
xdut.topp__t13                         3.08101
xdut.\$40__t1                            1.815
xdut.topp__t12                         3.08101
xdut.\$12__t7                            1.815
xdut.topp__t11                         3.08101
xdut.\$48__t0                            1.815
xdut.topp__t10                         3.08101
xdut.\$12__t6                            1.815
xdut.topp__t9                          3.08101
xdut.\$48__t8                            1.815
xdut.topp__t268                        3.08101
xdut.\$12__t37                           1.815
xdut.topp__t72                         3.08101
xdut.\$48__t2                            1.815
xdut.topp__t71                         3.08101
xdut.\$12__t36                           1.815
xdut.topp__t70                         3.08101
xdut.\$48__t1                            1.815
xdut.topp__t69                         3.08101
xdut.\$12__t35                           1.815
xdut.topp__t68                         3.08101
xdut.\$56__t1                            1.815
xdut.topp__t67                         3.08101
xdut.\$12__t34                           1.815
xdut.topp__t66                         3.08101
xdut.\$56__t0                            1.815
xdut.topp__t65                         3.08101
xdut.\$12__t33                           1.815
xdut.topp__t64                         3.08101
xdut.\$64__t0                            1.815
xdut.topp__t107                        3.08101
xdut.\$12__t60                           1.815
xdut.topp__t118                        3.08101
xdut.\$72__t0                            1.815
xdut.topp__t117                        3.08101
xdut.\$12__t59                           1.815
xdut.topp__t116                        3.08101
xdut.\$85__t0                            1.815
xdut.topn__t8                           1.5233
xdut.\$81__t3                            1.815
xdut.topn__t7                           1.5233
xdut.\$85__t25                           1.815
xdut.topn__t462                         1.5233
xdut.\$81__t232                          1.815
xdut.topn__t463                         1.5233
xdut.\$85__t26                           1.815
xdut.topn__t464                         1.5233
xdut.\$81__t248                          1.815
xdut.topn__t495                         1.5233
xdut.\$85__t29                           1.815
xdut.topn__t496                         1.5233
xdut.\$81__t249                          1.815
xdut.topn__t497                         1.5233
xdut.\$85__t30                           1.815
xdut.topn__t498                         1.5233
xdut.\$81__t250                          1.815
xdut.topn__t499                         1.5233
xdut.\$85__t31                           1.815
xdut.topn__t500                         1.5233
xdut.\$81__t129                          1.815
xdut.topn__t261                         1.5233
xdut.\$85__t27                           1.815
xdut.topn__t475                         1.5233
xdut.\$81__t237                          1.815
xdut.topn__t476                         1.5233
xdut.\$85__t28                           1.815
xdut.topn__t477                         1.5233
xdut.\$81__t238                          1.815
xdut.topn__t478                         1.5233
xdut.\$86__t14                           1.815
xdut.topn__t479                         1.5233
xdut.\$81__t239                          1.815
xdut.topn__t480                         1.5233
xdut.\$86__t15                           1.815
xdut.topn__t481                         1.5233
xdut.\$81__t240                          1.815
xdut.topn__t482                         1.5233
xdut.\$86__t6                            1.815
xdut.topn__t182                         1.5233
xdut.\$81__t152                          1.815
xdut.topn__t304                         1.5233
xdut.\$86__t8                            1.815
xdut.topn__t289                         1.5233
xdut.\$81__t119                          1.815
xdut.topn__t242                         1.5233
xdut.\$87__t4                            1.815
xdut.topn__t243                         1.5233
xdut.\$81__t120                          1.815
xdut.topn__t244                         1.5233
xdut.\$87__t5                            1.815
xdut.topn__t245                         1.5233
xdut.\$81__t121                          1.815
xdut.topn__t246                         1.5233
xdut.\$88__t2                            1.815
xdut.topn__t247                         1.5233
xdut.\$81__t122                          1.815
xdut.topn__t248                         1.5233
xdut.\$89__t0                            1.815
xdut.topn__t249                         1.5233
xdut.\$81__t123                          1.815
xdut.topn__t250                         1.5233
xdut.\$100                                3.63
xdut.vsubs                                   0
xdut.\$102                                3.63
xdut.\$104                                3.63
xdut.\$106                                3.63
xdut.\$108                                3.63
xdut.\$11                                 3.63
xdut.\$110                                3.63
xdut.\$112                                3.63
xdut.\$114                                3.63
xdut.\$116                                3.63
xdut.\$118                                3.63
xdut.\$12                                1.815
xdut.\$120                                3.63
xdut.\$122                                3.63
xdut.\$124                                3.63
xdut.\$126                                3.63
xdut.\$127                                3.63
xdut.\$129                         3.66511e-09
xdut.\$130                                3.63
xdut.\$132                         3.60335e-09
xdut.\$133                                3.63
xdut.\$135                         3.54176e-09
xdut.\$136                                3.63
xdut.\$138                         3.48068e-09
xdut.\$139                                3.63
xdut.\$141                         3.42411e-09
xdut.\$142                                3.63
xdut.\$144                         3.44518e-09
xdut.\$145                                3.63
xdut.\$147                         3.50503e-09
xdut.\$148                                3.63
xdut.\$150                          3.5664e-09
xdut.\$151                                3.63
xdut.\$153                         3.62808e-09
xdut.\$157                                3.63
xdut.\$158                                3.63
xdut.\$17                                 3.63
xdut.\$19                          3.60411e-09
xdut.\$21                                 3.63
xdut.\$23                                 3.63
xdut.\$24                                1.815
xdut.\$25                                 3.63
xdut.\$27                          3.54284e-09
xdut.\$29                                 3.63
xdut.\$31                                 3.63
xdut.\$32                                1.815
xdut.\$33                                 3.63
xdut.\$35                          3.48256e-09
xdut.\$37                                 3.63
xdut.\$39                                 3.63
xdut.\$40                                1.815
xdut.\$41                                 3.63
xdut.\$43                          3.42957e-09
xdut.\$45                                 3.63
xdut.\$47                                 3.63
xdut.\$48                                1.815
xdut.\$49                                 3.63
xdut.\$5                                  3.63
xdut.\$51                           3.4484e-09
xdut.\$53                                 3.63
xdut.\$55                                 3.63
xdut.\$56                                1.815
xdut.\$57                                 3.63
xdut.\$59                          3.50649e-09
xdut.\$61                                 3.63
xdut.\$63                                 3.63
xdut.\$64                                1.815
xdut.\$65                                 3.63
xdut.\$67                          3.56733e-09
xdut.\$69                                 3.63
xdut.\$7                           3.66569e-09
xdut.\$71                                 3.63
xdut.\$72                                1.815
xdut.\$73                                 3.63
xdut.\$75                          3.62876e-09
xdut.\$77                                 3.63
xdut.\$79                                 3.63
xdut.\$80                                1.815
xdut.\$81                                1.815
xdut.\$83                                1.815
xdut.\$84                                1.815
xdut.\$85                                1.815
xdut.\$86                                1.815
xdut.\$87                                1.815
xdut.\$88                                1.815
xdut.\$89                                1.815
xdut.\$9                                  3.63
xdut.\$90                                1.815
xdut.\$92                                 3.63
xdut.\$94                                 3.63
xdut.\$96                                 3.63
xdut.\$98                                 3.63
se_topn                                 1.5233
se_topp                                3.08101
se_ibias                              0.640978
xsecmp.xpre.ptail                      1.99072
xsecmp.pon                             2.35296
xsecmp.preamp_in1                      3.08101
xsecmp.pop                                3.63
xsecmp.preamp_in2                       1.5233
xsecmp.xpre.xrlp.11                       3.63
xsecmp.xpre.xrlp.21                       3.63
xsecmp.xpre.xrln.11                     3.6291
xsecmp.xpre.xrln.21                    2.35386
xsecmp.xlat.ltail                      2.86611
xsecmp.xlat.dip                           3.63
xsecmp.xlat.din                           3.63
xsecmp.outn                               3.63
xsecmp.outp                               3.63
xsecmp.sset                        6.97528e-09
xsecmp.srst                        6.97528e-09
xsecmp.xno1.ps                            3.63
se_cmpb                                   3.63
xsecmp.xno2.ps                            3.63
se_code                                      0
bsecode#branch                               0
lref#branch                        9.60319e-11
v.xsecmp.vpn#branch                          0
v.xsecmp.vpp#branch                          0
vsemode#branch                               0
vsestart#branch                              0
vsevinn#branch                     7.32608e-14
vseinp#branch                      4.86949e-10
vcms#branch                       -1.16524e-09
vrefs#branch                      -9.60319e-11
vddc#branch                       -2.03319e-05
vddd#branch                       -1.07734e-09
vddt#branch                                  0
vcmpclkb#branch                              0
vcmpclk#branch                               0
vclk#branch                                  0
a.xsectrl.a_gn#branch_1_0         -1.04083e-17
a.xsectrl.a_gn#branch_1_1                    0
a.xsectrl.a_gn#branch_1_2                    0
a.xsectrl.a_gn#branch_1_3         -1.04083e-17
a.xsectrl.a_gn#branch_1_4                    0
a.xsectrl.a_gn#branch_1_5                    0
a.xsectrl.a_gn#branch_1_6         -1.04083e-17
a.xsectrl.a_gn#branch_1_7                    0
a.xsectrl.a_gn#branch_1_8                    0
a.xsectrl.a_gn#branch_1_9         -1.04083e-17
a.xsectrl.a_gn#branch_1_10                   0
a.xsectrl.a_gn#branch_1_11                   0
a.xsectrl.a_gn#branch_1_12        -1.04083e-17
a.xsectrl.a_gn#branch_1_13                   0
a.xsectrl.a_gn#branch_1_14                   0
a.xsectrl.a_gn#branch_1_15        -1.04083e-17
a.xsectrl.a_gn#branch_1_16                   0
a.xsectrl.a_gn#branch_1_17                   0
a.xsectrl.a_gn#branch_1_18        -1.04083e-17
a.xsectrl.a_gn#branch_1_19                   0
a.xsectrl.a_gn#branch_1_20                   0
a.xsectrl.a_gn#branch_1_21        -1.04083e-17
a.xsectrl.a_gn#branch_1_22                   0
a.xsectrl.a_gn#branch_1_23                   0
a.xsectrl.a_gn#branch_1_24        -1.04083e-17
a.xsectrl.a_gn#branch_1_25                   0
a.xsectrl.a_gn#branch_1_26                   0
a.xsectrl.a_gn#branch_1_27        -1.04083e-17
a.xsectrl.a_gn#branch_1_28                   0
a.xsectrl.a_gn#branch_1_29                   0
a.xsectrl.a_gn#branch_1_30        -1.04083e-17
a.xsectrl.a_gn#branch_1_31                   0
a.xsectrl.a_gn#branch_1_32                   0
a.xsectrl.a_gn#branch_1_33        -1.04083e-17
a.xsectrl.a_gn#branch_1_34                   0
a.xsectrl.a_gn#branch_1_35                   0
a.xsectrl.a_gn#branch_1_36        -1.04083e-17
a.xsectrl.a_gn#branch_1_37                   0
a.xsectrl.a_gn#branch_1_38                   0
a.xsectrl.a_gn#branch_1_39        -1.04083e-17
a.xsectrl.a_gn#branch_1_40                   0
a.xsectrl.a_gn#branch_1_41                   0
a.xsectrl.a_gn#branch_1_42        -1.04083e-17
a.xsectrl.a_gn#branch_1_43                   0
a.xsectrl.a_gn#branch_1_44                   0
a.xsectrl.a_gn#branch_1_45        -1.04083e-17
a.xsectrl.a_gn#branch_1_46                   0
a.xsectrl.a_gn#branch_1_47                   0
a.xsectrl.a_gn#branch_1_48        -1.04083e-17
a.xsectrl.a_gn#branch_1_49                   0
a.xsectrl.a_gn#branch_1_50                   0
a.xsectrl.a_gn#branch_1_51        -1.04083e-17
a.xsectrl.a_gn#branch_1_52                   0
a.xsectrl.a_gn#branch_1_53                   0
a.xsectrl.a_dout#branch_1_0                  0
a.xsectrl.a_dout#branch_1_1                  0
a.xsectrl.a_dout#branch_1_2                  0
a.xsectrl.a_dout#branch_1_3                  0
a.xsectrl.a_dout#branch_1_4                  0
a.xsectrl.a_dout#branch_1_5                  0
a.xsectrl.a_dout#branch_1_6                  0
a.xsectrl.a_dout#branch_1_7                  0
a.xsectrl.a_dout#branch_1_8                  0
a.xsectrl.a_dout#branch_1_9                  0
a.xsectrl.a_dout#branch_1_10                 0
a.xsectrl.a_dout#branch_1_11                 0
a.xsectrl.a_dout#branch_1_12                 0

 Reference value :  0.00000e+00
 Reference value :  2.96730e-09
 Reference value :  3.16044e-08
 Reference value :  9.02095e-08
 Reference value :  1.25100e-07
 Reference value :  1.56384e-07
 Reference value :  1.87896e-07
 Reference value :  2.18826e-07
 Reference value :  2.50200e-07
 Reference value :  2.53441e-07
 Reference value :  2.81651e-07
 Reference value :  3.14769e-07
 Reference value :  3.43843e-07
 Reference value :  3.75498e-07
 Reference value :  4.06282e-07
 Reference value :  4.37700e-07
 Reference value :  4.45658e-07
 Reference value :  4.98829e-07
 Reference value :  5.02615e-07
 Reference value :  5.40103e-07
 Reference value :  5.65097e-07
 Reference value :  5.94118e-07
 Reference value :  6.27339e-07
 Reference value :  6.56422e-07
 Reference value :  6.88848e-07
 Reference value :  7.18941e-07
 Reference value :  7.52027e-07
 Reference value :  7.81345e-07
 Reference value :  8.12846e-07
 Reference value :  8.43780e-07
 Reference value :  8.45436e-07
 Reference value :  8.77762e-07
 Reference value :  9.06652e-07
 Reference value :  9.45377e-07
 Reference value :  1.00007e-06
 Reference value :  1.00271e-06
 Reference value :  1.03134e-06
 Reference value :  1.06272e-06
 Reference value :  1.09403e-06
 Reference value :  1.13474e-06
 Reference value :  1.16333e-06
 Reference value :  1.19020e-06
 Reference value :  1.21931e-06
 Reference value :  1.25268e-06
 Reference value :  1.28148e-06
 Reference value :  1.31279e-06
 Reference value :  1.32252e-06
 Reference value :  1.37067e-06
 Reference value :  1.37775e-06
 Reference value :  1.40708e-06
 Reference value :  1.44002e-06
 Reference value :  1.46911e-06
 Reference value :  1.50242e-06
 Reference value :  1.53139e-06
 Reference value :  1.56310e-06
 Reference value :  1.59381e-06
 Reference value :  1.62520e-06
 Reference value :  1.63345e-06
 Reference value :  1.68750e-06
 Reference value :  1.69093e-06
 Reference value :  1.75010e-06
 Reference value :  1.75301e-06
 Reference value :  1.81078e-06
 Reference value :  1.81507e-06
 Reference value :  1.84408e-06
 Reference value :  1.87536e-06
 Reference value :  1.89633e-06
 Reference value :  1.90665e-06
 Reference value :  1.93806e-06
 Reference value :  1.96901e-06
 Reference value :  2.00061e-06
 Reference value :  2.00296e-06
 Reference value :  2.03143e-06
 Reference value :  2.06282e-06
 Reference value :  2.09405e-06
 Reference value :  2.15626e-06
 Reference value :  2.18770e-06
 Reference value :  2.21885e-06
 Reference value :  2.25024e-06
 Reference value :  2.26773e-06
 Reference value :  2.30941e-06
 Reference value :  2.31503e-06
 Reference value :  2.34867e-06
 Reference value :  2.37744e-06
 Reference value :  2.40637e-06
 Reference value :  2.43844e-06
 Reference value :  2.46879e-06
 Reference value :  2.50019e-06
 Reference value :  2.50459e-06
 Reference value :  2.53410e-06
 Reference value :  2.56478e-06
 Reference value :  2.59381e-06
 Reference value :  2.62540e-06
 Reference value :  2.65636e-06
 Reference value :  2.68979e-06
 Reference value :  2.71900e-06
 Reference value :  2.75242e-06
 Reference value :  2.78152e-06
 Reference value :  2.81494e-06
 Reference value :  2.84406e-06
 Reference value :  2.87521e-06
 Reference value :  2.89233e-06
 Reference value :  2.91435e-06
 Reference value :  2.96876e-06
 Reference value :  3.00020e-06
 Reference value :  3.00290e-06
 Reference value :  3.03148e-06
 Reference value :  3.06286e-06
 Reference value :  3.09407e-06
 Reference value :  3.12599e-06
 Reference value :  3.15690e-06
 Reference value :  3.18992e-06
 Reference value :  3.21903e-06
 Reference value :  3.25035e-06
 Reference value :  3.25431e-06
 Reference value :  3.28186e-06
 Reference value :  3.31507e-06
 Reference value :  3.35067e-06
 Reference value :  3.37841e-06
 Reference value :  3.43751e-06
 Reference value :  3.44207e-06
 Reference value :  3.50020e-06
 Reference value :  3.53132e-06
 Reference value :  3.56338e-06
 Reference value :  3.59383e-06
 Reference value :  3.62535e-06
 Reference value :  3.65630e-06
 Reference value :  3.68770e-06
 Reference value :  3.69380e-06
 Reference value :  3.75001e-06
 Reference value :  3.75258e-06
 Reference value :  3.78166e-06
 Reference value :  3.81477e-06
 Reference value :  3.84384e-06
 Reference value :  3.87503e-06
 Reference value :  3.88233e-06
 Reference value :  3.93760e-06
 Reference value :  3.96914e-06
 Reference value :  4.00267e-06
 Reference value :  4.03138e-06
 Reference value :  4.06289e-06
 Reference value :  4.09444e-06
 Reference value :  4.15632e-06
 Reference value :  4.18770e-06
 Reference value :  4.20965e-06
 Reference value :  4.22014e-06
 Reference value :  4.25284e-06
 Reference value :  4.28152e-06
 Reference value :  4.31292e-06
 Reference value :  4.34384e-06
 Reference value :  4.37562e-06
 Reference value :  4.40630e-06
 Reference value :  4.43769e-06
 Reference value :  4.44250e-06
 Reference value :  4.50010e-06
 Reference value :  4.50369e-06
 Reference value :  4.53410e-06
 Reference value :  4.56506e-06
 Reference value :  4.62513e-06
 Reference value :  4.65633e-06
 Reference value :  4.68976e-06
 Reference value :  4.71890e-06
 Reference value :  4.75227e-06
 Reference value :  4.78148e-06
 Reference value :  4.81483e-06
 Reference value :  4.84397e-06
 Reference value :  4.87520e-06
 Reference value :  4.87964e-06
 Reference value :  4.90778e-06
 Reference value :  4.96729e-06
 Reference value :  5.00010e-06
 Reference value :  5.00293e-06
 Reference value :  5.03177e-06
 Reference value :  5.09376e-06
 Reference value :  5.12510e-06
 Reference value :  5.15636e-06
 Reference value :  5.18829e-06
 Reference value :  5.21888e-06
 Reference value :  5.25061e-06
 Reference value :  5.28135e-06
 Reference value :  5.31488e-06
 Reference value :  5.34397e-06
 Reference value :  5.37534e-06
 Reference value :  5.40630e-06
 Reference value :  5.43769e-06
 Reference value :  5.45246e-06
 Reference value :  5.48763e-06
 Reference value :  5.50257e-06
 Reference value :  5.53177e-06
 Reference value :  5.56508e-06
 Reference value :  5.61043e-06
 Reference value :  5.62775e-06
 Reference value :  5.66682e-06
 Reference value :  5.69007e-06
 Reference value :  5.72122e-06
 Reference value :  5.75252e-06
 Reference value :  5.78152e-06
 Reference value :  5.81477e-06
 Reference value :  5.84385e-06
 Reference value :  5.87529e-06
 Reference value :  5.89989e-06
 Reference value :  5.93770e-06
 Reference value :  5.96895e-06
 Reference value :  6.00241e-06
 Reference value :  6.03125e-06
 Reference value :  6.05828e-06
 Reference value :  6.09385e-06
 Reference value :  6.12524e-06
 Reference value :  6.15667e-06
 Reference value :  6.18984e-06
 Reference value :  6.21896e-06
 Reference value :  6.25035e-06
 Reference value :  6.28131e-06
 Reference value :  6.31268e-06
 Reference value :  6.31602e-06
 Reference value :  6.34418e-06
 Reference value :  6.37745e-06
 Reference value :  6.40656e-06
 Reference value :  6.43800e-06
 Reference value :  6.46879e-06
 Reference value :  6.50024e-06
 Reference value :  6.50651e-06
 Reference value :  6.56251e-06
 Reference value :  6.56541e-06
 Reference value :  6.62368e-06
 Reference value :  6.63041e-06
 Reference value :  6.68615e-06
 Reference value :  6.68999e-06
 Reference value :  6.71895e-06
 Reference value :  6.75227e-06
 Reference value :  6.78137e-06
 Reference value :  6.81292e-06
 Reference value :  6.84380e-06
 Reference value :  6.87520e-06
 Reference value :  6.88177e-06
 Reference value :  6.92357e-06
 Reference value :  6.96880e-06
 Reference value :  7.00020e-06
 Reference value :  7.00283e-06
 Reference value :  7.03150e-06
 Reference value :  7.06317e-06
 Reference value :  7.11775e-06
 Reference value :  7.15638e-06
 Reference value :  7.18779e-06
 Reference value :  7.21884e-06
 Reference value :  7.25042e-06
 Reference value :  7.28131e-06
 Reference value :  7.31260e-06
 Reference value :  7.31558e-06
 Reference value :  7.34416e-06
 Reference value :  7.37561e-06
 Reference value :  7.40632e-06
 Reference value :  7.43769e-06
 Reference value :  7.44541e-06
 Reference value :  7.50010e-06
 Reference value :  7.50378e-06
 Reference value :  7.54412e-06
 Reference value :  7.56498e-06
 Reference value :  7.59390e-06
 Reference value :  7.62524e-06
 Reference value :  7.62805e-06
 Reference value :  7.65678e-06
 Reference value :  7.68982e-06
 Reference value :  7.71886e-06
 Reference value :  7.75040e-06
 Reference value :  7.78127e-06
 Reference value :  7.81124e-06
 Reference value :  7.81504e-06
 Reference value :  7.84398e-06
 Reference value :  7.87556e-06
 Reference value :  7.90631e-06
 Reference value :  7.93771e-06
 Reference value :  7.96892e-06
 Reference value :  8.00053e-06
 Reference value :  8.00308e-06
 Reference value :  8.03192e-06
 Reference value :  8.09377e-06
 Reference value :  8.12514e-06
 Reference value :  8.15640e-06
 Reference value :  8.18977e-06
 Reference value :  8.21908e-06
 Reference value :  8.25138e-06
 Reference value :  8.28130e-06
 Reference value :  8.31261e-06
 Reference value :  8.31729e-06
 Reference value :  8.34413e-06
 Reference value :  8.37727e-06
 Reference value :  8.40634e-06
 Reference value :  8.43795e-06
 Reference value :  8.46878e-06
 Reference value :  8.50012e-06
 Reference value :  8.50316e-06
 Reference value :  8.53238e-06
 Reference value :  8.56503e-06
 Reference value :  8.59396e-06
 Reference value :  8.62619e-06
 Reference value :  8.65632e-06
 Reference value :  8.68770e-06
 Reference value :  8.69152e-06
 Reference value :  8.75001e-06
 Reference value :  8.75301e-06
 Reference value :  8.79793e-06
 Reference value :  8.81521e-06
 Reference value :  8.87500e-06
 Reference value :  8.87884e-06
 Reference value :  8.90705e-06
 Reference value :  8.94130e-06
 Reference value :  8.99620e-06
 Reference value :  9.00267e-06
 Reference value :  9.03133e-06
 Reference value :  9.06282e-06
 Reference value :  9.09437e-06
 Reference value :  9.12547e-06
 Reference value :  9.15667e-06
 Reference value :  9.18802e-06
 Reference value :  9.21884e-06
 Reference value :  9.22148e-06
 Reference value :  9.25291e-06
 Reference value :  9.28161e-06
 Reference value :  9.31289e-06
 Reference value :  9.34379e-06
 Reference value :  9.37519e-06
 Reference value :  9.38611e-06
 Reference value :  9.43757e-06
 Reference value :  9.44011e-06
 Reference value :  9.46911e-06
 Reference value :  9.50114e-06
 Reference value :  9.52358e-06
 Reference value :  9.54414e-06
 Reference value :  9.56487e-06
 Reference value :  9.59384e-06
 Reference value :  9.62529e-06
 Reference value :  9.63339e-06
 Reference value :  9.68750e-06
 Reference value :  9.69050e-06
 Reference value :  9.75018e-06
 Reference value :  9.78127e-06
 Reference value :  9.81290e-06
 Reference value :  9.84386e-06
 Reference value :  9.87526e-06
 Reference value :  9.88298e-06
 Reference value :  9.90692e-06
 Reference value :  9.94795e-06
 Reference value :  9.96953e-06
 Reference value :  1.00026e-05
 Reference value :  1.00314e-05
 Reference value :  1.00626e-05
 Reference value :  1.00938e-05
 Reference value :  1.01253e-05
 Reference value :  1.01571e-05
 Reference value :  1.01901e-05
 Reference value :  1.02193e-05
 Reference value :  1.02527e-05
 Reference value :  1.02814e-05
 Reference value :  1.03127e-05
 Reference value :  1.03216e-05
 Reference value :  1.03441e-05
 Reference value :  1.03754e-05
 Reference value :  1.03813e-05
 Reference value :  1.04067e-05
 Reference value :  1.04384e-05
 Reference value :  1.04688e-05
 Reference value :  1.05004e-05
 Reference value :  1.05196e-05
 Reference value :  1.05627e-05
 Reference value :  1.05674e-05
 Reference value :  1.06251e-05
 Reference value :  1.06296e-05
 Reference value :  1.06788e-05
 Reference value :  1.06901e-05
 Reference value :  1.07204e-05
 Reference value :  1.07525e-05
 Reference value :  1.07820e-05
 Reference value :  1.08150e-05
 Reference value :  1.08441e-05
 Reference value :  1.08774e-05
 Reference value :  1.09064e-05
 Reference value :  1.09380e-05
 Reference value :  1.09692e-05
 Reference value :  1.10004e-05
 Reference value :  1.10031e-05
 Reference value :  1.10317e-05
 Reference value :  1.10938e-05
 Reference value :  1.11252e-05
 Reference value :  1.11565e-05
 Reference value :  1.11898e-05
 Reference value :  1.12191e-05
 Reference value :  1.12529e-05
 Reference value :  1.12815e-05
 Reference value :  1.13131e-05
 Reference value :  1.13438e-05
 Reference value :  1.13752e-05
 Reference value :  1.13814e-05
 Reference value :  1.14066e-05
 Reference value :  1.14399e-05
 Reference value :  1.14689e-05
 Reference value :  1.15023e-05
 Reference value :  1.15313e-05
 Reference value :  1.15630e-05
 Reference value :  1.15938e-05
 Reference value :  1.16254e-05
 Reference value :  1.16563e-05
 Reference value :  1.16877e-05
 Reference value :  1.17021e-05
 Reference value :  1.17501e-05
 Reference value :  1.17813e-05
 Reference value :  1.18126e-05
 Reference value :  1.18438e-05
 Reference value :  1.18752e-05
 Reference value :  1.19043e-05
 Reference value :  1.19377e-05
 Reference value :  1.19693e-05
 Reference value :  1.20025e-05
 Reference value :  1.20313e-05
 Reference value :  1.20625e-05
 Reference value :  1.20941e-05
 Reference value :  1.21563e-05
 Reference value :  1.21878e-05
 Reference value :  1.22189e-05
 Reference value :  1.22504e-05
 Reference value :  1.22813e-05
 Reference value :  1.23127e-05
 Reference value :  1.23438e-05
 Reference value :  1.23628e-05
 Reference value :  1.23776e-05
 Reference value :  1.24066e-05
 Reference value :  1.24399e-05
 Reference value :  1.24690e-05
 Reference value :  1.25024e-05
 Reference value :  1.25316e-05
 Reference value :  1.25648e-05
 Reference value :  1.25939e-05
 Reference value :  1.26256e-05
 Reference value :  1.26564e-05
 Reference value :  1.26881e-05
 Reference value :  1.27188e-05
 Reference value :  1.27502e-05
 Reference value :  1.27794e-05
 Reference value :  1.28127e-05
 Reference value :  1.28277e-05
 Reference value :  1.28750e-05
 Reference value :  1.28779e-05
 Reference value :  1.29068e-05
 Reference value :  1.29616e-05
 Reference value :  1.30001e-05
 Reference value :  1.30029e-05
 Reference value :  1.30316e-05
 Reference value :  1.30629e-05
 Reference value :  1.30941e-05
 Reference value :  1.31272e-05
 Reference value :  1.31876e-05
 Reference value :  1.32072e-05
 Reference value :  1.32501e-05
 Reference value :  1.32552e-05
 Reference value :  1.33125e-05
 Reference value :  1.33152e-05
 Reference value :  1.33442e-05
 Reference value :  1.33773e-05
 Reference value :  1.34064e-05
 Reference value :  1.34379e-05
 Reference value :  1.34688e-05
 Reference value :  1.35002e-05
 Reference value :  1.35056e-05
 Reference value :  1.35627e-05
 Reference value :  1.35770e-05
 Reference value :  1.36252e-05
 Reference value :  1.36299e-05
 Reference value :  1.36876e-05
 Reference value :  1.36906e-05
 Reference value :  1.37500e-05
 Reference value :  1.37534e-05
 Reference value :  1.38126e-05
 Reference value :  1.38155e-05
 Reference value :  1.38750e-05
 Reference value :  1.38783e-05
 Reference value :  1.39375e-05
 Reference value :  1.39688e-05
 Reference value :  1.40005e-05
 Reference value :  1.40030e-05
 Reference value :  1.40316e-05
 Reference value :  1.40909e-05
 Reference value :  1.41252e-05
 Reference value :  1.41565e-05
 Reference value :  1.41898e-05
 Reference value :  1.42190e-05
 Reference value :  1.42527e-05
 Reference value :  1.42813e-05
 Reference value :  1.43126e-05
 Reference value :  1.43157e-05
 Reference value :  1.43588e-05
 Reference value :  1.43776e-05
 Reference value :  1.44065e-05
 Reference value :  1.44401e-05
 Reference value :  1.44857e-05
 Reference value :  1.45026e-05
 Reference value :  1.45381e-05
 Reference value :  1.45650e-05
 Reference value :  1.45939e-05
 Reference value :  1.46274e-05
 Reference value :  1.46566e-05
 Reference value :  1.46900e-05
 Reference value :  1.47194e-05
 Reference value :  1.47525e-05
 Reference value :  1.47815e-05
 Reference value :  1.48148e-05
 Reference value :  1.48440e-05
 Reference value :  1.48754e-05
 Reference value :  1.48970e-05
 Reference value :  1.49116e-05
 Reference value :  1.49688e-05
 Reference value :  1.50004e-05
 Reference value :  1.50156e-05
 Reference value :  1.50626e-05
 Reference value :  1.50938e-05
 Reference value :  1.51252e-05
 Reference value :  1.51566e-05
 Reference value :  1.51880e-05
 Reference value :  1.52188e-05
 Reference value :  1.52503e-05
 Reference value :  1.52669e-05
 Reference value :  1.52825e-05
 Reference value :  1.53150e-05
 Reference value :  1.53443e-05
 Reference value :  1.53774e-05
 Reference value :  1.54064e-05
 Reference value :  1.54398e-05
 Reference value :  1.54690e-05
 Reference value :  1.55024e-05
 Reference value :  1.55316e-05
 Reference value :  1.55648e-05
 Reference value :  1.55939e-05
 Reference value :  1.56273e-05
 Reference value :  1.56566e-05
 Reference value :  1.56900e-05
 Reference value :  1.57190e-05
 Reference value :  1.57523e-05
 Reference value :  1.57815e-05
 Reference value :  1.58150e-05
 Reference value :  1.58440e-05
 Reference value :  1.58754e-05
 Reference value :  1.59063e-05
 Reference value :  1.59376e-05
 Reference value :  1.59689e-05
 Reference value :  1.60011e-05
 Reference value :  1.60052e-05
 Reference value :  1.60385e-05
 Reference value :  1.60938e-05
 Reference value :  1.61252e-05
 Reference value :  1.61567e-05
 Reference value :  1.61900e-05
 Reference value :  1.62249e-05
 Reference value :  1.62533e-05
 Reference value :  1.62822e-05
 Reference value :  1.63152e-05
 Reference value :  1.63751e-05
 Reference value :  1.64063e-05
 Reference value :  1.64378e-05
 Reference value :  1.64688e-05
 Reference value :  1.65002e-05
 Reference value :  1.65177e-05
 Reference value :  1.65626e-05
 Reference value :  1.65798e-05
 Reference value :  1.66252e-05
 Reference value :  1.66534e-05
 Reference value :  1.66876e-05
 Reference value :  1.66915e-05
 Reference value :  1.67501e-05
 Reference value :  1.67529e-05
 Reference value :  1.68125e-05
 Reference value :  1.68153e-05
 Reference value :  1.68441e-05
 Reference value :  1.68776e-05
 Reference value :  1.69201e-05
 Reference value :  1.69688e-05
No. of Data Rows : 42974
icmpf000            =  -3.00223e-05 from=  3.00000e-06 to=  5.00001e-06
icdacf000           =  -1.17600e-05 from=  3.00000e-06 to=  5.00001e-06
itrkf000            =  0.00000e+00 from=  3.00000e-06 to=  5.00001e-06
ireff000            =  -5.40729e-09 from=  3.00000e-06 to=  5.00001e-06
ivcmf000            =  -2.27720e-05 from=  3.00000e-06 to=  5.00001e-06
icmpf025            =  -3.00099e-05 from=  6.00000e-06 to=  8.00001e-06
icdacf025           =  -1.18664e-05 from=  6.00000e-06 to=  8.00001e-06
itrkf025            =  0.00000e+00 from=  6.00000e-06 to=  8.00001e-06
ireff025            =  -8.53670e-06 from=  6.00000e-06 to=  8.00001e-06
ivcmf025            =  -1.39113e-05 from=  6.00000e-06 to=  8.00001e-06
icmpf050            =  -3.16020e-05 from=  9.00000e-06 to=  1.10000e-05
icdacf050           =  -1.20157e-05 from=  9.00000e-06 to=  1.10000e-05
itrkf050            =  0.00000e+00 from=  9.00000e-06 to=  1.10000e-05
ireff050            =  -1.65918e-05 from=  9.00000e-06 to=  1.10000e-05
ivcmf050            =  8.30399e-07 from=  9.00000e-06 to=  1.10000e-05
icmpf075            =  -2.99818e-05 from=  1.20000e-05 to=  1.40000e-05
icdacf075           =  -1.26103e-05 from=  1.20000e-05 to=  1.40000e-05
itrkf075            =  0.00000e+00 from=  1.20000e-05 to=  1.40000e-05
ireff075            =  -1.89852e-05 from=  1.20000e-05 to=  1.40000e-05
ivcmf075            =  1.35272e-05 from=  1.20000e-05 to=  1.40000e-05
icmpf100            =  -2.97273e-05 from=  1.50000e-05 to=  1.70000e-05
icdacf100           =  -1.28813e-05 from=  1.50000e-05 to=  1.70000e-05
itrkf100            =  0.00000e+00 from=  1.50000e-05 to=  1.70000e-05
ireff100            =  -1.66762e-05 from=  1.50000e-05 to=  1.70000e-05
ivcmf100            =  2.26255e-05 from=  1.50000e-05 to=  1.70000e-05
vddm                =  3.63000e+00
m_p_cmp_f000_uw = 1.0898084010e+02
m_p_cdac_f000_uw = 4.2688763700e+01
m_p_trk_f000_uw = -0.0000000000e+00
m_p_ref_f000_uw = 1.9628466330e-02
m_p_vcm_f000_uw = 4.1331270750e+01
m_p_total_f000_uw = 1.9302050302e+02
m_p_cmp_f025_uw = 1.0893590070e+02
m_p_cdac_f025_uw = 4.3075032000e+01
m_p_trk_f025_uw = -0.0000000000e+00
m_p_ref_f025_uw = 3.0988210110e+01
m_p_vcm_f025_uw = 2.5249063950e+01
m_p_total_f025_uw = 2.0824820676e+02
m_p_cmp_f050_uw = 1.1471522370e+02
m_p_cdac_f050_uw = 4.3617027300e+01
m_p_trk_f050_uw = -0.0000000000e+00
m_p_ref_f050_uw = 6.0228270300e+01
m_p_vcm_f050_uw = -1.507174003e+00
m_p_total_f050_uw = 2.1705334730e+02
m_p_cmp_f075_uw = 1.0883407920e+02
m_p_cdac_f075_uw = 4.5775207500e+01
m_p_trk_f075_uw = -0.0000000000e+00
m_p_ref_f075_uw = 6.8916167100e+01
m_p_vcm_f075_uw = -2.455179540e+01
m_p_total_f075_uw = 1.9897365840e+02
m_p_cmp_f100_uw = 1.0790995380e+02
m_p_cdac_f100_uw = 4.6759010100e+01
m_p_trk_f100_uw = -0.0000000000e+00
m_p_ref_f100_uw = 6.0534497100e+01
m_p_vcm_f100_uw = -4.106530065e+01
m_p_total_f100_uw = 1.7413816035e+02
m_supply_v = 3.6300000000e+00
Note: Simulation executed from .control section 

Note: Starting dynamic gmin stepping
Note: Dynamic gmin stepping completed
