
Note: Compatibility modes selected: hs a


Circuit: * adc-inl-dnl @ cap_ss_27c_2.97v -- generated by sim/harness, do not edit

Reducing trtol to 1 for xspice 'A' devices
Doing analysis at TEMP = 27.000000 and TNOM = 27.000000

Using SPARSE 1.3 as Direct Linear Solver

Initial Transient Solution
--------------------------

Node                                   Voltage
----                                   -------
clk                                          0
cmpclk                                       0
cmpclkb                                   2.97
vddt                                      2.97
vddd                                      2.97
vddc                                      2.97
vrefs                                     2.97
vrefn                                     2.97
vcmn                                     1.485
se_vinp                             0.00362549
se_vinn                                  1.485
se_start                                     0
se_mode                                      0
se_cmp                                 1.24105
se_samp_tp_n                                 0
se_sel_in_n                                  0
se_drdy                                   2.97
se_c9                                        0
se_c8                                        0
se_c7                                        0
se_c6                                        0
se_c5                                        0
se_c4                                        0
se_c3                                        0
se_c2                                        0
se_c1                                        0
se_c0                                        0
se_rel_n_256p                             2.97
se_sel_hi_n_256p                             0
se_sel_lo_n_256p                             0
se_rel_n_128p                             2.97
se_sel_hi_n_128p                             0
se_sel_lo_n_128p                             0
se_rel_n_64p                              2.97
se_sel_hi_n_64p                              0
se_sel_lo_n_64p                              0
se_rel_n_32p                              2.97
se_sel_hi_n_32p                              0
se_sel_lo_n_32p                              0
se_rel_n_16p                              2.97
se_sel_hi_n_16p                              0
se_sel_lo_n_16p                              0
se_rel_n_8p                               2.97
se_sel_hi_n_8p                               0
se_sel_lo_n_8p                               0
se_rel_n_4p                               2.97
se_sel_hi_n_4p                               0
se_sel_lo_n_4p                               0
se_rel_n_2p                               2.97
se_sel_hi_n_2p                               0
se_sel_lo_n_2p                               0
se_rel_n_1p                               2.97
se_sel_hi_n_1p                               0
se_sel_lo_n_1p                               0
se_rel_n_256n                             2.97
se_sel_hi_n_256n                             0
se_sel_lo_n_256n                             0
se_rel_n_128n                             2.97
se_sel_hi_n_128n                             0
se_sel_lo_n_128n                             0
se_rel_n_64n                              2.97
se_sel_hi_n_64n                              0
se_sel_lo_n_64n                              0
se_rel_n_32n                              2.97
se_sel_hi_n_32n                              0
se_sel_lo_n_32n                              0
se_rel_n_16n                              2.97
se_sel_hi_n_16n                              0
se_sel_lo_n_16n                              0
se_rel_n_8n                               2.97
se_sel_hi_n_8n                               0
se_sel_lo_n_8n                               0
se_rel_n_4n                               2.97
se_sel_hi_n_4n                               0
se_sel_lo_n_4n                               0
se_rel_n_2n                               2.97
se_sel_hi_n_2n                               0
se_sel_lo_n_2n                               0
se_rel_n_1n                               2.97
se_sel_hi_n_1n                               0
se_sel_lo_n_1n                               0
se_pinp                             0.00362549
se_pinn                                  1.485
xdut.\$65__t0                             2.97
xdut.sel_in__t0                              0
xdut.vss__t0                       2.70044e-11
xdut.\$27__t2                      1.84324e-09
xdut.rel_256_p__t2                        2.97
xdut.vss__t103                     3.59006e-10
xdut.\$29__t2                             2.97
xdut.hi_256_p__t2                            0
xdut.vss__t106                     2.62534e-11
xdut.\$9__t2                              2.97
xdut.lo_256_p__t2                            0
xdut.vss__t107                      2.5878e-11
xdut.vinp__t0                       0.00362549
xdut.sel_in__t1                              0
xdut.\$10__t0                            1.485
xdut.vcm__t37                            1.485
xdut.rel_256_p__t1                        2.97
xdut.\$10__t263                          1.485
xdut.vref__t29                            2.97
xdut.hi_256_p__t1                            0
xdut.\$10__t262                          1.485
xdut.vss__t30                      2.04366e-10
xdut.lo_256_p__t1                            0
xdut.\$10__t261                          1.485
xdut.\$67__t2                             2.97
xdut.sel_in__t49                             0
xdut.vss__t91                      2.08454e-11
xdut.\$31__t2                      1.76022e-09
xdut.rel_128_p__t2                        2.97
xdut.vss__t92                      2.75987e-10
xdut.\$33__t2                             2.97
xdut.hi_128_p__t2                            0
xdut.vss__t74                      2.00967e-11
xdut.\$11__t2                             2.97
xdut.lo_128_p__t2                            0
xdut.vss__t94                      1.97225e-11
xdut.vinp__t16                      0.00362549
xdut.sel_in__t32                             0
xdut.\$12__t135                          1.485
xdut.vcm__t34                            1.485
xdut.rel_128_p__t1                        2.97
xdut.\$12__t134                          1.485
xdut.vref__t27                            2.97
xdut.hi_128_p__t1                            0
xdut.\$12__t133                          1.485
xdut.vss__t28                      1.52695e-10
xdut.lo_128_p__t1                            0
xdut.\$12__t132                          1.485
xdut.\$69__t2                             2.97
xdut.sel_in__t51                             0
xdut.vss__t99                      1.47146e-11
xdut.\$35__t2                      1.67761e-09
xdut.rel_64_p__t2                         2.97
xdut.vss__t100                      1.9337e-10
xdut.\$37__t2                             2.97
xdut.hi_64_p__t2                             0
xdut.vss__t101                     1.39716e-11
xdut.\$13__t2                             2.97
xdut.lo_64_p__t2                             0
xdut.vss__t102                     1.36006e-11
xdut.vinp__t14                      0.00362549
xdut.sel_in__t29                             0
xdut.\$14__t71                           1.485
xdut.vcm__t32                            1.485
xdut.rel_64_p__t1                         2.97
xdut.\$14__t70                           1.485
xdut.vref__t26                            2.97
xdut.hi_64_p__t1                             0
xdut.\$14__t69                           1.485
xdut.vss__t27                      1.01284e-10
xdut.lo_64_p__t1                             0
xdut.\$14__t68                           1.485
xdut.\$71__t2                             2.97
xdut.sel_in__t52                             0
xdut.vss__t108                     8.67191e-12
xdut.\$39__t2                      1.59628e-09
xdut.rel_32_p__t2                         2.97
xdut.vss__t98                      1.12048e-10
xdut.\$41__t2                             2.97
xdut.hi_32_p__t2                             0
xdut.vss__t64                      7.95166e-12
xdut.\$15__t2                             2.97
xdut.lo_32_p__t2                             0
xdut.vss__t69                      7.59401e-12
xdut.vinp__t15                      0.00362549
xdut.sel_in__t31                             0
xdut.\$16__t36                           1.485
xdut.vcm__t41                            1.485
xdut.rel_32_p__t1                         2.97
xdut.\$16__t37                           1.485
xdut.vref__t34                            2.97
xdut.hi_32_p__t1                             0
xdut.\$16__t38                           1.485
xdut.vss__t35                      5.09274e-11
xdut.lo_32_p__t1                             0
xdut.\$16__t39                           1.485
xdut.\$73__t2                             2.97
xdut.sel_in__t45                             0
xdut.vss__t70                      3.25215e-12
xdut.\$43__t2                      1.52495e-09
xdut.rel_16_p__t2                         2.97
xdut.vss__t71                      4.07105e-11
xdut.\$45__t2                             2.97
xdut.hi_16_p__t2                             0
xdut.vss__t72                      2.81862e-12
xdut.\$17__t2                             2.97
xdut.lo_16_p__t2                             0
xdut.vss__t77                      2.65618e-12
xdut.vinp__t17                      0.00362549
xdut.sel_in__t34                             0
xdut.\$18__t21                           1.485
xdut.vcm__t38                            1.485
xdut.rel_16_p__t1                         2.97
xdut.\$18__t20                           1.485
xdut.vref__t31                            2.97
xdut.hi_16_p__t1                             0
xdut.\$18__t22                           1.485
xdut.vss__t32                      1.79212e-11
xdut.lo_16_p__t1                             0
xdut.\$18__t23                           1.485
xdut.\$75__t2                             2.97
xdut.sel_in__t53                             0
xdut.vss__t109                     4.75858e-12
xdut.\$47__t2                      1.55279e-09
xdut.rel_8_p__t2                          2.97
xdut.vss__t97                      6.85542e-11
xdut.\$49__t2                             2.97
xdut.hi_8_p__t2                              0
xdut.vss__t96                      5.41788e-12
xdut.\$19__t2                             2.97
xdut.lo_8_p__t2                              0
xdut.vss__t95                      5.75628e-12
xdut.vinp__t13                      0.00362549
xdut.sel_in__t27                             0
xdut.\$20__t12                           1.485
xdut.vcm__t29                            1.485
xdut.rel_8_p__t1                          2.97
xdut.\$20__t13                           1.485
xdut.vref__t24                            2.97
xdut.hi_8_p__t1                              0
xdut.\$20__t14                           1.485
xdut.vss__t25                      5.86617e-11
xdut.lo_8_p__t1                              0
xdut.\$20__t15                           1.485
xdut.\$77__t2                             2.97
xdut.sel_in__t50                             0
xdut.vss__t93                      1.05548e-11
xdut.\$51__t2                      1.63148e-09
xdut.rel_4_p__t2                          2.97
xdut.vss__t90                      1.47247e-10
xdut.\$53__t2                             2.97
xdut.hi_4_p__t2                              0
xdut.vss__t89                      1.12896e-11
xdut.\$21__t2                             2.97
xdut.lo_4_p__t2                              0
xdut.vss__t88                      1.16579e-11
xdut.vinp__t10                      0.00362549
xdut.sel_in__t21                             0
xdut.\$22__t11                           1.485
xdut.vcm__t22                            1.485
xdut.rel_4_p__t1                          2.97
xdut.\$22__t10                           1.485
xdut.vref__t18                            2.97
xdut.hi_4_p__t1                              0
xdut.\$22__t9                            1.485
xdut.vss__t19                      1.09333e-10
xdut.lo_4_p__t1                              0
xdut.\$22__t8                            1.485
xdut.\$79__t2                             2.97
xdut.sel_in__t42                             0
xdut.vss__t57                      1.66391e-11
xdut.\$55__t2                      1.71359e-09
xdut.rel_2_p__t2                          2.97
xdut.vss__t47                      2.29355e-10
xdut.\$57__t2                             2.97
xdut.hi_2_p__t2                              0
xdut.vss__t50                      1.73853e-11
xdut.\$23__t2                             2.97
xdut.lo_2_p__t2                              0
xdut.vss__t51                      1.77587e-11
xdut.vinp__t11                      0.00362549
xdut.sel_in__t24                             0
xdut.\$24__t6                            1.485
xdut.vcm__t28                            1.485
xdut.rel_2_p__t1                          2.97
xdut.\$24__t9                            1.485
xdut.vref__t23                            2.97
xdut.hi_2_p__t1                              0
xdut.\$24__t8                            1.485
xdut.vss__t24                      1.60806e-10
xdut.lo_2_p__t1                              0
xdut.\$24__t7                            1.485
xdut.\$81__t2                             2.97
xdut.sel_in__t43                             0
xdut.vss__t61                      2.27817e-11
xdut.\$59__t2                      1.79643e-09
xdut.rel_1_p__t2                          2.97
xdut.vss__t60                      3.12194e-10
xdut.\$61__t2                             2.97
xdut.hi_1_p__t2                              0
xdut.vss__t59                      2.35316e-11
xdut.\$25__t2                             2.97
xdut.lo_1_p__t2                              0
xdut.vss__t58                      2.39067e-11
xdut.vinp__t12                      0.00362549
xdut.sel_in__t26                             0
xdut.\$26__t8                            1.485
xdut.vcm__t26                            1.485
xdut.rel_1_p__t1                          2.97
xdut.\$26__t7                            1.485
xdut.vref__t20                            2.97
xdut.hi_1_p__t1                              0
xdut.\$26__t6                            1.485
xdut.vss__t20                        2.125e-10
xdut.lo_1_p__t1                              0
xdut.\$26__t5                            1.485
xdut.\$83__t2                             2.97
xdut.sel_in__t38                             0
xdut.vss__t38                      2.69501e-11
xdut.\$85__t2                       1.8425e-09
xdut.rel_256_n__t2                        2.97
xdut.vss__t41                      3.58264e-10
xdut.\$87__t2                             2.97
xdut.hi_256_n__t2                            0
xdut.vss__t42                      2.61975e-11
xdut.\$89__t2                             2.97
xdut.lo_256_n__t2                            0
xdut.vss__t62                      2.58213e-11
xdut.vinn__t17                           1.485
xdut.sel_in__t36                             0
xdut.\$90__t260                          1.485
xdut.vcm__t40                            1.485
xdut.rel_256_n__t1                        2.97
xdut.\$90__t261                          1.485
xdut.vref__t33                            2.97
xdut.hi_256_n__t1                            0
xdut.\$90__t262                          1.485
xdut.vss__t36                      2.04422e-10
xdut.lo_256_n__t1                            0
xdut.\$90__t263                          1.485
xdut.\$92__t2                             2.97
xdut.sel_in__t37                             0
xdut.vss__t37                      2.07751e-11
xdut.\$94__t2                      1.75926e-09
xdut.rel_128_n__t2                        2.97
xdut.vss__t43                       2.7502e-10
xdut.\$96__t2                             2.97
xdut.hi_128_n__t2                            0
xdut.vss__t40                      2.00237e-11
xdut.\$98__t2                             2.97
xdut.lo_128_n__t2                            0
xdut.vss__t39                      1.96481e-11
xdut.vinn__t15                           1.485
xdut.sel_in__t33                             0
xdut.\$99__t132                          1.485
xdut.vcm__t36                            1.485
xdut.rel_128_n__t1                        2.97
xdut.\$99__t133                          1.485
xdut.vref__t28                            2.97
xdut.hi_128_n__t1                            0
xdut.\$99__t134                          1.485
xdut.vss__t31                      1.52769e-10
xdut.lo_128_n__t1                            0
xdut.\$99__t135                          1.485
xdut.\$100__t2                            2.97
xdut.sel_in__t39                             0
xdut.vss__t44                      1.46147e-11
xdut.\$102__t2                     1.67622e-09
xdut.rel_64_n__t2                         2.97
xdut.vss__t54                      1.91988e-10
xdut.\$104__t2                            2.97
xdut.hi_64_n__t2                             0
xdut.vss__t45                      1.38664e-11
xdut.\$106__t2                            2.97
xdut.lo_64_n__t2                             0
xdut.vss__t87                      1.34924e-11
xdut.vinn__t16                           1.485
xdut.sel_in__t35                             0
xdut.\$107__t68                          1.485
xdut.vcm__t39                            1.485
xdut.rel_64_n__t1                         2.97
xdut.\$107__t69                          1.485
xdut.vref__t32                            2.97
xdut.hi_64_n__t1                             0
xdut.\$107__t70                          1.485
xdut.vss__t33                      1.01395e-10
xdut.lo_64_n__t1                             0
xdut.\$107__t71                          1.485
xdut.\$108__t2                            2.97
xdut.sel_in__t40                             0
xdut.vss__t52                       8.5013e-12
xdut.\$110__t2                     1.59388e-09
xdut.rel_32_n__t2                         2.97
xdut.vss__t46                      1.09646e-10
xdut.\$112__t2                            2.97
xdut.hi_32_n__t2                             0
xdut.vss__t48                      7.76525e-12
xdut.\$114__t2                            2.97
xdut.lo_32_n__t2                             0
xdut.vss__t49                      7.39859e-12
xdut.vinn__t13                           1.485
xdut.sel_in__t28                             0
xdut.\$115__t36                          1.485
xdut.vcm__t31                            1.485
xdut.rel_32_n__t1                         2.97
xdut.\$115__t37                          1.485
xdut.vref__t25                            2.97
xdut.hi_32_n__t1                             0
xdut.\$115__t38                          1.485
xdut.vss__t26                      5.11482e-11
xdut.lo_32_n__t1                             0
xdut.\$115__t39                          1.485
xdut.\$116__t2                            2.97
xdut.sel_in__t41                             0
xdut.vss__t53                      2.76525e-12
xdut.\$118__t2                     1.51777e-09
xdut.rel_16_n__t2                         2.97
xdut.vss__t63                      3.35382e-11
xdut.\$120__t2                            2.97
xdut.hi_16_n__t2                             0
xdut.vss__t55                      2.23935e-12
xdut.\$122__t2                            2.97
xdut.lo_16_n__t2                             0
xdut.vss__t56                      2.03111e-12
xdut.vinn__t14                           1.485
xdut.sel_in__t30                             0
xdut.\$123__t20                          1.485
xdut.vcm__t33                            1.485
xdut.rel_16_n__t1                         2.97
xdut.\$123__t21                          1.485
xdut.vref__t30                            2.97
xdut.hi_16_n__t1                             0
xdut.\$123__t23                          1.485
xdut.vss__t29                      1.85395e-11
xdut.lo_16_n__t1                             0
xdut.\$123__t22                          1.485
xdut.\$124__t2                            2.97
xdut.sel_in__t48                             0
xdut.vss__t85                      4.44006e-12
xdut.\$126__t2                     1.54879e-09
xdut.rel_8_n__t2                          2.97
xdut.vss__t84                      6.45534e-11
xdut.\$128__t2                            2.97
xdut.hi_8_n__t2                              0
xdut.vss__t83                      5.14038e-12
xdut.\$130__t2                            2.97
xdut.lo_8_n__t2                              0
xdut.vss__t82                      5.49589e-12
xdut.vinn__t9                            1.485
xdut.sel_in__t20                             0
xdut.\$131__t12                          1.485
xdut.vcm__t23                            1.485
xdut.rel_8_n__t1                          2.97
xdut.\$131__t13                          1.485
xdut.vref__t22                            2.97
xdut.hi_8_n__t1                              0
xdut.\$131__t15                          1.485
xdut.vss__t23                      5.88536e-11
xdut.lo_8_n__t1                              0
xdut.\$131__t14                          1.485
xdut.\$132__t2                            2.97
xdut.sel_in__t47                             0
xdut.vss__t81                      1.04151e-11
xdut.\$134__t2                     1.62966e-09
xdut.rel_4_n__t2                          2.97
xdut.vss__t80                      1.45428e-10
xdut.\$136__t2                            2.97
xdut.hi_4_n__t2                              0
xdut.vss__t79                      1.11591e-11
xdut.\$138__t2                            2.97
xdut.lo_4_n__t2                              0
xdut.vss__t78                      1.15316e-11
xdut.vinn__t12                           1.485
xdut.sel_in__t25                             0
xdut.\$139__t8                           1.485
xdut.vcm__t30                            1.485
xdut.rel_4_n__t1                          2.97
xdut.\$139__t9                           1.485
xdut.vref__t35                            2.97
xdut.hi_4_n__t1                              0
xdut.\$139__t11                          1.485
xdut.vss__t34                      1.09436e-10
xdut.lo_4_n__t1                              0
xdut.\$139__t10                          1.485
xdut.\$140__t2                            2.97
xdut.sel_in__t44                             0
xdut.vss__t68                      1.65508e-11
xdut.\$142__t2                     1.71243e-09
xdut.rel_2_n__t2                          2.97
xdut.vss__t67                      2.28191e-10
xdut.\$144__t2                            2.97
xdut.hi_2_n__t2                              0
xdut.vss__t66                      1.73009e-11
xdut.\$146__t2                            2.97
xdut.lo_2_n__t2                              0
xdut.vss__t65                      1.76761e-11
xdut.vinn__t10                           1.485
xdut.sel_in__t22                             0
xdut.\$147__t6                           1.485
xdut.vcm__t25                            1.485
xdut.rel_2_n__t1                          2.97
xdut.\$147__t7                           1.485
xdut.\$166__t2                            2.97
xdut.tp_gn__t4                               0
xdut.vss__t104                      1.9486e-11
xdut.vref__t19                            2.97
xdut.hi_2_n__t1                              0
xdut.\$147__t8                           1.485
xdut.vcm__t35                            1.485
xdut.tp_gn__t3                               0
xdut.topp__t513                        1.41706
xdut.vss__t22                      1.60876e-10
xdut.lo_2_n__t1                              0
xdut.\$147__t9                           1.485
xdut.\$167__t2                            2.97
xdut.tp_gn__t5                               0
xdut.vss__t105                     2.11295e-11
xdut.vcm__t24                            1.485
xdut.tp_gn__t2                               0
xdut.topn__t513                         1.5561
xdut.\$148__t2                            2.97
xdut.sel_in__t46                             0
xdut.vss__t76                      2.27173e-11
xdut.\$150__t2                     1.79558e-09
xdut.rel_1_n__t2                          2.97
xdut.vss__t75                       3.1134e-10
xdut.\$152__t2                            2.97
xdut.hi_1_n__t2                              0
xdut.vss__t86                      2.34693e-11
xdut.\$154__t2                            2.97
xdut.lo_1_n__t2                              0
xdut.vss__t73                      2.38454e-11
xdut.vinn__t11                           1.485
xdut.sel_in__t23                             0
xdut.\$155__t8                           1.485
xdut.vcm__t27                            1.485
xdut.rel_1_n__t1                          2.97
xdut.\$155__t7                           1.485
xdut.vref__t21                            2.97
xdut.hi_1_n__t1                              0
xdut.\$155__t6                           1.485
xdut.vss__t21                      2.12553e-10
xdut.lo_1_n__t1                              0
xdut.\$155__t5                           1.485
xdut.\$65__t1                             2.97
xdut.sel_in__t2                              0
xdut.vdd__t0                              2.97
xdut.\$27__t1                      2.34821e-09
xdut.rel_256_p__t0                        2.97
xdut.vdd__t50                             2.97
xdut.\$29__t1                             2.97
xdut.hi_256_p__t0                            0
xdut.vdd__t49                             2.97
xdut.\$9__t1                              2.97
xdut.lo_256_p__t0                            0
xdut.vdd__t48                             2.97
xdut.vinp__t1                       0.00362549
xdut.\$65__t2                             2.97
xdut.\$10__t1                            1.485
xdut.vcm__t6                             1.485
xdut.\$27__t0                      2.25862e-09
xdut.\$10__t260                          1.485
xdut.vref__t1                             2.97
xdut.\$29__t0                             2.97
xdut.\$10__t259                          1.485
xdut.vss__t1                       3.02607e-10
xdut.\$9__t0                              2.97
xdut.\$10__t258                          1.485
xdut.\$67__t1                             2.97
xdut.sel_in__t13                             0
xdut.vdd__t47                             2.97
xdut.\$31__t1                      2.26519e-09
xdut.rel_128_p__t0                        2.97
xdut.vdd__t46                             2.97
xdut.\$33__t1                             2.97
xdut.hi_128_p__t0                            0
xdut.vdd__t45                             2.97
xdut.\$11__t1                             2.97
xdut.lo_128_p__t0                            0
xdut.vdd__t44                             2.97
xdut.vinp__t4                       0.00362549
xdut.\$67__t0                             2.97
xdut.\$12__t130                          1.485
xdut.vcm__t9                             1.485
xdut.\$31__t0                       2.1756e-09
xdut.\$12__t131                          1.485
xdut.vref__t2                             2.97
xdut.\$33__t0                             2.97
xdut.\$12__t129                          1.485
xdut.vss__t2                       2.14653e-10
xdut.\$11__t0                             2.97
xdut.\$12__t128                          1.485
xdut.\$69__t1                             2.97
xdut.sel_in__t5                              0
xdut.vdd__t13                             2.97
xdut.\$35__t1                      2.18257e-09
xdut.rel_64_p__t0                         2.97
xdut.vdd__t11                             2.97
xdut.\$37__t1                             2.97
xdut.hi_64_p__t0                             0
xdut.vdd__t10                             2.97
xdut.\$13__t1                             2.97
xdut.lo_64_p__t0                             0
xdut.vdd__t19                             2.97
xdut.vinp__t2                       0.00362549
xdut.\$69__t0                             2.97
xdut.\$14__t64                           1.485
xdut.vcm__t12                            1.485
xdut.\$35__t0                      2.09298e-09
xdut.\$14__t65                           1.485
xdut.vref__t11                            2.97
xdut.\$37__t0                             2.97
xdut.\$14__t67                           1.485
xdut.vss__t13                      1.27098e-10
xdut.\$13__t0                             2.97
xdut.\$14__t66                           1.485
xdut.\$71__t1                             2.97
xdut.sel_in__t3                              0
xdut.vdd__t2                              2.97
xdut.\$39__t1                      2.10125e-09
xdut.rel_32_p__t0                         2.97
xdut.vdd__t3                              2.97
xdut.\$41__t1                             2.97
xdut.hi_32_p__t0                             0
xdut.vdd__t4                              2.97
xdut.\$15__t1                             2.97
xdut.lo_32_p__t0                             0
xdut.vdd__t6                              2.97
xdut.vinp__t6                       0.00362549
xdut.\$71__t0                             2.97
xdut.\$16__t35                           1.485
xdut.vcm__t14                            1.485
xdut.\$39__t0                      2.01166e-09
xdut.\$16__t34                           1.485
xdut.vref__t10                            2.97
xdut.\$41__t0                             2.97
xdut.\$16__t33                           1.485
xdut.vss__t12                      4.24844e-11
xdut.\$15__t0                             2.97
xdut.\$16__t32                           1.485
xdut.\$73__t1                             2.97
xdut.sel_in__t15                             0
xdut.vdd__t60                             2.97
xdut.\$43__t1                      2.02991e-09
xdut.rel_16_p__t0                         2.97
xdut.vdd__t43                             2.97
xdut.\$45__t1                             2.97
xdut.hi_16_p__t0                             0
xdut.vdd__t59                             2.97
xdut.\$17__t1                             2.97
xdut.lo_16_p__t0                             0
xdut.vdd__t58                             2.97
xdut.vinp__t5                       0.00362549
xdut.\$73__t0                             2.97
xdut.\$18__t16                           1.485
xdut.vcm__t7                             1.485
xdut.\$43__t0                      1.94032e-09
xdut.\$18__t17                           1.485
xdut.vref__t4                             2.97
xdut.\$45__t0                             2.97
xdut.\$18__t18                           1.485
xdut.vss__t4                       5.50347e-11
xdut.\$17__t0                             2.97
xdut.\$18__t19                           1.485
xdut.\$75__t1                             2.97
xdut.sel_in__t19                             0
xdut.vdd__t73                             2.97
xdut.\$47__t1                      2.05776e-09
xdut.rel_8_p__t0                          2.97
xdut.vdd__t68                             2.97
xdut.\$49__t1                             2.97
xdut.hi_8_p__t0                              0
xdut.vdd__t67                             2.97
xdut.\$19__t1                             2.97
xdut.lo_8_p__t0                              0
xdut.vdd__t63                             2.97
xdut.vinp__t3                       0.00362549
xdut.\$75__t0                             2.97
xdut.\$20__t8                            1.485
xdut.vcm__t5                             1.485
xdut.\$47__t0                      1.96817e-09
xdut.\$20__t9                            1.485
xdut.vref__t3                             2.97
xdut.\$49__t0                             2.97
xdut.\$20__t10                           1.485
xdut.vss__t3                       1.40804e-10
xdut.\$19__t0                             2.97
xdut.\$20__t11                           1.485
xdut.\$77__t1                             2.97
xdut.sel_in__t14                             0
xdut.vdd__t54                             2.97
xdut.\$51__t1                      2.13645e-09
xdut.rel_4_p__t0                          2.97
xdut.vdd__t55                             2.97
xdut.\$53__t1                             2.97
xdut.hi_4_p__t0                              0
xdut.vdd__t56                             2.97
xdut.\$21__t1                             2.97
xdut.lo_4_p__t0                              0
xdut.vdd__t32                             2.97
xdut.vinp__t8                       0.00362549
xdut.\$77__t0                             2.97
xdut.\$22__t4                            1.485
xdut.vcm__t17                            1.485
xdut.\$51__t0                      2.04686e-09
xdut.\$22__t5                            1.485
xdut.vref__t13                            2.97
xdut.\$53__t0                             2.97
xdut.\$22__t6                            1.485
xdut.vss__t15                      2.28463e-10
xdut.\$21__t0                             2.97
xdut.\$22__t7                            1.485
xdut.\$79__t1                             2.97
xdut.sel_in__t4                              0
xdut.vdd__t9                              2.97
xdut.\$55__t1                      2.21856e-09
xdut.rel_2_p__t0                          2.97
xdut.vdd__t8                              2.97
xdut.\$57__t1                             2.97
xdut.hi_2_p__t0                              0
xdut.vdd__t1                              2.97
xdut.\$23__t1                             2.97
xdut.lo_2_p__t0                              0
xdut.vdd__t7                              2.97
xdut.vinp__t7                       0.00362549
xdut.\$79__t0                             2.97
xdut.\$24__t3                            1.485
xdut.vcm__t19                            1.485
xdut.\$55__t0                      2.12897e-09
xdut.\$24__t4                            1.485
xdut.vref__t16                            2.97
xdut.\$57__t0                             2.97
xdut.\$24__t5                            1.485
xdut.vss__t5                       3.16446e-10
xdut.\$23__t0                             2.97
xdut.\$24__t2                            1.485
xdut.\$81__t1                             2.97
xdut.sel_in__t16                             0
xdut.vdd__t62                             2.97
xdut.\$59__t1                       2.3014e-09
xdut.rel_1_p__t0                          2.97
xdut.vdd__t66                             2.97
xdut.\$61__t1                             2.97
xdut.hi_1_p__t0                              0
xdut.vdd__t65                             2.97
xdut.\$25__t1                             2.97
xdut.lo_1_p__t0                              0
xdut.vdd__t64                             2.97
xdut.vinp__t9                       0.00362549
xdut.\$81__t0                             2.97
xdut.\$26__t2                            1.485
xdut.vcm__t21                            1.485
xdut.\$59__t0                      2.21181e-09
xdut.\$26__t3                            1.485
xdut.vref__t17                            2.97
xdut.\$61__t0                             2.97
xdut.\$26__t4                            1.485
xdut.vss__t17                      4.04541e-10
xdut.\$25__t0                             2.97
xdut.\$26__t1                            1.485
xdut.\$83__t1                             2.97
xdut.sel_in__t18                             0
xdut.vdd__t70                             2.97
xdut.\$85__t1                      2.34747e-09
xdut.rel_256_n__t0                        2.97
xdut.vdd__t71                             2.97
xdut.\$87__t1                             2.97
xdut.hi_256_n__t0                            0
xdut.vdd__t72                             2.97
xdut.\$89__t1                             2.97
xdut.lo_256_n__t0                            0
xdut.vdd__t51                             2.97
xdut.vinn__t6                            1.485
xdut.\$83__t0                             2.97
xdut.\$90__t256                          1.485
xdut.vcm__t16                            1.485
xdut.\$85__t0                      2.25788e-09
xdut.\$90__t257                          1.485
xdut.vref__t12                            2.97
xdut.\$87__t0                             2.97
xdut.\$90__t258                          1.485
xdut.vss__t14                      3.04526e-10
xdut.\$89__t0                             2.97
xdut.\$90__t259                          1.485
xdut.\$92__t1                             2.97
xdut.sel_in__t17                             0
xdut.vdd__t69                             2.97
xdut.\$94__t1                      2.26422e-09
xdut.rel_128_n__t0                        2.97
xdut.vdd__t52                             2.97
xdut.\$96__t1                             2.97
xdut.hi_128_n__t0                            0
xdut.vdd__t53                             2.97
xdut.\$98__t1                             2.97
xdut.lo_128_n__t0                            0
xdut.vdd__t57                             2.97
xdut.vinn__t7                            1.485
xdut.\$92__t0                             2.97
xdut.\$99__t128                          1.485
xdut.vcm__t18                            1.485
xdut.\$94__t0                      2.17463e-09
xdut.\$99__t129                          1.485
xdut.vref__t14                            2.97
xdut.\$96__t0                             2.97
xdut.\$99__t130                          1.485
xdut.vss__t18                       2.1735e-10
xdut.\$98__t0                             2.97
xdut.\$99__t131                          1.485
xdut.\$100__t1                            2.97
xdut.sel_in__t11                             0
xdut.vdd__t33                             2.97
xdut.\$102__t1                     2.18119e-09
xdut.rel_64_n__t0                         2.97
xdut.vdd__t34                             2.97
xdut.\$104__t1                            2.97
xdut.hi_64_n__t0                             0
xdut.vdd__t35                             2.97
xdut.\$106__t1                            2.97
xdut.lo_64_n__t0                             0
xdut.vdd__t36                             2.97
xdut.vinn__t8                            1.485
xdut.\$100__t0                            2.97
xdut.\$107__t67                          1.485
xdut.vcm__t20                            1.485
xdut.\$102__t0                      2.0916e-09
xdut.\$107__t65                          1.485
xdut.vref__t15                            2.97
xdut.\$104__t0                            2.97
xdut.\$107__t64                          1.485
xdut.vss__t16                      1.31602e-10
xdut.\$106__t0                            2.97
xdut.\$107__t66                          1.485
xdut.\$108__t1                            2.97
xdut.sel_in__t12                             0
xdut.vdd__t37                             2.97
xdut.\$110__t1                     2.09885e-09
xdut.rel_32_n__t0                         2.97
xdut.vdd__t38                             2.97
xdut.\$112__t1                            2.97
xdut.hi_32_n__t0                             0
xdut.vdd__t39                             2.97
xdut.\$114__t1                            2.97
xdut.lo_32_n__t0                             0
xdut.vdd__t40                             2.97
xdut.vinn__t0                            1.485
xdut.\$108__t0                            2.97
xdut.\$115__t32                          1.485
xdut.vcm__t8                             1.485
xdut.\$110__t0                     2.00926e-09
xdut.\$115__t35                          1.485
xdut.vref__t5                             2.97
xdut.\$112__t0                            2.97
xdut.\$115__t34                          1.485
xdut.vss__t6                       5.44985e-11
xdut.\$114__t0                            2.97
xdut.\$115__t33                          1.485
xdut.\$116__t1                            2.97
xdut.sel_in__t10                             0
xdut.vdd__t28                             2.97
xdut.\$118__t1                     2.02274e-09
xdut.rel_16_n__t0                         2.97
xdut.vdd__t27                             2.97
xdut.\$120__t1                            2.97
xdut.hi_16_n__t0                             0
xdut.vdd__t26                             2.97
xdut.\$122__t1                            2.97
xdut.lo_16_n__t0                             0
xdut.vdd__t25                             2.97
xdut.vinn__t2                            1.485
xdut.\$116__t0                            2.97
xdut.\$123__t19                          1.485
xdut.vcm__t10                            1.485
xdut.\$118__t0                     1.93315e-09
xdut.\$123__t18                          1.485
xdut.vref__t6                             2.97
xdut.\$120__t0                            2.97
xdut.\$123__t17                          1.485
xdut.vss__t7                        6.4761e-11
xdut.\$122__t0                            2.97
xdut.\$123__t16                          1.485
xdut.\$124__t1                            2.97
xdut.sel_in__t9                              0
xdut.vdd__t24                             2.97
xdut.\$126__t1                     2.05375e-09
xdut.rel_8_n__t0                          2.97
xdut.vdd__t23                             2.97
xdut.\$128__t1                            2.97
xdut.hi_8_n__t0                              0
xdut.vdd__t22                             2.97
xdut.\$130__t1                            2.97
xdut.lo_8_n__t0                              0
xdut.vdd__t21                             2.97
xdut.vinn__t1                            1.485
xdut.\$124__t0                            2.97
xdut.\$131__t10                          1.485
xdut.vcm__t4                             1.485
xdut.\$126__t0                     1.96417e-09
xdut.\$131__t8                           1.485
xdut.vref__t0                             2.97
xdut.\$128__t0                            2.97
xdut.\$131__t9                           1.485
xdut.vss__t11                      1.44882e-10
xdut.\$130__t0                            2.97
xdut.\$131__t11                          1.485
xdut.\$132__t1                            2.97
xdut.sel_in__t8                              0
xdut.vdd__t20                             2.97
xdut.\$134__t1                     2.13463e-09
xdut.rel_4_n__t0                          2.97
xdut.vdd__t61                             2.97
xdut.\$136__t1                            2.97
xdut.hi_4_n__t0                              0
xdut.vdd__t29                             2.97
xdut.\$138__t1                            2.97
xdut.lo_4_n__t0                              0
xdut.vdd__t41                             2.97
xdut.vinn__t5                            1.485
xdut.\$132__t0                            2.97
xdut.\$139__t7                           1.485
xdut.vcm__t13                            1.485
xdut.\$134__t0                     2.04504e-09
xdut.\$139__t6                           1.485
xdut.vref__t9                             2.97
xdut.\$136__t0                            2.97
xdut.\$139__t5                           1.485
xdut.vss__t10                      2.30999e-10
xdut.\$138__t0                            2.97
xdut.\$139__t4                           1.485
xdut.\$140__t1                            2.97
xdut.sel_in__t6                              0
xdut.vdd__t14                             2.97
xdut.\$142__t1                     2.21739e-09
xdut.rel_2_n__t0                          2.97
xdut.vdd__t15                             2.97
xdut.\$144__t1                            2.97
xdut.hi_2_n__t0                              0
xdut.vdd__t16                             2.97
xdut.\$146__t1                            2.97
xdut.lo_2_n__t0                              0
xdut.vdd__t18                             2.97
xdut.vinn__t4                            1.485
xdut.\$140__t0                            2.97
xdut.\$147__t4                           1.485
xdut.vcm__t15                            1.485
xdut.\$142__t0                      2.1278e-09
xdut.\$147__t5                           1.485
xdut.vref__t8                             2.97
xdut.\$144__t0                            2.97
xdut.\$147__t3                           1.485
xdut.vss__t9                       3.18282e-10
xdut.\$146__t0                            2.97
xdut.\$147__t2                           1.485
xdut.\$148__t1                            2.97
xdut.sel_in__t7                              0
xdut.vdd__t17                             2.97
xdut.\$150__t1                     2.30054e-09
xdut.rel_1_n__t0                          2.97
xdut.vdd__t12                             2.97
xdut.\$152__t1                            2.97
xdut.hi_1_n__t0                              0
xdut.vdd__t30                             2.97
xdut.\$154__t1                            2.97
xdut.lo_1_n__t0                              0
xdut.vdd__t5                              2.97
xdut.vinn__t3                            1.485
xdut.\$148__t0                            2.97
xdut.\$155__t4                           1.485
xdut.vcm__t11                            1.485
xdut.\$150__t0                     2.21095e-09
xdut.\$155__t3                           1.485
xdut.vref__t7                             2.97
xdut.\$152__t0                            2.97
xdut.\$155__t2                           1.485
xdut.vss__t8                       4.05979e-10
xdut.\$154__t0                            2.97
xdut.\$155__t1                           1.485
xdut.\$166__t1                            2.97
xdut.tp_gn__t1                               0
xdut.vdd__t42                             2.97
xdut.vcm__t3                             1.485
xdut.\$166__t0                            2.97
xdut.topp__t512                        1.41706
xdut.\$167__t1                            2.97
xdut.tp_gn__t0                               0
xdut.vdd__t31                             2.97
xdut.vcm__t2                             1.485
xdut.\$167__t0                            2.97
xdut.topn__t512                         1.5561
xdut.\$10__t177                          1.485
xdut.topp__t350                        1.41706
xdut.\$24__t1                            1.485
xdut.topp__t349                        1.41706
xdut.\$10__t176                          1.485
xdut.topp__t348                        1.41706
xdut.\$22__t2                            1.485
xdut.topp__t347                        1.41706
xdut.\$10__t175                          1.485
xdut.topp__t346                        1.41706
xdut.\$20__t5                            1.485
xdut.topp__t345                        1.41706
xdut.\$10__t174                          1.485
xdut.topp__t344                        1.41706
xdut.\$20__t4                            1.485
xdut.topp__t343                        1.41706
xdut.\$10__t173                          1.485
xdut.topp__t342                        1.41706
xdut.\$18__t12                           1.485
xdut.topp__t341                        1.41706
xdut.\$10__t172                          1.485
xdut.topp__t340                        1.41706
xdut.\$18__t11                           1.485
xdut.topp__t339                        1.41706
xdut.\$10__t171                          1.485
xdut.topp__t338                        1.41706
xdut.\$18__t15                           1.485
xdut.topp__t494                        1.41706
xdut.\$10__t248                          1.485
xdut.topp__t493                        1.41706
xdut.\$18__t14                           1.485
xdut.topp__t492                        1.41706
xdut.\$10__t247                          1.485
xdut.topp__t491                        1.41706
xdut.\$16__t26                           1.485
xdut.topp__t490                        1.41706
xdut.\$10__t257                          1.485
xdut.topp__t510                        1.41706
xdut.\$16__t24                           1.485
xdut.topp__t337                        1.41706
xdut.\$10__t178                          1.485
xdut.topp__t351                        1.41706
xdut.\$16__t25                           1.485
xdut.topp__t488                        1.41706
xdut.\$10__t252                          1.485
xdut.topp__t503                        1.41706
xdut.\$16__t31                           1.485
xdut.topp__t502                        1.41706
xdut.\$10__t251                          1.485
xdut.topp__t501                        1.41706
xdut.\$16__t30                           1.485
xdut.topp__t500                        1.41706
xdut.\$10__t250                          1.485
xdut.topp__t499                        1.41706
xdut.\$16__t29                           1.485
xdut.topp__t498                        1.41706
xdut.\$10__t249                          1.485
xdut.topp__t497                        1.41706
xdut.\$16__t28                           1.485
xdut.topp__t496                        1.41706
xdut.\$10__t253                          1.485
xdut.topp__t504                        1.41706
xdut.\$16__t27                           1.485
xdut.topp__t495                        1.41706
xdut.\$90__t224                          1.485
xdut.topn__t446                         1.5561
xdut.\$147__t1                           1.485
xdut.topn__t445                         1.5561
xdut.\$90__t223                          1.485
xdut.topn__t444                         1.5561
xdut.\$139__t3                           1.485
xdut.topn__t443                         1.5561
xdut.\$90__t222                          1.485
xdut.topn__t442                         1.5561
xdut.\$131__t5                           1.485
xdut.topn__t441                         1.5561
xdut.\$90__t221                          1.485
xdut.topn__t440                         1.5561
xdut.\$131__t4                           1.485
xdut.topn__t439                         1.5561
xdut.\$90__t186                          1.485
xdut.topn__t368                         1.5561
xdut.\$123__t12                          1.485
xdut.topn__t383                         1.5561
xdut.\$90__t185                          1.485
xdut.topn__t366                         1.5561
xdut.\$123__t9                           1.485
xdut.topn__t365                         1.5561
xdut.\$90__t184                          1.485
xdut.topn__t364                         1.5561
xdut.\$123__t8                           1.485
xdut.topn__t363                         1.5561
xdut.\$90__t183                          1.485
xdut.topn__t362                         1.5561
xdut.\$123__t7                           1.485
xdut.topn__t361                         1.5561
xdut.\$90__t182                          1.485
xdut.topn__t360                         1.5561
xdut.\$115__t21                          1.485
xdut.topn__t359                         1.5561
xdut.\$90__t181                          1.485
xdut.topn__t358                         1.5561
xdut.\$115__t20                          1.485
xdut.topn__t357                         1.5561
xdut.\$90__t191                          1.485
xdut.topn__t377                         1.5561
xdut.\$115__t25                          1.485
xdut.topn__t376                         1.5561
xdut.\$90__t190                          1.485
xdut.topn__t375                         1.5561
xdut.\$115__t24                          1.485
xdut.topn__t374                         1.5561
xdut.\$90__t189                          1.485
xdut.topn__t373                         1.5561
xdut.\$115__t23                          1.485
xdut.topn__t372                         1.5561
xdut.\$90__t188                          1.485
xdut.topn__t371                         1.5561
xdut.\$115__t22                          1.485
xdut.topn__t370                         1.5561
xdut.\$90__t187                          1.485
xdut.topn__t369                         1.5561
xdut.\$115__t27                          1.485
xdut.topn__t381                         1.5561
xdut.\$90__t192                          1.485
xdut.topn__t380                         1.5561
xdut.\$115__t26                          1.485
xdut.topn__t379                         1.5561
xdut.\$10__t179                          1.485
xdut.topp__t352                        1.41706
xdut.\$14__t43                           1.485
xdut.topp__t353                        1.41706
xdut.\$10__t180                          1.485
xdut.topp__t354                        1.41706
xdut.\$14__t44                           1.485
xdut.topp__t355                        1.41706
xdut.\$10__t181                          1.485
xdut.topp__t356                        1.41706
xdut.\$14__t45                           1.485
xdut.topp__t357                        1.41706
xdut.\$10__t182                          1.485
xdut.topp__t358                        1.41706
xdut.\$14__t46                           1.485
xdut.topp__t359                        1.41706
xdut.\$10__t183                          1.485
xdut.topp__t360                        1.41706
xdut.\$14__t47                           1.485
xdut.topp__t361                        1.41706
xdut.\$10__t184                          1.485
xdut.topp__t362                        1.41706
xdut.\$14__t48                           1.485
xdut.topp__t363                        1.41706
xdut.\$10__t185                          1.485
xdut.topp__t364                        1.41706
xdut.\$14__t49                           1.485
xdut.topp__t365                        1.41706
xdut.\$10__t186                          1.485
xdut.topp__t366                        1.41706
xdut.\$14__t58                           1.485
xdut.topp__t383                        1.41706
xdut.\$10__t187                          1.485
xdut.topp__t368                        1.41706
xdut.\$14__t51                           1.485
xdut.topp__t369                        1.41706
xdut.\$10__t188                          1.485
xdut.topp__t370                        1.41706
xdut.\$14__t52                           1.485
xdut.topp__t371                        1.41706
xdut.\$10__t189                          1.485
xdut.topp__t372                        1.41706
xdut.\$14__t53                           1.485
xdut.topp__t373                        1.41706
xdut.\$10__t190                          1.485
xdut.topp__t374                        1.41706
xdut.\$14__t54                           1.485
xdut.topp__t375                        1.41706
xdut.\$10__t191                          1.485
xdut.topp__t376                        1.41706
xdut.\$14__t55                           1.485
xdut.topp__t377                        1.41706
xdut.\$10__t192                          1.485
xdut.topp__t378                        1.41706
xdut.\$14__t56                           1.485
xdut.topp__t379                        1.41706
xdut.\$10__t193                          1.485
xdut.topp__t380                        1.41706
xdut.\$14__t57                           1.485
xdut.topp__t381                        1.41706
xdut.\$10__t194                          1.485
xdut.topp__t382                        1.41706
xdut.\$14__t50                           1.485
xdut.topp__t367                        1.41706
xdut.\$90__t146                          1.485
xdut.topn__t288                         1.5561
xdut.\$107__t30                          1.485
xdut.topn__t289                         1.5561
xdut.\$90__t147                          1.485
xdut.topn__t290                         1.5561
xdut.\$107__t31                          1.485
xdut.topn__t291                         1.5561
xdut.\$90__t148                          1.485
xdut.topn__t292                         1.5561
xdut.\$107__t32                          1.485
xdut.topn__t293                         1.5561
xdut.\$90__t149                          1.485
xdut.topn__t294                         1.5561
xdut.\$107__t33                          1.485
xdut.topn__t295                         1.5561
xdut.\$90__t150                          1.485
xdut.topn__t296                         1.5561
xdut.\$107__t34                          1.485
xdut.topn__t297                         1.5561
xdut.\$90__t151                          1.485
xdut.topn__t298                         1.5561
xdut.\$107__t35                          1.485
xdut.topn__t299                         1.5561
xdut.\$90__t152                          1.485
xdut.topn__t300                         1.5561
xdut.\$107__t36                          1.485
xdut.topn__t301                         1.5561
xdut.\$90__t153                          1.485
xdut.topn__t302                         1.5561
xdut.\$107__t44                          1.485
xdut.topn__t319                         1.5561
xdut.\$90__t155                          1.485
xdut.topn__t304                         1.5561
xdut.\$107__t37                          1.485
xdut.topn__t305                         1.5561
xdut.\$90__t156                          1.485
xdut.topn__t306                         1.5561
xdut.\$107__t38                          1.485
xdut.topn__t307                         1.5561
xdut.\$90__t157                          1.485
xdut.topn__t308                         1.5561
xdut.\$107__t39                          1.485
xdut.topn__t309                         1.5561
xdut.\$90__t158                          1.485
xdut.topn__t310                         1.5561
xdut.\$107__t40                          1.485
xdut.topn__t311                         1.5561
xdut.\$90__t159                          1.485
xdut.topn__t312                         1.5561
xdut.\$107__t41                          1.485
xdut.topn__t313                         1.5561
xdut.\$90__t160                          1.485
xdut.topn__t314                         1.5561
xdut.\$107__t42                          1.485
xdut.topn__t315                         1.5561
xdut.\$90__t161                          1.485
xdut.topn__t316                         1.5561
xdut.\$107__t43                          1.485
xdut.topn__t317                         1.5561
xdut.\$90__t162                          1.485
xdut.topn__t318                         1.5561
xdut.\$107__t45                          1.485
xdut.topn__t335                         1.5561
xdut.\$10__t234                          1.485
xdut.topp__t463                        1.41706
xdut.\$12__t111                          1.485
xdut.topp__t462                        1.41706
xdut.\$10__t233                          1.485
xdut.topp__t461                        1.41706
xdut.\$12__t110                          1.485
xdut.topp__t460                        1.41706
xdut.\$10__t232                          1.485
xdut.topp__t459                        1.41706
xdut.\$12__t109                          1.485
xdut.topp__t458                        1.41706
xdut.\$10__t231                          1.485
xdut.topp__t457                        1.41706
xdut.\$12__t108                          1.485
xdut.topp__t456                        1.41706
xdut.\$10__t246                          1.485
xdut.topp__t489                        1.41706
xdut.\$12__t113                          1.485
xdut.topp__t466                        1.41706
xdut.\$10__t104                          1.485
xdut.topp__t207                        1.41706
xdut.\$12__t122                          1.485
xdut.topp__t483                        1.41706
xdut.\$10__t243                          1.485
xdut.topp__t482                        1.41706
xdut.\$12__t121                          1.485
xdut.topp__t481                        1.41706
xdut.\$10__t242                          1.485
xdut.topp__t480                        1.41706
xdut.\$12__t116                          1.485
xdut.topp__t472                        1.41706
xdut.\$10__t245                          1.485
xdut.topp__t487                        1.41706
xdut.\$12__t115                          1.485
xdut.topp__t470                        1.41706
xdut.\$10__t237                          1.485
xdut.topp__t469                        1.41706
xdut.\$12__t103                          1.485
xdut.topp__t448                        1.41706
xdut.\$10__t238                          1.485
xdut.topp__t471                        1.41706
xdut.\$12__t80                           1.485
xdut.topp__t313                        1.41706
xdut.\$10__t206                          1.485
xdut.topp__t408                        1.41706
xdut.\$12__t87                           1.485
xdut.topp__t407                        1.41706
xdut.\$10__t216                          1.485
xdut.topp__t426                        1.41706
xdut.\$12__t95                           1.485
xdut.topp__t425                        1.41706
xdut.\$10__t215                          1.485
xdut.topp__t424                        1.41706
xdut.\$12__t94                           1.485
xdut.topp__t423                        1.41706
xdut.\$10__t214                          1.485
xdut.topp__t422                        1.41706
xdut.\$12__t98                           1.485
xdut.topp__t437                        1.41706
xdut.\$10__t212                          1.485
xdut.topp__t420                        1.41706
xdut.\$12__t93                           1.485
xdut.topp__t419                        1.41706
xdut.\$90__t239                          1.485
xdut.topn__t479                         1.5561
xdut.\$99__t121                          1.485
xdut.topn__t478                         1.5561
xdut.\$90__t238                          1.485
xdut.topn__t477                         1.5561
xdut.\$99__t120                          1.485
xdut.topn__t476                         1.5561
xdut.\$90__t237                          1.485
xdut.topn__t475                         1.5561
xdut.\$99__t119                          1.485
xdut.topn__t474                         1.5561
xdut.\$90__t236                          1.485
xdut.topn__t473                         1.5561
xdut.\$99__t118                          1.485
xdut.topn__t472                         1.5561
xdut.\$90__t66                           1.485
xdut.topn__t129                         1.5561
xdut.\$99__t41                           1.485
xdut.topn__t118                         1.5561
xdut.\$90__t54                           1.485
xdut.topn__t107                         1.5561
xdut.\$99__t35                           1.485
xdut.topn__t106                         1.5561
xdut.\$90__t53                           1.485
xdut.topn__t105                         1.5561
xdut.\$99__t34                           1.485
xdut.topn__t104                         1.5561
xdut.\$90__t68                           1.485
xdut.topn__t133                         1.5561
xdut.\$99__t47                           1.485
xdut.topn__t132                         1.5561
xdut.\$90__t67                           1.485
xdut.topn__t131                         1.5561
xdut.\$99__t46                           1.485
xdut.topn__t130                         1.5561
xdut.\$90__t241                          1.485
xdut.topn__t484                         1.5561
xdut.\$99__t15                           1.485
xdut.topn__t40                          1.5561
xdut.\$90__t24                           1.485
xdut.topn__t49                          1.5561
xdut.\$99__t19                           1.485
xdut.topn__t48                          1.5561
xdut.\$90__t23                           1.485
xdut.topn__t47                          1.5561
xdut.\$99__t18                           1.485
xdut.topn__t46                          1.5561
xdut.\$90__t22                           1.485
xdut.topn__t45                          1.5561
xdut.\$99__t17                           1.485
xdut.topn__t44                          1.5561
xdut.\$90__t21                           1.485
xdut.topn__t43                          1.5561
xdut.\$99__t16                           1.485
xdut.topn__t42                          1.5561
xdut.\$90__t20                           1.485
xdut.topn__t41                          1.5561
xdut.\$99__t8                            1.485
xdut.topn__t26                          1.5561
xdut.\$90__t12                           1.485
xdut.topn__t25                          1.5561
xdut.\$99__t23                           1.485
xdut.topn__t56                          1.5561
xdut.\$10__t229                          1.485
xdut.topp__t452                        1.41706
xdut.\$12__t105                          1.485
xdut.topp__t451                        1.41706
xdut.\$10__t228                          1.485
xdut.topp__t450                        1.41706
xdut.\$12__t104                          1.485
xdut.topp__t449                        1.41706
xdut.\$10__t72                           1.485
xdut.topp__t144                        1.41706
xdut.\$12__t37                           1.485
xdut.topp__t143                        1.41706
xdut.\$10__t71                           1.485
xdut.topp__t142                        1.41706
xdut.\$12__t36                           1.485
xdut.topp__t141                        1.41706
xdut.\$10__t235                          1.485
xdut.topp__t465                        1.41706
xdut.\$12__t112                          1.485
xdut.topp__t464                        1.41706
xdut.\$10__t105                          1.485
xdut.topp__t209                        1.41706
xdut.\$12__t117                          1.485
xdut.topp__t473                        1.41706
xdut.\$10__t241                          1.485
xdut.topp__t479                        1.41706
xdut.\$12__t124                          1.485
xdut.topp__t486                        1.41706
xdut.\$10__t244                          1.485
xdut.topp__t485                        1.41706
xdut.\$12__t123                          1.485
xdut.topp__t484                        1.41706
xdut.\$10__t227                          1.485
xdut.topp__t447                        1.41706
xdut.\$12__t102                          1.485
xdut.topp__t446                        1.41706
xdut.\$10__t226                          1.485
xdut.topp__t445                        1.41706
xdut.\$12__t99                           1.485
xdut.topp__t439                        1.41706
xdut.\$10__t222                          1.485
xdut.topp__t438                        1.41706
xdut.\$12__t81                           1.485
xdut.topp__t332                        1.41706
xdut.\$10__t209                          1.485
xdut.topp__t414                        1.41706
xdut.\$12__t90                           1.485
xdut.topp__t413                        1.41706
xdut.\$10__t208                          1.485
xdut.topp__t412                        1.41706
xdut.\$12__t89                           1.485
xdut.topp__t411                        1.41706
xdut.\$10__t207                          1.485
xdut.topp__t410                        1.41706
xdut.\$12__t88                           1.485
xdut.topp__t409                        1.41706
xdut.\$10__t211                          1.485
xdut.topp__t418                        1.41706
xdut.\$12__t92                           1.485
xdut.topp__t417                        1.41706
xdut.\$10__t210                          1.485
xdut.topp__t416                        1.41706
xdut.\$12__t91                           1.485
xdut.topp__t415                        1.41706
xdut.\$90__t232                          1.485
xdut.topn__t463                         1.5561
xdut.\$99__t113                          1.485
xdut.topn__t462                         1.5561
xdut.\$90__t231                          1.485
xdut.topn__t461                         1.5561
xdut.\$99__t112                          1.485
xdut.topn__t460                         1.5561
xdut.\$90__t230                          1.485
xdut.topn__t459                         1.5561
xdut.\$99__t111                          1.485
xdut.topn__t458                         1.5561
xdut.\$90__t229                          1.485
xdut.topn__t457                         1.5561
xdut.\$99__t110                          1.485
xdut.topn__t456                         1.5561
xdut.\$90__t65                           1.485
xdut.topn__t128                         1.5561
xdut.\$99__t45                           1.485
xdut.topn__t127                         1.5561
xdut.\$90__t64                           1.485
xdut.topn__t126                         1.5561
xdut.\$99__t44                           1.485
xdut.topn__t125                         1.5561
xdut.\$90__t63                           1.485
xdut.topn__t124                         1.5561
xdut.\$99__t43                           1.485
xdut.topn__t123                         1.5561
xdut.\$90__t62                           1.485
xdut.topn__t122                         1.5561
xdut.\$99__t42                           1.485
xdut.topn__t121                         1.5561
xdut.\$90__t61                           1.485
xdut.topn__t120                         1.5561
xdut.\$99__t49                           1.485
xdut.topn__t135                         1.5561
xdut.\$90__t242                          1.485
xdut.topn__t485                         1.5561
xdut.\$99__t22                           1.485
xdut.topn__t55                          1.5561
xdut.\$90__t14                           1.485
xdut.topn__t29                          1.5561
xdut.\$99__t9                            1.485
xdut.topn__t28                          1.5561
xdut.\$90__t13                           1.485
xdut.topn__t27                          1.5561
xdut.\$99__t32                           1.485
xdut.topn__t87                          1.5561
xdut.\$90__t27                           1.485
xdut.topn__t54                          1.5561
xdut.\$99__t21                           1.485
xdut.topn__t53                          1.5561
xdut.\$90__t26                           1.485
xdut.topn__t52                          1.5561
xdut.\$99__t20                           1.485
xdut.topn__t51                          1.5561
xdut.\$90__t25                           1.485
xdut.topn__t50                          1.5561
xdut.\$99__t26                           1.485
xdut.topn__t65                          1.5561
xdut.\$90__t32                           1.485
xdut.topn__t64                          1.5561
xdut.\$99__t25                           1.485
xdut.topn__t63                          1.5561
xdut.\$12__t107                          1.485
xdut.topp__t455                        1.41706
xdut.\$10__t230                          1.485
xdut.topp__t454                        1.41706
xdut.\$12__t106                          1.485
xdut.topp__t453                        1.41706
xdut.\$10__t68                           1.485
xdut.topp__t136                        1.41706
xdut.\$12__t114                          1.485
xdut.topp__t467                        1.41706
xdut.\$10__t236                          1.485
xdut.topp__t468                        1.41706
xdut.\$12__t35                           1.485
xdut.topp__t140                        1.41706
xdut.\$10__t70                           1.485
xdut.topp__t139                        1.41706
xdut.\$12__t34                           1.485
xdut.topp__t138                        1.41706
xdut.\$10__t69                           1.485
xdut.topp__t137                        1.41706
xdut.\$12__t50                           1.485
xdut.topp__t205                        1.41706
xdut.\$10__t225                          1.485
xdut.topp__t444                        1.41706
xdut.\$12__t101                          1.485
xdut.topp__t443                        1.41706
xdut.\$10__t224                          1.485
xdut.topp__t442                        1.41706
xdut.\$12__t100                          1.485
xdut.topp__t441                        1.41706
xdut.\$10__t223                          1.485
xdut.topp__t440                        1.41706
xdut.\$12__t119                          1.485
xdut.topp__t476                        1.41706
xdut.\$10__t239                          1.485
xdut.topp__t475                        1.41706
xdut.\$12__t118                          1.485
xdut.topp__t474                        1.41706
xdut.\$10__t240                          1.485
xdut.topp__t478                        1.41706
xdut.\$12__t120                          1.485
xdut.topp__t477                        1.41706
xdut.\$10__t158                          1.485
xdut.topp__t315                        1.41706
xdut.\$12__t86                           1.485
xdut.topp__t406                        1.41706
xdut.\$10__t202                          1.485
xdut.topp__t399                        1.41706
xdut.\$12__t127                          1.485
xdut.topp__t511                        1.41706
xdut.\$10__t256                          1.485
xdut.topp__t509                        1.41706
xdut.\$12__t126                          1.485
xdut.topp__t508                        1.41706
xdut.\$10__t255                          1.485
xdut.topp__t507                        1.41706
xdut.\$12__t125                          1.485
xdut.topp__t506                        1.41706
xdut.\$10__t254                          1.485
xdut.topp__t505                        1.41706
xdut.\$12__t96                           1.485
xdut.topp__t428                        1.41706
xdut.\$10__t217                          1.485
xdut.topp__t427                        1.41706
xdut.\$99__t114                          1.485
xdut.topn__t465                         1.5561
xdut.\$90__t233                          1.485
xdut.topn__t464                         1.5561
xdut.\$99__t117                          1.485
xdut.topn__t471                         1.5561
xdut.\$90__t240                          1.485
xdut.topn__t480                         1.5561
xdut.\$99__t116                          1.485
xdut.topn__t469                         1.5561
xdut.\$90__t235                          1.485
xdut.topn__t468                         1.5561
xdut.\$99__t115                          1.485
xdut.topn__t467                         1.5561
xdut.\$90__t234                          1.485
xdut.topn__t466                         1.5561
xdut.\$99__t40                           1.485
xdut.topn__t117                         1.5561
xdut.\$90__t59                           1.485
xdut.topn__t116                         1.5561
xdut.\$99__t39                           1.485
xdut.topn__t115                         1.5561
xdut.\$90__t58                           1.485
xdut.topn__t114                         1.5561
xdut.\$99__t38                           1.485
xdut.topn__t113                         1.5561
xdut.\$90__t57                           1.485
xdut.topn__t112                         1.5561
xdut.\$99__t37                           1.485
xdut.topn__t111                         1.5561
xdut.\$90__t56                           1.485
xdut.topn__t110                         1.5561
xdut.\$99__t36                           1.485
xdut.topn__t109                         1.5561
xdut.\$90__t55                           1.485
xdut.topn__t108                         1.5561
xdut.\$99__t123                          1.485
xdut.topn__t486                         1.5561
xdut.\$90__t19                           1.485
xdut.topn__t39                          1.5561
xdut.\$99__t14                           1.485
xdut.topn__t38                          1.5561
xdut.\$90__t18                           1.485
xdut.topn__t37                          1.5561
xdut.\$99__t13                           1.485
xdut.topn__t36                          1.5561
xdut.\$90__t17                           1.485
xdut.topn__t35                          1.5561
xdut.\$99__t12                           1.485
xdut.topn__t34                          1.5561
xdut.\$90__t16                           1.485
xdut.topn__t33                          1.5561
xdut.\$99__t11                           1.485
xdut.topn__t32                          1.5561
xdut.\$90__t15                           1.485
xdut.topn__t31                          1.5561
xdut.\$99__t10                           1.485
xdut.topn__t30                          1.5561
xdut.\$90__t34                           1.485
xdut.topn__t68                          1.5561
xdut.\$99__t27                           1.485
xdut.topn__t67                          1.5561
xdut.\$90__t33                           1.485
xdut.topn__t66                          1.5561
xdut.\$12__t0                            1.485
xdut.topp__t0                          1.41706
xdut.\$10__t81                           1.485
xdut.topp__t162                        1.41706
xdut.\$12__t41                           1.485
xdut.topp__t161                        1.41706
xdut.\$10__t75                           1.485
xdut.topp__t150                        1.41706
xdut.\$12__t40                           1.485
xdut.topp__t149                        1.41706
xdut.\$10__t74                           1.485
xdut.topp__t148                        1.41706
xdut.\$12__t39                           1.485
xdut.topp__t147                        1.41706
xdut.\$10__t73                           1.485
xdut.topp__t146                        1.41706
xdut.\$12__t38                           1.485
xdut.topp__t145                        1.41706
xdut.\$10__t83                           1.485
xdut.topp__t165                        1.41706
xdut.\$12__t51                           1.485
xdut.topp__t206                        1.41706
xdut.\$10__t65                           1.485
xdut.topp__t132                        1.41706
xdut.\$12__t33                           1.485
xdut.topp__t131                        1.41706
xdut.\$10__t64                           1.485
xdut.topp__t130                        1.41706
xdut.\$12__t32                           1.485
xdut.topp__t129                        1.41706
xdut.\$10__t63                           1.485
xdut.topp__t128                        1.41706
xdut.\$12__t31                           1.485
xdut.topp__t127                        1.41706
xdut.\$10__t62                           1.485
xdut.topp__t126                        1.41706
xdut.\$12__t30                           1.485
xdut.topp__t125                        1.41706
xdut.\$10__t61                           1.485
xdut.topp__t124                        1.41706
xdut.\$12__t29                           1.485
xdut.topp__t123                        1.41706
xdut.\$10__t157                          1.485
xdut.topp__t311                        1.41706
xdut.\$12__t97                           1.485
xdut.topp__t430                        1.41706
xdut.\$10__t218                          1.485
xdut.topp__t429                        1.41706
xdut.\$12__t85                           1.485
xdut.topp__t404                        1.41706
xdut.\$10__t204                          1.485
xdut.topp__t403                        1.41706
xdut.\$12__t84                           1.485
xdut.topp__t402                        1.41706
xdut.\$10__t203                          1.485
xdut.topp__t401                        1.41706
xdut.\$12__t83                           1.485
xdut.topp__t400                        1.41706
xdut.\$10__t205                          1.485
xdut.topp__t405                        1.41706
xdut.\$12__t82                           1.485
xdut.topp__t398                        1.41706
xdut.\$10__t201                          1.485
xdut.topp__t397                        1.41706
xdut.\$99__t94                           1.485
xdut.topn__t395                         1.5561
xdut.\$90__t199                          1.485
xdut.topn__t394                         1.5561
xdut.\$99__t93                           1.485
xdut.topn__t393                         1.5561
xdut.\$90__t198                          1.485
xdut.topn__t392                         1.5561
xdut.\$99__t92                           1.485
xdut.topn__t391                         1.5561
xdut.\$90__t197                          1.485
xdut.topn__t390                         1.5561
xdut.\$99__t91                           1.485
xdut.topn__t389                         1.5561
xdut.\$90__t196                          1.485
xdut.topn__t388                         1.5561
xdut.\$99__t28                           1.485
xdut.topn__t72                          1.5561
xdut.\$90__t60                           1.485
xdut.topn__t119                         1.5561
xdut.\$99__t48                           1.485
xdut.topn__t134                         1.5561
xdut.\$90__t38                           1.485
xdut.topn__t77                          1.5561
xdut.\$99__t30                           1.485
xdut.topn__t76                          1.5561
xdut.\$90__t37                           1.485
xdut.topn__t75                          1.5561
xdut.\$99__t29                           1.485
xdut.topn__t74                          1.5561
xdut.\$90__t40                           1.485
xdut.topn__t80                          1.5561
xdut.\$99__t31                           1.485
xdut.topn__t79                          1.5561
xdut.\$90__t39                           1.485
xdut.topn__t78                          1.5561
xdut.\$99__t122                          1.485
xdut.topn__t481                         1.5561
xdut.\$90__t245                          1.485
xdut.topn__t492                         1.5561
xdut.\$99__t127                          1.485
xdut.topn__t503                         1.5561
xdut.\$90__t51                           1.485
xdut.topn__t102                         1.5561
xdut.\$99__t33                           1.485
xdut.topn__t101                         1.5561
xdut.\$90__t50                           1.485
xdut.topn__t100                         1.5561
xdut.\$99__t124                          1.485
xdut.topn__t487                         1.5561
xdut.\$90__t243                          1.485
xdut.topn__t488                         1.5561
xdut.\$99__t125                          1.485
xdut.topn__t489                         1.5561
xdut.\$90__t244                          1.485
xdut.topn__t490                         1.5561
xdut.\$99__t126                          1.485
xdut.topn__t491                         1.5561
xdut.\$90__t29                           1.485
xdut.topn__t59                          1.5561
xdut.\$99__t24                           1.485
xdut.topn__t58                          1.5561
xdut.\$90__t28                           1.485
xdut.topn__t57                          1.5561
xdut.\$14__t17                           1.485
xdut.topp__t110                        1.41706
xdut.\$10__t54                           1.485
xdut.topp__t109                        1.41706
xdut.\$14__t16                           1.485
xdut.topp__t108                        1.41706
xdut.\$10__t53                           1.485
xdut.topp__t107                        1.41706
xdut.\$14__t15                           1.485
xdut.topp__t106                        1.41706
xdut.\$10__t52                           1.485
xdut.topp__t105                        1.41706
xdut.\$14__t14                           1.485
xdut.topp__t104                        1.41706
xdut.\$10__t76                           1.485
xdut.topp__t151                        1.41706
xdut.\$14__t20                           1.485
xdut.topp__t164                        1.41706
xdut.\$10__t82                           1.485
xdut.topp__t163                        1.41706
xdut.\$14__t31                           1.485
xdut.topp__t208                        1.41706
xdut.\$10__t66                           1.485
xdut.topp__t134                        1.41706
xdut.\$14__t19                           1.485
xdut.topp__t133                        1.41706
xdut.\$10__t60                           1.485
xdut.topp__t122                        1.41706
xdut.\$14__t18                           1.485
xdut.topp__t116                        1.41706
xdut.\$10__t103                          1.485
xdut.topp__t203                        1.41706
xdut.\$14__t30                           1.485
xdut.topp__t202                        1.41706
xdut.\$10__t102                          1.485
xdut.topp__t201                        1.41706
xdut.\$14__t29                           1.485
xdut.topp__t200                        1.41706
xdut.\$10__t101                          1.485
xdut.topp__t199                        1.41706
xdut.\$14__t27                           1.485
xdut.topp__t182                        1.41706
xdut.\$10__t168                          1.485
xdut.topp__t334                        1.41706
xdut.\$14__t62                           1.485
xdut.topp__t390                        1.41706
xdut.\$10__t197                          1.485
xdut.topp__t389                        1.41706
xdut.\$14__t61                           1.485
xdut.topp__t388                        1.41706
xdut.\$10__t196                          1.485
xdut.topp__t387                        1.41706
xdut.\$14__t60                           1.485
xdut.topp__t386                        1.41706
xdut.\$10__t195                          1.485
xdut.topp__t385                        1.41706
xdut.\$14__t59                           1.485
xdut.topp__t384                        1.41706
xdut.\$10__t213                          1.485
xdut.topp__t421                        1.41706
xdut.\$14__t63                           1.485
xdut.topp__t436                        1.41706
xdut.\$10__t221                          1.485
xdut.topp__t435                        1.41706
xdut.\$107__t51                          1.485
xdut.topn__t405                         1.5561
xdut.\$90__t204                          1.485
xdut.topn__t404                         1.5561
xdut.\$107__t50                          1.485
xdut.topn__t403                         1.5561
xdut.\$90__t203                          1.485
xdut.topn__t402                         1.5561
xdut.\$107__t49                          1.485
xdut.topn__t401                         1.5561
xdut.\$90__t202                          1.485
xdut.topn__t400                         1.5561
xdut.\$107__t48                          1.485
xdut.topn__t399                         1.5561
xdut.\$90__t201                          1.485
xdut.topn__t398                         1.5561
xdut.\$107__t5                           1.485
xdut.topn__t73                          1.5561
xdut.\$90__t49                           1.485
xdut.topn__t99                          1.5561
xdut.\$107__t9                           1.485
xdut.topn__t98                          1.5561
xdut.\$90__t48                           1.485
xdut.topn__t97                          1.5561
xdut.\$107__t8                           1.485
xdut.topn__t86                          1.5561
xdut.\$90__t43                           1.485
xdut.topn__t85                          1.5561
xdut.\$107__t7                           1.485
xdut.topn__t84                          1.5561
xdut.\$90__t42                           1.485
xdut.topn__t83                          1.5561
xdut.\$107__t6                           1.485
xdut.topn__t82                          1.5561
xdut.\$90__t41                           1.485
xdut.topn__t81                          1.5561
xdut.\$107__t58                          1.485
xdut.topn__t482                         1.5561
xdut.\$90__t246                          1.485
xdut.topn__t493                         1.5561
xdut.\$107__t59                          1.485
xdut.topn__t494                         1.5561
xdut.\$90__t247                          1.485
xdut.topn__t495                         1.5561
xdut.\$107__t63                          1.485
xdut.topn__t511                         1.5561
xdut.\$90__t254                          1.485
xdut.topn__t509                         1.5561
xdut.\$107__t62                          1.485
xdut.topn__t508                         1.5561
xdut.\$90__t253                          1.485
xdut.topn__t507                         1.5561
xdut.\$107__t61                          1.485
xdut.topn__t506                         1.5561
xdut.\$90__t252                          1.485
xdut.topn__t505                         1.5561
xdut.\$107__t60                          1.485
xdut.topn__t504                         1.5561
xdut.\$90__t31                           1.485
xdut.topn__t62                          1.5561
xdut.\$107__t4                           1.485
xdut.topn__t61                          1.5561
xdut.\$90__t30                           1.485
xdut.topn__t60                          1.5561
xdut.\$16__t14                           1.485
xdut.topp__t160                        1.41706
xdut.\$10__t80                           1.485
xdut.topp__t159                        1.41706
xdut.\$16__t13                           1.485
xdut.topp__t158                        1.41706
xdut.\$10__t79                           1.485
xdut.topp__t157                        1.41706
xdut.\$16__t12                           1.485
xdut.topp__t156                        1.41706
xdut.\$10__t78                           1.485
xdut.topp__t155                        1.41706
xdut.\$16__t11                           1.485
xdut.topp__t154                        1.41706
xdut.\$10__t77                           1.485
xdut.topp__t153                        1.41706
xdut.\$16__t10                           1.485
xdut.topp__t152                        1.41706
xdut.\$10__t84                           1.485
xdut.topp__t166                        1.41706
xdut.\$16__t15                           1.485
xdut.topp__t204                        1.41706
xdut.\$10__t57                           1.485
xdut.topp__t115                        1.41706
xdut.\$16__t9                            1.485
xdut.topp__t114                        1.41706
xdut.\$10__t56                           1.485
xdut.topp__t113                        1.41706
xdut.\$16__t8                            1.485
xdut.topp__t112                        1.41706
xdut.\$10__t55                           1.485
xdut.topp__t111                        1.41706
xdut.\$18__t3                            1.485
xdut.topp__t117                        1.41706
xdut.\$10__t59                           1.485
xdut.topp__t121                        1.41706
xdut.\$18__t5                            1.485
xdut.topp__t120                        1.41706
xdut.\$10__t67                           1.485
xdut.topp__t135                        1.41706
xdut.\$18__t4                            1.485
xdut.topp__t118                        1.41706
xdut.\$10__t125                          1.485
xdut.topp__t247                        1.41706
xdut.\$18__t13                           1.485
xdut.topp__t432                        1.41706
xdut.\$10__t219                          1.485
xdut.topp__t431                        1.41706
xdut.\$20__t7                            1.485
xdut.topp__t396                        1.41706
xdut.\$10__t200                          1.485
xdut.topp__t395                        1.41706
xdut.\$20__t6                            1.485
xdut.topp__t394                        1.41706
xdut.\$10__t199                          1.485
xdut.topp__t393                        1.41706
xdut.\$22__t3                            1.485
xdut.topp__t392                        1.41706
xdut.\$10__t198                          1.485
xdut.topp__t391                        1.41706
xdut.\$26__t0                            1.485
xdut.topp__t434                        1.41706
xdut.\$10__t220                          1.485
xdut.topp__t433                        1.41706
xdut.\$115__t30                          1.485
xdut.topn__t397                         1.5561
xdut.\$90__t200                          1.485
xdut.topn__t396                         1.5561
xdut.\$115__t29                          1.485
xdut.topn__t387                         1.5561
xdut.\$90__t195                          1.485
xdut.topn__t386                         1.5561
xdut.\$115__t28                          1.485
xdut.topn__t385                         1.5561
xdut.\$90__t194                          1.485
xdut.topn__t384                         1.5561
xdut.\$115__t31                          1.485
xdut.topn__t407                         1.5561
xdut.\$90__t205                          1.485
xdut.topn__t406                         1.5561
xdut.\$115__t3                           1.485
xdut.topn__t96                          1.5561
xdut.\$90__t47                           1.485
xdut.topn__t95                          1.5561
xdut.\$115__t2                           1.485
xdut.topn__t94                          1.5561
xdut.\$90__t46                           1.485
xdut.topn__t93                          1.5561
xdut.\$115__t1                           1.485
xdut.topn__t92                          1.5561
xdut.\$90__t45                           1.485
xdut.topn__t91                          1.5561
xdut.\$115__t0                           1.485
xdut.topn__t90                          1.5561
xdut.\$90__t44                           1.485
xdut.topn__t89                          1.5561
xdut.\$123__t0                           1.485
xdut.topn__t88                          1.5561
xdut.\$90__t52                           1.485
xdut.topn__t103                         1.5561
xdut.\$123__t13                          1.485
xdut.topn__t483                         1.5561
xdut.\$90__t251                          1.485
xdut.topn__t502                         1.5561
xdut.\$123__t15                          1.485
xdut.topn__t501                         1.5561
xdut.\$90__t250                          1.485
xdut.topn__t500                         1.5561
xdut.\$123__t14                          1.485
xdut.topn__t499                         1.5561
xdut.\$90__t249                          1.485
xdut.topn__t498                         1.5561
xdut.\$131__t7                           1.485
xdut.topn__t497                         1.5561
xdut.\$90__t255                          1.485
xdut.topn__t510                         1.5561
xdut.\$131__t6                           1.485
xdut.topn__t470                         1.5561
xdut.\$90__t228                          1.485
xdut.topn__t455                         1.5561
xdut.\$139__t0                           1.485
xdut.topn__t0                           1.5561
xdut.\$90__t36                           1.485
xdut.topn__t71                          1.5561
xdut.\$155__t0                           1.485
xdut.topn__t70                          1.5561
xdut.\$90__t35                           1.485
xdut.topn__t69                          1.5561
xdut.\$10__t124                          1.485
xdut.topp__t246                        1.41706
xdut.vcm__t0                             1.485
xdut.topp__t245                        1.41706
xdut.\$10__t123                          1.485
xdut.topp__t244                        1.41706
xdut.\$22__t0                            1.485
xdut.topp__t243                        1.41706
xdut.\$10__t122                          1.485
xdut.topp__t242                        1.41706
xdut.\$20__t1                            1.485
xdut.topp__t241                        1.41706
xdut.\$10__t121                          1.485
xdut.topp__t240                        1.41706
xdut.\$20__t0                            1.485
xdut.topp__t239                        1.41706
xdut.\$10__t120                          1.485
xdut.topp__t238                        1.41706
xdut.\$18__t8                            1.485
xdut.topp__t237                        1.41706
xdut.\$10__t119                          1.485
xdut.topp__t236                        1.41706
xdut.\$18__t7                            1.485
xdut.topp__t235                        1.41706
xdut.\$10__t118                          1.485
xdut.topp__t234                        1.41706
xdut.\$18__t6                            1.485
xdut.topp__t233                        1.41706
xdut.\$10__t117                          1.485
xdut.topp__t232                        1.41706
xdut.\$18__t10                           1.485
xdut.topp__t263                        1.41706
xdut.\$10__t166                          1.485
xdut.topp__t330                        1.41706
xdut.\$16__t22                           1.485
xdut.topp__t329                        1.41706
xdut.\$10__t165                          1.485
xdut.topp__t328                        1.41706
xdut.\$16__t21                           1.485
xdut.topp__t327                        1.41706
xdut.\$10__t164                          1.485
xdut.topp__t326                        1.41706
xdut.\$16__t20                           1.485
xdut.topp__t325                        1.41706
xdut.\$10__t163                          1.485
xdut.topp__t324                        1.41706
xdut.\$16__t19                           1.485
xdut.topp__t323                        1.41706
xdut.\$10__t162                          1.485
xdut.topp__t322                        1.41706
xdut.\$16__t18                           1.485
xdut.topp__t321                        1.41706
xdut.\$10__t161                          1.485
xdut.topp__t320                        1.41706
xdut.\$16__t17                           1.485
xdut.topp__t319                        1.41706
xdut.\$10__t160                          1.485
xdut.topp__t318                        1.41706
xdut.\$16__t16                           1.485
xdut.topp__t317                        1.41706
xdut.\$10__t159                          1.485
xdut.topp__t316                        1.41706
xdut.\$16__t23                           1.485
xdut.topp__t331                        1.41706
xdut.\$90__t74                           1.485
xdut.topn__t146                         1.5561
xdut.vcm__t1                             1.485
xdut.topn__t145                         1.5561
xdut.\$90__t73                           1.485
xdut.topn__t144                         1.5561
xdut.\$139__t1                           1.485
xdut.topn__t143                         1.5561
xdut.\$90__t72                           1.485
xdut.topn__t142                         1.5561
xdut.\$131__t1                           1.485
xdut.topn__t141                         1.5561
xdut.\$90__t71                           1.485
xdut.topn__t140                         1.5561
xdut.\$131__t0                           1.485
xdut.topn__t139                         1.5561
xdut.\$90__t178                          1.485
xdut.topn__t352                         1.5561
xdut.\$123__t5                           1.485
xdut.topn__t353                         1.5561
xdut.\$90__t179                          1.485
xdut.topn__t354                         1.5561
xdut.\$123__t6                           1.485
xdut.topn__t355                         1.5561
xdut.\$90__t180                          1.485
xdut.topn__t356                         1.5561
xdut.\$123__t11                          1.485
xdut.topn__t378                         1.5561
xdut.\$90__t193                          1.485
xdut.topn__t382                         1.5561
xdut.\$123__t10                          1.485
xdut.topn__t367                         1.5561
xdut.\$90__t163                          1.485
xdut.topn__t320                         1.5561
xdut.\$115__t12                          1.485
xdut.topn__t321                         1.5561
xdut.\$90__t164                          1.485
xdut.topn__t322                         1.5561
xdut.\$115__t13                          1.485
xdut.topn__t323                         1.5561
xdut.\$90__t165                          1.485
xdut.topn__t324                         1.5561
xdut.\$115__t14                          1.485
xdut.topn__t325                         1.5561
xdut.\$90__t166                          1.485
xdut.topn__t326                         1.5561
xdut.\$115__t15                          1.485
xdut.topn__t327                         1.5561
xdut.\$90__t167                          1.485
xdut.topn__t328                         1.5561
xdut.\$115__t16                          1.485
xdut.topn__t329                         1.5561
xdut.\$90__t168                          1.485
xdut.topn__t330                         1.5561
xdut.\$115__t17                          1.485
xdut.topn__t331                         1.5561
xdut.\$90__t169                          1.485
xdut.topn__t332                         1.5561
xdut.\$115__t18                          1.485
xdut.topn__t333                         1.5561
xdut.\$90__t170                          1.485
xdut.topn__t334                         1.5561
xdut.\$115__t19                          1.485
xdut.topn__t351                         1.5561
xdut.\$10__t90                           1.485
xdut.topp__t176                        1.41706
xdut.\$14__t2                            1.485
xdut.topp__t38                         1.41706
xdut.\$10__t98                           1.485
xdut.topp__t194                        1.41706
xdut.\$14__t28                           1.485
xdut.topp__t193                        1.41706
xdut.\$10__t100                          1.485
xdut.topp__t198                        1.41706
xdut.\$14__t26                           1.485
xdut.topp__t181                        1.41706
xdut.\$10__t92                           1.485
xdut.topp__t180                        1.41706
xdut.\$14__t25                           1.485
xdut.topp__t179                        1.41706
xdut.\$10__t91                           1.485
xdut.topp__t178                        1.41706
xdut.\$14__t24                           1.485
xdut.topp__t177                        1.41706
xdut.\$10__t50                           1.485
xdut.topp__t102                        1.41706
xdut.\$14__t32                           1.485
xdut.topp__t213                        1.41706
xdut.\$10__t88                           1.485
xdut.topp__t173                        1.41706
xdut.\$14__t22                           1.485
xdut.topp__t172                        1.41706
xdut.\$10__t87                           1.485
xdut.topp__t171                        1.41706
xdut.\$14__t21                           1.485
xdut.topp__t170                        1.41706
xdut.\$10__t107                          1.485
xdut.topp__t214                        1.41706
xdut.\$14__t33                           1.485
xdut.topp__t229                        1.41706
xdut.\$10__t108                          1.485
xdut.topp__t215                        1.41706
xdut.\$14__t23                           1.485
xdut.topp__t174                        1.41706
xdut.\$10__t86                           1.485
xdut.topp__t169                        1.41706
xdut.\$14__t42                           1.485
xdut.topp__t314                        1.41706
xdut.\$10__t144                          1.485
xdut.topp__t287                        1.41706
xdut.\$14__t40                           1.485
xdut.topp__t286                        1.41706
xdut.\$10__t36                           1.485
xdut.topp__t70                         1.41706
xdut.\$14__t6                            1.485
xdut.topp__t69                         1.41706
xdut.\$10__t145                          1.485
xdut.topp__t288                        1.41706
xdut.\$14__t41                           1.485
xdut.topp__t296                        1.41706
xdut.\$10__t148                          1.485
xdut.topp__t295                        1.41706
xdut.\$14__t7                            1.485
xdut.topp__t73                         1.41706
xdut.\$10__t37                           1.485
xdut.topp__t72                         1.41706
xdut.\$14__t39                           1.485
xdut.topp__t285                        1.41706
xdut.\$90__t8                            1.485
xdut.topn__t19                          1.5561
xdut.\$107__t1                           1.485
xdut.topn__t18                          1.5561
xdut.\$90__t7                            1.485
xdut.topn__t17                          1.5561
xdut.\$107__t0                           1.485
xdut.topn__t16                          1.5561
xdut.\$90__t11                           1.485
xdut.topn__t23                          1.5561
xdut.\$107__t3                           1.485
xdut.topn__t24                          1.5561
xdut.\$90__t9                            1.485
xdut.topn__t21                          1.5561
xdut.\$107__t2                           1.485
xdut.topn__t20                          1.5561
xdut.\$90__t127                          1.485
xdut.topn__t250                         1.5561
xdut.\$107__t29                          1.485
xdut.topn__t285                         1.5561
xdut.\$90__t121                          1.485
xdut.topn__t239                         1.5561
xdut.\$107__t25                          1.485
xdut.topn__t251                         1.5561
xdut.\$90__t128                          1.485
xdut.topn__t252                         1.5561
xdut.\$107__t26                          1.485
xdut.topn__t255                         1.5561
xdut.\$90__t144                          1.485
xdut.topn__t286                         1.5561
xdut.\$107__t27                          1.485
xdut.topn__t271                         1.5561
xdut.\$90__t120                          1.485
xdut.topn__t238                         1.5561
xdut.\$107__t57                          1.485
xdut.topn__t453                         1.5561
xdut.\$90__t108                          1.485
xdut.topn__t214                         1.5561
xdut.\$107__t52                          1.485
xdut.topn__t412                         1.5561
xdut.\$90__t209                          1.485
xdut.topn__t416                         1.5561
xdut.\$107__t55                          1.485
xdut.topn__t417                         1.5561
xdut.\$90__t210                          1.485
xdut.topn__t418                         1.5561
xdut.\$107__t53                          1.485
xdut.topn__t413                         1.5561
xdut.\$90__t208                          1.485
xdut.topn__t414                         1.5561
xdut.\$107__t54                          1.485
xdut.topn__t415                         1.5561
xdut.\$90__t220                          1.485
xdut.topn__t437                         1.5561
xdut.\$107__t56                          1.485
xdut.topn__t423                         1.5561
xdut.\$90__t248                          1.485
xdut.topn__t496                         1.5561
xdut.\$107__t46                          1.485
xdut.topn__t336                         1.5561
xdut.\$90__t171                          1.485
xdut.topn__t337                         1.5561
xdut.\$107__t47                          1.485
xdut.topn__t338                         1.5561
xdut.\$10__t97                           1.485
xdut.topp__t192                        1.41706
xdut.\$12__t47                           1.485
xdut.topp__t191                        1.41706
xdut.\$10__t96                           1.485
xdut.topp__t190                        1.41706
xdut.\$12__t46                           1.485
xdut.topp__t189                        1.41706
xdut.\$10__t95                           1.485
xdut.topp__t188                        1.41706
xdut.\$12__t45                           1.485
xdut.topp__t187                        1.41706
xdut.\$10__t94                           1.485
xdut.topp__t186                        1.41706
xdut.\$12__t44                           1.485
xdut.topp__t185                        1.41706
xdut.\$10__t93                           1.485
xdut.topp__t184                        1.41706
xdut.\$12__t43                           1.485
xdut.topp__t183                        1.41706
xdut.\$10__t48                           1.485
xdut.topp__t98                         1.41706
xdut.\$12__t57                           1.485
xdut.topp__t222                        1.41706
xdut.\$10__t111                          1.485
xdut.topp__t221                        1.41706
xdut.\$12__t56                           1.485
xdut.topp__t220                        1.41706
xdut.\$10__t114                          1.485
xdut.topp__t228                        1.41706
xdut.\$12__t60                           1.485
xdut.topp__t227                        1.41706
xdut.\$10__t113                          1.485
xdut.topp__t226                        1.41706
xdut.\$12__t59                           1.485
xdut.topp__t225                        1.41706
xdut.\$10__t85                           1.485
xdut.topp__t168                        1.41706
xdut.\$12__t42                           1.485
xdut.topp__t167                        1.41706
xdut.\$10__t115                          1.485
xdut.topp__t230                        1.41706
xdut.\$12__t79                           1.485
xdut.topp__t312                        1.41706
xdut.\$10__t143                          1.485
xdut.topp__t284                        1.41706
xdut.\$12__t70                           1.485
xdut.topp__t283                        1.41706
xdut.\$10__t142                          1.485
xdut.topp__t282                        1.41706
xdut.\$12__t69                           1.485
xdut.topp__t281                        1.41706
xdut.\$10__t141                          1.485
xdut.topp__t280                        1.41706
xdut.\$12__t68                           1.485
xdut.topp__t279                        1.41706
xdut.\$10__t140                          1.485
xdut.topp__t278                        1.41706
xdut.\$12__t67                           1.485
xdut.topp__t277                        1.41706
xdut.\$10__t116                          1.485
xdut.topp__t231                        1.41706
xdut.\$12__t19                           1.485
xdut.topp__t71                         1.41706
xdut.\$90__t10                           1.485
xdut.topn__t22                          1.5561
xdut.\$99__t7                            1.485
xdut.topn__t15                          1.5561
xdut.\$90__t6                            1.485
xdut.topn__t14                          1.5561
xdut.\$99__t6                            1.485
xdut.topn__t13                          1.5561
xdut.\$90__t1                            1.485
xdut.topn__t4                           1.5561
xdut.\$99__t1                            1.485
xdut.topn__t3                           1.5561
xdut.\$90__t0                            1.485
xdut.topn__t2                           1.5561
xdut.\$99__t0                            1.485
xdut.topn__t1                           1.5561
xdut.\$90__t122                          1.485
xdut.topn__t240                         1.5561
xdut.\$99__t71                           1.485
xdut.topn__t241                         1.5561
xdut.\$90__t123                          1.485
xdut.topn__t242                         1.5561
xdut.\$99__t72                           1.485
xdut.topn__t243                         1.5561
xdut.\$90__t124                          1.485
xdut.topn__t244                         1.5561
xdut.\$99__t73                           1.485
xdut.topn__t245                         1.5561
xdut.\$90__t125                          1.485
xdut.topn__t246                         1.5561
xdut.\$99__t74                           1.485
xdut.topn__t247                         1.5561
xdut.\$90__t126                          1.485
xdut.topn__t248                         1.5561
xdut.\$99__t75                           1.485
xdut.topn__t249                         1.5561
xdut.\$90__t106                          1.485
xdut.topn__t211                         1.5561
xdut.\$99__t97                           1.485
xdut.topn__t419                         1.5561
xdut.\$90__t211                          1.485
xdut.topn__t420                         1.5561
xdut.\$99__t98                           1.485
xdut.topn__t421                         1.5561
xdut.\$90__t212                          1.485
xdut.topn__t422                         1.5561
xdut.\$99__t103                          1.485
xdut.topn__t433                         1.5561
xdut.\$90__t218                          1.485
xdut.topn__t434                         1.5561
xdut.\$99__t104                          1.485
xdut.topn__t435                         1.5561
xdut.\$90__t219                          1.485
xdut.topn__t436                         1.5561
xdut.\$99__t96                           1.485
xdut.topn__t410                         1.5561
xdut.\$90__t207                          1.485
xdut.topn__t411                         1.5561
xdut.\$99__t85                           1.485
xdut.topn__t339                         1.5561
xdut.\$90__t172                          1.485
xdut.topn__t340                         1.5561
xdut.\$99__t86                           1.485
xdut.topn__t341                         1.5561
xdut.\$10__t19                           1.485
xdut.topp__t37                         1.41706
xdut.\$12__t7                            1.485
xdut.topp__t36                         1.41706
xdut.\$10__t18                           1.485
xdut.topp__t35                         1.41706
xdut.\$12__t6                            1.485
xdut.topp__t34                         1.41706
xdut.\$10__t17                           1.485
xdut.topp__t33                         1.41706
xdut.\$12__t5                            1.485
xdut.topp__t32                         1.41706
xdut.\$10__t58                           1.485
xdut.topp__t119                        1.41706
xdut.\$12__t49                           1.485
xdut.topp__t197                        1.41706
xdut.\$10__t99                           1.485
xdut.topp__t196                        1.41706
xdut.\$12__t48                           1.485
xdut.topp__t195                        1.41706
xdut.\$10__t49                           1.485
xdut.topp__t100                        1.41706
xdut.\$12__t58                           1.485
xdut.topp__t224                        1.41706
xdut.\$10__t112                          1.485
xdut.topp__t223                        1.41706
xdut.\$12__t55                           1.485
xdut.topp__t219                        1.41706
xdut.\$10__t110                          1.485
xdut.topp__t218                        1.41706
xdut.\$12__t54                           1.485
xdut.topp__t217                        1.41706
xdut.\$10__t109                          1.485
xdut.topp__t216                        1.41706
xdut.\$12__t53                           1.485
xdut.topp__t212                        1.41706
xdut.\$10__t106                          1.485
xdut.topp__t211                        1.41706
xdut.\$12__t52                           1.485
xdut.topp__t210                        1.41706
xdut.\$10__t89                           1.485
xdut.topp__t175                        1.41706
xdut.\$12__t78                           1.485
xdut.topp__t310                        1.41706
xdut.\$10__t35                           1.485
xdut.topp__t68                         1.41706
xdut.\$12__t18                           1.485
xdut.topp__t67                         1.41706
xdut.\$10__t34                           1.485
xdut.topp__t66                         1.41706
xdut.\$12__t17                           1.485
xdut.topp__t65                         1.41706
xdut.\$10__t147                          1.485
xdut.topp__t294                        1.41706
xdut.\$12__t73                           1.485
xdut.topp__t293                        1.41706
xdut.\$10__t155                          1.485
xdut.topp__t308                        1.41706
xdut.\$12__t72                           1.485
xdut.topp__t291                        1.41706
xdut.\$10__t146                          1.485
xdut.topp__t290                        1.41706
xdut.\$12__t71                           1.485
xdut.topp__t289                        1.41706
xdut.\$90__t5                            1.485
xdut.topn__t12                          1.5561
xdut.\$99__t5                            1.485
xdut.topn__t11                          1.5561
xdut.\$90__t4                            1.485
xdut.topn__t10                          1.5561
xdut.\$99__t4                            1.485
xdut.topn__t9                           1.5561
xdut.\$90__t3                            1.485
xdut.topn__t8                           1.5561
xdut.\$99__t3                            1.485
xdut.topn__t7                           1.5561
xdut.\$90__t2                            1.485
xdut.topn__t6                           1.5561
xdut.\$99__t2                            1.485
xdut.topn__t5                           1.5561
xdut.\$90__t130                          1.485
xdut.topn__t254                         1.5561
xdut.\$99__t107                          1.485
xdut.topn__t448                         1.5561
xdut.\$90__t225                          1.485
xdut.topn__t449                         1.5561
xdut.\$99__t108                          1.485
xdut.topn__t450                         1.5561
xdut.\$90__t226                          1.485
xdut.topn__t451                         1.5561
xdut.\$99__t109                          1.485
xdut.topn__t452                         1.5561
xdut.\$90__t227                          1.485
xdut.topn__t454                         1.5561
xdut.\$99__t106                          1.485
xdut.topn__t447                         1.5561
xdut.\$90__t206                          1.485
xdut.topn__t408                         1.5561
xdut.\$99__t95                           1.485
xdut.topn__t409                         1.5561
xdut.\$90__t107                          1.485
xdut.topn__t212                         1.5561
xdut.\$99__t105                          1.485
xdut.topn__t438                         1.5561
xdut.\$90__t213                          1.485
xdut.topn__t424                         1.5561
xdut.\$99__t99                           1.485
xdut.topn__t425                         1.5561
xdut.\$90__t214                          1.485
xdut.topn__t426                         1.5561
xdut.\$99__t100                          1.485
xdut.topn__t427                         1.5561
xdut.\$90__t215                          1.485
xdut.topn__t428                         1.5561
xdut.\$99__t101                          1.485
xdut.topn__t429                         1.5561
xdut.\$90__t216                          1.485
xdut.topn__t430                         1.5561
xdut.\$99__t102                          1.485
xdut.topn__t431                         1.5561
xdut.\$90__t217                          1.485
xdut.topn__t432                         1.5561
xdut.\$99__t87                           1.485
xdut.topn__t342                         1.5561
xdut.\$90__t173                          1.485
xdut.topn__t343                         1.5561
xdut.\$99__t88                           1.485
xdut.topn__t344                         1.5561
xdut.\$12__t13                           1.485
xdut.topp__t53                         1.41706
xdut.\$10__t28                           1.485
xdut.topp__t52                         1.41706
xdut.\$12__t12                           1.485
xdut.topp__t51                         1.41706
xdut.\$10__t27                           1.485
xdut.topp__t50                         1.41706
xdut.\$12__t11                           1.485
xdut.topp__t49                         1.41706
xdut.\$10__t26                           1.485
xdut.topp__t48                         1.41706
xdut.\$12__t16                           1.485
xdut.topp__t63                         1.41706
xdut.\$10__t24                           1.485
xdut.topp__t46                         1.41706
xdut.\$12__t10                           1.485
xdut.topp__t45                         1.41706
xdut.\$10__t23                           1.485
xdut.topp__t44                         1.41706
xdut.\$12__t27                           1.485
xdut.topp__t96                         1.41706
xdut.\$10__t10                           1.485
xdut.topp__t18                         1.41706
xdut.\$12__t2                            1.485
xdut.topp__t17                         1.41706
xdut.\$10__t9                            1.485
xdut.topp__t16                         1.41706
xdut.\$12__t4                            1.485
xdut.topp__t31                         1.41706
xdut.\$10__t11                           1.485
xdut.topp__t19                         1.41706
xdut.\$12__t26                           1.485
xdut.topp__t95                         1.41706
xdut.\$10__t43                           1.485
xdut.topp__t85                         1.41706
xdut.\$12__t20                           1.485
xdut.topp__t84                         1.41706
xdut.\$10__t33                           1.485
xdut.topp__t64                         1.41706
xdut.\$12__t3                            1.485
xdut.topp__t30                         1.41706
xdut.\$10__t156                          1.485
xdut.topp__t309                        1.41706
xdut.\$12__t74                           1.485
xdut.topp__t298                        1.41706
xdut.\$10__t149                          1.485
xdut.topp__t297                        1.41706
xdut.\$12__t66                           1.485
xdut.topp__t275                        1.41706
xdut.\$10__t139                          1.485
xdut.topp__t274                        1.41706
xdut.\$12__t65                           1.485
xdut.topp__t273                        1.41706
xdut.\$10__t138                          1.485
xdut.topp__t272                        1.41706
xdut.\$12__t64                           1.485
xdut.topp__t261                        1.41706
xdut.\$10__t132                          1.485
xdut.topp__t260                        1.41706
xdut.\$12__t75                           1.485
xdut.topp__t300                        1.41706
xdut.\$10__t150                          1.485
xdut.topp__t299                        1.41706
xdut.\$99__t51                           1.485
xdut.topn__t163                         1.5561
xdut.\$90__t83                           1.485
xdut.topn__t164                         1.5561
xdut.\$99__t52                           1.485
xdut.topn__t165                         1.5561
xdut.\$90__t88                           1.485
xdut.topn__t175                         1.5561
xdut.\$99__t54                           1.485
xdut.topn__t167                         1.5561
xdut.\$90__t84                           1.485
xdut.topn__t168                         1.5561
xdut.\$99__t55                           1.485
xdut.topn__t169                         1.5561
xdut.\$90__t85                           1.485
xdut.topn__t170                         1.5561
xdut.\$99__t83                           1.485
xdut.topn__t280                         1.5561
xdut.\$90__t142                          1.485
xdut.topn__t281                         1.5561
xdut.\$99__t79                           1.485
xdut.topn__t262                         1.5561
xdut.\$90__t134                          1.485
xdut.topn__t263                         1.5561
xdut.\$99__t80                           1.485
xdut.topn__t274                         1.5561
xdut.\$90__t139                          1.485
xdut.topn__t275                         1.5561
xdut.\$99__t81                           1.485
xdut.topn__t276                         1.5561
xdut.\$90__t140                          1.485
xdut.topn__t277                         1.5561
xdut.\$99__t82                           1.485
xdut.topn__t278                         1.5561
xdut.\$90__t141                          1.485
xdut.topn__t279                         1.5561
xdut.\$99__t60                           1.485
xdut.topn__t213                         1.5561
xdut.\$90__t113                          1.485
xdut.topn__t224                         1.5561
xdut.\$99__t64                           1.485
xdut.topn__t225                         1.5561
xdut.\$90__t119                          1.485
xdut.topn__t236                         1.5561
xdut.\$99__t58                           1.485
xdut.topn__t185                         1.5561
xdut.\$90__t109                          1.485
xdut.topn__t218                         1.5561
xdut.\$99__t62                           1.485
xdut.topn__t219                         1.5561
xdut.\$90__t110                          1.485
xdut.topn__t220                         1.5561
xdut.\$99__t70                           1.485
xdut.topn__t237                         1.5561
xdut.\$90__t112                          1.485
xdut.topn__t222                         1.5561
xdut.\$99__t63                           1.485
xdut.topn__t223                         1.5561
xdut.\$90__t174                          1.485
xdut.topn__t345                         1.5561
xdut.\$99__t89                           1.485
xdut.topn__t346                         1.5561
xdut.\$90__t175                          1.485
xdut.topn__t347                         1.5561
xdut.\$12__t1                            1.485
xdut.topp__t15                         1.41706
xdut.\$10__t8                            1.485
xdut.topp__t14                         1.41706
xdut.\$12__t15                           1.485
xdut.topp__t56                         1.41706
xdut.\$10__t29                           1.485
xdut.topp__t55                         1.41706
xdut.\$12__t14                           1.485
xdut.topp__t54                         1.41706
xdut.\$10__t22                           1.485
xdut.topp__t43                         1.41706
xdut.\$12__t9                            1.485
xdut.topp__t42                         1.41706
xdut.\$10__t21                           1.485
xdut.topp__t41                         1.41706
xdut.\$12__t8                            1.485
xdut.topp__t40                         1.41706
xdut.\$10__t20                           1.485
xdut.topp__t39                         1.41706
xdut.\$12__t28                           1.485
xdut.topp__t101                        1.41706
xdut.\$10__t47                           1.485
xdut.topp__t94                         1.41706
xdut.\$12__t25                           1.485
xdut.topp__t93                         1.41706
xdut.\$10__t46                           1.485
xdut.topp__t92                         1.41706
xdut.\$12__t24                           1.485
xdut.topp__t91                         1.41706
xdut.\$10__t45                           1.485
xdut.topp__t90                         1.41706
xdut.\$12__t23                           1.485
xdut.topp__t89                         1.41706
xdut.\$10__t51                           1.485
xdut.topp__t103                        1.41706
xdut.\$12__t22                           1.485
xdut.topp__t88                         1.41706
xdut.\$10__t44                           1.485
xdut.topp__t87                         1.41706
xdut.\$12__t21                           1.485
xdut.topp__t86                         1.41706
xdut.\$10__t167                          1.485
xdut.topp__t333                        1.41706
xdut.\$12__t63                           1.485
xdut.topp__t259                        1.41706
xdut.\$10__t131                          1.485
xdut.topp__t258                        1.41706
xdut.\$12__t62                           1.485
xdut.topp__t257                        1.41706
xdut.\$10__t130                          1.485
xdut.topp__t256                        1.41706
xdut.\$12__t61                           1.485
xdut.topp__t255                        1.41706
xdut.\$10__t129                          1.485
xdut.topp__t254                        1.41706
xdut.\$12__t77                           1.485
xdut.topp__t304                        1.41706
xdut.\$10__t152                          1.485
xdut.topp__t303                        1.41706
xdut.\$12__t76                           1.485
xdut.topp__t302                        1.41706
xdut.\$10__t151                          1.485
xdut.topp__t301                        1.41706
xdut.\$99__t56                           1.485
xdut.topn__t171                         1.5561
xdut.\$90__t86                           1.485
xdut.topn__t172                         1.5561
xdut.\$99__t57                           1.485
xdut.topn__t173                         1.5561
xdut.\$90__t87                           1.485
xdut.topn__t174                         1.5561
xdut.\$99__t53                           1.485
xdut.topn__t166                         1.5561
xdut.\$90__t82                           1.485
xdut.topn__t162                         1.5561
xdut.\$99__t50                           1.485
xdut.topn__t161                         1.5561
xdut.\$90__t81                           1.485
xdut.topn__t160                         1.5561
xdut.\$99__t84                           1.485
xdut.topn__t282                         1.5561
xdut.\$90__t101                          1.485
xdut.topn__t203                         1.5561
xdut.\$99__t59                           1.485
xdut.topn__t204                         1.5561
xdut.\$90__t129                          1.485
xdut.topn__t253                         1.5561
xdut.\$99__t76                           1.485
xdut.topn__t256                         1.5561
xdut.\$90__t131                          1.485
xdut.topn__t257                         1.5561
xdut.\$99__t77                           1.485
xdut.topn__t258                         1.5561
xdut.\$90__t132                          1.485
xdut.topn__t259                         1.5561
xdut.\$99__t78                           1.485
xdut.topn__t260                         1.5561
xdut.\$90__t133                          1.485
xdut.topn__t261                         1.5561
xdut.\$99__t61                           1.485
xdut.topn__t215                         1.5561
xdut.\$90__t114                          1.485
xdut.topn__t226                         1.5561
xdut.\$99__t65                           1.485
xdut.topn__t227                         1.5561
xdut.\$90__t115                          1.485
xdut.topn__t228                         1.5561
xdut.\$99__t66                           1.485
xdut.topn__t229                         1.5561
xdut.\$90__t116                          1.485
xdut.topn__t230                         1.5561
xdut.\$99__t67                           1.485
xdut.topn__t231                         1.5561
xdut.\$90__t117                          1.485
xdut.topn__t232                         1.5561
xdut.\$99__t68                           1.485
xdut.topn__t233                         1.5561
xdut.\$90__t118                          1.485
xdut.topn__t234                         1.5561
xdut.\$99__t69                           1.485
xdut.topn__t235                         1.5561
xdut.\$90__t176                          1.485
xdut.topn__t348                         1.5561
xdut.\$99__t90                           1.485
xdut.topn__t349                         1.5561
xdut.\$90__t177                          1.485
xdut.topn__t350                         1.5561
xdut.\$14__t1                            1.485
xdut.topp__t13                         1.41706
xdut.\$10__t7                            1.485
xdut.topp__t12                         1.41706
xdut.\$14__t0                            1.485
xdut.topp__t1                          1.41706
xdut.\$10__t25                           1.485
xdut.topp__t47                         1.41706
xdut.\$14__t5                            1.485
xdut.topp__t62                         1.41706
xdut.\$10__t32                           1.485
xdut.topp__t61                         1.41706
xdut.\$14__t4                            1.485
xdut.topp__t60                         1.41706
xdut.\$10__t31                           1.485
xdut.topp__t59                         1.41706
xdut.\$14__t3                            1.485
xdut.topp__t58                         1.41706
xdut.\$10__t30                           1.485
xdut.topp__t57                         1.41706
xdut.\$14__t13                           1.485
xdut.topp__t99                         1.41706
xdut.\$10__t42                           1.485
xdut.topp__t83                         1.41706
xdut.\$14__t12                           1.485
xdut.topp__t82                         1.41706
xdut.\$10__t41                           1.485
xdut.topp__t81                         1.41706
xdut.\$14__t11                           1.485
xdut.topp__t80                         1.41706
xdut.\$10__t40                           1.485
xdut.topp__t79                         1.41706
xdut.\$14__t10                           1.485
xdut.topp__t78                         1.41706
xdut.\$10__t39                           1.485
xdut.topp__t77                         1.41706
xdut.\$14__t9                            1.485
xdut.topp__t76                         1.41706
xdut.\$10__t38                           1.485
xdut.topp__t75                         1.41706
xdut.\$14__t8                            1.485
xdut.topp__t74                         1.41706
xdut.\$10__t169                          1.485
xdut.topp__t335                        1.41706
xdut.\$14__t37                           1.485
xdut.topp__t271                        1.41706
xdut.\$10__t137                          1.485
xdut.topp__t270                        1.41706
xdut.\$14__t36                           1.485
xdut.topp__t269                        1.41706
xdut.\$10__t136                          1.485
xdut.topp__t268                        1.41706
xdut.\$14__t35                           1.485
xdut.topp__t267                        1.41706
xdut.\$10__t135                          1.485
xdut.topp__t266                        1.41706
xdut.\$14__t34                           1.485
xdut.topp__t265                        1.41706
xdut.\$10__t134                          1.485
xdut.topp__t264                        1.41706
xdut.\$14__t38                           1.485
xdut.topp__t276                        1.41706
xdut.\$10__t133                          1.485
xdut.topp__t262                        1.41706
xdut.\$107__t13                          1.485
xdut.topn__t159                         1.5561
xdut.\$90__t80                           1.485
xdut.topn__t158                         1.5561
xdut.\$107__t12                          1.485
xdut.topn__t157                         1.5561
xdut.\$90__t79                           1.485
xdut.topn__t156                         1.5561
xdut.\$107__t11                          1.485
xdut.topn__t155                         1.5561
xdut.\$90__t78                           1.485
xdut.topn__t154                         1.5561
xdut.\$107__t10                          1.485
xdut.topn__t153                         1.5561
xdut.\$90__t77                           1.485
xdut.topn__t152                         1.5561
xdut.\$107__t28                          1.485
xdut.topn__t283                         1.5561
xdut.\$90__t143                          1.485
xdut.topn__t284                         1.5561
xdut.\$107__t19                          1.485
xdut.topn__t195                         1.5561
xdut.\$90__t97                           1.485
xdut.topn__t196                         1.5561
xdut.\$107__t20                          1.485
xdut.topn__t197                         1.5561
xdut.\$90__t98                           1.485
xdut.topn__t198                         1.5561
xdut.\$107__t21                          1.485
xdut.topn__t199                         1.5561
xdut.\$90__t99                           1.485
xdut.topn__t200                         1.5561
xdut.\$107__t22                          1.485
xdut.topn__t201                         1.5561
xdut.\$90__t100                          1.485
xdut.topn__t202                         1.5561
xdut.\$107__t24                          1.485
xdut.topn__t216                         1.5561
xdut.\$90__t111                          1.485
xdut.topn__t221                         1.5561
xdut.\$107__t14                          1.485
xdut.topn__t176                         1.5561
xdut.\$90__t89                           1.485
xdut.topn__t177                         1.5561
xdut.\$107__t15                          1.485
xdut.topn__t178                         1.5561
xdut.\$90__t90                           1.485
xdut.topn__t179                         1.5561
xdut.\$107__t16                          1.485
xdut.topn__t180                         1.5561
xdut.\$90__t91                           1.485
xdut.topn__t181                         1.5561
xdut.\$107__t17                          1.485
xdut.topn__t182                         1.5561
xdut.\$90__t92                           1.485
xdut.topn__t183                         1.5561
xdut.\$107__t18                          1.485
xdut.topn__t184                         1.5561
xdut.\$90__t154                          1.485
xdut.topn__t303                         1.5561
xdut.\$107__t23                          1.485
xdut.topn__t206                         1.5561
xdut.\$90__t103                          1.485
xdut.topn__t207                         1.5561
xdut.\$16__t4                            1.485
xdut.topp__t11                         1.41706
xdut.\$10__t6                            1.485
xdut.topp__t10                         1.41706
xdut.\$16__t3                            1.485
xdut.topp__t9                          1.41706
xdut.\$10__t5                            1.485
xdut.topp__t8                          1.41706
xdut.\$16__t2                            1.485
xdut.topp__t7                          1.41706
xdut.\$10__t4                            1.485
xdut.topp__t6                          1.41706
xdut.\$16__t1                            1.485
xdut.topp__t5                          1.41706
xdut.\$10__t3                            1.485
xdut.topp__t4                          1.41706
xdut.\$16__t0                            1.485
xdut.topp__t3                          1.41706
xdut.\$10__t2                            1.485
xdut.topp__t2                          1.41706
xdut.\$16__t7                            1.485
xdut.topp__t97                         1.41706
xdut.\$10__t16                           1.485
xdut.topp__t29                         1.41706
xdut.\$16__t6                            1.485
xdut.topp__t28                         1.41706
xdut.\$10__t15                           1.485
xdut.topp__t27                         1.41706
xdut.\$16__t5                            1.485
xdut.topp__t26                         1.41706
xdut.\$10__t14                           1.485
xdut.topp__t25                         1.41706
xdut.\$18__t2                            1.485
xdut.topp__t24                         1.41706
xdut.\$10__t13                           1.485
xdut.topp__t23                         1.41706
xdut.\$18__t1                            1.485
xdut.topp__t22                         1.41706
xdut.\$10__t12                           1.485
xdut.topp__t21                         1.41706
xdut.\$18__t0                            1.485
xdut.topp__t20                         1.41706
xdut.\$10__t170                          1.485
xdut.topp__t336                        1.41706
xdut.\$18__t9                            1.485
xdut.topp__t253                        1.41706
xdut.\$10__t128                          1.485
xdut.topp__t252                        1.41706
xdut.\$20__t3                            1.485
xdut.topp__t251                        1.41706
xdut.\$10__t127                          1.485
xdut.topp__t250                        1.41706
xdut.\$20__t2                            1.485
xdut.topp__t249                        1.41706
xdut.\$10__t126                          1.485
xdut.topp__t248                        1.41706
xdut.\$22__t1                            1.485
xdut.topp__t292                        1.41706
xdut.\$10__t154                          1.485
xdut.topp__t307                        1.41706
xdut.\$24__t0                            1.485
xdut.topp__t306                        1.41706
xdut.\$10__t153                          1.485
xdut.topp__t305                        1.41706
xdut.\$115__t7                           1.485
xdut.topn__t151                         1.5561
xdut.\$90__t76                           1.485
xdut.topn__t150                         1.5561
xdut.\$115__t6                           1.485
xdut.topn__t149                         1.5561
xdut.\$90__t75                           1.485
xdut.topn__t148                         1.5561
xdut.\$115__t5                           1.485
xdut.topn__t147                         1.5561
xdut.\$90__t70                           1.485
xdut.topn__t138                         1.5561
xdut.\$115__t4                           1.485
xdut.topn__t137                         1.5561
xdut.\$90__t69                           1.485
xdut.topn__t136                         1.5561
xdut.\$115__t8                           1.485
xdut.topn__t264                         1.5561
xdut.\$90__t135                          1.485
xdut.topn__t265                         1.5561
xdut.\$115__t9                           1.485
xdut.topn__t266                         1.5561
xdut.\$90__t136                          1.485
xdut.topn__t267                         1.5561
xdut.\$115__t10                          1.485
xdut.topn__t268                         1.5561
xdut.\$90__t137                          1.485
xdut.topn__t269                         1.5561
xdut.\$115__t11                          1.485
xdut.topn__t270                         1.5561
xdut.\$90__t145                          1.485
xdut.topn__t287                         1.5561
xdut.\$123__t4                           1.485
xdut.topn__t272                         1.5561
xdut.\$90__t138                          1.485
xdut.topn__t273                         1.5561
xdut.\$123__t3                           1.485
xdut.topn__t217                         1.5561
xdut.\$90__t93                           1.485
xdut.topn__t186                         1.5561
xdut.\$123__t1                           1.485
xdut.topn__t187                         1.5561
xdut.\$90__t94                           1.485
xdut.topn__t188                         1.5561
xdut.\$123__t2                           1.485
xdut.topn__t189                         1.5561
xdut.\$90__t102                          1.485
xdut.topn__t205                         1.5561
xdut.\$131__t2                           1.485
xdut.topn__t190                         1.5561
xdut.\$90__t95                           1.485
xdut.topn__t191                         1.5561
xdut.\$131__t3                           1.485
xdut.topn__t192                         1.5561
xdut.\$90__t96                           1.485
xdut.topn__t193                         1.5561
xdut.\$139__t2                           1.485
xdut.topn__t194                         1.5561
xdut.\$90__t104                          1.485
xdut.topn__t208                         1.5561
xdut.\$147__t0                           1.485
xdut.topn__t209                         1.5561
xdut.\$90__t105                          1.485
xdut.topn__t210                         1.5561
xdut.\$10                                1.485
xdut.\$100                                2.97
xdut.\$102                          2.0916e-09
xdut.\$104                                2.97
xdut.\$106                                2.97
xdut.\$107                               1.485
xdut.\$108                                2.97
xdut.\$11                                 2.97
xdut.\$110                         2.00926e-09
xdut.\$112                                2.97
xdut.\$114                                2.97
xdut.\$115                               1.485
xdut.\$116                                2.97
xdut.\$118                         1.93315e-09
xdut.\$12                                1.485
xdut.\$120                                2.97
xdut.\$122                                2.97
xdut.\$123                               1.485
xdut.\$124                                2.97
xdut.\$126                         1.96417e-09
xdut.\$128                                2.97
xdut.\$13                                 2.97
xdut.\$130                                2.97
xdut.\$131                               1.485
xdut.\$132                                2.97
xdut.\$134                         2.04504e-09
xdut.\$136                                2.97
xdut.\$138                                2.97
xdut.\$139                               1.485
xdut.\$14                                1.485
xdut.\$140                                2.97
xdut.\$142                          2.1278e-09
xdut.\$144                                2.97
xdut.\$146                                2.97
xdut.\$147                               1.485
xdut.\$148                                2.97
xdut.\$15                                 2.97
xdut.\$150                         2.21095e-09
xdut.\$152                                2.97
xdut.\$154                                2.97
xdut.\$155                               1.485
xdut.\$16                                1.485
xdut.\$166                                2.97
xdut.\$167                                2.97
xdut.\$17                                 2.97
xdut.\$18                                1.485
xdut.\$19                                 2.97
xdut.\$20                                1.485
xdut.\$21                                 2.97
xdut.\$22                                1.485
xdut.\$23                                 2.97
xdut.\$24                                1.485
xdut.\$25                                 2.97
xdut.\$26                                1.485
xdut.\$27                          2.25862e-09
xdut.\$29                                 2.97
xdut.\$31                           2.1756e-09
xdut.\$33                                 2.97
xdut.\$35                          2.09298e-09
xdut.\$37                                 2.97
xdut.\$39                          2.01166e-09
xdut.\$41                                 2.97
xdut.\$43                          1.94032e-09
xdut.\$45                                 2.97
xdut.\$47                          1.96817e-09
xdut.\$49                                 2.97
xdut.\$51                          2.04686e-09
xdut.\$53                                 2.97
xdut.\$55                          2.12897e-09
xdut.\$57                                 2.97
xdut.\$59                          2.21181e-09
xdut.\$61                                 2.97
xdut.\$65                                 2.97
xdut.\$67                                 2.97
xdut.\$69                                 2.97
xdut.\$71                                 2.97
xdut.\$73                                 2.97
xdut.\$75                                 2.97
xdut.\$77                                 2.97
xdut.\$79                                 2.97
xdut.\$81                                 2.97
xdut.\$83                                 2.97
xdut.\$85                          2.25788e-09
xdut.\$87                                 2.97
xdut.\$89                                 2.97
xdut.\$9                                  2.97
xdut.\$90                                1.485
xdut.\$92                                 2.97
xdut.\$94                          2.17463e-09
xdut.\$96                                 2.97
xdut.\$98                                 2.97
xdut.\$99                                1.485
se_topn                                 1.5561
se_topp                                1.41706
se_ibias                              0.753672
xsecmp.xpre.ptail                     0.660145
xsecmp.pon                             2.90434
xsecmp.preamp_in1                      1.41706
xsecmp.pop                             1.49488
xsecmp.preamp_in2                       1.5561
xsecmp.xpre.xrlp.11                    2.96917
xsecmp.xpre.xrlp.21                    1.49571
xsecmp.xpre.xrln.11                    2.96996
xsecmp.xpre.xrln.21                    2.90438
xsecmp.xlat.ltail                      2.16229
xsecmp.xlat.dip                           2.97
xsecmp.xlat.din                           2.97
xsecmp.outn                               2.97
xsecmp.outp                               2.97
xsecmp.sset                        5.89548e-09
xsecmp.srst                        5.89548e-09
xsecmp.xno1.ps                         2.80172
se_cmpb                                1.24105
xsecmp.xno2.ps                         2.80172
se_code                                      0
se_dacp                            1.11022e-16
se_dacn                            1.11022e-16
se_di                                  1.48137
se_err                                 558.689
se_aerrh                                     0
bseea#branch                                 0
bsee#branch                                  0
bsedi#branch                                 0
bsedacn#branch                               0
bsedacp#branch                               0
bsecode#branch                               0
lref#branch                        5.47281e-11
v.xsecmp.vpn#branch                5.53808e-30
v.xsecmp.vpp#branch                3.20458e-28
vsemode#branch                               0
vsestart#branch                              0
vsevinn#branch                    -5.64951e-17
vsevinp#branch                     4.47037e-11
vcms#branch                       -4.89608e-11
vrefs#branch                      -5.47281e-11
vddc#branch                        -0.00045731
vddd#branch                       -4.78646e-10
vddt#branch                                  0
vcmpclkb#branch                              0
vcmpclk#branch                               0
vclk#branch                                  0
a.xsectrl.a_gn#branch_1_0          2.01556e-17
a.xsectrl.a_gn#branch_1_1                    0
a.xsectrl.a_gn#branch_1_2                    0
a.xsectrl.a_gn#branch_1_3          2.01556e-17
a.xsectrl.a_gn#branch_1_4                    0
a.xsectrl.a_gn#branch_1_5                    0
a.xsectrl.a_gn#branch_1_6          2.01556e-17
a.xsectrl.a_gn#branch_1_7                    0
a.xsectrl.a_gn#branch_1_8                    0
a.xsectrl.a_gn#branch_1_9          2.01556e-17
a.xsectrl.a_gn#branch_1_10                   0
a.xsectrl.a_gn#branch_1_11                   0
a.xsectrl.a_gn#branch_1_12         2.01556e-17
a.xsectrl.a_gn#branch_1_13                   0
a.xsectrl.a_gn#branch_1_14                   0
a.xsectrl.a_gn#branch_1_15         2.01556e-17
a.xsectrl.a_gn#branch_1_16                   0
a.xsectrl.a_gn#branch_1_17                   0
a.xsectrl.a_gn#branch_1_18         2.01556e-17
a.xsectrl.a_gn#branch_1_19                   0
a.xsectrl.a_gn#branch_1_20                   0
a.xsectrl.a_gn#branch_1_21         2.01556e-17
a.xsectrl.a_gn#branch_1_22                   0
a.xsectrl.a_gn#branch_1_23                   0
a.xsectrl.a_gn#branch_1_24         2.01556e-17
a.xsectrl.a_gn#branch_1_25                   0
a.xsectrl.a_gn#branch_1_26                   0
a.xsectrl.a_gn#branch_1_27         2.01556e-17
a.xsectrl.a_gn#branch_1_28                   0
a.xsectrl.a_gn#branch_1_29                   0
a.xsectrl.a_gn#branch_1_30         2.01556e-17
a.xsectrl.a_gn#branch_1_31                   0
a.xsectrl.a_gn#branch_1_32                   0
a.xsectrl.a_gn#branch_1_33         2.01556e-17
a.xsectrl.a_gn#branch_1_34                   0
a.xsectrl.a_gn#branch_1_35                   0
a.xsectrl.a_gn#branch_1_36         2.01556e-17
a.xsectrl.a_gn#branch_1_37                   0
a.xsectrl.a_gn#branch_1_38                   0
a.xsectrl.a_gn#branch_1_39         2.01556e-17
a.xsectrl.a_gn#branch_1_40                   0
a.xsectrl.a_gn#branch_1_41                   0
a.xsectrl.a_gn#branch_1_42         2.01556e-17
a.xsectrl.a_gn#branch_1_43                   0
a.xsectrl.a_gn#branch_1_44                   0
a.xsectrl.a_gn#branch_1_45         2.01556e-17
a.xsectrl.a_gn#branch_1_46                   0
a.xsectrl.a_gn#branch_1_47                   0
a.xsectrl.a_gn#branch_1_48         2.01556e-17
a.xsectrl.a_gn#branch_1_49                   0
a.xsectrl.a_gn#branch_1_50                   0
a.xsectrl.a_gn#branch_1_51         2.01556e-17
a.xsectrl.a_gn#branch_1_52                   0
a.xsectrl.a_gn#branch_1_53                   0
a.xsectrl.a_dout#branch_1_0                  0
a.xsectrl.a_dout#branch_1_1                  0
a.xsectrl.a_dout#branch_1_2                  0
a.xsectrl.a_dout#branch_1_3                  0
a.xsectrl.a_dout#branch_1_4                  0
a.xsectrl.a_dout#branch_1_5                  0
a.xsectrl.a_dout#branch_1_6                  0
a.xsectrl.a_dout#branch_1_7                  0
a.xsectrl.a_dout#branch_1_8                  0
a.xsectrl.a_dout#branch_1_9                  0
a.xsectrl.a_dout#branch_1_10                 0
a.xsectrl.a_dout#branch_1_11                 0
a.xsectrl.a_dout#branch_1_12                 0

 Reference value :  0.00000e+00
 Reference value :  2.90513e-09
 Reference value :  3.13552e-08
 Reference value :  6.26076e-08
 Reference value :  9.38525e-08
 Reference value :  1.25194e-07
 Reference value :  1.56371e-07
 Reference value :  1.87625e-07
 Reference value :  1.90260e-07
 Reference value :  2.19287e-07
 Reference value :  2.50565e-07
 Reference value :  2.56280e-07
 Reference value :  2.81777e-07
 Reference value :  3.14765e-07
 Reference value :  3.43832e-07
 Reference value :  3.75204e-07
 Reference value :  3.79745e-07
 Reference value :  4.10557e-07
 Reference value :  4.40018e-07
 Reference value :  4.68861e-07
 Reference value :  5.00517e-07
 Reference value :  5.31258e-07
 Reference value :  5.62616e-07
 Reference value :  5.65167e-07
 Reference value :  5.93952e-07
 Reference value :  6.25743e-07
 Reference value :  6.56309e-07
 Reference value :  6.87616e-07
 Reference value :  6.90135e-07
 Reference value :  7.19283e-07
 Reference value :  7.51902e-07
 Reference value :  7.81328e-07
 Reference value :  8.04860e-07
 Reference value :  8.14956e-07
 Reference value :  8.43937e-07
 Reference value :  8.75125e-07
 Reference value :  8.77538e-07
 Reference value :  9.06392e-07
 Reference value :  9.37877e-07
 Reference value :  9.68952e-07
 Reference value :  1.00044e-06
 Reference value :  1.00289e-06
 Reference value :  1.03139e-06
 Reference value :  1.06262e-06
 Reference value :  1.09385e-06
 Reference value :  1.12511e-06
 Reference value :  1.15634e-06
 Reference value :  1.18751e-06
 Reference value :  1.19007e-06
 Reference value :  1.21921e-06
 Reference value :  1.25045e-06
 Reference value :  1.25363e-06
 Reference value :  1.28171e-06
 Reference value :  1.31300e-06
 Reference value :  1.33635e-06
 Reference value :  1.36252e-06
 Reference value :  1.37748e-06
 Reference value :  1.40634e-06
 Reference value :  1.43768e-06
 Reference value :  1.44082e-06
 Reference value :  1.46912e-06
 Reference value :  1.50166e-06
 Reference value :  1.53128e-06
 Reference value :  1.56260e-06
 Reference value :  1.56506e-06
 Reference value :  1.59392e-06
 Reference value :  1.62540e-06
 Reference value :  1.65001e-06
 Reference value :  1.68753e-06
 Reference value :  1.69009e-06
 Reference value :  1.71904e-06
 Reference value :  1.75048e-06
 Reference value :  1.78127e-06
 Reference value :  1.78295e-06
 Reference value :  1.81484e-06
 Reference value :  1.84384e-06
 Reference value :  1.87319e-06
 Reference value :  1.87742e-06
 Reference value :  1.90633e-06
 Reference value :  1.93770e-06
 Reference value :  1.96886e-06
 Reference value :  2.00027e-06
 Reference value :  2.00279e-06
 Reference value :  2.03136e-06
 Reference value :  2.06260e-06
 Reference value :  2.09385e-06
 Reference value :  2.12515e-06
 Reference value :  2.15638e-06
 Reference value :  2.18765e-06
 Reference value :  2.19038e-06
 Reference value :  2.21933e-06
 Reference value :  2.25070e-06
 Reference value :  2.26344e-06
 Reference value :  2.28179e-06
 Reference value :  2.31316e-06
 Reference value :  2.34375e-06
 Reference value :  2.37376e-06
 Reference value :  2.37754e-06
 Reference value :  2.40638e-06
 Reference value :  2.43779e-06
 Reference value :  2.44238e-06
 Reference value :  2.46941e-06
 Reference value :  2.50229e-06
 Reference value :  2.53132e-06
 Reference value :  2.56266e-06
 Reference value :  2.56528e-06
 Reference value :  2.59406e-06
 Reference value :  2.62574e-06
 Reference value :  2.65628e-06
 Reference value :  2.68760e-06
 Reference value :  2.69013e-06
 Reference value :  2.71911e-06
 Reference value :  2.75056e-06
 Reference value :  2.78131e-06
 Reference value :  2.80104e-06
 Reference value :  2.81497e-06
 Reference value :  2.84391e-06
 Reference value :  2.87511e-06
 Reference value :  2.87752e-06
 Reference value :  2.90635e-06
 Reference value :  2.93777e-06
 Reference value :  2.96891e-06
 Reference value :  3.00041e-06
 Reference value :  3.00287e-06
 Reference value :  3.03136e-06
 Reference value :  3.06260e-06
 Reference value :  3.09385e-06
 Reference value :  3.12514e-06
 Reference value :  3.15634e-06
 Reference value :  3.17884e-06
 Reference value :  3.19002e-06
 Reference value :  3.21904e-06
 Reference value :  3.25022e-06
 Reference value :  3.25305e-06
 Reference value :  3.28157e-06
 Reference value :  3.31273e-06
 Reference value :  3.31695e-06
 Reference value :  3.34404e-06
 Reference value :  3.37558e-06
 Reference value :  3.39575e-06
 Reference value :  3.41855e-06
 Reference value :  3.43995e-06
 Reference value :  3.46885e-06
 Reference value :  3.50020e-06
 Reference value :  3.50324e-06
 Reference value :  3.53165e-06
 Reference value :  3.56328e-06
 Reference value :  3.59375e-06
 Reference value :  3.62503e-06
 Reference value :  3.62756e-06
 Reference value :  3.65645e-06
 Reference value :  3.68796e-06
 Reference value :  3.71090e-06
 Reference value :  3.73179e-06
 Reference value :  3.75243e-06
 Reference value :  3.78141e-06
 Reference value :  3.81263e-06
 Reference value :  3.81514e-06
 Reference value :  3.84409e-06
 Reference value :  3.87551e-06
 Reference value :  3.88234e-06
 Reference value :  3.90676e-06
 Reference value :  3.93808e-06
 Reference value :  3.96912e-06
 Reference value :  4.00063e-06
 Reference value :  4.00291e-06
 Reference value :  4.03150e-06
 Reference value :  4.06303e-06
 Reference value :  4.09454e-06
 Reference value :  4.13986e-06
 Reference value :  4.17940e-06
 Reference value :  4.19002e-06
 Reference value :  4.21897e-06
 Reference value :  4.25037e-06
 Reference value :  4.25830e-06
 Reference value :  4.29523e-06
 Reference value :  4.31495e-06
 Reference value :  4.34385e-06
 Reference value :  4.37520e-06
 Reference value :  4.38042e-06
 Reference value :  4.40679e-06
 Reference value :  4.43797e-06
 Reference value :  4.44494e-06
 Reference value :  4.46918e-06
 Reference value :  4.50048e-06
 Reference value :  4.51245e-06
 Reference value :  4.54597e-06
 Reference value :  4.56502e-06
 Reference value :  4.59393e-06
 Reference value :  4.62543e-06
 Reference value :  4.63088e-06
 Reference value :  4.67010e-06
 Reference value :  4.68996e-06
 Reference value :  4.71886e-06
 Reference value :  4.75022e-06
 Reference value :  4.75438e-06
 Reference value :  4.78223e-06
 Reference value :  4.81477e-06
 Reference value :  4.84385e-06
 Reference value :  4.87519e-06
 Reference value :  4.87766e-06
 Reference value :  4.90648e-06
 Reference value :  4.93963e-06
 Reference value :  4.96958e-06
 Reference value :  5.00227e-06
 Reference value :  5.00345e-06
 Reference value :  5.03176e-06
 Reference value :  5.06303e-06
 Reference value :  5.09435e-06
 Reference value :  5.12565e-06
 Reference value :  5.15691e-06
 Reference value :  5.18771e-06
 Reference value :  5.21875e-06
 Reference value :  5.21971e-06
 Reference value :  5.25266e-06
 Reference value :  5.28131e-06
 Reference value :  5.31137e-06
 Reference value :  5.31504e-06
 Reference value :  5.34392e-06
 Reference value :  5.37552e-06
 Reference value :  5.39608e-06
 Reference value :  5.41004e-06
 Reference value :  5.43997e-06
 Reference value :  5.46885e-06
 Reference value :  5.50010e-06
 Reference value :  5.50257e-06
 Reference value :  5.53141e-06
 Reference value :  5.56287e-06
 Reference value :  5.57401e-06
 Reference value :  5.60763e-06
 Reference value :  5.62745e-06
 Reference value :  5.65639e-06
 Reference value :  5.68793e-06
 Reference value :  5.70675e-06
 Reference value :  5.75003e-06
 Reference value :  5.75252e-06
 Reference value :  5.78145e-06
 Reference value :  5.81270e-06
 Reference value :  5.81530e-06
 Reference value :  5.84420e-06
 Reference value :  5.87523e-06
 Reference value :  5.87770e-06
 Reference value :  5.90648e-06
 Reference value :  5.93769e-06
 Reference value :  5.96883e-06
 Reference value :  6.00010e-06
 Reference value :  6.00258e-06
 Reference value :  6.03127e-06
 Reference value :  6.06256e-06
 Reference value :  6.09381e-06
 Reference value :  6.12510e-06
 Reference value :  6.15631e-06
 Reference value :  6.18760e-06
 Reference value :  6.19011e-06
 Reference value :  6.21917e-06
 Reference value :  6.25054e-06
 Reference value :  6.27433e-06
 Reference value :  6.30774e-06
 Reference value :  6.31502e-06
 Reference value :  6.34386e-06
 Reference value :  6.37520e-06
 Reference value :  6.37791e-06
 Reference value :  6.40651e-06
 Reference value :  6.43773e-06
 Reference value :  6.44043e-06
 Reference value :  6.46900e-06
 Reference value :  6.50049e-06
 Reference value :  6.50841e-06
 Reference value :  6.56250e-06
 Reference value :  6.56496e-06
 Reference value :  6.59385e-06
 Reference value :  6.62520e-06
 Reference value :  6.62763e-06
 Reference value :  6.65658e-06
 Reference value :  6.68808e-06
 Reference value :  6.71876e-06
 Reference value :  6.75001e-06
 Reference value :  6.75254e-06
 Reference value :  6.78145e-06
 Reference value :  6.81283e-06
 Reference value :  6.81707e-06
 Reference value :  6.84454e-06
 Reference value :  6.87630e-06
 Reference value :  6.90177e-06
 Reference value :  6.90673e-06
 Reference value :  6.93798e-06
 Reference value :  6.96893e-06
 Reference value :  7.00026e-06
 Reference value :  7.00274e-06
 Reference value :  7.03133e-06
 Reference value :  7.05516e-06
 Reference value :  7.09376e-06
 Reference value :  7.09731e-06
 Reference value :  7.14401e-06
 Reference value :  7.15690e-06
 Reference value :  7.18772e-06
 Reference value :  7.20091e-06
 Reference value :  7.21944e-06
 Reference value :  7.25029e-06
 Reference value :  7.25352e-06
 Reference value :  7.28161e-06
 Reference value :  7.31279e-06
 Reference value :  7.31680e-06
 Reference value :  7.34416e-06
 Reference value :  7.37523e-06
 Reference value :  7.37809e-06
 Reference value :  7.40648e-06
 Reference value :  7.43768e-06
 Reference value :  7.44010e-06
 Reference value :  7.46889e-06
 Reference value :  7.50031e-06
 Reference value :  7.50345e-06
 Reference value :  7.53189e-06
 Reference value :  7.56391e-06
 Reference value :  7.59378e-06
 Reference value :  7.62503e-06
 Reference value :  7.62750e-06
 Reference value :  7.65638e-06
 Reference value :  7.68776e-06
 Reference value :  7.69062e-06
 Reference value :  7.71941e-06
 Reference value :  7.75113e-06
 Reference value :  7.78129e-06
 Reference value :  7.81253e-06
 Reference value :  7.81502e-06
 Reference value :  7.84395e-06
 Reference value :  7.87526e-06
 Reference value :  7.87777e-06
 Reference value :  7.90648e-06
 Reference value :  7.93796e-06
 Reference value :  7.96895e-06
 Reference value :  8.00040e-06
 Reference value :  8.00290e-06
 Reference value :  8.03137e-06
 Reference value :  8.06251e-06
 Reference value :  8.09375e-06
 Reference value :  8.10498e-06
 Reference value :  8.15001e-06
 Reference value :  8.15679e-06
 Reference value :  8.18764e-06
 Reference value :  8.19021e-06
 Reference value :  8.21926e-06
 Reference value :  8.25015e-06
 Reference value :  8.25298e-06
 Reference value :  8.28147e-06
 Reference value :  8.31272e-06
 Reference value :  8.31557e-06
 Reference value :  8.34405e-06
 Reference value :  8.37522e-06
 Reference value :  8.37824e-06
 Reference value :  8.40656e-06
 Reference value :  8.43770e-06
 Reference value :  8.44020e-06
 Reference value :  8.46895e-06
 Reference value :  8.50043e-06
 Reference value :  8.50494e-06
 Reference value :  8.53228e-06
 Reference value :  8.56477e-06
 Reference value :  8.59377e-06
 Reference value :  8.62501e-06
 Reference value :  8.62753e-06
 Reference value :  8.65641e-06
 Reference value :  8.68784e-06
 Reference value :  8.69558e-06
 Reference value :  8.71972e-06
 Reference value :  8.75227e-06
 Reference value :  8.78134e-06
 Reference value :  8.81266e-06
 Reference value :  8.81517e-06
 Reference value :  8.84423e-06
 Reference value :  8.87539e-06
 Reference value :  8.87836e-06
 Reference value :  8.90659e-06
 Reference value :  8.93776e-06
 Reference value :  8.96885e-06
 Reference value :  9.00020e-06
 Reference value :  9.00267e-06
 Reference value :  9.03131e-06
 Reference value :  9.06262e-06
 Reference value :  9.09383e-06
 Reference value :  9.12510e-06
 Reference value :  9.15633e-06
 Reference value :  9.18761e-06
 Reference value :  9.19017e-06
 Reference value :  9.21919e-06
 Reference value :  9.25054e-06
 Reference value :  9.25832e-06
 Reference value :  9.28246e-06
 Reference value :  9.31478e-06
 Reference value :  9.34380e-06
 Reference value :  9.34534e-06
 Reference value :  9.37727e-06
 Reference value :  9.40445e-06
 Reference value :  9.41465e-06
 Reference value :  9.43978e-06
 Reference value :  9.46879e-06
 Reference value :  9.46980e-06
 Reference value :  9.50199e-06
 Reference value :  9.53125e-06
 Reference value :  9.56251e-06
 Reference value :  9.56502e-06
 Reference value :  9.59390e-06
 Reference value :  9.62529e-06
 Reference value :  9.62828e-06
 Reference value :  9.65716e-06
 Reference value :  9.68977e-06
 Reference value :  9.71885e-06
 Reference value :  9.75020e-06
 Reference value :  9.75373e-06
 Reference value :  9.78165e-06
 Reference value :  9.81440e-06
 Reference value :  9.84381e-06
 Reference value :  9.86192e-06
 Reference value :  9.87727e-06
 Reference value :  9.90626e-06
 Reference value :  9.93750e-06
 Reference value :  9.94081e-06
 Reference value :  9.96931e-06
 Reference value :  1.00004e-05
 Reference value :  1.00028e-05
 Reference value :  1.00313e-05
 Reference value :  1.00507e-05
 Reference value :  1.00638e-05
 Reference value :  1.00941e-05
 Reference value :  1.01252e-05
 Reference value :  1.01563e-05
 Reference value :  1.01815e-05
 Reference value :  1.01898e-05
 Reference value :  1.02188e-05
 Reference value :  1.02389e-05
 Reference value :  1.02527e-05
 Reference value :  1.02813e-05
 Reference value :  1.02824e-05
 Reference value :  1.03131e-05
 Reference value :  1.03199e-05
 Reference value :  1.03440e-05
 Reference value :  1.03751e-05
 Reference value :  1.03774e-05
 Reference value :  1.04063e-05
 Reference value :  1.04078e-05
 Reference value :  1.04381e-05
 Reference value :  1.04428e-05
 Reference value :  1.04689e-05
 Reference value :  1.05002e-05
 Reference value :  1.05026e-05
 Reference value :  1.05313e-05
 Reference value :  1.05626e-05
 Reference value :  1.05649e-05
 Reference value :  1.05825e-05
 Reference value :  1.05942e-05
 Reference value :  1.06254e-05
 Reference value :  1.06277e-05
 Reference value :  1.06564e-05
 Reference value :  1.06877e-05
 Reference value :  1.06901e-05
 Reference value :  1.07189e-05
 Reference value :  1.07501e-05
 Reference value :  1.07525e-05
 Reference value :  1.07813e-05
 Reference value :  1.08126e-05
 Reference value :  1.08150e-05
 Reference value :  1.08438e-05
 Reference value :  1.08750e-05
 Reference value :  1.08774e-05
 Reference value :  1.09021e-05
 Reference value :  1.09068e-05
 Reference value :  1.09377e-05
 Reference value :  1.09688e-05
 Reference value :  1.09697e-05
 Reference value :  1.10005e-05
 Reference value :  1.10027e-05
 Reference value :  1.10313e-05
 Reference value :  1.10352e-05
 Reference value :  1.10632e-05
 Reference value :  1.10940e-05
 Reference value :  1.11251e-05
 Reference value :  1.11551e-05
 Reference value :  1.11568e-05
 Reference value :  1.11877e-05
 Reference value :  1.11902e-05
 Reference value :  1.12189e-05
 Reference value :  1.12500e-05
 Reference value :  1.12527e-05
 Reference value :  1.12812e-05
 Reference value :  1.12818e-05
 Reference value :  1.13127e-05
 Reference value :  1.13150e-05
 Reference value :  1.13438e-05
 Reference value :  1.13445e-05
 Reference value :  1.13754e-05
 Reference value :  1.13782e-05
 Reference value :  1.14064e-05
 Reference value :  1.14376e-05
 Reference value :  1.14400e-05
 Reference value :  1.14688e-05
 Reference value :  1.14703e-05
 Reference value :  1.15007e-05
 Reference value :  1.15095e-05
 Reference value :  1.15322e-05
 Reference value :  1.15631e-05
 Reference value :  1.15658e-05
 Reference value :  1.15940e-05
 Reference value :  1.16252e-05
 Reference value :  1.16275e-05
 Reference value :  1.16564e-05
 Reference value :  1.16877e-05
 Reference value :  1.16901e-05
 Reference value :  1.17189e-05
 Reference value :  1.17501e-05
 Reference value :  1.17525e-05
 Reference value :  1.17813e-05
 Reference value :  1.18126e-05
 Reference value :  1.18150e-05
 Reference value :  1.18439e-05
 Reference value :  1.18752e-05
 Reference value :  1.18777e-05
 Reference value :  1.19064e-05
 Reference value :  1.19072e-05
 Reference value :  1.19381e-05
 Reference value :  1.19689e-05
 Reference value :  1.20001e-05
 Reference value :  1.20025e-05
 Reference value :  1.20030e-05
 Reference value :  1.20314e-05
 Reference value :  1.20352e-05
 Reference value :  1.20631e-05
 Reference value :  1.20940e-05
 Reference value :  1.21251e-05
 Reference value :  1.21563e-05
 Reference value :  1.21567e-05
 Reference value :  1.21876e-05
 Reference value :  1.21900e-05
 Reference value :  1.22189e-05
 Reference value :  1.22255e-05
 Reference value :  1.22506e-05
 Reference value :  1.22541e-05
 Reference value :  1.22815e-05
 Reference value :  1.23125e-05
 Reference value :  1.23148e-05
 Reference value :  1.23415e-05
 Reference value :  1.23441e-05
 Reference value :  1.23751e-05
 Reference value :  1.23775e-05
 Reference value :  1.24063e-05
 Reference value :  1.24078e-05
 Reference value :  1.24381e-05
 Reference value :  1.24419e-05
 Reference value :  1.24690e-05
 Reference value :  1.25002e-05
 Reference value :  1.25026e-05
 Reference value :  1.25314e-05
 Reference value :  1.25626e-05
 Reference value :  1.25648e-05
 Reference value :  1.25922e-05
 Reference value :  1.25977e-05
 Reference value :  1.26257e-05
 Reference value :  1.26318e-05
 Reference value :  1.26567e-05
 Reference value :  1.26879e-05
 Reference value :  1.26903e-05
 Reference value :  1.27189e-05
 Reference value :  1.27502e-05
 Reference value :  1.27525e-05
 Reference value :  1.27814e-05
 Reference value :  1.28125e-05
 Reference value :  1.28148e-05
 Reference value :  1.28438e-05
 Reference value :  1.28444e-05
 Reference value :  1.28753e-05
 Reference value :  1.28776e-05
 Reference value :  1.29063e-05
 Reference value :  1.29318e-05
 Reference value :  1.29396e-05
 Reference value :  1.29690e-05
 Reference value :  1.30002e-05
 Reference value :  1.30025e-05
 Reference value :  1.30032e-05
 Reference value :  1.30314e-05
 Reference value :  1.30570e-05
 Reference value :  1.30691e-05
 Reference value :  1.30941e-05
 Reference value :  1.31254e-05
 Reference value :  1.31564e-05
 Reference value :  1.31877e-05
 Reference value :  1.31903e-05
 Reference value :  1.32192e-05
 Reference value :  1.32505e-05
 Reference value :  1.32533e-05
 Reference value :  1.32815e-05
 Reference value :  1.33127e-05
 Reference value :  1.33151e-05
 Reference value :  1.33439e-05
 Reference value :  1.33655e-05
 Reference value :  1.33768e-05
 Reference value :  1.33846e-05
 Reference value :  1.34066e-05
 Reference value :  1.34377e-05
 Reference value :  1.34401e-05
 Reference value :  1.34688e-05
 Reference value :  1.34695e-05
 Reference value :  1.35005e-05
 Reference value :  1.35032e-05
 Reference value :  1.35314e-05
 Reference value :  1.35627e-05
 Reference value :  1.35651e-05
 Reference value :  1.35938e-05
 Reference value :  1.36238e-05
 Reference value :  1.36273e-05
 Reference value :  1.36562e-05
 Reference value :  1.36741e-05
 Reference value :  1.36898e-05
 Reference value :  1.37188e-05
 Reference value :  1.37388e-05
 Reference value :  1.37525e-05
 Reference value :  1.37813e-05
 Reference value :  1.38110e-05
 Reference value :  1.38148e-05
 Reference value :  1.38438e-05
 Reference value :  1.38513e-05
 Reference value :  1.38774e-05
 Reference value :  1.39063e-05
 Reference value :  1.39113e-05
 Reference value :  1.39400e-05
 Reference value :  1.39697e-05
 Reference value :  1.40016e-05
 Reference value :  1.40029e-05
 Reference value :  1.40314e-05
 Reference value :  1.40559e-05
 Reference value :  1.40635e-05
 Reference value :  1.40941e-05
 Reference value :  1.41252e-05
 Reference value :  1.41563e-05
 Reference value :  1.41875e-05
 Reference value :  1.41898e-05
 Reference value :  1.42188e-05
 Reference value :  1.42270e-05
 Reference value :  1.42513e-05
 Reference value :  1.42538e-05
 Reference value :  1.42817e-05
 Reference value :  1.43128e-05
 Reference value :  1.43152e-05
 Reference value :  1.43440e-05
 Reference value :  1.43750e-05
 Reference value :  1.43773e-05
 Reference value :  1.44062e-05
 Reference value :  1.44067e-05
 Reference value :  1.44378e-05
 Reference value :  1.44401e-05
 Reference value :  1.44689e-05
 Reference value :  1.45001e-05
 Reference value :  1.45025e-05
 Reference value :  1.45313e-05
 Reference value :  1.45341e-05
 Reference value :  1.45648e-05
 Reference value :  1.45735e-05
 Reference value :  1.45941e-05
 Reference value :  1.46255e-05
 Reference value :  1.46281e-05
 Reference value :  1.46565e-05
 Reference value :  1.46877e-05
 Reference value :  1.46901e-05
 Reference value :  1.47189e-05
 Reference value :  1.47501e-05
 Reference value :  1.47524e-05
 Reference value :  1.47813e-05
 Reference value :  1.47841e-05
 Reference value :  1.48132e-05
 Reference value :  1.48378e-05
 Reference value :  1.48443e-05
 Reference value :  1.48752e-05
 Reference value :  1.48775e-05
 Reference value :  1.49063e-05
 Reference value :  1.49070e-05
 Reference value :  1.49381e-05
 Reference value :  1.49689e-05
 Reference value :  1.50001e-05
 Reference value :  1.50025e-05
 Reference value :  1.50030e-05
 Reference value :  1.50314e-05
 Reference value :  1.50351e-05
 Reference value :  1.50631e-05
 Reference value :  1.50940e-05
 Reference value :  1.51251e-05
 Reference value :  1.51520e-05
 Reference value :  1.51568e-05
 Reference value :  1.51879e-05
 Reference value :  1.51906e-05
 Reference value :  1.52192e-05
 Reference value :  1.52339e-05
 Reference value :  1.52509e-05
 Reference value :  1.52538e-05
 Reference value :  1.52815e-05
 Reference value :  1.53127e-05
 Reference value :  1.53151e-05
 Reference value :  1.53439e-05
 Reference value :  1.53723e-05
 Reference value :  1.53774e-05
 Reference value :  1.54063e-05
 Reference value :  1.54068e-05
 Reference value :  1.54380e-05
 Reference value :  1.54418e-05
 Reference value :  1.54690e-05
 Reference value :  1.55002e-05
 Reference value :  1.55027e-05
 Reference value :  1.55314e-05
 Reference value :  1.55627e-05
 Reference value :  1.55650e-05
 Reference value :  1.55938e-05
 Reference value :  1.56251e-05
 Reference value :  1.56275e-05
 Reference value :  1.56564e-05
 Reference value :  1.56876e-05
 Reference value :  1.56900e-05
 Reference value :  1.57189e-05
 Reference value :  1.57502e-05
 Reference value :  1.57525e-05
 Reference value :  1.57813e-05
 Reference value :  1.58113e-05
 Reference value :  1.58148e-05
 Reference value :  1.58438e-05
 Reference value :  1.58717e-05
 Reference value :  1.58773e-05
 Reference value :  1.58886e-05
 Reference value :  1.59066e-05
 Reference value :  1.59377e-05
 Reference value :  1.59688e-05
 Reference value :  1.60001e-05
 Reference value :  1.60025e-05
 Reference value :  1.60030e-05
 Reference value :  1.60315e-05
 Reference value :  1.60625e-05
 Reference value :  1.60850e-05
 Reference value :  1.60943e-05
 Reference value :  1.61254e-05
 Reference value :  1.61564e-05
 Reference value :  1.61875e-05
 Reference value :  1.61899e-05
 Reference value :  1.62188e-05
 Reference value :  1.62196e-05
 Reference value :  1.62502e-05
 Reference value :  1.62530e-05
 Reference value :  1.62813e-05
 Reference value :  1.63126e-05
 Reference value :  1.63149e-05
 Reference value :  1.63438e-05
 Reference value :  1.63507e-05
 Reference value :  1.63756e-05
 Reference value :  1.63794e-05
 Reference value :  1.64064e-05
 Reference value :  1.64168e-05
 Reference value :  1.64381e-05
 Reference value :  1.64414e-05
 Reference value :  1.64689e-05
 Reference value :  1.65002e-05
 Reference value :  1.65025e-05
 Reference value :  1.65313e-05
 Reference value :  1.65400e-05
 Reference value :  1.65632e-05
 Reference value :  1.65674e-05
 Reference value :  1.65941e-05
 Reference value :  1.66253e-05
 Reference value :  1.66276e-05
 Reference value :  1.66563e-05
 Reference value :  1.66875e-05
 Reference value :  1.66898e-05
 Reference value :  1.67015e-05
 Reference value :  1.67193e-05
 Reference value :  1.67504e-05
 Reference value :  1.67527e-05
 Reference value :  1.67814e-05
 Reference value :  1.68126e-05
 Reference value :  1.68148e-05
 Reference value :  1.68438e-05
 Reference value :  1.68447e-05
 Reference value :  1.68754e-05
 Reference value :  1.68777e-05
 Reference value :  1.69063e-05
 Reference value :  1.69070e-05
 Reference value :  1.69379e-05
 Reference value :  1.69688e-05
 Reference value :  1.69812e-05
 Reference value :  1.70005e-05
 Reference value :  1.70027e-05
 Reference value :  1.70041e-05
 Reference value :  1.70315e-05
 Reference value :  1.70562e-05
 Reference value :  1.70631e-05
 Reference value :  1.70940e-05
 Reference value :  1.71251e-05
 Reference value :  1.71439e-05
 Reference value :  1.71567e-05
 Reference value :  1.71877e-05
 Reference value :  1.71901e-05
 Reference value :  1.72189e-05
 Reference value :  1.72450e-05
 Reference value :  1.72510e-05
 Reference value :  1.72531e-05
 Reference value :  1.72814e-05
 Reference value :  1.72890e-05
 Reference value :  1.73130e-05
 Reference value :  1.73158e-05
 Reference value :  1.73439e-05
 Reference value :  1.73751e-05
 Reference value :  1.73775e-05
 Reference value :  1.74063e-05
 Reference value :  1.74069e-05
 Reference value :  1.74378e-05
 Reference value :  1.74402e-05
 Reference value :  1.74688e-05
 Reference value :  1.74700e-05
 Reference value :  1.75005e-05
 Reference value :  1.75029e-05
 Reference value :  1.75314e-05
 Reference value :  1.75626e-05
 Reference value :  1.75649e-05
 Reference value :  1.75918e-05
 Reference value :  1.75945e-05
 Reference value :  1.76254e-05
 Reference value :  1.76277e-05
 Reference value :  1.76564e-05
 Reference value :  1.76876e-05
 Reference value :  1.76900e-05
 Reference value :  1.77188e-05
 Reference value :  1.77327e-05
 Reference value :  1.77507e-05
 Reference value :  1.77621e-05
 Reference value :  1.77816e-05
 Reference value :  1.78128e-05
 Reference value :  1.78151e-05
 Reference value :  1.78439e-05
 Reference value :  1.78751e-05
 Reference value :  1.78773e-05
 Reference value :  1.78846e-05
 Reference value :  1.79065e-05
 Reference value :  1.79377e-05
 Reference value :  1.79688e-05
 Reference value :  1.79755e-05
 Reference value :  1.80005e-05
 Reference value :  1.80027e-05
 Reference value :  1.80068e-05
 Reference value :  1.80315e-05
 Reference value :  1.80625e-05
 Reference value :  1.80692e-05
 Reference value :  1.80941e-05
 Reference value :  1.81252e-05
 Reference value :  1.81563e-05
 Reference value :  1.81574e-05
 Reference value :  1.81881e-05
 Reference value :  1.82075e-05
 Reference value :  1.82193e-05
 Reference value :  1.82503e-05
 Reference value :  1.82530e-05
 Reference value :  1.82813e-05
 Reference value :  1.82817e-05
 Reference value :  1.83127e-05
 Reference value :  1.83150e-05
 Reference value :  1.83438e-05
 Reference value :  1.83604e-05
 Reference value :  1.83757e-05
 Reference value :  1.83809e-05
 Reference value :  1.84065e-05
 Reference value :  1.84377e-05
 Reference value :  1.84400e-05
 Reference value :  1.84688e-05
 Reference value :  1.84710e-05
 Reference value :  1.85005e-05
 Reference value :  1.85031e-05
 Reference value :  1.85314e-05
 Reference value :  1.85626e-05
 Reference value :  1.85649e-05
 Reference value :  1.85938e-05
 Reference value :  1.86016e-05
 Reference value :  1.86255e-05
 Reference value :  1.86279e-05
 Reference value :  1.86565e-05
 Reference value :  1.86877e-05
 Reference value :  1.86902e-05
 Reference value :  1.87190e-05
 Reference value :  1.87501e-05
 Reference value :  1.87524e-05
 Reference value :  1.87813e-05
 Reference value :  1.87818e-05
 Reference value :  1.88127e-05
 Reference value :  1.88150e-05
 Reference value :  1.88438e-05
 Reference value :  1.88447e-05
 Reference value :  1.88754e-05
 Reference value :  1.88776e-05
 Reference value :  1.89063e-05
 Reference value :  1.89353e-05
 Reference value :  1.89384e-05
 Reference value :  1.89689e-05
 Reference value :  1.90001e-05
 Reference value :  1.90023e-05
 Reference value :  1.90029e-05
 Reference value :  1.90313e-05
 Reference value :  1.90318e-05
 Reference value :  1.90627e-05
 Reference value :  1.90938e-05
 Reference value :  1.90946e-05
 Reference value :  1.91254e-05
 Reference value :  1.91564e-05
 Reference value :  1.91709e-05
 Reference value :  1.91881e-05
 Reference value :  1.92033e-05
 Reference value :  1.92192e-05
 Reference value :  1.92501e-05
 Reference value :  1.92528e-05
 Reference value :  1.92568e-05
 Reference value :  1.92815e-05
 Reference value :  1.93125e-05
 Reference value :  1.93136e-05
 Reference value :  1.93334e-05
 Reference value :  1.93442e-05
 Reference value :  1.93754e-05
 Reference value :  1.93791e-05
 Reference value :  1.94065e-05
 Reference value :  1.94377e-05
 Reference value :  1.94400e-05
 Reference value :  1.94688e-05
 Reference value :  1.95000e-05
 Reference value :  1.95023e-05
 Reference value :  1.95313e-05
 Reference value :  1.95345e-05
 Reference value :  1.95630e-05
 Reference value :  1.95657e-05
 Reference value :  1.95940e-05
 Reference value :  1.96252e-05
 Reference value :  1.96275e-05
 Reference value :  1.96563e-05
 Reference value :  1.96876e-05
 Reference value :  1.96900e-05
 Reference value :  1.97189e-05
 Reference value :  1.97501e-05
 Reference value :  1.97524e-05
 Reference value :  1.97813e-05
 Reference value :  1.98086e-05
 Reference value :  1.98148e-05
 Reference value :  1.98438e-05
 Reference value :  1.98443e-05
 Reference value :  1.98754e-05
 Reference value :  1.98776e-05
 Reference value :  1.99064e-05
 Reference value :  1.99243e-05
 Reference value :  1.99393e-05
 Reference value :  1.99691e-05
No. of Data Rows : 49821
e1                  =  1.02703e+00
x1                  =  1.65759e+01 at=  2.28147e-06
cd1                 =  2.00000e+00
e2                  =  9.49583e-01
x2                  =  1.65388e+01 at=  3.28147e-06
cd2                 =  3.00000e+00
e128                =  6.41161e-01
x128                =  1.19131e+01 at=  4.28150e-06
cd128               =  1.28000e+02
e129                =  7.11301e-01
x129                =  1.19503e+01 at=  5.28150e-06
cd129               =  1.29000e+02
e255                =  4.05551e-01
x255                =  7.73346e+00 at=  6.31264e-06
cd255               =  2.55000e+02
e256                =  4.74059e-01
x256                =  7.77895e+00 at=  7.31264e-06
cd256               =  2.56000e+02
e257                =  4.74142e-01
x257                =  7.75029e+00 at=  8.31264e-06
cd257               =  2.57000e+02
e384                =  1.54521e-01
x384                =  4.02821e+00 at=  9.31264e-06
cd384               =  3.84000e+02
e511                =  -6.91163e-02
x511                =  7.40826e+00 at=  1.03751e-05
cd511               =  5.11000e+02
e512                =  -1.03904e-02
x512                =  7.29214e+00 at=  1.13441e-05
cd512               =  5.12000e+02
e513                =  -2.24285e-03
x513                =  7.27290e+00 at=  1.23751e-05
cd513               =  5.13000e+02
e640                =  -3.24836e-01
x640                =  4.18808e+00 at=  1.33126e-05
cd640               =  6.39000e+02
e767                =  -5.52127e-01
x767                =  7.89636e+00 at=  1.43126e-05
cd767               =  7.66000e+02
e768                =  -4.98018e-01
x768                =  7.84959e+00 at=  1.53126e-05
cd768               =  7.68000e+02
e769                =  -4.83042e-01
x769                =  7.87899e+00 at=  1.63126e-05
cd769               =  7.68000e+02
e896                =  -8.08186e-01
x896                =  1.17154e+01 at=  1.73126e-05
cd896               =  8.95000e+02
e1022               =  -1.02922e+00
x1022               =  1.55163e+01 at=  1.83126e-05
cd1022              =  1.02100e+03
e1023               =  -9.65030e-01
x1023               =  1.54733e+01 at=  1.93126e-05
cd1023              =  1.02200e+03
vrefhi              =  2.97014e+00 at=  1.73149e-05
vreflo              =  2.96985e+00 at=  1.25113e-05
m_terr_t1_lsb = 1.0270310000e+00
m_decerr_t1_lsb = 1.6575860000e+01
m_code_t1 = 2.0000000000e+00
m_terr_t2_lsb = 9.4958340000e-01
m_decerr_t2_lsb = 1.6538760000e+01
m_code_t2 = 3.0000000000e+00
m_terr_t128_lsb = 6.4116140000e-01
m_decerr_t128_lsb = 1.1913090000e+01
m_code_t128 = 1.2800000000e+02
m_terr_t129_lsb = 7.1130070000e-01
m_decerr_t129_lsb = 1.1950260000e+01
m_code_t129 = 1.2900000000e+02
m_terr_t255_lsb = 4.0555070000e-01
m_decerr_t255_lsb = 7.7334580000e+00
m_code_t255 = 2.5500000000e+02
m_terr_t256_lsb = 4.7405930000e-01
m_decerr_t256_lsb = 7.7789510000e+00
m_code_t256 = 2.5600000000e+02
m_terr_t257_lsb = 4.7414210000e-01
m_decerr_t257_lsb = 7.7502930000e+00
m_code_t257 = 2.5700000000e+02
m_terr_t384_lsb = 1.5452090000e-01
m_decerr_t384_lsb = 4.0282050000e+00
m_code_t384 = 3.8400000000e+02
m_terr_t511_lsb = -6.911630000e-02
m_decerr_t511_lsb = 7.4082630000e+00
m_code_t511 = 5.1100000000e+02
m_terr_t512_lsb = -1.039038000e-02
m_decerr_t512_lsb = 7.2921410000e+00
m_code_t512 = 5.1200000000e+02
m_terr_t513_lsb = -2.242853000e-03
m_decerr_t513_lsb = 7.2729040000e+00
m_code_t513 = 5.1300000000e+02
m_terr_t640_lsb = -3.248360000e-01
m_decerr_t640_lsb = 4.1880800000e+00
m_code_t640 = 6.3900000000e+02
m_terr_t767_lsb = -5.521270000e-01
m_decerr_t767_lsb = 7.8963600000e+00
m_code_t767 = 7.6600000000e+02
m_terr_t768_lsb = -4.980177000e-01
m_decerr_t768_lsb = 7.8495940000e+00
m_code_t768 = 7.6800000000e+02
m_terr_t769_lsb = -4.830422000e-01
m_decerr_t769_lsb = 7.8789890000e+00
m_code_t769 = 7.6800000000e+02
m_terr_t896_lsb = -8.081858000e-01
m_decerr_t896_lsb = 1.1715430000e+01
m_code_t896 = 8.9500000000e+02
m_terr_t1022_lsb = -1.029222000e+00
m_decerr_t1022_lsb = 1.5516320000e+01
m_code_t1022 = 1.0210000000e+03
m_terr_t1023_lsb = -9.650300000e-01
m_decerr_t1023_lsb = 1.5473280000e+01
m_code_t1023 = 1.0220000000e+03
m_inl_t1_lsb = 0.0000000000e+00
m_inl_t2_lsb = -7.549842094e-02
m_inl_t128_lsb = -1.383238593e-01
m_inl_t129_lsb = -6.623538023e-02
m_inl_t255_lsb = -1.263888186e-01
m_inl_t256_lsb = -5.593103953e-02
m_inl_t257_lsb = -5.389906047e-02
m_inl_t384_lsb = -1.259745198e-01
m_inl_t511_lsb = -1.020659791e-01
m_inl_t512_lsb = -4.139088000e-02
m_inl_t513_lsb = -3.129417394e-02
m_inl_t640_lsb = -1.063415802e-01
m_inl_t767_lsb = -8.608683953e-02
m_inl_t768_lsb = -3.002836047e-02
m_inl_t769_lsb = -1.310368141e-02
m_inl_t896_lsb = -9.070154070e-02
m_inl_t1022_lsb = -6.614117906e-02
m_inl_t1023_lsb = 0.0000000000e+00
m_dnl_t1_t2_lsb = -7.744760000e-02
m_dnl_t128_t129_lsb = 7.0139300000e-02
m_dnl_t255_t256_lsb = 6.8508600000e-02
m_dnl_t256_t257_lsb = 8.2800000000e-05
m_dnl_t511_t512_lsb = 5.8725920000e-02
m_dnl_t512_t513_lsb = 8.1475270000e-03
m_dnl_t767_t768_lsb = 5.4109300000e-02
m_dnl_t768_t769_lsb = 1.4975500000e-02
m_dnl_t1022_t1023_lsb = 6.4192000000e-02
m_gain_err_lsb = -1.994010179e+00
m_vref_droop_mv = 2.9000000000e-01
Note: Simulation executed from .control section 

Warning: m=xx on .subckt line will override multiplier m hierarchy!

Note: Starting dynamic gmin stepping
Warning: Dynamic gmin stepping failed
Note: Starting true gmin stepping
Note: True gmin stepping completed
