
Note: Compatibility modes selected: hs a


Circuit: * adc-inl-dnl @ mim_ff_27c_3.63v -- generated by sim/harness, do not edit

Reducing trtol to 1 for xspice 'A' devices
Doing analysis at TEMP = 27.000000 and TNOM = 27.000000

Using SPARSE 1.3 as Direct Linear Solver

Initial Transient Solution
--------------------------

Node                                   Voltage
----                                   -------
clk                                          0
cmpclk                                       0
cmpclkb                                   3.63
vddt                                      3.63
vddd                                      3.63
vddc                                      3.63
vrefs                                     3.63
vrefn                                     3.63
vcmn                                     1.815
se_vinp                             0.00443115
se_vinn                                  1.815
se_start                                     0
se_mode                                      0
se_cmp                                 1.49269
se_samp_tp_n                                 0
se_sel_in_n                                  0
se_drdy                                   3.63
se_c9                                        0
se_c8                                        0
se_c7                                        0
se_c6                                        0
se_c5                                        0
se_c4                                        0
se_c3                                        0
se_c2                                        0
se_c1                                        0
se_c0                                        0
se_rel_n_256p                             3.63
se_sel_hi_n_256p                             0
se_sel_lo_n_256p                             0
se_rel_n_128p                             3.63
se_sel_hi_n_128p                             0
se_sel_lo_n_128p                             0
se_rel_n_64p                              3.63
se_sel_hi_n_64p                              0
se_sel_lo_n_64p                              0
se_rel_n_32p                              3.63
se_sel_hi_n_32p                              0
se_sel_lo_n_32p                              0
se_rel_n_16p                              3.63
se_sel_hi_n_16p                              0
se_sel_lo_n_16p                              0
se_rel_n_8p                               3.63
se_sel_hi_n_8p                               0
se_sel_lo_n_8p                               0
se_rel_n_4p                               3.63
se_sel_hi_n_4p                               0
se_sel_lo_n_4p                               0
se_rel_n_2p                               3.63
se_sel_hi_n_2p                               0
se_sel_lo_n_2p                               0
se_rel_n_1p                               3.63
se_sel_hi_n_1p                               0
se_sel_lo_n_1p                               0
se_rel_n_256n                             3.63
se_sel_hi_n_256n                             0
se_sel_lo_n_256n                             0
se_rel_n_128n                             3.63
se_sel_hi_n_128n                             0
se_sel_lo_n_128n                             0
se_rel_n_64n                              3.63
se_sel_hi_n_64n                              0
se_sel_lo_n_64n                              0
se_rel_n_32n                              3.63
se_sel_hi_n_32n                              0
se_sel_lo_n_32n                              0
se_rel_n_16n                              3.63
se_sel_hi_n_16n                              0
se_sel_lo_n_16n                              0
se_rel_n_8n                               3.63
se_sel_hi_n_8n                               0
se_sel_lo_n_8n                               0
se_rel_n_4n                               3.63
se_sel_hi_n_4n                               0
se_sel_lo_n_4n                               0
se_rel_n_2n                               3.63
se_sel_hi_n_2n                               0
se_sel_lo_n_2n                               0
se_rel_n_1n                               3.63
se_sel_hi_n_1n                               0
se_sel_lo_n_1n                               0
se_pinp                             0.00443115
se_pinn                                  1.815
xdut.\$65__t0                             3.63
xdut.sel_in__t0                              0
xdut.vss__t0                       3.50583e-11
xdut.\$27__t2                      2.80751e-09
xdut.rel_256_p__t2                        3.63
xdut.vss__t103                     5.87783e-10
xdut.\$29__t2                             3.63
xdut.hi_256_p__t2                            0
xdut.vss__t106                     3.40833e-11
xdut.\$9__t2                              3.63
xdut.lo_256_p__t2                            0
xdut.vss__t107                     3.35959e-11
xdut.vinp__t0                       0.00443116
xdut.sel_in__t1                              0
xdut.\$10__t0                            1.815
xdut.vcm__t37                            1.815
xdut.rel_256_p__t1                        3.63
xdut.\$10__t263                          1.815
xdut.vref__t29                            3.63
xdut.hi_256_p__t1                            0
xdut.\$10__t262                          1.815
xdut.vss__t30                      2.71147e-10
xdut.lo_256_p__t1                            0
xdut.\$10__t261                          1.815
xdut.\$67__t2                             3.63
xdut.sel_in__t49                             0
xdut.vss__t91                      2.70625e-11
xdut.\$31__t2                      2.67158e-09
xdut.rel_128_p__t2                        3.63
xdut.vss__t92                       4.5186e-10
xdut.\$33__t2                             3.63
xdut.hi_128_p__t2                            0
xdut.vss__t74                      2.60904e-11
xdut.\$11__t2                             3.63
xdut.lo_128_p__t2                            0
xdut.vss__t94                      2.56046e-11
xdut.vinp__t16                      0.00443115
xdut.sel_in__t32                             0
xdut.\$12__t135                          1.815
xdut.vcm__t34                            1.815
xdut.rel_128_p__t1                        3.63
xdut.\$12__t134                          1.815
xdut.vref__t27                            3.63
xdut.hi_128_p__t1                            0
xdut.\$12__t133                          1.815
xdut.vss__t28                      2.02591e-10
xdut.lo_128_p__t1                            0
xdut.\$12__t132                          1.815
xdut.\$69__t2                             3.63
xdut.sel_in__t51                             0
xdut.vss__t99                      1.91032e-11
xdut.\$35__t2                      2.53632e-09
xdut.rel_64_p__t2                         3.63
xdut.vss__t100                     3.16595e-10
xdut.\$37__t2                             3.63
xdut.hi_64_p__t2                             0
xdut.vss__t101                     1.81386e-11
xdut.\$13__t2                             3.63
xdut.lo_64_p__t2                             0
xdut.vss__t102                     1.76569e-11
xdut.vinp__t14                      0.00443115
xdut.sel_in__t29                             0
xdut.\$14__t71                           1.815
xdut.vcm__t32                            1.815
xdut.rel_64_p__t1                         3.63
xdut.\$14__t70                           1.815
xdut.vref__t26                            3.63
xdut.hi_64_p__t1                             0
xdut.\$14__t69                           1.815
xdut.vss__t27                       1.3438e-10
xdut.lo_64_p__t1                             0
xdut.\$14__t68                           1.815
xdut.\$71__t2                             3.63
xdut.sel_in__t52                             0
xdut.vss__t108                     1.12583e-11
xdut.\$39__t2                      2.40317e-09
xdut.rel_32_p__t2                         3.63
xdut.vss__t98                      1.83451e-10
xdut.\$41__t2                             3.63
xdut.hi_32_p__t2                             0
xdut.vss__t64                      1.03232e-11
xdut.\$15__t2                             3.63
xdut.lo_32_p__t2                             0
xdut.vss__t69                      9.85888e-12
xdut.vinp__t15                      0.00443115
xdut.sel_in__t31                             0
xdut.\$16__t36                           1.815
xdut.vcm__t41                            1.815
xdut.rel_32_p__t1                         3.63
xdut.\$16__t37                           1.815
xdut.vref__t34                            3.63
xdut.hi_32_p__t1                             0
xdut.\$16__t38                           1.815
xdut.vss__t35                      6.75687e-11
xdut.lo_32_p__t1                             0
xdut.\$16__t39                           1.815
xdut.\$73__t2                             3.63
xdut.sel_in__t45                             0
xdut.vss__t70                      4.22209e-12
xdut.\$43__t2                      2.28638e-09
xdut.rel_16_p__t2                         3.63
xdut.vss__t71                      6.66534e-11
xdut.\$45__t2                             3.63
xdut.hi_16_p__t2                             0
xdut.vss__t72                      3.65925e-12
xdut.\$17__t2                             3.63
xdut.lo_16_p__t2                             0
xdut.vss__t77                      3.44837e-12
xdut.vinp__t17                      0.00443115
xdut.sel_in__t34                             0
xdut.\$18__t21                           1.815
xdut.vcm__t38                            1.815
xdut.rel_16_p__t1                         3.63
xdut.\$18__t20                           1.815
xdut.vref__t31                            3.63
xdut.hi_16_p__t1                             0
xdut.\$18__t22                           1.815
xdut.vss__t32                      2.37772e-11
xdut.lo_16_p__t1                             0
xdut.\$18__t23                           1.815
xdut.\$75__t2                             3.63
xdut.sel_in__t53                             0
xdut.vss__t109                      6.1778e-12
xdut.\$47__t2                      2.33196e-09
xdut.rel_8_p__t2                          3.63
xdut.vss__t97                       1.1224e-10
xdut.\$49__t2                             3.63
xdut.hi_8_p__t2                              0
xdut.vss__t96                      7.03373e-12
xdut.\$19__t2                             3.63
xdut.lo_8_p__t2                              0
xdut.vss__t95                      7.47305e-12
xdut.vinp__t13                      0.00443115
xdut.sel_in__t27                             0
xdut.\$20__t12                           1.815
xdut.vcm__t29                            1.815
xdut.rel_8_p__t1                          3.63
xdut.\$20__t13                           1.815
xdut.vref__t24                            3.63
xdut.hi_8_p__t1                              0
xdut.\$20__t14                           1.815
xdut.vss__t25                      7.78304e-11
xdut.lo_8_p__t1                              0
xdut.\$20__t15                           1.815
xdut.\$77__t2                             3.63
xdut.sel_in__t50                             0
xdut.vss__t93                      1.37028e-11
xdut.\$51__t2                       2.4608e-09
xdut.rel_4_p__t2                          3.63
xdut.vss__t90                      2.41081e-10
xdut.\$53__t2                             3.63
xdut.hi_4_p__t2                              0
xdut.vss__t89                      1.46567e-11
xdut.\$21__t2                             3.63
xdut.lo_4_p__t2                              0
xdut.vss__t88                      1.51348e-11
xdut.vinp__t10                      0.00443115
xdut.sel_in__t21                             0
xdut.\$22__t11                           1.815
xdut.vcm__t22                            1.815
xdut.rel_4_p__t1                          3.63
xdut.\$22__t10                           1.815
xdut.vref__t18                            3.63
xdut.hi_4_p__t1                              0
xdut.\$22__t9                            1.815
xdut.vss__t19                      1.45059e-10
xdut.lo_4_p__t1                              0
xdut.\$22__t8                            1.815
xdut.\$79__t2                             3.63
xdut.sel_in__t42                             0
xdut.vss__t57                      2.16016e-11
xdut.\$55__t2                      2.59523e-09
xdut.rel_2_p__t2                          3.63
xdut.vss__t47                      3.75511e-10
xdut.\$57__t2                             3.63
xdut.hi_2_p__t2                              0
xdut.vss__t50                      2.25704e-11
xdut.\$23__t2                             3.63
xdut.lo_2_p__t2                              0
xdut.vss__t51                      2.30552e-11
xdut.vinp__t11                      0.00443115
xdut.sel_in__t24                             0
xdut.\$24__t6                            1.815
xdut.vcm__t28                            1.815
xdut.rel_2_p__t1                          3.63
xdut.\$24__t9                            1.815
xdut.vref__t23                            3.63
xdut.hi_2_p__t1                              0
xdut.\$24__t8                            1.815
xdut.vss__t24                      2.13352e-10
xdut.lo_2_p__t1                              0
xdut.\$24__t7                            1.815
xdut.\$81__t2                             3.63
xdut.sel_in__t43                             0
xdut.vss__t61                      2.95762e-11
xdut.\$59__t2                      2.73086e-09
xdut.rel_1_p__t2                          3.63
xdut.vss__t60                       5.1114e-10
xdut.\$61__t2                             3.63
xdut.hi_1_p__t2                              0
xdut.vss__t59                      3.05498e-11
xdut.\$25__t2                             3.63
xdut.lo_1_p__t2                              0
xdut.vss__t58                      3.10368e-11
xdut.vinp__t12                      0.00443116
xdut.sel_in__t26                             0
xdut.\$26__t8                            1.815
xdut.vcm__t26                            1.815
xdut.rel_1_p__t1                          3.63
xdut.\$26__t7                            1.815
xdut.vref__t20                            3.63
xdut.hi_1_p__t1                              0
xdut.\$26__t6                            1.815
xdut.vss__t20                      2.81937e-10
xdut.lo_1_p__t1                              0
xdut.\$26__t5                            1.815
xdut.\$83__t2                             3.63
xdut.sel_in__t38                             0
xdut.vss__t38                      3.49878e-11
xdut.\$85__t2                      2.80629e-09
xdut.rel_256_n__t2                        3.63
xdut.vss__t41                      5.86568e-10
xdut.\$87__t2                             3.63
xdut.hi_256_n__t2                            0
xdut.vss__t42                      3.40108e-11
xdut.\$89__t2                             3.63
xdut.lo_256_n__t2                            0
xdut.vss__t62                      3.35223e-11
xdut.vinn__t17                           1.815
xdut.sel_in__t36                             0
xdut.\$90__t260                          1.815
xdut.vcm__t40                            1.815
xdut.rel_256_n__t1                        3.63
xdut.\$90__t261                          1.815
xdut.vref__t33                            3.63
xdut.hi_256_n__t1                            0
xdut.\$90__t262                          1.815
xdut.vss__t36                       2.7122e-10
xdut.lo_256_n__t1                            0
xdut.\$90__t263                          1.815
xdut.\$92__t2                             3.63
xdut.sel_in__t37                             0
xdut.vss__t37                      2.69711e-11
xdut.\$94__t2                         2.67e-09
xdut.rel_128_n__t2                        3.63
xdut.vss__t43                      4.50278e-10
xdut.\$96__t2                             3.63
xdut.hi_128_n__t2                            0
xdut.vss__t40                      2.59956e-11
xdut.\$98__t2                             3.63
xdut.lo_128_n__t2                            0
xdut.vss__t39                       2.5508e-11
xdut.vinn__t15                           1.815
xdut.sel_in__t33                             0
xdut.\$99__t132                          1.815
xdut.vcm__t36                            1.815
xdut.rel_128_n__t1                        3.63
xdut.\$99__t133                          1.815
xdut.vref__t28                            3.63
xdut.hi_128_n__t1                            0
xdut.\$99__t134                          1.815
xdut.vss__t31                      2.02689e-10
xdut.lo_128_n__t1                            0
xdut.\$99__t135                          1.815
xdut.\$100__t2                            3.63
xdut.sel_in__t39                             0
xdut.vss__t44                      1.89735e-11
xdut.\$102__t2                     2.53405e-09
xdut.rel_64_n__t2                         3.63
xdut.vss__t54                      3.14333e-10
xdut.\$104__t2                            3.63
xdut.hi_64_n__t2                             0
xdut.vss__t45                      1.80019e-11
xdut.\$106__t2                            3.63
xdut.lo_64_n__t2                             0
xdut.vss__t87                      1.75165e-11
xdut.vinn__t16                           1.815
xdut.sel_in__t35                             0
xdut.\$107__t68                          1.815
xdut.vcm__t39                            1.815
xdut.rel_64_n__t1                         3.63
xdut.\$107__t69                          1.815
xdut.vref__t32                            3.63
xdut.hi_64_n__t1                             0
xdut.\$107__t70                          1.815
xdut.vss__t33                      1.34528e-10
xdut.lo_64_n__t1                             0
xdut.\$107__t71                          1.815
xdut.\$108__t2                            3.63
xdut.sel_in__t40                             0
xdut.vss__t52                      1.10368e-11
xdut.\$110__t2                     2.39924e-09
xdut.rel_32_n__t2                         3.63
xdut.vss__t46                      1.79518e-10
xdut.\$112__t2                            3.63
xdut.hi_32_n__t2                             0
xdut.vss__t48                      1.00812e-11
xdut.\$114__t2                            3.63
xdut.lo_32_n__t2                             0
xdut.vss__t49                      9.60518e-12
xdut.vinn__t13                           1.815
xdut.sel_in__t28                             0
xdut.\$115__t36                          1.815
xdut.vcm__t31                            1.815
xdut.rel_32_n__t1                         3.63
xdut.\$115__t37                          1.815
xdut.vref__t25                            3.63
xdut.hi_32_n__t1                             0
xdut.\$115__t38                          1.815
xdut.vss__t26                      6.78618e-11
xdut.lo_32_n__t1                             0
xdut.\$115__t39                          1.815
xdut.\$116__t2                            3.63
xdut.sel_in__t41                             0
xdut.vss__t53                      3.58997e-12
xdut.\$118__t2                     2.27463e-09
xdut.rel_16_n__t2                         3.63
xdut.vss__t63                      5.49104e-11
xdut.\$120__t2                            3.63
xdut.hi_16_n__t2                             0
xdut.vss__t55                      2.90722e-12
xdut.\$122__t2                            3.63
xdut.lo_16_n__t2                             0
xdut.vss__t56                      2.63688e-12
xdut.vinn__t14                           1.815
xdut.sel_in__t30                             0
xdut.\$123__t20                          1.815
xdut.vcm__t33                            1.815
xdut.rel_16_n__t1                         3.63
xdut.\$123__t21                          1.815
xdut.vref__t30                            3.63
xdut.hi_16_n__t1                             0
xdut.\$123__t23                          1.815
xdut.vss__t29                      2.45976e-11
xdut.lo_16_n__t1                             0
xdut.\$123__t22                          1.815
xdut.\$124__t2                            3.63
xdut.sel_in__t48                             0
xdut.vss__t85                      5.76429e-12
xdut.\$126__t2                     2.32541e-09
xdut.rel_8_n__t2                          3.63
xdut.vss__t84                       1.0569e-10
xdut.\$128__t2                            3.63
xdut.hi_8_n__t2                              0
xdut.vss__t83                      6.67347e-12
xdut.\$130__t2                            3.63
xdut.lo_8_n__t2                              0
xdut.vss__t82                      7.13501e-12
xdut.vinn__t9                            1.815
xdut.sel_in__t20                             0
xdut.\$131__t12                          1.815
xdut.vcm__t23                            1.815
xdut.rel_8_n__t1                          3.63
xdut.\$131__t13                          1.815
xdut.vref__t22                            3.63
xdut.hi_8_n__t1                              0
xdut.\$131__t15                          1.815
xdut.vss__t23                       7.8085e-11
xdut.lo_8_n__t1                              0
xdut.\$131__t14                          1.815
xdut.\$132__t2                            3.63
xdut.sel_in__t47                             0
xdut.vss__t81                      1.35214e-11
xdut.\$134__t2                     2.45782e-09
xdut.rel_4_n__t2                          3.63
xdut.vss__t80                      2.38102e-10
xdut.\$136__t2                            3.63
xdut.hi_4_n__t2                              0
xdut.vss__t79                      1.44872e-11
xdut.\$138__t2                            3.63
xdut.lo_4_n__t2                              0
xdut.vss__t78                      1.49708e-11
xdut.vinn__t12                           1.815
xdut.sel_in__t25                             0
xdut.\$139__t8                           1.815
xdut.vcm__t30                            1.815
xdut.rel_4_n__t1                          3.63
xdut.\$139__t9                           1.815
xdut.vref__t35                            3.63
xdut.hi_4_n__t1                              0
xdut.\$139__t11                          1.815
xdut.vss__t34                      1.45196e-10
xdut.lo_4_n__t1                              0
xdut.\$139__t10                          1.815
xdut.\$140__t2                            3.63
xdut.sel_in__t44                             0
xdut.vss__t68                       2.1487e-11
xdut.\$142__t2                     2.59333e-09
xdut.rel_2_n__t2                          3.63
xdut.vss__t67                      3.73606e-10
xdut.\$144__t2                            3.63
xdut.hi_2_n__t2                              0
xdut.vss__t66                      2.24608e-11
xdut.\$146__t2                            3.63
xdut.lo_2_n__t2                              0
xdut.vss__t65                      2.29478e-11
xdut.vinn__t10                           1.815
xdut.sel_in__t22                             0
xdut.\$147__t6                           1.815
xdut.vcm__t25                            1.815
xdut.rel_2_n__t1                          3.63
xdut.\$147__t7                           1.815
xdut.\$166__t2                            3.63
xdut.tp_gn__t4                               0
xdut.vss__t104                     2.52976e-11
xdut.vref__t19                            3.63
xdut.hi_2_n__t1                              0
xdut.\$147__t8                           1.815
xdut.vcm__t35                            1.815
xdut.tp_gn__t3                               0
xdut.topp__t513                        1.73319
xdut.vss__t22                      2.13445e-10
xdut.lo_2_n__t1                              0
xdut.\$147__t9                           1.815
xdut.\$167__t2                            3.63
xdut.tp_gn__t5                               0
xdut.vss__t105                     2.74312e-11
xdut.vcm__t24                            1.815
xdut.tp_gn__t2                               0
xdut.topn__t513                         1.9021
xdut.\$148__t2                            3.63
xdut.sel_in__t46                             0
xdut.vss__t76                      2.94926e-11
xdut.\$150__t2                     2.72946e-09
xdut.rel_1_n__t2                          3.63
xdut.vss__t75                      5.09742e-10
xdut.\$152__t2                            3.63
xdut.hi_1_n__t2                              0
xdut.vss__t86                      3.04689e-11
xdut.\$154__t2                            3.63
xdut.lo_1_n__t2                              0
xdut.vss__t73                      3.09571e-11
xdut.vinn__t11                           1.815
xdut.sel_in__t23                             0
xdut.\$155__t8                           1.815
xdut.vcm__t27                            1.815
xdut.rel_1_n__t1                          3.63
xdut.\$155__t7                           1.815
xdut.vref__t21                            3.63
xdut.hi_1_n__t1                              0
xdut.\$155__t6                           1.815
xdut.vss__t21                      2.82008e-10
xdut.lo_1_n__t1                              0
xdut.\$155__t5                           1.815
xdut.\$65__t1                             3.63
xdut.sel_in__t2                              0
xdut.vdd__t0                              3.63
xdut.\$27__t1                      3.63426e-09
xdut.rel_256_p__t0                        3.63
xdut.vdd__t50                             3.63
xdut.\$29__t1                             3.63
xdut.hi_256_p__t0                            0
xdut.vdd__t49                             3.63
xdut.\$9__t1                              3.63
xdut.lo_256_p__t0                            0
xdut.vdd__t48                             3.63
xdut.vinp__t1                       0.00443116
xdut.\$65__t2                             3.63
xdut.\$10__t1                            1.815
xdut.vcm__t6                             1.815
xdut.\$27__t0                      3.48758e-09
xdut.\$10__t260                          1.815
xdut.vref__t1                             3.63
xdut.\$29__t0                             3.63
xdut.\$10__t259                          1.815
xdut.vss__t1                       6.67341e-10
xdut.\$9__t0                              3.63
xdut.\$10__t258                          1.815
xdut.\$67__t1                             3.63
xdut.sel_in__t13                             0
xdut.vdd__t47                             3.63
xdut.\$31__t1                      3.49834e-09
xdut.rel_128_p__t0                        3.63
xdut.vdd__t46                             3.63
xdut.\$33__t1                             3.63
xdut.hi_128_p__t0                            0
xdut.vdd__t45                             3.63
xdut.\$11__t1                             3.63
xdut.lo_128_p__t0                            0
xdut.vdd__t44                             3.63
xdut.vinp__t4                       0.00443116
xdut.\$67__t0                             3.63
xdut.\$12__t130                          1.815
xdut.vcm__t9                             1.815
xdut.\$31__t0                      3.35166e-09
xdut.\$12__t131                          1.815
xdut.vref__t2                             3.63
xdut.\$33__t0                             3.63
xdut.\$12__t129                          1.815
xdut.vss__t2                       4.73376e-10
xdut.\$11__t0                             3.63
xdut.\$12__t128                          1.815
xdut.\$69__t1                             3.63
xdut.sel_in__t5                              0
xdut.vdd__t13                             3.63
xdut.\$35__t1                      3.36307e-09
xdut.rel_64_p__t0                         3.63
xdut.vdd__t11                             3.63
xdut.\$37__t1                             3.63
xdut.hi_64_p__t0                             0
xdut.vdd__t10                             3.63
xdut.\$13__t1                             3.63
xdut.lo_64_p__t0                             0
xdut.vdd__t19                             3.63
xdut.vinp__t2                       0.00443116
xdut.\$69__t0                             3.63
xdut.\$14__t64                           1.815
xdut.vcm__t12                            1.815
xdut.\$35__t0                      3.21639e-09
xdut.\$14__t65                           1.815
xdut.vref__t11                            3.63
xdut.\$37__t0                             3.63
xdut.\$14__t67                           1.815
xdut.vss__t13                      2.80291e-10
xdut.\$13__t0                             3.63
xdut.\$14__t66                           1.815
xdut.\$71__t1                             3.63
xdut.sel_in__t3                              0
xdut.vdd__t2                              3.63
xdut.\$39__t1                      3.22993e-09
xdut.rel_32_p__t0                         3.63
xdut.vdd__t3                              3.63
xdut.\$41__t1                             3.63
xdut.hi_32_p__t0                             0
xdut.vdd__t4                              3.63
xdut.\$15__t1                             3.63
xdut.lo_32_p__t0                             0
xdut.vdd__t6                              3.63
xdut.vinp__t6                       0.00443115
xdut.\$71__t0                             3.63
xdut.\$16__t35                           1.815
xdut.vcm__t14                            1.815
xdut.\$39__t0                      3.08325e-09
xdut.\$16__t34                           1.815
xdut.vref__t10                            3.63
xdut.\$41__t0                             3.63
xdut.\$16__t33                           1.815
xdut.vss__t12                      9.36912e-11
xdut.\$15__t0                             3.63
xdut.\$16__t32                           1.815
xdut.\$73__t1                             3.63
xdut.sel_in__t15                             0
xdut.vdd__t60                             3.63
xdut.\$43__t1                      3.11313e-09
xdut.rel_16_p__t0                         3.63
xdut.vdd__t43                             3.63
xdut.\$45__t1                             3.63
xdut.hi_16_p__t0                             0
xdut.vdd__t59                             3.63
xdut.\$17__t1                             3.63
xdut.lo_16_p__t0                             0
xdut.vdd__t58                             3.63
xdut.vinp__t5                       0.00443115
xdut.\$73__t0                             3.63
xdut.\$18__t16                           1.815
xdut.vcm__t7                             1.815
xdut.\$43__t0                      2.96645e-09
xdut.\$18__t17                           1.815
xdut.vref__t4                             3.63
xdut.\$45__t0                             3.63
xdut.\$18__t18                           1.815
xdut.vss__t4                       1.21369e-10
xdut.\$17__t0                             3.63
xdut.\$18__t19                           1.815
xdut.\$75__t1                             3.63
xdut.sel_in__t19                             0
xdut.vdd__t73                             3.63
xdut.\$47__t1                      3.15872e-09
xdut.rel_8_p__t0                          3.63
xdut.vdd__t68                             3.63
xdut.\$49__t1                             3.63
xdut.hi_8_p__t0                              0
xdut.vdd__t67                             3.63
xdut.\$19__t1                             3.63
xdut.lo_8_p__t0                              0
xdut.vdd__t63                             3.63
xdut.vinp__t3                       0.00443116
xdut.\$75__t0                             3.63
xdut.\$20__t8                            1.815
xdut.vcm__t5                             1.815
xdut.\$47__t0                      3.01204e-09
xdut.\$20__t9                            1.815
xdut.vref__t3                             3.63
xdut.\$49__t0                             3.63
xdut.\$20__t10                           1.815
xdut.vss__t3                       3.10515e-10
xdut.\$19__t0                             3.63
xdut.\$20__t11                           1.815
xdut.\$77__t1                             3.63
xdut.sel_in__t14                             0
xdut.vdd__t54                             3.63
xdut.\$51__t1                      3.28756e-09
xdut.rel_4_p__t0                          3.63
xdut.vdd__t55                             3.63
xdut.\$53__t1                             3.63
xdut.hi_4_p__t0                              0
xdut.vdd__t56                             3.63
xdut.\$21__t1                             3.63
xdut.lo_4_p__t0                              0
xdut.vdd__t32                             3.63
xdut.vinp__t8                       0.00443116
xdut.\$77__t0                             3.63
xdut.\$22__t4                            1.815
xdut.vcm__t17                            1.815
xdut.\$51__t0                      3.14088e-09
xdut.\$22__t5                            1.815
xdut.vref__t13                            3.63
xdut.\$53__t0                             3.63
xdut.\$22__t6                            1.815
xdut.vss__t15                      5.03832e-10
xdut.\$21__t0                             3.63
xdut.\$22__t7                            1.815
xdut.\$79__t1                             3.63
xdut.sel_in__t4                              0
xdut.vdd__t9                              3.63
xdut.\$55__t1                      3.42199e-09
xdut.rel_2_p__t0                          3.63
xdut.vdd__t8                              3.63
xdut.\$57__t1                             3.63
xdut.hi_2_p__t0                              0
xdut.vdd__t1                              3.63
xdut.\$23__t1                             3.63
xdut.lo_2_p__t0                              0
xdut.vdd__t7                              3.63
xdut.vinp__t7                       0.00443116
xdut.\$79__t0                             3.63
xdut.\$24__t3                            1.815
xdut.vcm__t19                            1.815
xdut.\$55__t0                      3.27531e-09
xdut.\$24__t4                            1.815
xdut.vref__t16                            3.63
xdut.\$57__t0                             3.63
xdut.\$24__t5                            1.815
xdut.vss__t5                       6.97861e-10
xdut.\$23__t0                             3.63
xdut.\$24__t2                            1.815
xdut.\$81__t1                             3.63
xdut.sel_in__t16                             0
xdut.vdd__t62                             3.63
xdut.\$59__t1                      3.55762e-09
xdut.rel_1_p__t0                          3.63
xdut.vdd__t66                             3.63
xdut.\$61__t1                             3.63
xdut.hi_1_p__t0                              0
xdut.vdd__t65                             3.63
xdut.\$25__t1                             3.63
xdut.lo_1_p__t0                              0
xdut.vdd__t64                             3.63
xdut.vinp__t9                       0.00443116
xdut.\$81__t0                             3.63
xdut.\$26__t2                            1.815
xdut.vcm__t21                            1.815
xdut.\$59__t0                      3.41094e-09
xdut.\$26__t3                            1.815
xdut.vref__t17                            3.63
xdut.\$61__t0                             3.63
xdut.\$26__t4                            1.815
xdut.vss__t17                      8.92139e-10
xdut.\$25__t0                             3.63
xdut.\$26__t1                            1.815
xdut.\$83__t1                             3.63
xdut.sel_in__t18                             0
xdut.vdd__t70                             3.63
xdut.\$85__t1                      3.63304e-09
xdut.rel_256_n__t0                        3.63
xdut.vdd__t71                             3.63
xdut.\$87__t1                             3.63
xdut.hi_256_n__t0                            0
xdut.vdd__t72                             3.63
xdut.\$89__t1                             3.63
xdut.lo_256_n__t0                            0
xdut.vdd__t51                             3.63
xdut.vinn__t6                            1.815
xdut.\$83__t0                             3.63
xdut.\$90__t256                          1.815
xdut.vcm__t16                            1.815
xdut.\$85__t0                      3.48636e-09
xdut.\$90__t257                          1.815
xdut.vref__t12                            3.63
xdut.\$87__t0                             3.63
xdut.\$90__t258                          1.815
xdut.vss__t14                      6.71573e-10
xdut.\$89__t0                             3.63
xdut.\$90__t259                          1.815
xdut.\$92__t1                             3.63
xdut.sel_in__t17                             0
xdut.vdd__t69                             3.63
xdut.\$94__t1                      3.49675e-09
xdut.rel_128_n__t0                        3.63
xdut.vdd__t52                             3.63
xdut.\$96__t1                             3.63
xdut.hi_128_n__t0                            0
xdut.vdd__t53                             3.63
xdut.\$98__t1                             3.63
xdut.lo_128_n__t0                            0
xdut.vdd__t57                             3.63
xdut.vinn__t7                            1.815
xdut.\$92__t0                             3.63
xdut.\$99__t128                          1.815
xdut.vcm__t18                            1.815
xdut.\$94__t0                      3.35007e-09
xdut.\$99__t129                          1.815
xdut.vref__t14                            3.63
xdut.\$96__t0                             3.63
xdut.\$99__t130                          1.815
xdut.vss__t18                      4.79324e-10
xdut.\$98__t0                             3.63
xdut.\$99__t131                          1.815
xdut.\$100__t1                            3.63
xdut.sel_in__t11                             0
xdut.vdd__t33                             3.63
xdut.\$102__t1                     3.36081e-09
xdut.rel_64_n__t0                         3.63
xdut.vdd__t34                             3.63
xdut.\$104__t1                            3.63
xdut.hi_64_n__t0                             0
xdut.vdd__t35                             3.63
xdut.\$106__t1                            3.63
xdut.lo_64_n__t0                             0
xdut.vdd__t36                             3.63
xdut.vinn__t8                            1.815
xdut.\$100__t0                            3.63
xdut.\$107__t67                          1.815
xdut.vcm__t20                            1.815
xdut.\$102__t0                     3.21413e-09
xdut.\$107__t65                          1.815
xdut.vref__t15                            3.63
xdut.\$104__t0                            3.63
xdut.\$107__t64                          1.815
xdut.vss__t16                      2.90223e-10
xdut.\$106__t0                            3.63
xdut.\$107__t66                          1.815
xdut.\$108__t1                            3.63
xdut.sel_in__t12                             0
xdut.vdd__t37                             3.63
xdut.\$110__t1                     3.22599e-09
xdut.rel_32_n__t0                         3.63
xdut.vdd__t38                             3.63
xdut.\$112__t1                            3.63
xdut.hi_32_n__t0                             0
xdut.vdd__t39                             3.63
xdut.\$114__t1                            3.63
xdut.lo_32_n__t0                             0
xdut.vdd__t40                             3.63
xdut.vinn__t0                            1.815
xdut.\$108__t0                            3.63
xdut.\$115__t32                          1.815
xdut.vcm__t8                             1.815
xdut.\$110__t0                     3.07931e-09
xdut.\$115__t35                          1.815
xdut.vref__t5                             3.63
xdut.\$112__t0                            3.63
xdut.\$115__t34                          1.815
xdut.vss__t6                       1.20186e-10
xdut.\$114__t0                            3.63
xdut.\$115__t33                          1.815
xdut.\$116__t1                            3.63
xdut.sel_in__t10                             0
xdut.vdd__t28                             3.63
xdut.\$118__t1                     3.10139e-09
xdut.rel_16_n__t0                         3.63
xdut.vdd__t27                             3.63
xdut.\$120__t1                            3.63
xdut.hi_16_n__t0                             0
xdut.vdd__t26                             3.63
xdut.\$122__t1                            3.63
xdut.lo_16_n__t0                             0
xdut.vdd__t25                             3.63
xdut.vinn__t2                            1.815
xdut.\$116__t0                            3.63
xdut.\$123__t19                          1.815
xdut.vcm__t10                            1.815
xdut.\$118__t0                     2.95471e-09
xdut.\$123__t18                          1.815
xdut.vref__t6                             3.63
xdut.\$120__t0                            3.63
xdut.\$123__t17                          1.815
xdut.vss__t7                       1.42818e-10
xdut.\$122__t0                            3.63
xdut.\$123__t16                          1.815
xdut.\$124__t1                            3.63
xdut.sel_in__t9                              0
xdut.vdd__t24                             3.63
xdut.\$126__t1                     3.15217e-09
xdut.rel_8_n__t0                          3.63
xdut.vdd__t23                             3.63
xdut.\$128__t1                            3.63
xdut.hi_8_n__t0                              0
xdut.vdd__t22                             3.63
xdut.\$130__t1                            3.63
xdut.lo_8_n__t0                              0
xdut.vdd__t21                             3.63
xdut.vinn__t1                            1.815
xdut.\$124__t0                            3.63
xdut.\$131__t10                          1.815
xdut.vcm__t4                             1.815
xdut.\$126__t0                     3.00549e-09
xdut.\$131__t8                           1.815
xdut.vref__t0                             3.63
xdut.\$128__t0                            3.63
xdut.\$131__t9                           1.815
xdut.vss__t11                       3.1951e-10
xdut.\$130__t0                            3.63
xdut.\$131__t11                          1.815
xdut.\$132__t1                            3.63
xdut.sel_in__t8                              0
xdut.vdd__t20                             3.63
xdut.\$134__t1                     3.28458e-09
xdut.rel_4_n__t0                          3.63
xdut.vdd__t61                             3.63
xdut.\$136__t1                            3.63
xdut.hi_4_n__t0                              0
xdut.vdd__t29                             3.63
xdut.\$138__t1                            3.63
xdut.lo_4_n__t0                              0
xdut.vdd__t41                             3.63
xdut.vinn__t5                            1.815
xdut.\$132__t0                            3.63
xdut.\$139__t7                           1.815
xdut.vcm__t13                            1.815
xdut.\$134__t0                      3.1379e-09
xdut.\$139__t6                           1.815
xdut.vref__t9                             3.63
xdut.\$136__t0                            3.63
xdut.\$139__t5                           1.815
xdut.vss__t10                      5.09424e-10
xdut.\$138__t0                            3.63
xdut.\$139__t4                           1.815
xdut.\$140__t1                            3.63
xdut.sel_in__t6                              0
xdut.vdd__t14                             3.63
xdut.\$142__t1                     3.42008e-09
xdut.rel_2_n__t0                          3.63
xdut.vdd__t15                             3.63
xdut.\$144__t1                            3.63
xdut.hi_2_n__t0                              0
xdut.vdd__t16                             3.63
xdut.\$146__t1                            3.63
xdut.lo_2_n__t0                              0
xdut.vdd__t18                             3.63
xdut.vinn__t4                            1.815
xdut.\$140__t0                            3.63
xdut.\$147__t4                           1.815
xdut.vcm__t15                            1.815
xdut.\$142__t0                      3.2734e-09
xdut.\$147__t5                           1.815
xdut.vref__t8                             3.63
xdut.\$144__t0                            3.63
xdut.\$147__t3                           1.815
xdut.vss__t9                       7.01909e-10
xdut.\$146__t0                            3.63
xdut.\$147__t2                           1.815
xdut.\$148__t1                            3.63
xdut.sel_in__t7                              0
xdut.vdd__t17                             3.63
xdut.\$150__t1                     3.55622e-09
xdut.rel_1_n__t0                          3.63
xdut.vdd__t12                             3.63
xdut.\$152__t1                            3.63
xdut.hi_1_n__t0                              0
xdut.vdd__t30                             3.63
xdut.\$154__t1                            3.63
xdut.lo_1_n__t0                              0
xdut.vdd__t5                              3.63
xdut.vinn__t3                            1.815
xdut.\$148__t0                            3.63
xdut.\$155__t4                           1.815
xdut.vcm__t11                            1.815
xdut.\$150__t0                     3.40954e-09
xdut.\$155__t3                           1.815
xdut.vref__t7                             3.63
xdut.\$152__t0                            3.63
xdut.\$155__t2                           1.815
xdut.vss__t8                       8.95309e-10
xdut.\$154__t0                            3.63
xdut.\$155__t1                           1.815
xdut.\$166__t1                            3.63
xdut.tp_gn__t1                               0
xdut.vdd__t42                             3.63
xdut.vcm__t3                             1.815
xdut.\$166__t0                            3.63
xdut.topp__t512                        1.73319
xdut.\$167__t1                            3.63
xdut.tp_gn__t0                               0
xdut.vdd__t31                             3.63
xdut.vcm__t2                             1.815
xdut.\$167__t0                            3.63
xdut.topn__t512                         1.9021
xdut.\$10__t177                          1.815
xdut.topp__t350                        1.73319
xdut.\$24__t1                            1.815
xdut.topp__t349                        1.73319
xdut.\$10__t176                          1.815
xdut.topp__t348                        1.73319
xdut.\$22__t2                            1.815
xdut.topp__t347                        1.73319
xdut.\$10__t175                          1.815
xdut.topp__t346                        1.73319
xdut.\$20__t5                            1.815
xdut.topp__t345                        1.73319
xdut.\$10__t174                          1.815
xdut.topp__t344                        1.73319
xdut.\$20__t4                            1.815
xdut.topp__t343                        1.73319
xdut.\$10__t173                          1.815
xdut.topp__t342                        1.73319
xdut.\$18__t12                           1.815
xdut.topp__t341                        1.73319
xdut.\$10__t172                          1.815
xdut.topp__t340                        1.73319
xdut.\$18__t11                           1.815
xdut.topp__t339                        1.73319
xdut.\$10__t171                          1.815
xdut.topp__t338                        1.73319
xdut.\$18__t15                           1.815
xdut.topp__t494                        1.73319
xdut.\$10__t248                          1.815
xdut.topp__t493                        1.73319
xdut.\$18__t14                           1.815
xdut.topp__t492                        1.73319
xdut.\$10__t247                          1.815
xdut.topp__t491                        1.73319
xdut.\$16__t26                           1.815
xdut.topp__t490                        1.73319
xdut.\$10__t257                          1.815
xdut.topp__t510                        1.73319
xdut.\$16__t24                           1.815
xdut.topp__t337                        1.73319
xdut.\$10__t178                          1.815
xdut.topp__t351                        1.73319
xdut.\$16__t25                           1.815
xdut.topp__t488                        1.73319
xdut.\$10__t252                          1.815
xdut.topp__t503                        1.73319
xdut.\$16__t31                           1.815
xdut.topp__t502                        1.73319
xdut.\$10__t251                          1.815
xdut.topp__t501                        1.73319
xdut.\$16__t30                           1.815
xdut.topp__t500                        1.73319
xdut.\$10__t250                          1.815
xdut.topp__t499                        1.73319
xdut.\$16__t29                           1.815
xdut.topp__t498                        1.73319
xdut.\$10__t249                          1.815
xdut.topp__t497                        1.73319
xdut.\$16__t28                           1.815
xdut.topp__t496                        1.73319
xdut.\$10__t253                          1.815
xdut.topp__t504                        1.73319
xdut.\$16__t27                           1.815
xdut.topp__t495                        1.73319
xdut.\$90__t224                          1.815
xdut.topn__t446                         1.9021
xdut.\$147__t1                           1.815
xdut.topn__t445                         1.9021
xdut.\$90__t223                          1.815
xdut.topn__t444                         1.9021
xdut.\$139__t3                           1.815
xdut.topn__t443                         1.9021
xdut.\$90__t222                          1.815
xdut.topn__t442                         1.9021
xdut.\$131__t5                           1.815
xdut.topn__t441                         1.9021
xdut.\$90__t221                          1.815
xdut.topn__t440                         1.9021
xdut.\$131__t4                           1.815
xdut.topn__t439                         1.9021
xdut.\$90__t186                          1.815
xdut.topn__t368                         1.9021
xdut.\$123__t12                          1.815
xdut.topn__t383                         1.9021
xdut.\$90__t185                          1.815
xdut.topn__t366                         1.9021
xdut.\$123__t9                           1.815
xdut.topn__t365                         1.9021
xdut.\$90__t184                          1.815
xdut.topn__t364                         1.9021
xdut.\$123__t8                           1.815
xdut.topn__t363                         1.9021
xdut.\$90__t183                          1.815
xdut.topn__t362                         1.9021
xdut.\$123__t7                           1.815
xdut.topn__t361                         1.9021
xdut.\$90__t182                          1.815
xdut.topn__t360                         1.9021
xdut.\$115__t21                          1.815
xdut.topn__t359                         1.9021
xdut.\$90__t181                          1.815
xdut.topn__t358                         1.9021
xdut.\$115__t20                          1.815
xdut.topn__t357                         1.9021
xdut.\$90__t191                          1.815
xdut.topn__t377                         1.9021
xdut.\$115__t25                          1.815
xdut.topn__t376                         1.9021
xdut.\$90__t190                          1.815
xdut.topn__t375                         1.9021
xdut.\$115__t24                          1.815
xdut.topn__t374                         1.9021
xdut.\$90__t189                          1.815
xdut.topn__t373                         1.9021
xdut.\$115__t23                          1.815
xdut.topn__t372                         1.9021
xdut.\$90__t188                          1.815
xdut.topn__t371                         1.9021
xdut.\$115__t22                          1.815
xdut.topn__t370                         1.9021
xdut.\$90__t187                          1.815
xdut.topn__t369                         1.9021
xdut.\$115__t27                          1.815
xdut.topn__t381                         1.9021
xdut.\$90__t192                          1.815
xdut.topn__t380                         1.9021
xdut.\$115__t26                          1.815
xdut.topn__t379                         1.9021
xdut.\$10__t179                          1.815
xdut.topp__t352                        1.73319
xdut.\$14__t43                           1.815
xdut.topp__t353                        1.73319
xdut.\$10__t180                          1.815
xdut.topp__t354                        1.73319
xdut.\$14__t44                           1.815
xdut.topp__t355                        1.73319
xdut.\$10__t181                          1.815
xdut.topp__t356                        1.73319
xdut.\$14__t45                           1.815
xdut.topp__t357                        1.73319
xdut.\$10__t182                          1.815
xdut.topp__t358                        1.73319
xdut.\$14__t46                           1.815
xdut.topp__t359                        1.73319
xdut.\$10__t183                          1.815
xdut.topp__t360                        1.73319
xdut.\$14__t47                           1.815
xdut.topp__t361                        1.73319
xdut.\$10__t184                          1.815
xdut.topp__t362                        1.73319
xdut.\$14__t48                           1.815
xdut.topp__t363                        1.73319
xdut.\$10__t185                          1.815
xdut.topp__t364                        1.73319
xdut.\$14__t49                           1.815
xdut.topp__t365                        1.73319
xdut.\$10__t186                          1.815
xdut.topp__t366                        1.73319
xdut.\$14__t58                           1.815
xdut.topp__t383                        1.73319
xdut.\$10__t187                          1.815
xdut.topp__t368                        1.73319
xdut.\$14__t51                           1.815
xdut.topp__t369                        1.73319
xdut.\$10__t188                          1.815
xdut.topp__t370                        1.73319
xdut.\$14__t52                           1.815
xdut.topp__t371                        1.73319
xdut.\$10__t189                          1.815
xdut.topp__t372                        1.73319
xdut.\$14__t53                           1.815
xdut.topp__t373                        1.73319
xdut.\$10__t190                          1.815
xdut.topp__t374                        1.73319
xdut.\$14__t54                           1.815
xdut.topp__t375                        1.73319
xdut.\$10__t191                          1.815
xdut.topp__t376                        1.73319
xdut.\$14__t55                           1.815
xdut.topp__t377                        1.73319
xdut.\$10__t192                          1.815
xdut.topp__t378                        1.73319
xdut.\$14__t56                           1.815
xdut.topp__t379                        1.73319
xdut.\$10__t193                          1.815
xdut.topp__t380                        1.73319
xdut.\$14__t57                           1.815
xdut.topp__t381                        1.73319
xdut.\$10__t194                          1.815
xdut.topp__t382                        1.73319
xdut.\$14__t50                           1.815
xdut.topp__t367                        1.73319
xdut.\$90__t146                          1.815
xdut.topn__t288                         1.9021
xdut.\$107__t30                          1.815
xdut.topn__t289                         1.9021
xdut.\$90__t147                          1.815
xdut.topn__t290                         1.9021
xdut.\$107__t31                          1.815
xdut.topn__t291                         1.9021
xdut.\$90__t148                          1.815
xdut.topn__t292                         1.9021
xdut.\$107__t32                          1.815
xdut.topn__t293                         1.9021
xdut.\$90__t149                          1.815
xdut.topn__t294                         1.9021
xdut.\$107__t33                          1.815
xdut.topn__t295                         1.9021
xdut.\$90__t150                          1.815
xdut.topn__t296                         1.9021
xdut.\$107__t34                          1.815
xdut.topn__t297                         1.9021
xdut.\$90__t151                          1.815
xdut.topn__t298                         1.9021
xdut.\$107__t35                          1.815
xdut.topn__t299                         1.9021
xdut.\$90__t152                          1.815
xdut.topn__t300                         1.9021
xdut.\$107__t36                          1.815
xdut.topn__t301                         1.9021
xdut.\$90__t153                          1.815
xdut.topn__t302                         1.9021
xdut.\$107__t44                          1.815
xdut.topn__t319                         1.9021
xdut.\$90__t155                          1.815
xdut.topn__t304                         1.9021
xdut.\$107__t37                          1.815
xdut.topn__t305                         1.9021
xdut.\$90__t156                          1.815
xdut.topn__t306                         1.9021
xdut.\$107__t38                          1.815
xdut.topn__t307                         1.9021
xdut.\$90__t157                          1.815
xdut.topn__t308                         1.9021
xdut.\$107__t39                          1.815
xdut.topn__t309                         1.9021
xdut.\$90__t158                          1.815
xdut.topn__t310                         1.9021
xdut.\$107__t40                          1.815
xdut.topn__t311                         1.9021
xdut.\$90__t159                          1.815
xdut.topn__t312                         1.9021
xdut.\$107__t41                          1.815
xdut.topn__t313                         1.9021
xdut.\$90__t160                          1.815
xdut.topn__t314                         1.9021
xdut.\$107__t42                          1.815
xdut.topn__t315                         1.9021
xdut.\$90__t161                          1.815
xdut.topn__t316                         1.9021
xdut.\$107__t43                          1.815
xdut.topn__t317                         1.9021
xdut.\$90__t162                          1.815
xdut.topn__t318                         1.9021
xdut.\$107__t45                          1.815
xdut.topn__t335                         1.9021
xdut.\$10__t234                          1.815
xdut.topp__t463                        1.73319
xdut.\$12__t111                          1.815
xdut.topp__t462                        1.73319
xdut.\$10__t233                          1.815
xdut.topp__t461                        1.73319
xdut.\$12__t110                          1.815
xdut.topp__t460                        1.73319
xdut.\$10__t232                          1.815
xdut.topp__t459                        1.73319
xdut.\$12__t109                          1.815
xdut.topp__t458                        1.73319
xdut.\$10__t231                          1.815
xdut.topp__t457                        1.73319
xdut.\$12__t108                          1.815
xdut.topp__t456                        1.73319
xdut.\$10__t246                          1.815
xdut.topp__t489                        1.73319
xdut.\$12__t113                          1.815
xdut.topp__t466                        1.73319
xdut.\$10__t104                          1.815
xdut.topp__t207                        1.73319
xdut.\$12__t122                          1.815
xdut.topp__t483                        1.73319
xdut.\$10__t243                          1.815
xdut.topp__t482                        1.73319
xdut.\$12__t121                          1.815
xdut.topp__t481                        1.73319
xdut.\$10__t242                          1.815
xdut.topp__t480                        1.73319
xdut.\$12__t116                          1.815
xdut.topp__t472                        1.73319
xdut.\$10__t245                          1.815
xdut.topp__t487                        1.73319
xdut.\$12__t115                          1.815
xdut.topp__t470                        1.73319
xdut.\$10__t237                          1.815
xdut.topp__t469                        1.73319
xdut.\$12__t103                          1.815
xdut.topp__t448                        1.73319
xdut.\$10__t238                          1.815
xdut.topp__t471                        1.73319
xdut.\$12__t80                           1.815
xdut.topp__t313                        1.73319
xdut.\$10__t206                          1.815
xdut.topp__t408                        1.73319
xdut.\$12__t87                           1.815
xdut.topp__t407                        1.73319
xdut.\$10__t216                          1.815
xdut.topp__t426                        1.73319
xdut.\$12__t95                           1.815
xdut.topp__t425                        1.73319
xdut.\$10__t215                          1.815
xdut.topp__t424                        1.73319
xdut.\$12__t94                           1.815
xdut.topp__t423                        1.73319
xdut.\$10__t214                          1.815
xdut.topp__t422                        1.73319
xdut.\$12__t98                           1.815
xdut.topp__t437                        1.73319
xdut.\$10__t212                          1.815
xdut.topp__t420                        1.73319
xdut.\$12__t93                           1.815
xdut.topp__t419                        1.73319
xdut.\$90__t239                          1.815
xdut.topn__t479                         1.9021
xdut.\$99__t121                          1.815
xdut.topn__t478                         1.9021
xdut.\$90__t238                          1.815
xdut.topn__t477                         1.9021
xdut.\$99__t120                          1.815
xdut.topn__t476                         1.9021
xdut.\$90__t237                          1.815
xdut.topn__t475                         1.9021
xdut.\$99__t119                          1.815
xdut.topn__t474                         1.9021
xdut.\$90__t236                          1.815
xdut.topn__t473                         1.9021
xdut.\$99__t118                          1.815
xdut.topn__t472                         1.9021
xdut.\$90__t66                           1.815
xdut.topn__t129                         1.9021
xdut.\$99__t41                           1.815
xdut.topn__t118                         1.9021
xdut.\$90__t54                           1.815
xdut.topn__t107                         1.9021
xdut.\$99__t35                           1.815
xdut.topn__t106                         1.9021
xdut.\$90__t53                           1.815
xdut.topn__t105                         1.9021
xdut.\$99__t34                           1.815
xdut.topn__t104                         1.9021
xdut.\$90__t68                           1.815
xdut.topn__t133                         1.9021
xdut.\$99__t47                           1.815
xdut.topn__t132                         1.9021
xdut.\$90__t67                           1.815
xdut.topn__t131                         1.9021
xdut.\$99__t46                           1.815
xdut.topn__t130                         1.9021
xdut.\$90__t241                          1.815
xdut.topn__t484                         1.9021
xdut.\$99__t15                           1.815
xdut.topn__t40                          1.9021
xdut.\$90__t24                           1.815
xdut.topn__t49                          1.9021
xdut.\$99__t19                           1.815
xdut.topn__t48                          1.9021
xdut.\$90__t23                           1.815
xdut.topn__t47                          1.9021
xdut.\$99__t18                           1.815
xdut.topn__t46                          1.9021
xdut.\$90__t22                           1.815
xdut.topn__t45                          1.9021
xdut.\$99__t17                           1.815
xdut.topn__t44                          1.9021
xdut.\$90__t21                           1.815
xdut.topn__t43                          1.9021
xdut.\$99__t16                           1.815
xdut.topn__t42                          1.9021
xdut.\$90__t20                           1.815
xdut.topn__t41                          1.9021
xdut.\$99__t8                            1.815
xdut.topn__t26                          1.9021
xdut.\$90__t12                           1.815
xdut.topn__t25                          1.9021
xdut.\$99__t23                           1.815
xdut.topn__t56                          1.9021
xdut.\$10__t229                          1.815
xdut.topp__t452                        1.73319
xdut.\$12__t105                          1.815
xdut.topp__t451                        1.73319
xdut.\$10__t228                          1.815
xdut.topp__t450                        1.73319
xdut.\$12__t104                          1.815
xdut.topp__t449                        1.73319
xdut.\$10__t72                           1.815
xdut.topp__t144                        1.73319
xdut.\$12__t37                           1.815
xdut.topp__t143                        1.73319
xdut.\$10__t71                           1.815
xdut.topp__t142                        1.73319
xdut.\$12__t36                           1.815
xdut.topp__t141                        1.73319
xdut.\$10__t235                          1.815
xdut.topp__t465                        1.73319
xdut.\$12__t112                          1.815
xdut.topp__t464                        1.73319
xdut.\$10__t105                          1.815
xdut.topp__t209                        1.73319
xdut.\$12__t117                          1.815
xdut.topp__t473                        1.73319
xdut.\$10__t241                          1.815
xdut.topp__t479                        1.73319
xdut.\$12__t124                          1.815
xdut.topp__t486                        1.73319
xdut.\$10__t244                          1.815
xdut.topp__t485                        1.73319
xdut.\$12__t123                          1.815
xdut.topp__t484                        1.73319
xdut.\$10__t227                          1.815
xdut.topp__t447                        1.73319
xdut.\$12__t102                          1.815
xdut.topp__t446                        1.73319
xdut.\$10__t226                          1.815
xdut.topp__t445                        1.73319
xdut.\$12__t99                           1.815
xdut.topp__t439                        1.73319
xdut.\$10__t222                          1.815
xdut.topp__t438                        1.73319
xdut.\$12__t81                           1.815
xdut.topp__t332                        1.73319
xdut.\$10__t209                          1.815
xdut.topp__t414                        1.73319
xdut.\$12__t90                           1.815
xdut.topp__t413                        1.73319
xdut.\$10__t208                          1.815
xdut.topp__t412                        1.73319
xdut.\$12__t89                           1.815
xdut.topp__t411                        1.73319
xdut.\$10__t207                          1.815
xdut.topp__t410                        1.73319
xdut.\$12__t88                           1.815
xdut.topp__t409                        1.73319
xdut.\$10__t211                          1.815
xdut.topp__t418                        1.73319
xdut.\$12__t92                           1.815
xdut.topp__t417                        1.73319
xdut.\$10__t210                          1.815
xdut.topp__t416                        1.73319
xdut.\$12__t91                           1.815
xdut.topp__t415                        1.73319
xdut.\$90__t232                          1.815
xdut.topn__t463                         1.9021
xdut.\$99__t113                          1.815
xdut.topn__t462                         1.9021
xdut.\$90__t231                          1.815
xdut.topn__t461                         1.9021
xdut.\$99__t112                          1.815
xdut.topn__t460                         1.9021
xdut.\$90__t230                          1.815
xdut.topn__t459                         1.9021
xdut.\$99__t111                          1.815
xdut.topn__t458                         1.9021
xdut.\$90__t229                          1.815
xdut.topn__t457                         1.9021
xdut.\$99__t110                          1.815
xdut.topn__t456                         1.9021
xdut.\$90__t65                           1.815
xdut.topn__t128                         1.9021
xdut.\$99__t45                           1.815
xdut.topn__t127                         1.9021
xdut.\$90__t64                           1.815
xdut.topn__t126                         1.9021
xdut.\$99__t44                           1.815
xdut.topn__t125                         1.9021
xdut.\$90__t63                           1.815
xdut.topn__t124                         1.9021
xdut.\$99__t43                           1.815
xdut.topn__t123                         1.9021
xdut.\$90__t62                           1.815
xdut.topn__t122                         1.9021
xdut.\$99__t42                           1.815
xdut.topn__t121                         1.9021
xdut.\$90__t61                           1.815
xdut.topn__t120                         1.9021
xdut.\$99__t49                           1.815
xdut.topn__t135                         1.9021
xdut.\$90__t242                          1.815
xdut.topn__t485                         1.9021
xdut.\$99__t22                           1.815
xdut.topn__t55                          1.9021
xdut.\$90__t14                           1.815
xdut.topn__t29                          1.9021
xdut.\$99__t9                            1.815
xdut.topn__t28                          1.9021
xdut.\$90__t13                           1.815
xdut.topn__t27                          1.9021
xdut.\$99__t32                           1.815
xdut.topn__t87                          1.9021
xdut.\$90__t27                           1.815
xdut.topn__t54                          1.9021
xdut.\$99__t21                           1.815
xdut.topn__t53                          1.9021
xdut.\$90__t26                           1.815
xdut.topn__t52                          1.9021
xdut.\$99__t20                           1.815
xdut.topn__t51                          1.9021
xdut.\$90__t25                           1.815
xdut.topn__t50                          1.9021
xdut.\$99__t26                           1.815
xdut.topn__t65                          1.9021
xdut.\$90__t32                           1.815
xdut.topn__t64                          1.9021
xdut.\$99__t25                           1.815
xdut.topn__t63                          1.9021
xdut.\$12__t107                          1.815
xdut.topp__t455                        1.73319
xdut.\$10__t230                          1.815
xdut.topp__t454                        1.73319
xdut.\$12__t106                          1.815
xdut.topp__t453                        1.73319
xdut.\$10__t68                           1.815
xdut.topp__t136                        1.73319
xdut.\$12__t114                          1.815
xdut.topp__t467                        1.73319
xdut.\$10__t236                          1.815
xdut.topp__t468                        1.73319
xdut.\$12__t35                           1.815
xdut.topp__t140                        1.73319
xdut.\$10__t70                           1.815
xdut.topp__t139                        1.73319
xdut.\$12__t34                           1.815
xdut.topp__t138                        1.73319
xdut.\$10__t69                           1.815
xdut.topp__t137                        1.73319
xdut.\$12__t50                           1.815
xdut.topp__t205                        1.73319
xdut.\$10__t225                          1.815
xdut.topp__t444                        1.73319
xdut.\$12__t101                          1.815
xdut.topp__t443                        1.73319
xdut.\$10__t224                          1.815
xdut.topp__t442                        1.73319
xdut.\$12__t100                          1.815
xdut.topp__t441                        1.73319
xdut.\$10__t223                          1.815
xdut.topp__t440                        1.73319
xdut.\$12__t119                          1.815
xdut.topp__t476                        1.73319
xdut.\$10__t239                          1.815
xdut.topp__t475                        1.73319
xdut.\$12__t118                          1.815
xdut.topp__t474                        1.73319
xdut.\$10__t240                          1.815
xdut.topp__t478                        1.73319
xdut.\$12__t120                          1.815
xdut.topp__t477                        1.73319
xdut.\$10__t158                          1.815
xdut.topp__t315                        1.73319
xdut.\$12__t86                           1.815
xdut.topp__t406                        1.73319
xdut.\$10__t202                          1.815
xdut.topp__t399                        1.73319
xdut.\$12__t127                          1.815
xdut.topp__t511                        1.73319
xdut.\$10__t256                          1.815
xdut.topp__t509                        1.73319
xdut.\$12__t126                          1.815
xdut.topp__t508                        1.73319
xdut.\$10__t255                          1.815
xdut.topp__t507                        1.73319
xdut.\$12__t125                          1.815
xdut.topp__t506                        1.73319
xdut.\$10__t254                          1.815
xdut.topp__t505                        1.73319
xdut.\$12__t96                           1.815
xdut.topp__t428                        1.73319
xdut.\$10__t217                          1.815
xdut.topp__t427                        1.73319
xdut.\$99__t114                          1.815
xdut.topn__t465                         1.9021
xdut.\$90__t233                          1.815
xdut.topn__t464                         1.9021
xdut.\$99__t117                          1.815
xdut.topn__t471                         1.9021
xdut.\$90__t240                          1.815
xdut.topn__t480                         1.9021
xdut.\$99__t116                          1.815
xdut.topn__t469                         1.9021
xdut.\$90__t235                          1.815
xdut.topn__t468                         1.9021
xdut.\$99__t115                          1.815
xdut.topn__t467                         1.9021
xdut.\$90__t234                          1.815
xdut.topn__t466                         1.9021
xdut.\$99__t40                           1.815
xdut.topn__t117                         1.9021
xdut.\$90__t59                           1.815
xdut.topn__t116                         1.9021
xdut.\$99__t39                           1.815
xdut.topn__t115                         1.9021
xdut.\$90__t58                           1.815
xdut.topn__t114                         1.9021
xdut.\$99__t38                           1.815
xdut.topn__t113                         1.9021
xdut.\$90__t57                           1.815
xdut.topn__t112                         1.9021
xdut.\$99__t37                           1.815
xdut.topn__t111                         1.9021
xdut.\$90__t56                           1.815
xdut.topn__t110                         1.9021
xdut.\$99__t36                           1.815
xdut.topn__t109                         1.9021
xdut.\$90__t55                           1.815
xdut.topn__t108                         1.9021
xdut.\$99__t123                          1.815
xdut.topn__t486                         1.9021
xdut.\$90__t19                           1.815
xdut.topn__t39                          1.9021
xdut.\$99__t14                           1.815
xdut.topn__t38                          1.9021
xdut.\$90__t18                           1.815
xdut.topn__t37                          1.9021
xdut.\$99__t13                           1.815
xdut.topn__t36                          1.9021
xdut.\$90__t17                           1.815
xdut.topn__t35                          1.9021
xdut.\$99__t12                           1.815
xdut.topn__t34                          1.9021
xdut.\$90__t16                           1.815
xdut.topn__t33                          1.9021
xdut.\$99__t11                           1.815
xdut.topn__t32                          1.9021
xdut.\$90__t15                           1.815
xdut.topn__t31                          1.9021
xdut.\$99__t10                           1.815
xdut.topn__t30                          1.9021
xdut.\$90__t34                           1.815
xdut.topn__t68                          1.9021
xdut.\$99__t27                           1.815
xdut.topn__t67                          1.9021
xdut.\$90__t33                           1.815
xdut.topn__t66                          1.9021
xdut.\$12__t0                            1.815
xdut.topp__t0                          1.73319
xdut.\$10__t81                           1.815
xdut.topp__t162                        1.73319
xdut.\$12__t41                           1.815
xdut.topp__t161                        1.73319
xdut.\$10__t75                           1.815
xdut.topp__t150                        1.73319
xdut.\$12__t40                           1.815
xdut.topp__t149                        1.73319
xdut.\$10__t74                           1.815
xdut.topp__t148                        1.73319
xdut.\$12__t39                           1.815
xdut.topp__t147                        1.73319
xdut.\$10__t73                           1.815
xdut.topp__t146                        1.73319
xdut.\$12__t38                           1.815
xdut.topp__t145                        1.73319
xdut.\$10__t83                           1.815
xdut.topp__t165                        1.73319
xdut.\$12__t51                           1.815
xdut.topp__t206                        1.73319
xdut.\$10__t65                           1.815
xdut.topp__t132                        1.73319
xdut.\$12__t33                           1.815
xdut.topp__t131                        1.73319
xdut.\$10__t64                           1.815
xdut.topp__t130                        1.73319
xdut.\$12__t32                           1.815
xdut.topp__t129                        1.73319
xdut.\$10__t63                           1.815
xdut.topp__t128                        1.73319
xdut.\$12__t31                           1.815
xdut.topp__t127                        1.73319
xdut.\$10__t62                           1.815
xdut.topp__t126                        1.73319
xdut.\$12__t30                           1.815
xdut.topp__t125                        1.73319
xdut.\$10__t61                           1.815
xdut.topp__t124                        1.73319
xdut.\$12__t29                           1.815
xdut.topp__t123                        1.73319
xdut.\$10__t157                          1.815
xdut.topp__t311                        1.73319
xdut.\$12__t97                           1.815
xdut.topp__t430                        1.73319
xdut.\$10__t218                          1.815
xdut.topp__t429                        1.73319
xdut.\$12__t85                           1.815
xdut.topp__t404                        1.73319
xdut.\$10__t204                          1.815
xdut.topp__t403                        1.73319
xdut.\$12__t84                           1.815
xdut.topp__t402                        1.73319
xdut.\$10__t203                          1.815
xdut.topp__t401                        1.73319
xdut.\$12__t83                           1.815
xdut.topp__t400                        1.73319
xdut.\$10__t205                          1.815
xdut.topp__t405                        1.73319
xdut.\$12__t82                           1.815
xdut.topp__t398                        1.73319
xdut.\$10__t201                          1.815
xdut.topp__t397                        1.73319
xdut.\$99__t94                           1.815
xdut.topn__t395                         1.9021
xdut.\$90__t199                          1.815
xdut.topn__t394                         1.9021
xdut.\$99__t93                           1.815
xdut.topn__t393                         1.9021
xdut.\$90__t198                          1.815
xdut.topn__t392                         1.9021
xdut.\$99__t92                           1.815
xdut.topn__t391                         1.9021
xdut.\$90__t197                          1.815
xdut.topn__t390                         1.9021
xdut.\$99__t91                           1.815
xdut.topn__t389                         1.9021
xdut.\$90__t196                          1.815
xdut.topn__t388                         1.9021
xdut.\$99__t28                           1.815
xdut.topn__t72                          1.9021
xdut.\$90__t60                           1.815
xdut.topn__t119                         1.9021
xdut.\$99__t48                           1.815
xdut.topn__t134                         1.9021
xdut.\$90__t38                           1.815
xdut.topn__t77                          1.9021
xdut.\$99__t30                           1.815
xdut.topn__t76                          1.9021
xdut.\$90__t37                           1.815
xdut.topn__t75                          1.9021
xdut.\$99__t29                           1.815
xdut.topn__t74                          1.9021
xdut.\$90__t40                           1.815
xdut.topn__t80                          1.9021
xdut.\$99__t31                           1.815
xdut.topn__t79                          1.9021
xdut.\$90__t39                           1.815
xdut.topn__t78                          1.9021
xdut.\$99__t122                          1.815
xdut.topn__t481                         1.9021
xdut.\$90__t245                          1.815
xdut.topn__t492                         1.9021
xdut.\$99__t127                          1.815
xdut.topn__t503                         1.9021
xdut.\$90__t51                           1.815
xdut.topn__t102                         1.9021
xdut.\$99__t33                           1.815
xdut.topn__t101                         1.9021
xdut.\$90__t50                           1.815
xdut.topn__t100                         1.9021
xdut.\$99__t124                          1.815
xdut.topn__t487                         1.9021
xdut.\$90__t243                          1.815
xdut.topn__t488                         1.9021
xdut.\$99__t125                          1.815
xdut.topn__t489                         1.9021
xdut.\$90__t244                          1.815
xdut.topn__t490                         1.9021
xdut.\$99__t126                          1.815
xdut.topn__t491                         1.9021
xdut.\$90__t29                           1.815
xdut.topn__t59                          1.9021
xdut.\$99__t24                           1.815
xdut.topn__t58                          1.9021
xdut.\$90__t28                           1.815
xdut.topn__t57                          1.9021
xdut.\$14__t17                           1.815
xdut.topp__t110                        1.73319
xdut.\$10__t54                           1.815
xdut.topp__t109                        1.73319
xdut.\$14__t16                           1.815
xdut.topp__t108                        1.73319
xdut.\$10__t53                           1.815
xdut.topp__t107                        1.73319
xdut.\$14__t15                           1.815
xdut.topp__t106                        1.73319
xdut.\$10__t52                           1.815
xdut.topp__t105                        1.73319
xdut.\$14__t14                           1.815
xdut.topp__t104                        1.73319
xdut.\$10__t76                           1.815
xdut.topp__t151                        1.73319
xdut.\$14__t20                           1.815
xdut.topp__t164                        1.73319
xdut.\$10__t82                           1.815
xdut.topp__t163                        1.73319
xdut.\$14__t31                           1.815
xdut.topp__t208                        1.73319
xdut.\$10__t66                           1.815
xdut.topp__t134                        1.73319
xdut.\$14__t19                           1.815
xdut.topp__t133                        1.73319
xdut.\$10__t60                           1.815
xdut.topp__t122                        1.73319
xdut.\$14__t18                           1.815
xdut.topp__t116                        1.73319
xdut.\$10__t103                          1.815
xdut.topp__t203                        1.73319
xdut.\$14__t30                           1.815
xdut.topp__t202                        1.73319
xdut.\$10__t102                          1.815
xdut.topp__t201                        1.73319
xdut.\$14__t29                           1.815
xdut.topp__t200                        1.73319
xdut.\$10__t101                          1.815
xdut.topp__t199                        1.73319
xdut.\$14__t27                           1.815
xdut.topp__t182                        1.73319
xdut.\$10__t168                          1.815
xdut.topp__t334                        1.73319
xdut.\$14__t62                           1.815
xdut.topp__t390                        1.73319
xdut.\$10__t197                          1.815
xdut.topp__t389                        1.73319
xdut.\$14__t61                           1.815
xdut.topp__t388                        1.73319
xdut.\$10__t196                          1.815
xdut.topp__t387                        1.73319
xdut.\$14__t60                           1.815
xdut.topp__t386                        1.73319
xdut.\$10__t195                          1.815
xdut.topp__t385                        1.73319
xdut.\$14__t59                           1.815
xdut.topp__t384                        1.73319
xdut.\$10__t213                          1.815
xdut.topp__t421                        1.73319
xdut.\$14__t63                           1.815
xdut.topp__t436                        1.73319
xdut.\$10__t221                          1.815
xdut.topp__t435                        1.73319
xdut.\$107__t51                          1.815
xdut.topn__t405                         1.9021
xdut.\$90__t204                          1.815
xdut.topn__t404                         1.9021
xdut.\$107__t50                          1.815
xdut.topn__t403                         1.9021
xdut.\$90__t203                          1.815
xdut.topn__t402                         1.9021
xdut.\$107__t49                          1.815
xdut.topn__t401                         1.9021
xdut.\$90__t202                          1.815
xdut.topn__t400                         1.9021
xdut.\$107__t48                          1.815
xdut.topn__t399                         1.9021
xdut.\$90__t201                          1.815
xdut.topn__t398                         1.9021
xdut.\$107__t5                           1.815
xdut.topn__t73                          1.9021
xdut.\$90__t49                           1.815
xdut.topn__t99                          1.9021
xdut.\$107__t9                           1.815
xdut.topn__t98                          1.9021
xdut.\$90__t48                           1.815
xdut.topn__t97                          1.9021
xdut.\$107__t8                           1.815
xdut.topn__t86                          1.9021
xdut.\$90__t43                           1.815
xdut.topn__t85                          1.9021
xdut.\$107__t7                           1.815
xdut.topn__t84                          1.9021
xdut.\$90__t42                           1.815
xdut.topn__t83                          1.9021
xdut.\$107__t6                           1.815
xdut.topn__t82                          1.9021
xdut.\$90__t41                           1.815
xdut.topn__t81                          1.9021
xdut.\$107__t58                          1.815
xdut.topn__t482                         1.9021
xdut.\$90__t246                          1.815
xdut.topn__t493                         1.9021
xdut.\$107__t59                          1.815
xdut.topn__t494                         1.9021
xdut.\$90__t247                          1.815
xdut.topn__t495                         1.9021
xdut.\$107__t63                          1.815
xdut.topn__t511                         1.9021
xdut.\$90__t254                          1.815
xdut.topn__t509                         1.9021
xdut.\$107__t62                          1.815
xdut.topn__t508                         1.9021
xdut.\$90__t253                          1.815
xdut.topn__t507                         1.9021
xdut.\$107__t61                          1.815
xdut.topn__t506                         1.9021
xdut.\$90__t252                          1.815
xdut.topn__t505                         1.9021
xdut.\$107__t60                          1.815
xdut.topn__t504                         1.9021
xdut.\$90__t31                           1.815
xdut.topn__t62                          1.9021
xdut.\$107__t4                           1.815
xdut.topn__t61                          1.9021
xdut.\$90__t30                           1.815
xdut.topn__t60                          1.9021
xdut.\$16__t14                           1.815
xdut.topp__t160                        1.73319
xdut.\$10__t80                           1.815
xdut.topp__t159                        1.73319
xdut.\$16__t13                           1.815
xdut.topp__t158                        1.73319
xdut.\$10__t79                           1.815
xdut.topp__t157                        1.73319
xdut.\$16__t12                           1.815
xdut.topp__t156                        1.73319
xdut.\$10__t78                           1.815
xdut.topp__t155                        1.73319
xdut.\$16__t11                           1.815
xdut.topp__t154                        1.73319
xdut.\$10__t77                           1.815
xdut.topp__t153                        1.73319
xdut.\$16__t10                           1.815
xdut.topp__t152                        1.73319
xdut.\$10__t84                           1.815
xdut.topp__t166                        1.73319
xdut.\$16__t15                           1.815
xdut.topp__t204                        1.73319
xdut.\$10__t57                           1.815
xdut.topp__t115                        1.73319
xdut.\$16__t9                            1.815
xdut.topp__t114                        1.73319
xdut.\$10__t56                           1.815
xdut.topp__t113                        1.73319
xdut.\$16__t8                            1.815
xdut.topp__t112                        1.73319
xdut.\$10__t55                           1.815
xdut.topp__t111                        1.73319
xdut.\$18__t3                            1.815
xdut.topp__t117                        1.73319
xdut.\$10__t59                           1.815
xdut.topp__t121                        1.73319
xdut.\$18__t5                            1.815
xdut.topp__t120                        1.73319
xdut.\$10__t67                           1.815
xdut.topp__t135                        1.73319
xdut.\$18__t4                            1.815
xdut.topp__t118                        1.73319
xdut.\$10__t125                          1.815
xdut.topp__t247                        1.73319
xdut.\$18__t13                           1.815
xdut.topp__t432                        1.73319
xdut.\$10__t219                          1.815
xdut.topp__t431                        1.73319
xdut.\$20__t7                            1.815
xdut.topp__t396                        1.73319
xdut.\$10__t200                          1.815
xdut.topp__t395                        1.73319
xdut.\$20__t6                            1.815
xdut.topp__t394                        1.73319
xdut.\$10__t199                          1.815
xdut.topp__t393                        1.73319
xdut.\$22__t3                            1.815
xdut.topp__t392                        1.73319
xdut.\$10__t198                          1.815
xdut.topp__t391                        1.73319
xdut.\$26__t0                            1.815
xdut.topp__t434                        1.73319
xdut.\$10__t220                          1.815
xdut.topp__t433                        1.73319
xdut.\$115__t30                          1.815
xdut.topn__t397                         1.9021
xdut.\$90__t200                          1.815
xdut.topn__t396                         1.9021
xdut.\$115__t29                          1.815
xdut.topn__t387                         1.9021
xdut.\$90__t195                          1.815
xdut.topn__t386                         1.9021
xdut.\$115__t28                          1.815
xdut.topn__t385                         1.9021
xdut.\$90__t194                          1.815
xdut.topn__t384                         1.9021
xdut.\$115__t31                          1.815
xdut.topn__t407                         1.9021
xdut.\$90__t205                          1.815
xdut.topn__t406                         1.9021
xdut.\$115__t3                           1.815
xdut.topn__t96                          1.9021
xdut.\$90__t47                           1.815
xdut.topn__t95                          1.9021
xdut.\$115__t2                           1.815
xdut.topn__t94                          1.9021
xdut.\$90__t46                           1.815
xdut.topn__t93                          1.9021
xdut.\$115__t1                           1.815
xdut.topn__t92                          1.9021
xdut.\$90__t45                           1.815
xdut.topn__t91                          1.9021
xdut.\$115__t0                           1.815
xdut.topn__t90                          1.9021
xdut.\$90__t44                           1.815
xdut.topn__t89                          1.9021
xdut.\$123__t0                           1.815
xdut.topn__t88                          1.9021
xdut.\$90__t52                           1.815
xdut.topn__t103                         1.9021
xdut.\$123__t13                          1.815
xdut.topn__t483                         1.9021
xdut.\$90__t251                          1.815
xdut.topn__t502                         1.9021
xdut.\$123__t15                          1.815
xdut.topn__t501                         1.9021
xdut.\$90__t250                          1.815
xdut.topn__t500                         1.9021
xdut.\$123__t14                          1.815
xdut.topn__t499                         1.9021
xdut.\$90__t249                          1.815
xdut.topn__t498                         1.9021
xdut.\$131__t7                           1.815
xdut.topn__t497                         1.9021
xdut.\$90__t255                          1.815
xdut.topn__t510                         1.9021
xdut.\$131__t6                           1.815
xdut.topn__t470                         1.9021
xdut.\$90__t228                          1.815
xdut.topn__t455                         1.9021
xdut.\$139__t0                           1.815
xdut.topn__t0                           1.9021
xdut.\$90__t36                           1.815
xdut.topn__t71                          1.9021
xdut.\$155__t0                           1.815
xdut.topn__t70                          1.9021
xdut.\$90__t35                           1.815
xdut.topn__t69                          1.9021
xdut.\$10__t124                          1.815
xdut.topp__t246                        1.73319
xdut.vcm__t0                             1.815
xdut.topp__t245                        1.73319
xdut.\$10__t123                          1.815
xdut.topp__t244                        1.73319
xdut.\$22__t0                            1.815
xdut.topp__t243                        1.73319
xdut.\$10__t122                          1.815
xdut.topp__t242                        1.73319
xdut.\$20__t1                            1.815
xdut.topp__t241                        1.73319
xdut.\$10__t121                          1.815
xdut.topp__t240                        1.73319
xdut.\$20__t0                            1.815
xdut.topp__t239                        1.73319
xdut.\$10__t120                          1.815
xdut.topp__t238                        1.73319
xdut.\$18__t8                            1.815
xdut.topp__t237                        1.73319
xdut.\$10__t119                          1.815
xdut.topp__t236                        1.73319
xdut.\$18__t7                            1.815
xdut.topp__t235                        1.73319
xdut.\$10__t118                          1.815
xdut.topp__t234                        1.73319
xdut.\$18__t6                            1.815
xdut.topp__t233                        1.73319
xdut.\$10__t117                          1.815
xdut.topp__t232                        1.73319
xdut.\$18__t10                           1.815
xdut.topp__t263                        1.73319
xdut.\$10__t166                          1.815
xdut.topp__t330                        1.73319
xdut.\$16__t22                           1.815
xdut.topp__t329                        1.73319
xdut.\$10__t165                          1.815
xdut.topp__t328                        1.73319
xdut.\$16__t21                           1.815
xdut.topp__t327                        1.73319
xdut.\$10__t164                          1.815
xdut.topp__t326                        1.73319
xdut.\$16__t20                           1.815
xdut.topp__t325                        1.73319
xdut.\$10__t163                          1.815
xdut.topp__t324                        1.73319
xdut.\$16__t19                           1.815
xdut.topp__t323                        1.73319
xdut.\$10__t162                          1.815
xdut.topp__t322                        1.73319
xdut.\$16__t18                           1.815
xdut.topp__t321                        1.73319
xdut.\$10__t161                          1.815
xdut.topp__t320                        1.73319
xdut.\$16__t17                           1.815
xdut.topp__t319                        1.73319
xdut.\$10__t160                          1.815
xdut.topp__t318                        1.73319
xdut.\$16__t16                           1.815
xdut.topp__t317                        1.73319
xdut.\$10__t159                          1.815
xdut.topp__t316                        1.73319
xdut.\$16__t23                           1.815
xdut.topp__t331                        1.73319
xdut.\$90__t74                           1.815
xdut.topn__t146                         1.9021
xdut.vcm__t1                             1.815
xdut.topn__t145                         1.9021
xdut.\$90__t73                           1.815
xdut.topn__t144                         1.9021
xdut.\$139__t1                           1.815
xdut.topn__t143                         1.9021
xdut.\$90__t72                           1.815
xdut.topn__t142                         1.9021
xdut.\$131__t1                           1.815
xdut.topn__t141                         1.9021
xdut.\$90__t71                           1.815
xdut.topn__t140                         1.9021
xdut.\$131__t0                           1.815
xdut.topn__t139                         1.9021
xdut.\$90__t178                          1.815
xdut.topn__t352                         1.9021
xdut.\$123__t5                           1.815
xdut.topn__t353                         1.9021
xdut.\$90__t179                          1.815
xdut.topn__t354                         1.9021
xdut.\$123__t6                           1.815
xdut.topn__t355                         1.9021
xdut.\$90__t180                          1.815
xdut.topn__t356                         1.9021
xdut.\$123__t11                          1.815
xdut.topn__t378                         1.9021
xdut.\$90__t193                          1.815
xdut.topn__t382                         1.9021
xdut.\$123__t10                          1.815
xdut.topn__t367                         1.9021
xdut.\$90__t163                          1.815
xdut.topn__t320                         1.9021
xdut.\$115__t12                          1.815
xdut.topn__t321                         1.9021
xdut.\$90__t164                          1.815
xdut.topn__t322                         1.9021
xdut.\$115__t13                          1.815
xdut.topn__t323                         1.9021
xdut.\$90__t165                          1.815
xdut.topn__t324                         1.9021
xdut.\$115__t14                          1.815
xdut.topn__t325                         1.9021
xdut.\$90__t166                          1.815
xdut.topn__t326                         1.9021
xdut.\$115__t15                          1.815
xdut.topn__t327                         1.9021
xdut.\$90__t167                          1.815
xdut.topn__t328                         1.9021
xdut.\$115__t16                          1.815
xdut.topn__t329                         1.9021
xdut.\$90__t168                          1.815
xdut.topn__t330                         1.9021
xdut.\$115__t17                          1.815
xdut.topn__t331                         1.9021
xdut.\$90__t169                          1.815
xdut.topn__t332                         1.9021
xdut.\$115__t18                          1.815
xdut.topn__t333                         1.9021
xdut.\$90__t170                          1.815
xdut.topn__t334                         1.9021
xdut.\$115__t19                          1.815
xdut.topn__t351                         1.9021
xdut.\$10__t90                           1.815
xdut.topp__t176                        1.73319
xdut.\$14__t2                            1.815
xdut.topp__t38                         1.73319
xdut.\$10__t98                           1.815
xdut.topp__t194                        1.73319
xdut.\$14__t28                           1.815
xdut.topp__t193                        1.73319
xdut.\$10__t100                          1.815
xdut.topp__t198                        1.73319
xdut.\$14__t26                           1.815
xdut.topp__t181                        1.73319
xdut.\$10__t92                           1.815
xdut.topp__t180                        1.73319
xdut.\$14__t25                           1.815
xdut.topp__t179                        1.73319
xdut.\$10__t91                           1.815
xdut.topp__t178                        1.73319
xdut.\$14__t24                           1.815
xdut.topp__t177                        1.73319
xdut.\$10__t50                           1.815
xdut.topp__t102                        1.73319
xdut.\$14__t32                           1.815
xdut.topp__t213                        1.73319
xdut.\$10__t88                           1.815
xdut.topp__t173                        1.73319
xdut.\$14__t22                           1.815
xdut.topp__t172                        1.73319
xdut.\$10__t87                           1.815
xdut.topp__t171                        1.73319
xdut.\$14__t21                           1.815
xdut.topp__t170                        1.73319
xdut.\$10__t107                          1.815
xdut.topp__t214                        1.73319
xdut.\$14__t33                           1.815
xdut.topp__t229                        1.73319
xdut.\$10__t108                          1.815
xdut.topp__t215                        1.73319
xdut.\$14__t23                           1.815
xdut.topp__t174                        1.73319
xdut.\$10__t86                           1.815
xdut.topp__t169                        1.73319
xdut.\$14__t42                           1.815
xdut.topp__t314                        1.73319
xdut.\$10__t144                          1.815
xdut.topp__t287                        1.73319
xdut.\$14__t40                           1.815
xdut.topp__t286                        1.73319
xdut.\$10__t36                           1.815
xdut.topp__t70                         1.73319
xdut.\$14__t6                            1.815
xdut.topp__t69                         1.73319
xdut.\$10__t145                          1.815
xdut.topp__t288                        1.73319
xdut.\$14__t41                           1.815
xdut.topp__t296                        1.73319
xdut.\$10__t148                          1.815
xdut.topp__t295                        1.73319
xdut.\$14__t7                            1.815
xdut.topp__t73                         1.73319
xdut.\$10__t37                           1.815
xdut.topp__t72                         1.73319
xdut.\$14__t39                           1.815
xdut.topp__t285                        1.73319
xdut.\$90__t8                            1.815
xdut.topn__t19                          1.9021
xdut.\$107__t1                           1.815
xdut.topn__t18                          1.9021
xdut.\$90__t7                            1.815
xdut.topn__t17                          1.9021
xdut.\$107__t0                           1.815
xdut.topn__t16                          1.9021
xdut.\$90__t11                           1.815
xdut.topn__t23                          1.9021
xdut.\$107__t3                           1.815
xdut.topn__t24                          1.9021
xdut.\$90__t9                            1.815
xdut.topn__t21                          1.9021
xdut.\$107__t2                           1.815
xdut.topn__t20                          1.9021
xdut.\$90__t127                          1.815
xdut.topn__t250                         1.9021
xdut.\$107__t29                          1.815
xdut.topn__t285                         1.9021
xdut.\$90__t121                          1.815
xdut.topn__t239                         1.9021
xdut.\$107__t25                          1.815
xdut.topn__t251                         1.9021
xdut.\$90__t128                          1.815
xdut.topn__t252                         1.9021
xdut.\$107__t26                          1.815
xdut.topn__t255                         1.9021
xdut.\$90__t144                          1.815
xdut.topn__t286                         1.9021
xdut.\$107__t27                          1.815
xdut.topn__t271                         1.9021
xdut.\$90__t120                          1.815
xdut.topn__t238                         1.9021
xdut.\$107__t57                          1.815
xdut.topn__t453                         1.9021
xdut.\$90__t108                          1.815
xdut.topn__t214                         1.9021
xdut.\$107__t52                          1.815
xdut.topn__t412                         1.9021
xdut.\$90__t209                          1.815
xdut.topn__t416                         1.9021
xdut.\$107__t55                          1.815
xdut.topn__t417                         1.9021
xdut.\$90__t210                          1.815
xdut.topn__t418                         1.9021
xdut.\$107__t53                          1.815
xdut.topn__t413                         1.9021
xdut.\$90__t208                          1.815
xdut.topn__t414                         1.9021
xdut.\$107__t54                          1.815
xdut.topn__t415                         1.9021
xdut.\$90__t220                          1.815
xdut.topn__t437                         1.9021
xdut.\$107__t56                          1.815
xdut.topn__t423                         1.9021
xdut.\$90__t248                          1.815
xdut.topn__t496                         1.9021
xdut.\$107__t46                          1.815
xdut.topn__t336                         1.9021
xdut.\$90__t171                          1.815
xdut.topn__t337                         1.9021
xdut.\$107__t47                          1.815
xdut.topn__t338                         1.9021
xdut.\$10__t97                           1.815
xdut.topp__t192                        1.73319
xdut.\$12__t47                           1.815
xdut.topp__t191                        1.73319
xdut.\$10__t96                           1.815
xdut.topp__t190                        1.73319
xdut.\$12__t46                           1.815
xdut.topp__t189                        1.73319
xdut.\$10__t95                           1.815
xdut.topp__t188                        1.73319
xdut.\$12__t45                           1.815
xdut.topp__t187                        1.73319
xdut.\$10__t94                           1.815
xdut.topp__t186                        1.73319
xdut.\$12__t44                           1.815
xdut.topp__t185                        1.73319
xdut.\$10__t93                           1.815
xdut.topp__t184                        1.73319
xdut.\$12__t43                           1.815
xdut.topp__t183                        1.73319
xdut.\$10__t48                           1.815
xdut.topp__t98                         1.73319
xdut.\$12__t57                           1.815
xdut.topp__t222                        1.73319
xdut.\$10__t111                          1.815
xdut.topp__t221                        1.73319
xdut.\$12__t56                           1.815
xdut.topp__t220                        1.73319
xdut.\$10__t114                          1.815
xdut.topp__t228                        1.73319
xdut.\$12__t60                           1.815
xdut.topp__t227                        1.73319
xdut.\$10__t113                          1.815
xdut.topp__t226                        1.73319
xdut.\$12__t59                           1.815
xdut.topp__t225                        1.73319
xdut.\$10__t85                           1.815
xdut.topp__t168                        1.73319
xdut.\$12__t42                           1.815
xdut.topp__t167                        1.73319
xdut.\$10__t115                          1.815
xdut.topp__t230                        1.73319
xdut.\$12__t79                           1.815
xdut.topp__t312                        1.73319
xdut.\$10__t143                          1.815
xdut.topp__t284                        1.73319
xdut.\$12__t70                           1.815
xdut.topp__t283                        1.73319
xdut.\$10__t142                          1.815
xdut.topp__t282                        1.73319
xdut.\$12__t69                           1.815
xdut.topp__t281                        1.73319
xdut.\$10__t141                          1.815
xdut.topp__t280                        1.73319
xdut.\$12__t68                           1.815
xdut.topp__t279                        1.73319
xdut.\$10__t140                          1.815
xdut.topp__t278                        1.73319
xdut.\$12__t67                           1.815
xdut.topp__t277                        1.73319
xdut.\$10__t116                          1.815
xdut.topp__t231                        1.73319
xdut.\$12__t19                           1.815
xdut.topp__t71                         1.73319
xdut.\$90__t10                           1.815
xdut.topn__t22                          1.9021
xdut.\$99__t7                            1.815
xdut.topn__t15                          1.9021
xdut.\$90__t6                            1.815
xdut.topn__t14                          1.9021
xdut.\$99__t6                            1.815
xdut.topn__t13                          1.9021
xdut.\$90__t1                            1.815
xdut.topn__t4                           1.9021
xdut.\$99__t1                            1.815
xdut.topn__t3                           1.9021
xdut.\$90__t0                            1.815
xdut.topn__t2                           1.9021
xdut.\$99__t0                            1.815
xdut.topn__t1                           1.9021
xdut.\$90__t122                          1.815
xdut.topn__t240                         1.9021
xdut.\$99__t71                           1.815
xdut.topn__t241                         1.9021
xdut.\$90__t123                          1.815
xdut.topn__t242                         1.9021
xdut.\$99__t72                           1.815
xdut.topn__t243                         1.9021
xdut.\$90__t124                          1.815
xdut.topn__t244                         1.9021
xdut.\$99__t73                           1.815
xdut.topn__t245                         1.9021
xdut.\$90__t125                          1.815
xdut.topn__t246                         1.9021
xdut.\$99__t74                           1.815
xdut.topn__t247                         1.9021
xdut.\$90__t126                          1.815
xdut.topn__t248                         1.9021
xdut.\$99__t75                           1.815
xdut.topn__t249                         1.9021
xdut.\$90__t106                          1.815
xdut.topn__t211                         1.9021
xdut.\$99__t97                           1.815
xdut.topn__t419                         1.9021
xdut.\$90__t211                          1.815
xdut.topn__t420                         1.9021
xdut.\$99__t98                           1.815
xdut.topn__t421                         1.9021
xdut.\$90__t212                          1.815
xdut.topn__t422                         1.9021
xdut.\$99__t103                          1.815
xdut.topn__t433                         1.9021
xdut.\$90__t218                          1.815
xdut.topn__t434                         1.9021
xdut.\$99__t104                          1.815
xdut.topn__t435                         1.9021
xdut.\$90__t219                          1.815
xdut.topn__t436                         1.9021
xdut.\$99__t96                           1.815
xdut.topn__t410                         1.9021
xdut.\$90__t207                          1.815
xdut.topn__t411                         1.9021
xdut.\$99__t85                           1.815
xdut.topn__t339                         1.9021
xdut.\$90__t172                          1.815
xdut.topn__t340                         1.9021
xdut.\$99__t86                           1.815
xdut.topn__t341                         1.9021
xdut.\$10__t19                           1.815
xdut.topp__t37                         1.73319
xdut.\$12__t7                            1.815
xdut.topp__t36                         1.73319
xdut.\$10__t18                           1.815
xdut.topp__t35                         1.73319
xdut.\$12__t6                            1.815
xdut.topp__t34                         1.73319
xdut.\$10__t17                           1.815
xdut.topp__t33                         1.73319
xdut.\$12__t5                            1.815
xdut.topp__t32                         1.73319
xdut.\$10__t58                           1.815
xdut.topp__t119                        1.73319
xdut.\$12__t49                           1.815
xdut.topp__t197                        1.73319
xdut.\$10__t99                           1.815
xdut.topp__t196                        1.73319
xdut.\$12__t48                           1.815
xdut.topp__t195                        1.73319
xdut.\$10__t49                           1.815
xdut.topp__t100                        1.73319
xdut.\$12__t58                           1.815
xdut.topp__t224                        1.73319
xdut.\$10__t112                          1.815
xdut.topp__t223                        1.73319
xdut.\$12__t55                           1.815
xdut.topp__t219                        1.73319
xdut.\$10__t110                          1.815
xdut.topp__t218                        1.73319
xdut.\$12__t54                           1.815
xdut.topp__t217                        1.73319
xdut.\$10__t109                          1.815
xdut.topp__t216                        1.73319
xdut.\$12__t53                           1.815
xdut.topp__t212                        1.73319
xdut.\$10__t106                          1.815
xdut.topp__t211                        1.73319
xdut.\$12__t52                           1.815
xdut.topp__t210                        1.73319
xdut.\$10__t89                           1.815
xdut.topp__t175                        1.73319
xdut.\$12__t78                           1.815
xdut.topp__t310                        1.73319
xdut.\$10__t35                           1.815
xdut.topp__t68                         1.73319
xdut.\$12__t18                           1.815
xdut.topp__t67                         1.73319
xdut.\$10__t34                           1.815
xdut.topp__t66                         1.73319
xdut.\$12__t17                           1.815
xdut.topp__t65                         1.73319
xdut.\$10__t147                          1.815
xdut.topp__t294                        1.73319
xdut.\$12__t73                           1.815
xdut.topp__t293                        1.73319
xdut.\$10__t155                          1.815
xdut.topp__t308                        1.73319
xdut.\$12__t72                           1.815
xdut.topp__t291                        1.73319
xdut.\$10__t146                          1.815
xdut.topp__t290                        1.73319
xdut.\$12__t71                           1.815
xdut.topp__t289                        1.73319
xdut.\$90__t5                            1.815
xdut.topn__t12                          1.9021
xdut.\$99__t5                            1.815
xdut.topn__t11                          1.9021
xdut.\$90__t4                            1.815
xdut.topn__t10                          1.9021
xdut.\$99__t4                            1.815
xdut.topn__t9                           1.9021
xdut.\$90__t3                            1.815
xdut.topn__t8                           1.9021
xdut.\$99__t3                            1.815
xdut.topn__t7                           1.9021
xdut.\$90__t2                            1.815
xdut.topn__t6                           1.9021
xdut.\$99__t2                            1.815
xdut.topn__t5                           1.9021
xdut.\$90__t130                          1.815
xdut.topn__t254                         1.9021
xdut.\$99__t107                          1.815
xdut.topn__t448                         1.9021
xdut.\$90__t225                          1.815
xdut.topn__t449                         1.9021
xdut.\$99__t108                          1.815
xdut.topn__t450                         1.9021
xdut.\$90__t226                          1.815
xdut.topn__t451                         1.9021
xdut.\$99__t109                          1.815
xdut.topn__t452                         1.9021
xdut.\$90__t227                          1.815
xdut.topn__t454                         1.9021
xdut.\$99__t106                          1.815
xdut.topn__t447                         1.9021
xdut.\$90__t206                          1.815
xdut.topn__t408                         1.9021
xdut.\$99__t95                           1.815
xdut.topn__t409                         1.9021
xdut.\$90__t107                          1.815
xdut.topn__t212                         1.9021
xdut.\$99__t105                          1.815
xdut.topn__t438                         1.9021
xdut.\$90__t213                          1.815
xdut.topn__t424                         1.9021
xdut.\$99__t99                           1.815
xdut.topn__t425                         1.9021
xdut.\$90__t214                          1.815
xdut.topn__t426                         1.9021
xdut.\$99__t100                          1.815
xdut.topn__t427                         1.9021
xdut.\$90__t215                          1.815
xdut.topn__t428                         1.9021
xdut.\$99__t101                          1.815
xdut.topn__t429                         1.9021
xdut.\$90__t216                          1.815
xdut.topn__t430                         1.9021
xdut.\$99__t102                          1.815
xdut.topn__t431                         1.9021
xdut.\$90__t217                          1.815
xdut.topn__t432                         1.9021
xdut.\$99__t87                           1.815
xdut.topn__t342                         1.9021
xdut.\$90__t173                          1.815
xdut.topn__t343                         1.9021
xdut.\$99__t88                           1.815
xdut.topn__t344                         1.9021
xdut.\$12__t13                           1.815
xdut.topp__t53                         1.73319
xdut.\$10__t28                           1.815
xdut.topp__t52                         1.73319
xdut.\$12__t12                           1.815
xdut.topp__t51                         1.73319
xdut.\$10__t27                           1.815
xdut.topp__t50                         1.73319
xdut.\$12__t11                           1.815
xdut.topp__t49                         1.73319
xdut.\$10__t26                           1.815
xdut.topp__t48                         1.73319
xdut.\$12__t16                           1.815
xdut.topp__t63                         1.73319
xdut.\$10__t24                           1.815
xdut.topp__t46                         1.73319
xdut.\$12__t10                           1.815
xdut.topp__t45                         1.73319
xdut.\$10__t23                           1.815
xdut.topp__t44                         1.73319
xdut.\$12__t27                           1.815
xdut.topp__t96                         1.73319
xdut.\$10__t10                           1.815
xdut.topp__t18                         1.73319
xdut.\$12__t2                            1.815
xdut.topp__t17                         1.73319
xdut.\$10__t9                            1.815
xdut.topp__t16                         1.73319
xdut.\$12__t4                            1.815
xdut.topp__t31                         1.73319
xdut.\$10__t11                           1.815
xdut.topp__t19                         1.73319
xdut.\$12__t26                           1.815
xdut.topp__t95                         1.73319
xdut.\$10__t43                           1.815
xdut.topp__t85                         1.73319
xdut.\$12__t20                           1.815
xdut.topp__t84                         1.73319
xdut.\$10__t33                           1.815
xdut.topp__t64                         1.73319
xdut.\$12__t3                            1.815
xdut.topp__t30                         1.73319
xdut.\$10__t156                          1.815
xdut.topp__t309                        1.73319
xdut.\$12__t74                           1.815
xdut.topp__t298                        1.73319
xdut.\$10__t149                          1.815
xdut.topp__t297                        1.73319
xdut.\$12__t66                           1.815
xdut.topp__t275                        1.73319
xdut.\$10__t139                          1.815
xdut.topp__t274                        1.73319
xdut.\$12__t65                           1.815
xdut.topp__t273                        1.73319
xdut.\$10__t138                          1.815
xdut.topp__t272                        1.73319
xdut.\$12__t64                           1.815
xdut.topp__t261                        1.73319
xdut.\$10__t132                          1.815
xdut.topp__t260                        1.73319
xdut.\$12__t75                           1.815
xdut.topp__t300                        1.73319
xdut.\$10__t150                          1.815
xdut.topp__t299                        1.73319
xdut.\$99__t51                           1.815
xdut.topn__t163                         1.9021
xdut.\$90__t83                           1.815
xdut.topn__t164                         1.9021
xdut.\$99__t52                           1.815
xdut.topn__t165                         1.9021
xdut.\$90__t88                           1.815
xdut.topn__t175                         1.9021
xdut.\$99__t54                           1.815
xdut.topn__t167                         1.9021
xdut.\$90__t84                           1.815
xdut.topn__t168                         1.9021
xdut.\$99__t55                           1.815
xdut.topn__t169                         1.9021
xdut.\$90__t85                           1.815
xdut.topn__t170                         1.9021
xdut.\$99__t83                           1.815
xdut.topn__t280                         1.9021
xdut.\$90__t142                          1.815
xdut.topn__t281                         1.9021
xdut.\$99__t79                           1.815
xdut.topn__t262                         1.9021
xdut.\$90__t134                          1.815
xdut.topn__t263                         1.9021
xdut.\$99__t80                           1.815
xdut.topn__t274                         1.9021
xdut.\$90__t139                          1.815
xdut.topn__t275                         1.9021
xdut.\$99__t81                           1.815
xdut.topn__t276                         1.9021
xdut.\$90__t140                          1.815
xdut.topn__t277                         1.9021
xdut.\$99__t82                           1.815
xdut.topn__t278                         1.9021
xdut.\$90__t141                          1.815
xdut.topn__t279                         1.9021
xdut.\$99__t60                           1.815
xdut.topn__t213                         1.9021
xdut.\$90__t113                          1.815
xdut.topn__t224                         1.9021
xdut.\$99__t64                           1.815
xdut.topn__t225                         1.9021
xdut.\$90__t119                          1.815
xdut.topn__t236                         1.9021
xdut.\$99__t58                           1.815
xdut.topn__t185                         1.9021
xdut.\$90__t109                          1.815
xdut.topn__t218                         1.9021
xdut.\$99__t62                           1.815
xdut.topn__t219                         1.9021
xdut.\$90__t110                          1.815
xdut.topn__t220                         1.9021
xdut.\$99__t70                           1.815
xdut.topn__t237                         1.9021
xdut.\$90__t112                          1.815
xdut.topn__t222                         1.9021
xdut.\$99__t63                           1.815
xdut.topn__t223                         1.9021
xdut.\$90__t174                          1.815
xdut.topn__t345                         1.9021
xdut.\$99__t89                           1.815
xdut.topn__t346                         1.9021
xdut.\$90__t175                          1.815
xdut.topn__t347                         1.9021
xdut.\$12__t1                            1.815
xdut.topp__t15                         1.73319
xdut.\$10__t8                            1.815
xdut.topp__t14                         1.73319
xdut.\$12__t15                           1.815
xdut.topp__t56                         1.73319
xdut.\$10__t29                           1.815
xdut.topp__t55                         1.73319
xdut.\$12__t14                           1.815
xdut.topp__t54                         1.73319
xdut.\$10__t22                           1.815
xdut.topp__t43                         1.73319
xdut.\$12__t9                            1.815
xdut.topp__t42                         1.73319
xdut.\$10__t21                           1.815
xdut.topp__t41                         1.73319
xdut.\$12__t8                            1.815
xdut.topp__t40                         1.73319
xdut.\$10__t20                           1.815
xdut.topp__t39                         1.73319
xdut.\$12__t28                           1.815
xdut.topp__t101                        1.73319
xdut.\$10__t47                           1.815
xdut.topp__t94                         1.73319
xdut.\$12__t25                           1.815
xdut.topp__t93                         1.73319
xdut.\$10__t46                           1.815
xdut.topp__t92                         1.73319
xdut.\$12__t24                           1.815
xdut.topp__t91                         1.73319
xdut.\$10__t45                           1.815
xdut.topp__t90                         1.73319
xdut.\$12__t23                           1.815
xdut.topp__t89                         1.73319
xdut.\$10__t51                           1.815
xdut.topp__t103                        1.73319
xdut.\$12__t22                           1.815
xdut.topp__t88                         1.73319
xdut.\$10__t44                           1.815
xdut.topp__t87                         1.73319
xdut.\$12__t21                           1.815
xdut.topp__t86                         1.73319
xdut.\$10__t167                          1.815
xdut.topp__t333                        1.73319
xdut.\$12__t63                           1.815
xdut.topp__t259                        1.73319
xdut.\$10__t131                          1.815
xdut.topp__t258                        1.73319
xdut.\$12__t62                           1.815
xdut.topp__t257                        1.73319
xdut.\$10__t130                          1.815
xdut.topp__t256                        1.73319
xdut.\$12__t61                           1.815
xdut.topp__t255                        1.73319
xdut.\$10__t129                          1.815
xdut.topp__t254                        1.73319
xdut.\$12__t77                           1.815
xdut.topp__t304                        1.73319
xdut.\$10__t152                          1.815
xdut.topp__t303                        1.73319
xdut.\$12__t76                           1.815
xdut.topp__t302                        1.73319
xdut.\$10__t151                          1.815
xdut.topp__t301                        1.73319
xdut.\$99__t56                           1.815
xdut.topn__t171                         1.9021
xdut.\$90__t86                           1.815
xdut.topn__t172                         1.9021
xdut.\$99__t57                           1.815
xdut.topn__t173                         1.9021
xdut.\$90__t87                           1.815
xdut.topn__t174                         1.9021
xdut.\$99__t53                           1.815
xdut.topn__t166                         1.9021
xdut.\$90__t82                           1.815
xdut.topn__t162                         1.9021
xdut.\$99__t50                           1.815
xdut.topn__t161                         1.9021
xdut.\$90__t81                           1.815
xdut.topn__t160                         1.9021
xdut.\$99__t84                           1.815
xdut.topn__t282                         1.9021
xdut.\$90__t101                          1.815
xdut.topn__t203                         1.9021
xdut.\$99__t59                           1.815
xdut.topn__t204                         1.9021
xdut.\$90__t129                          1.815
xdut.topn__t253                         1.9021
xdut.\$99__t76                           1.815
xdut.topn__t256                         1.9021
xdut.\$90__t131                          1.815
xdut.topn__t257                         1.9021
xdut.\$99__t77                           1.815
xdut.topn__t258                         1.9021
xdut.\$90__t132                          1.815
xdut.topn__t259                         1.9021
xdut.\$99__t78                           1.815
xdut.topn__t260                         1.9021
xdut.\$90__t133                          1.815
xdut.topn__t261                         1.9021
xdut.\$99__t61                           1.815
xdut.topn__t215                         1.9021
xdut.\$90__t114                          1.815
xdut.topn__t226                         1.9021
xdut.\$99__t65                           1.815
xdut.topn__t227                         1.9021
xdut.\$90__t115                          1.815
xdut.topn__t228                         1.9021
xdut.\$99__t66                           1.815
xdut.topn__t229                         1.9021
xdut.\$90__t116                          1.815
xdut.topn__t230                         1.9021
xdut.\$99__t67                           1.815
xdut.topn__t231                         1.9021
xdut.\$90__t117                          1.815
xdut.topn__t232                         1.9021
xdut.\$99__t68                           1.815
xdut.topn__t233                         1.9021
xdut.\$90__t118                          1.815
xdut.topn__t234                         1.9021
xdut.\$99__t69                           1.815
xdut.topn__t235                         1.9021
xdut.\$90__t176                          1.815
xdut.topn__t348                         1.9021
xdut.\$99__t90                           1.815
xdut.topn__t349                         1.9021
xdut.\$90__t177                          1.815
xdut.topn__t350                         1.9021
xdut.\$14__t1                            1.815
xdut.topp__t13                         1.73319
xdut.\$10__t7                            1.815
xdut.topp__t12                         1.73319
xdut.\$14__t0                            1.815
xdut.topp__t1                          1.73319
xdut.\$10__t25                           1.815
xdut.topp__t47                         1.73319
xdut.\$14__t5                            1.815
xdut.topp__t62                         1.73319
xdut.\$10__t32                           1.815
xdut.topp__t61                         1.73319
xdut.\$14__t4                            1.815
xdut.topp__t60                         1.73319
xdut.\$10__t31                           1.815
xdut.topp__t59                         1.73319
xdut.\$14__t3                            1.815
xdut.topp__t58                         1.73319
xdut.\$10__t30                           1.815
xdut.topp__t57                         1.73319
xdut.\$14__t13                           1.815
xdut.topp__t99                         1.73319
xdut.\$10__t42                           1.815
xdut.topp__t83                         1.73319
xdut.\$14__t12                           1.815
xdut.topp__t82                         1.73319
xdut.\$10__t41                           1.815
xdut.topp__t81                         1.73319
xdut.\$14__t11                           1.815
xdut.topp__t80                         1.73319
xdut.\$10__t40                           1.815
xdut.topp__t79                         1.73319
xdut.\$14__t10                           1.815
xdut.topp__t78                         1.73319
xdut.\$10__t39                           1.815
xdut.topp__t77                         1.73319
xdut.\$14__t9                            1.815
xdut.topp__t76                         1.73319
xdut.\$10__t38                           1.815
xdut.topp__t75                         1.73319
xdut.\$14__t8                            1.815
xdut.topp__t74                         1.73319
xdut.\$10__t169                          1.815
xdut.topp__t335                        1.73319
xdut.\$14__t37                           1.815
xdut.topp__t271                        1.73319
xdut.\$10__t137                          1.815
xdut.topp__t270                        1.73319
xdut.\$14__t36                           1.815
xdut.topp__t269                        1.73319
xdut.\$10__t136                          1.815
xdut.topp__t268                        1.73319
xdut.\$14__t35                           1.815
xdut.topp__t267                        1.73319
xdut.\$10__t135                          1.815
xdut.topp__t266                        1.73319
xdut.\$14__t34                           1.815
xdut.topp__t265                        1.73319
xdut.\$10__t134                          1.815
xdut.topp__t264                        1.73319
xdut.\$14__t38                           1.815
xdut.topp__t276                        1.73319
xdut.\$10__t133                          1.815
xdut.topp__t262                        1.73319
xdut.\$107__t13                          1.815
xdut.topn__t159                         1.9021
xdut.\$90__t80                           1.815
xdut.topn__t158                         1.9021
xdut.\$107__t12                          1.815
xdut.topn__t157                         1.9021
xdut.\$90__t79                           1.815
xdut.topn__t156                         1.9021
xdut.\$107__t11                          1.815
xdut.topn__t155                         1.9021
xdut.\$90__t78                           1.815
xdut.topn__t154                         1.9021
xdut.\$107__t10                          1.815
xdut.topn__t153                         1.9021
xdut.\$90__t77                           1.815
xdut.topn__t152                         1.9021
xdut.\$107__t28                          1.815
xdut.topn__t283                         1.9021
xdut.\$90__t143                          1.815
xdut.topn__t284                         1.9021
xdut.\$107__t19                          1.815
xdut.topn__t195                         1.9021
xdut.\$90__t97                           1.815
xdut.topn__t196                         1.9021
xdut.\$107__t20                          1.815
xdut.topn__t197                         1.9021
xdut.\$90__t98                           1.815
xdut.topn__t198                         1.9021
xdut.\$107__t21                          1.815
xdut.topn__t199                         1.9021
xdut.\$90__t99                           1.815
xdut.topn__t200                         1.9021
xdut.\$107__t22                          1.815
xdut.topn__t201                         1.9021
xdut.\$90__t100                          1.815
xdut.topn__t202                         1.9021
xdut.\$107__t24                          1.815
xdut.topn__t216                         1.9021
xdut.\$90__t111                          1.815
xdut.topn__t221                         1.9021
xdut.\$107__t14                          1.815
xdut.topn__t176                         1.9021
xdut.\$90__t89                           1.815
xdut.topn__t177                         1.9021
xdut.\$107__t15                          1.815
xdut.topn__t178                         1.9021
xdut.\$90__t90                           1.815
xdut.topn__t179                         1.9021
xdut.\$107__t16                          1.815
xdut.topn__t180                         1.9021
xdut.\$90__t91                           1.815
xdut.topn__t181                         1.9021
xdut.\$107__t17                          1.815
xdut.topn__t182                         1.9021
xdut.\$90__t92                           1.815
xdut.topn__t183                         1.9021
xdut.\$107__t18                          1.815
xdut.topn__t184                         1.9021
xdut.\$90__t154                          1.815
xdut.topn__t303                         1.9021
xdut.\$107__t23                          1.815
xdut.topn__t206                         1.9021
xdut.\$90__t103                          1.815
xdut.topn__t207                         1.9021
xdut.\$16__t4                            1.815
xdut.topp__t11                         1.73319
xdut.\$10__t6                            1.815
xdut.topp__t10                         1.73319
xdut.\$16__t3                            1.815
xdut.topp__t9                          1.73319
xdut.\$10__t5                            1.815
xdut.topp__t8                          1.73319
xdut.\$16__t2                            1.815
xdut.topp__t7                          1.73319
xdut.\$10__t4                            1.815
xdut.topp__t6                          1.73319
xdut.\$16__t1                            1.815
xdut.topp__t5                          1.73319
xdut.\$10__t3                            1.815
xdut.topp__t4                          1.73319
xdut.\$16__t0                            1.815
xdut.topp__t3                          1.73319
xdut.\$10__t2                            1.815
xdut.topp__t2                          1.73319
xdut.\$16__t7                            1.815
xdut.topp__t97                         1.73319
xdut.\$10__t16                           1.815
xdut.topp__t29                         1.73319
xdut.\$16__t6                            1.815
xdut.topp__t28                         1.73319
xdut.\$10__t15                           1.815
xdut.topp__t27                         1.73319
xdut.\$16__t5                            1.815
xdut.topp__t26                         1.73319
xdut.\$10__t14                           1.815
xdut.topp__t25                         1.73319
xdut.\$18__t2                            1.815
xdut.topp__t24                         1.73319
xdut.\$10__t13                           1.815
xdut.topp__t23                         1.73319
xdut.\$18__t1                            1.815
xdut.topp__t22                         1.73319
xdut.\$10__t12                           1.815
xdut.topp__t21                         1.73319
xdut.\$18__t0                            1.815
xdut.topp__t20                         1.73319
xdut.\$10__t170                          1.815
xdut.topp__t336                        1.73319
xdut.\$18__t9                            1.815
xdut.topp__t253                        1.73319
xdut.\$10__t128                          1.815
xdut.topp__t252                        1.73319
xdut.\$20__t3                            1.815
xdut.topp__t251                        1.73319
xdut.\$10__t127                          1.815
xdut.topp__t250                        1.73319
xdut.\$20__t2                            1.815
xdut.topp__t249                        1.73319
xdut.\$10__t126                          1.815
xdut.topp__t248                        1.73319
xdut.\$22__t1                            1.815
xdut.topp__t292                        1.73319
xdut.\$10__t154                          1.815
xdut.topp__t307                        1.73319
xdut.\$24__t0                            1.815
xdut.topp__t306                        1.73319
xdut.\$10__t153                          1.815
xdut.topp__t305                        1.73319
xdut.\$115__t7                           1.815
xdut.topn__t151                         1.9021
xdut.\$90__t76                           1.815
xdut.topn__t150                         1.9021
xdut.\$115__t6                           1.815
xdut.topn__t149                         1.9021
xdut.\$90__t75                           1.815
xdut.topn__t148                         1.9021
xdut.\$115__t5                           1.815
xdut.topn__t147                         1.9021
xdut.\$90__t70                           1.815
xdut.topn__t138                         1.9021
xdut.\$115__t4                           1.815
xdut.topn__t137                         1.9021
xdut.\$90__t69                           1.815
xdut.topn__t136                         1.9021
xdut.\$115__t8                           1.815
xdut.topn__t264                         1.9021
xdut.\$90__t135                          1.815
xdut.topn__t265                         1.9021
xdut.\$115__t9                           1.815
xdut.topn__t266                         1.9021
xdut.\$90__t136                          1.815
xdut.topn__t267                         1.9021
xdut.\$115__t10                          1.815
xdut.topn__t268                         1.9021
xdut.\$90__t137                          1.815
xdut.topn__t269                         1.9021
xdut.\$115__t11                          1.815
xdut.topn__t270                         1.9021
xdut.\$90__t145                          1.815
xdut.topn__t287                         1.9021
xdut.\$123__t4                           1.815
xdut.topn__t272                         1.9021
xdut.\$90__t138                          1.815
xdut.topn__t273                         1.9021
xdut.\$123__t3                           1.815
xdut.topn__t217                         1.9021
xdut.\$90__t93                           1.815
xdut.topn__t186                         1.9021
xdut.\$123__t1                           1.815
xdut.topn__t187                         1.9021
xdut.\$90__t94                           1.815
xdut.topn__t188                         1.9021
xdut.\$123__t2                           1.815
xdut.topn__t189                         1.9021
xdut.\$90__t102                          1.815
xdut.topn__t205                         1.9021
xdut.\$131__t2                           1.815
xdut.topn__t190                         1.9021
xdut.\$90__t95                           1.815
xdut.topn__t191                         1.9021
xdut.\$131__t3                           1.815
xdut.topn__t192                         1.9021
xdut.\$90__t96                           1.815
xdut.topn__t193                         1.9021
xdut.\$139__t2                           1.815
xdut.topn__t194                         1.9021
xdut.\$90__t104                          1.815
xdut.topn__t208                         1.9021
xdut.\$147__t0                           1.815
xdut.topn__t209                         1.9021
xdut.\$90__t105                          1.815
xdut.topn__t210                         1.9021
xdut.\$10                                1.815
xdut.\$100                                3.63
xdut.\$102                         3.21413e-09
xdut.\$104                                3.63
xdut.\$106                                3.63
xdut.\$107                               1.815
xdut.\$108                                3.63
xdut.\$11                                 3.63
xdut.\$110                         3.07931e-09
xdut.\$112                                3.63
xdut.\$114                                3.63
xdut.\$115                               1.815
xdut.\$116                                3.63
xdut.\$118                         2.95471e-09
xdut.\$12                                1.815
xdut.\$120                                3.63
xdut.\$122                                3.63
xdut.\$123                               1.815
xdut.\$124                                3.63
xdut.\$126                         3.00549e-09
xdut.\$128                                3.63
xdut.\$13                                 3.63
xdut.\$130                                3.63
xdut.\$131                               1.815
xdut.\$132                                3.63
xdut.\$134                          3.1379e-09
xdut.\$136                                3.63
xdut.\$138                                3.63
xdut.\$139                               1.815
xdut.\$14                                1.815
xdut.\$140                                3.63
xdut.\$142                          3.2734e-09
xdut.\$144                                3.63
xdut.\$146                                3.63
xdut.\$147                               1.815
xdut.\$148                                3.63
xdut.\$15                                 3.63
xdut.\$150                         3.40954e-09
xdut.\$152                                3.63
xdut.\$154                                3.63
xdut.\$155                               1.815
xdut.\$16                                1.815
xdut.\$166                                3.63
xdut.\$167                                3.63
xdut.\$17                                 3.63
xdut.\$18                                1.815
xdut.\$19                                 3.63
xdut.\$20                                1.815
xdut.\$21                                 3.63
xdut.\$22                                1.815
xdut.\$23                                 3.63
xdut.\$24                                1.815
xdut.\$25                                 3.63
xdut.\$26                                1.815
xdut.\$27                          3.48758e-09
xdut.\$29                                 3.63
xdut.\$31                          3.35166e-09
xdut.\$33                                 3.63
xdut.\$35                          3.21639e-09
xdut.\$37                                 3.63
xdut.\$39                          3.08325e-09
xdut.\$41                                 3.63
xdut.\$43                          2.96645e-09
xdut.\$45                                 3.63
xdut.\$47                          3.01204e-09
xdut.\$49                                 3.63
xdut.\$51                          3.14088e-09
xdut.\$53                                 3.63
xdut.\$55                          3.27531e-09
xdut.\$57                                 3.63
xdut.\$59                          3.41094e-09
xdut.\$61                                 3.63
xdut.\$65                                 3.63
xdut.\$67                                 3.63
xdut.\$69                                 3.63
xdut.\$71                                 3.63
xdut.\$73                                 3.63
xdut.\$75                                 3.63
xdut.\$77                                 3.63
xdut.\$79                                 3.63
xdut.\$81                                 3.63
xdut.\$83                                 3.63
xdut.\$85                          3.48636e-09
xdut.\$87                                 3.63
xdut.\$89                                 3.63
xdut.\$9                                  3.63
xdut.\$90                                1.815
xdut.\$92                                 3.63
xdut.\$94                          3.35007e-09
xdut.\$96                                 3.63
xdut.\$98                                 3.63
xdut.\$99                                1.815
se_topn                                 1.9021
se_topp                                1.73319
se_ibias                              0.753672
xsecmp.xpre.ptail                     0.929895
xsecmp.pon                             3.60012
xsecmp.preamp_in1                      1.73319
xsecmp.pop                             2.10822
xsecmp.preamp_in2                       1.9021
xsecmp.xpre.xrlp.11                    3.62915
xsecmp.xpre.xrlp.21                    2.10908
xsecmp.xpre.xrln.11                    3.62998
xsecmp.xpre.xrln.21                    3.60013
xsecmp.xlat.ltail                      2.74974
xsecmp.xlat.dip                           3.63
xsecmp.xlat.din                           3.63
xsecmp.outn                               3.63
xsecmp.outp                               3.63
xsecmp.sset                        7.02878e-09
xsecmp.srst                        7.02878e-09
xsecmp.xno1.ps                         3.37125
se_cmpb                                1.49269
xsecmp.xno2.ps                         3.37125
se_code                                      0
se_dacp                           -1.11022e-16
se_dacn                           -1.11022e-16
se_di                                  1.81057
se_err                                   558.4
se_aerrh                                     0
bseea#branch                                 0
bsee#branch                                  0
bsedi#branch                                 0
bsedacn#branch                               0
bsedacp#branch                               0
bsecode#branch                               0
lref#branch                        6.70612e-11
v.xsecmp.vpn#branch                8.14012e-29
v.xsecmp.vpp#branch               -1.15791e-27
vsemode#branch                               0
vsestart#branch                              0
vsevinn#branch                     2.89614e-16
vsevinp#branch                     8.43634e-11
vcms#branch                       -6.45531e-11
vrefs#branch                      -6.70612e-11
vddc#branch                       -0.000785146
vddd#branch                       -6.96851e-10
vddt#branch                                  0
vcmpclkb#branch                              0
vcmpclk#branch                               0
vclk#branch                                  0
a.xsectrl.a_gn#branch_1_0          2.84316e-17
a.xsectrl.a_gn#branch_1_1                    0
a.xsectrl.a_gn#branch_1_2                    0
a.xsectrl.a_gn#branch_1_3          2.84316e-17
a.xsectrl.a_gn#branch_1_4                    0
a.xsectrl.a_gn#branch_1_5                    0
a.xsectrl.a_gn#branch_1_6          2.84316e-17
a.xsectrl.a_gn#branch_1_7                    0
a.xsectrl.a_gn#branch_1_8                    0
a.xsectrl.a_gn#branch_1_9          2.84316e-17
a.xsectrl.a_gn#branch_1_10                   0
a.xsectrl.a_gn#branch_1_11                   0
a.xsectrl.a_gn#branch_1_12         2.84316e-17
a.xsectrl.a_gn#branch_1_13                   0
a.xsectrl.a_gn#branch_1_14                   0
a.xsectrl.a_gn#branch_1_15         2.84316e-17
a.xsectrl.a_gn#branch_1_16                   0
a.xsectrl.a_gn#branch_1_17                   0
a.xsectrl.a_gn#branch_1_18         2.84316e-17
a.xsectrl.a_gn#branch_1_19                   0
a.xsectrl.a_gn#branch_1_20                   0
a.xsectrl.a_gn#branch_1_21         2.84316e-17
a.xsectrl.a_gn#branch_1_22                   0
a.xsectrl.a_gn#branch_1_23                   0
a.xsectrl.a_gn#branch_1_24         2.84316e-17
a.xsectrl.a_gn#branch_1_25                   0
a.xsectrl.a_gn#branch_1_26                   0
a.xsectrl.a_gn#branch_1_27         2.84316e-17
a.xsectrl.a_gn#branch_1_28                   0
a.xsectrl.a_gn#branch_1_29                   0
a.xsectrl.a_gn#branch_1_30         2.84316e-17
a.xsectrl.a_gn#branch_1_31                   0
a.xsectrl.a_gn#branch_1_32                   0
a.xsectrl.a_gn#branch_1_33         2.84316e-17
a.xsectrl.a_gn#branch_1_34                   0
a.xsectrl.a_gn#branch_1_35                   0
a.xsectrl.a_gn#branch_1_36         2.84316e-17
a.xsectrl.a_gn#branch_1_37                   0
a.xsectrl.a_gn#branch_1_38                   0
a.xsectrl.a_gn#branch_1_39         2.84316e-17
a.xsectrl.a_gn#branch_1_40                   0
a.xsectrl.a_gn#branch_1_41                   0
a.xsectrl.a_gn#branch_1_42         2.84316e-17
a.xsectrl.a_gn#branch_1_43                   0
a.xsectrl.a_gn#branch_1_44                   0
a.xsectrl.a_gn#branch_1_45         2.84316e-17
a.xsectrl.a_gn#branch_1_46                   0
a.xsectrl.a_gn#branch_1_47                   0
a.xsectrl.a_gn#branch_1_48         2.84316e-17
a.xsectrl.a_gn#branch_1_49                   0
a.xsectrl.a_gn#branch_1_50                   0
a.xsectrl.a_gn#branch_1_51         2.84316e-17
a.xsectrl.a_gn#branch_1_52                   0
a.xsectrl.a_gn#branch_1_53                   0
a.xsectrl.a_dout#branch_1_0                  0
a.xsectrl.a_dout#branch_1_1                  0
a.xsectrl.a_dout#branch_1_2                  0
a.xsectrl.a_dout#branch_1_3                  0
a.xsectrl.a_dout#branch_1_4                  0
a.xsectrl.a_dout#branch_1_5                  0
a.xsectrl.a_dout#branch_1_6                  0
a.xsectrl.a_dout#branch_1_7                  0
a.xsectrl.a_dout#branch_1_8                  0
a.xsectrl.a_dout#branch_1_9                  0
a.xsectrl.a_dout#branch_1_10                 0
a.xsectrl.a_dout#branch_1_11                 0
a.xsectrl.a_dout#branch_1_12                 0

 Reference value :  0.00000e+00
 Reference value :  2.64542e-09
 Reference value :  3.46321e-09
 Reference value :  3.14294e-08
 Reference value :  6.26409e-08
 Reference value :  9.37741e-08
 Reference value :  9.43431e-08
 Reference value :  1.25315e-07
 Reference value :  1.56406e-07
 Reference value :  1.56683e-07
 Reference value :  1.87687e-07
 Reference value :  1.89994e-07
 Reference value :  2.18823e-07
 Reference value :  2.19625e-07
 Reference value :  2.50374e-07
 Reference value :  2.52960e-07
 Reference value :  2.81311e-07
 Reference value :  2.81645e-07
 Reference value :  3.12700e-07
 Reference value :  3.14943e-07
 Reference value :  3.38347e-07
 Reference value :  3.44151e-07
 Reference value :  3.75295e-07
 Reference value :  3.77595e-07
 Reference value :  4.06322e-07
 Reference value :  4.27041e-07
 Reference value :  4.38044e-07
 Reference value :  4.40604e-07
 Reference value :  4.68836e-07
 Reference value :  5.00030e-07
 Reference value :  5.02265e-07
 Reference value :  5.04129e-07
 Reference value :  5.31423e-07
 Reference value :  5.62641e-07
 Reference value :  5.64832e-07
 Reference value :  5.74685e-07
 Reference value :  5.93998e-07
 Reference value :  6.25200e-07
 Reference value :  6.27514e-07
 Reference value :  6.56303e-07
 Reference value :  6.87500e-07
 Reference value :  6.89767e-07
 Reference value :  7.04147e-07
 Reference value :  7.19188e-07
 Reference value :  7.50214e-07
 Reference value :  7.52574e-07
 Reference value :  7.81350e-07
 Reference value :  7.81847e-07
 Reference value :  8.12815e-07
 Reference value :  8.15061e-07
 Reference value :  8.43837e-07
 Reference value :  8.44291e-07
 Reference value :  8.75275e-07
 Reference value :  8.77508e-07
 Reference value :  9.06280e-07
 Reference value :  9.06792e-07
 Reference value :  9.37786e-07
 Reference value :  9.68812e-07
 Reference value :  9.83829e-07
 Reference value :  1.00053e-06
 Reference value :  1.00267e-06
 Reference value :  1.00392e-06
 Reference value :  1.03135e-06
 Reference value :  1.03181e-06
 Reference value :  1.06271e-06
 Reference value :  1.09381e-06
 Reference value :  1.09446e-06
 Reference value :  1.12537e-06
 Reference value :  1.15641e-06
 Reference value :  1.15742e-06
 Reference value :  1.18793e-06
 Reference value :  1.19027e-06
 Reference value :  1.21902e-06
 Reference value :  1.25000e-06
 Reference value :  1.25266e-06
 Reference value :  1.25313e-06
 Reference value :  1.28135e-06
 Reference value :  1.28531e-06
 Reference value :  1.31293e-06
 Reference value :  1.31529e-06
 Reference value :  1.34384e-06
 Reference value :  1.37506e-06
 Reference value :  1.37730e-06
 Reference value :  1.40625e-06
 Reference value :  1.40672e-06
 Reference value :  1.43781e-06
 Reference value :  1.44010e-06
 Reference value :  1.46881e-06
 Reference value :  1.48553e-06
 Reference value :  1.50090e-06
 Reference value :  1.50343e-06
 Reference value :  1.53158e-06
 Reference value :  1.56270e-06
 Reference value :  1.56500e-06
 Reference value :  1.59378e-06
 Reference value :  1.59491e-06
 Reference value :  1.62546e-06
 Reference value :  1.62798e-06
 Reference value :  1.65640e-06
 Reference value :  1.68763e-06
 Reference value :  1.68991e-06
 Reference value :  1.71877e-06
 Reference value :  1.71948e-06
 Reference value :  1.75040e-06
 Reference value :  1.75298e-06
 Reference value :  1.78151e-06
 Reference value :  1.80309e-06
 Reference value :  1.81309e-06
 Reference value :  1.81783e-06
 Reference value :  1.84403e-06
 Reference value :  1.87501e-06
 Reference value :  1.87727e-06
 Reference value :  1.87827e-06
 Reference value :  1.90640e-06
 Reference value :  1.93764e-06
 Reference value :  1.95748e-06
 Reference value :  1.96998e-06
 Reference value :  2.00050e-06
 Reference value :  2.00267e-06
 Reference value :  2.00464e-06
 Reference value :  2.03137e-06
 Reference value :  2.03482e-06
 Reference value :  2.06295e-06
 Reference value :  2.09389e-06
 Reference value :  2.12500e-06
 Reference value :  2.13236e-06
 Reference value :  2.15665e-06
 Reference value :  2.18632e-06
 Reference value :  2.18977e-06
 Reference value :  2.21685e-06
 Reference value :  2.21922e-06
 Reference value :  2.25020e-06
 Reference value :  2.25284e-06
 Reference value :  2.27347e-06
 Reference value :  2.28156e-06
 Reference value :  2.31260e-06
 Reference value :  2.31477e-06
 Reference value :  2.31950e-06
 Reference value :  2.34394e-06
 Reference value :  2.37519e-06
 Reference value :  2.37744e-06
 Reference value :  2.39844e-06
 Reference value :  2.40665e-06
 Reference value :  2.43778e-06
 Reference value :  2.44007e-06
 Reference value :  2.46880e-06
 Reference value :  2.47953e-06
 Reference value :  2.50070e-06
 Reference value :  2.50322e-06
 Reference value :  2.53138e-06
 Reference value :  2.56261e-06
 Reference value :  2.56483e-06
 Reference value :  2.57869e-06
 Reference value :  2.59409e-06
 Reference value :  2.62521e-06
 Reference value :  2.62758e-06
 Reference value :  2.65633e-06
 Reference value :  2.68751e-06
 Reference value :  2.68977e-06
 Reference value :  2.70399e-06
 Reference value :  2.71908e-06
 Reference value :  2.75020e-06
 Reference value :  2.75252e-06
 Reference value :  2.78134e-06
 Reference value :  2.78361e-06
 Reference value :  2.81292e-06
 Reference value :  2.81515e-06
 Reference value :  2.84388e-06
 Reference value :  2.84465e-06
 Reference value :  2.87537e-06
 Reference value :  2.87752e-06
 Reference value :  2.90629e-06
 Reference value :  2.90705e-06
 Reference value :  2.93787e-06
 Reference value :  2.96884e-06
 Reference value :  2.99850e-06
 Reference value :  3.00079e-06
 Reference value :  3.00268e-06
 Reference value :  3.00681e-06
 Reference value :  3.03138e-06
 Reference value :  3.03250e-06
 Reference value :  3.06292e-06
 Reference value :  3.09385e-06
 Reference value :  3.09515e-06
 Reference value :  3.12553e-06
 Reference value :  3.15656e-06
 Reference value :  3.15731e-06
 Reference value :  3.18784e-06
 Reference value :  3.19007e-06
 Reference value :  3.21885e-06
 Reference value :  3.21916e-06
 Reference value :  3.23465e-06
 Reference value :  3.25050e-06
 Reference value :  3.25297e-06
 Reference value :  3.28133e-06
 Reference value :  3.28171e-06
 Reference value :  3.31270e-06
 Reference value :  3.31498e-06
 Reference value :  3.34377e-06
 Reference value :  3.34439e-06
 Reference value :  3.37534e-06
 Reference value :  3.37767e-06
 Reference value :  3.40635e-06
 Reference value :  3.43760e-06
 Reference value :  3.43977e-06
 Reference value :  3.44284e-06
 Reference value :  3.46886e-06
 Reference value :  3.50011e-06
 Reference value :  3.50231e-06
 Reference value :  3.51418e-06
 Reference value :  3.53189e-06
 Reference value :  3.56284e-06
 Reference value :  3.56514e-06
 Reference value :  3.59384e-06
 Reference value :  3.62248e-06
 Reference value :  3.62666e-06
 Reference value :  3.62937e-06
 Reference value :  3.65644e-06
 Reference value :  3.68770e-06
 Reference value :  3.69002e-06
 Reference value :  3.71882e-06
 Reference value :  3.74884e-06
 Reference value :  3.75227e-06
 Reference value :  3.78126e-06
 Reference value :  3.78169e-06
 Reference value :  3.81251e-06
 Reference value :  3.81330e-06
 Reference value :  3.81779e-06
 Reference value :  3.84400e-06
 Reference value :  3.87511e-06
 Reference value :  3.87731e-06
 Reference value :  3.87926e-06
 Reference value :  3.90638e-06
 Reference value :  3.91234e-06
 Reference value :  3.93792e-06
 Reference value :  3.96881e-06
 Reference value :  3.97377e-06
 Reference value :  4.00037e-06
 Reference value :  4.00262e-06
 Reference value :  4.00314e-06
 Reference value :  4.03133e-06
 Reference value :  4.06251e-06
 Reference value :  4.07993e-06
 Reference value :  4.09416e-06
 Reference value :  4.12520e-06
 Reference value :  4.15630e-06
 Reference value :  4.15687e-06
 Reference value :  4.18773e-06
 Reference value :  4.19004e-06
 Reference value :  4.21884e-06
 Reference value :  4.22768e-06
 Reference value :  4.25053e-06
 Reference value :  4.25297e-06
 Reference value :  4.28133e-06
 Reference value :  4.29806e-06
 Reference value :  4.31303e-06
 Reference value :  4.31548e-06
 Reference value :  4.34386e-06
 Reference value :  4.37510e-06
 Reference value :  4.37727e-06
 Reference value :  4.37962e-06
 Reference value :  4.40645e-06
 Reference value :  4.41789e-06
 Reference value :  4.43797e-06
 Reference value :  4.44047e-06
 Reference value :  4.46883e-06
 Reference value :  4.46926e-06
 Reference value :  4.50023e-06
 Reference value :  4.50250e-06
 Reference value :  4.53127e-06
 Reference value :  4.53182e-06
 Reference value :  4.56280e-06
 Reference value :  4.56511e-06
 Reference value :  4.59382e-06
 Reference value :  4.61270e-06
 Reference value :  4.62558e-06
 Reference value :  4.62814e-06
 Reference value :  4.65638e-06
 Reference value :  4.68761e-06
 Reference value :  4.68992e-06
 Reference value :  4.71875e-06
 Reference value :  4.71942e-06
 Reference value :  4.75037e-06
 Reference value :  4.75265e-06
 Reference value :  4.78137e-06
 Reference value :  4.81260e-06
 Reference value :  4.81490e-06
 Reference value :  4.84379e-06
 Reference value :  4.84428e-06
 Reference value :  4.87520e-06
 Reference value :  4.87748e-06
 Reference value :  4.90626e-06
 Reference value :  4.90665e-06
 Reference value :  4.93773e-06
 Reference value :  4.96878e-06
 Reference value :  4.96938e-06
 Reference value :  5.00028e-06
 Reference value :  5.00253e-06
 Reference value :  5.00306e-06
 Reference value :  5.03135e-06
 Reference value :  5.03184e-06
 Reference value :  5.06275e-06
 Reference value :  5.09380e-06
 Reference value :  5.09405e-06
 Reference value :  5.11244e-06
 Reference value :  5.12604e-06
 Reference value :  5.15663e-06
 Reference value :  5.18760e-06
 Reference value :  5.18984e-06
 Reference value :  5.21879e-06
 Reference value :  5.21928e-06
 Reference value :  5.25020e-06
 Reference value :  5.25289e-06
 Reference value :  5.28127e-06
 Reference value :  5.28161e-06
 Reference value :  5.31268e-06
 Reference value :  5.31491e-06
 Reference value :  5.33013e-06
 Reference value :  5.34398e-06
 Reference value :  5.37520e-06
 Reference value :  5.37750e-06
 Reference value :  5.40626e-06
 Reference value :  5.40670e-06
 Reference value :  5.43769e-06
 Reference value :  5.43994e-06
 Reference value :  5.46011e-06
 Reference value :  5.46904e-06
 Reference value :  5.50010e-06
 Reference value :  5.50227e-06
 Reference value :  5.50496e-06
 Reference value :  5.53145e-06
 Reference value :  5.56270e-06
 Reference value :  5.56491e-06
 Reference value :  5.58243e-06
 Reference value :  5.59403e-06
 Reference value :  5.62520e-06
 Reference value :  5.62750e-06
 Reference value :  5.65628e-06
 Reference value :  5.65756e-06
 Reference value :  5.68801e-06
 Reference value :  5.69026e-06
 Reference value :  5.71886e-06
 Reference value :  5.75010e-06
 Reference value :  5.75236e-06
 Reference value :  5.78128e-06
 Reference value :  5.78168e-06
 Reference value :  5.81270e-06
 Reference value :  5.81501e-06
 Reference value :  5.84382e-06
 Reference value :  5.84431e-06
 Reference value :  5.87521e-06
 Reference value :  5.87746e-06
 Reference value :  5.90626e-06
 Reference value :  5.90660e-06
 Reference value :  5.93764e-06
 Reference value :  5.96163e-06
 Reference value :  5.96922e-06
 Reference value :  6.00025e-06
 Reference value :  6.00253e-06
 Reference value :  6.00307e-06
 Reference value :  6.03134e-06
 Reference value :  6.06251e-06
 Reference value :  6.06471e-06
 Reference value :  6.09401e-06
 Reference value :  6.12515e-06
 Reference value :  6.15628e-06
 Reference value :  6.15688e-06
 Reference value :  6.18785e-06
 Reference value :  6.19015e-06
 Reference value :  6.21889e-06
 Reference value :  6.24771e-06
 Reference value :  6.25268e-06
 Reference value :  6.26345e-06
 Reference value :  6.28155e-06
 Reference value :  6.31270e-06
 Reference value :  6.31507e-06
 Reference value :  6.34381e-06
 Reference value :  6.34497e-06
 Reference value :  6.37543e-06
 Reference value :  6.37771e-06
 Reference value :  6.40633e-06
 Reference value :  6.40688e-06
 Reference value :  6.43780e-06
 Reference value :  6.44005e-06
 Reference value :  6.46877e-06
 Reference value :  6.46939e-06
 Reference value :  6.50033e-06
 Reference value :  6.50265e-06
 Reference value :  6.53132e-06
 Reference value :  6.55596e-06
 Reference value :  6.56357e-06
 Reference value :  6.56651e-06
 Reference value :  6.59389e-06
 Reference value :  6.62511e-06
 Reference value :  6.62739e-06
 Reference value :  6.65633e-06
 Reference value :  6.68503e-06
 Reference value :  6.68888e-06
 Reference value :  6.70292e-06
 Reference value :  6.71915e-06
 Reference value :  6.75159e-06
 Reference value :  6.77726e-06
 Reference value :  6.78178e-06
 Reference value :  6.81282e-06
 Reference value :  6.81531e-06
 Reference value :  6.84391e-06
 Reference value :  6.87510e-06
 Reference value :  6.87734e-06
 Reference value :  6.89732e-06
 Reference value :  6.90656e-06
 Reference value :  6.93760e-06
 Reference value :  6.93996e-06
 Reference value :  6.96892e-06
 Reference value :  7.00014e-06
 Reference value :  7.00229e-06
 Reference value :  7.00287e-06
 Reference value :  7.03128e-06
 Reference value :  7.03180e-06
 Reference value :  7.06270e-06
 Reference value :  7.09375e-06
 Reference value :  7.09426e-06
 Reference value :  7.12520e-06
 Reference value :  7.15632e-06
 Reference value :  7.15665e-06
 Reference value :  7.16672e-06
 Reference value :  7.18797e-06
 Reference value :  7.19051e-06
 Reference value :  7.21905e-06
 Reference value :  7.22773e-06
 Reference value :  7.25050e-06
 Reference value :  7.25302e-06
 Reference value :  7.28135e-06
 Reference value :  7.28243e-06
 Reference value :  7.31290e-06
 Reference value :  7.31523e-06
 Reference value :  7.34383e-06
 Reference value :  7.34430e-06
 Reference value :  7.37528e-06
 Reference value :  7.37756e-06
 Reference value :  7.40629e-06
 Reference value :  7.40664e-06
 Reference value :  7.43770e-06
 Reference value :  7.43994e-06
 Reference value :  7.45997e-06
 Reference value :  7.46904e-06
 Reference value :  7.50021e-06
 Reference value :  7.50255e-06
 Reference value :  7.53130e-06
 Reference value :  7.56250e-06
 Reference value :  7.56477e-06
 Reference value :  7.58695e-06
 Reference value :  7.59416e-06
 Reference value :  7.62528e-06
 Reference value :  7.62761e-06
 Reference value :  7.65634e-06
 Reference value :  7.68751e-06
 Reference value :  7.68977e-06
 Reference value :  7.69703e-06
 Reference value :  7.71904e-06
 Reference value :  7.75020e-06
 Reference value :  7.75254e-06
 Reference value :  7.78132e-06
 Reference value :  7.80198e-06
 Reference value :  7.81317e-06
 Reference value :  7.82051e-06
 Reference value :  7.84406e-06
 Reference value :  7.87520e-06
 Reference value :  7.87744e-06
 Reference value :  7.89862e-06
 Reference value :  7.90665e-06
 Reference value :  7.93778e-06
 Reference value :  7.96879e-06
 Reference value :  7.97347e-06
 Reference value :  8.00047e-06
 Reference value :  8.00280e-06
 Reference value :  8.03125e-06
 Reference value :  8.03162e-06
 Reference value :  8.06250e-06
 Reference value :  8.06330e-06
 Reference value :  8.09399e-06
 Reference value :  8.12503e-06
 Reference value :  8.13659e-06
 Reference value :  8.15666e-06
 Reference value :  8.16231e-06
 Reference value :  8.18794e-06
 Reference value :  8.19018e-06
 Reference value :  8.21891e-06
 Reference value :  8.21940e-06
 Reference value :  8.25020e-06
 Reference value :  8.25284e-06
 Reference value :  8.27650e-06
 Reference value :  8.28156e-06
 Reference value :  8.31260e-06
 Reference value :  8.31477e-06
 Reference value :  8.31848e-06
 Reference value :  8.34392e-06
 Reference value :  8.35541e-06
 Reference value :  8.37542e-06
 Reference value :  8.37763e-06
 Reference value :  8.40631e-06
 Reference value :  8.40666e-06
 Reference value :  8.43770e-06
 Reference value :  8.43987e-06
 Reference value :  8.44386e-06
 Reference value :  8.46896e-06
 Reference value :  8.50020e-06
 Reference value :  8.50249e-06
 Reference value :  8.52357e-06
 Reference value :  8.53172e-06
 Reference value :  8.56280e-06
 Reference value :  8.56507e-06
 Reference value :  8.59381e-06
 Reference value :  8.60270e-06
 Reference value :  8.62552e-06
 Reference value :  8.62798e-06
 Reference value :  8.65640e-06
 Reference value :  8.68760e-06
 Reference value :  8.68979e-06
 Reference value :  8.69362e-06
 Reference value :  8.71903e-06
 Reference value :  8.75046e-06
 Reference value :  8.75284e-06
 Reference value :  8.78145e-06
 Reference value :  8.81264e-06
 Reference value :  8.81502e-06
 Reference value :  8.84385e-06
 Reference value :  8.84456e-06
 Reference value :  8.87537e-06
 Reference value :  8.87752e-06
 Reference value :  8.90628e-06
 Reference value :  8.90669e-06
 Reference value :  8.93778e-06
 Reference value :  8.96882e-06
 Reference value :  8.98755e-06
 Reference value :  9.00058e-06
 Reference value :  9.00267e-06
 Reference value :  9.01083e-06
 Reference value :  9.03149e-06
 Reference value :  9.06270e-06
 Reference value :  9.09380e-06
 Reference value :  9.10729e-06
 Reference value :  9.14060e-06
 Reference value :  9.15677e-06
 Reference value :  9.18771e-06
 Reference value :  9.19010e-06
 Reference value :  9.21886e-06
 Reference value :  9.24368e-06
 Reference value :  9.25074e-06
 Reference value :  9.25388e-06
 Reference value :  9.28143e-06
 Reference value :  9.31270e-06
 Reference value :  9.31507e-06
 Reference value :  9.34383e-06
 Reference value :  9.34993e-06
 Reference value :  9.37573e-06
 Reference value :  9.38052e-06
 Reference value :  9.40645e-06
 Reference value :  9.43764e-06
 Reference value :  9.43995e-06
 Reference value :  9.46877e-06
 Reference value :  9.46919e-06
 Reference value :  9.50025e-06
 Reference value :  9.50251e-06
 Reference value :  9.53128e-06
 Reference value :  9.53775e-06
 Reference value :  9.56299e-06
 Reference value :  9.56592e-06
 Reference value :  9.59390e-06
 Reference value :  9.62513e-06
 Reference value :  9.62752e-06
 Reference value :  9.65635e-06
 Reference value :  9.68768e-06
 Reference value :  9.69005e-06
 Reference value :  9.71886e-06
 Reference value :  9.75013e-06
 Reference value :  9.75249e-06
 Reference value :  9.78132e-06
 Reference value :  9.79206e-06
 Reference value :  9.81307e-06
 Reference value :  9.83291e-06
 Reference value :  9.84426e-06
 Reference value :  9.87535e-06
 Reference value :  9.87758e-06
 Reference value :  9.90631e-06
 Reference value :  9.91564e-06
 Reference value :  9.93804e-06
 Reference value :  9.96883e-06
 Reference value :  9.99500e-06
 Reference value :  1.00023e-05
 Reference value :  1.00029e-05
 Reference value :  1.00313e-05
 Reference value :  1.00626e-05
 Reference value :  1.00819e-05
 Reference value :  1.00943e-05
 Reference value :  1.01255e-05
 Reference value :  1.01566e-05
 Reference value :  1.01877e-05
 Reference value :  1.01900e-05
 Reference value :  1.02188e-05
 Reference value :  1.02216e-05
 Reference value :  1.02506e-05
 Reference value :  1.02534e-05
 Reference value :  1.02815e-05
 Reference value :  1.03127e-05
 Reference value :  1.03150e-05
 Reference value :  1.03438e-05
 Reference value :  1.03441e-05
 Reference value :  1.03752e-05
 Reference value :  1.03775e-05
 Reference value :  1.04063e-05
 Reference value :  1.04309e-05
 Reference value :  1.04398e-05
 Reference value :  1.04464e-05
 Reference value :  1.04691e-05
 Reference value :  1.05002e-05
 Reference value :  1.05026e-05
 Reference value :  1.05313e-05
 Reference value :  1.05516e-05
 Reference value :  1.05633e-05
 Reference value :  1.05661e-05
 Reference value :  1.05939e-05
 Reference value :  1.06250e-05
 Reference value :  1.06273e-05
 Reference value :  1.06337e-05
 Reference value :  1.06565e-05
 Reference value :  1.06877e-05
 Reference value :  1.06902e-05
 Reference value :  1.07189e-05
 Reference value :  1.07502e-05
 Reference value :  1.07525e-05
 Reference value :  1.07813e-05
 Reference value :  1.08062e-05
 Reference value :  1.08148e-05
 Reference value :  1.08438e-05
 Reference value :  1.08442e-05
 Reference value :  1.08752e-05
 Reference value :  1.08775e-05
 Reference value :  1.08926e-05
 Reference value :  1.09065e-05
 Reference value :  1.09339e-05
 Reference value :  1.09381e-05
 Reference value :  1.09689e-05
 Reference value :  1.09985e-05
 Reference value :  1.10015e-05
 Reference value :  1.10028e-05
 Reference value :  1.10313e-05
 Reference value :  1.10317e-05
 Reference value :  1.10627e-05
 Reference value :  1.10938e-05
 Reference value :  1.10944e-05
 Reference value :  1.11252e-05
 Reference value :  1.11563e-05
 Reference value :  1.11569e-05
 Reference value :  1.11877e-05
 Reference value :  1.11900e-05
 Reference value :  1.12188e-05
 Reference value :  1.12193e-05
 Reference value :  1.12502e-05
 Reference value :  1.12529e-05
 Reference value :  1.12813e-05
 Reference value :  1.12827e-05
 Reference value :  1.13129e-05
 Reference value :  1.13155e-05
 Reference value :  1.13439e-05
 Reference value :  1.13449e-05
 Reference value :  1.13754e-05
 Reference value :  1.13778e-05
 Reference value :  1.14063e-05
 Reference value :  1.14376e-05
 Reference value :  1.14399e-05
 Reference value :  1.14586e-05
 Reference value :  1.14692e-05
 Reference value :  1.15003e-05
 Reference value :  1.15026e-05
 Reference value :  1.15313e-05
 Reference value :  1.15401e-05
 Reference value :  1.15630e-05
 Reference value :  1.15653e-05
 Reference value :  1.15938e-05
 Reference value :  1.16229e-05
 Reference value :  1.16273e-05
 Reference value :  1.16563e-05
 Reference value :  1.16569e-05
 Reference value :  1.16878e-05
 Reference value :  1.16902e-05
 Reference value :  1.17189e-05
 Reference value :  1.17501e-05
 Reference value :  1.17525e-05
 Reference value :  1.17814e-05
 Reference value :  1.18128e-05
 Reference value :  1.18150e-05
 Reference value :  1.18438e-05
 Reference value :  1.18727e-05
 Reference value :  1.18765e-05
 Reference value :  1.18803e-05
 Reference value :  1.19065e-05
 Reference value :  1.19178e-05
 Reference value :  1.19380e-05
 Reference value :  1.19689e-05
 Reference value :  1.19914e-05
 Reference value :  1.20008e-05
 Reference value :  1.20028e-05
 Reference value :  1.20313e-05
 Reference value :  1.20317e-05
 Reference value :  1.20626e-05
 Reference value :  1.20694e-05
 Reference value :  1.20941e-05
 Reference value :  1.21252e-05
 Reference value :  1.21563e-05
 Reference value :  1.21567e-05
 Reference value :  1.21683e-05
 Reference value :  1.21880e-05
 Reference value :  1.21902e-05
 Reference value :  1.22189e-05
 Reference value :  1.22195e-05
 Reference value :  1.22503e-05
 Reference value :  1.22530e-05
 Reference value :  1.22813e-05
 Reference value :  1.23125e-05
 Reference value :  1.23148e-05
 Reference value :  1.23397e-05
 Reference value :  1.23441e-05
 Reference value :  1.23751e-05
 Reference value :  1.23773e-05
 Reference value :  1.23865e-05
 Reference value :  1.24065e-05
 Reference value :  1.24377e-05
 Reference value :  1.24400e-05
 Reference value :  1.24688e-05
 Reference value :  1.24696e-05
 Reference value :  1.25004e-05
 Reference value :  1.25026e-05
 Reference value :  1.25313e-05
 Reference value :  1.25625e-05
 Reference value :  1.25642e-05
 Reference value :  1.25663e-05
 Reference value :  1.25939e-05
 Reference value :  1.26251e-05
 Reference value :  1.26274e-05
 Reference value :  1.26563e-05
 Reference value :  1.26569e-05
 Reference value :  1.26879e-05
 Reference value :  1.26902e-05
 Reference value :  1.27189e-05
 Reference value :  1.27500e-05
 Reference value :  1.27523e-05
 Reference value :  1.27797e-05
 Reference value :  1.27818e-05
 Reference value :  1.28127e-05
 Reference value :  1.28151e-05
 Reference value :  1.28439e-05
 Reference value :  1.28447e-05
 Reference value :  1.28754e-05
 Reference value :  1.28776e-05
 Reference value :  1.29063e-05
 Reference value :  1.29170e-05
 Reference value :  1.29380e-05
 Reference value :  1.29689e-05
 Reference value :  1.29985e-05
 Reference value :  1.30011e-05
 Reference value :  1.30029e-05
 Reference value :  1.30313e-05
 Reference value :  1.30317e-05
 Reference value :  1.30627e-05
 Reference value :  1.30938e-05
 Reference value :  1.30943e-05
 Reference value :  1.31253e-05
 Reference value :  1.31563e-05
 Reference value :  1.31578e-05
 Reference value :  1.31879e-05
 Reference value :  1.31902e-05
 Reference value :  1.32189e-05
 Reference value :  1.32500e-05
 Reference value :  1.32527e-05
 Reference value :  1.32533e-05
 Reference value :  1.32814e-05
 Reference value :  1.32911e-05
 Reference value :  1.33129e-05
 Reference value :  1.33151e-05
 Reference value :  1.33438e-05
 Reference value :  1.33445e-05
 Reference value :  1.33753e-05
 Reference value :  1.33776e-05
 Reference value :  1.34063e-05
 Reference value :  1.34067e-05
 Reference value :  1.34377e-05
 Reference value :  1.34401e-05
 Reference value :  1.34688e-05
 Reference value :  1.34691e-05
 Reference value :  1.35002e-05
 Reference value :  1.35024e-05
 Reference value :  1.35206e-05
 Reference value :  1.35315e-05
 Reference value :  1.35627e-05
 Reference value :  1.35650e-05
 Reference value :  1.35938e-05
 Reference value :  1.35950e-05
 Reference value :  1.36254e-05
 Reference value :  1.36277e-05
 Reference value :  1.36564e-05
 Reference value :  1.36875e-05
 Reference value :  1.36885e-05
 Reference value :  1.36994e-05
 Reference value :  1.37191e-05
 Reference value :  1.37502e-05
 Reference value :  1.37526e-05
 Reference value :  1.37813e-05
 Reference value :  1.38125e-05
 Reference value :  1.38148e-05
 Reference value :  1.38438e-05
 Reference value :  1.38451e-05
 Reference value :  1.38754e-05
 Reference value :  1.38776e-05
 Reference value :  1.39063e-05
 Reference value :  1.39154e-05
 Reference value :  1.39381e-05
 Reference value :  1.39689e-05
 Reference value :  1.40002e-05
 Reference value :  1.40025e-05
 Reference value :  1.40030e-05
 Reference value :  1.40313e-05
 Reference value :  1.40317e-05
 Reference value :  1.40627e-05
 Reference value :  1.40938e-05
 Reference value :  1.40946e-05
 Reference value :  1.41254e-05
 Reference value :  1.41563e-05
 Reference value :  1.41684e-05
 Reference value :  1.41883e-05
 Reference value :  1.42189e-05
 Reference value :  1.42502e-05
 Reference value :  1.42529e-05
 Reference value :  1.42813e-05
 Reference value :  1.42816e-05
 Reference value :  1.43127e-05
 Reference value :  1.43148e-05
 Reference value :  1.43295e-05
 Reference value :  1.43441e-05
 Reference value :  1.43750e-05
 Reference value :  1.43757e-05
 Reference value :  1.43792e-05
 Reference value :  1.44064e-05
 Reference value :  1.44181e-05
 Reference value :  1.44379e-05
 Reference value :  1.44402e-05
 Reference value :  1.44688e-05
 Reference value :  1.44954e-05
 Reference value :  1.45023e-05
 Reference value :  1.45114e-05
 Reference value :  1.45316e-05
 Reference value :  1.45627e-05
 Reference value :  1.45651e-05
 Reference value :  1.45938e-05
 Reference value :  1.46250e-05
 Reference value :  1.46273e-05
 Reference value :  1.46462e-05
 Reference value :  1.46566e-05
 Reference value :  1.46877e-05
 Reference value :  1.46900e-05
 Reference value :  1.47188e-05
 Reference value :  1.47360e-05
 Reference value :  1.47507e-05
 Reference value :  1.47608e-05
 Reference value :  1.47815e-05
 Reference value :  1.48127e-05
 Reference value :  1.48150e-05
 Reference value :  1.48438e-05
 Reference value :  1.48443e-05
 Reference value :  1.48752e-05
 Reference value :  1.48774e-05
 Reference value :  1.48804e-05
 Reference value :  1.49064e-05
 Reference value :  1.49283e-05
 Reference value :  1.49380e-05
 Reference value :  1.49688e-05
 Reference value :  1.49906e-05
 Reference value :  1.50009e-05
 Reference value :  1.50027e-05
 Reference value :  1.50165e-05
 Reference value :  1.50315e-05
 Reference value :  1.50389e-05
 Reference value :  1.50629e-05
 Reference value :  1.50939e-05
 Reference value :  1.51047e-05
 Reference value :  1.51264e-05
 Reference value :  1.51566e-05
 Reference value :  1.51876e-05
 Reference value :  1.51899e-05
 Reference value :  1.52188e-05
 Reference value :  1.52192e-05
 Reference value :  1.52501e-05
 Reference value :  1.52527e-05
 Reference value :  1.52535e-05
 Reference value :  1.52814e-05
 Reference value :  1.53126e-05
 Reference value :  1.53148e-05
 Reference value :  1.53396e-05
 Reference value :  1.53441e-05
 Reference value :  1.53750e-05
 Reference value :  1.53768e-05
 Reference value :  1.53810e-05
 Reference value :  1.54064e-05
 Reference value :  1.54243e-05
 Reference value :  1.54380e-05
 Reference value :  1.54405e-05
 Reference value :  1.54688e-05
 Reference value :  1.54987e-05
 Reference value :  1.55013e-05
 Reference value :  1.55047e-05
 Reference value :  1.55314e-05
 Reference value :  1.55626e-05
 Reference value :  1.55649e-05
 Reference value :  1.55922e-05
 Reference value :  1.55942e-05
 Reference value :  1.56253e-05
 Reference value :  1.56276e-05
 Reference value :  1.56564e-05
 Reference value :  1.56875e-05
 Reference value :  1.56898e-05
 Reference value :  1.57115e-05
 Reference value :  1.57191e-05
 Reference value :  1.57502e-05
 Reference value :  1.57526e-05
 Reference value :  1.57814e-05
 Reference value :  1.58125e-05
 Reference value :  1.58148e-05
 Reference value :  1.58438e-05
 Reference value :  1.58443e-05
 Reference value :  1.58753e-05
 Reference value :  1.58776e-05
 Reference value :  1.59063e-05
 Reference value :  1.59076e-05
 Reference value :  1.59379e-05
 Reference value :  1.59688e-05
 Reference value :  1.59834e-05
 Reference value :  1.60006e-05
 Reference value :  1.60027e-05
 Reference value :  1.60282e-05
 Reference value :  1.60316e-05
 Reference value :  1.60590e-05
 Reference value :  1.60631e-05
 Reference value :  1.60940e-05
 Reference value :  1.61251e-05
 Reference value :  1.61446e-05
 Reference value :  1.61567e-05
 Reference value :  1.61876e-05
 Reference value :  1.61899e-05
 Reference value :  1.62188e-05
 Reference value :  1.62194e-05
 Reference value :  1.62502e-05
 Reference value :  1.62528e-05
 Reference value :  1.62574e-05
 Reference value :  1.62814e-05
 Reference value :  1.63127e-05
 Reference value :  1.63150e-05
 Reference value :  1.63438e-05
 Reference value :  1.63450e-05
 Reference value :  1.63754e-05
 Reference value :  1.63783e-05
 Reference value :  1.64064e-05
 Reference value :  1.64143e-05
 Reference value :  1.64379e-05
 Reference value :  1.64405e-05
 Reference value :  1.64688e-05
 Reference value :  1.65000e-05
 Reference value :  1.65023e-05
 Reference value :  1.65068e-05
 Reference value :  1.65315e-05
 Reference value :  1.65627e-05
 Reference value :  1.65650e-05
 Reference value :  1.65938e-05
 Reference value :  1.66006e-05
 Reference value :  1.66254e-05
 Reference value :  1.66280e-05
 Reference value :  1.66564e-05
 Reference value :  1.66877e-05
 Reference value :  1.66900e-05
 Reference value :  1.67188e-05
 Reference value :  1.67275e-05
 Reference value :  1.67505e-05
 Reference value :  1.67529e-05
 Reference value :  1.67815e-05
 Reference value :  1.68127e-05
 Reference value :  1.68150e-05
 Reference value :  1.68438e-05
 Reference value :  1.68459e-05
 Reference value :  1.68755e-05
 Reference value :  1.68777e-05
 Reference value :  1.69063e-05
 Reference value :  1.69068e-05
 Reference value :  1.69378e-05
 Reference value :  1.69688e-05
 Reference value :  1.69705e-05
 Reference value :  1.70004e-05
 Reference value :  1.70026e-05
 Reference value :  1.70036e-05
 Reference value :  1.70315e-05
 Reference value :  1.70625e-05
 Reference value :  1.70634e-05
 Reference value :  1.70939e-05
 Reference value :  1.71251e-05
 Reference value :  1.71486e-05
 Reference value :  1.71567e-05
 Reference value :  1.71877e-05
 Reference value :  1.71900e-05
 Reference value :  1.72188e-05
 Reference value :  1.72258e-05
 Reference value :  1.72505e-05
 Reference value :  1.72530e-05
 Reference value :  1.72813e-05
 Reference value :  1.72820e-05
 Reference value :  1.73129e-05
 Reference value :  1.73153e-05
 Reference value :  1.73439e-05
 Reference value :  1.73752e-05
 Reference value :  1.73775e-05
 Reference value :  1.74063e-05
 Reference value :  1.74067e-05
 Reference value :  1.74377e-05
 Reference value :  1.74399e-05
 Reference value :  1.74688e-05
 Reference value :  1.74691e-05
 Reference value :  1.75002e-05
 Reference value :  1.75023e-05
 Reference value :  1.75154e-05
 Reference value :  1.75317e-05
 Reference value :  1.75628e-05
 Reference value :  1.75658e-05
 Reference value :  1.75941e-05
 Reference value :  1.76255e-05
 Reference value :  1.76284e-05
 Reference value :  1.76565e-05
 Reference value :  1.76877e-05
 Reference value :  1.76901e-05
 Reference value :  1.77189e-05
 Reference value :  1.77501e-05
 Reference value :  1.77524e-05
 Reference value :  1.77813e-05
 Reference value :  1.78022e-05
 Reference value :  1.78136e-05
 Reference value :  1.78438e-05
 Reference value :  1.78443e-05
 Reference value :  1.78753e-05
 Reference value :  1.78776e-05
 Reference value :  1.79063e-05
 Reference value :  1.79334e-05
 Reference value :  1.79384e-05
 Reference value :  1.79689e-05
 Reference value :  1.80000e-05
 Reference value :  1.80009e-05
 Reference value :  1.80027e-05
 Reference value :  1.80186e-05
 Reference value :  1.80316e-05
 Reference value :  1.80626e-05
 Reference value :  1.80731e-05
 Reference value :  1.80940e-05
 Reference value :  1.81251e-05
 Reference value :  1.81563e-05
 Reference value :  1.81569e-05
 Reference value :  1.81878e-05
 Reference value :  1.81901e-05
 Reference value :  1.82189e-05
 Reference value :  1.82501e-05
 Reference value :  1.82529e-05
 Reference value :  1.82813e-05
 Reference value :  1.82817e-05
 Reference value :  1.83129e-05
 Reference value :  1.83151e-05
 Reference value :  1.83438e-05
 Reference value :  1.83725e-05
 Reference value :  1.83759e-05
 Reference value :  1.83838e-05
 Reference value :  1.84065e-05
 Reference value :  1.84377e-05
 Reference value :  1.84404e-05
 Reference value :  1.84689e-05
 Reference value :  1.85001e-05
 Reference value :  1.85025e-05
 Reference value :  1.85313e-05
 Reference value :  1.85360e-05
 Reference value :  1.85630e-05
 Reference value :  1.85715e-05
 Reference value :  1.85941e-05
 Reference value :  1.86252e-05
 Reference value :  1.86276e-05
 Reference value :  1.86564e-05
 Reference value :  1.86877e-05
 Reference value :  1.86900e-05
 Reference value :  1.87189e-05
 Reference value :  1.87502e-05
 Reference value :  1.87526e-05
 Reference value :  1.87815e-05
 Reference value :  1.88125e-05
 Reference value :  1.88148e-05
 Reference value :  1.88438e-05
 Reference value :  1.88442e-05
 Reference value :  1.88752e-05
 Reference value :  1.88774e-05
 Reference value :  1.89063e-05
 Reference value :  1.89094e-05
 Reference value :  1.89391e-05
 Reference value :  1.89689e-05
 Reference value :  1.90002e-05
 Reference value :  1.90026e-05
 Reference value :  1.90045e-05
 Reference value :  1.90315e-05
 Reference value :  1.90626e-05
 Reference value :  1.90854e-05
 Reference value :  1.90942e-05
 Reference value :  1.91254e-05
 Reference value :  1.91565e-05
 Reference value :  1.91875e-05
 Reference value :  1.91898e-05
 Reference value :  1.92188e-05
 Reference value :  1.92196e-05
 Reference value :  1.92505e-05
 Reference value :  1.92532e-05
 Reference value :  1.92814e-05
 Reference value :  1.93091e-05
 Reference value :  1.93135e-05
 Reference value :  1.93279e-05
 Reference value :  1.93545e-05
 Reference value :  1.93763e-05
 Reference value :  1.93976e-05
 Reference value :  1.94067e-05
 Reference value :  1.94378e-05
 Reference value :  1.94413e-05
 Reference value :  1.94690e-05
 Reference value :  1.95002e-05
 Reference value :  1.95026e-05
 Reference value :  1.95313e-05
 Reference value :  1.95626e-05
 Reference value :  1.95648e-05
 Reference value :  1.95938e-05
 Reference value :  1.95944e-05
 Reference value :  1.96254e-05
 Reference value :  1.96283e-05
 Reference value :  1.96565e-05
 Reference value :  1.96877e-05
 Reference value :  1.96900e-05
 Reference value :  1.97188e-05
 Reference value :  1.97501e-05
 Reference value :  1.97524e-05
 Reference value :  1.97813e-05
 Reference value :  1.97920e-05
 Reference value :  1.98132e-05
 Reference value :  1.98225e-05
 Reference value :  1.98442e-05
 Reference value :  1.98751e-05
 Reference value :  1.98773e-05
 Reference value :  1.99017e-05
 Reference value :  1.99066e-05
 Reference value :  1.99376e-05
 Reference value :  1.99477e-05
 Reference value :  1.99691e-05
No. of Data Rows : 52264
e1                  =  1.03333e+00
x1                  =  1.94412e+01 at=  2.28140e-06
cd1                 =  2.00000e+00
e2                  =  9.42547e-01
x2                  =  1.93981e+01 at=  3.28140e-06
cd2                 =  3.00000e+00
e128                =  6.41862e-01
x128                =  1.40513e+01 at=  4.28141e-06
cd128               =  1.28000e+02
e129                =  7.04315e-01
x129                =  1.40730e+01 at=  5.28141e-06
cd129               =  1.29000e+02
e255                =  4.08630e-01
x255                =  9.10891e+00 at=  6.31263e-06
cd255               =  2.55000e+02
e256                =  4.69997e-01
x256                =  9.14130e+00 at=  7.31263e-06
cd256               =  2.56000e+02
e257                =  4.69423e-01
x257                =  9.10726e+00 at=  8.31263e-06
cd257               =  2.57000e+02
e384                =  1.61129e-01
x384                =  4.70503e+00 at=  9.31263e-06
cd384               =  3.84000e+02
e511                =  -6.19233e-02
x511                =  8.77754e+00 at=  1.03751e-05
cd511               =  5.11000e+02
e512                =  -1.07638e-02
x512                =  8.65091e+00 at=  1.13751e-05
cd512               =  5.12000e+02
e513                =  -2.76230e-03
x513                =  8.63364e+00 at=  1.23751e-05
cd513               =  5.13000e+02
e640                =  -3.17304e-01
x640                =  4.85191e+00 at=  1.33126e-05
cd640               =  6.39000e+02
e767                =  -5.41760e-01
x767                =  9.26321e+00 at=  1.43126e-05
cd767               =  7.66000e+02
e768                =  -4.95895e-01
x768                =  9.23159e+00 at=  1.53126e-05
cd768               =  7.67000e+02
e769                =  -4.88303e-01
x769                =  9.26656e+00 at=  1.63126e-05
cd769               =  7.68000e+02
e896                =  -7.90519e-01
x896                =  1.38072e+01 at=  1.73126e-05
cd896               =  8.95000e+02
e1022               =  -1.02316e+00
x1022               =  1.83411e+01 at=  1.83126e-05
cd1022              =  1.02100e+03
e1023               =  -9.52862e-01
x1023               =  1.83124e+01 at=  1.93126e-05
cd1023              =  1.02200e+03
vrefhi              =  3.63016e+00 at=  1.53149e-05
vreflo              =  3.62983e+00 at=  1.25100e-05
m_terr_t1_lsb = 1.0333340000e+00
m_decerr_t1_lsb = 1.9441180000e+01
m_code_t1 = 2.0000000000e+00
m_terr_t2_lsb = 9.4254720000e-01
m_decerr_t2_lsb = 1.9398100000e+01
m_code_t2 = 3.0000000000e+00
m_terr_t128_lsb = 6.4186160000e-01
m_decerr_t128_lsb = 1.4051310000e+01
m_code_t128 = 1.2800000000e+02
m_terr_t129_lsb = 7.0431510000e-01
m_decerr_t129_lsb = 1.4073050000e+01
m_code_t129 = 1.2900000000e+02
m_terr_t255_lsb = 4.0862950000e-01
m_decerr_t255_lsb = 9.1089090000e+00
m_code_t255 = 2.5500000000e+02
m_terr_t256_lsb = 4.6999700000e-01
m_decerr_t256_lsb = 9.1413050000e+00
m_code_t256 = 2.5600000000e+02
m_terr_t257_lsb = 4.6942300000e-01
m_decerr_t257_lsb = 9.1072550000e+00
m_code_t257 = 2.5700000000e+02
m_terr_t384_lsb = 1.6112900000e-01
m_decerr_t384_lsb = 4.7050340000e+00
m_code_t384 = 3.8400000000e+02
m_terr_t511_lsb = -6.192331000e-02
m_decerr_t511_lsb = 8.7775400000e+00
m_code_t511 = 5.1100000000e+02
m_terr_t512_lsb = -1.076380000e-02
m_decerr_t512_lsb = 8.6509080000e+00
m_code_t512 = 5.1200000000e+02
m_terr_t513_lsb = -2.762305000e-03
m_decerr_t513_lsb = 8.6336350000e+00
m_code_t513 = 5.1300000000e+02
m_terr_t640_lsb = -3.173041000e-01
m_decerr_t640_lsb = 4.8519090000e+00
m_code_t640 = 6.3900000000e+02
m_terr_t767_lsb = -5.417600000e-01
m_decerr_t767_lsb = 9.2632120000e+00
m_code_t767 = 7.6600000000e+02
m_terr_t768_lsb = -4.958949000e-01
m_decerr_t768_lsb = 9.2315890000e+00
m_code_t768 = 7.6700000000e+02
m_terr_t769_lsb = -4.883025000e-01
m_decerr_t769_lsb = 9.2665570000e+00
m_code_t769 = 7.6800000000e+02
m_terr_t896_lsb = -7.905193000e-01
m_decerr_t896_lsb = 1.3807240000e+01
m_code_t896 = 8.9500000000e+02
m_terr_t1022_lsb = -1.023157000e+00
m_decerr_t1022_lsb = 1.8341140000e+01
m_code_t1022 = 1.0210000000e+03
m_terr_t1023_lsb = -9.528618000e-01
m_decerr_t1023_lsb = 1.8312410000e+01
m_code_t1023 = 1.0220000000e+03
m_inl_t1_lsb = 0.0000000000e+00
m_inl_t2_lsb = -8.884335988e-02
m_inl_t128_lsb = -1.446555051e-01
m_inl_t129_lsb = -8.025856497e-02
m_inl_t255_lsb = -1.310707102e-01
m_inl_t256_lsb = -6.775977006e-02
m_inl_t257_lsb = -6.639032994e-02
m_inl_t384_lsb = -1.278674350e-01
m_inl_t511_lsb = -1.041028501e-01
m_inl_t512_lsb = -5.099990000e-02
m_inl_t513_lsb = -4.105496488e-02
m_inl_t640_lsb = -1.087798650e-01
m_inl_t767_lsb = -8.641887006e-02
m_inl_t768_lsb = -3.861032994e-02
m_inl_t769_lsb = -2.907448982e-02
m_inl_t896_lsb = -8.447439491e-02
m_inl_t1022_lsb = -7.223864012e-02
m_inl_t1023_lsb = 0.0000000000e+00
m_dnl_t1_t2_lsb = -9.078680000e-02
m_dnl_t128_t129_lsb = 6.2453500000e-02
m_dnl_t255_t256_lsb = 6.1367500000e-02
m_dnl_t256_t257_lsb = -5.740000000e-04
m_dnl_t511_t512_lsb = 5.1159510000e-02
m_dnl_t512_t513_lsb = 8.0014950000e-03
m_dnl_t767_t768_lsb = 4.5865100000e-02
m_dnl_t768_t769_lsb = 7.5924000000e-03
m_dnl_t1022_t1023_lsb = 7.0295200000e-02
m_gain_err_lsb = -1.988139240e+00
m_vref_droop_mv = 3.2400000000e-01
Note: Simulation executed from .control section 

Warning: m=xx on .subckt line will override multiplier m hierarchy!

Note: Starting dynamic gmin stepping
Warning: Dynamic gmin stepping failed
Note: Starting true gmin stepping
Note: True gmin stepping completed
