
Note: Compatibility modes selected: hs a


Circuit: * adc-inl-dnl @ mim_ff_125c_3.30v -- generated by sim/harness, do not edit

Reducing trtol to 1 for xspice 'A' devices
Doing analysis at TEMP = 125.000000 and TNOM = 27.000000

Using SPARSE 1.3 as Direct Linear Solver

Initial Transient Solution
--------------------------

Node                                   Voltage
----                                   -------
clk                                          0
cmpclk                                       0
cmpclkb                                    3.3
vddt                                       3.3
vddd                                       3.3
vddc                                       3.3
vrefs                                      3.3
vrefn                                      3.3
vcmn                                      1.65
se_vinp                             0.00402832
se_vinn                                   1.65
se_start                                     0
se_mode                                      0
se_cmp                                 1.36517
se_samp_tp_n                                 0
se_sel_in_n                                  0
se_drdy                                    3.3
se_c9                                        0
se_c8                                        0
se_c7                                        0
se_c6                                        0
se_c5                                        0
se_c4                                        0
se_c3                                        0
se_c2                                        0
se_c1                                        0
se_c0                                        0
se_rel_n_256p                              3.3
se_sel_hi_n_256p                             0
se_sel_lo_n_256p                             0
se_rel_n_128p                              3.3
se_sel_hi_n_128p                             0
se_sel_lo_n_128p                             0
se_rel_n_64p                               3.3
se_sel_hi_n_64p                              0
se_sel_lo_n_64p                              0
se_rel_n_32p                               3.3
se_sel_hi_n_32p                              0
se_sel_lo_n_32p                              0
se_rel_n_16p                               3.3
se_sel_hi_n_16p                              0
se_sel_lo_n_16p                              0
se_rel_n_8p                                3.3
se_sel_hi_n_8p                               0
se_sel_lo_n_8p                               0
se_rel_n_4p                                3.3
se_sel_hi_n_4p                               0
se_sel_lo_n_4p                               0
se_rel_n_2p                                3.3
se_sel_hi_n_2p                               0
se_sel_lo_n_2p                               0
se_rel_n_1p                                3.3
se_sel_hi_n_1p                               0
se_sel_lo_n_1p                               0
se_rel_n_256n                              3.3
se_sel_hi_n_256n                             0
se_sel_lo_n_256n                             0
se_rel_n_128n                              3.3
se_sel_hi_n_128n                             0
se_sel_lo_n_128n                             0
se_rel_n_64n                               3.3
se_sel_hi_n_64n                              0
se_sel_lo_n_64n                              0
se_rel_n_32n                               3.3
se_sel_hi_n_32n                              0
se_sel_lo_n_32n                              0
se_rel_n_16n                               3.3
se_sel_hi_n_16n                              0
se_sel_lo_n_16n                              0
se_rel_n_8n                                3.3
se_sel_hi_n_8n                               0
se_sel_lo_n_8n                               0
se_rel_n_4n                                3.3
se_sel_hi_n_4n                               0
se_sel_lo_n_4n                               0
se_rel_n_2n                                3.3
se_sel_hi_n_2n                               0
se_sel_lo_n_2n                               0
se_rel_n_1n                                3.3
se_sel_hi_n_1n                               0
se_sel_lo_n_1n                               0
se_pinp                             0.00402848
se_pinn                                   1.65
xdut.\$65__t0                              3.3
xdut.sel_in__t0                              0
xdut.vss__t0                       1.40587e-08
xdut.\$27__t2                      1.21883e-08
xdut.rel_256_p__t2                         3.3
xdut.vss__t103                     2.00485e-09
xdut.\$29__t2                              3.3
xdut.hi_256_p__t2                            0
xdut.vss__t106                     1.36677e-08
xdut.\$9__t2                               3.3
xdut.lo_256_p__t2                            0
xdut.vss__t107                     1.34723e-08
xdut.vinp__t0                        0.0040287
xdut.sel_in__t1                              0
xdut.\$10__t0                             1.65
xdut.vcm__t37                             1.65
xdut.rel_256_p__t1                         3.3
xdut.\$10__t263                           1.65
xdut.vref__t29                             3.3
xdut.hi_256_p__t1                            0
xdut.\$10__t262                           1.65
xdut.vss__t30                      8.45777e-08
xdut.lo_256_p__t1                            0
xdut.\$10__t261                           1.65
xdut.\$67__t2                              3.3
xdut.sel_in__t49                             0
xdut.vss__t91                      1.08523e-08
xdut.\$31__t2                      1.17247e-08
xdut.rel_128_p__t2                         3.3
xdut.vss__t92                      1.54123e-09
xdut.\$33__t2                              3.3
xdut.hi_128_p__t2                            0
xdut.vss__t74                      1.04625e-08
xdut.\$11__t2                              3.3
xdut.lo_128_p__t2                            0
xdut.vss__t94                      1.02677e-08
xdut.vinp__t16                      0.00402865
xdut.sel_in__t32                             0
xdut.\$12__t135                           1.65
xdut.vcm__t34                             1.65
xdut.rel_128_p__t1                         3.3
xdut.\$12__t134                           1.65
xdut.vref__t27                             3.3
xdut.hi_128_p__t1                            0
xdut.\$12__t133                           1.65
xdut.vss__t28                      6.31934e-08
xdut.lo_128_p__t1                            0
xdut.\$12__t132                           1.65
xdut.\$69__t2                              3.3
xdut.sel_in__t51                             0
xdut.vss__t99                      7.66057e-09
xdut.\$35__t2                      1.12634e-08
xdut.rel_64_p__t2                          3.3
xdut.vss__t100                     1.07986e-09
xdut.\$37__t2                              3.3
xdut.hi_64_p__t2                             0
xdut.vss__t101                     7.27375e-09
xdut.\$13__t2                              3.3
xdut.lo_64_p__t2                             0
xdut.vss__t102                     7.08058e-09
xdut.vinp__t14                       0.0040286
xdut.sel_in__t29                             0
xdut.\$14__t71                            1.65
xdut.vcm__t32                             1.65
xdut.rel_64_p__t1                          3.3
xdut.\$14__t70                            1.65
xdut.vref__t26                             3.3
xdut.hi_64_p__t1                             0
xdut.\$14__t69                            1.65
xdut.vss__t27                      4.19168e-08
xdut.lo_64_p__t1                             0
xdut.\$14__t68                            1.65
xdut.\$71__t2                              3.3
xdut.sel_in__t52                             0
xdut.vss__t108                     4.51467e-09
xdut.\$39__t2                      1.08092e-08
xdut.rel_32_p__t2                          3.3
xdut.vss__t98                      6.25725e-10
xdut.\$41__t2                              3.3
xdut.hi_32_p__t2                             0
xdut.vss__t64                       4.1397e-09
xdut.\$15__t2                              3.3
xdut.lo_32_p__t2                             0
xdut.vss__t69                      3.95351e-09
xdut.vinp__t15                      0.00402855
xdut.sel_in__t31                             0
xdut.\$16__t36                            1.65
xdut.vcm__t41                             1.65
xdut.rel_32_p__t1                          3.3
xdut.\$16__t37                            1.65
xdut.vref__t34                             3.3
xdut.hi_32_p__t1                             0
xdut.\$16__t38                            1.65
xdut.vss__t35                      2.10765e-08
xdut.lo_32_p__t1                             0
xdut.\$16__t39                            1.65
xdut.\$73__t2                              3.3
xdut.sel_in__t45                             0
xdut.vss__t70                       1.6931e-09
xdut.\$43__t2                      1.04108e-08
xdut.rel_16_p__t2                          3.3
xdut.vss__t71                      2.27345e-10
xdut.\$45__t2                              3.3
xdut.hi_16_p__t2                             0
xdut.vss__t72                       1.4674e-09
xdut.\$17__t2                              3.3
xdut.lo_16_p__t2                             0
xdut.vss__t77                      1.38283e-09
xdut.vinp__t17                       0.0040285
xdut.sel_in__t34                             0
xdut.\$18__t21                            1.65
xdut.vcm__t38                             1.65
xdut.rel_16_p__t1                          3.3
xdut.\$18__t20                            1.65
xdut.vref__t31                             3.3
xdut.hi_16_p__t1                             0
xdut.\$18__t22                            1.65
xdut.vss__t32                      7.41675e-09
xdut.lo_16_p__t1                             0
xdut.\$18__t23                            1.65
xdut.\$75__t2                              3.3
xdut.sel_in__t53                             0
xdut.vss__t109                     2.47736e-09
xdut.\$47__t2                      1.05663e-08
xdut.rel_8_p__t2                           3.3
xdut.vss__t97                      3.82836e-10
xdut.\$49__t2                              3.3
xdut.hi_8_p__t2                              0
xdut.vss__t96                      2.82059e-09
xdut.\$19__t2                              3.3
xdut.lo_8_p__t2                              0
xdut.vss__t95                      2.99677e-09
xdut.vinp__t13                      0.00402852
xdut.sel_in__t27                             0
xdut.\$20__t12                            1.65
xdut.vcm__t29                             1.65
xdut.rel_8_p__t1                           3.3
xdut.\$20__t13                            1.65
xdut.vref__t24                             3.3
xdut.hi_8_p__t1                              0
xdut.\$20__t14                            1.65
xdut.vss__t25                      2.42774e-08
xdut.lo_8_p__t1                              0
xdut.\$20__t15                            1.65
xdut.\$77__t2                              3.3
xdut.sel_in__t50                             0
xdut.vss__t93                      5.49494e-09
xdut.\$51__t2                      1.10058e-08
xdut.rel_4_p__t2                           3.3
xdut.vss__t90                      8.22293e-10
xdut.\$53__t2                              3.3
xdut.hi_4_p__t2                              0
xdut.vss__t89                      5.87747e-09
xdut.\$21__t2                              3.3
xdut.lo_4_p__t2                              0
xdut.vss__t88                      6.06922e-09
xdut.vinp__t10                      0.00402857
xdut.sel_in__t21                             0
xdut.\$22__t11                            1.65
xdut.vcm__t22                             1.65
xdut.rel_4_p__t1                           3.3
xdut.\$22__t10                            1.65
xdut.vref__t18                             3.3
xdut.hi_4_p__t1                              0
xdut.\$22__t9                             1.65
xdut.vss__t19                      4.52478e-08
xdut.lo_4_p__t1                              0
xdut.\$22__t8                             1.65
xdut.\$79__t2                              3.3
xdut.sel_in__t42                             0
xdut.vss__t57                      8.66244e-09
xdut.\$55__t2                      1.14643e-08
xdut.rel_2_p__t2                           3.3
xdut.vss__t47                      1.28082e-09
xdut.\$57__t2                              3.3
xdut.hi_2_p__t2                              0
xdut.vss__t50                      9.05096e-09
xdut.\$23__t2                              3.3
xdut.lo_2_p__t2                              0
xdut.vss__t51                      9.24535e-09
xdut.vinp__t11                      0.00402862
xdut.sel_in__t24                             0
xdut.\$24__t6                             1.65
xdut.vcm__t28                             1.65
xdut.rel_2_p__t1                           3.3
xdut.\$24__t9                             1.65
xdut.vref__t23                             3.3
xdut.hi_2_p__t1                              0
xdut.\$24__t8                             1.65
xdut.vss__t24                      6.65502e-08
xdut.lo_2_p__t1                              0
xdut.\$24__t7                             1.65
xdut.\$81__t2                              3.3
xdut.sel_in__t43                             0
xdut.vss__t61                      1.18603e-08
xdut.\$59__t2                      1.19269e-08
xdut.rel_1_p__t2                           3.3
xdut.vss__t60                      1.74343e-09
xdut.\$61__t2                              3.3
xdut.hi_1_p__t2                              0
xdut.vss__t59                      1.22508e-08
xdut.\$25__t2                              3.3
xdut.lo_1_p__t2                              0
xdut.vss__t58                       1.2446e-08
xdut.vinp__t12                      0.00402868
xdut.sel_in__t26                             0
xdut.\$26__t8                             1.65
xdut.vcm__t26                             1.65
xdut.rel_1_p__t1                           3.3
xdut.\$26__t7                             1.65
xdut.vref__t20                             3.3
xdut.hi_1_p__t1                              0
xdut.\$26__t6                             1.65
xdut.vss__t20                      8.79436e-08
xdut.lo_1_p__t1                              0
xdut.\$26__t5                             1.65
xdut.\$83__t2                              3.3
xdut.sel_in__t38                             0
xdut.vss__t38                      1.40305e-08
xdut.\$85__t2                      1.21842e-08
xdut.rel_256_n__t2                         3.3
xdut.vss__t41                       2.0007e-09
xdut.\$87__t2                              3.3
xdut.hi_256_n__t2                            0
xdut.vss__t42                      1.36387e-08
xdut.\$89__t2                              3.3
xdut.lo_256_n__t2                            0
xdut.vss__t62                      1.34428e-08
xdut.vinn__t17                            1.65
xdut.sel_in__t36                             0
xdut.\$90__t260                           1.65
xdut.vcm__t40                             1.65
xdut.rel_256_n__t1                         3.3
xdut.\$90__t261                           1.65
xdut.vref__t33                             3.3
xdut.hi_256_n__t1                            0
xdut.\$90__t262                           1.65
xdut.vss__t36                      8.46005e-08
xdut.lo_256_n__t1                            0
xdut.\$90__t263                           1.65
xdut.\$92__t2                              3.3
xdut.sel_in__t37                             0
xdut.vss__t37                      1.08157e-08
xdut.\$94__t2                      1.17193e-08
xdut.rel_128_n__t2                         3.3
xdut.vss__t43                      1.53583e-09
xdut.\$96__t2                              3.3
xdut.hi_128_n__t2                            0
xdut.vss__t40                      1.04245e-08
xdut.\$98__t2                              3.3
xdut.lo_128_n__t2                            0
xdut.vss__t39                      1.02289e-08
xdut.vinn__t15                            1.65
xdut.sel_in__t33                             0
xdut.\$99__t132                           1.65
xdut.vcm__t36                             1.65
xdut.rel_128_n__t1                         3.3
xdut.\$99__t133                           1.65
xdut.vref__t28                             3.3
xdut.hi_128_n__t1                            0
xdut.\$99__t134                           1.65
xdut.vss__t31                       6.3224e-08
xdut.lo_128_n__t1                            0
xdut.\$99__t135                           1.65
xdut.\$100__t2                             3.3
xdut.sel_in__t39                             0
xdut.vss__t44                      7.60856e-09
xdut.\$102__t2                     1.12556e-08
xdut.rel_64_n__t2                          3.3
xdut.vss__t54                      1.07214e-09
xdut.\$104__t2                             3.3
xdut.hi_64_n__t2                             0
xdut.vss__t45                      7.21896e-09
xdut.\$106__t2                             3.3
xdut.lo_64_n__t2                             0
xdut.vss__t87                      7.02428e-09
xdut.vinn__t16                            1.65
xdut.sel_in__t35                             0
xdut.\$107__t68                           1.65
xdut.vcm__t39                             1.65
xdut.rel_64_n__t1                          3.3
xdut.\$107__t69                           1.65
xdut.vref__t32                             3.3
xdut.hi_64_n__t1                             0
xdut.\$107__t70                           1.65
xdut.vss__t33                      4.19629e-08
xdut.lo_64_n__t1                             0
xdut.\$107__t71                           1.65
xdut.\$108__t2                             3.3
xdut.sel_in__t40                             0
xdut.vss__t52                      4.42585e-09
xdut.\$110__t2                     1.07958e-08
xdut.rel_32_n__t2                          3.3
xdut.vss__t46                       6.1231e-10
xdut.\$112__t2                             3.3
xdut.hi_32_n__t2                             0
xdut.vss__t48                      4.04265e-09
xdut.\$114__t2                             3.3
xdut.lo_32_n__t2                             0
xdut.vss__t49                      3.85177e-09
xdut.vinn__t13                            1.65
xdut.sel_in__t28                             0
xdut.\$115__t36                           1.65
xdut.vcm__t31                             1.65
xdut.rel_32_n__t1                          3.3
xdut.\$115__t37                           1.65
xdut.vref__t25                             3.3
xdut.hi_32_n__t1                             0
xdut.\$115__t38                           1.65
xdut.vss__t26                      2.11679e-08
xdut.lo_32_n__t1                             0
xdut.\$115__t39                           1.65
xdut.\$116__t2                             3.3
xdut.sel_in__t41                             0
xdut.vss__t53                      1.43961e-09
xdut.\$118__t2                     1.03708e-08
xdut.rel_16_n__t2                          3.3
xdut.vss__t63                      1.87292e-10
xdut.\$120__t2                             3.3
xdut.hi_16_n__t2                             0
xdut.vss__t55                      1.16583e-09
xdut.\$122__t2                             3.3
xdut.lo_16_n__t2                             0
xdut.vss__t56                      1.05741e-09
xdut.vinn__t14                            1.65
xdut.sel_in__t30                             0
xdut.\$123__t20                           1.65
xdut.vcm__t33                             1.65
xdut.rel_16_n__t1                          3.3
xdut.\$123__t21                           1.65
xdut.vref__t30                             3.3
xdut.hi_16_n__t1                             0
xdut.\$123__t23                           1.65
xdut.vss__t29                      7.67264e-09
xdut.lo_16_n__t1                             0
xdut.\$123__t22                           1.65
xdut.\$124__t2                             3.3
xdut.sel_in__t48                             0
xdut.vss__t85                      2.31154e-09
xdut.\$126__t2                      1.0544e-08
xdut.rel_8_n__t2                           3.3
xdut.vss__t84                      3.60494e-10
xdut.\$128__t2                             3.3
xdut.hi_8_n__t2                              0
xdut.vss__t83                      2.67613e-09
xdut.\$130__t2                             3.3
xdut.lo_8_n__t2                              0
xdut.vss__t82                      2.86121e-09
xdut.vinn__t9                             1.65
xdut.sel_in__t20                             0
xdut.\$131__t12                           1.65
xdut.vcm__t23                             1.65
xdut.rel_8_n__t1                           3.3
xdut.\$131__t13                           1.65
xdut.vref__t22                             3.3
xdut.hi_8_n__t1                              0
xdut.\$131__t15                           1.65
xdut.vss__t23                      2.43568e-08
xdut.lo_8_n__t1                              0
xdut.\$131__t14                           1.65
xdut.\$132__t2                             3.3
xdut.sel_in__t47                             0
xdut.vss__t81                       5.4222e-09
xdut.\$134__t2                     1.09956e-08
xdut.rel_4_n__t2                           3.3
xdut.vss__t80                      8.12132e-10
xdut.\$136__t2                             3.3
xdut.hi_4_n__t2                              0
xdut.vss__t79                      5.80952e-09
xdut.\$138__t2                             3.3
xdut.lo_4_n__t2                              0
xdut.vss__t78                      6.00344e-09
xdut.vinn__t12                            1.65
xdut.sel_in__t25                             0
xdut.\$139__t8                            1.65
xdut.vcm__t30                             1.65
xdut.rel_4_n__t1                           3.3
xdut.\$139__t9                            1.65
xdut.vref__t35                             3.3
xdut.hi_4_n__t1                              0
xdut.\$139__t11                           1.65
xdut.vss__t34                      4.52905e-08
xdut.lo_4_n__t1                              0
xdut.\$139__t10                           1.65
xdut.\$140__t2                             3.3
xdut.sel_in__t44                             0
xdut.vss__t68                      8.61648e-09
xdut.\$142__t2                     1.14578e-08
xdut.rel_2_n__t2                           3.3
xdut.vss__t67                      1.27432e-09
xdut.\$144__t2                             3.3
xdut.hi_2_n__t2                              0
xdut.vss__t66                      9.00699e-09
xdut.\$146__t2                             3.3
xdut.lo_2_n__t2                              0
xdut.vss__t65                      9.20231e-09
xdut.vinn__t10                            1.65
xdut.sel_in__t22                             0
xdut.\$147__t6                            1.65
xdut.vcm__t25                             1.65
xdut.rel_2_n__t1                           3.3
xdut.\$147__t7                            1.65
xdut.\$166__t2                             3.3
xdut.tp_gn__t4                               0
xdut.vss__t104                     1.01446e-08
xdut.vref__t19                             3.3
xdut.hi_2_n__t1                              0
xdut.\$147__t8                            1.65
xdut.vcm__t35                             1.65
xdut.tp_gn__t3                               0
xdut.topp__t513                        1.57464
xdut.vss__t22                      6.65792e-08
xdut.lo_2_n__t1                              0
xdut.\$147__t9                            1.65
xdut.\$167__t2                             3.3
xdut.tp_gn__t5                               0
xdut.vss__t105                     1.10002e-08
xdut.vcm__t24                             1.65
xdut.tp_gn__t2                               0
xdut.topn__t513                        1.72901
xdut.\$148__t2                             3.3
xdut.sel_in__t46                             0
xdut.vss__t76                      1.18268e-08
xdut.\$150__t2                     1.19222e-08
xdut.rel_1_n__t2                           3.3
xdut.vss__t75                      1.73866e-09
xdut.\$152__t2                             3.3
xdut.hi_1_n__t2                              0
xdut.vss__t86                      1.22183e-08
xdut.\$154__t2                             3.3
xdut.lo_1_n__t2                              0
xdut.vss__t73                      1.24141e-08
xdut.vinn__t11                            1.65
xdut.sel_in__t23                             0
xdut.\$155__t8                            1.65
xdut.vcm__t27                             1.65
xdut.rel_1_n__t1                           3.3
xdut.\$155__t7                            1.65
xdut.vref__t21                             3.3
xdut.hi_1_n__t1                              0
xdut.\$155__t6                            1.65
xdut.vss__t21                      8.79656e-08
xdut.lo_1_n__t1                              0
xdut.\$155__t5                            1.65
xdut.\$65__t1                              3.3
xdut.sel_in__t2                              0
xdut.vdd__t0                               3.3
xdut.\$27__t1                      1.50083e-08
xdut.rel_256_p__t0                         3.3
xdut.vdd__t50                              3.3
xdut.\$29__t1                              3.3
xdut.hi_256_p__t0                            0
xdut.vdd__t49                              3.3
xdut.\$9__t1                               3.3
xdut.lo_256_p__t0                            0
xdut.vdd__t48                              3.3
xdut.vinp__t1                       0.00402848
xdut.\$65__t2                              3.3
xdut.\$10__t1                             1.65
xdut.vcm__t6                              1.65
xdut.\$27__t0                       1.4508e-08
xdut.\$10__t260                           1.65
xdut.vref__t1                              3.3
xdut.\$29__t0                              3.3
xdut.\$10__t259                           1.65
xdut.vss__t1                       4.14674e-10
xdut.\$9__t0                               3.3
xdut.\$10__t258                           1.65
xdut.\$67__t1                              3.3
xdut.sel_in__t13                             0
xdut.vdd__t47                              3.3
xdut.\$31__t1                      1.45447e-08
xdut.rel_128_p__t0                         3.3
xdut.vdd__t46                              3.3
xdut.\$33__t1                              3.3
xdut.hi_128_p__t0                            0
xdut.vdd__t45                              3.3
xdut.\$11__t1                              3.3
xdut.lo_128_p__t0                            0
xdut.vdd__t44                              3.3
xdut.vinp__t4                       0.00402848
xdut.\$67__t0                              3.3
xdut.\$12__t130                           1.65
xdut.vcm__t9                              1.65
xdut.\$31__t0                      1.40444e-08
xdut.\$12__t131                           1.65
xdut.vref__t2                              3.3
xdut.\$33__t0                              3.3
xdut.\$12__t129                           1.65
xdut.vss__t2                       2.94147e-10
xdut.\$11__t0                              3.3
xdut.\$12__t128                           1.65
xdut.\$69__t1                              3.3
xdut.sel_in__t5                              0
xdut.vdd__t13                              3.3
xdut.\$35__t1                      1.40833e-08
xdut.rel_64_p__t0                          3.3
xdut.vdd__t11                              3.3
xdut.\$37__t1                              3.3
xdut.hi_64_p__t0                             0
xdut.vdd__t10                              3.3
xdut.\$13__t1                              3.3
xdut.lo_64_p__t0                             0
xdut.vdd__t19                              3.3
xdut.vinp__t2                       0.00402848
xdut.\$69__t0                              3.3
xdut.\$14__t64                            1.65
xdut.vcm__t12                             1.65
xdut.\$35__t0                       1.3583e-08
xdut.\$14__t65                            1.65
xdut.vref__t11                             3.3
xdut.\$37__t0                              3.3
xdut.\$14__t67                            1.65
xdut.vss__t13                      1.74168e-10
xdut.\$13__t0                              3.3
xdut.\$14__t66                            1.65
xdut.\$71__t1                              3.3
xdut.sel_in__t3                              0
xdut.vdd__t2                               3.3
xdut.\$39__t1                      1.36292e-08
xdut.rel_32_p__t0                          3.3
xdut.vdd__t3                               3.3
xdut.\$41__t1                              3.3
xdut.hi_32_p__t0                             0
xdut.vdd__t4                               3.3
xdut.\$15__t1                              3.3
xdut.lo_32_p__t0                             0
xdut.vdd__t6                               3.3
xdut.vinp__t6                       0.00402848
xdut.\$71__t0                              3.3
xdut.\$16__t35                            1.65
xdut.vcm__t14                             1.65
xdut.\$39__t0                      1.31289e-08
xdut.\$16__t34                            1.65
xdut.vref__t10                             3.3
xdut.\$41__t0                              3.3
xdut.\$16__t33                            1.65
xdut.vss__t12                      5.82181e-11
xdut.\$15__t0                              3.3
xdut.\$16__t32                            1.65
xdut.\$73__t1                              3.3
xdut.sel_in__t15                             0
xdut.vdd__t60                              3.3
xdut.\$43__t1                      1.32308e-08
xdut.rel_16_p__t0                          3.3
xdut.vdd__t43                              3.3
xdut.\$45__t1                              3.3
xdut.hi_16_p__t0                             0
xdut.vdd__t59                              3.3
xdut.\$17__t1                              3.3
xdut.lo_16_p__t0                             0
xdut.vdd__t58                              3.3
xdut.vinp__t5                       0.00402848
xdut.\$73__t0                              3.3
xdut.\$18__t16                            1.65
xdut.vcm__t7                              1.65
xdut.\$43__t0                      1.27305e-08
xdut.\$18__t17                            1.65
xdut.vref__t4                              3.3
xdut.\$45__t0                              3.3
xdut.\$18__t18                            1.65
xdut.vss__t4                       7.54163e-11
xdut.\$17__t0                              3.3
xdut.\$18__t19                            1.65
xdut.\$75__t1                              3.3
xdut.sel_in__t19                             0
xdut.vdd__t73                              3.3
xdut.\$47__t1                      1.33863e-08
xdut.rel_8_p__t0                           3.3
xdut.vdd__t68                              3.3
xdut.\$49__t1                              3.3
xdut.hi_8_p__t0                              0
xdut.vdd__t67                              3.3
xdut.\$19__t1                              3.3
xdut.lo_8_p__t0                              0
xdut.vdd__t63                              3.3
xdut.vinp__t3                       0.00402848
xdut.\$75__t0                              3.3
xdut.\$20__t8                             1.65
xdut.vcm__t5                              1.65
xdut.\$47__t0                       1.2886e-08
xdut.\$20__t9                             1.65
xdut.vref__t3                              3.3
xdut.\$49__t0                              3.3
xdut.\$20__t10                            1.65
xdut.vss__t3                       1.92949e-10
xdut.\$19__t0                              3.3
xdut.\$20__t11                            1.65
xdut.\$77__t1                              3.3
xdut.sel_in__t14                             0
xdut.vdd__t54                              3.3
xdut.\$51__t1                      1.38257e-08
xdut.rel_4_p__t0                           3.3
xdut.vdd__t55                              3.3
xdut.\$53__t1                              3.3
xdut.hi_4_p__t0                              0
xdut.vdd__t56                              3.3
xdut.\$21__t1                              3.3
xdut.lo_4_p__t0                              0
xdut.vdd__t32                              3.3
xdut.vinp__t8                       0.00402848
xdut.\$77__t0                              3.3
xdut.\$22__t4                             1.65
xdut.vcm__t17                             1.65
xdut.\$51__t0                      1.33254e-08
xdut.\$22__t5                             1.65
xdut.vref__t13                             3.3
xdut.\$53__t0                              3.3
xdut.\$22__t6                             1.65
xdut.vss__t15                      3.13072e-10
xdut.\$21__t0                              3.3
xdut.\$22__t7                             1.65
xdut.\$79__t1                              3.3
xdut.sel_in__t4                              0
xdut.vdd__t9                               3.3
xdut.\$55__t1                      1.42843e-08
xdut.rel_2_p__t0                           3.3
xdut.vdd__t8                               3.3
xdut.\$57__t1                              3.3
xdut.hi_2_p__t0                              0
xdut.vdd__t1                               3.3
xdut.\$23__t1                              3.3
xdut.lo_2_p__t0                              0
xdut.vdd__t7                               3.3
xdut.vinp__t7                       0.00402848
xdut.\$79__t0                              3.3
xdut.\$24__t3                             1.65
xdut.vcm__t19                             1.65
xdut.\$55__t0                      1.37839e-08
xdut.\$24__t4                             1.65
xdut.vref__t16                             3.3
xdut.\$57__t0                              3.3
xdut.\$24__t5                             1.65
xdut.vss__t5                       4.33638e-10
xdut.\$23__t0                              3.3
xdut.\$24__t2                             1.65
xdut.\$81__t1                              3.3
xdut.sel_in__t16                             0
xdut.vdd__t62                              3.3
xdut.\$59__t1                      1.47469e-08
xdut.rel_1_p__t0                           3.3
xdut.vdd__t66                              3.3
xdut.\$61__t1                              3.3
xdut.hi_1_p__t0                              0
xdut.vdd__t65                              3.3
xdut.\$25__t1                              3.3
xdut.lo_1_p__t0                              0
xdut.vdd__t64                              3.3
xdut.vinp__t9                       0.00402848
xdut.\$81__t0                              3.3
xdut.\$26__t2                             1.65
xdut.vcm__t21                             1.65
xdut.\$59__t0                      1.42466e-08
xdut.\$26__t3                             1.65
xdut.vref__t17                             3.3
xdut.\$61__t0                              3.3
xdut.\$26__t4                             1.65
xdut.vss__t17                      5.54359e-10
xdut.\$25__t0                              3.3
xdut.\$26__t1                             1.65
xdut.\$83__t1                              3.3
xdut.sel_in__t18                             0
xdut.vdd__t70                              3.3
xdut.\$85__t1                      1.50041e-08
xdut.rel_256_n__t0                         3.3
xdut.vdd__t71                              3.3
xdut.\$87__t1                              3.3
xdut.hi_256_n__t0                            0
xdut.vdd__t72                              3.3
xdut.\$89__t1                              3.3
xdut.lo_256_n__t0                            0
xdut.vdd__t51                              3.3
xdut.vinn__t6                             1.65
xdut.\$83__t0                              3.3
xdut.\$90__t256                           1.65
xdut.vcm__t16                             1.65
xdut.\$85__t0                      1.45038e-08
xdut.\$90__t257                           1.65
xdut.vref__t12                             3.3
xdut.\$87__t0                              3.3
xdut.\$90__t258                           1.65
xdut.vss__t14                      4.17304e-10
xdut.\$89__t0                              3.3
xdut.\$90__t259                           1.65
xdut.\$92__t1                              3.3
xdut.sel_in__t17                             0
xdut.vdd__t69                              3.3
xdut.\$94__t1                      1.45393e-08
xdut.rel_128_n__t0                         3.3
xdut.vdd__t52                              3.3
xdut.\$96__t1                              3.3
xdut.hi_128_n__t0                            0
xdut.vdd__t53                              3.3
xdut.\$98__t1                              3.3
xdut.lo_128_n__t0                            0
xdut.vdd__t57                              3.3
xdut.vinn__t7                             1.65
xdut.\$92__t0                              3.3
xdut.\$99__t128                           1.65
xdut.vcm__t18                             1.65
xdut.\$94__t0                       1.4039e-08
xdut.\$99__t129                           1.65
xdut.vref__t14                             3.3
xdut.\$96__t0                              3.3
xdut.\$99__t130                           1.65
xdut.vss__t18                      2.97843e-10
xdut.\$98__t0                              3.3
xdut.\$99__t131                           1.65
xdut.\$100__t1                             3.3
xdut.sel_in__t11                             0
xdut.vdd__t33                              3.3
xdut.\$102__t1                     1.40756e-08
xdut.rel_64_n__t0                          3.3
xdut.vdd__t34                              3.3
xdut.\$104__t1                             3.3
xdut.hi_64_n__t0                             0
xdut.vdd__t35                              3.3
xdut.\$106__t1                             3.3
xdut.lo_64_n__t0                             0
xdut.vdd__t36                              3.3
xdut.vinn__t8                             1.65
xdut.\$100__t0                             3.3
xdut.\$107__t67                           1.65
xdut.vcm__t20                             1.65
xdut.\$102__t0                     1.35753e-08
xdut.\$107__t65                           1.65
xdut.vref__t15                             3.3
xdut.\$104__t0                             3.3
xdut.\$107__t64                           1.65
xdut.vss__t16                       1.8034e-10
xdut.\$106__t0                             3.3
xdut.\$107__t66                           1.65
xdut.\$108__t1                             3.3
xdut.sel_in__t12                             0
xdut.vdd__t37                              3.3
xdut.\$110__t1                     1.36158e-08
xdut.rel_32_n__t0                          3.3
xdut.vdd__t38                              3.3
xdut.\$112__t1                             3.3
xdut.hi_32_n__t0                             0
xdut.vdd__t39                              3.3
xdut.\$114__t1                             3.3
xdut.lo_32_n__t0                             0
xdut.vdd__t40                              3.3
xdut.vinn__t0                             1.65
xdut.\$108__t0                             3.3
xdut.\$115__t32                           1.65
xdut.vcm__t8                              1.65
xdut.\$110__t0                     1.31154e-08
xdut.\$115__t35                           1.65
xdut.vref__t5                              3.3
xdut.\$112__t0                             3.3
xdut.\$115__t34                           1.65
xdut.vss__t6                       7.46814e-11
xdut.\$114__t0                             3.3
xdut.\$115__t33                           1.65
xdut.\$116__t1                             3.3
xdut.sel_in__t10                             0
xdut.vdd__t28                              3.3
xdut.\$118__t1                     1.31907e-08
xdut.rel_16_n__t0                          3.3
xdut.vdd__t27                              3.3
xdut.\$120__t1                             3.3
xdut.hi_16_n__t0                             0
xdut.vdd__t26                              3.3
xdut.\$122__t1                             3.3
xdut.lo_16_n__t0                             0
xdut.vdd__t25                              3.3
xdut.vinn__t2                             1.65
xdut.\$116__t0                             3.3
xdut.\$123__t19                           1.65
xdut.vcm__t10                             1.65
xdut.\$118__t0                     1.26904e-08
xdut.\$123__t18                           1.65
xdut.vref__t6                              3.3
xdut.\$120__t0                             3.3
xdut.\$123__t17                           1.65
xdut.vss__t7                       8.87445e-11
xdut.\$122__t0                             3.3
xdut.\$123__t16                           1.65
xdut.\$124__t1                             3.3
xdut.sel_in__t9                              0
xdut.vdd__t24                              3.3
xdut.\$126__t1                     1.33639e-08
xdut.rel_8_n__t0                           3.3
xdut.vdd__t23                              3.3
xdut.\$128__t1                             3.3
xdut.hi_8_n__t0                              0
xdut.vdd__t22                              3.3
xdut.\$130__t1                             3.3
xdut.lo_8_n__t0                              0
xdut.vdd__t21                              3.3
xdut.vinn__t1                             1.65
xdut.\$124__t0                             3.3
xdut.\$131__t10                           1.65
xdut.vcm__t4                              1.65
xdut.\$126__t0                     1.28636e-08
xdut.\$131__t8                            1.65
xdut.vref__t0                              3.3
xdut.\$128__t0                             3.3
xdut.\$131__t9                            1.65
xdut.vss__t11                      1.98538e-10
xdut.\$130__t0                             3.3
xdut.\$131__t11                           1.65
xdut.\$132__t1                             3.3
xdut.sel_in__t8                              0
xdut.vdd__t20                              3.3
xdut.\$134__t1                     1.38156e-08
xdut.rel_4_n__t0                           3.3
xdut.vdd__t61                              3.3
xdut.\$136__t1                             3.3
xdut.hi_4_n__t0                              0
xdut.vdd__t29                              3.3
xdut.\$138__t1                             3.3
xdut.lo_4_n__t0                              0
xdut.vdd__t41                              3.3
xdut.vinn__t5                             1.65
xdut.\$132__t0                             3.3
xdut.\$139__t7                            1.65
xdut.vcm__t13                             1.65
xdut.\$134__t0                     1.33153e-08
xdut.\$139__t6                            1.65
xdut.vref__t9                              3.3
xdut.\$136__t0                             3.3
xdut.\$139__t5                            1.65
xdut.vss__t10                      3.16547e-10
xdut.\$138__t0                             3.3
xdut.\$139__t4                            1.65
xdut.\$140__t1                             3.3
xdut.sel_in__t6                              0
xdut.vdd__t14                              3.3
xdut.\$142__t1                     1.42778e-08
xdut.rel_2_n__t0                           3.3
xdut.vdd__t15                              3.3
xdut.\$144__t1                             3.3
xdut.hi_2_n__t0                              0
xdut.vdd__t16                              3.3
xdut.\$146__t1                             3.3
xdut.lo_2_n__t0                              0
xdut.vdd__t18                              3.3
xdut.vinn__t4                             1.65
xdut.\$140__t0                             3.3
xdut.\$147__t4                            1.65
xdut.vcm__t15                             1.65
xdut.\$142__t0                     1.37774e-08
xdut.\$147__t5                            1.65
xdut.vref__t8                              3.3
xdut.\$144__t0                             3.3
xdut.\$147__t3                            1.65
xdut.vss__t9                       4.36154e-10
xdut.\$146__t0                             3.3
xdut.\$147__t2                            1.65
xdut.\$148__t1                             3.3
xdut.sel_in__t7                              0
xdut.vdd__t17                              3.3
xdut.\$150__t1                     1.47421e-08
xdut.rel_1_n__t0                           3.3
xdut.vdd__t12                              3.3
xdut.\$152__t1                             3.3
xdut.hi_1_n__t0                              0
xdut.vdd__t30                              3.3
xdut.\$154__t1                             3.3
xdut.lo_1_n__t0                              0
xdut.vdd__t5                               3.3
xdut.vinn__t3                             1.65
xdut.\$148__t0                             3.3
xdut.\$155__t4                            1.65
xdut.vcm__t11                             1.65
xdut.\$150__t0                     1.42418e-08
xdut.\$155__t3                            1.65
xdut.vref__t7                              3.3
xdut.\$152__t0                             3.3
xdut.\$155__t2                            1.65
xdut.vss__t8                       5.56329e-10
xdut.\$154__t0                             3.3
xdut.\$155__t1                            1.65
xdut.\$166__t1                             3.3
xdut.tp_gn__t1                               0
xdut.vdd__t42                              3.3
xdut.vcm__t3                              1.65
xdut.\$166__t0                             3.3
xdut.topp__t512                        1.57464
xdut.\$167__t1                             3.3
xdut.tp_gn__t0                               0
xdut.vdd__t31                              3.3
xdut.vcm__t2                              1.65
xdut.\$167__t0                             3.3
xdut.topn__t512                        1.72901
xdut.\$10__t177                           1.65
xdut.topp__t350                        1.57464
xdut.\$24__t1                             1.65
xdut.topp__t349                        1.57464
xdut.\$10__t176                           1.65
xdut.topp__t348                        1.57464
xdut.\$22__t2                             1.65
xdut.topp__t347                        1.57464
xdut.\$10__t175                           1.65
xdut.topp__t346                        1.57464
xdut.\$20__t5                             1.65
xdut.topp__t345                        1.57464
xdut.\$10__t174                           1.65
xdut.topp__t344                        1.57464
xdut.\$20__t4                             1.65
xdut.topp__t343                        1.57464
xdut.\$10__t173                           1.65
xdut.topp__t342                        1.57464
xdut.\$18__t12                            1.65
xdut.topp__t341                        1.57464
xdut.\$10__t172                           1.65
xdut.topp__t340                        1.57464
xdut.\$18__t11                            1.65
xdut.topp__t339                        1.57464
xdut.\$10__t171                           1.65
xdut.topp__t338                        1.57464
xdut.\$18__t15                            1.65
xdut.topp__t494                        1.57464
xdut.\$10__t248                           1.65
xdut.topp__t493                        1.57464
xdut.\$18__t14                            1.65
xdut.topp__t492                        1.57464
xdut.\$10__t247                           1.65
xdut.topp__t491                        1.57464
xdut.\$16__t26                            1.65
xdut.topp__t490                        1.57464
xdut.\$10__t257                           1.65
xdut.topp__t510                        1.57464
xdut.\$16__t24                            1.65
xdut.topp__t337                        1.57464
xdut.\$10__t178                           1.65
xdut.topp__t351                        1.57464
xdut.\$16__t25                            1.65
xdut.topp__t488                        1.57464
xdut.\$10__t252                           1.65
xdut.topp__t503                        1.57464
xdut.\$16__t31                            1.65
xdut.topp__t502                        1.57464
xdut.\$10__t251                           1.65
xdut.topp__t501                        1.57464
xdut.\$16__t30                            1.65
xdut.topp__t500                        1.57464
xdut.\$10__t250                           1.65
xdut.topp__t499                        1.57464
xdut.\$16__t29                            1.65
xdut.topp__t498                        1.57464
xdut.\$10__t249                           1.65
xdut.topp__t497                        1.57464
xdut.\$16__t28                            1.65
xdut.topp__t496                        1.57464
xdut.\$10__t253                           1.65
xdut.topp__t504                        1.57464
xdut.\$16__t27                            1.65
xdut.topp__t495                        1.57464
xdut.\$90__t224                           1.65
xdut.topn__t446                        1.72901
xdut.\$147__t1                            1.65
xdut.topn__t445                        1.72901
xdut.\$90__t223                           1.65
xdut.topn__t444                        1.72901
xdut.\$139__t3                            1.65
xdut.topn__t443                        1.72901
xdut.\$90__t222                           1.65
xdut.topn__t442                        1.72901
xdut.\$131__t5                            1.65
xdut.topn__t441                        1.72901
xdut.\$90__t221                           1.65
xdut.topn__t440                        1.72901
xdut.\$131__t4                            1.65
xdut.topn__t439                        1.72901
xdut.\$90__t186                           1.65
xdut.topn__t368                        1.72901
xdut.\$123__t12                           1.65
xdut.topn__t383                        1.72901
xdut.\$90__t185                           1.65
xdut.topn__t366                        1.72901
xdut.\$123__t9                            1.65
xdut.topn__t365                        1.72901
xdut.\$90__t184                           1.65
xdut.topn__t364                        1.72901
xdut.\$123__t8                            1.65
xdut.topn__t363                        1.72901
xdut.\$90__t183                           1.65
xdut.topn__t362                        1.72901
xdut.\$123__t7                            1.65
xdut.topn__t361                        1.72901
xdut.\$90__t182                           1.65
xdut.topn__t360                        1.72901
xdut.\$115__t21                           1.65
xdut.topn__t359                        1.72901
xdut.\$90__t181                           1.65
xdut.topn__t358                        1.72901
xdut.\$115__t20                           1.65
xdut.topn__t357                        1.72901
xdut.\$90__t191                           1.65
xdut.topn__t377                        1.72901
xdut.\$115__t25                           1.65
xdut.topn__t376                        1.72901
xdut.\$90__t190                           1.65
xdut.topn__t375                        1.72901
xdut.\$115__t24                           1.65
xdut.topn__t374                        1.72901
xdut.\$90__t189                           1.65
xdut.topn__t373                        1.72901
xdut.\$115__t23                           1.65
xdut.topn__t372                        1.72901
xdut.\$90__t188                           1.65
xdut.topn__t371                        1.72901
xdut.\$115__t22                           1.65
xdut.topn__t370                        1.72901
xdut.\$90__t187                           1.65
xdut.topn__t369                        1.72901
xdut.\$115__t27                           1.65
xdut.topn__t381                        1.72901
xdut.\$90__t192                           1.65
xdut.topn__t380                        1.72901
xdut.\$115__t26                           1.65
xdut.topn__t379                        1.72901
xdut.\$10__t179                           1.65
xdut.topp__t352                        1.57464
xdut.\$14__t43                            1.65
xdut.topp__t353                        1.57464
xdut.\$10__t180                           1.65
xdut.topp__t354                        1.57464
xdut.\$14__t44                            1.65
xdut.topp__t355                        1.57464
xdut.\$10__t181                           1.65
xdut.topp__t356                        1.57464
xdut.\$14__t45                            1.65
xdut.topp__t357                        1.57464
xdut.\$10__t182                           1.65
xdut.topp__t358                        1.57464
xdut.\$14__t46                            1.65
xdut.topp__t359                        1.57464
xdut.\$10__t183                           1.65
xdut.topp__t360                        1.57464
xdut.\$14__t47                            1.65
xdut.topp__t361                        1.57464
xdut.\$10__t184                           1.65
xdut.topp__t362                        1.57464
xdut.\$14__t48                            1.65
xdut.topp__t363                        1.57464
xdut.\$10__t185                           1.65
xdut.topp__t364                        1.57464
xdut.\$14__t49                            1.65
xdut.topp__t365                        1.57464
xdut.\$10__t186                           1.65
xdut.topp__t366                        1.57464
xdut.\$14__t58                            1.65
xdut.topp__t383                        1.57464
xdut.\$10__t187                           1.65
xdut.topp__t368                        1.57464
xdut.\$14__t51                            1.65
xdut.topp__t369                        1.57464
xdut.\$10__t188                           1.65
xdut.topp__t370                        1.57464
xdut.\$14__t52                            1.65
xdut.topp__t371                        1.57464
xdut.\$10__t189                           1.65
xdut.topp__t372                        1.57464
xdut.\$14__t53                            1.65
xdut.topp__t373                        1.57464
xdut.\$10__t190                           1.65
xdut.topp__t374                        1.57464
xdut.\$14__t54                            1.65
xdut.topp__t375                        1.57464
xdut.\$10__t191                           1.65
xdut.topp__t376                        1.57464
xdut.\$14__t55                            1.65
xdut.topp__t377                        1.57464
xdut.\$10__t192                           1.65
xdut.topp__t378                        1.57464
xdut.\$14__t56                            1.65
xdut.topp__t379                        1.57464
xdut.\$10__t193                           1.65
xdut.topp__t380                        1.57464
xdut.\$14__t57                            1.65
xdut.topp__t381                        1.57464
xdut.\$10__t194                           1.65
xdut.topp__t382                        1.57464
xdut.\$14__t50                            1.65
xdut.topp__t367                        1.57464
xdut.\$90__t146                           1.65
xdut.topn__t288                        1.72901
xdut.\$107__t30                           1.65
xdut.topn__t289                        1.72901
xdut.\$90__t147                           1.65
xdut.topn__t290                        1.72901
xdut.\$107__t31                           1.65
xdut.topn__t291                        1.72901
xdut.\$90__t148                           1.65
xdut.topn__t292                        1.72901
xdut.\$107__t32                           1.65
xdut.topn__t293                        1.72901
xdut.\$90__t149                           1.65
xdut.topn__t294                        1.72901
xdut.\$107__t33                           1.65
xdut.topn__t295                        1.72901
xdut.\$90__t150                           1.65
xdut.topn__t296                        1.72901
xdut.\$107__t34                           1.65
xdut.topn__t297                        1.72901
xdut.\$90__t151                           1.65
xdut.topn__t298                        1.72901
xdut.\$107__t35                           1.65
xdut.topn__t299                        1.72901
xdut.\$90__t152                           1.65
xdut.topn__t300                        1.72901
xdut.\$107__t36                           1.65
xdut.topn__t301                        1.72901
xdut.\$90__t153                           1.65
xdut.topn__t302                        1.72901
xdut.\$107__t44                           1.65
xdut.topn__t319                        1.72901
xdut.\$90__t155                           1.65
xdut.topn__t304                        1.72901
xdut.\$107__t37                           1.65
xdut.topn__t305                        1.72901
xdut.\$90__t156                           1.65
xdut.topn__t306                        1.72901
xdut.\$107__t38                           1.65
xdut.topn__t307                        1.72901
xdut.\$90__t157                           1.65
xdut.topn__t308                        1.72901
xdut.\$107__t39                           1.65
xdut.topn__t309                        1.72901
xdut.\$90__t158                           1.65
xdut.topn__t310                        1.72901
xdut.\$107__t40                           1.65
xdut.topn__t311                        1.72901
xdut.\$90__t159                           1.65
xdut.topn__t312                        1.72901
xdut.\$107__t41                           1.65
xdut.topn__t313                        1.72901
xdut.\$90__t160                           1.65
xdut.topn__t314                        1.72901
xdut.\$107__t42                           1.65
xdut.topn__t315                        1.72901
xdut.\$90__t161                           1.65
xdut.topn__t316                        1.72901
xdut.\$107__t43                           1.65
xdut.topn__t317                        1.72901
xdut.\$90__t162                           1.65
xdut.topn__t318                        1.72901
xdut.\$107__t45                           1.65
xdut.topn__t335                        1.72901
xdut.\$10__t234                           1.65
xdut.topp__t463                        1.57464
xdut.\$12__t111                           1.65
xdut.topp__t462                        1.57464
xdut.\$10__t233                           1.65
xdut.topp__t461                        1.57464
xdut.\$12__t110                           1.65
xdut.topp__t460                        1.57464
xdut.\$10__t232                           1.65
xdut.topp__t459                        1.57464
xdut.\$12__t109                           1.65
xdut.topp__t458                        1.57464
xdut.\$10__t231                           1.65
xdut.topp__t457                        1.57464
xdut.\$12__t108                           1.65
xdut.topp__t456                        1.57464
xdut.\$10__t246                           1.65
xdut.topp__t489                        1.57464
xdut.\$12__t113                           1.65
xdut.topp__t466                        1.57464
xdut.\$10__t104                           1.65
xdut.topp__t207                        1.57464
xdut.\$12__t122                           1.65
xdut.topp__t483                        1.57464
xdut.\$10__t243                           1.65
xdut.topp__t482                        1.57464
xdut.\$12__t121                           1.65
xdut.topp__t481                        1.57464
xdut.\$10__t242                           1.65
xdut.topp__t480                        1.57464
xdut.\$12__t116                           1.65
xdut.topp__t472                        1.57464
xdut.\$10__t245                           1.65
xdut.topp__t487                        1.57464
xdut.\$12__t115                           1.65
xdut.topp__t470                        1.57464
xdut.\$10__t237                           1.65
xdut.topp__t469                        1.57464
xdut.\$12__t103                           1.65
xdut.topp__t448                        1.57464
xdut.\$10__t238                           1.65
xdut.topp__t471                        1.57464
xdut.\$12__t80                            1.65
xdut.topp__t313                        1.57464
xdut.\$10__t206                           1.65
xdut.topp__t408                        1.57464
xdut.\$12__t87                            1.65
xdut.topp__t407                        1.57464
xdut.\$10__t216                           1.65
xdut.topp__t426                        1.57464
xdut.\$12__t95                            1.65
xdut.topp__t425                        1.57464
xdut.\$10__t215                           1.65
xdut.topp__t424                        1.57464
xdut.\$12__t94                            1.65
xdut.topp__t423                        1.57464
xdut.\$10__t214                           1.65
xdut.topp__t422                        1.57464
xdut.\$12__t98                            1.65
xdut.topp__t437                        1.57464
xdut.\$10__t212                           1.65
xdut.topp__t420                        1.57464
xdut.\$12__t93                            1.65
xdut.topp__t419                        1.57464
xdut.\$90__t239                           1.65
xdut.topn__t479                        1.72901
xdut.\$99__t121                           1.65
xdut.topn__t478                        1.72901
xdut.\$90__t238                           1.65
xdut.topn__t477                        1.72901
xdut.\$99__t120                           1.65
xdut.topn__t476                        1.72901
xdut.\$90__t237                           1.65
xdut.topn__t475                        1.72901
xdut.\$99__t119                           1.65
xdut.topn__t474                        1.72901
xdut.\$90__t236                           1.65
xdut.topn__t473                        1.72901
xdut.\$99__t118                           1.65
xdut.topn__t472                        1.72901
xdut.\$90__t66                            1.65
xdut.topn__t129                        1.72901
xdut.\$99__t41                            1.65
xdut.topn__t118                        1.72901
xdut.\$90__t54                            1.65
xdut.topn__t107                        1.72901
xdut.\$99__t35                            1.65
xdut.topn__t106                        1.72901
xdut.\$90__t53                            1.65
xdut.topn__t105                        1.72901
xdut.\$99__t34                            1.65
xdut.topn__t104                        1.72901
xdut.\$90__t68                            1.65
xdut.topn__t133                        1.72901
xdut.\$99__t47                            1.65
xdut.topn__t132                        1.72901
xdut.\$90__t67                            1.65
xdut.topn__t131                        1.72901
xdut.\$99__t46                            1.65
xdut.topn__t130                        1.72901
xdut.\$90__t241                           1.65
xdut.topn__t484                        1.72901
xdut.\$99__t15                            1.65
xdut.topn__t40                         1.72901
xdut.\$90__t24                            1.65
xdut.topn__t49                         1.72901
xdut.\$99__t19                            1.65
xdut.topn__t48                         1.72901
xdut.\$90__t23                            1.65
xdut.topn__t47                         1.72901
xdut.\$99__t18                            1.65
xdut.topn__t46                         1.72901
xdut.\$90__t22                            1.65
xdut.topn__t45                         1.72901
xdut.\$99__t17                            1.65
xdut.topn__t44                         1.72901
xdut.\$90__t21                            1.65
xdut.topn__t43                         1.72901
xdut.\$99__t16                            1.65
xdut.topn__t42                         1.72901
xdut.\$90__t20                            1.65
xdut.topn__t41                         1.72901
xdut.\$99__t8                             1.65
xdut.topn__t26                         1.72901
xdut.\$90__t12                            1.65
xdut.topn__t25                         1.72901
xdut.\$99__t23                            1.65
xdut.topn__t56                         1.72901
xdut.\$10__t229                           1.65
xdut.topp__t452                        1.57464
xdut.\$12__t105                           1.65
xdut.topp__t451                        1.57464
xdut.\$10__t228                           1.65
xdut.topp__t450                        1.57464
xdut.\$12__t104                           1.65
xdut.topp__t449                        1.57464
xdut.\$10__t72                            1.65
xdut.topp__t144                        1.57464
xdut.\$12__t37                            1.65
xdut.topp__t143                        1.57464
xdut.\$10__t71                            1.65
xdut.topp__t142                        1.57464
xdut.\$12__t36                            1.65
xdut.topp__t141                        1.57464
xdut.\$10__t235                           1.65
xdut.topp__t465                        1.57464
xdut.\$12__t112                           1.65
xdut.topp__t464                        1.57464
xdut.\$10__t105                           1.65
xdut.topp__t209                        1.57464
xdut.\$12__t117                           1.65
xdut.topp__t473                        1.57464
xdut.\$10__t241                           1.65
xdut.topp__t479                        1.57464
xdut.\$12__t124                           1.65
xdut.topp__t486                        1.57464
xdut.\$10__t244                           1.65
xdut.topp__t485                        1.57464
xdut.\$12__t123                           1.65
xdut.topp__t484                        1.57464
xdut.\$10__t227                           1.65
xdut.topp__t447                        1.57464
xdut.\$12__t102                           1.65
xdut.topp__t446                        1.57464
xdut.\$10__t226                           1.65
xdut.topp__t445                        1.57464
xdut.\$12__t99                            1.65
xdut.topp__t439                        1.57464
xdut.\$10__t222                           1.65
xdut.topp__t438                        1.57464
xdut.\$12__t81                            1.65
xdut.topp__t332                        1.57464
xdut.\$10__t209                           1.65
xdut.topp__t414                        1.57464
xdut.\$12__t90                            1.65
xdut.topp__t413                        1.57464
xdut.\$10__t208                           1.65
xdut.topp__t412                        1.57464
xdut.\$12__t89                            1.65
xdut.topp__t411                        1.57464
xdut.\$10__t207                           1.65
xdut.topp__t410                        1.57464
xdut.\$12__t88                            1.65
xdut.topp__t409                        1.57464
xdut.\$10__t211                           1.65
xdut.topp__t418                        1.57464
xdut.\$12__t92                            1.65
xdut.topp__t417                        1.57464
xdut.\$10__t210                           1.65
xdut.topp__t416                        1.57464
xdut.\$12__t91                            1.65
xdut.topp__t415                        1.57464
xdut.\$90__t232                           1.65
xdut.topn__t463                        1.72901
xdut.\$99__t113                           1.65
xdut.topn__t462                        1.72901
xdut.\$90__t231                           1.65
xdut.topn__t461                        1.72901
xdut.\$99__t112                           1.65
xdut.topn__t460                        1.72901
xdut.\$90__t230                           1.65
xdut.topn__t459                        1.72901
xdut.\$99__t111                           1.65
xdut.topn__t458                        1.72901
xdut.\$90__t229                           1.65
xdut.topn__t457                        1.72901
xdut.\$99__t110                           1.65
xdut.topn__t456                        1.72901
xdut.\$90__t65                            1.65
xdut.topn__t128                        1.72901
xdut.\$99__t45                            1.65
xdut.topn__t127                        1.72901
xdut.\$90__t64                            1.65
xdut.topn__t126                        1.72901
xdut.\$99__t44                            1.65
xdut.topn__t125                        1.72901
xdut.\$90__t63                            1.65
xdut.topn__t124                        1.72901
xdut.\$99__t43                            1.65
xdut.topn__t123                        1.72901
xdut.\$90__t62                            1.65
xdut.topn__t122                        1.72901
xdut.\$99__t42                            1.65
xdut.topn__t121                        1.72901
xdut.\$90__t61                            1.65
xdut.topn__t120                        1.72901
xdut.\$99__t49                            1.65
xdut.topn__t135                        1.72901
xdut.\$90__t242                           1.65
xdut.topn__t485                        1.72901
xdut.\$99__t22                            1.65
xdut.topn__t55                         1.72901
xdut.\$90__t14                            1.65
xdut.topn__t29                         1.72901
xdut.\$99__t9                             1.65
xdut.topn__t28                         1.72901
xdut.\$90__t13                            1.65
xdut.topn__t27                         1.72901
xdut.\$99__t32                            1.65
xdut.topn__t87                         1.72901
xdut.\$90__t27                            1.65
xdut.topn__t54                         1.72901
xdut.\$99__t21                            1.65
xdut.topn__t53                         1.72901
xdut.\$90__t26                            1.65
xdut.topn__t52                         1.72901
xdut.\$99__t20                            1.65
xdut.topn__t51                         1.72901
xdut.\$90__t25                            1.65
xdut.topn__t50                         1.72901
xdut.\$99__t26                            1.65
xdut.topn__t65                         1.72901
xdut.\$90__t32                            1.65
xdut.topn__t64                         1.72901
xdut.\$99__t25                            1.65
xdut.topn__t63                         1.72901
xdut.\$12__t107                           1.65
xdut.topp__t455                        1.57464
xdut.\$10__t230                           1.65
xdut.topp__t454                        1.57464
xdut.\$12__t106                           1.65
xdut.topp__t453                        1.57464
xdut.\$10__t68                            1.65
xdut.topp__t136                        1.57464
xdut.\$12__t114                           1.65
xdut.topp__t467                        1.57464
xdut.\$10__t236                           1.65
xdut.topp__t468                        1.57464
xdut.\$12__t35                            1.65
xdut.topp__t140                        1.57464
xdut.\$10__t70                            1.65
xdut.topp__t139                        1.57464
xdut.\$12__t34                            1.65
xdut.topp__t138                        1.57464
xdut.\$10__t69                            1.65
xdut.topp__t137                        1.57464
xdut.\$12__t50                            1.65
xdut.topp__t205                        1.57464
xdut.\$10__t225                           1.65
xdut.topp__t444                        1.57464
xdut.\$12__t101                           1.65
xdut.topp__t443                        1.57464
xdut.\$10__t224                           1.65
xdut.topp__t442                        1.57464
xdut.\$12__t100                           1.65
xdut.topp__t441                        1.57464
xdut.\$10__t223                           1.65
xdut.topp__t440                        1.57464
xdut.\$12__t119                           1.65
xdut.topp__t476                        1.57464
xdut.\$10__t239                           1.65
xdut.topp__t475                        1.57464
xdut.\$12__t118                           1.65
xdut.topp__t474                        1.57464
xdut.\$10__t240                           1.65
xdut.topp__t478                        1.57464
xdut.\$12__t120                           1.65
xdut.topp__t477                        1.57464
xdut.\$10__t158                           1.65
xdut.topp__t315                        1.57464
xdut.\$12__t86                            1.65
xdut.topp__t406                        1.57464
xdut.\$10__t202                           1.65
xdut.topp__t399                        1.57464
xdut.\$12__t127                           1.65
xdut.topp__t511                        1.57464
xdut.\$10__t256                           1.65
xdut.topp__t509                        1.57464
xdut.\$12__t126                           1.65
xdut.topp__t508                        1.57464
xdut.\$10__t255                           1.65
xdut.topp__t507                        1.57464
xdut.\$12__t125                           1.65
xdut.topp__t506                        1.57464
xdut.\$10__t254                           1.65
xdut.topp__t505                        1.57464
xdut.\$12__t96                            1.65
xdut.topp__t428                        1.57464
xdut.\$10__t217                           1.65
xdut.topp__t427                        1.57464
xdut.\$99__t114                           1.65
xdut.topn__t465                        1.72901
xdut.\$90__t233                           1.65
xdut.topn__t464                        1.72901
xdut.\$99__t117                           1.65
xdut.topn__t471                        1.72901
xdut.\$90__t240                           1.65
xdut.topn__t480                        1.72901
xdut.\$99__t116                           1.65
xdut.topn__t469                        1.72901
xdut.\$90__t235                           1.65
xdut.topn__t468                        1.72901
xdut.\$99__t115                           1.65
xdut.topn__t467                        1.72901
xdut.\$90__t234                           1.65
xdut.topn__t466                        1.72901
xdut.\$99__t40                            1.65
xdut.topn__t117                        1.72901
xdut.\$90__t59                            1.65
xdut.topn__t116                        1.72901
xdut.\$99__t39                            1.65
xdut.topn__t115                        1.72901
xdut.\$90__t58                            1.65
xdut.topn__t114                        1.72901
xdut.\$99__t38                            1.65
xdut.topn__t113                        1.72901
xdut.\$90__t57                            1.65
xdut.topn__t112                        1.72901
xdut.\$99__t37                            1.65
xdut.topn__t111                        1.72901
xdut.\$90__t56                            1.65
xdut.topn__t110                        1.72901
xdut.\$99__t36                            1.65
xdut.topn__t109                        1.72901
xdut.\$90__t55                            1.65
xdut.topn__t108                        1.72901
xdut.\$99__t123                           1.65
xdut.topn__t486                        1.72901
xdut.\$90__t19                            1.65
xdut.topn__t39                         1.72901
xdut.\$99__t14                            1.65
xdut.topn__t38                         1.72901
xdut.\$90__t18                            1.65
xdut.topn__t37                         1.72901
xdut.\$99__t13                            1.65
xdut.topn__t36                         1.72901
xdut.\$90__t17                            1.65
xdut.topn__t35                         1.72901
xdut.\$99__t12                            1.65
xdut.topn__t34                         1.72901
xdut.\$90__t16                            1.65
xdut.topn__t33                         1.72901
xdut.\$99__t11                            1.65
xdut.topn__t32                         1.72901
xdut.\$90__t15                            1.65
xdut.topn__t31                         1.72901
xdut.\$99__t10                            1.65
xdut.topn__t30                         1.72901
xdut.\$90__t34                            1.65
xdut.topn__t68                         1.72901
xdut.\$99__t27                            1.65
xdut.topn__t67                         1.72901
xdut.\$90__t33                            1.65
xdut.topn__t66                         1.72901
xdut.\$12__t0                             1.65
xdut.topp__t0                          1.57464
xdut.\$10__t81                            1.65
xdut.topp__t162                        1.57464
xdut.\$12__t41                            1.65
xdut.topp__t161                        1.57464
xdut.\$10__t75                            1.65
xdut.topp__t150                        1.57464
xdut.\$12__t40                            1.65
xdut.topp__t149                        1.57464
xdut.\$10__t74                            1.65
xdut.topp__t148                        1.57464
xdut.\$12__t39                            1.65
xdut.topp__t147                        1.57464
xdut.\$10__t73                            1.65
xdut.topp__t146                        1.57464
xdut.\$12__t38                            1.65
xdut.topp__t145                        1.57464
xdut.\$10__t83                            1.65
xdut.topp__t165                        1.57464
xdut.\$12__t51                            1.65
xdut.topp__t206                        1.57464
xdut.\$10__t65                            1.65
xdut.topp__t132                        1.57464
xdut.\$12__t33                            1.65
xdut.topp__t131                        1.57464
xdut.\$10__t64                            1.65
xdut.topp__t130                        1.57464
xdut.\$12__t32                            1.65
xdut.topp__t129                        1.57464
xdut.\$10__t63                            1.65
xdut.topp__t128                        1.57464
xdut.\$12__t31                            1.65
xdut.topp__t127                        1.57464
xdut.\$10__t62                            1.65
xdut.topp__t126                        1.57464
xdut.\$12__t30                            1.65
xdut.topp__t125                        1.57464
xdut.\$10__t61                            1.65
xdut.topp__t124                        1.57464
xdut.\$12__t29                            1.65
xdut.topp__t123                        1.57464
xdut.\$10__t157                           1.65
xdut.topp__t311                        1.57464
xdut.\$12__t97                            1.65
xdut.topp__t430                        1.57464
xdut.\$10__t218                           1.65
xdut.topp__t429                        1.57464
xdut.\$12__t85                            1.65
xdut.topp__t404                        1.57464
xdut.\$10__t204                           1.65
xdut.topp__t403                        1.57464
xdut.\$12__t84                            1.65
xdut.topp__t402                        1.57464
xdut.\$10__t203                           1.65
xdut.topp__t401                        1.57464
xdut.\$12__t83                            1.65
xdut.topp__t400                        1.57464
xdut.\$10__t205                           1.65
xdut.topp__t405                        1.57464
xdut.\$12__t82                            1.65
xdut.topp__t398                        1.57464
xdut.\$10__t201                           1.65
xdut.topp__t397                        1.57464
xdut.\$99__t94                            1.65
xdut.topn__t395                        1.72901
xdut.\$90__t199                           1.65
xdut.topn__t394                        1.72901
xdut.\$99__t93                            1.65
xdut.topn__t393                        1.72901
xdut.\$90__t198                           1.65
xdut.topn__t392                        1.72901
xdut.\$99__t92                            1.65
xdut.topn__t391                        1.72901
xdut.\$90__t197                           1.65
xdut.topn__t390                        1.72901
xdut.\$99__t91                            1.65
xdut.topn__t389                        1.72901
xdut.\$90__t196                           1.65
xdut.topn__t388                        1.72901
xdut.\$99__t28                            1.65
xdut.topn__t72                         1.72901
xdut.\$90__t60                            1.65
xdut.topn__t119                        1.72901
xdut.\$99__t48                            1.65
xdut.topn__t134                        1.72901
xdut.\$90__t38                            1.65
xdut.topn__t77                         1.72901
xdut.\$99__t30                            1.65
xdut.topn__t76                         1.72901
xdut.\$90__t37                            1.65
xdut.topn__t75                         1.72901
xdut.\$99__t29                            1.65
xdut.topn__t74                         1.72901
xdut.\$90__t40                            1.65
xdut.topn__t80                         1.72901
xdut.\$99__t31                            1.65
xdut.topn__t79                         1.72901
xdut.\$90__t39                            1.65
xdut.topn__t78                         1.72901
xdut.\$99__t122                           1.65
xdut.topn__t481                        1.72901
xdut.\$90__t245                           1.65
xdut.topn__t492                        1.72901
xdut.\$99__t127                           1.65
xdut.topn__t503                        1.72901
xdut.\$90__t51                            1.65
xdut.topn__t102                        1.72901
xdut.\$99__t33                            1.65
xdut.topn__t101                        1.72901
xdut.\$90__t50                            1.65
xdut.topn__t100                        1.72901
xdut.\$99__t124                           1.65
xdut.topn__t487                        1.72901
xdut.\$90__t243                           1.65
xdut.topn__t488                        1.72901
xdut.\$99__t125                           1.65
xdut.topn__t489                        1.72901
xdut.\$90__t244                           1.65
xdut.topn__t490                        1.72901
xdut.\$99__t126                           1.65
xdut.topn__t491                        1.72901
xdut.\$90__t29                            1.65
xdut.topn__t59                         1.72901
xdut.\$99__t24                            1.65
xdut.topn__t58                         1.72901
xdut.\$90__t28                            1.65
xdut.topn__t57                         1.72901
xdut.\$14__t17                            1.65
xdut.topp__t110                        1.57464
xdut.\$10__t54                            1.65
xdut.topp__t109                        1.57464
xdut.\$14__t16                            1.65
xdut.topp__t108                        1.57464
xdut.\$10__t53                            1.65
xdut.topp__t107                        1.57464
xdut.\$14__t15                            1.65
xdut.topp__t106                        1.57464
xdut.\$10__t52                            1.65
xdut.topp__t105                        1.57464
xdut.\$14__t14                            1.65
xdut.topp__t104                        1.57464
xdut.\$10__t76                            1.65
xdut.topp__t151                        1.57464
xdut.\$14__t20                            1.65
xdut.topp__t164                        1.57464
xdut.\$10__t82                            1.65
xdut.topp__t163                        1.57464
xdut.\$14__t31                            1.65
xdut.topp__t208                        1.57464
xdut.\$10__t66                            1.65
xdut.topp__t134                        1.57464
xdut.\$14__t19                            1.65
xdut.topp__t133                        1.57464
xdut.\$10__t60                            1.65
xdut.topp__t122                        1.57464
xdut.\$14__t18                            1.65
xdut.topp__t116                        1.57464
xdut.\$10__t103                           1.65
xdut.topp__t203                        1.57464
xdut.\$14__t30                            1.65
xdut.topp__t202                        1.57464
xdut.\$10__t102                           1.65
xdut.topp__t201                        1.57464
xdut.\$14__t29                            1.65
xdut.topp__t200                        1.57464
xdut.\$10__t101                           1.65
xdut.topp__t199                        1.57464
xdut.\$14__t27                            1.65
xdut.topp__t182                        1.57464
xdut.\$10__t168                           1.65
xdut.topp__t334                        1.57464
xdut.\$14__t62                            1.65
xdut.topp__t390                        1.57464
xdut.\$10__t197                           1.65
xdut.topp__t389                        1.57464
xdut.\$14__t61                            1.65
xdut.topp__t388                        1.57464
xdut.\$10__t196                           1.65
xdut.topp__t387                        1.57464
xdut.\$14__t60                            1.65
xdut.topp__t386                        1.57464
xdut.\$10__t195                           1.65
xdut.topp__t385                        1.57464
xdut.\$14__t59                            1.65
xdut.topp__t384                        1.57464
xdut.\$10__t213                           1.65
xdut.topp__t421                        1.57464
xdut.\$14__t63                            1.65
xdut.topp__t436                        1.57464
xdut.\$10__t221                           1.65
xdut.topp__t435                        1.57464
xdut.\$107__t51                           1.65
xdut.topn__t405                        1.72901
xdut.\$90__t204                           1.65
xdut.topn__t404                        1.72901
xdut.\$107__t50                           1.65
xdut.topn__t403                        1.72901
xdut.\$90__t203                           1.65
xdut.topn__t402                        1.72901
xdut.\$107__t49                           1.65
xdut.topn__t401                        1.72901
xdut.\$90__t202                           1.65
xdut.topn__t400                        1.72901
xdut.\$107__t48                           1.65
xdut.topn__t399                        1.72901
xdut.\$90__t201                           1.65
xdut.topn__t398                        1.72901
xdut.\$107__t5                            1.65
xdut.topn__t73                         1.72901
xdut.\$90__t49                            1.65
xdut.topn__t99                         1.72901
xdut.\$107__t9                            1.65
xdut.topn__t98                         1.72901
xdut.\$90__t48                            1.65
xdut.topn__t97                         1.72901
xdut.\$107__t8                            1.65
xdut.topn__t86                         1.72901
xdut.\$90__t43                            1.65
xdut.topn__t85                         1.72901
xdut.\$107__t7                            1.65
xdut.topn__t84                         1.72901
xdut.\$90__t42                            1.65
xdut.topn__t83                         1.72901
xdut.\$107__t6                            1.65
xdut.topn__t82                         1.72901
xdut.\$90__t41                            1.65
xdut.topn__t81                         1.72901
xdut.\$107__t58                           1.65
xdut.topn__t482                        1.72901
xdut.\$90__t246                           1.65
xdut.topn__t493                        1.72901
xdut.\$107__t59                           1.65
xdut.topn__t494                        1.72901
xdut.\$90__t247                           1.65
xdut.topn__t495                        1.72901
xdut.\$107__t63                           1.65
xdut.topn__t511                        1.72901
xdut.\$90__t254                           1.65
xdut.topn__t509                        1.72901
xdut.\$107__t62                           1.65
xdut.topn__t508                        1.72901
xdut.\$90__t253                           1.65
xdut.topn__t507                        1.72901
xdut.\$107__t61                           1.65
xdut.topn__t506                        1.72901
xdut.\$90__t252                           1.65
xdut.topn__t505                        1.72901
xdut.\$107__t60                           1.65
xdut.topn__t504                        1.72901
xdut.\$90__t31                            1.65
xdut.topn__t62                         1.72901
xdut.\$107__t4                            1.65
xdut.topn__t61                         1.72901
xdut.\$90__t30                            1.65
xdut.topn__t60                         1.72901
xdut.\$16__t14                            1.65
xdut.topp__t160                        1.57464
xdut.\$10__t80                            1.65
xdut.topp__t159                        1.57464
xdut.\$16__t13                            1.65
xdut.topp__t158                        1.57464
xdut.\$10__t79                            1.65
xdut.topp__t157                        1.57464
xdut.\$16__t12                            1.65
xdut.topp__t156                        1.57464
xdut.\$10__t78                            1.65
xdut.topp__t155                        1.57464
xdut.\$16__t11                            1.65
xdut.topp__t154                        1.57464
xdut.\$10__t77                            1.65
xdut.topp__t153                        1.57464
xdut.\$16__t10                            1.65
xdut.topp__t152                        1.57464
xdut.\$10__t84                            1.65
xdut.topp__t166                        1.57464
xdut.\$16__t15                            1.65
xdut.topp__t204                        1.57464
xdut.\$10__t57                            1.65
xdut.topp__t115                        1.57464
xdut.\$16__t9                             1.65
xdut.topp__t114                        1.57464
xdut.\$10__t56                            1.65
xdut.topp__t113                        1.57464
xdut.\$16__t8                             1.65
xdut.topp__t112                        1.57464
xdut.\$10__t55                            1.65
xdut.topp__t111                        1.57464
xdut.\$18__t3                             1.65
xdut.topp__t117                        1.57464
xdut.\$10__t59                            1.65
xdut.topp__t121                        1.57464
xdut.\$18__t5                             1.65
xdut.topp__t120                        1.57464
xdut.\$10__t67                            1.65
xdut.topp__t135                        1.57464
xdut.\$18__t4                             1.65
xdut.topp__t118                        1.57464
xdut.\$10__t125                           1.65
xdut.topp__t247                        1.57464
xdut.\$18__t13                            1.65
xdut.topp__t432                        1.57464
xdut.\$10__t219                           1.65
xdut.topp__t431                        1.57464
xdut.\$20__t7                             1.65
xdut.topp__t396                        1.57464
xdut.\$10__t200                           1.65
xdut.topp__t395                        1.57464
xdut.\$20__t6                             1.65
xdut.topp__t394                        1.57464
xdut.\$10__t199                           1.65
xdut.topp__t393                        1.57464
xdut.\$22__t3                             1.65
xdut.topp__t392                        1.57464
xdut.\$10__t198                           1.65
xdut.topp__t391                        1.57464
xdut.\$26__t0                             1.65
xdut.topp__t434                        1.57464
xdut.\$10__t220                           1.65
xdut.topp__t433                        1.57464
xdut.\$115__t30                           1.65
xdut.topn__t397                        1.72901
xdut.\$90__t200                           1.65
xdut.topn__t396                        1.72901
xdut.\$115__t29                           1.65
xdut.topn__t387                        1.72901
xdut.\$90__t195                           1.65
xdut.topn__t386                        1.72901
xdut.\$115__t28                           1.65
xdut.topn__t385                        1.72901
xdut.\$90__t194                           1.65
xdut.topn__t384                        1.72901
xdut.\$115__t31                           1.65
xdut.topn__t407                        1.72901
xdut.\$90__t205                           1.65
xdut.topn__t406                        1.72901
xdut.\$115__t3                            1.65
xdut.topn__t96                         1.72901
xdut.\$90__t47                            1.65
xdut.topn__t95                         1.72901
xdut.\$115__t2                            1.65
xdut.topn__t94                         1.72901
xdut.\$90__t46                            1.65
xdut.topn__t93                         1.72901
xdut.\$115__t1                            1.65
xdut.topn__t92                         1.72901
xdut.\$90__t45                            1.65
xdut.topn__t91                         1.72901
xdut.\$115__t0                            1.65
xdut.topn__t90                         1.72901
xdut.\$90__t44                            1.65
xdut.topn__t89                         1.72901
xdut.\$123__t0                            1.65
xdut.topn__t88                         1.72901
xdut.\$90__t52                            1.65
xdut.topn__t103                        1.72901
xdut.\$123__t13                           1.65
xdut.topn__t483                        1.72901
xdut.\$90__t251                           1.65
xdut.topn__t502                        1.72901
xdut.\$123__t15                           1.65
xdut.topn__t501                        1.72901
xdut.\$90__t250                           1.65
xdut.topn__t500                        1.72901
xdut.\$123__t14                           1.65
xdut.topn__t499                        1.72901
xdut.\$90__t249                           1.65
xdut.topn__t498                        1.72901
xdut.\$131__t7                            1.65
xdut.topn__t497                        1.72901
xdut.\$90__t255                           1.65
xdut.topn__t510                        1.72901
xdut.\$131__t6                            1.65
xdut.topn__t470                        1.72901
xdut.\$90__t228                           1.65
xdut.topn__t455                        1.72901
xdut.\$139__t0                            1.65
xdut.topn__t0                          1.72901
xdut.\$90__t36                            1.65
xdut.topn__t71                         1.72901
xdut.\$155__t0                            1.65
xdut.topn__t70                         1.72901
xdut.\$90__t35                            1.65
xdut.topn__t69                         1.72901
xdut.\$10__t124                           1.65
xdut.topp__t246                        1.57464
xdut.vcm__t0                              1.65
xdut.topp__t245                        1.57464
xdut.\$10__t123                           1.65
xdut.topp__t244                        1.57464
xdut.\$22__t0                             1.65
xdut.topp__t243                        1.57464
xdut.\$10__t122                           1.65
xdut.topp__t242                        1.57464
xdut.\$20__t1                             1.65
xdut.topp__t241                        1.57464
xdut.\$10__t121                           1.65
xdut.topp__t240                        1.57464
xdut.\$20__t0                             1.65
xdut.topp__t239                        1.57464
xdut.\$10__t120                           1.65
xdut.topp__t238                        1.57464
xdut.\$18__t8                             1.65
xdut.topp__t237                        1.57464
xdut.\$10__t119                           1.65
xdut.topp__t236                        1.57464
xdut.\$18__t7                             1.65
xdut.topp__t235                        1.57464
xdut.\$10__t118                           1.65
xdut.topp__t234                        1.57464
xdut.\$18__t6                             1.65
xdut.topp__t233                        1.57464
xdut.\$10__t117                           1.65
xdut.topp__t232                        1.57464
xdut.\$18__t10                            1.65
xdut.topp__t263                        1.57464
xdut.\$10__t166                           1.65
xdut.topp__t330                        1.57464
xdut.\$16__t22                            1.65
xdut.topp__t329                        1.57464
xdut.\$10__t165                           1.65
xdut.topp__t328                        1.57464
xdut.\$16__t21                            1.65
xdut.topp__t327                        1.57464
xdut.\$10__t164                           1.65
xdut.topp__t326                        1.57464
xdut.\$16__t20                            1.65
xdut.topp__t325                        1.57464
xdut.\$10__t163                           1.65
xdut.topp__t324                        1.57464
xdut.\$16__t19                            1.65
xdut.topp__t323                        1.57464
xdut.\$10__t162                           1.65
xdut.topp__t322                        1.57464
xdut.\$16__t18                            1.65
xdut.topp__t321                        1.57464
xdut.\$10__t161                           1.65
xdut.topp__t320                        1.57464
xdut.\$16__t17                            1.65
xdut.topp__t319                        1.57464
xdut.\$10__t160                           1.65
xdut.topp__t318                        1.57464
xdut.\$16__t16                            1.65
xdut.topp__t317                        1.57464
xdut.\$10__t159                           1.65
xdut.topp__t316                        1.57464
xdut.\$16__t23                            1.65
xdut.topp__t331                        1.57464
xdut.\$90__t74                            1.65
xdut.topn__t146                        1.72901
xdut.vcm__t1                              1.65
xdut.topn__t145                        1.72901
xdut.\$90__t73                            1.65
xdut.topn__t144                        1.72901
xdut.\$139__t1                            1.65
xdut.topn__t143                        1.72901
xdut.\$90__t72                            1.65
xdut.topn__t142                        1.72901
xdut.\$131__t1                            1.65
xdut.topn__t141                        1.72901
xdut.\$90__t71                            1.65
xdut.topn__t140                        1.72901
xdut.\$131__t0                            1.65
xdut.topn__t139                        1.72901
xdut.\$90__t178                           1.65
xdut.topn__t352                        1.72901
xdut.\$123__t5                            1.65
xdut.topn__t353                        1.72901
xdut.\$90__t179                           1.65
xdut.topn__t354                        1.72901
xdut.\$123__t6                            1.65
xdut.topn__t355                        1.72901
xdut.\$90__t180                           1.65
xdut.topn__t356                        1.72901
xdut.\$123__t11                           1.65
xdut.topn__t378                        1.72901
xdut.\$90__t193                           1.65
xdut.topn__t382                        1.72901
xdut.\$123__t10                           1.65
xdut.topn__t367                        1.72901
xdut.\$90__t163                           1.65
xdut.topn__t320                        1.72901
xdut.\$115__t12                           1.65
xdut.topn__t321                        1.72901
xdut.\$90__t164                           1.65
xdut.topn__t322                        1.72901
xdut.\$115__t13                           1.65
xdut.topn__t323                        1.72901
xdut.\$90__t165                           1.65
xdut.topn__t324                        1.72901
xdut.\$115__t14                           1.65
xdut.topn__t325                        1.72901
xdut.\$90__t166                           1.65
xdut.topn__t326                        1.72901
xdut.\$115__t15                           1.65
xdut.topn__t327                        1.72901
xdut.\$90__t167                           1.65
xdut.topn__t328                        1.72901
xdut.\$115__t16                           1.65
xdut.topn__t329                        1.72901
xdut.\$90__t168                           1.65
xdut.topn__t330                        1.72901
xdut.\$115__t17                           1.65
xdut.topn__t331                        1.72901
xdut.\$90__t169                           1.65
xdut.topn__t332                        1.72901
xdut.\$115__t18                           1.65
xdut.topn__t333                        1.72901
xdut.\$90__t170                           1.65
xdut.topn__t334                        1.72901
xdut.\$115__t19                           1.65
xdut.topn__t351                        1.72901
xdut.\$10__t90                            1.65
xdut.topp__t176                        1.57464
xdut.\$14__t2                             1.65
xdut.topp__t38                         1.57464
xdut.\$10__t98                            1.65
xdut.topp__t194                        1.57464
xdut.\$14__t28                            1.65
xdut.topp__t193                        1.57464
xdut.\$10__t100                           1.65
xdut.topp__t198                        1.57464
xdut.\$14__t26                            1.65
xdut.topp__t181                        1.57464
xdut.\$10__t92                            1.65
xdut.topp__t180                        1.57464
xdut.\$14__t25                            1.65
xdut.topp__t179                        1.57464
xdut.\$10__t91                            1.65
xdut.topp__t178                        1.57464
xdut.\$14__t24                            1.65
xdut.topp__t177                        1.57464
xdut.\$10__t50                            1.65
xdut.topp__t102                        1.57464
xdut.\$14__t32                            1.65
xdut.topp__t213                        1.57464
xdut.\$10__t88                            1.65
xdut.topp__t173                        1.57464
xdut.\$14__t22                            1.65
xdut.topp__t172                        1.57464
xdut.\$10__t87                            1.65
xdut.topp__t171                        1.57464
xdut.\$14__t21                            1.65
xdut.topp__t170                        1.57464
xdut.\$10__t107                           1.65
xdut.topp__t214                        1.57464
xdut.\$14__t33                            1.65
xdut.topp__t229                        1.57464
xdut.\$10__t108                           1.65
xdut.topp__t215                        1.57464
xdut.\$14__t23                            1.65
xdut.topp__t174                        1.57464
xdut.\$10__t86                            1.65
xdut.topp__t169                        1.57464
xdut.\$14__t42                            1.65
xdut.topp__t314                        1.57464
xdut.\$10__t144                           1.65
xdut.topp__t287                        1.57464
xdut.\$14__t40                            1.65
xdut.topp__t286                        1.57464
xdut.\$10__t36                            1.65
xdut.topp__t70                         1.57464
xdut.\$14__t6                             1.65
xdut.topp__t69                         1.57464
xdut.\$10__t145                           1.65
xdut.topp__t288                        1.57464
xdut.\$14__t41                            1.65
xdut.topp__t296                        1.57464
xdut.\$10__t148                           1.65
xdut.topp__t295                        1.57464
xdut.\$14__t7                             1.65
xdut.topp__t73                         1.57464
xdut.\$10__t37                            1.65
xdut.topp__t72                         1.57464
xdut.\$14__t39                            1.65
xdut.topp__t285                        1.57464
xdut.\$90__t8                             1.65
xdut.topn__t19                         1.72901
xdut.\$107__t1                            1.65
xdut.topn__t18                         1.72901
xdut.\$90__t7                             1.65
xdut.topn__t17                         1.72901
xdut.\$107__t0                            1.65
xdut.topn__t16                         1.72901
xdut.\$90__t11                            1.65
xdut.topn__t23                         1.72901
xdut.\$107__t3                            1.65
xdut.topn__t24                         1.72901
xdut.\$90__t9                             1.65
xdut.topn__t21                         1.72901
xdut.\$107__t2                            1.65
xdut.topn__t20                         1.72901
xdut.\$90__t127                           1.65
xdut.topn__t250                        1.72901
xdut.\$107__t29                           1.65
xdut.topn__t285                        1.72901
xdut.\$90__t121                           1.65
xdut.topn__t239                        1.72901
xdut.\$107__t25                           1.65
xdut.topn__t251                        1.72901
xdut.\$90__t128                           1.65
xdut.topn__t252                        1.72901
xdut.\$107__t26                           1.65
xdut.topn__t255                        1.72901
xdut.\$90__t144                           1.65
xdut.topn__t286                        1.72901
xdut.\$107__t27                           1.65
xdut.topn__t271                        1.72901
xdut.\$90__t120                           1.65
xdut.topn__t238                        1.72901
xdut.\$107__t57                           1.65
xdut.topn__t453                        1.72901
xdut.\$90__t108                           1.65
xdut.topn__t214                        1.72901
xdut.\$107__t52                           1.65
xdut.topn__t412                        1.72901
xdut.\$90__t209                           1.65
xdut.topn__t416                        1.72901
xdut.\$107__t55                           1.65
xdut.topn__t417                        1.72901
xdut.\$90__t210                           1.65
xdut.topn__t418                        1.72901
xdut.\$107__t53                           1.65
xdut.topn__t413                        1.72901
xdut.\$90__t208                           1.65
xdut.topn__t414                        1.72901
xdut.\$107__t54                           1.65
xdut.topn__t415                        1.72901
xdut.\$90__t220                           1.65
xdut.topn__t437                        1.72901
xdut.\$107__t56                           1.65
xdut.topn__t423                        1.72901
xdut.\$90__t248                           1.65
xdut.topn__t496                        1.72901
xdut.\$107__t46                           1.65
xdut.topn__t336                        1.72901
xdut.\$90__t171                           1.65
xdut.topn__t337                        1.72901
xdut.\$107__t47                           1.65
xdut.topn__t338                        1.72901
xdut.\$10__t97                            1.65
xdut.topp__t192                        1.57464
xdut.\$12__t47                            1.65
xdut.topp__t191                        1.57464
xdut.\$10__t96                            1.65
xdut.topp__t190                        1.57464
xdut.\$12__t46                            1.65
xdut.topp__t189                        1.57464
xdut.\$10__t95                            1.65
xdut.topp__t188                        1.57464
xdut.\$12__t45                            1.65
xdut.topp__t187                        1.57464
xdut.\$10__t94                            1.65
xdut.topp__t186                        1.57464
xdut.\$12__t44                            1.65
xdut.topp__t185                        1.57464
xdut.\$10__t93                            1.65
xdut.topp__t184                        1.57464
xdut.\$12__t43                            1.65
xdut.topp__t183                        1.57464
xdut.\$10__t48                            1.65
xdut.topp__t98                         1.57464
xdut.\$12__t57                            1.65
xdut.topp__t222                        1.57464
xdut.\$10__t111                           1.65
xdut.topp__t221                        1.57464
xdut.\$12__t56                            1.65
xdut.topp__t220                        1.57464
xdut.\$10__t114                           1.65
xdut.topp__t228                        1.57464
xdut.\$12__t60                            1.65
xdut.topp__t227                        1.57464
xdut.\$10__t113                           1.65
xdut.topp__t226                        1.57464
xdut.\$12__t59                            1.65
xdut.topp__t225                        1.57464
xdut.\$10__t85                            1.65
xdut.topp__t168                        1.57464
xdut.\$12__t42                            1.65
xdut.topp__t167                        1.57464
xdut.\$10__t115                           1.65
xdut.topp__t230                        1.57464
xdut.\$12__t79                            1.65
xdut.topp__t312                        1.57464
xdut.\$10__t143                           1.65
xdut.topp__t284                        1.57464
xdut.\$12__t70                            1.65
xdut.topp__t283                        1.57464
xdut.\$10__t142                           1.65
xdut.topp__t282                        1.57464
xdut.\$12__t69                            1.65
xdut.topp__t281                        1.57464
xdut.\$10__t141                           1.65
xdut.topp__t280                        1.57464
xdut.\$12__t68                            1.65
xdut.topp__t279                        1.57464
xdut.\$10__t140                           1.65
xdut.topp__t278                        1.57464
xdut.\$12__t67                            1.65
xdut.topp__t277                        1.57464
xdut.\$10__t116                           1.65
xdut.topp__t231                        1.57464
xdut.\$12__t19                            1.65
xdut.topp__t71                         1.57464
xdut.\$90__t10                            1.65
xdut.topn__t22                         1.72901
xdut.\$99__t7                             1.65
xdut.topn__t15                         1.72901
xdut.\$90__t6                             1.65
xdut.topn__t14                         1.72901
xdut.\$99__t6                             1.65
xdut.topn__t13                         1.72901
xdut.\$90__t1                             1.65
xdut.topn__t4                          1.72901
xdut.\$99__t1                             1.65
xdut.topn__t3                          1.72901
xdut.\$90__t0                             1.65
xdut.topn__t2                          1.72901
xdut.\$99__t0                             1.65
xdut.topn__t1                          1.72901
xdut.\$90__t122                           1.65
xdut.topn__t240                        1.72901
xdut.\$99__t71                            1.65
xdut.topn__t241                        1.72901
xdut.\$90__t123                           1.65
xdut.topn__t242                        1.72901
xdut.\$99__t72                            1.65
xdut.topn__t243                        1.72901
xdut.\$90__t124                           1.65
xdut.topn__t244                        1.72901
xdut.\$99__t73                            1.65
xdut.topn__t245                        1.72901
xdut.\$90__t125                           1.65
xdut.topn__t246                        1.72901
xdut.\$99__t74                            1.65
xdut.topn__t247                        1.72901
xdut.\$90__t126                           1.65
xdut.topn__t248                        1.72901
xdut.\$99__t75                            1.65
xdut.topn__t249                        1.72901
xdut.\$90__t106                           1.65
xdut.topn__t211                        1.72901
xdut.\$99__t97                            1.65
xdut.topn__t419                        1.72901
xdut.\$90__t211                           1.65
xdut.topn__t420                        1.72901
xdut.\$99__t98                            1.65
xdut.topn__t421                        1.72901
xdut.\$90__t212                           1.65
xdut.topn__t422                        1.72901
xdut.\$99__t103                           1.65
xdut.topn__t433                        1.72901
xdut.\$90__t218                           1.65
xdut.topn__t434                        1.72901
xdut.\$99__t104                           1.65
xdut.topn__t435                        1.72901
xdut.\$90__t219                           1.65
xdut.topn__t436                        1.72901
xdut.\$99__t96                            1.65
xdut.topn__t410                        1.72901
xdut.\$90__t207                           1.65
xdut.topn__t411                        1.72901
xdut.\$99__t85                            1.65
xdut.topn__t339                        1.72901
xdut.\$90__t172                           1.65
xdut.topn__t340                        1.72901
xdut.\$99__t86                            1.65
xdut.topn__t341                        1.72901
xdut.\$10__t19                            1.65
xdut.topp__t37                         1.57464
xdut.\$12__t7                             1.65
xdut.topp__t36                         1.57464
xdut.\$10__t18                            1.65
xdut.topp__t35                         1.57464
xdut.\$12__t6                             1.65
xdut.topp__t34                         1.57464
xdut.\$10__t17                            1.65
xdut.topp__t33                         1.57464
xdut.\$12__t5                             1.65
xdut.topp__t32                         1.57464
xdut.\$10__t58                            1.65
xdut.topp__t119                        1.57464
xdut.\$12__t49                            1.65
xdut.topp__t197                        1.57464
xdut.\$10__t99                            1.65
xdut.topp__t196                        1.57464
xdut.\$12__t48                            1.65
xdut.topp__t195                        1.57464
xdut.\$10__t49                            1.65
xdut.topp__t100                        1.57464
xdut.\$12__t58                            1.65
xdut.topp__t224                        1.57464
xdut.\$10__t112                           1.65
xdut.topp__t223                        1.57464
xdut.\$12__t55                            1.65
xdut.topp__t219                        1.57464
xdut.\$10__t110                           1.65
xdut.topp__t218                        1.57464
xdut.\$12__t54                            1.65
xdut.topp__t217                        1.57464
xdut.\$10__t109                           1.65
xdut.topp__t216                        1.57464
xdut.\$12__t53                            1.65
xdut.topp__t212                        1.57464
xdut.\$10__t106                           1.65
xdut.topp__t211                        1.57464
xdut.\$12__t52                            1.65
xdut.topp__t210                        1.57464
xdut.\$10__t89                            1.65
xdut.topp__t175                        1.57464
xdut.\$12__t78                            1.65
xdut.topp__t310                        1.57464
xdut.\$10__t35                            1.65
xdut.topp__t68                         1.57464
xdut.\$12__t18                            1.65
xdut.topp__t67                         1.57464
xdut.\$10__t34                            1.65
xdut.topp__t66                         1.57464
xdut.\$12__t17                            1.65
xdut.topp__t65                         1.57464
xdut.\$10__t147                           1.65
xdut.topp__t294                        1.57464
xdut.\$12__t73                            1.65
xdut.topp__t293                        1.57464
xdut.\$10__t155                           1.65
xdut.topp__t308                        1.57464
xdut.\$12__t72                            1.65
xdut.topp__t291                        1.57464
xdut.\$10__t146                           1.65
xdut.topp__t290                        1.57464
xdut.\$12__t71                            1.65
xdut.topp__t289                        1.57464
xdut.\$90__t5                             1.65
xdut.topn__t12                         1.72901
xdut.\$99__t5                             1.65
xdut.topn__t11                         1.72901
xdut.\$90__t4                             1.65
xdut.topn__t10                         1.72901
xdut.\$99__t4                             1.65
xdut.topn__t9                          1.72901
xdut.\$90__t3                             1.65
xdut.topn__t8                          1.72901
xdut.\$99__t3                             1.65
xdut.topn__t7                          1.72901
xdut.\$90__t2                             1.65
xdut.topn__t6                          1.72901
xdut.\$99__t2                             1.65
xdut.topn__t5                          1.72901
xdut.\$90__t130                           1.65
xdut.topn__t254                        1.72901
xdut.\$99__t107                           1.65
xdut.topn__t448                        1.72901
xdut.\$90__t225                           1.65
xdut.topn__t449                        1.72901
xdut.\$99__t108                           1.65
xdut.topn__t450                        1.72901
xdut.\$90__t226                           1.65
xdut.topn__t451                        1.72901
xdut.\$99__t109                           1.65
xdut.topn__t452                        1.72901
xdut.\$90__t227                           1.65
xdut.topn__t454                        1.72901
xdut.\$99__t106                           1.65
xdut.topn__t447                        1.72901
xdut.\$90__t206                           1.65
xdut.topn__t408                        1.72901
xdut.\$99__t95                            1.65
xdut.topn__t409                        1.72901
xdut.\$90__t107                           1.65
xdut.topn__t212                        1.72901
xdut.\$99__t105                           1.65
xdut.topn__t438                        1.72901
xdut.\$90__t213                           1.65
xdut.topn__t424                        1.72901
xdut.\$99__t99                            1.65
xdut.topn__t425                        1.72901
xdut.\$90__t214                           1.65
xdut.topn__t426                        1.72901
xdut.\$99__t100                           1.65
xdut.topn__t427                        1.72901
xdut.\$90__t215                           1.65
xdut.topn__t428                        1.72901
xdut.\$99__t101                           1.65
xdut.topn__t429                        1.72901
xdut.\$90__t216                           1.65
xdut.topn__t430                        1.72901
xdut.\$99__t102                           1.65
xdut.topn__t431                        1.72901
xdut.\$90__t217                           1.65
xdut.topn__t432                        1.72901
xdut.\$99__t87                            1.65
xdut.topn__t342                        1.72901
xdut.\$90__t173                           1.65
xdut.topn__t343                        1.72901
xdut.\$99__t88                            1.65
xdut.topn__t344                        1.72901
xdut.\$12__t13                            1.65
xdut.topp__t53                         1.57464
xdut.\$10__t28                            1.65
xdut.topp__t52                         1.57464
xdut.\$12__t12                            1.65
xdut.topp__t51                         1.57464
xdut.\$10__t27                            1.65
xdut.topp__t50                         1.57464
xdut.\$12__t11                            1.65
xdut.topp__t49                         1.57464
xdut.\$10__t26                            1.65
xdut.topp__t48                         1.57464
xdut.\$12__t16                            1.65
xdut.topp__t63                         1.57464
xdut.\$10__t24                            1.65
xdut.topp__t46                         1.57464
xdut.\$12__t10                            1.65
xdut.topp__t45                         1.57464
xdut.\$10__t23                            1.65
xdut.topp__t44                         1.57464
xdut.\$12__t27                            1.65
xdut.topp__t96                         1.57464
xdut.\$10__t10                            1.65
xdut.topp__t18                         1.57464
xdut.\$12__t2                             1.65
xdut.topp__t17                         1.57464
xdut.\$10__t9                             1.65
xdut.topp__t16                         1.57464
xdut.\$12__t4                             1.65
xdut.topp__t31                         1.57464
xdut.\$10__t11                            1.65
xdut.topp__t19                         1.57464
xdut.\$12__t26                            1.65
xdut.topp__t95                         1.57464
xdut.\$10__t43                            1.65
xdut.topp__t85                         1.57464
xdut.\$12__t20                            1.65
xdut.topp__t84                         1.57464
xdut.\$10__t33                            1.65
xdut.topp__t64                         1.57464
xdut.\$12__t3                             1.65
xdut.topp__t30                         1.57464
xdut.\$10__t156                           1.65
xdut.topp__t309                        1.57464
xdut.\$12__t74                            1.65
xdut.topp__t298                        1.57464
xdut.\$10__t149                           1.65
xdut.topp__t297                        1.57464
xdut.\$12__t66                            1.65
xdut.topp__t275                        1.57464
xdut.\$10__t139                           1.65
xdut.topp__t274                        1.57464
xdut.\$12__t65                            1.65
xdut.topp__t273                        1.57464
xdut.\$10__t138                           1.65
xdut.topp__t272                        1.57464
xdut.\$12__t64                            1.65
xdut.topp__t261                        1.57464
xdut.\$10__t132                           1.65
xdut.topp__t260                        1.57464
xdut.\$12__t75                            1.65
xdut.topp__t300                        1.57464
xdut.\$10__t150                           1.65
xdut.topp__t299                        1.57464
xdut.\$99__t51                            1.65
xdut.topn__t163                        1.72901
xdut.\$90__t83                            1.65
xdut.topn__t164                        1.72901
xdut.\$99__t52                            1.65
xdut.topn__t165                        1.72901
xdut.\$90__t88                            1.65
xdut.topn__t175                        1.72901
xdut.\$99__t54                            1.65
xdut.topn__t167                        1.72901
xdut.\$90__t84                            1.65
xdut.topn__t168                        1.72901
xdut.\$99__t55                            1.65
xdut.topn__t169                        1.72901
xdut.\$90__t85                            1.65
xdut.topn__t170                        1.72901
xdut.\$99__t83                            1.65
xdut.topn__t280                        1.72901
xdut.\$90__t142                           1.65
xdut.topn__t281                        1.72901
xdut.\$99__t79                            1.65
xdut.topn__t262                        1.72901
xdut.\$90__t134                           1.65
xdut.topn__t263                        1.72901
xdut.\$99__t80                            1.65
xdut.topn__t274                        1.72901
xdut.\$90__t139                           1.65
xdut.topn__t275                        1.72901
xdut.\$99__t81                            1.65
xdut.topn__t276                        1.72901
xdut.\$90__t140                           1.65
xdut.topn__t277                        1.72901
xdut.\$99__t82                            1.65
xdut.topn__t278                        1.72901
xdut.\$90__t141                           1.65
xdut.topn__t279                        1.72901
xdut.\$99__t60                            1.65
xdut.topn__t213                        1.72901
xdut.\$90__t113                           1.65
xdut.topn__t224                        1.72901
xdut.\$99__t64                            1.65
xdut.topn__t225                        1.72901
xdut.\$90__t119                           1.65
xdut.topn__t236                        1.72901
xdut.\$99__t58                            1.65
xdut.topn__t185                        1.72901
xdut.\$90__t109                           1.65
xdut.topn__t218                        1.72901
xdut.\$99__t62                            1.65
xdut.topn__t219                        1.72901
xdut.\$90__t110                           1.65
xdut.topn__t220                        1.72901
xdut.\$99__t70                            1.65
xdut.topn__t237                        1.72901
xdut.\$90__t112                           1.65
xdut.topn__t222                        1.72901
xdut.\$99__t63                            1.65
xdut.topn__t223                        1.72901
xdut.\$90__t174                           1.65
xdut.topn__t345                        1.72901
xdut.\$99__t89                            1.65
xdut.topn__t346                        1.72901
xdut.\$90__t175                           1.65
xdut.topn__t347                        1.72901
xdut.\$12__t1                             1.65
xdut.topp__t15                         1.57464
xdut.\$10__t8                             1.65
xdut.topp__t14                         1.57464
xdut.\$12__t15                            1.65
xdut.topp__t56                         1.57464
xdut.\$10__t29                            1.65
xdut.topp__t55                         1.57464
xdut.\$12__t14                            1.65
xdut.topp__t54                         1.57464
xdut.\$10__t22                            1.65
xdut.topp__t43                         1.57464
xdut.\$12__t9                             1.65
xdut.topp__t42                         1.57464
xdut.\$10__t21                            1.65
xdut.topp__t41                         1.57464
xdut.\$12__t8                             1.65
xdut.topp__t40                         1.57464
xdut.\$10__t20                            1.65
xdut.topp__t39                         1.57464
xdut.\$12__t28                            1.65
xdut.topp__t101                        1.57464
xdut.\$10__t47                            1.65
xdut.topp__t94                         1.57464
xdut.\$12__t25                            1.65
xdut.topp__t93                         1.57464
xdut.\$10__t46                            1.65
xdut.topp__t92                         1.57464
xdut.\$12__t24                            1.65
xdut.topp__t91                         1.57464
xdut.\$10__t45                            1.65
xdut.topp__t90                         1.57464
xdut.\$12__t23                            1.65
xdut.topp__t89                         1.57464
xdut.\$10__t51                            1.65
xdut.topp__t103                        1.57464
xdut.\$12__t22                            1.65
xdut.topp__t88                         1.57464
xdut.\$10__t44                            1.65
xdut.topp__t87                         1.57464
xdut.\$12__t21                            1.65
xdut.topp__t86                         1.57464
xdut.\$10__t167                           1.65
xdut.topp__t333                        1.57464
xdut.\$12__t63                            1.65
xdut.topp__t259                        1.57464
xdut.\$10__t131                           1.65
xdut.topp__t258                        1.57464
xdut.\$12__t62                            1.65
xdut.topp__t257                        1.57464
xdut.\$10__t130                           1.65
xdut.topp__t256                        1.57464
xdut.\$12__t61                            1.65
xdut.topp__t255                        1.57464
xdut.\$10__t129                           1.65
xdut.topp__t254                        1.57464
xdut.\$12__t77                            1.65
xdut.topp__t304                        1.57464
xdut.\$10__t152                           1.65
xdut.topp__t303                        1.57464
xdut.\$12__t76                            1.65
xdut.topp__t302                        1.57464
xdut.\$10__t151                           1.65
xdut.topp__t301                        1.57464
xdut.\$99__t56                            1.65
xdut.topn__t171                        1.72901
xdut.\$90__t86                            1.65
xdut.topn__t172                        1.72901
xdut.\$99__t57                            1.65
xdut.topn__t173                        1.72901
xdut.\$90__t87                            1.65
xdut.topn__t174                        1.72901
xdut.\$99__t53                            1.65
xdut.topn__t166                        1.72901
xdut.\$90__t82                            1.65
xdut.topn__t162                        1.72901
xdut.\$99__t50                            1.65
xdut.topn__t161                        1.72901
xdut.\$90__t81                            1.65
xdut.topn__t160                        1.72901
xdut.\$99__t84                            1.65
xdut.topn__t282                        1.72901
xdut.\$90__t101                           1.65
xdut.topn__t203                        1.72901
xdut.\$99__t59                            1.65
xdut.topn__t204                        1.72901
xdut.\$90__t129                           1.65
xdut.topn__t253                        1.72901
xdut.\$99__t76                            1.65
xdut.topn__t256                        1.72901
xdut.\$90__t131                           1.65
xdut.topn__t257                        1.72901
xdut.\$99__t77                            1.65
xdut.topn__t258                        1.72901
xdut.\$90__t132                           1.65
xdut.topn__t259                        1.72901
xdut.\$99__t78                            1.65
xdut.topn__t260                        1.72901
xdut.\$90__t133                           1.65
xdut.topn__t261                        1.72901
xdut.\$99__t61                            1.65
xdut.topn__t215                        1.72901
xdut.\$90__t114                           1.65
xdut.topn__t226                        1.72901
xdut.\$99__t65                            1.65
xdut.topn__t227                        1.72901
xdut.\$90__t115                           1.65
xdut.topn__t228                        1.72901
xdut.\$99__t66                            1.65
xdut.topn__t229                        1.72901
xdut.\$90__t116                           1.65
xdut.topn__t230                        1.72901
xdut.\$99__t67                            1.65
xdut.topn__t231                        1.72901
xdut.\$90__t117                           1.65
xdut.topn__t232                        1.72901
xdut.\$99__t68                            1.65
xdut.topn__t233                        1.72901
xdut.\$90__t118                           1.65
xdut.topn__t234                        1.72901
xdut.\$99__t69                            1.65
xdut.topn__t235                        1.72901
xdut.\$90__t176                           1.65
xdut.topn__t348                        1.72901
xdut.\$99__t90                            1.65
xdut.topn__t349                        1.72901
xdut.\$90__t177                           1.65
xdut.topn__t350                        1.72901
xdut.\$14__t1                             1.65
xdut.topp__t13                         1.57464
xdut.\$10__t7                             1.65
xdut.topp__t12                         1.57464
xdut.\$14__t0                             1.65
xdut.topp__t1                          1.57464
xdut.\$10__t25                            1.65
xdut.topp__t47                         1.57464
xdut.\$14__t5                             1.65
xdut.topp__t62                         1.57464
xdut.\$10__t32                            1.65
xdut.topp__t61                         1.57464
xdut.\$14__t4                             1.65
xdut.topp__t60                         1.57464
xdut.\$10__t31                            1.65
xdut.topp__t59                         1.57464
xdut.\$14__t3                             1.65
xdut.topp__t58                         1.57464
xdut.\$10__t30                            1.65
xdut.topp__t57                         1.57464
xdut.\$14__t13                            1.65
xdut.topp__t99                         1.57464
xdut.\$10__t42                            1.65
xdut.topp__t83                         1.57464
xdut.\$14__t12                            1.65
xdut.topp__t82                         1.57464
xdut.\$10__t41                            1.65
xdut.topp__t81                         1.57464
xdut.\$14__t11                            1.65
xdut.topp__t80                         1.57464
xdut.\$10__t40                            1.65
xdut.topp__t79                         1.57464
xdut.\$14__t10                            1.65
xdut.topp__t78                         1.57464
xdut.\$10__t39                            1.65
xdut.topp__t77                         1.57464
xdut.\$14__t9                             1.65
xdut.topp__t76                         1.57464
xdut.\$10__t38                            1.65
xdut.topp__t75                         1.57464
xdut.\$14__t8                             1.65
xdut.topp__t74                         1.57464
xdut.\$10__t169                           1.65
xdut.topp__t335                        1.57464
xdut.\$14__t37                            1.65
xdut.topp__t271                        1.57464
xdut.\$10__t137                           1.65
xdut.topp__t270                        1.57464
xdut.\$14__t36                            1.65
xdut.topp__t269                        1.57464
xdut.\$10__t136                           1.65
xdut.topp__t268                        1.57464
xdut.\$14__t35                            1.65
xdut.topp__t267                        1.57464
xdut.\$10__t135                           1.65
xdut.topp__t266                        1.57464
xdut.\$14__t34                            1.65
xdut.topp__t265                        1.57464
xdut.\$10__t134                           1.65
xdut.topp__t264                        1.57464
xdut.\$14__t38                            1.65
xdut.topp__t276                        1.57464
xdut.\$10__t133                           1.65
xdut.topp__t262                        1.57464
xdut.\$107__t13                           1.65
xdut.topn__t159                        1.72901
xdut.\$90__t80                            1.65
xdut.topn__t158                        1.72901
xdut.\$107__t12                           1.65
xdut.topn__t157                        1.72901
xdut.\$90__t79                            1.65
xdut.topn__t156                        1.72901
xdut.\$107__t11                           1.65
xdut.topn__t155                        1.72901
xdut.\$90__t78                            1.65
xdut.topn__t154                        1.72901
xdut.\$107__t10                           1.65
xdut.topn__t153                        1.72901
xdut.\$90__t77                            1.65
xdut.topn__t152                        1.72901
xdut.\$107__t28                           1.65
xdut.topn__t283                        1.72901
xdut.\$90__t143                           1.65
xdut.topn__t284                        1.72901
xdut.\$107__t19                           1.65
xdut.topn__t195                        1.72901
xdut.\$90__t97                            1.65
xdut.topn__t196                        1.72901
xdut.\$107__t20                           1.65
xdut.topn__t197                        1.72901
xdut.\$90__t98                            1.65
xdut.topn__t198                        1.72901
xdut.\$107__t21                           1.65
xdut.topn__t199                        1.72901
xdut.\$90__t99                            1.65
xdut.topn__t200                        1.72901
xdut.\$107__t22                           1.65
xdut.topn__t201                        1.72901
xdut.\$90__t100                           1.65
xdut.topn__t202                        1.72901
xdut.\$107__t24                           1.65
xdut.topn__t216                        1.72901
xdut.\$90__t111                           1.65
xdut.topn__t221                        1.72901
xdut.\$107__t14                           1.65
xdut.topn__t176                        1.72901
xdut.\$90__t89                            1.65
xdut.topn__t177                        1.72901
xdut.\$107__t15                           1.65
xdut.topn__t178                        1.72901
xdut.\$90__t90                            1.65
xdut.topn__t179                        1.72901
xdut.\$107__t16                           1.65
xdut.topn__t180                        1.72901
xdut.\$90__t91                            1.65
xdut.topn__t181                        1.72901
xdut.\$107__t17                           1.65
xdut.topn__t182                        1.72901
xdut.\$90__t92                            1.65
xdut.topn__t183                        1.72901
xdut.\$107__t18                           1.65
xdut.topn__t184                        1.72901
xdut.\$90__t154                           1.65
xdut.topn__t303                        1.72901
xdut.\$107__t23                           1.65
xdut.topn__t206                        1.72901
xdut.\$90__t103                           1.65
xdut.topn__t207                        1.72901
xdut.\$16__t4                             1.65
xdut.topp__t11                         1.57464
xdut.\$10__t6                             1.65
xdut.topp__t10                         1.57464
xdut.\$16__t3                             1.65
xdut.topp__t9                          1.57464
xdut.\$10__t5                             1.65
xdut.topp__t8                          1.57464
xdut.\$16__t2                             1.65
xdut.topp__t7                          1.57464
xdut.\$10__t4                             1.65
xdut.topp__t6                          1.57464
xdut.\$16__t1                             1.65
xdut.topp__t5                          1.57464
xdut.\$10__t3                             1.65
xdut.topp__t4                          1.57464
xdut.\$16__t0                             1.65
xdut.topp__t3                          1.57464
xdut.\$10__t2                             1.65
xdut.topp__t2                          1.57464
xdut.\$16__t7                             1.65
xdut.topp__t97                         1.57464
xdut.\$10__t16                            1.65
xdut.topp__t29                         1.57464
xdut.\$16__t6                             1.65
xdut.topp__t28                         1.57464
xdut.\$10__t15                            1.65
xdut.topp__t27                         1.57464
xdut.\$16__t5                             1.65
xdut.topp__t26                         1.57464
xdut.\$10__t14                            1.65
xdut.topp__t25                         1.57464
xdut.\$18__t2                             1.65
xdut.topp__t24                         1.57464
xdut.\$10__t13                            1.65
xdut.topp__t23                         1.57464
xdut.\$18__t1                             1.65
xdut.topp__t22                         1.57464
xdut.\$10__t12                            1.65
xdut.topp__t21                         1.57464
xdut.\$18__t0                             1.65
xdut.topp__t20                         1.57464
xdut.\$10__t170                           1.65
xdut.topp__t336                        1.57464
xdut.\$18__t9                             1.65
xdut.topp__t253                        1.57464
xdut.\$10__t128                           1.65
xdut.topp__t252                        1.57464
xdut.\$20__t3                             1.65
xdut.topp__t251                        1.57464
xdut.\$10__t127                           1.65
xdut.topp__t250                        1.57464
xdut.\$20__t2                             1.65
xdut.topp__t249                        1.57464
xdut.\$10__t126                           1.65
xdut.topp__t248                        1.57464
xdut.\$22__t1                             1.65
xdut.topp__t292                        1.57464
xdut.\$10__t154                           1.65
xdut.topp__t307                        1.57464
xdut.\$24__t0                             1.65
xdut.topp__t306                        1.57464
xdut.\$10__t153                           1.65
xdut.topp__t305                        1.57464
xdut.\$115__t7                            1.65
xdut.topn__t151                        1.72901
xdut.\$90__t76                            1.65
xdut.topn__t150                        1.72901
xdut.\$115__t6                            1.65
xdut.topn__t149                        1.72901
xdut.\$90__t75                            1.65
xdut.topn__t148                        1.72901
xdut.\$115__t5                            1.65
xdut.topn__t147                        1.72901
xdut.\$90__t70                            1.65
xdut.topn__t138                        1.72901
xdut.\$115__t4                            1.65
xdut.topn__t137                        1.72901
xdut.\$90__t69                            1.65
xdut.topn__t136                        1.72901
xdut.\$115__t8                            1.65
xdut.topn__t264                        1.72901
xdut.\$90__t135                           1.65
xdut.topn__t265                        1.72901
xdut.\$115__t9                            1.65
xdut.topn__t266                        1.72901
xdut.\$90__t136                           1.65
xdut.topn__t267                        1.72901
xdut.\$115__t10                           1.65
xdut.topn__t268                        1.72901
xdut.\$90__t137                           1.65
xdut.topn__t269                        1.72901
xdut.\$115__t11                           1.65
xdut.topn__t270                        1.72901
xdut.\$90__t145                           1.65
xdut.topn__t287                        1.72901
xdut.\$123__t4                            1.65
xdut.topn__t272                        1.72901
xdut.\$90__t138                           1.65
xdut.topn__t273                        1.72901
xdut.\$123__t3                            1.65
xdut.topn__t217                        1.72901
xdut.\$90__t93                            1.65
xdut.topn__t186                        1.72901
xdut.\$123__t1                            1.65
xdut.topn__t187                        1.72901
xdut.\$90__t94                            1.65
xdut.topn__t188                        1.72901
xdut.\$123__t2                            1.65
xdut.topn__t189                        1.72901
xdut.\$90__t102                           1.65
xdut.topn__t205                        1.72901
xdut.\$131__t2                            1.65
xdut.topn__t190                        1.72901
xdut.\$90__t95                            1.65
xdut.topn__t191                        1.72901
xdut.\$131__t3                            1.65
xdut.topn__t192                        1.72901
xdut.\$90__t96                            1.65
xdut.topn__t193                        1.72901
xdut.\$139__t2                            1.65
xdut.topn__t194                        1.72901
xdut.\$90__t104                           1.65
xdut.topn__t208                        1.72901
xdut.\$147__t0                            1.65
xdut.topn__t209                        1.72901
xdut.\$90__t105                           1.65
xdut.topn__t210                        1.72901
xdut.\$10                                 1.65
xdut.\$100                                 3.3
xdut.\$102                         1.35753e-08
xdut.\$104                                 3.3
xdut.\$106                                 3.3
xdut.\$107                                1.65
xdut.\$108                                 3.3
xdut.\$11                                  3.3
xdut.\$110                         1.31154e-08
xdut.\$112                                 3.3
xdut.\$114                                 3.3
xdut.\$115                                1.65
xdut.\$116                                 3.3
xdut.\$118                         1.26904e-08
xdut.\$12                                 1.65
xdut.\$120                                 3.3
xdut.\$122                                 3.3
xdut.\$123                                1.65
xdut.\$124                                 3.3
xdut.\$126                         1.28636e-08
xdut.\$128                                 3.3
xdut.\$13                                  3.3
xdut.\$130                                 3.3
xdut.\$131                                1.65
xdut.\$132                                 3.3
xdut.\$134                         1.33153e-08
xdut.\$136                                 3.3
xdut.\$138                                 3.3
xdut.\$139                                1.65
xdut.\$14                                 1.65
xdut.\$140                                 3.3
xdut.\$142                         1.37774e-08
xdut.\$144                                 3.3
xdut.\$146                                 3.3
xdut.\$147                                1.65
xdut.\$148                                 3.3
xdut.\$15                                  3.3
xdut.\$150                         1.42418e-08
xdut.\$152                                 3.3
xdut.\$154                                 3.3
xdut.\$155                                1.65
xdut.\$16                                 1.65
xdut.\$166                                 3.3
xdut.\$167                                 3.3
xdut.\$17                                  3.3
xdut.\$18                                 1.65
xdut.\$19                                  3.3
xdut.\$20                                 1.65
xdut.\$21                                  3.3
xdut.\$22                                 1.65
xdut.\$23                                  3.3
xdut.\$24                                 1.65
xdut.\$25                                  3.3
xdut.\$26                                 1.65
xdut.\$27                           1.4508e-08
xdut.\$29                                  3.3
xdut.\$31                          1.40444e-08
xdut.\$33                                  3.3
xdut.\$35                           1.3583e-08
xdut.\$37                                  3.3
xdut.\$39                          1.31289e-08
xdut.\$41                                  3.3
xdut.\$43                          1.27305e-08
xdut.\$45                                  3.3
xdut.\$47                           1.2886e-08
xdut.\$49                                  3.3
xdut.\$51                          1.33254e-08
xdut.\$53                                  3.3
xdut.\$55                          1.37839e-08
xdut.\$57                                  3.3
xdut.\$59                          1.42466e-08
xdut.\$61                                  3.3
xdut.\$65                                  3.3
xdut.\$67                                  3.3
xdut.\$69                                  3.3
xdut.\$71                                  3.3
xdut.\$73                                  3.3
xdut.\$75                                  3.3
xdut.\$77                                  3.3
xdut.\$79                                  3.3
xdut.\$81                                  3.3
xdut.\$83                                  3.3
xdut.\$85                          1.45038e-08
xdut.\$87                                  3.3
xdut.\$89                                  3.3
xdut.\$9                                   3.3
xdut.\$90                                 1.65
xdut.\$92                                  3.3
xdut.\$94                           1.4039e-08
xdut.\$96                                  3.3
xdut.\$98                                  3.3
xdut.\$99                                 1.65
se_topn                                1.72901
se_topp                                1.57464
se_ibias                              0.678004
xsecmp.xpre.ptail                     0.867136
xsecmp.pon                               3.214
xsecmp.preamp_in1                      1.57464
xsecmp.pop                             1.93942
xsecmp.preamp_in2                      1.72901
xsecmp.xpre.xrlp.11                    3.29947
xsecmp.xpre.xrlp.21                    1.93995
xsecmp.xpre.xrln.11                    3.29997
xsecmp.xpre.xrln.21                    3.21403
xsecmp.xlat.ltail                      2.46932
xsecmp.xlat.dip                            3.3
xsecmp.xlat.din                            3.3
xsecmp.outn                                3.3
xsecmp.outp                                3.3
xsecmp.sset                        1.80548e-08
xsecmp.srst                        1.80548e-08
xsecmp.xno1.ps                         3.06465
se_cmpb                                1.36517
xsecmp.xno2.ps                         3.06465
se_code                                      0
se_dacp                            1.11022e-16
se_dacn                            1.11022e-16
se_di                                  1.64597
se_err                                 558.651
se_aerrh                                     0
bseea#branch                                 0
bsee#branch                                  0
bsedi#branch                                 0
bsedacn#branch                               0
bsedacp#branch                               0
bsecode#branch                               0
lref#branch                        1.65807e-09
v.xsecmp.vpn#branch                2.41494e-28
v.xsecmp.vpp#branch                 3.1495e-28
vsemode#branch                               0
vsestart#branch                              0
vsevinn#branch                    -6.74599e-17
vsevinp#branch                     6.49086e-09
vcms#branch                        -1.9267e-08
vrefs#branch                      -1.65807e-09
vddc#branch                       -0.000559372
vddd#branch                       -7.69231e-09
vddt#branch                                  0
vcmpclkb#branch                              0
vcmpclk#branch                               0
vclk#branch                                  0
a.xsectrl.a_gn#branch_1_0         -2.77108e-17
a.xsectrl.a_gn#branch_1_1                    0
a.xsectrl.a_gn#branch_1_2                    0
a.xsectrl.a_gn#branch_1_3         -2.77108e-17
a.xsectrl.a_gn#branch_1_4                    0
a.xsectrl.a_gn#branch_1_5                    0
a.xsectrl.a_gn#branch_1_6         -2.77108e-17
a.xsectrl.a_gn#branch_1_7                    0
a.xsectrl.a_gn#branch_1_8                    0
a.xsectrl.a_gn#branch_1_9         -2.77108e-17
a.xsectrl.a_gn#branch_1_10                   0
a.xsectrl.a_gn#branch_1_11                   0
a.xsectrl.a_gn#branch_1_12        -2.77108e-17
a.xsectrl.a_gn#branch_1_13                   0
a.xsectrl.a_gn#branch_1_14                   0
a.xsectrl.a_gn#branch_1_15        -2.77108e-17
a.xsectrl.a_gn#branch_1_16                   0
a.xsectrl.a_gn#branch_1_17                   0
a.xsectrl.a_gn#branch_1_18        -2.77108e-17
a.xsectrl.a_gn#branch_1_19                   0
a.xsectrl.a_gn#branch_1_20                   0
a.xsectrl.a_gn#branch_1_21        -2.77108e-17
a.xsectrl.a_gn#branch_1_22                   0
a.xsectrl.a_gn#branch_1_23                   0
a.xsectrl.a_gn#branch_1_24        -2.77108e-17
a.xsectrl.a_gn#branch_1_25                   0
a.xsectrl.a_gn#branch_1_26                   0
a.xsectrl.a_gn#branch_1_27        -2.77108e-17
a.xsectrl.a_gn#branch_1_28                   0
a.xsectrl.a_gn#branch_1_29                   0
a.xsectrl.a_gn#branch_1_30        -2.77108e-17
a.xsectrl.a_gn#branch_1_31                   0
a.xsectrl.a_gn#branch_1_32                   0
a.xsectrl.a_gn#branch_1_33        -2.77108e-17
a.xsectrl.a_gn#branch_1_34                   0
a.xsectrl.a_gn#branch_1_35                   0
a.xsectrl.a_gn#branch_1_36        -2.77108e-17
a.xsectrl.a_gn#branch_1_37                   0
a.xsectrl.a_gn#branch_1_38                   0
a.xsectrl.a_gn#branch_1_39        -2.77108e-17
a.xsectrl.a_gn#branch_1_40                   0
a.xsectrl.a_gn#branch_1_41                   0
a.xsectrl.a_gn#branch_1_42        -2.77108e-17
a.xsectrl.a_gn#branch_1_43                   0
a.xsectrl.a_gn#branch_1_44                   0
a.xsectrl.a_gn#branch_1_45        -2.77108e-17
a.xsectrl.a_gn#branch_1_46                   0
a.xsectrl.a_gn#branch_1_47                   0
a.xsectrl.a_gn#branch_1_48        -2.77108e-17
a.xsectrl.a_gn#branch_1_49                   0
a.xsectrl.a_gn#branch_1_50                   0
a.xsectrl.a_gn#branch_1_51        -2.77108e-17
a.xsectrl.a_gn#branch_1_52                   0
a.xsectrl.a_gn#branch_1_53                   0
a.xsectrl.a_dout#branch_1_0                  0
a.xsectrl.a_dout#branch_1_1                  0
a.xsectrl.a_dout#branch_1_2                  0
a.xsectrl.a_dout#branch_1_3                  0
a.xsectrl.a_dout#branch_1_4                  0
a.xsectrl.a_dout#branch_1_5                  0
a.xsectrl.a_dout#branch_1_6                  0
a.xsectrl.a_dout#branch_1_7                  0
a.xsectrl.a_dout#branch_1_8                  0
a.xsectrl.a_dout#branch_1_9                  0
a.xsectrl.a_dout#branch_1_10                 0
a.xsectrl.a_dout#branch_1_11                 0
a.xsectrl.a_dout#branch_1_12                 0

 Reference value :  0.00000e+00
 Reference value :  2.65629e-09
 Reference value :  3.47171e-09
 Reference value :  3.13946e-08
 Reference value :  6.26010e-08
 Reference value :  8.03321e-08
 Reference value :  9.42759e-08
 Reference value :  1.25200e-07
 Reference value :  1.56306e-07
 Reference value :  1.57068e-07
 Reference value :  1.87830e-07
 Reference value :  1.90292e-07
 Reference value :  2.19088e-07
 Reference value :  2.50065e-07
 Reference value :  2.52731e-07
 Reference value :  2.65997e-07
 Reference value :  2.81643e-07
 Reference value :  3.12601e-07
 Reference value :  3.14766e-07
 Reference value :  3.22204e-07
 Reference value :  3.44260e-07
 Reference value :  3.75286e-07
 Reference value :  3.77575e-07
 Reference value :  4.06318e-07
 Reference value :  4.20287e-07
 Reference value :  4.38213e-07
 Reference value :  4.41558e-07
 Reference value :  4.68924e-07
 Reference value :  5.00182e-07
 Reference value :  5.02480e-07
 Reference value :  5.31265e-07
 Reference value :  5.33729e-07
 Reference value :  5.63113e-07
 Reference value :  5.65925e-07
 Reference value :  5.93937e-07
 Reference value :  6.25182e-07
 Reference value :  6.27523e-07
 Reference value :  6.56329e-07
 Reference value :  6.78487e-07
 Reference value :  6.88540e-07
 Reference value :  6.99891e-07
 Reference value :  7.19158e-07
 Reference value :  7.50201e-07
 Reference value :  7.52574e-07
 Reference value :  7.81374e-07
 Reference value :  7.82503e-07
 Reference value :  8.12957e-07
 Reference value :  8.15232e-07
 Reference value :  8.43953e-07
 Reference value :  8.47863e-07
 Reference value :  8.75502e-07
 Reference value :  8.77659e-07
 Reference value :  9.06351e-07
 Reference value :  9.37601e-07
 Reference value :  9.43435e-07
 Reference value :  9.69166e-07
 Reference value :  1.00034e-06
 Reference value :  1.00259e-06
 Reference value :  1.00368e-06
 Reference value :  1.03138e-06
 Reference value :  1.03258e-06
 Reference value :  1.06296e-06
 Reference value :  1.09391e-06
 Reference value :  1.12501e-06
 Reference value :  1.14299e-06
 Reference value :  1.15683e-06
 Reference value :  1.18769e-06
 Reference value :  1.19007e-06
 Reference value :  1.21890e-06
 Reference value :  1.25000e-06
 Reference value :  1.25267e-06
 Reference value :  1.27200e-06
 Reference value :  1.28169e-06
 Reference value :  1.31262e-06
 Reference value :  1.31490e-06
 Reference value :  1.33684e-06
 Reference value :  1.34611e-06
 Reference value :  1.37557e-06
 Reference value :  1.37860e-06
 Reference value :  1.40651e-06
 Reference value :  1.43770e-06
 Reference value :  1.44004e-06
 Reference value :  1.46881e-06
 Reference value :  1.48889e-06
 Reference value :  1.50113e-06
 Reference value :  1.50457e-06
 Reference value :  1.53146e-06
 Reference value :  1.56272e-06
 Reference value :  1.56510e-06
 Reference value :  1.59385e-06
 Reference value :  1.62506e-06
 Reference value :  1.62732e-06
 Reference value :  1.65627e-06
 Reference value :  1.66449e-06
 Reference value :  1.68813e-06
 Reference value :  1.69140e-06
 Reference value :  1.71907e-06
 Reference value :  1.75020e-06
 Reference value :  1.75259e-06
 Reference value :  1.78143e-06
 Reference value :  1.78841e-06
 Reference value :  1.81312e-06
 Reference value :  1.81645e-06
 Reference value :  1.84413e-06
 Reference value :  1.87500e-06
 Reference value :  1.87727e-06
 Reference value :  1.87892e-06
 Reference value :  1.90652e-06
 Reference value :  1.93772e-06
 Reference value :  1.96883e-06
 Reference value :  2.00001e-06
 Reference value :  2.00227e-06
 Reference value :  2.00291e-06
 Reference value :  2.03128e-06
 Reference value :  2.03187e-06
 Reference value :  2.06269e-06
 Reference value :  2.09379e-06
 Reference value :  2.09473e-06
 Reference value :  2.12548e-06
 Reference value :  2.15639e-06
 Reference value :  2.17207e-06
 Reference value :  2.18874e-06
 Reference value :  2.21875e-06
 Reference value :  2.21945e-06
 Reference value :  2.25029e-06
 Reference value :  2.25293e-06
 Reference value :  2.28131e-06
 Reference value :  2.28180e-06
 Reference value :  2.31272e-06
 Reference value :  2.31505e-06
 Reference value :  2.34382e-06
 Reference value :  2.37500e-06
 Reference value :  2.37726e-06
 Reference value :  2.38266e-06
 Reference value :  2.40654e-06
 Reference value :  2.43772e-06
 Reference value :  2.44006e-06
 Reference value :  2.46881e-06
 Reference value :  2.48489e-06
 Reference value :  2.50077e-06
 Reference value :  2.50385e-06
 Reference value :  2.53145e-06
 Reference value :  2.56269e-06
 Reference value :  2.56505e-06
 Reference value :  2.59381e-06
 Reference value :  2.61895e-06
 Reference value :  2.62727e-06
 Reference value :  2.65351e-06
 Reference value :  2.65749e-06
 Reference value :  2.68799e-06
 Reference value :  2.69031e-06
 Reference value :  2.71891e-06
 Reference value :  2.75020e-06
 Reference value :  2.75257e-06
 Reference value :  2.78136e-06
 Reference value :  2.78223e-06
 Reference value :  2.81290e-06
 Reference value :  2.81514e-06
 Reference value :  2.84388e-06
 Reference value :  2.84492e-06
 Reference value :  2.87546e-06
 Reference value :  2.87763e-06
 Reference value :  2.90635e-06
 Reference value :  2.93760e-06
 Reference value :  2.95808e-06
 Reference value :  2.96926e-06
 Reference value :  3.00031e-06
 Reference value :  3.00260e-06
 Reference value :  3.00395e-06
 Reference value :  3.03145e-06
 Reference value :  3.03941e-06
 Reference value :  3.06309e-06
 Reference value :  3.09395e-06
 Reference value :  3.12503e-06
 Reference value :  3.13899e-06
 Reference value :  3.15676e-06
 Reference value :  3.18760e-06
 Reference value :  3.18993e-06
 Reference value :  3.21882e-06
 Reference value :  3.21968e-06
 Reference value :  3.25041e-06
 Reference value :  3.25297e-06
 Reference value :  3.28132e-06
 Reference value :  3.28180e-06
 Reference value :  3.31270e-06
 Reference value :  3.31502e-06
 Reference value :  3.34380e-06
 Reference value :  3.36372e-06
 Reference value :  3.37584e-06
 Reference value :  3.38257e-06
 Reference value :  3.40676e-06
 Reference value :  3.43784e-06
 Reference value :  3.44017e-06
 Reference value :  3.46884e-06
 Reference value :  3.49845e-06
 Reference value :  3.50133e-06
 Reference value :  3.50458e-06
 Reference value :  3.53154e-06
 Reference value :  3.56286e-06
 Reference value :  3.56522e-06
 Reference value :  3.59386e-06
 Reference value :  3.62510e-06
 Reference value :  3.62745e-06
 Reference value :  3.65628e-06
 Reference value :  3.66168e-06
 Reference value :  3.68809e-06
 Reference value :  3.69144e-06
 Reference value :  3.71910e-06
 Reference value :  3.75020e-06
 Reference value :  3.75260e-06
 Reference value :  3.78141e-06
 Reference value :  3.78635e-06
 Reference value :  3.81309e-06
 Reference value :  3.81591e-06
 Reference value :  3.84411e-06
 Reference value :  3.87518e-06
 Reference value :  3.87738e-06
 Reference value :  3.89858e-06
 Reference value :  3.90669e-06
 Reference value :  3.93761e-06
 Reference value :  3.93999e-06
 Reference value :  3.96898e-06
 Reference value :  4.00015e-06
 Reference value :  4.00246e-06
 Reference value :  4.00282e-06
 Reference value :  4.02799e-06
 Reference value :  4.03214e-06
 Reference value :  4.06283e-06
 Reference value :  4.09383e-06
 Reference value :  4.11197e-06
 Reference value :  4.13083e-06
 Reference value :  4.15674e-06
 Reference value :  4.18770e-06
 Reference value :  4.19002e-06
 Reference value :  4.21884e-06
 Reference value :  4.21999e-06
 Reference value :  4.25041e-06
 Reference value :  4.25297e-06
 Reference value :  4.28133e-06
 Reference value :  4.30931e-06
 Reference value :  4.31319e-06
 Reference value :  4.31642e-06
 Reference value :  4.34388e-06
 Reference value :  4.37510e-06
 Reference value :  4.37730e-06
 Reference value :  4.40087e-06
 Reference value :  4.40679e-06
 Reference value :  4.43760e-06
 Reference value :  4.43977e-06
 Reference value :  4.44418e-06
 Reference value :  4.46898e-06
 Reference value :  4.49332e-06
 Reference value :  4.50061e-06
 Reference value :  4.50323e-06
 Reference value :  4.53135e-06
 Reference value :  4.56257e-06
 Reference value :  4.56478e-06
 Reference value :  4.57832e-06
 Reference value :  4.59421e-06
 Reference value :  4.62522e-06
 Reference value :  4.62760e-06
 Reference value :  4.65633e-06
 Reference value :  4.67866e-06
 Reference value :  4.68839e-06
 Reference value :  4.69261e-06
 Reference value :  4.71907e-06
 Reference value :  4.75020e-06
 Reference value :  4.75256e-06
 Reference value :  4.78135e-06
 Reference value :  4.80978e-06
 Reference value :  4.81413e-06
 Reference value :  4.83020e-06
 Reference value :  4.84423e-06
 Reference value :  4.87520e-06
 Reference value :  4.87749e-06
 Reference value :  4.90628e-06
 Reference value :  4.92022e-06
 Reference value :  4.93814e-06
 Reference value :  4.96885e-06
 Reference value :  4.99850e-06
 Reference value :  5.00090e-06
 Reference value :  5.00277e-06
 Reference value :  5.02161e-06
 Reference value :  5.03174e-06
 Reference value :  5.06253e-06
 Reference value :  5.06805e-06
 Reference value :  5.09423e-06
 Reference value :  5.12510e-06
 Reference value :  5.15462e-06
 Reference value :  5.15679e-06
 Reference value :  5.16584e-06
 Reference value :  5.18805e-06
 Reference value :  5.19090e-06
 Reference value :  5.21920e-06
 Reference value :  5.22266e-06
 Reference value :  5.25050e-06
 Reference value :  5.25310e-06
 Reference value :  5.28136e-06
 Reference value :  5.28240e-06
 Reference value :  5.31292e-06
 Reference value :  5.31519e-06
 Reference value :  5.34384e-06
 Reference value :  5.37500e-06
 Reference value :  5.37711e-06
 Reference value :  5.38090e-06
 Reference value :  5.40646e-06
 Reference value :  5.41513e-06
 Reference value :  5.43805e-06
 Reference value :  5.44034e-06
 Reference value :  5.46885e-06
 Reference value :  5.47195e-06
 Reference value :  5.50046e-06
 Reference value :  5.50276e-06
 Reference value :  5.53135e-06
 Reference value :  5.56253e-06
 Reference value :  5.56477e-06
 Reference value :  5.56988e-06
 Reference value :  5.59408e-06
 Reference value :  5.62520e-06
 Reference value :  5.62754e-06
 Reference value :  5.65631e-06
 Reference value :  5.66857e-06
 Reference value :  5.68818e-06
 Reference value :  5.69052e-06
 Reference value :  5.71890e-06
 Reference value :  5.75006e-06
 Reference value :  5.75231e-06
 Reference value :  5.78126e-06
 Reference value :  5.78192e-06
 Reference value :  5.81279e-06
 Reference value :  5.81513e-06
 Reference value :  5.84391e-06
 Reference value :  5.85190e-06
 Reference value :  5.87555e-06
 Reference value :  5.87773e-06
 Reference value :  5.90636e-06
 Reference value :  5.90778e-06
 Reference value :  5.93789e-06
 Reference value :  5.96881e-06
 Reference value :  5.97263e-06
 Reference value :  6.00039e-06
 Reference value :  6.00267e-06
 Reference value :  6.03125e-06
 Reference value :  6.03205e-06
 Reference value :  6.06291e-06
 Reference value :  6.09386e-06
 Reference value :  6.12503e-06
 Reference value :  6.13283e-06
 Reference value :  6.15672e-06
 Reference value :  6.18770e-06
 Reference value :  6.19006e-06
 Reference value :  6.21886e-06
 Reference value :  6.23543e-06
 Reference value :  6.25072e-06
 Reference value :  6.25402e-06
 Reference value :  6.28151e-06
 Reference value :  6.31270e-06
 Reference value :  6.31503e-06
 Reference value :  6.34378e-06
 Reference value :  6.34452e-06
 Reference value :  6.37541e-06
 Reference value :  6.37770e-06
 Reference value :  6.40634e-06
 Reference value :  6.41146e-06
 Reference value :  6.43798e-06
 Reference value :  6.44020e-06
 Reference value :  6.46883e-06
 Reference value :  6.49490e-06
 Reference value :  6.50097e-06
 Reference value :  6.50356e-06
 Reference value :  6.53139e-06
 Reference value :  6.56261e-06
 Reference value :  6.56495e-06
 Reference value :  6.59378e-06
 Reference value :  6.59588e-06
 Reference value :  6.62559e-06
 Reference value :  6.62838e-06
 Reference value :  6.65644e-06
 Reference value :  6.68765e-06
 Reference value :  6.68997e-06
 Reference value :  6.71878e-06
 Reference value :  6.75006e-06
 Reference value :  6.75229e-06
 Reference value :  6.78126e-06
 Reference value :  6.78203e-06
 Reference value :  6.81291e-06
 Reference value :  6.84220e-06
 Reference value :  6.84429e-06
 Reference value :  6.87520e-06
 Reference value :  6.87753e-06
 Reference value :  6.90631e-06
 Reference value :  6.90678e-06
 Reference value :  6.93770e-06
 Reference value :  6.95557e-06
 Reference value :  6.96972e-06
 Reference value :  7.00062e-06
 Reference value :  7.00267e-06
 Reference value :  7.01193e-06
 Reference value :  7.03166e-06
 Reference value :  7.06253e-06
 Reference value :  7.06805e-06
 Reference value :  7.09448e-06
 Reference value :  7.11705e-06
 Reference value :  7.12624e-06
 Reference value :  7.15645e-06
 Reference value :  7.17220e-06
 Reference value :  7.18817e-06
 Reference value :  7.19137e-06
 Reference value :  7.21923e-06
 Reference value :  7.23827e-06
 Reference value :  7.25071e-06
 Reference value :  7.25337e-06
 Reference value :  7.28143e-06
 Reference value :  7.30067e-06
 Reference value :  7.31315e-06
 Reference value :  7.31719e-06
 Reference value :  7.34395e-06
 Reference value :  7.34647e-06
 Reference value :  7.37550e-06
 Reference value :  7.37783e-06
 Reference value :  7.40636e-06
 Reference value :  7.43750e-06
 Reference value :  7.43824e-06
 Reference value :  7.44258e-06
 Reference value :  7.46895e-06
 Reference value :  7.50019e-06
 Reference value :  7.50250e-06
 Reference value :  7.53128e-06
 Reference value :  7.53281e-06
 Reference value :  7.56303e-06
 Reference value :  7.56560e-06
 Reference value :  7.59393e-06
 Reference value :  7.62514e-06
 Reference value :  7.62752e-06
 Reference value :  7.65631e-06
 Reference value :  7.68751e-06
 Reference value :  7.68979e-06
 Reference value :  7.71876e-06
 Reference value :  7.72002e-06
 Reference value :  7.75049e-06
 Reference value :  7.75351e-06
 Reference value :  7.78153e-06
 Reference value :  7.81267e-06
 Reference value :  7.81499e-06
 Reference value :  7.84382e-06
 Reference value :  7.85621e-06
 Reference value :  7.87567e-06
 Reference value :  7.87838e-06
 Reference value :  7.90645e-06
 Reference value :  7.93768e-06
 Reference value :  7.95995e-06
 Reference value :  7.96993e-06
 Reference value :  8.00066e-06
 Reference value :  8.00274e-06
 Reference value :  8.03125e-06
 Reference value :  8.03183e-06
 Reference value :  8.06262e-06
 Reference value :  8.08605e-06
 Reference value :  8.09442e-06
 Reference value :  8.12056e-06
 Reference value :  8.12586e-06
 Reference value :  8.15687e-06
 Reference value :  8.18770e-06
 Reference value :  8.19009e-06
 Reference value :  8.21891e-06
 Reference value :  8.21991e-06
 Reference value :  8.25043e-06
 Reference value :  8.25297e-06
 Reference value :  8.28134e-06
 Reference value :  8.28283e-06
 Reference value :  8.31295e-06
 Reference value :  8.31523e-06
 Reference value :  8.34384e-06
 Reference value :  8.34453e-06
 Reference value :  8.37552e-06
 Reference value :  8.37789e-06
 Reference value :  8.40636e-06
 Reference value :  8.40770e-06
 Reference value :  8.43793e-06
 Reference value :  8.44020e-06
 Reference value :  8.46883e-06
 Reference value :  8.49491e-06
 Reference value :  8.50086e-06
 Reference value :  8.50353e-06
 Reference value :  8.53139e-06
 Reference value :  8.56260e-06
 Reference value :  8.56482e-06
 Reference value :  8.57233e-06
 Reference value :  8.59412e-06
 Reference value :  8.62520e-06
 Reference value :  8.62756e-06
 Reference value :  8.65631e-06
 Reference value :  8.65792e-06
 Reference value :  8.68802e-06
 Reference value :  8.69060e-06
 Reference value :  8.71895e-06
 Reference value :  8.75011e-06
 Reference value :  8.75241e-06
 Reference value :  8.78128e-06
 Reference value :  8.78198e-06
 Reference value :  8.81283e-06
 Reference value :  8.81510e-06
 Reference value :  8.84385e-06
 Reference value :  8.84467e-06
 Reference value :  8.87537e-06
 Reference value :  8.87763e-06
 Reference value :  8.90635e-06
 Reference value :  8.90698e-06
 Reference value :  8.93784e-06
 Reference value :  8.96882e-06
 Reference value :  8.97693e-06
 Reference value :  9.00084e-06
 Reference value :  9.00285e-06
 Reference value :  9.03135e-06
 Reference value :  9.06260e-06
 Reference value :  9.08037e-06
 Reference value :  9.09472e-06
 Reference value :  9.12545e-06
 Reference value :  9.15635e-06
 Reference value :  9.18753e-06
 Reference value :  9.18989e-06
 Reference value :  9.21883e-06
 Reference value :  9.23744e-06
 Reference value :  9.25067e-06
 Reference value :  9.25454e-06
 Reference value :  9.28154e-06
 Reference value :  9.31270e-06
 Reference value :  9.31503e-06
 Reference value :  9.34384e-06
 Reference value :  9.37011e-06
 Reference value :  9.37728e-06
 Reference value :  9.40626e-06
 Reference value :  9.40895e-06
 Reference value :  9.43813e-06
 Reference value :  9.44087e-06
 Reference value :  9.46886e-06
 Reference value :  9.48080e-06
 Reference value :  9.50052e-06
 Reference value :  9.50282e-06
 Reference value :  9.53144e-06
 Reference value :  9.56270e-06
 Reference value :  9.56519e-06
 Reference value :  9.59391e-06
 Reference value :  9.62521e-06
 Reference value :  9.62784e-06
 Reference value :  9.65642e-06
 Reference value :  9.68770e-06
 Reference value :  9.69007e-06
 Reference value :  9.71883e-06
 Reference value :  9.73876e-06
 Reference value :  9.75125e-06
 Reference value :  9.77081e-06
 Reference value :  9.78188e-06
 Reference value :  9.81276e-06
 Reference value :  9.81514e-06
 Reference value :  9.84391e-06
 Reference value :  9.87510e-06
 Reference value :  9.87735e-06
 Reference value :  9.90628e-06
 Reference value :  9.93751e-06
 Reference value :  9.95039e-06
 Reference value :  9.97270e-06
 Reference value :  1.00016e-05
 Reference value :  1.00029e-05
 Reference value :  1.00313e-05
 Reference value :  1.00626e-05
 Reference value :  1.00824e-05
 Reference value :  1.00944e-05
 Reference value :  1.01255e-05
 Reference value :  1.01564e-05
 Reference value :  1.01876e-05
 Reference value :  1.01899e-05
 Reference value :  1.02188e-05
 Reference value :  1.02200e-05
 Reference value :  1.02505e-05
 Reference value :  1.02530e-05
 Reference value :  1.02814e-05
 Reference value :  1.03127e-05
 Reference value :  1.03151e-05
 Reference value :  1.03438e-05
 Reference value :  1.03449e-05
 Reference value :  1.03755e-05
 Reference value :  1.03851e-05
 Reference value :  1.04068e-05
 Reference value :  1.04380e-05
 Reference value :  1.04427e-05
 Reference value :  1.04689e-05
 Reference value :  1.05001e-05
 Reference value :  1.05023e-05
 Reference value :  1.05313e-05
 Reference value :  1.05324e-05
 Reference value :  1.05630e-05
 Reference value :  1.05662e-05
 Reference value :  1.05940e-05
 Reference value :  1.06252e-05
 Reference value :  1.06277e-05
 Reference value :  1.06564e-05
 Reference value :  1.06876e-05
 Reference value :  1.06900e-05
 Reference value :  1.07189e-05
 Reference value :  1.07501e-05
 Reference value :  1.07525e-05
 Reference value :  1.07813e-05
 Reference value :  1.08057e-05
 Reference value :  1.08148e-05
 Reference value :  1.08282e-05
 Reference value :  1.08444e-05
 Reference value :  1.08753e-05
 Reference value :  1.08776e-05
 Reference value :  1.09063e-05
 Reference value :  1.09069e-05
 Reference value :  1.09377e-05
 Reference value :  1.09688e-05
 Reference value :  1.09694e-05
 Reference value :  1.10004e-05
 Reference value :  1.10028e-05
 Reference value :  1.10313e-05
 Reference value :  1.10400e-05
 Reference value :  1.10631e-05
 Reference value :  1.10939e-05
 Reference value :  1.11250e-05
 Reference value :  1.11546e-05
 Reference value :  1.11568e-05
 Reference value :  1.11876e-05
 Reference value :  1.11898e-05
 Reference value :  1.12188e-05
 Reference value :  1.12195e-05
 Reference value :  1.12501e-05
 Reference value :  1.12527e-05
 Reference value :  1.12754e-05
 Reference value :  1.12818e-05
 Reference value :  1.13128e-05
 Reference value :  1.13151e-05
 Reference value :  1.13438e-05
 Reference value :  1.13445e-05
 Reference value :  1.13753e-05
 Reference value :  1.13776e-05
 Reference value :  1.14063e-05
 Reference value :  1.14087e-05
 Reference value :  1.14380e-05
 Reference value :  1.14409e-05
 Reference value :  1.14689e-05
 Reference value :  1.15001e-05
 Reference value :  1.15024e-05
 Reference value :  1.15202e-05
 Reference value :  1.15319e-05
 Reference value :  1.15629e-05
 Reference value :  1.15653e-05
 Reference value :  1.15938e-05
 Reference value :  1.16250e-05
 Reference value :  1.16273e-05
 Reference value :  1.16394e-05
 Reference value :  1.16567e-05
 Reference value :  1.16877e-05
 Reference value :  1.16902e-05
 Reference value :  1.17189e-05
 Reference value :  1.17501e-05
 Reference value :  1.17524e-05
 Reference value :  1.17813e-05
 Reference value :  1.18006e-05
 Reference value :  1.18134e-05
 Reference value :  1.18228e-05
 Reference value :  1.18441e-05
 Reference value :  1.18752e-05
 Reference value :  1.18775e-05
 Reference value :  1.19063e-05
 Reference value :  1.19069e-05
 Reference value :  1.19376e-05
 Reference value :  1.19456e-05
 Reference value :  1.19692e-05
 Reference value :  1.20003e-05
 Reference value :  1.20026e-05
 Reference value :  1.20081e-05
 Reference value :  1.20317e-05
 Reference value :  1.20543e-05
 Reference value :  1.20647e-05
 Reference value :  1.20943e-05
 Reference value :  1.21254e-05
 Reference value :  1.21564e-05
 Reference value :  1.21714e-05
 Reference value :  1.21883e-05
 Reference value :  1.22131e-05
 Reference value :  1.22194e-05
 Reference value :  1.22500e-05
 Reference value :  1.22527e-05
 Reference value :  1.22774e-05
 Reference value :  1.22819e-05
 Reference value :  1.23128e-05
 Reference value :  1.23152e-05
 Reference value :  1.23439e-05
 Reference value :  1.23466e-05
 Reference value :  1.23755e-05
 Reference value :  1.23777e-05
 Reference value :  1.24063e-05
 Reference value :  1.24375e-05
 Reference value :  1.24398e-05
 Reference value :  1.24688e-05
 Reference value :  1.24696e-05
 Reference value :  1.25004e-05
 Reference value :  1.25027e-05
 Reference value :  1.25313e-05
 Reference value :  1.25610e-05
 Reference value :  1.25649e-05
 Reference value :  1.25876e-05
 Reference value :  1.25944e-05
 Reference value :  1.26254e-05
 Reference value :  1.26278e-05
 Reference value :  1.26564e-05
 Reference value :  1.26877e-05
 Reference value :  1.26900e-05
 Reference value :  1.27188e-05
 Reference value :  1.27362e-05
 Reference value :  1.27511e-05
 Reference value :  1.27588e-05
 Reference value :  1.27817e-05
 Reference value :  1.28127e-05
 Reference value :  1.28151e-05
 Reference value :  1.28438e-05
 Reference value :  1.28445e-05
 Reference value :  1.28753e-05
 Reference value :  1.28775e-05
 Reference value :  1.29063e-05
 Reference value :  1.29106e-05
 Reference value :  1.29381e-05
 Reference value :  1.29689e-05
 Reference value :  1.30000e-05
 Reference value :  1.30023e-05
 Reference value :  1.30029e-05
 Reference value :  1.30313e-05
 Reference value :  1.30319e-05
 Reference value :  1.30628e-05
 Reference value :  1.30938e-05
 Reference value :  1.31016e-05
 Reference value :  1.31255e-05
 Reference value :  1.31564e-05
 Reference value :  1.31875e-05
 Reference value :  1.31898e-05
 Reference value :  1.32188e-05
 Reference value :  1.32195e-05
 Reference value :  1.32504e-05
 Reference value :  1.32530e-05
 Reference value :  1.32813e-05
 Reference value :  1.32819e-05
 Reference value :  1.33128e-05
 Reference value :  1.33151e-05
 Reference value :  1.33439e-05
 Reference value :  1.33449e-05
 Reference value :  1.33754e-05
 Reference value :  1.33776e-05
 Reference value :  1.34064e-05
 Reference value :  1.34218e-05
 Reference value :  1.34382e-05
 Reference value :  1.34413e-05
 Reference value :  1.34689e-05
 Reference value :  1.34832e-05
 Reference value :  1.35005e-05
 Reference value :  1.35027e-05
 Reference value :  1.35314e-05
 Reference value :  1.35626e-05
 Reference value :  1.35648e-05
 Reference value :  1.35859e-05
 Reference value :  1.35943e-05
 Reference value :  1.36254e-05
 Reference value :  1.36277e-05
 Reference value :  1.36564e-05
 Reference value :  1.36875e-05
 Reference value :  1.36898e-05
 Reference value :  1.37108e-05
 Reference value :  1.37193e-05
 Reference value :  1.37504e-05
 Reference value :  1.37526e-05
 Reference value :  1.37814e-05
 Reference value :  1.38125e-05
 Reference value :  1.38148e-05
 Reference value :  1.38438e-05
 Reference value :  1.38445e-05
 Reference value :  1.38754e-05
 Reference value :  1.38776e-05
 Reference value :  1.39063e-05
 Reference value :  1.39146e-05
 Reference value :  1.39380e-05
 Reference value :  1.39688e-05
 Reference value :  1.39902e-05
 Reference value :  1.40009e-05
 Reference value :  1.40028e-05
 Reference value :  1.40313e-05
 Reference value :  1.40318e-05
 Reference value :  1.40626e-05
 Reference value :  1.40860e-05
 Reference value :  1.40942e-05
 Reference value :  1.41252e-05
 Reference value :  1.41563e-05
 Reference value :  1.41573e-05
 Reference value :  1.41880e-05
 Reference value :  1.41919e-05
 Reference value :  1.42192e-05
 Reference value :  1.42502e-05
 Reference value :  1.42529e-05
 Reference value :  1.42621e-05
 Reference value :  1.42816e-05
 Reference value :  1.43126e-05
 Reference value :  1.43148e-05
 Reference value :  1.43384e-05
 Reference value :  1.43443e-05
 Reference value :  1.43752e-05
 Reference value :  1.43776e-05
 Reference value :  1.44063e-05
 Reference value :  1.44068e-05
 Reference value :  1.44377e-05
 Reference value :  1.44400e-05
 Reference value :  1.44687e-05
 Reference value :  1.44711e-05
 Reference value :  1.45005e-05
 Reference value :  1.45027e-05
 Reference value :  1.45313e-05
 Reference value :  1.45625e-05
 Reference value :  1.45650e-05
 Reference value :  1.45952e-05
 Reference value :  1.46273e-05
 Reference value :  1.46398e-05
 Reference value :  1.46568e-05
 Reference value :  1.46878e-05
 Reference value :  1.46901e-05
 Reference value :  1.47188e-05
 Reference value :  1.47500e-05
 Reference value :  1.47523e-05
 Reference value :  1.47765e-05
 Reference value :  1.47818e-05
 Reference value :  1.48127e-05
 Reference value :  1.48151e-05
 Reference value :  1.48439e-05
 Reference value :  1.48447e-05
 Reference value :  1.48753e-05
 Reference value :  1.48775e-05
 Reference value :  1.49063e-05
 Reference value :  1.49069e-05
 Reference value :  1.49378e-05
 Reference value :  1.49688e-05
 Reference value :  1.49790e-05
 Reference value :  1.50007e-05
 Reference value :  1.50028e-05
 Reference value :  1.50313e-05
 Reference value :  1.50319e-05
 Reference value :  1.50627e-05
 Reference value :  1.50938e-05
 Reference value :  1.50945e-05
 Reference value :  1.51252e-05
 Reference value :  1.51563e-05
 Reference value :  1.51570e-05
 Reference value :  1.51878e-05
 Reference value :  1.51901e-05
 Reference value :  1.52189e-05
 Reference value :  1.52197e-05
 Reference value :  1.52502e-05
 Reference value :  1.52529e-05
 Reference value :  1.52813e-05
 Reference value :  1.52836e-05
 Reference value :  1.53130e-05
 Reference value :  1.53155e-05
 Reference value :  1.53439e-05
 Reference value :  1.53450e-05
 Reference value :  1.53754e-05
 Reference value :  1.53776e-05
 Reference value :  1.54063e-05
 Reference value :  1.54069e-05
 Reference value :  1.54378e-05
 Reference value :  1.54401e-05
 Reference value :  1.54688e-05
 Reference value :  1.54788e-05
 Reference value :  1.55006e-05
 Reference value :  1.55031e-05
 Reference value :  1.55314e-05
 Reference value :  1.55627e-05
 Reference value :  1.55651e-05
 Reference value :  1.55938e-05
 Reference value :  1.56215e-05
 Reference value :  1.56266e-05
 Reference value :  1.56379e-05
 Reference value :  1.56693e-05
 Reference value :  1.56884e-05
 Reference value :  1.56987e-05
 Reference value :  1.57191e-05
 Reference value :  1.57502e-05
 Reference value :  1.57526e-05
 Reference value :  1.57814e-05
 Reference value :  1.58113e-05
 Reference value :  1.58141e-05
 Reference value :  1.58391e-05
 Reference value :  1.58444e-05
 Reference value :  1.58753e-05
 Reference value :  1.58776e-05
 Reference value :  1.59063e-05
 Reference value :  1.59306e-05
 Reference value :  1.59382e-05
 Reference value :  1.59689e-05
 Reference value :  1.60001e-05
 Reference value :  1.60024e-05
 Reference value :  1.60029e-05
 Reference value :  1.60313e-05
 Reference value :  1.60320e-05
 Reference value :  1.60627e-05
 Reference value :  1.60938e-05
 Reference value :  1.60949e-05
 Reference value :  1.61255e-05
 Reference value :  1.61564e-05
 Reference value :  1.61707e-05
 Reference value :  1.61884e-05
 Reference value :  1.62091e-05
 Reference value :  1.62192e-05
 Reference value :  1.62229e-05
 Reference value :  1.62505e-05
 Reference value :  1.62530e-05
 Reference value :  1.62813e-05
 Reference value :  1.63092e-05
 Reference value :  1.63136e-05
 Reference value :  1.63323e-05
 Reference value :  1.63442e-05
 Reference value :  1.63752e-05
 Reference value :  1.63775e-05
 Reference value :  1.64063e-05
 Reference value :  1.64068e-05
 Reference value :  1.64378e-05
 Reference value :  1.64400e-05
 Reference value :  1.64688e-05
 Reference value :  1.64712e-05
 Reference value :  1.65005e-05
 Reference value :  1.65030e-05
 Reference value :  1.65314e-05
 Reference value :  1.65626e-05
 Reference value :  1.65650e-05
 Reference value :  1.65938e-05
 Reference value :  1.66055e-05
 Reference value :  1.66258e-05
 Reference value :  1.66302e-05
 Reference value :  1.66565e-05
 Reference value :  1.66877e-05
 Reference value :  1.66901e-05
 Reference value :  1.67188e-05
 Reference value :  1.67382e-05
 Reference value :  1.67510e-05
 Reference value :  1.67697e-05
 Reference value :  1.67818e-05
 Reference value :  1.68128e-05
 Reference value :  1.68151e-05
 Reference value :  1.68439e-05
 Reference value :  1.68751e-05
 Reference value :  1.68773e-05
 Reference value :  1.68896e-05
 Reference value :  1.69067e-05
 Reference value :  1.69377e-05
 Reference value :  1.69436e-05
 Reference value :  1.69692e-05
 Reference value :  1.70002e-05
 Reference value :  1.70025e-05
 Reference value :  1.70033e-05
 Reference value :  1.70315e-05
 Reference value :  1.70577e-05
 Reference value :  1.70647e-05
 Reference value :  1.70941e-05
 Reference value :  1.71252e-05
 Reference value :  1.71563e-05
 Reference value :  1.71577e-05
 Reference value :  1.71881e-05
 Reference value :  1.71991e-05
 Reference value :  1.72192e-05
 Reference value :  1.72502e-05
 Reference value :  1.72529e-05
 Reference value :  1.72813e-05
 Reference value :  1.72818e-05
 Reference value :  1.73127e-05
 Reference value :  1.73150e-05
 Reference value :  1.73438e-05
 Reference value :  1.73619e-05
 Reference value :  1.73758e-05
 Reference value :  1.73802e-05
 Reference value :  1.74065e-05
 Reference value :  1.74230e-05
 Reference value :  1.74382e-05
 Reference value :  1.74410e-05
 Reference value :  1.74689e-05
 Reference value :  1.74859e-05
 Reference value :  1.75006e-05
 Reference value :  1.75031e-05
 Reference value :  1.75314e-05
 Reference value :  1.75627e-05
 Reference value :  1.75650e-05
 Reference value :  1.75938e-05
 Reference value :  1.76094e-05
 Reference value :  1.76258e-05
 Reference value :  1.76370e-05
 Reference value :  1.76566e-05
 Reference value :  1.76877e-05
 Reference value :  1.76901e-05
 Reference value :  1.77189e-05
 Reference value :  1.77485e-05
 Reference value :  1.77523e-05
 Reference value :  1.77795e-05
 Reference value :  1.77821e-05
 Reference value :  1.78131e-05
 Reference value :  1.78273e-05
 Reference value :  1.78444e-05
 Reference value :  1.78755e-05
 Reference value :  1.78779e-05
 Reference value :  1.79064e-05
 Reference value :  1.79377e-05
 Reference value :  1.79544e-05
 Reference value :  1.79694e-05
 Reference value :  1.80003e-05
 Reference value :  1.80027e-05
 Reference value :  1.80140e-05
 Reference value :  1.80317e-05
 Reference value :  1.80626e-05
 Reference value :  1.80938e-05
 Reference value :  1.80972e-05
 Reference value :  1.81255e-05
 Reference value :  1.81564e-05
 Reference value :  1.81877e-05
 Reference value :  1.81904e-05
 Reference value :  1.82192e-05
 Reference value :  1.82502e-05
 Reference value :  1.82529e-05
 Reference value :  1.82813e-05
 Reference value :  1.82818e-05
 Reference value :  1.83128e-05
 Reference value :  1.83151e-05
 Reference value :  1.83439e-05
 Reference value :  1.83752e-05
 Reference value :  1.83776e-05
 Reference value :  1.84065e-05
 Reference value :  1.84377e-05
 Reference value :  1.84400e-05
 Reference value :  1.84688e-05
 Reference value :  1.84849e-05
 Reference value :  1.85009e-05
 Reference value :  1.85038e-05
 Reference value :  1.85315e-05
 Reference value :  1.85627e-05
 Reference value :  1.85650e-05
 Reference value :  1.85938e-05
 Reference value :  1.86240e-05
 Reference value :  1.86273e-05
 Reference value :  1.86563e-05
 Reference value :  1.86571e-05
 Reference value :  1.86879e-05
 Reference value :  1.86905e-05
 Reference value :  1.87190e-05
 Reference value :  1.87502e-05
 Reference value :  1.87525e-05
 Reference value :  1.87813e-05
 Reference value :  1.87819e-05
 Reference value :  1.88129e-05
 Reference value :  1.88175e-05
 Reference value :  1.88444e-05
 Reference value :  1.88752e-05
 Reference value :  1.88776e-05
 Reference value :  1.89063e-05
 Reference value :  1.89360e-05
 Reference value :  1.89385e-05
 Reference value :  1.89689e-05
 Reference value :  1.90001e-05
 Reference value :  1.90025e-05
 Reference value :  1.90031e-05
 Reference value :  1.90316e-05
 Reference value :  1.90625e-05
 Reference value :  1.90647e-05
 Reference value :  1.90942e-05
 Reference value :  1.91252e-05
 Reference value :  1.91563e-05
 Reference value :  1.91569e-05
 Reference value :  1.91878e-05
 Reference value :  1.91906e-05
 Reference value :  1.92192e-05
 Reference value :  1.92500e-05
 Reference value :  1.92527e-05
 Reference value :  1.92564e-05
 Reference value :  1.92818e-05
 Reference value :  1.93129e-05
 Reference value :  1.93252e-05
 Reference value :  1.93449e-05
 Reference value :  1.93758e-05
 Reference value :  1.94043e-05
 Reference value :  1.94183e-05
 Reference value :  1.94388e-05
 Reference value :  1.94575e-05
 Reference value :  1.94695e-05
 Reference value :  1.95004e-05
 Reference value :  1.95030e-05
 Reference value :  1.95317e-05
 Reference value :  1.95630e-05
 Reference value :  1.95759e-05
 Reference value :  1.95947e-05
 Reference value :  1.96256e-05
 Reference value :  1.96394e-05
 Reference value :  1.96575e-05
 Reference value :  1.96885e-05
 Reference value :  1.97188e-05
 Reference value :  1.97248e-05
 Reference value :  1.97523e-05
 Reference value :  1.97813e-05
 Reference value :  1.97820e-05
 Reference value :  1.98130e-05
 Reference value :  1.98195e-05
 Reference value :  1.98443e-05
 Reference value :  1.98752e-05
 Reference value :  1.98775e-05
 Reference value :  1.99063e-05
 Reference value :  1.99078e-05
 Reference value :  1.99380e-05
 Reference value :  1.99689e-05
No. of Data Rows : 49646
e1                  =  1.03323e+00
x1                  =  1.96410e+01 at=  2.28145e-06
cd1                 =  2.00000e+00
e2                  =  9.44737e-01
x2                  =  1.95967e+01 at=  3.28145e-06
cd2                 =  3.00000e+00
e128                =  6.41909e-01
x128                =  1.41846e+01 at=  4.28145e-06
cd128               =  1.28000e+02
e129                =  7.06721e-01
x129                =  1.42119e+01 at=  5.28145e-06
cd129               =  1.29000e+02
e255                =  4.07772e-01
x255                =  9.22033e+00 at=  6.28151e-06
cd255               =  2.55000e+02
e256                =  4.69732e-01
x256                =  9.24958e+00 at=  7.28151e-06
cd256               =  2.56000e+02
e257                =  4.71008e-01
x257                =  9.21480e+00 at=  8.31264e-06
cd257               =  2.57000e+02
e384                =  1.57995e-01
x384                =  4.78913e+00 at=  9.31264e-06
cd384               =  3.84000e+02
e511                =  -6.43310e-02
x511                =  8.87867e+00 at=  1.03751e-05
cd511               =  5.11000e+02
e512                =  -1.04299e-02
x512                =  8.77188e+00 at=  1.13440e-05
cd512               =  5.12000e+02
e513                =  -2.77003e-03
x513                =  8.74776e+00 at=  1.23440e-05
cd513               =  5.13000e+02
e640                =  -3.18414e-01
x640                =  4.93830e+00 at=  1.33126e-05
cd640               =  6.39000e+02
e767                =  -5.43957e-01
x767                =  9.36300e+00 at=  1.43126e-05
cd767               =  7.66000e+02
e768                =  -4.95393e-01
x768                =  9.32798e+00 at=  1.53126e-05
cd768               =  7.67000e+02
e769                =  -4.87086e-01
x769                =  9.36302e+00 at=  1.63126e-05
cd769               =  7.68000e+02
e896                =  -7.94146e-01
x896                =  1.39122e+01 at=  1.73126e-05
cd896               =  8.95000e+02
e1022               =  -1.02674e+00
x1022               =  1.84404e+01 at=  1.83126e-05
cd1022              =  1.02100e+03
e1023               =  -9.52847e-01
x1023               =  1.84084e+01 at=  1.93126e-05
cd1023              =  1.02200e+03
vrefhi              =  3.30014e+00 at=  1.53149e-05
vreflo              =  3.29985e+00 at=  1.25101e-05
m_terr_t1_lsb = 1.0332320000e+00
m_decerr_t1_lsb = 1.9640950000e+01
m_code_t1 = 2.0000000000e+00
m_terr_t2_lsb = 9.4473730000e-01
m_decerr_t2_lsb = 1.9596710000e+01
m_code_t2 = 3.0000000000e+00
m_terr_t128_lsb = 6.4190880000e-01
m_decerr_t128_lsb = 1.4184580000e+01
m_code_t128 = 1.2800000000e+02
m_terr_t129_lsb = 7.0672130000e-01
m_decerr_t129_lsb = 1.4211870000e+01
m_code_t129 = 1.2900000000e+02
m_terr_t255_lsb = 4.0777230000e-01
m_decerr_t255_lsb = 9.2203260000e+00
m_code_t255 = 2.5500000000e+02
m_terr_t256_lsb = 4.6973170000e-01
m_decerr_t256_lsb = 9.2495820000e+00
m_code_t256 = 2.5600000000e+02
m_terr_t257_lsb = 4.7100760000e-01
m_decerr_t257_lsb = 9.2148000000e+00
m_code_t257 = 2.5700000000e+02
m_terr_t384_lsb = 1.5799540000e-01
m_decerr_t384_lsb = 4.7891270000e+00
m_code_t384 = 3.8400000000e+02
m_terr_t511_lsb = -6.433097000e-02
m_decerr_t511_lsb = 8.8786740000e+00
m_code_t511 = 5.1100000000e+02
m_terr_t512_lsb = -1.042990000e-02
m_decerr_t512_lsb = 8.7718810000e+00
m_code_t512 = 5.1200000000e+02
m_terr_t513_lsb = -2.770035000e-03
m_decerr_t513_lsb = 8.7477640000e+00
m_code_t513 = 5.1300000000e+02
m_terr_t640_lsb = -3.184143000e-01
m_decerr_t640_lsb = 4.9382960000e+00
m_code_t640 = 6.3900000000e+02
m_terr_t767_lsb = -5.439573000e-01
m_decerr_t767_lsb = 9.3629990000e+00
m_code_t767 = 7.6600000000e+02
m_terr_t768_lsb = -4.953934000e-01
m_decerr_t768_lsb = 9.3279820000e+00
m_code_t768 = 7.6700000000e+02
m_terr_t769_lsb = -4.870863000e-01
m_decerr_t769_lsb = 9.3630160000e+00
m_code_t769 = 7.6800000000e+02
m_terr_t896_lsb = -7.941459000e-01
m_decerr_t896_lsb = 1.3912220000e+01
m_code_t896 = 8.9500000000e+02
m_terr_t1022_lsb = -1.026737000e+00
m_decerr_t1022_lsb = 1.8440390000e+01
m_code_t1022 = 1.0210000000e+03
m_terr_t1023_lsb = -9.528467000e-01
m_decerr_t1023_lsb = 1.8408420000e+01
m_code_t1023 = 1.0220000000e+03
m_inl_t1_lsb = 0.0000000000e+00
m_inl_t2_lsb = -8.655137446e-02
m_inl_t128_lsb = -1.445208567e-01
m_inl_t129_lsb = -7.776503112e-02
m_inl_t255_lsb = -1.318550133e-01
m_inl_t256_lsb = -6.795228777e-02
m_inl_t257_lsb = -6.473306223e-02
m_inl_t384_lsb = -1.309429189e-01
m_inl_t511_lsb = -1.064669455e-01
m_inl_t512_lsb = -5.062255000e-02
m_inl_t513_lsb = -4.101935946e-02
m_inl_t640_lsb = -1.098612811e-01
m_inl_t767_lsb = -8.860193777e-02
m_inl_t768_lsb = -3.809471223e-02
m_inl_t769_lsb = -2.784428669e-02
m_inl_t896_lsb = -8.810154335e-02
m_inl_t1022_lsb = -7.583362554e-02
m_inl_t1023_lsb = -1.110223025e-16
m_dnl_t1_t2_lsb = -8.849470000e-02
m_dnl_t128_t129_lsb = 6.4812500000e-02
m_dnl_t255_t256_lsb = 6.1959400000e-02
m_dnl_t256_t257_lsb = 1.2759000000e-03
m_dnl_t511_t512_lsb = 5.3901070000e-02
m_dnl_t512_t513_lsb = 7.6598650000e-03
m_dnl_t767_t768_lsb = 4.8563900000e-02
m_dnl_t768_t769_lsb = 8.3071000000e-03
m_dnl_t1022_t1023_lsb = 7.3890300000e-02
m_gain_err_lsb = -1.988022026e+00
m_vref_droop_mv = 2.9600000000e-01
Note: Simulation executed from .control section 

Warning: m=xx on .subckt line will override multiplier m hierarchy!

Note: Starting dynamic gmin stepping
Warning: Dynamic gmin stepping failed
Note: Starting true gmin stepping
Note: True gmin stepping completed
