trial,dnl_at_256_lsb,inl_at_256_lsb,max_dnl_lsb,argmax_dnl_code,max_inl_lsb,argmax_inl_code
0,0.02033005167353963,0.00976417227144566,0.18348947487322675,288,0.1619440488415762,354
1,0.2403609894680585,0.12022461598581913,0.2403609894680585,256,0.1437431580721409,308
2,-0.20598613960143553,-0.10309500072662559,-0.20598613960143553,256,0.12799276809160176,118
3,0.05190312218564941,0.026201667603487522,0.11393679893615172,192,0.09521852236383666,468
4,0.16358578305562332,0.08187731216611382,0.16358578305562332,256,-0.18160107462583142,228
5,0.009125608694432685,0.004586547559114251,0.09825681538649178,448,0.10138221123935409,338
6,0.13424615940286344,0.06716847566107731,0.13424615940286344,256,0.10886471997548597,296
7,-0.2134002664890886,-0.10659387594932923,-0.2134002664890886,256,0.11299550282546988,240
8,-0.15168851844327946,-0.07586222796552988,-0.15168851844327946,256,-0.1300139909196787,293
9,-0.16633310782265198,-0.08323109619783509,-0.16633310782265198,256,0.15250081805967852,99
10,-0.060954885677375614,-0.03048223476974954,-0.09868285913907471,128,0.09050168119010493,122
11,0.00285243988014372,0.0013987072730969885,-0.09298288357132378,128,0.05793683430198371,342
12,0.17259749740227903,0.08655269911707819,0.17259749740227903,256,-0.13829482860379017,220
13,0.2555379673316338,0.12765385662947892,0.2555379673316338,256,0.19654608959803,275
14,0.11198728903809752,0.0559465176664844,0.11198728903809752,256,0.0960164581908316,364
15,0.07803078545646258,0.03897460061301672,0.1511887934810261,128,-0.10585240070385282,122
16,0.29803332945382977,0.14938146759078563,0.29803332945382977,256,0.18792696008000576,284
17,-0.1207246356448195,-0.060828570035425855,-0.1207246356448195,256,0.12167768324044914,153
18,0.17632643806854276,0.08808268463576496,0.17632643806854276,256,0.1516148533905266,426
19,-0.29162067635868993,-0.14603640129664086,-0.29162067635868993,256,0.16973360274735683,249
20,-0.18412261221982362,-0.09215947450945805,-0.18412261221982362,256,0.12966319044679153,226
21,-0.0964160495572628,-0.04844673531817989,-0.1761459134150556,128,0.11553108073231044,117
22,0.1417059854363174,0.07087091794912226,0.1417059854363174,256,0.14861935911756063,284
23,0.237675640458491,0.11917848213178672,0.237675640458491,256,-0.2243555523834857,204
24,-0.10140375459153006,-0.050724943696366154,0.18881690005969176,384,0.15093220176541422,135
25,0.110058647353668,0.055080372825102586,0.110058647353668,256,-0.10125396520282948,244
26,0.07626000888097906,0.038178168986632954,0.07626000888097906,256,-0.08968584257161183,230
27,-0.12707240213279647,-0.06366023909248497,-0.1689700072476512,384,-0.12854214687502008,404
28,0.17425251134039854,0.08721409097245214,0.17425251134039854,256,-0.12082947209574968,223
29,-0.005813053467733198,-0.0026562911688756685,0.09818399527227939,64,0.09044798676148957,209
30,0.012120928633351014,0.006218584745454336,-0.07467245096620445,448,0.06527594452984431,442
31,0.08842098295525602,0.04424176820597836,-0.12923001688159275,384,0.11583497411976396,305
32,0.2698231843778842,0.1349416866830495,0.2698231843778842,256,-0.20470893058993056,233
33,0.11700045523824087,0.05836860129397792,0.11700045523824087,256,0.09261456736578566,270
34,-0.11331554926954368,-0.056754307205267196,0.1527673404886798,144,0.16395072078987027,211
35,-0.11816201967587858,-0.05926608151463597,-0.13314288014669273,384,0.10686102221943372,125
36,0.24384742540831894,0.12212599418373316,0.24384742540831894,256,0.14071813612429196,289
37,0.027427249637867135,0.01372262867101881,0.08242917989650778,288,-0.06486382005084579,91
38,0.025340659736315274,0.012637094395529402,-0.10798395580246734,416,-0.13075911065971013,172
39,0.0634469441754959,0.031697433260319485,-0.08537748865084893,128,-0.07064640194127492,161
40,-0.2205945708883803,-0.1102600434078056,-0.2205945708883803,256,-0.19827725562515752,358
41,0.19623394161357055,0.09787835410799062,0.19623394161357055,256,-0.1812800216779067,156
42,0.02118980368734924,0.010498131954591372,-0.06174900729251931,320,-0.06728945348709203,85
43,-0.21663763176280781,-0.10842590158546273,0.28071204827676866,128,-0.20424564987467875,349
44,-0.03233193215754682,-0.0160246183219499,0.09303180753215656,384,0.11390065029081597,166
45,0.08237264690197321,0.041503796794671644,0.08237264690197321,256,0.07922786374149382,352
46,-0.11745296472975042,-0.05877279766099264,0.3282267455390411,384,0.23592869204571798,179
47,-0.17379043230653224,-0.08702438951740987,-0.17379043230653224,256,0.12794492528729506,244
48,-0.16577322192654265,-0.082984981929485,-0.16577322192654265,256,0.15927813770036892,148
49,-0.19253264626084388,-0.0962836048051372,0.19846838699751856,128,0.21128399317038316,142
50,-0.17852845651916027,-0.08913642486876938,-0.17852845651916027,256,0.12727992655356957,211
51,-0.0002750482185263081,-0.00035325528642715653,0.0970944492658532,192,0.09960196710022728,198
52,0.0969954189189366,0.04862149681727601,0.0969954189189366,256,-0.1241981297773691,147
53,-0.18325119061009332,-0.09153274469690587,-0.18325119061009332,256,-0.15654709823689927,308
54,0.011401111962300092,0.005701646726322451,-0.1940598094772099,320,-0.15084972508822148,195
55,-0.08586586145233355,-0.042779088494000916,-0.08586586145233355,256,0.06889317451441457,217
56,0.16472840965275282,0.08252998908386644,0.16472840965275282,256,0.08535089513782168,257
57,-0.2057517307057708,-0.10277336254668512,-0.2057517307057708,256,0.18540570855969918,121
58,-0.2122008302050915,-0.1061816914134397,-0.2122008302050915,256,-0.14655883856124774,407
59,-0.005807055814898376,-0.0028603128877762174,0.06569073938777592,128,0.06380559171967093,139
60,0.1780964922148769,0.08923576238265696,0.1833997690571323,384,-0.15316813713208433,90
61,0.138395901505163,0.06917093582228517,0.138395901505163,256,0.12929295392569884,333
62,-0.4865252250742458,-0.24317131829820937,-0.4865252250742458,256,0.27189308173234394,239
63,-0.02223421166695516,-0.0110559738818381,0.14740973426098947,128,-0.08278515961018229,317
64,0.23254257088132135,0.116091545693223,0.23254257088132135,256,-0.12282291552662628,126
65,-0.10681375098880608,-0.05322019137662437,-0.10681375098880608,256,0.09382416391366633,165
66,0.07609445332400355,0.03814349279241469,0.22622873588642278,192,-0.1656927364342664,189
67,-0.05122276577091611,-0.025654674952903633,0.13162239885213012,128,0.10855075223247468,228
68,-0.24220629695253137,-0.12140294486835046,-0.24220629695253137,256,0.13117203778452335,199
69,-0.06484047923282787,-0.032460318756733386,-0.06484047923282787,256,0.0893026837667037,176
70,0.10745177359356717,0.05342661852444053,0.24007414175949293,128,-0.16090265688184502,90
71,0.170312150111954,0.08535399065652882,0.170312150111954,256,-0.12603896223072297,124
72,-0.22136361752009748,-0.11083299303135163,-0.22136361752009748,256,0.1108329930314369,255
73,-0.12350580215726836,-0.06151255450589588,0.23366886633829154,448,0.18190672790912288,83
74,0.019206299153154305,0.009640887332551529,-0.184323995413763,384,-0.137721979156197,177
75,0.12456649206492898,0.0625382969502084,0.12456649206492898,256,0.12431337370236406,315
76,0.2123096947233023,0.10625262176665728,0.2123096947233023,256,0.22357481701095594,317
77,0.22109508070761308,0.11078711259506235,0.22109508070761308,256,0.1750357312749884,318
78,-0.09458215438723983,-0.04744552771103372,-0.23604397178053205,384,0.14189920026323932,127
79,0.1490629379820234,0.07433101236694029,0.1490629379820234,256,0.11116366688918333,338
80,0.01644623973905368,0.0082305305418231,0.1346239058567562,288,0.10791139573302644,417
81,-0.08941853833061941,-0.044672378033737914,0.12242724607597211,128,-0.09888589577138873,299
82,0.31354159409949034,0.1566605289536369,0.31354159409949034,256,0.1626133550906843,260
83,0.020422037210920507,0.010170173310200425,-0.12001232215061464,64,-0.07023267644251519,201
84,0.20145949428848553,0.10075940195133626,0.20145949428848553,256,0.19916125732697765,307
85,0.24070911669090833,0.12024930064347927,0.24070911669090833,256,0.1384599155630326,286
86,0.19003375654261845,0.09502886914796704,0.19003375654261845,256,-0.17323349508836827,211
87,0.18139827678990628,0.09070462316716998,0.18139827678990628,256,0.19363535570749946,372
88,-0.10540659908352268,-0.052665992186831545,-0.10540659908352268,256,-0.09053986809811931,285
89,0.4426775730472059,0.221447889168644,0.4426775730472059,256,0.221447889168644,256
90,-0.011969098422724755,-0.0057681361079175986,-0.11977350038291945,128,-0.0936449660953258,413
91,0.10427962207813835,0.05209061943588722,0.10427962207813835,256,0.1123444180436195,334
92,0.013104548763607227,0.006584878349940482,0.06955334277614611,480,-0.06635763708641562,25
93,0.060384840553837194,0.030257480784285917,0.060384840553837194,256,0.06311784234293327,395
94,0.33236318486154914,0.16586227726895686,0.33236318486154914,256,0.20179384530064226,336
95,-0.02645339306536698,-0.013148000856944009,-0.14859947502520754,384,0.1173592254511675,86
96,-0.21974285925676895,-0.10988700570766241,-0.25724264355699233,384,0.21943511410981387,107
97,-0.14026304374820597,-0.07037205996556395,0.20240486332070873,128,0.16655512112401993,139
98,0.05358299432776903,0.026731148341639255,-0.05975834571039229,128,-0.0601804220283384,158
99,-0.14351788482542815,-0.07166701602588432,-0.14351788482542815,256,0.10498744306636354,218
100,0.37173285406876744,0.18590747659118279,0.37173285406876744,256,0.24094741074685544,317
101,-0.2411956773957229,-0.12031887815950881,-0.2411956773957229,256,-0.14331651589191097,268
102,-0.05461778725850763,-0.027465026374386525,0.10551980095567615,128,-0.1292792203761337,353
103,-0.19988575199997172,-0.09984194529573642,-0.19988575199997172,256,0.16290968263757577,206
104,-0.08380191464482323,-0.04199070208977673,0.15482391902975223,192,0.10408397213548426,65
105,-0.2388327130684047,-0.11922482033253345,-0.2388327130684047,256,-0.1884225271228388,389
106,0.24842370582123863,0.12435882596133752,0.24842370582123863,256,-0.15147926992710836,248
107,-0.13580847883682168,-0.0676683070780939,-0.13580847883682168,256,-0.13161787726318153,283
108,-0.3474671783920087,-0.17370277320591754,-0.3474671783920087,256,0.20385672110631958,219
109,-0.05679056472553157,-0.028049844863033968,0.1763533835238036,128,0.14089275801697454,145
110,-0.1569229340044842,-0.07848183374898099,-0.1569229340044842,256,0.15520815362452822,194
111,0.04513260123806617,0.022464040265901986,0.14277173508111218,384,0.12780730104816485,458
112,0.060984980156661095,0.03044025413203144,0.1368117262996975,320,0.11536378353662258,346
113,0.3657868193414231,0.18327424292323258,0.3657868193414231,256,-0.20978989713162832,230
114,-0.013547084855446201,-0.006752035035844983,-0.038939451150554305,488,0.050144607140197195,55
115,-0.18159835201336705,-0.0910776910830009,-0.18159835201336705,256,-0.1138158980170374,263
116,-0.14483968841102524,-0.07249404093920475,-0.14483968841102524,256,-0.166539326351824,363
117,-0.15954501901475737,-0.07970217831939408,0.2661805798222474,128,0.23303116616958164,193
118,0.05347621499214483,0.026568014626263903,0.08104308944149352,176,0.09099155989582641,402
119,0.11478508748518834,0.05735402904269904,0.11478508748518834,256,0.12141848247892995,368
120,0.13781070247381422,0.06902340411696173,-0.1750692959652298,128,-0.16034579664477633,179
121,-0.019753039360153934,-0.009897947426622977,0.036853567193702474,208,0.04239409768155156,210
122,0.1816761426315452,0.09028185190607019,0.22247921391237924,128,-0.1634095369807369,126
123,0.0744044498728158,0.0370341703220447,-0.10049613563006687,352,0.1018191106491031,409
124,-0.009307442870635896,-0.004714253962731618,0.13658410684502087,128,0.10913139213255363,148
125,0.08864816495676564,0.04412296140554872,-0.18217969497874265,64,0.15960903440196716,314
126,-0.15614784275587112,-0.0780549948314615,-0.15614784275587112,256,0.13475203174263584,96
127,0.15160737254484502,0.0759175351217607,0.15160737254484502,256,0.1200025498553714,268
128,-0.0965188766650158,-0.04827176738649541,-0.0965188766650158,256,0.0862557085033302,206
129,0.018586977963764184,0.009543474525798956,-0.14034866652346523,64,0.11819744170037438,308
130,-0.4166670454014536,-0.2083184944070524,-0.4166670454014536,256,0.24663199049258822,117
131,-0.1851798205368027,-0.0924575308777662,-0.1851798205368027,256,0.1548654463629191,180
132,0.1361010097325277,0.06799047879053433,-0.14609026914695278,384,0.15642380716457183,318
133,-0.09073112532337291,-0.04522572102501954,-0.09073112532337291,256,0.09961027936040523,180
134,-0.13707440168900575,-0.06838642672647666,-0.13971836288635942,32,0.16156833531528036,159
135,0.09889873386575232,0.04922576084737784,-0.17881688659838346,64,0.13207058435824592,282
136,0.3310239674354989,0.16549562759684022,0.3310239674354989,256,-0.213706691431355,206
137,-0.13395605545395028,-0.066997008059559,0.14157740248174377,128,0.13394120748586147,177
138,0.012887514380992116,0.006410196331785301,0.14754629446650824,384,-0.15665753743279254,56
139,-0.13855179442899157,-0.06910893596881351,-0.13855179442899157,256,0.09904291827291445,243
140,0.10919067969317098,0.05469380951791436,0.10919067969317098,256,-0.1049056075947874,214
141,0.017164311485061035,0.008703625028601891,0.17865180346001353,320,0.1540887185441875,330
142,-0.06221491682765645,-0.030985949443532945,-0.06221491682765645,256,-0.052424830340271455,345
143,-0.2483094784660409,-0.12423377374210531,-0.2483094784660409,256,0.1530559486108416,211
144,-0.12849166644042498,-0.06407991980293559,0.1328899549554876,384,-0.1516534472422677,357
145,0.06253387021422441,0.031246329913244608,0.0700701014127958,448,0.10425994224073065,337
146,0.13665826078488408,0.0682974788525712,0.13665826078488408,256,-0.09523923548812263,232
147,-0.005064992770485333,-0.0027566316076672592,-0.07192461640602232,416,0.0759240853380021,88
148,-0.07752994982655537,-0.03851069608117541,-0.1324082256956558,384,0.13704731074878396,79
149,-0.22387791749335406,-0.11168570897126529,-0.22387791749335406,256,0.15692942219143902,220
150,0.054486308412919016,0.027304018766955096,0.09791344137886426,48,-0.1031048353349604,203
151,-0.14342534468565304,-0.07161729647140191,-0.14342534468565304,256,0.09618038638976145,239
152,0.04142637947134631,0.02072802695394671,-0.09606936082153084,128,0.0823467917031735,366
153,0.045523907820467,0.02285230496300983,-0.14479047012207502,384,0.09573213351495724,380
154,0.26469838627133413,0.13233298490609968,0.26469838627133413,256,0.21831421080128166,321
155,0.030566073854316755,0.015162866985804158,0.14017401467580726,128,-0.14638614581525644,87
156,0.12294921013091198,0.06135928166065696,0.12294921013091198,256,0.0753163809898183,313
157,0.01235267473751378,0.006369932421392832,-0.05840182379958492,192,-0.04535187452796663,70
158,0.12091642044487116,0.060614066534782296,0.12091642044487116,256,0.1004735665995895,302
159,-0.09395415059950096,-0.04698058961216134,-0.12735479906450564,384,0.10968617122944124,122
160,-0.07487085939305871,-0.03758140580652025,-0.16450629534779182,320,0.11862318155533558,171
161,0.05618200837645304,0.02800116213398951,-0.12027796209389408,176,0.1628125620310925,431
162,-0.10861289198672353,-0.05426525966936424,-0.10861289198672353,256,-0.10680831916641864,283
163,0.03608241718654881,0.017806035942840026,-0.12926199445849562,32,0.1276507624710348,351
164,0.3290156169848615,0.16438197354801787,0.3290156169848615,256,0.19402490365962421,306
165,-0.051660497541831774,-0.026101642406899828,-0.13613653688258864,128,0.12598363197162143,88
166,0.36488544225383635,0.1826830090464,0.36488544225383635,256,-0.22537918301006243,188
167,0.16047963409579324,0.08018383759298331,0.16047963409579324,256,0.1494033740634677,369
168,-0.22788121133530126,-0.11391152160652496,-0.22788121133530126,256,-0.12841576584025916,309
169,-0.07707733872015865,-0.038052953299825276,-0.07707733872015865,256,0.08556797513216452,240
170,0.008776068380029756,0.004016245177695055,0.16178419465728666,128,-0.09300345005598842,92
171,0.28009106752443813,0.13982552626043798,0.28009106752443813,256,-0.15233517819936537,252
172,0.05898913864743349,0.029689730352544075,-0.21142509084991445,128,-0.12766427790359103,132
173,0.31313781584086087,0.156505130317953,0.32343072452684396,128,-0.2408254004667043,126
174,-0.3112840036947375,-0.15561248765624214,-0.3112840036947375,256,0.15561248765624214,255
175,0.07627196370310685,0.038147495761450045,0.07627196370310685,256,0.08552109303656152,356
176,-0.09644524422526501,-0.048466693922989634,-0.09644524422526501,256,-0.09907263829899193,295
177,0.057445330248526716,0.028689187061843313,0.29581736120725566,128,0.16884546253464805,386
178,-0.1072170003509143,-0.05365553474186413,0.1545724984515573,128,0.12723682657889412,146
179,0.31017910314926667,0.15530189424163154,0.31017910314926667,256,-0.23627715557199735,193
180,-0.4331425120520578,-0.2164182640114518,-0.4331425120520578,256,0.22097596237924222,251
181,-0.08317589375110401,-0.04153783593812932,-0.10837749022346088,384,0.10942036790059717,109
182,-0.23225893143990106,-0.1163433040316022,-0.23225893143990106,256,0.160934857768666,207
183,0.12440725674068176,0.06235216987812464,-0.25119691581608095,384,0.17509463895908084,348
184,0.020007634745127234,0.009996997194434698,0.15358158011201795,384,0.10034108485854176,402
185,-0.01412883625701511,-0.007081942269451247,0.11245612338575484,384,-0.11086373092200574,353
186,-0.017551184902202976,-0.008879653113638142,-0.15880661899802817,64,-0.09617381257544366,449
187,0.1546965159602678,0.07725775382391475,0.1546965159602678,256,0.08936216843676448,404
188,-0.0448731697976541,-0.022646119136936704,-0.22496484686831764,384,0.12401501724079367,127
189,0.21030273561854074,0.10524865933072647,0.21030273561854074,256,0.15115672444278516,361
190,-0.008079565261454036,-0.004036455624458313,-0.05145052694518881,384,-0.07808250111793313,405
191,-0.017370580762076315,-0.008594553037056585,-0.1280130490411011,384,0.07116381460613752,123
192,0.09615010211294361,0.048286931816676315,0.09615010211294361,256,-0.09123823930677588,108
193,0.0645426501231725,0.03238542340733375,0.0645426501231725,256,-0.07385939308849743,101
194,-0.23085217727106055,-0.11536452043742429,-0.23085217727106055,256,0.17413855407014012,216
195,0.12406035674570148,0.06164598397720056,0.12406035674570148,256,-0.0980396413065705,175
196,-0.05705511513980355,-0.028551939282266403,-0.07660837916148466,448,0.08644224561689384,174
197,-0.14354278896234973,-0.07149920729247583,-0.17359606626774848,128,-0.14164183882303405,401
198,0.3036494774175935,0.1516903096815554,0.3036494774175935,256,0.16596148689069423,394
199,-0.0931139868237949,-0.04639609963422231,-0.0931139868237949,256,0.10607594299528955,175
200,-0.04955047651864675,-0.024805130791804686,0.07149984755415062,32,0.08058416288680093,47
201,-0.09840401141849497,-0.04921682800920735,-0.09840401141849497,256,0.06446292896484351,94
202,0.3260782739337458,0.16273667937372238,0.3260782739337458,256,-0.16525634355053853,247
203,-0.048403454786665634,-0.024360768177814407,-0.11098050011736404,80,-0.09964508749749257,370
204,0.21749790393909052,0.10882098386059624,0.21749790393909052,256,0.14673251613135108,290
205,-0.06965522442843053,-0.03500774169441456,0.08173172373722082,160,0.09182707999397621,228
206,0.07608457496914411,0.03798358447505734,0.11779313042436002,192,-0.0825549620409447,187
207,0.05713613735576928,0.028382776157172884,0.07401254128785695,352,0.06691006013079459,481
208,0.012289622359020314,0.0063535160987839845,-0.16374722544389897,320,0.10790281774654886,314
209,-0.05294699883987164,-0.02670185373210643,0.1657827413989139,384,0.13373230947507864,156
210,0.2874974687084091,0.14372479245975,0.2874974687084091,256,-0.16255394788800004,214
211,0.16563497326771426,0.08288479176991359,0.16563497326771426,256,0.09352837380561141,283
212,0.040724509007162624,0.020441875224832984,0.0735836757449988,112,0.09803500044694147,412
213,0.013431553962817588,0.0067278125077905315,0.13942118900496325,384,-0.09239354407668543,44
214,0.030342800657365387,0.015175814110733654,0.1411994907941363,64,-0.10069084436776166,183
215,-0.19414642028155527,-0.09717702827884978,-0.19414642028155527,256,0.1494729492967508,146
216,-0.21643115400601687,-0.10796190365627467,-0.21643115400601687,256,0.180492111905437,176
217,0.3101065670821015,0.15498444103531028,0.3101065670821015,256,0.1703193711127824,268
218,-0.019491268808280893,-0.009506123812002443,0.12175962959139497,192,-0.09091569980563463,429
219,0.05896887095582315,0.029758422208914226,0.05896887095582315,256,-0.05921506461928061,220
220,-0.050719898883301084,-0.025359864897495754,-0.1171050774669311,192,0.13207243667184798,175
221,-0.2890401857589211,-0.14419025127821783,-0.2890401857589211,256,0.16914463457840156,239
222,0.01235475931360952,0.006209585683819796,-0.11976385056726713,384,-0.09642792111554854,172
223,0.2710058040609624,0.13547470605789158,0.2710058040609624,256,-0.1715845754208658,244
224,0.10101332998752355,0.05054583515183708,0.18793584290583,128,-0.11928000918692305,127
225,-0.16181189998278,-0.08106516712649636,-0.16181189998278,256,0.14516299362131235,227
226,-0.2759990587177299,-0.13839471213742627,-0.2759990587177299,256,0.1884286893650824,211
227,0.3351297556159807,0.16745386379909633,0.3351297556159807,256,-0.21874849175654276,157
228,0.011133136101676655,0.00547979049974856,-0.1551215137613724,128,-0.09110244873801321,130
229,-0.10917043274989169,-0.0544691923492735,-0.11331106131700608,128,0.11925706934324865,77
230,0.10348984016982854,0.051491879631157644,0.10348984016982854,256,-0.10104910908972897,218
231,-0.03954599784881907,-0.019943778590345573,-0.171816759799583,384,0.12079220604550756,123
232,-0.015808923229883476,-0.007982600538070983,0.11502582481244872,352,0.07562459762444007,102
233,-0.31467188933183365,-0.15722750612130199,-0.31467188933183365,256,0.24719747002615122,196
234,0.18197114220870958,0.0908749450637174,0.18197114220870958,256,0.1476465534564113,339
235,0.07452050937379795,0.03722148875590392,0.07452050937379795,256,-0.06566316469195499,154
236,-0.07790941888873704,-0.03907043722517756,-0.15478327466524888,384,0.1348767192531568,106
237,0.03355425542528678,0.016991403989379705,-0.11385482929659929,320,-0.09424427866595408,75
238,-0.07027936482688801,-0.03483849698321251,-0.07027936482688801,256,0.08160580990090693,144
239,-0.007356213464220218,-0.003949148193498786,-0.04259011226849907,320,0.04332855847567174,56
240,-0.12515285604112591,-0.06235062712516992,-0.12515285604112591,256,0.08785008376315773,119
241,0.022498462975306666,0.011223105773524367,-0.13498838940779478,448,-0.1073130833669893,226
242,0.32894539604996,0.16485267670935855,0.32894539604996,256,0.17154662266284504,260
243,-0.13670056365532446,-0.06851966120774478,-0.13670056365532446,256,-0.14207262334696225,390
244,0.3735511991224598,0.1869449214002259,0.3735511991224598,256,0.23699317497221273,279
245,0.049401801544604496,0.024649925373807946,-0.1381587261442263,128,0.1222956211608448,368
246,-0.11729095264402645,-0.0585193196852174,-0.11729095264402645,256,0.08725736351388491,86
247,0.05100888772358303,0.02564073018442059,-0.1173573288746752,128,0.11591236575981156,309
248,-0.11872978347130925,-0.05935235414179374,-0.11872978347130925,256,0.13228259860619573,182
249,-0.3545045177043846,-0.17744540180959234,-0.3545045177043846,256,0.18739036755269467,219
250,0.12658588578878494,0.06352820814691995,0.16805092071570016,128,-0.13474896964811478,106
251,-0.10401968922883498,-0.0517849312313956,-0.1408099838403274,128,0.10342861099005063,125
252,0.011048756322537656,0.005547868237471221,-0.05478886532989691,352,-0.058484135864972586,180
253,0.013638189212940688,0.006652849720126142,-0.14037829304511718,128,0.10022178204559395,342
254,0.0003349399758292293,0.00045162603680637403,0.05970875575860646,448,0.08241271715581888,339
255,0.024840168231662574,0.01251378212009513,-0.07779778964506079,32,0.08690580279198912,286
256,-0.08107079960734609,-0.040511082913724294,-0.22444650800754573,128,0.20074753555270775,99
257,-0.27110451711169503,-0.13538824583756082,-0.27110451711169503,256,-0.19985055365157223,384
258,-0.030026572492658943,-0.014986412922382897,-0.09221247764747886,320,0.085405089913408,55
259,0.15331956546015135,0.0766343933756275,0.15331956546015135,256,0.15203437538440312,444
260,0.09624318859476944,0.04842864087757448,-0.1586123976906606,384,0.1394248737707926,371
261,-0.12552047695109536,-0.06262665700387515,-0.12552047695109536,256,0.128701216318035,202
262,-0.10987534031960422,-0.054842810321673596,-0.10987534031960422,256,0.1241177604736663,176
263,-0.26102273207376925,-0.13039666096688052,-0.26102273207376925,256,0.19880208346276618,237
264,-0.18407980621867637,-0.09218957069111866,-0.18407980621867637,256,-0.1481997964571633,273
265,-0.055239583520460656,-0.02768741923438256,-0.16153017334659125,384,0.09869974545399884,111
266,0.07432445256114306,0.037201490520658353,-0.15612690315236932,384,-0.14622589717305345,216
267,0.07876892742331165,0.039611532426874874,-0.12388228138623347,32,0.13764349531828657,284
268,0.1914301994197558,0.09585746222353464,0.1914301994197558,256,0.13685380582393236,330
269,0.020108816166725774,0.010297901409956012,0.11604729496229993,288,-0.0756886355366646,158
270,0.17233925702441866,0.08619322346231684,0.17233925702441866,256,0.13872945101519463,333
271,-0.34776462590889423,-0.17384800795713318,-0.34776462590889423,256,0.24570334296893748,232
272,-0.008679531874349777,-0.004553716420900855,0.07457119101127319,208,0.09493971207260188,112
273,0.01289506446340738,0.006388075567258511,0.14073348246711248,128,0.11413871891556937,409
274,-0.09917617220864372,-0.04956300648930778,0.10110903624973844,128,0.10007519029139189,165
275,0.12994361525662157,0.0648765115055312,0.22416025479915902,128,0.1909558842804131,424
276,0.018298917468484888,0.009136767023392167,0.15418937951886846,384,-0.14414528857993503,100
277,-0.3272093275560053,-0.16379715392835692,-0.3272093275560053,256,0.24692736467579834,176
278,0.024187756727570786,0.012043028677055645,0.1304153847806333,384,0.09914424216418638,470
279,0.24144275142487004,0.12047412501067356,0.24144275142487004,256,-0.17894662216883717,186
280,0.04157159026445356,0.020858755548175623,0.1251427011604278,128,0.08648474813458051,387
281,0.09606265090877741,0.04805773321339757,-0.11699727111636093,352,-0.10438799137114074,162
282,0.09216955747942279,0.04596530282378808,0.09216955747942279,256,0.08337432104826803,304
283,-0.010945863227391328,-0.005738842074833883,0.06789480889165134,288,0.06117224682728306,114
284,-0.1178652387157797,-0.05895372295114498,-0.1178652387157797,256,0.1310130329921435,180
285,0.14520675535300143,0.07253014640417632,0.3024238529676495,128,-0.19966164604579717,122
286,0.015751352215829684,0.007938690290501427,-0.09133019680248822,128,-0.06641175030037516,166
287,-0.3942356961845519,-0.1969573895960366,-0.3942356961845519,256,0.2785070248332886,227
288,0.3232352426899183,0.16173356645654735,0.3232352426899183,256,-0.2122016900437984,220
289,-0.07237566896000658,-0.0362385185669325,-0.1483258845249793,448,0.12837882860409877,177
290,0.3484035455485355,0.17393047896030112,0.3484035455485355,256,0.1895164365307096,270
291,0.06003798903785196,0.029976537997526975,-0.23337874980137485,384,0.17623965952827803,339
292,0.1528834627286244,0.07633635195475108,0.1528834627286244,256,-0.09949353311654363,249
293,0.0743466250729341,0.037031185974171876,0.11639266357355282,32,0.10418732868731695,418
294,-0.0621411207678193,-0.031252019531621045,-0.09047203988237129,160,0.0898919511558347,158
295,0.17905549523598552,0.08951203534019214,0.17905549523598552,256,0.1317158764895794,309
296,-0.11603371026350828,-0.057909729860654124,-0.11603371026350828,256,0.1484884853834103,201
297,-0.037267033069383615,-0.01876110402889708,0.07331241789773912,416,-0.0649312162570368,281
298,0.3031877163785168,0.15175330058244185,0.3031877163785168,256,-0.18112388070815655,241
299,0.21509985719410452,0.10752386789437196,0.21509985719410452,256,0.15872056607167906,316
300,0.22954873334887793,0.11463586537161063,0.22954873334887793,256,-0.12965373040299255,220
301,0.056857414315743426,0.02870102336845548,-0.0899626917664591,128,-0.11676085957230953,169
302,0.055944659914331396,0.028089595717489146,-0.13439786666415898,128,-0.11296236966740025,136
303,0.04591614995263171,0.022994953960704834,0.04591614995263171,256,-0.0485643802109621,171
304,0.018789622473576628,0.00952228517607523,0.06600547166681281,320,0.08519927998594312,345
305,-0.19197870344694934,-0.09581564295510248,-0.19197870344694934,256,0.13235160102880172,142
306,-0.3304548483222334,-0.16479372484863575,-0.3304548483222334,256,0.1747787485420531,250
307,0.20371880278298704,0.10200153029342118,0.20371880278298704,256,0.15799162364066888,301
308,-0.22246287891732663,-0.11122195678206026,-0.22246287891732663,256,0.16118406994735324,249
309,0.13221840763992532,0.06606638609446236,0.13221840763992532,256,-0.13412284211898395,174
310,0.06092867642047395,0.03014727109365367,0.14394559539493912,128,0.11551131636434775,398
311,0.039010991738621215,0.019422634062436828,-0.09608104525818817,448,-0.08599536594967105,86
312,-0.1718338864131681,-0.08593863213437203,-0.1718338864131681,256,0.12901096603224005,217
313,0.17864424553323488,0.08928369251253798,0.17864424553323488,256,0.09462670561089226,386
314,-0.16806616116275563,-0.08410189433553228,-0.16806616116275563,256,0.14507867166767596,221
315,-0.17947178230051009,-0.08971520976257352,-0.17947178230051009,256,-0.1385882313894058,321
316,-0.29122025925974526,-0.1455175075676607,-0.29122025925974526,256,0.17698906193123776,247
317,0.09469133361457693,0.04742724047937941,-0.17676108616771558,128,0.13777379230748465,377
318,-0.14715099442418023,-0.07342618281543878,-0.14715099442418023,256,0.10463332964121719,191
319,0.07122043724876903,0.03570935518430929,0.08841529555394345,448,-0.1350644604108595,172
320,0.0541443395826775,0.027305130758236373,0.0541443395826775,256,0.05845535564947113,314
321,-0.34335848421730475,-0.17166240451737735,-0.34335848421730475,256,0.21360768398022856,216
322,0.2237276929452321,0.11175901806120692,0.2237276929452321,256,0.1426676778471574,284
323,0.24752549607231344,0.12410103107237092,0.24752549607231344,256,-0.22280361949466965,164
324,0.33579643914850976,0.16787869857040505,0.33579643914850976,256,-0.20604757230344717,212
325,0.16430752475233135,0.08230579039155828,0.16430752475233135,256,-0.11222938313466102,244
326,-0.02169374799797197,-0.010660407020907314,0.08327298968254127,336,-0.09841778202343221,427
327,0.2805362391513313,0.14029756699216023,0.2805362391513313,256,0.1742781773675688,295
328,0.007235654102885292,0.0036616625432372985,0.11719342641558228,32,0.06732099817855897,488
329,0.07966446528072879,0.0399748709194796,0.10658008850913347,288,-0.09001966278631812,222
330,0.10384611866106752,0.051837445395165105,0.10384611866106752,256,0.12004507518952323,358
331,-0.00160589066359762,-0.0009121900609443401,-0.13590450296914014,384,-0.08158775097962234,450
332,-0.10195916627580459,-0.05054767070322441,-0.10195916627580459,256,-0.07925800369690705,339
333,0.22623027659909667,0.1132178703340685,0.22623027659909667,256,0.1399736738046613,321
334,-0.21851555223574337,-0.10928815597156927,-0.21851555223574337,256,-0.14746841910636022,290
335,0.3563069024639276,0.17839563010170423,0.3563069024639276,256,0.2062244419058743,278
336,-0.02825854470700051,-0.014022716901280319,0.1319603898735977,96,0.10343745459277898,97
337,-0.1653878974542522,-0.08277127740262813,-0.1653878974542522,256,-0.13822369548660163,291
338,0.33574360158576155,0.16782752993970007,0.33574360158576155,256,-0.20348549969804708,243
339,0.009936964616997557,0.005064335746141069,-0.07643676291860402,64,-0.08342248472806091,210
340,-0.004321442527668751,-0.0022915912304029007,-0.10708392479864415,192,0.06044158453070736,63
341,0.1314582571700953,0.06577075189102288,0.1314582571700953,256,-0.08964523676883118,178
342,0.14023642830542826,0.07014375035112153,0.2171570567568608,128,0.16144306870069158,399
343,-0.021000049983967983,-0.010434195984714734,0.051058726093074824,64,0.06328349077497819,216
344,-0.036219883319517976,-0.01798275355469059,0.05565157001529997,272,0.07441320810178809,208
345,0.1973693264570784,0.09819534559250087,0.1973693264570784,256,-0.14673925975588986,182
346,0.11045872348563535,0.05515779579076252,0.1265229839384574,448,-0.12975468805262835,179
347,-0.1546014141278249,-0.0772141219887601,-0.1546014141278249,256,0.1340057697457837,187
348,-0.0605171367255366,-0.03018648008239211,-0.24751040310030703,384,0.21868508845915358,100
349,-0.19827024161756412,-0.09937080298561796,-0.19827024161756412,256,0.16125859967502265,191
350,-0.011603648452847892,-0.005585519338524136,-0.054782271768488044,320,0.06904417534812524,181
351,0.047995839329871615,0.023903762475129042,-0.09336120668217518,288,0.09394973552525698,399
352,-0.10722381004541148,-0.053780599649428495,-0.14731352425519617,128,0.10071575657907772,127
353,0.17869487213135926,0.08923362120953016,0.17869487213135926,256,0.11444889304357275,267
354,-0.31775779091572076,-0.15906720756069603,-0.31775779091572076,256,0.18768402496391445,207
355,-0.11089406495884191,-0.055551464994636035,0.14644777373513307,320,0.13098403698276684,81
356,-0.19033498863512932,-0.09499140512212989,-0.19033498863512932,256,0.14690381443438127,248
357,0.17669816613448575,0.08793716391051021,0.17669816613448575,256,0.12371751831437905,289
358,0.02233100422665757,0.010969634023979324,-0.027846168508290248,288,0.04492977610351545,274
359,0.26836534856536787,0.13439450730976432,0.26836534856536787,256,-0.21976463432940818,218
360,-0.09609900587790321,-0.04813775095263395,-0.09609900587790321,256,0.08609337707189013,121
361,-0.10017049637841069,-0.049873300872235404,0.18305668386159368,384,0.1856496326356023,158
362,0.06373988082202686,0.031898449968821296,0.12258668408424,192,0.1157441324987758,453
363,-0.060954787937816945,-0.030658760661708584,0.27660395869537524,384,0.17052036695542938,147
364,-0.03696133125453116,-0.01857286288117166,-0.14809897260379046,128,0.10402145842495258,120
365,0.07891896291414469,0.03959230911570444,0.19179247639505093,128,-0.1332460835311764,110
366,-0.11117440229148201,-0.0555657252903643,-0.11117440229148201,256,0.10392448842426916,205
367,-0.22539542857458628,-0.11283437348424741,-0.22539542857458628,256,-0.16294341739006768,407
368,-0.19267540803062388,-0.09601731377463807,-0.19267540803062388,256,-0.13902953451815847,271
369,0.25096997483007044,0.12547481470977573,0.25096997483007044,256,-0.17063427454590396,242
370,-0.15232325403863456,-0.07612317895654996,-0.15232325403863456,256,-0.13142966281168356,301
371,-0.021897166586256844,-0.010814212717264127,0.056835506744789654,128,0.044734052749873854,162
372,0.09563939608344185,0.04803466767066311,0.09563939608344185,256,-0.08599635605875733,92
373,0.15030493063864014,0.07480130378746708,0.15030493063864014,256,0.10861638266135287,333
374,-0.05504683674595867,-0.027449793446606918,-0.14705283743714403,192,-0.11678597160369009,324
375,-0.047473125515182346,-0.02375884902443204,-0.08184461623119432,320,0.08165689673458587,59
376,-0.03434513486871538,-0.016895216783950673,-0.11412476938597393,64,0.12246627648471531,171
377,-0.20207493853166625,-0.10099763641514414,-0.20207493853166625,256,0.12520270140046819,179
378,-0.1985910642352735,-0.0992609612970341,-0.1985910642352735,256,0.1091633984838154,234
379,0.13928636086046708,0.06965979160884217,-0.20728338218773956,128,-0.16052386555620046,137
380,-0.027560239835167977,-0.01347008511555714,-0.1443230664285764,64,0.13871365338157915,45
381,-0.06901119258409949,-0.03471468361595953,-0.06901119258409949,256,0.08776367721253564,203
382,0.13592933512740046,0.0679090384905976,0.13592933512740046,256,-0.11600142954665671,154
383,0.005818929916216575,0.0028452589766061465,0.1271126804442133,384,0.0991037608436045,468
384,0.2772988443415727,0.13891549950611193,0.2772988443415727,256,-0.16650669353225567,209
385,0.05027692117892002,0.02534852992954484,0.1816114962998654,384,0.13974113807353206,421
386,-0.07621535339416141,-0.038100122289705496,0.24754938460097264,384,0.18023979667410117,165
387,-0.01456469093358237,-0.007289254604586404,0.07073942565841662,384,0.1097966881682737,147
388,0.11303842179870571,0.05676105806625742,0.11303842179870571,256,0.11325418832086598,418
389,-0.01739870390571241,-0.008739966519613063,-0.12610989788015559,128,-0.0838487023049197,413
390,-0.010501825683121524,-0.005211062277652445,-0.06998862708007891,104,0.05132310202525048,39
391,0.23308093641722394,0.1165148379715788,0.23308093641722394,256,0.23031640229976347,348
392,0.007970250257073985,0.0040653526016569685,-0.03452912729280655,64,0.04288520408618979,310
393,0.1568935931614135,0.07840188193767972,0.24074999818608944,128,-0.15953102541885755,127
394,-0.028511932108244764,-0.014180949921268393,-0.17946888754198653,192,0.12226433381093216,63
395,0.12857436467157868,0.06417062979613775,0.12857436467157868,256,0.12556745080109977,324
396,-0.2578535752521134,-0.1287633758190907,-0.2578535752521134,256,0.16400727104340262,213
397,-0.05490366093184207,-0.027191108151782828,-0.05490366093184207,256,0.07210867054433834,178
398,-0.11015211495197264,-0.055241931490968454,-0.11015211495197264,256,0.1227182267340936,220
399,-0.2952058940689426,-0.14743260448105389,-0.2952058940689426,256,0.1887197407122585,243
400,0.08712119294651188,0.04347856672347916,0.24193561050904577,128,-0.1616979040549893,85
401,0.16374136098278314,0.08178753871084155,0.16692019364569433,288,0.1318778055913299,418
402,-0.1472198864525467,-0.07369296761936539,-0.1472198864525467,256,0.11668016732537012,240
403,-0.1203267872001561,-0.060137516837841076,-0.1203267872001561,256,0.1335486404962296,240
404,-0.07438543970695832,-0.037364250078383066,0.10262738796360793,96,0.14585736602504085,169
405,-0.0008430817006797042,-0.00024934263475984153,0.1093621302777592,128,0.09182788612685044,160
406,0.06960338511515829,0.03481069924416147,0.06960338511515829,256,-0.06886370380226481,176
407,-0.04892126533340502,-0.024703795549839924,-0.12073702123925045,128,-0.1097894482102788,465
408,-0.19345757193281088,-0.09681597396047437,-0.19345757193281088,256,0.1392665655265546,84
409,0.07353319304075967,0.03679321183690831,0.14345885335148978,192,0.11498654828181998,453
410,0.10533541330903518,0.0525278337211148,0.10533541330903518,256,-0.09065362879448458,220
411,-0.05809140646383071,-0.029226655505340204,-0.11380999271551673,384,0.08994780535499558,95
412,0.11487563062428308,0.057289310253793246,-0.14646869494373504,288,0.11175024949091039,479
413,0.14155529748654772,0.07073805597809724,0.14155529748654772,256,-0.10359115269221775,242
414,-0.17546737713223592,-0.08765531515183511,-0.17546737713223592,256,0.1455197266597139,105
415,-0.28040385122309885,-0.1402900522337518,-0.28040385122309885,256,0.19690091468464743,183
416,0.1956208547396443,0.09764214896625845,0.1956208547396443,256,0.1357485325212906,266
417,0.4114457071764548,0.20589270216689215,0.4114457071764548,256,-0.23492373109007758,95
418,0.3114608542082635,0.15574903479111413,0.3114608542082635,256,-0.15869105487976753,254
419,-0.0755181261438338,-0.03754815632780151,-0.2772399478915304,384,0.17539373609209008,79
420,-0.05076386255865373,-0.025543292337033563,-0.1488973601944963,448,-0.155352690560278,451
421,0.19407913274912403,0.09694025960942554,0.19407913274912403,256,-0.17338331268811658,200
422,0.15981500152540207,0.08014702551798791,-0.3581900188311238,128,-0.22455124287677108,170
423,0.18015298059495422,0.09003123324237094,0.18015298059495422,256,0.21791649073554709,306
424,-0.31828779606550484,-0.15921509817022184,-0.31828779606550484,256,-0.22365028588643554,335
425,-0.26098475771976837,-0.13044210905661657,-0.26098475771976837,256,0.15664674719099025,223
426,-0.15386156121888916,-0.07706318240738597,-0.15386156121888916,256,0.11174779432803916,238
427,0.03430237088167587,0.017103127191433032,-0.10821487972663135,160,-0.08433590521269707,96
428,-0.28207282524473953,-0.14106542055870364,-0.28207282524473953,256,0.18299654129828014,238
429,-0.14262767152948186,-0.07129256870163658,0.1690498665851834,128,0.12520027554501212,161
430,-0.29030967122611173,-0.14521506086691716,-0.29030967122611173,256,0.17300723163812393,107
431,-0.16753591900805986,-0.08370676155411161,-0.16753591900805986,256,0.18192987150564477,171
432,-0.02232194598497017,-0.011228503724112215,-0.0718096509233419,128,0.0842598341981926,88
433,-0.2772083943034147,-0.13839078954981687,-0.2772083943034147,256,0.15033046408854034,252
434,-0.15535143312303035,-0.07747389225491474,-0.15535143312303035,256,0.12150425542867538,146
435,-0.026186365944113277,-0.01332140120251779,0.061501867446338565,368,0.05689399376026927,241
436,0.08552385841878163,0.042834526018310726,0.08552385841878163,256,0.11923676190485821,355
437,-0.04842490145847478,-0.024151082591714612,0.2935581781474639,384,0.17537588502219137,146
438,0.15718110811462793,0.0785084320479541,0.15718110811462793,256,-0.08523053825285842,236
439,0.19049842437499365,0.09541591155925744,0.19049842437499365,256,-0.1565318839967631,232
440,0.3425179843371211,0.17118315700918174,0.3425179843371211,256,0.20852940852813617,264
441,0.09091080476264324,0.0456267244392734,0.09091080476264324,256,0.0864390274168727,354
442,-0.1103325303033671,-0.055230012681846574,-0.1103325303033671,256,0.12439114828703168,214
443,0.01677986602243209,0.008210449048078772,-0.08283838222854456,128,0.08491413559045213,313
444,-0.02385371610498055,-0.011904630583899234,-0.08694997829837803,192,0.0985815341338423,53
445,0.06398651275793554,0.03193470111210672,0.17300802318210629,128,0.11384620048528404,408
446,-0.23587571856182876,-0.11813050114733414,-0.23587571856182876,256,0.13647756202698247,233
447,0.10675098102981906,0.0533121035425097,-0.205849451728227,64,-0.18057520727506926,204
448,0.06865499054171664,0.0344223209675647,0.09474192021684757,448,-0.09591690149727583,178
449,-0.27404698754952506,-0.13695102955358607,-0.27404698754952506,256,0.19871851809415375,200
450,-0.3344224198790755,-0.16743683252266806,-0.3344224198790755,256,-0.18224185871349619,273
451,0.4047799640339065,0.20215367558625985,0.4047799640339065,256,0.23384162977583856,320
452,-0.15440427920412958,-0.07661974220613388,-0.15440427920412958,256,0.14490782235272093,76
453,-0.11306766114486777,-0.05668440815742315,-0.19718379693262023,384,0.1508335314090914,121
454,-0.03224326319102033,-0.016117726216975825,-0.037479653066384344,384,0.05491116784787664,117
455,-0.15074183375614325,-0.07562436091751579,-0.2967295734077027,128,0.18643041120213866,127
456,0.02523324028601337,0.012853297685950338,-0.17870612254688467,384,0.10225108172539876,350
457,-0.18305141278645465,-0.09157580676341581,-0.18305141278645465,256,-0.13379883141004711,449
458,0.009016089191959509,0.0043510712429792875,0.18034966026493748,384,-0.133991541238629,115
459,0.07656619209018345,0.038607354032961894,0.0772442244669378,320,-0.08677896527069606,182
460,0.11606000909472414,0.057883224515592246,0.11606000909472414,256,0.13268462269377324,360
461,-0.33297463058502785,-0.16666632246386825,-0.33297463058502785,256,0.2238894318639666,230
462,0.13622459729594993,0.06820672105794756,0.13622459729594993,256,-0.11553613784136019,246
463,0.28282322832012596,0.14124403029012456,0.28282322832012596,256,0.16092125964769366,448
464,-0.08096152496443665,-0.0402768978491963,-0.09138664597378465,64,0.07694505500604976,56
465,0.08228863231113337,0.040919751633680335,-0.13315151625944566,128,0.11413854259842537,361
466,-0.11820722722603705,-0.058872775099928276,-0.1822724217072107,128,0.12863682730164783,111
467,0.11596165701874384,0.058270992453742565,0.11596165701874384,256,0.09677598825453515,418
468,-0.2591157247189244,-0.12974407841304014,-0.2591157247189244,256,0.18102772273364565,117
469,0.01304170929856241,0.006110047099696203,-0.054976138386344076,64,0.07451114483518495,426
470,0.2261794818756755,0.11298819274287553,0.2261794818756755,256,0.14401238863626986,354
471,0.11186615108650244,0.056068487417888946,0.11186615108650244,256,-0.10285525559825714,91
472,-0.513588759300319,-0.2569084068870211,-0.513588759300319,256,0.26181245568216127,247
473,-0.014943194520412817,-0.007324944665612065,-0.06386549763408311,160,0.06338556239677473,202
474,0.03973740814001303,0.020044202513446407,-0.06238090180340805,448,-0.07544311222403621,195
475,-0.06645302090532823,-0.033034043130129476,0.20840753406253043,384,0.1520238072266693,182
476,-0.035963160756068646,-0.017991338291636794,0.34542654441727905,128,-0.20336245261358954,373
477,-0.3688227693475312,-0.1842109233852227,-0.3688227693475312,256,-0.20842554085919573,263
478,-0.19001763382038916,-0.0949539906970358,-0.19001763382038916,256,0.1437160419268082,145
479,0.12563203869035533,0.06262832040346211,0.12563203869035533,256,0.12059897374388129,398
480,0.11201801750615914,0.055995472168660854,-0.14111294743845804,128,-0.12878975693050165,189
481,-0.3295508293269336,-0.1649282303880284,-0.3295508293269336,256,0.18866311207914066,111
482,0.3541800668457995,0.17710914600712613,0.3541800668457995,256,-0.24093545032727093,234
483,0.06421108267909403,0.03187744186533337,-0.1416243624798028,128,-0.1483225487338018,163
484,-0.20862606444330822,-0.10450439776701614,-0.20862606444330822,256,-0.15545260752548984,337
485,-0.17303597315580532,-0.08623160053366519,0.17537055637490084,384,-0.19199497816339317,353
486,0.19721547586141241,0.09824618717146905,0.1978166006985589,384,-0.2035459533581303,86
487,0.05053248803253041,0.02506983172378341,-0.0626478005960962,136,0.10063418394929613,294
488,0.4151340206544205,0.20755029381035683,0.4151340206544205,256,0.23216510487804953,326
489,-0.10222637679015634,-0.051204618506233146,-0.14131249030022275,128,0.12910622955939743,98
490,0.13608846497584182,0.06814763644351274,0.13608846497584182,256,-0.1143018298273546,240
491,-0.24894116302911584,-0.1242822444434637,-0.24894116302911584,256,-0.17198650744353472,338
492,0.09324190311753,0.046540444196978115,-0.12212263850585714,384,0.12270660809804212,364
493,0.25778198137015806,0.1286616042104356,0.25778198137015806,256,0.1425624980618636,329
494,-0.20391535355292945,-0.10196879778953871,-0.20391535355292945,256,0.12998817591653733,86
495,-0.2678580635982257,-0.13380622693696864,-0.28603048806499487,128,0.20979555263888017,127
496,0.2724533446286159,0.13613646655585399,0.2724533446286159,256,0.23633451495936697,299
497,-0.15725178542803064,-0.0784374263952543,0.1576344455643266,128,-0.16610830247003605,299
498,0.12891732991005256,0.06456454840252945,0.12891732991005256,256,-0.14943440293185972,180
499,0.06258215277586032,0.03129979595257737,-0.2789975735512087,128,-0.1575043383899981,132
500,0.08163766763644276,0.04059147843724986,0.17780501456709885,128,-0.14124649798682753,98
501,-0.24627543390241158,-0.12301318138290185,-0.24627543390241158,256,0.12671942935747893,247
502,0.03833396557089941,0.019145811067289742,0.08376528414714812,448,0.06018545891168969,454
503,-0.14979942854216688,-0.07511662600802538,-0.14979942854216688,256,0.121805492507292,206
504,-0.2307100988500963,-0.11545903861025408,-0.2307100988500963,256,0.20893849157292266,146
505,-0.17615262407832688,-0.087900745532977,-0.17615262407832688,256,0.13893287695623258,230
506,0.06642513510584536,0.0334536585779972,-0.2176110987135189,128,-0.18210977423706254,163
507,-0.09162085980602797,-0.045690654571529876,0.132137422941355,384,-0.12954783821032834,367
508,-0.2930490514344797,-0.14652979884877482,-0.2930490514344797,256,0.2477976004553284,202
509,-0.16032121276603561,-0.08028376611233057,-0.16032121276603561,256,-0.11902212516980626,269
510,0.10796548865775435,0.05420684620335692,-0.12216839089791165,384,-0.13557998702174245,172
511,0.053071565809091226,0.026720860313105277,-0.12491344623749967,128,0.10988597289804147,334
512,-0.052411683477259885,-0.02592213657894149,-0.07911669549719136,144,0.07810173094152617,106
513,-0.21553919947027111,-0.1075940850004713,-0.21553919947027111,256,0.1574766990767955,198
514,-0.19518491493147394,-0.09736610590522332,-0.19518491493147394,256,0.13379637995313942,181
515,-0.27000440481566557,-0.13476180788740066,-0.27000440481566557,256,0.16196950814085653,237
516,0.14013616069613022,0.07039177842267463,0.14013616069613022,256,-0.11805473380280773,115
517,0.09379830264887801,0.0468059732677375,0.18176436489761727,384,0.12680588353515532,387
518,-0.05172006296896825,-0.02622321920301829,0.10781931494557284,288,0.10858405947635674,98
519,-0.14972741527242306,-0.07507057074730028,-0.14972741527242306,256,0.11124281372119071,171
520,-0.11582833848987661,-0.057853611535790606,-0.11582833848987661,256,-0.12309645486192267,329
521,-0.009595386392703631,-0.004829065820786127,0.15205844166746374,384,0.10205100095072339,137
522,-0.013162334002515763,-0.006839323316114587,-0.23640253753160323,384,0.13624376146717054,120
523,-0.011676346539672977,-0.0062095749706259085,0.029083797768805653,288,0.03790198096444897,163
524,-0.3355723040995997,-0.1678887244661098,-0.3355723040995997,256,0.19156454579535875,251
525,-0.06444760824629725,-0.03216964053336824,-0.1234151673870656,384,0.11906537360404457,99
526,-0.08767885556616761,-0.04371111210789991,-0.1607627970290082,128,0.11800479781383899,118
527,-0.1366760493599486,-0.06850892964064315,0.15361745969575225,128,0.15553231134117596,169
528,0.21275417571240496,0.10629815734353087,-0.2708927771280685,128,0.22202555530191148,375
529,0.24873500830966577,0.12433145099197418,0.24873500830966577,256,0.2134869894502458,285
530,0.2352816556184507,0.11756310429234418,0.2352816556184507,256,-0.17159607989441383,233
531,0.20300445048769689,0.10145388836758684,0.20300445048769689,256,0.16782810253442904,372
532,0.21262931336670476,0.10636914639448491,0.21262931336670476,256,-0.14191889436966676,235
533,-0.22612506013925326,-0.11314989396387887,-0.22612506013925326,256,0.15241674147671347,164
534,-0.05888984402875508,-0.02940878595597951,-0.06491594600163353,80,0.08423946400972682,139
535,-0.005473788645417699,-0.0028048983556345775,0.04034102082852087,384,0.05745991618766766,148
536,-0.05067267154345245,-0.02546064334364928,-0.20280203825681298,64,-0.1735910198474926,339
537,0.11905296340103177,0.05954441962919077,0.13225681234166586,352,0.12242015097666581,298
538,-0.48947820394042196,-0.24474265340987245,-0.48947820394042196,256,-0.2678556687069431,265
539,-0.0983076284597928,-0.049289341286907984,-0.0983076284597928,256,-0.10822173558636905,280
540,-0.09924131122929225,-0.049590476332127764,-0.10989549869660209,128,-0.082842904749441,385
541,0.169672367159734,0.08475019905597492,0.169672367159734,256,-0.12604244768903072,247
542,-0.06435314695733041,-0.03245866929108843,0.19557411077606446,128,0.1906828630723112,147
543,-0.24835832002045777,-0.12421874646963715,-0.24835832002045777,256,0.18171958509338992,215
544,-0.21033329523024236,-0.10501282598360717,-0.21033329523024236,256,0.1354587654894317,240
545,-0.14176862783935462,-0.07086104453134112,-0.14176862783935462,256,0.08784541560424941,246
546,-0.06705304425400982,-0.0336795702049244,0.14402345053468935,384,0.10619515251494249,163
547,-0.04983466902939426,-0.024991989168142936,0.06232543628834719,128,-0.0655217442626963,339
548,-0.20028091225486833,-0.10004605463532812,0.4069086741163801,384,0.2642815852425713,132
549,-0.13150642422340297,-0.06589488687319545,-0.13150642422340297,256,0.1278874209189098,222
550,-0.04875935538868248,-0.02410135703917149,0.2066301457104487,320,0.13661132663060016,198
551,-0.30853815676903196,-0.15402930193243947,-0.30853815676903196,256,0.16317730003177644,247
552,-0.0573701353366971,-0.028462471797269018,0.13374459892654045,192,-0.10654263997219005,317
553,-0.10834823251087755,-0.05429391390657656,-0.10834823251087755,256,0.09469913385379414,247
554,0.22939614643217965,0.11473953308424711,0.22939614643217965,256,-0.170865615398327,224
555,0.2560042403221132,0.12768558943162134,0.2560042403221132,256,-0.14699715105535915,184
556,0.2972634382649062,0.1486604216732701,0.2972634382649062,256,0.20591064626910338,269
557,-0.024692979072909793,-0.012223275298026692,-0.11760038037061804,128,0.0776563508479029,124
558,-0.07669931892152704,-0.038383000513192655,-0.07669931892152704,256,-0.050908889587503836,325
559,0.0065280546267842965,0.0030877553930963586,0.05464510473001383,80,-0.06938331282464105,108
560,0.1217589444645455,0.060791045688972645,0.1217589444645455,256,0.1005201877604236,307
561,-0.17947532080509632,-0.08981839360475874,0.20521966672970393,128,0.21258696295532786,154
562,0.11322397065106315,0.05649927186493642,0.11322397065106315,256,-0.08828660060510174,199
563,-0.19284485933616224,-0.09639523896001378,0.21648581685019508,384,-0.1926239944755821,283
564,0.24216033621507904,0.12114800162945016,0.24216033621507904,256,0.12453520936236373,384
565,0.14174625024696752,0.07094653211723312,0.14174625024696752,256,0.11815929261928204,357
566,-0.29504797187181,-0.14758262622126495,-0.29504797187181,256,0.18733556984301458,110
567,0.187707990287862,0.09379309698550742,0.187707990287862,256,0.1689350778450489,419
568,0.07038612127391275,0.03542115375330468,-0.0848499765054953,128,0.11368926231091336,359
569,0.08431116599143706,0.04214846766564051,-0.10445544364500847,384,-0.09451155446146231,174
570,-0.005060978041740327,-0.002439485368199712,-0.11418780495905878,128,-0.10468152788945417,466
571,0.1920755213793086,0.09610545432778395,0.1920755213793086,256,0.1522250650967294,368
572,-0.1879495796099775,-0.09400307932105534,-0.1879495796099775,256,0.15801427154519843,207
573,-0.09366798265233456,-0.046877641305570705,0.24121296871328468,384,0.16377733931344096,138
574,-0.22711230244067337,-0.11395813432824298,-0.22711230244067337,256,0.1619173533837852,182
575,-0.04602305898120562,-0.022815917599473323,-0.06716142246619938,192,-0.08864602061851201,323
576,-0.01027690927210756,-0.0049053437903126,-0.07700910609128186,32,0.07991654231119583,92
577,0.25030303079441296,0.12492364192030436,0.25030303079441296,256,-0.1592908479113362,157
578,-0.01771436428836637,-0.00886062033049484,-0.03666432057022462,128,-0.04726970556964716,443
579,-0.11997564766619462,-0.05968374104702434,0.11999132421561853,320,0.14946227426676728,211
580,0.3176400249924143,0.15911489263899625,0.3176400249924143,256,-0.17792194329558697,249
581,0.06914706352480948,0.03428322955267049,0.1065560003710857,320,0.11488584891179698,331
582,-0.34743499800921995,-0.17372467591289364,-0.34743499800921995,256,0.1807175846637108,251
583,-0.045848953693933936,-0.022972626146838593,0.09794791459643193,288,0.08687123918357997,225
584,0.0025614842564323226,0.0015375698560262663,0.10133525809078492,448,0.08720662772589094,451
585,-0.3977234299956365,-0.19902677155312176,-0.3977234299956365,256,0.2587819741985129,233
586,0.07012862677962062,0.0348395443421623,-0.08187428992016521,32,-0.0663243170774308,224
587,-0.07448550844151214,-0.03720520548253603,-0.07448550844151214,256,0.048228700634325605,246
588,0.19659311108080146,0.09804725698023731,0.19659311108080146,256,0.1547551669983136,334
589,-0.07146461496472511,-0.03587006579385843,-0.23932431256093878,128,0.16303860152049765,118
590,-0.21125479397144886,-0.10537781803182611,-0.21125479397144886,256,0.13728482995429658,217
591,-0.18363055942523943,-0.09211338737975439,0.20135386456627202,128,-0.1533238246527162,349
592,-0.047395438480805296,-0.023581823288878923,0.09711304430630463,64,-0.10556414906699274,409
593,0.15539703649096737,0.07749068926835889,0.15539703649096737,256,0.09808112246349765,464
594,-0.01470000754690659,-0.007692919153384992,0.1548254609932087,384,-0.12330292302931412,369
595,-0.23849673220684053,-0.11943943570793181,-0.23849673220684053,256,-0.12004240579091174,257
596,0.05406126458245808,0.026836524754230595,0.12345126028534992,192,-0.08831570666538369,159
597,0.13027557291997027,0.06505756341755387,0.13027557291997027,256,-0.09716327316192519,219
598,-0.08549774432239587,-0.042752549980008325,0.09118387496246783,192,0.07786029672031702,88
599,0.018590589753273434,0.009256700830803766,-0.13121241454047095,320,0.09128607903477359,315
600,0.14970557327785627,0.07457187478672722,0.14970557327785627,256,0.10943084458563135,269
601,0.09505480166188818,0.04753599758660698,0.09505480166188818,256,0.08458398795806943,363
602,-0.0160277789500185,-0.007838204898064305,0.10525265282689134,128,-0.07233168457793226,363
603,0.1928914580069545,0.09641660470327906,0.1928914580069545,256,0.13127610587804384,323
604,-0.37815833697385415,-0.1889940496737097,-0.37815833697385415,256,0.22225456339984362,173
605,-0.08450908242696187,-0.04210640920231867,-0.08450908242696187,256,0.07756225788739357,235
606,-0.01627094838769949,-0.008139751877621393,-0.1021905518484374,128,0.09930465446240078,98
607,0.01323359949842029,0.0067809965548235596,-0.22512702412745966,384,-0.13293947763361302,135
608,0.2847597749414206,0.14210290351599042,0.2847597749414206,256,0.1610182970787264,326
609,0.1045103411864261,0.05208087364133007,0.16376029737752162,64,-0.13307778159726524,53
610,0.016159444229089104,0.008025128456552011,0.09673932523938333,128,-0.10907228531269197,118
611,-0.2382825761730203,-0.11946690770491841,-0.2382825761730203,256,0.18573336516084282,210
612,0.234790264492716,0.11732199115579078,0.234790264492716,256,0.1428196639118937,402
613,-0.2155175630138615,-0.10767822652164227,-0.2155175630138615,256,0.17104546896658235,157
614,0.01634373715228321,0.00829775327730431,0.09859596916203373,384,0.07031328207557408,448
615,-0.20116220235456694,-0.10040645008331239,-0.20116220235456694,256,0.11393643408618459,218
616,0.029271406358503782,0.014751693437176527,0.07958609010324835,128,0.05875312169968083,392
617,-0.09601544306391929,-0.04793517164543459,0.09650421190087854,384,0.09984934140589985,224
618,0.27505969453522994,0.1379037093317379,0.27505969453522994,256,-0.24138094513796204,155
619,-0.21044521306907882,-0.10501364973930549,-0.21044521306907882,256,0.12858262045438096,178
620,-0.015892703660085772,-0.007481773958716076,-0.11368526064541129,352,0.08960947948071407,27
621,-0.17484421261090688,-0.08748296339521744,-0.17484421261090688,256,-0.12444607487606163,273
622,0.013066296072992145,0.006550030806010909,0.08092768077165147,32,0.10548479451017556,358
623,0.2906193502168435,0.14542797921399142,0.2906193502168435,256,-0.1993843851534507,218
624,-0.001383988213461862,-0.000864555479779483,-0.17872164119023637,128,0.1038322921222985,63
625,0.20544757395208535,0.10256827232768728,0.20544757395208535,256,-0.12314769493178801,251
626,-0.06460709801268649,-0.03239439682573675,0.10614082930334234,128,0.13280467652222683,176
627,-0.30316591218084454,-0.15143613015396795,-0.30316591218084454,256,0.22355248103761483,166
628,0.416655219413002,0.2084850636233,0.416655219413002,256,0.2087421395705178,272
629,0.06696703470680632,0.0336111359418112,0.09026088731872761,32,0.07086360124270641,480
630,0.015231769924469063,0.007688973016456657,0.12083417448290845,64,-0.1023195379272579,156
631,-0.12666088943279874,-0.06347882912712066,-0.13933709046909826,128,-0.1358585535146517,421
632,-0.18425347228674127,-0.09216147423904886,-0.2084422637705643,192,0.1728964822171406,63
633,0.27140285474663983,0.13560181798771964,0.27140285474663983,256,-0.195656348522931,233
634,-0.1931252862871986,-0.09641618942580976,-0.20455363776001434,128,0.19847427199086098,112
635,-0.0025052159390668294,-0.0015741923474479336,-0.27093817282087684,384,-0.1740240109625688,413
636,0.03985313982403227,0.01998790745241763,0.06708567547281064,320,-0.07747286609458115,178
637,-0.03209701555039146,-0.016077313999403486,0.16271124567873585,384,0.14546964307697863,154
638,0.010474273460005179,0.0052906245015265085,-0.050915237210176656,192,-0.06002549335899232,70
639,0.18891267953711122,0.09435784633535604,0.18891267953711122,256,-0.10785185808217079,252
640,-0.0873884453260132,-0.04365323098511453,-0.13348240720762306,192,0.1471319156465256,186
641,-0.17399213986723794,-0.08697648980876238,-0.28729500975885003,384,-0.21533355365636453,390
642,-0.12224593697806085,-0.061170457182697646,-0.12224593697806085,256,-0.0794213451407586,277
643,-0.30208846145782786,-0.15093677392491145,-0.30208846145782786,256,-0.20928664346530468,329
644,0.13916969667957346,0.06942798226481273,-0.1607850003849336,128,-0.1350608023774953,176
645,0.13808103385406412,0.06904346722245691,0.13808103385406412,256,-0.10958531500449453,115
646,0.20086744435809578,0.10053116253837402,0.20086744435809578,256,0.16738098376043808,293
647,-0.08963670178721372,-0.044841852768769286,0.09084342381464694,384,-0.13999745284360188,345
648,-0.006382377196615607,-0.0029928988955134628,-0.049206529787284126,80,-0.06742924296958108,406
649,-0.12275365079156586,-0.06119986026823199,-0.12275365079156586,256,-0.08064776637826299,363
650,0.042988313931516586,0.0215672205395947,-0.14254681756312948,128,0.1388661849981645,350
651,-0.03166027217767464,-0.015978891728650524,0.07191183261920742,320,-0.11587204767988624,427
652,0.10749441726733266,0.05382109612369845,0.10749441726733266,256,-0.09741016737086738,195
653,0.058858328209595356,0.029237299187229837,-0.060100981160360334,320,-0.09596860247503969,218
654,-0.2731834697478064,-0.1364465757713731,-0.2731834697478064,256,0.17562002106458863,233
655,-0.14178791574474303,-0.07102247359378566,-0.3099820017218917,384,0.21813548506916902,118
656,0.04014733491061406,0.02021647423595141,-0.05317779432283487,320,0.05967775753714477,298
657,0.015206108095469517,0.0074827917781021824,0.11790089183594432,160,0.11004322975855985,416
658,0.12139327447533788,0.060764895428690124,0.12139327447533788,256,0.10247437939352722,389
659,0.04169345378974754,0.02083637579386277,-0.191997367210206,128,0.1160780325833457,382
660,0.13543700001315528,0.06752891524394045,0.13543700001315528,256,0.1222123863658453,335
661,-0.17093099831294012,-0.0856529916168256,-0.17093099831294012,256,0.11311998160675785,241
662,0.015081878368278012,0.007525979456886489,0.09704545994060254,320,0.06109054498779187,464
663,0.2253278948736579,0.11248818107333136,0.2253278948736579,256,0.16379859673793362,404
664,0.058626704754288994,0.02955203963770714,-0.09906527712712432,448,0.11650960608182004,306
665,0.3859205124615528,0.19281421091210404,0.3859205124615528,256,0.23633166715433163,312
666,0.22545182961601995,0.11301704951145553,-0.22679226850692658,320,0.21906537575841867,312
667,0.14412535954977557,0.07216435469209159,0.14412535954977557,256,-0.07902119430180221,111
668,0.24077951824702382,0.12027700477858616,0.24077951824702382,256,-0.15084835169267308,195
669,0.0038778010791133966,0.0019063637059275607,-0.1591353345178277,320,0.10849959503951823,442
670,-0.03811025230149312,-0.019152928037215133,0.13668790203860226,272,-0.12517557002229296,463
671,0.2492407685897149,0.12458427748998702,0.2492407685897149,256,0.17987194709115784,290
672,-0.13156389706031746,-0.06584757712198552,-0.13156389706031746,256,-0.12613859490795676,307
673,-0.018416110037804856,-0.009210201408762941,0.23064806081015377,128,0.16773392933416176,155
674,-0.21009085872296396,-0.10541947512416527,-0.21009085872296396,256,-0.17836167700937722,407
675,-0.3541857780641635,-0.17707807378988605,-0.3541857780641635,256,0.20895068986607157,232
676,0.07391317079552095,0.03703478613633138,0.07391317079552095,256,0.07126262818781015,468
677,0.17054688232815352,0.0854017737359527,0.17054688232815352,256,-0.20478488909475345,110
678,-0.31183835182554276,-0.15605253507845873,-0.31183835182554276,256,-0.18720511861096156,310
679,0.10574317798750599,0.05272275182909425,0.10574317798750599,256,0.09058144439018179,396
680,0.2454529089019104,0.12267570430174146,0.26205438670533,128,0.1924870725329697,386
681,0.012953039182292514,0.006366234631286716,-0.1294815423249247,128,-0.07393477745972632,162
682,0.009304112697975597,0.004518727909385234,0.16258211251641796,128,0.10424534642135086,429
683,0.18895682667331926,0.09450287656770229,0.20363887660471391,384,0.16529576831345594,403
684,-0.16204902253898013,-0.08135937404551896,0.22526168943500124,384,-0.18829131703216717,343
685,-0.09512967175697895,-0.04728475179280167,-0.15598405770279555,192,0.16975277603955874,168
686,0.027362915787790598,0.013747266357654553,0.07142585010961966,384,-0.06778677294167323,92
687,0.09421656744595452,0.04702700252835257,-0.1364146689629706,128,0.11485185190326774,371
688,0.014513578492255874,0.007280615206781249,0.13255151576805702,320,-0.09131266239882052,184
689,-0.19803089817960995,-0.09907498103942203,-0.25421688037931744,384,-0.19420533588498756,398
690,0.24666500717006556,0.12346535320912722,0.24666500717006556,256,0.21313581780816548,282
691,0.026445472525807645,0.01298568602544492,0.06250922447731,320,-0.06927877258863191,44
692,0.19686771898201982,0.09809358364043419,0.19686771898201982,256,0.11786628727327297,386
693,-0.07846927672662218,-0.03932984541125961,-0.08602822204949234,64,-0.08839655301892435,343
694,0.09207984070752673,0.04627249039583603,-0.18819623674460217,128,0.16262536080074597,328
695,0.09184502044803367,0.046024933776124044,0.13383117943146772,384,0.1106915813992373,396
696,0.032663842513841246,0.016569175645344103,0.12574108866665057,64,-0.11149008913321268,155
697,0.450650779057014,0.22544763643264787,0.450650779057014,256,-0.26374664603045517,216
698,0.02133777594102071,0.010511071436894781,0.14134044372059407,384,-0.10203664185048922,124
699,0.2763254057330471,0.13845249522461245,0.2763254057330471,256,0.18502095343882274,303
700,0.048664355539102644,0.0237093524550005,0.16000747109703184,128,0.11667999702956422,402
701,0.19720366933631794,0.09840079492937548,0.19720366933631794,256,-0.14884932455427702,204
702,-0.019872758831127157,-0.009942332784135033,-0.14337933533921898,128,-0.10214328239970882,409
703,-0.14078831117456048,-0.07064330443347444,-0.14078831117456048,256,0.13666186412297066,152
704,0.017965751591106027,0.009115538698210912,0.0852749557466268,128,0.07359508669497927,408
705,-0.3148813645240409,-0.1572855300510696,-0.3148813645240409,256,0.23185234362051688,177
706,-0.16194723300208125,-0.08078847294007119,-0.16194723300208125,256,0.1139706679897472,221
707,0.23070063970388333,0.11540732874976811,0.23070063970388333,256,0.15147644088995094,297
708,-0.010209469518230208,-0.004982270989501103,-0.08136127234337209,96,0.07498891334617497,143
709,-0.34274267613727716,-0.17139618476926444,-0.34274267613727716,256,0.17784102624543152,221
710,-0.24761661611950103,-0.12403571256987789,-0.24761661611950103,256,-0.16420875635810717,307
711,0.1010247132062716,0.050760005770996486,0.12581952040655153,128,-0.1248261959649426,106
712,0.12859161000034192,0.06440695022504883,0.12859161000034192,256,0.14689284649585943,330
713,-0.08522309416233043,-0.042579230617604935,0.236131146128173,128,-0.1769781309130849,297
714,-0.21905093027419298,-0.10960582844941769,-0.21905093027419298,256,-0.12720551146043135,450
715,0.05892814633730836,0.029348256990829213,0.16289955716706572,288,-0.14139964741968924,159
716,0.02775215509760187,0.013817492205760118,-0.061462606193060765,320,-0.07959092600162876,109
717,0.1063141673578798,0.05313917867857754,0.1063141673578798,256,0.11299940482001603,280
718,0.26560568881262725,0.13294884875418234,0.26560568881262725,256,-0.2383399448672776,186
719,-0.2585557323235719,-0.12912752042848297,-0.2585557323235719,256,-0.18424577094720007,397
720,-0.15668728365628226,-0.07816685656601408,-0.15668728365628226,256,0.13195034185906707,199
721,0.2680233578399793,0.13423944747225391,0.2680233578399793,256,0.19592169105499124,419
722,-0.0038933717996201267,-0.0020695176015692596,0.1947880542932694,384,-0.12958035754803632,356
723,0.09574550509049118,0.047816236213179764,-0.13736821186665793,128,-0.11606425170924695,160
724,-0.3717046239740398,-0.18587396189340666,-0.3717046239740398,256,0.24320722161135677,157
725,0.010847066375504255,0.00551257486790746,0.1270549241268668,160,-0.11436289077443007,204
726,0.09066343578234637,0.04535168297545056,-0.10002388578122634,128,0.12470972361228405,341
727,-0.035993922898029496,-0.018072940480180932,0.08776467077478856,384,0.07832238256125379,208
728,-0.13393623516503794,-0.06679862207707288,0.14329075009828784,320,0.13999490653461066,81
729,0.0814685285492942,0.04071867480769242,0.0814685285492942,256,-0.08397391761960193,202
730,-0.25444834731359833,-0.12741261020312322,0.28381240279033193,128,0.21487250399897562,158
731,-0.08374909436273015,-0.04187494338540887,-0.08837315520270295,384,0.07154324001676571,112
732,-0.09298633520521093,-0.04658273822275305,-0.13184076329147842,128,0.11200159667964726,112
733,0.001751512786256626,0.0008435372928943252,-0.16876565130492338,128,-0.14093235937428972,166
734,-0.0005342681710089892,-0.00026840424811780395,0.11329072699095377,448,0.07877347885573727,197
735,0.1997493532718977,0.0999244140271287,0.1997493532718977,256,0.13960164696464972,346
736,0.10235759478251794,0.05127499034904304,0.10235759478251794,256,0.09662118955003507,390
737,0.038876856057129316,0.01916129917736953,-0.17987331827326614,128,-0.16172554682049167,185
738,0.02254967106844674,0.011168609306821509,-0.08052926468906207,384,-0.12255295801935517,180
739,0.11963804502340736,0.05990005213735117,0.11963804502340736,256,-0.14144614463111793,202
740,-0.011493845540599068,-0.005730584948253181,0.1254922868427002,320,0.09198199759094905,194
741,0.22744518194437546,0.11346888342927741,0.22744518194437546,256,0.1501024354838023,280
742,0.1741438984731758,0.08692880139534509,0.1741438984731758,256,0.09345021263487752,259
743,0.18382957499795793,0.0918832272183181,0.18382957499795793,256,0.09966779345353416,321
744,0.2418396166197283,0.12090812521535099,0.2418396166197283,256,-0.1835600267603752,238
745,-0.06013352197800259,-0.03022731319833838,-0.1157419277172167,64,0.1083534453198638,175
746,0.04827669165334214,0.024245364933392466,-0.16839013947787862,224,0.11935675140961166,350
747,-0.17632207563991642,-0.08843891579562069,-0.17632207563991642,256,0.13486136826634265,175
748,-0.2012884884722439,-0.10058664861418265,-0.2012884884722439,256,-0.13723908860993106,294
749,0.017510863280961075,0.008665784854770209,-0.11539702157813281,384,-0.07275596048276611,134
750,-0.14404923407062142,-0.07200640570678729,-0.1938324130815232,128,0.1437151557443741,126
751,0.2858797092054033,0.1429993669272278,0.2858797092054033,256,0.18740331797357612,320
752,-0.1505680326255856,-0.07521026802859865,-0.1505680326255856,256,0.14260119603724775,179
753,0.019289534718836876,0.00950331049551778,-0.16653529562825042,416,0.09979361231995654,478
754,0.021198251863722817,0.010571461127256043,0.14849172847630143,128,0.0936912198844766,404
755,0.14836726126532085,0.07433975646333124,0.21271439770868028,128,0.18544896270850586,396
756,-0.011469519675216588,-0.005553922655479937,0.04605061723157178,320,-0.044995839628199974,441
757,0.1984012385751157,0.09931468087489748,0.1984012385751157,256,0.14830655590105835,316
758,0.1417463396044525,0.07105723669334907,0.1417463396044525,256,0.1154393958540254,286
759,-0.021956751373238603,-0.010682409321191244,0.20812986370526687,320,0.13057534880823596,200
760,-0.03952290653424484,-0.01992345440947929,0.21089147774915773,384,0.1355166006555919,131
761,-0.004344536294041745,-0.002361616812322609,0.12805731622779604,384,-0.11046791102131692,335
762,-0.1285835035812113,-0.06416786136506403,-0.1324960730196807,128,0.12584158164617065,121
763,-0.04401085538768257,-0.02181261687189817,-0.18286101574290115,192,0.1221404976778615,190
764,0.23258342159488166,0.11634168214297347,-0.24563261814107307,128,-0.2521734522630652,176
765,0.046300133113220454,0.02312445759730508,-0.14669940018637817,128,-0.10147396134723863,133
766,-0.040254593325016685,-0.020075727519014208,0.13927207889850024,288,0.14899313349465615,235
767,0.01665868502345802,0.008324730158733473,-0.07798070790846623,480,0.06042764113846033,345
768,0.06691879102015719,0.03348094390469214,0.08538361066109701,384,0.10304900168324593,395
769,-0.21677931904247316,-0.10853835299491266,-0.21677931904247316,256,-0.14077143985741714,274
770,-0.24134149117924153,-0.12055352035775968,0.3347158974073636,384,0.24452471118738117,141
771,0.4093340376928154,0.20453737171555986,0.4093340376928154,256,0.2046043680091998,260
772,0.15324288298626243,0.07660486653941234,0.15324288298626243,256,0.11709695543265752,300
773,-0.34143578567432087,-0.17076483532196107,-0.34143578567432087,256,0.18111026406796782,189
774,-0.17415302117120746,-0.087124439867722,-0.18124040803860453,320,0.16125285745511064,171
775,0.0422157608190048,0.02123166673888477,0.11580148973013138,128,0.08173533258354837,426
776,-0.10385592086706197,-0.05163042184216238,-0.10385592086706197,256,0.09908431472581469,213
777,0.15453669517395952,0.07755267018208656,0.15453669517395952,256,0.0976465334031218,464
778,0.2691797895852801,0.13438894620668407,0.2691797895852801,256,0.19729306902183907,300
779,-0.1638978984545929,-0.08204549256160476,-0.1638978984545929,256,-0.10355197396438598,279
780,0.10406162795055707,0.05200960061029036,-0.118025012456485,448,0.1141382413742349,302
781,-0.020682012535615968,-0.010264684345060004,-0.164615956665628,128,0.08908251216098506,111
782,0.2250972685792476,0.11231371698255543,0.2250972685792476,256,-0.17368857903156254,130
783,-0.22779275650583486,-0.11407240850962808,-0.22779275650583486,256,0.13615598655249528,211
784,0.13906065579809024,0.06980956005483563,-0.21994830440485202,384,0.20344588634304728,362
785,0.10435367399563233,0.05206443520944504,0.10435367399563233,256,0.10063293326635403,290
786,0.21214077343029203,0.10634348894373602,0.21214077343029203,256,0.1324188425447801,332
787,0.5197973927046746,0.25982166050022215,0.5197973927046746,256,-0.27765089303963464,246
788,0.20695878923967825,0.10348984240243908,0.20695878923967825,256,0.16519008141114,301
789,0.020443351217267036,0.010231518594736144,-0.0753245801211051,320,0.07245796613023003,316
790,-0.08513851244447324,-0.04267814975383999,0.21126853555257696,64,0.1830874493237502,193
791,0.018325558945321063,0.009368864783510844,0.12643533129796936,128,-0.0945533397443441,54
792,-0.10425495436859933,-0.052162260780306724,-0.19544828711636342,128,-0.15846413810703552,425
793,0.09088407311827496,0.04531103930020208,0.09088407311827496,256,-0.07511155885492826,94
794,-0.2593190064502835,-0.12950763301228108,0.2594338513541743,384,-0.2151603229023067,371
795,0.016647938569690268,0.008653770183400411,0.12903681581821047,192,-0.11020202340895935,170
796,-0.15565568326803714,-0.07806290281763495,0.2935210849261267,128,-0.20141095454857805,367
797,-0.18947313883586503,-0.09474305223278634,-0.18947313883586503,256,0.12411502629598203,122
798,0.04912562525004205,0.024618892552723537,0.12838933282216658,288,0.09487772913848858,416
799,-0.07408063726296632,-0.037007259280699145,-0.22019208732707796,128,-0.13430111484018425,387
800,-0.0636289875183138,-0.03180490402345981,0.13301859128786475,128,0.11000153921222022,143
801,0.0461569944260134,0.022836785637878165,-0.12388513555322334,480,0.11918236874396371,474
802,0.14254337846452358,0.07145461899875727,-0.24607802197685658,128,-0.16650781326165998,160
803,0.06044768057799388,0.030234828049088946,0.06044768057799388,256,0.06840531384358428,332
804,-0.26293464829606705,-0.1313659189416967,-0.26293464829606705,256,0.1354710568915607,199
805,0.03762327079533634,0.018958069222861695,0.10823131857046064,128,0.09681931465166826,411
806,0.04561999954347584,0.022785896237564884,0.04561999954347584,256,0.06768607024122275,279
807,0.047965304326936575,0.02389777816216565,0.047965304326936575,256,-0.059092659704617745,114
808,-0.18610550134093273,-0.0929871515475611,-0.18610550134093273,256,0.12450767176892441,148
809,0.03818761551889338,0.01908375031973719,0.08848089045881125,384,0.08380323293653191,395
810,-0.20569383819648124,-0.10297302320969948,-0.20569383819648124,256,0.12802030708954248,250
811,0.07611652261920199,0.03818129797326719,-0.08032777729874852,128,-0.11913459309090513,168
812,-0.10591541970026697,-0.05299086960920363,-0.12180739229910387,384,0.12103680077650836,108
813,-0.058440329945767644,-0.029148116784028844,-0.17049498554194997,384,0.12424533248898229,119
814,-0.3650971331364872,-0.18264033185499784,-0.3650971331364872,256,0.2691177694828184,202
815,-0.23266297285826454,-0.11620857054978728,-0.23266297285826454,256,0.16553823939176482,234
816,0.11250271194603556,0.05644804745290344,0.11250271194603556,256,0.11378178630275215,328
817,-0.20464729348623223,-0.10243861922234032,-0.20464729348623223,256,0.1845071320235263,225
818,0.03944615440406096,0.019502277935771417,-0.13882939277510786,384,-0.11087545117254649,176
819,-0.011804531386871986,-0.006057312524660574,0.10470965317261971,384,0.08681421513739451,200
820,-0.11803318813613828,-0.05924119450338594,0.19978046966332386,384,0.15768917643578106,149
821,0.00547776636616959,0.0027748891225201078,0.21916155335145504,128,-0.1413973165082325,120
822,0.012932312054118711,0.006630813765639232,0.07895321046328263,128,-0.10627251339522559,72
823,-0.18930220428725875,-0.09478520479663644,-0.18930220428725875,256,0.1374867733202052,217
824,0.02346572576931294,0.011645604523266684,0.20840570633220068,384,-0.131566565329706,86
825,0.20881516783606457,0.10410745005628996,0.20881516783606457,256,-0.14436923927928547,93
826,-0.18840214723724102,-0.09419064875712024,-0.18840214723724102,256,0.10766696783483098,253
827,-0.2147972965041447,-0.10716562865499668,-0.2147972965041447,256,-0.15700544833782715,315
828,-0.17801919732087867,-0.08917057277835738,-0.17801919732087867,256,0.09704102943615567,213
829,0.05187509142038493,0.02604854931072964,-0.3350511200017081,384,0.20939315393400193,367
830,-0.1004318136210145,-0.05023209496295067,-0.1004318136210145,256,0.09779641437634723,169
831,0.10302501430962252,0.051590961498618526,0.22089973438647803,384,0.15780977431370502,390
832,-0.02234550775756361,-0.011266851560492341,-0.26297421163958745,128,-0.16157470309576638,419
833,0.21780112465910406,0.10884032795451049,0.21780112465910406,256,0.14074875453246705,294
834,-0.15347414994622,-0.07656865554915271,0.16091266257927828,384,0.17827044355030353,156
835,-0.043263888548352725,-0.021583493864511638,-0.12453907938402153,384,0.0894214758472458,94
836,-0.0030693523143554557,-0.0012930127375057054,0.2598280560280273,192,0.14659650024736948,204
837,-0.014477291942284864,-0.007282833227066021,-0.17135409691839243,128,-0.10641839161951339,403
838,0.14867314627360884,0.07446479222573998,0.14867314627360884,256,0.11651229683263864,358
839,0.09155947807340681,0.04563527325240102,0.2467674717310615,128,-0.14823049892373774,124
840,-0.06537957288290386,-0.032858274505713325,-0.13233544612398873,448,0.13701397893521516,163
841,-0.04563510307997376,-0.022843691269883948,-0.13355848174364837,32,0.09906345815809914,155
842,-0.08291218743124773,-0.041403544996512665,-0.1807313319713444,448,-0.1610749928152586,337
843,0.1429676428192579,0.07153219752828477,0.1429676428192579,256,-0.10981732847636749,183
844,0.08031732294287508,0.040290638489096864,0.14696110120058847,384,0.12427694008698609,398
845,0.19528629652825202,0.09760600922510321,0.19528629652825202,256,-0.12268116493945058,226
846,0.12931103775190422,0.06461233267003763,0.12931103775190422,256,0.09742530331232047,300
847,0.029120939250873334,0.014792282576109983,-0.1647342082128489,384,-0.10121856349604741,129
848,-0.05098936077348526,-0.025739541452480807,-0.1366812719368795,448,0.13579401681630543,183
849,0.29462673371881465,0.14727739948096996,0.29462673371881465,256,0.15207135599411004,258
850,-0.269136117824047,-0.13451321680679484,-0.269136117824047,256,0.19684876986525524,245
851,-0.009758471131334545,-0.0049579699271475874,-0.10105945979273656,288,-0.1374688553343617,420
852,-0.19277913933046875,-0.09618573868993963,-0.19277913933046875,256,0.09912596280182129,223
853,-0.31438801383296777,-0.15696323860214534,-0.31438801383296777,256,0.18491463551237075,251
854,0.22839719046547202,0.11419115255142742,0.22839719046547202,256,-0.14021815821183736,211
855,-0.3008569063658797,-0.15096491199301454,-0.3008569063658797,256,0.181879859295492,232
856,-0.14615115791744415,-0.07325323724336386,-0.14615115791744415,256,0.11008354175291402,227
857,0.09173623804571207,0.04601732950501969,-0.13770277608779224,384,0.1345391562616669,298
858,-0.015930130434895773,-0.00784058503498386,-0.13752884571391633,288,-0.11184056997097969,421
859,0.037655743491853855,0.019141330493425812,-0.059917003984025996,352,-0.07111543022199385,234
860,0.13822890588812697,0.06906508871844608,0.13822890588812697,256,-0.10545153100105153,188
861,-0.24145094900057984,-0.12065557521279402,-0.24145094900057984,256,0.1792781588981427,157
862,-0.31243065912676116,-0.1563883761455429,-0.31243065912676116,256,0.19524071744893945,154
863,0.2590825941863102,0.12968581489701592,0.2590825941863102,256,0.16835011322893934,294
864,0.01756998785586461,0.00890426982115855,-0.06296627848627168,384,0.08051743555029134,341
865,0.020491006128622757,0.010183635591317852,0.024964964873220197,328,0.03535838795426116,313
866,-0.13806031810025843,-0.06927572821751937,-0.14444510616817752,384,0.12786830617031342,106
867,0.09292223026884017,0.046606951506731775,0.1282783522606863,64,-0.11339577773398446,178
868,0.042784684785999616,0.021422275013890157,-0.10351400128175214,128,0.11541721267303728,337
869,-0.08530594034141359,-0.042596998045951295,-0.17044406523820044,128,0.11163089097198053,122
870,0.009420584742343863,0.004417745789567107,-0.18885282964666317,192,-0.13728442148786257,196
871,0.1522187972388167,0.07638531470453813,0.1522187972388167,256,0.15182897971544662,297
872,0.18203740018458348,0.09103433275723205,0.18203740018458348,256,0.17054780265675618,424
873,0.15009995665363363,0.07514470988832045,0.22176389232976135,384,0.15084781077734988,385
874,-0.002143283264388174,-0.0008205049025207245,-0.26133352681324595,128,-0.15792731728618037,397
875,-0.03653207105432443,-0.01831159739498389,0.3397827714772461,384,0.1849130832979995,129
876,-0.24396016942196752,-0.1218652548578234,-0.24396016942196752,256,-0.21952474921715748,345
877,0.11032411713074453,0.05526212787086138,0.11032411713074453,256,-0.09380271524071304,228
878,0.010382233871155222,0.005167188449092919,-0.06996556455027303,416,-0.08132505240747889,101
879,-0.15911096668338587,-0.07944935436574951,-0.15911096668338587,256,0.10472086534556979,243
880,-0.1336897914965789,-0.06673841043217976,-0.1336897914965789,256,0.11010471162626345,198
881,-0.15613094676967876,-0.0783062240820982,-0.15613094676967876,256,0.14115398771093624,199
882,-0.18525911817255292,-0.09247499210408705,-0.18525911817255292,256,0.15925257759789702,179
883,0.03472253063159769,0.017357563371547258,-0.06930107190481749,320,-0.08354323516425666,214
884,-0.08345729768575438,-0.04181324085828919,-0.08345729768575438,256,0.07639918434395554,113
885,-0.06082254771473572,-0.030355848644148864,0.08316772854027477,352,0.08800062359064498,115
886,0.18615867498502325,0.0930939770532575,0.18615867498502325,256,-0.13750928340550672,212
887,-0.02944304316167745,-0.014578562255223915,-0.06159612684024296,128,0.06660194189673518,110
888,0.10153547952404551,0.050648908006792226,0.10153547952404551,256,-0.12475077549939328,204
889,0.037605078259417724,0.01868323403635941,-0.056472048436724265,64,-0.07746440505513874,202
890,-0.11127213747346332,-0.05556954236726597,-0.11127213747346332,256,0.13949215146209326,162
891,0.12463517851625738,0.0622976033682221,0.14713206847495996,128,-0.12341411687182813,102
892,0.048736637605372835,0.024482108327902097,0.08546466701335476,320,0.11828523267735136,370
893,0.32933421266562846,0.16429213509871943,0.32933421266562846,256,-0.2099407513529883,120
894,0.03911259034560999,0.01984952319830313,-0.10412172884963411,416,-0.10759128523579875,234
895,0.19764049527648808,0.09873836670078617,0.19764049527648808,256,0.1345572212484285,276
896,-0.061381669100256886,-0.030529540591572868,-0.1082995076707789,320,-0.11268444593008553,455
897,-0.06570033639528106,-0.03287703508075879,0.08531091929143031,128,0.09135857969471317,162
898,0.16041166570710175,0.08009434866715992,0.16041166570710175,256,-0.16283259758432678,98
899,-0.1780906143943639,-0.08909505993636913,-0.1780906143943639,256,-0.16374375019654508,311
900,0.011997753059063143,0.00587077799070812,-0.17921163172695742,384,-0.11492400427877669,134
901,-0.16045974833932064,-0.08029993696686688,-0.16045974833932064,256,0.16854539480300446,195
902,0.20197975274584223,0.1010809504753638,0.20197975274584223,256,-0.16184972106211148,228
903,0.03747482907840549,0.018571756686469598,0.03885228250982209,384,0.0383205517538272,434
904,-0.20279828795980848,-0.10154964698313051,-0.20279828795980848,256,0.13706710033616787,202
905,-0.24812863963276754,-0.12402857402713607,-0.24812863963276754,256,0.15565892647001078,245
906,-0.06628068018994782,-0.03295676862248342,0.08614535048791083,128,0.08437368636700171,163
907,0.09279651147437562,0.04639081570348935,0.09279651147437562,256,0.08829176204812939,304
908,0.045391001618241944,0.022618558534247768,-0.06523678922718545,320,-0.0651112552751556,225
909,-0.0273289051576171,-0.013801439719884456,0.10403591006092938,384,-0.1024315754377767,369
910,-0.10815562192630068,-0.05400756740749557,-0.166889065643403,128,0.13628657902985708,88
911,-0.0010405953180452343,-0.0005657790782152006,-0.1349701126484888,384,0.09149971580254146,102
912,0.015579608524348032,0.007684361226608871,0.13890047507052827,128,0.09715891835259072,448
913,-0.10006793907996325,-0.05024553134018106,-0.10006793907996325,256,0.08901133709281339,150
914,-0.28534779334438554,-0.14250814087549202,-0.28534779334438554,256,0.19898058421125597,163
915,0.06909951633849687,0.03481278103785712,-0.07827295296107195,64,0.0980416248256688,284
916,0.33168981779152773,0.1658352177685174,0.33168981779152773,256,0.22689226197439893,282
917,0.19145825491537494,0.09564042023640695,0.19145825491537494,256,-0.12300382535684662,215
918,-0.2949885874110123,-0.14721850365424416,-0.2949885874110123,256,0.16172950380209272,239
919,-0.06049215311341527,-0.030297334985931457,-0.06049215311341527,256,0.06336985706883524,177
920,0.008207676116228413,0.003986071646806977,0.06424403500984965,128,0.07760335539893504,412
921,0.08121887789852167,0.04038471038660418,-0.08640189913325713,64,0.10912277824388639,440
922,-0.1864541645270208,-0.09321813377249555,-0.1864541645270208,256,0.1265469808653279,174
923,-0.26877143834215644,-0.13439929309365084,-0.26877143834215644,256,-0.17711377066791556,392
924,0.2248778661954134,0.11248377147231281,0.2248778661954134,256,0.17367737090938817,304
925,-0.09436238621594839,-0.047290891055865814,-0.1766821911731995,384,0.12946266098995807,105
926,0.4673404522903297,0.2337548702429615,0.4673404522903297,256,-0.27094760356601455,179
927,-0.0005612236966214823,4.4595272015612863e-05,-0.08063270821986634,144,-0.07261416747363114,88
928,-0.025460057626503385,-0.0127552145540335,-0.09400538586049834,320,0.07837829200875035,55
929,-0.05880329117985639,-0.029403153823921002,-0.05880329117985639,256,0.04364300911002772,109
930,0.23569430867013352,0.11806393929671799,0.23569430867013352,256,-0.15191649620192038,246
931,-0.2606241121698929,-0.13017805670938287,-0.2606241121698929,256,0.16678455642124845,250
932,-0.16099974952956586,-0.08037271410506719,-0.2664441971343763,128,0.1872563407704888,105
933,0.19121324808219242,0.09551873272755529,0.19121324808219242,256,0.1932470809321103,404
934,-0.04431055137592921,-0.02245876540160907,0.11747789059950264,128,0.08639403593923589,210
935,0.08336142932455459,0.0416353422064617,0.08336142932455459,256,-0.059961732116533994,174
936,-0.015633441905833934,-0.007797898759463351,-0.051343282521827405,272,0.06655145087322012,77
937,-0.17207291312516304,-0.08592282216335434,-0.17207291312516304,256,-0.13539044825296287,291
938,0.12352492652482283,0.06162612454374994,0.12352492652482283,256,0.0944653898541219,352
939,0.1146246643220934,0.057475560614335564,-0.13088283078928953,320,0.16123673265713023,314
940,0.04394987706933762,0.021851450428300723,0.18106517188118687,128,-0.1666014890593175,97
941,-0.11899125968290036,-0.05955541980139856,-0.12636391598002206,64,0.11660254836786521,184
942,0.0653422793302525,0.032653405503197064,0.11527078541109859,384,0.09398920127802057,432
943,-0.1906844996870234,-0.09536184642220746,-0.1906844996870234,256,-0.1382575946025213,357
944,-0.1348227634646264,-0.0671837744211814,-0.1348227634646264,256,-0.13156034197425015,356
945,-0.12529945336456194,-0.06265813002880805,0.13147285888021543,384,0.12523656321886278,139
946,0.02713660633685322,0.013525985101694005,0.12795635003261907,128,0.1133886525097978,398
947,-0.04761258144560543,-0.02390545135733646,0.10349307966941979,192,0.06457503846826285,192
948,-0.10197696568974379,-0.0512003748676193,-0.10197696568974379,256,0.10450855520275582,154
949,0.04563496374908027,0.0228527224153936,-0.1537484698960725,384,0.11560973568435884,278
950,0.1966881616053513,0.09841551805368454,0.1966881616053513,256,0.19376166231677416,428
951,-0.022477227867256033,-0.011382824554630133,0.14919383873802872,384,-0.12423750030478686,345
952,0.14171072841574528,0.07066803372271124,0.14171072841574528,256,0.11793506723205383,337
953,0.11370852875182891,0.05693699856297485,0.11370852875182891,256,-0.0967856864893406,212
954,0.26765729157688156,0.13353423653319396,0.26765729157688156,256,-0.16152642901164427,221
955,-0.11264569464017882,-0.05619070592359776,-0.11264569464017882,256,0.10459059776951563,211
956,0.04215520556215324,0.02086375626060999,-0.24286249628187306,384,-0.1869124303576939,142
957,0.4249130069431999,0.21219818377329602,0.4249130069431999,256,0.241303625647447,270
958,0.0012810560808134142,0.0005905094718627879,-0.30868323466593495,128,-0.15478424036490424,129
959,0.039177864258533646,0.019561716987539057,-0.05318285898881925,96,0.05695392342283867,472
960,-0.022410655406417845,-0.011003959558166798,-0.0730368198687188,384,0.05740718447924564,93
961,0.11677942100948258,0.05840700798168541,0.11677942100948258,256,-0.1332820729062405,180
962,0.07036283092435269,0.03505537857836316,-0.19707325016514687,192,-0.13002655320822498,68
963,-0.002117295085298565,-0.0007719783684478898,-0.039936630268982753,344,0.030000277470662695,134
964,0.16851224321629843,0.08416234100099018,0.16851224321629843,256,-0.1762828295193799,168
965,-0.2500486922920402,-0.1250516058135247,-0.2500486922920402,256,0.21045465211270198,219
966,-0.22441932685461552,-0.11230170831186115,-0.22441932685461552,256,-0.1423365916893431,325
967,0.01581190733799076,0.008070654846022762,0.04568389048552035,360,0.049152122221869377,328
968,-0.03262955267018697,-0.01663083073776761,0.08998269700202854,384,0.10544532942105889,201
969,-0.09341981147591127,-0.04653775149830608,-0.18108654196672092,128,0.1308548577009674,119
970,-0.1270357672433704,-0.06338797849431899,-0.1270357672433704,256,0.14586821484948587,178
971,0.1169709476662888,0.05823618124713903,0.1169709476662888,256,0.10829163340525838,314
972,0.1798369456059845,0.08974820371929582,0.1798369456059845,256,-0.16011153273319678,222
973,-0.056715965805892665,-0.028534943147121794,-0.12120324987353115,320,0.12666682580595534,157
974,0.14260008408783165,0.0715662561055126,0.14260008408783165,256,0.11487442284271765,322
975,0.03534349050684682,0.017844738117588577,-0.1704628429041577,128,-0.191135836503463,173
976,-0.2996685037228133,-0.14977969500162658,-0.2996685037228133,256,0.17332896430332312,249
977,-0.04213943301982681,-0.0210406780756216,0.1347558861168352,64,0.10642459835742102,194
978,0.19025536100599538,0.09519461700637066,0.19025536100599538,256,-0.15308248378352118,216
979,-0.22536908689721713,-0.11254371452162104,-0.22536908689721713,256,-0.13831406964891357,385
980,-0.22321252645042478,-0.11135816436490131,-0.22321252645042478,256,0.17021256268867546,83
981,0.16728560688812877,0.0837115768281933,0.16728560688812877,256,0.10435901943941417,280
982,-0.25149389920812837,-0.12597032480917392,-0.25149389920812837,256,-0.18095431671349615,385
983,-0.36395859048715806,-0.18193806693480497,-0.36395859048715806,256,0.18955791544172484,221
984,-0.024631624767238236,-0.012276009157091039,-0.04300283172631225,128,0.042770965337993516,60
985,0.11054948226114902,0.05513240664231489,-0.1460864894541487,320,0.16315690968013996,302
986,-0.1452542254667435,-0.07278951084128948,-0.1452542254667435,256,0.1372118734968808,165
987,0.12492830148292455,0.06264386178014547,0.12492830148292455,256,0.09747801261590894,294
988,0.19117146276127528,0.09557141669034763,0.19117146276127528,256,-0.17787426110459137,220
989,0.14415590517415922,0.07203928602689302,-0.1556021624400188,128,-0.15394114598086617,221
990,0.036692952647968013,0.01832336586733163,-0.15954933416880124,128,0.15333971215193287,350
991,-0.05458568385850526,-0.027526747252068162,-0.17987765998412897,128,0.1428997814275732,75
992,0.03282455617784308,0.016093426072700368,0.07372984868425192,192,-0.08203435055892783,173
993,-0.013810455608734173,-0.0068918268189861465,0.088272475979295,320,0.08270921532226794,228
994,-0.46491409999450184,-0.2324166910653389,-0.46491409999450184,256,0.25103151246273114,239
995,0.29800687605950316,0.14893688299940777,0.29800687605950316,256,0.23822655949044247,396
996,0.1259775857881209,0.06280696088475679,0.1259775857881209,256,-0.08195649760875767,228
997,-0.05946222002725676,-0.0297373098395326,0.11295810979538601,384,0.11134807635349375,163
998,-0.14324411233019418,-0.07168305653144103,-0.14324411233019418,256,0.16302903928612977,235
999,0.12032104575095559,0.05993302093094144,0.12032104575095559,256,0.09936894009871367,294
1000,0.10232498260711509,0.051372021743304686,-0.20542214965479388,160,0.19144318029725582,350
1001,-0.22306222738043857,-0.11179439467554175,-0.22306222738043857,256,0.1672906744400109,233
1002,0.2615095669467564,0.13088234262465903,0.2615095669467564,256,0.1470603484339108,266
1003,-0.06915874904262864,-0.03474215551057114,-0.06915874904262864,256,0.08570296183702908,113
1004,0.053206298259908635,0.02634045472706248,0.053206298259908635,256,0.05768100710452018,276
1005,-0.15275035259105607,-0.0763505858003839,0.2976000622036281,384,0.20626773867684278,141
1006,-0.11565880931019024,-0.05785291027379458,-0.19028029852478312,384,0.12814806943514157,125
1007,-0.10283742745016866,-0.0512736472874451,-0.10283742745016866,256,-0.09417350901327382,330
1008,0.08403322342087449,0.04197568121423956,-0.10577514989535075,320,-0.11664082550069566,204
1009,-0.08038059932303554,-0.040238399233743394,-0.08038059932303554,256,0.05715700025976389,167
1010,-0.30980067521423393,-0.15487463255203693,-0.30980067521423393,256,0.1584092752283368,219
1011,0.38321641859940314,0.19185908977939903,0.38321641859940314,256,0.21451025336983776,302
1012,0.12190477211396455,0.06103882042052078,-0.1448783175982271,320,0.12861235560433215,315
1013,-0.2176114634717976,-0.10883043986629559,-0.2176114634717976,256,0.1378827639014446,234
1014,0.11613302634515321,0.05828254496987029,0.11613302634515321,256,-0.11345545349018948,184
1015,0.023048943154236667,0.011530282704569572,-0.06454732434906418,32,-0.07073864830545062,226
1016,0.28425057937968745,0.14211171396198097,0.28425057937968745,256,-0.19057524471998022,207
1017,-0.11391284395949697,-0.057387211947741434,-0.11391284395949697,256,0.11870711901875097,149
1018,-0.24339430668925388,-0.12199924498747805,-0.24339430668925388,256,0.20116259634571065,187
1019,0.08186749509457059,0.04110778324073294,-0.14914919092575474,288,0.10067695782043984,413
1020,-0.2280404064930508,-0.11373571490827317,-0.2280404064930508,256,-0.16383377979769875,279
1021,-0.08134319210569174,-0.04068839408617464,-0.08134319210569174,256,0.08336326349490264,236
1022,-0.33931525376158334,-0.16982884247957486,-0.33931525376158334,256,0.2282427877804878,229
1023,-0.12238398571832931,-0.06115852699798552,-0.12238398571832931,256,0.14990635765875027,151
1024,-0.31491049091661694,-0.1574324397723217,-0.31491049091661694,256,0.17544873091071622,222
1025,0.11111140990888657,0.05534901467007103,0.11111140990888657,256,0.10256899872899794,408
1026,0.15108575511072786,0.07574259444066911,-0.20968201953195376,128,0.17853511632569052,370
1027,-0.12914637397193474,-0.06473190627872327,-0.12914637397193474,256,0.12033953243579276,182
1028,-0.06015363868533541,-0.03021461712285145,0.16225985348718552,128,0.11650147643842956,150
1029,0.05651537271231177,0.028288707326396434,-0.07308611140740595,40,-0.0974554047342906,217
1030,-0.03837808753308991,-0.019334146885739756,-0.10738910776508703,128,-0.08153184967784455,387
1031,-0.08886941073174626,-0.044194050216731284,0.1950071147834933,384,0.14796973090511756,138
1032,-0.029918245171842273,-0.01504941522551917,-0.06320414889256654,328,0.051337001486160716,181
1033,-0.10792486942855817,-0.05412535817987418,0.15870967534746683,128,0.1525282684460194,150
1034,0.1542303477415885,0.07703405643513861,0.1542303477415885,256,0.0972707884304782,264
1035,-0.11661141575592637,-0.058178875112048445,-0.21376107114286924,64,0.15676074394241368,190
1036,-0.20451136372557244,-0.10249640565649543,-0.20451136372557244,256,0.18913228638419355,175
1037,0.04935909033156349,0.024411334507590254,0.04935909033156349,256,0.04273850462425344,339
1038,0.21283864228894345,0.10657880529547015,0.21283864228894345,256,0.13361744423286837,274
1039,-0.21189258155445145,-0.10601938252560217,-0.21189258155445145,256,0.1859686399916427,175
1040,0.07232592958470718,0.03637982280670826,-0.09294761800043716,128,0.07968941968584886,314
1041,-0.0998085561655273,-0.04992825800187006,0.19228573862801568,128,-0.14629839480500095,341
1042,-0.28371891370508706,-0.14170236741406939,-0.28371891370508706,256,0.1574578438865899,243
1043,-0.027379304374818503,-0.013818413960336784,-0.08798374206662629,384,0.07260087541922644,58
1044,0.0947706556789285,0.04733856317602658,0.0947706556789285,256,0.08540150142346192,390
1045,0.12609068563278925,0.0631816939482519,0.13676870324161428,384,0.1001115497268188,384
1046,0.27232994648556996,0.13625227283455388,0.27232994648556996,256,0.1552323942899534,400
1047,-0.025525697590239815,-0.012773330987499776,0.09307636810461872,448,0.0991929364073485,201
1048,-0.004095840944557949,-0.0020341096592915164,0.2974221632714489,128,0.16285834458781778,137
1049,-0.3119015210523912,-0.15604732088968376,-0.3119015210523912,256,0.1801271695354103,123
1050,-0.1479817203562277,-0.07397235662833168,-0.1479817203562277,256,0.12780913741383415,168
1051,0.019944565735471542,0.0097630102010271,0.2214520758806202,384,0.12048067396085571,386
1052,0.024464162529341138,0.012229397203213921,-0.21812946170446423,128,-0.13866761764668922,134
1053,0.10759632783216944,0.05370943249602078,-0.16297094614228058,128,0.1304278563990806,349
1054,0.10033986089018754,0.05010191895883054,0.14897604036434586,384,0.1356024351848646,393
1055,0.08098402811603478,0.04036394866687942,-0.1633761647950962,128,-0.13133892698760974,156
1056,0.14952005386766132,0.07502231552149397,-0.16625258197167625,64,0.17278195863934798,313
1057,0.03511808746463885,0.017660356238167196,-0.11263180586524868,352,0.1101535863749632,412
1058,0.18610924566050357,0.09299961106194132,0.18610924566050357,256,0.1467580295135349,410
1059,0.06691827199787781,0.03358310615439564,-0.08318367726434417,272,-0.11526558528647968,84
1060,0.0070095730316097615,0.003423963006412123,0.07452069348579471,352,-0.06626529495292743,214
1061,-0.037480408983782354,-0.018965796877012053,0.11671677959714089,384,0.0751339641798836,153
1062,-0.04696255646382497,-0.023341143528540442,-0.09103892175556894,352,0.0752799625956051,29
1063,-0.04293507890579917,-0.021495491219724272,0.07206130651479725,400,0.08887858614519928,147
1064,-0.03301539328518288,-0.016661826468521213,-0.07264184628462544,384,0.06788067832752631,75
1065,-0.09845629784155108,-0.04908197697051264,-0.09845629784155108,256,0.11159544342689287,201
1066,-0.020328332105492564,-0.010374122893495041,0.09562028133109379,64,0.09541149682485184,89
1067,0.13264784117447448,0.06646787381652075,0.13264784117447448,256,-0.0842530327198574,244
1068,-0.17162590027527358,-0.08585103149877682,-0.17162590027527358,256,0.11029616867705272,145
1069,0.13424118601355417,0.0670375630410831,0.13424118601355417,256,0.09130416506087613,481
1070,0.07817611662767376,0.03926658231802094,0.09662268803646157,128,-0.09624947514777205,89
1071,-0.197629244177989,-0.09874162364349104,-0.197629244177989,256,-0.14102404971424676,328
1072,0.02026135936466744,0.01026044910659607,0.1487410159928686,128,-0.11903550622041337,114
1073,0.000987699550336174,0.0005357365948555071,-0.0897157790412848,232,0.08075212212185079,423
1074,0.12933929129309263,0.06472442395136113,0.17124097923625925,128,-0.14497046014628978,50
1075,0.25948115088226587,0.12967526984374445,0.25948115088226587,256,-0.1461833042904459,238
1076,-0.048772367104760406,-0.024204351775921396,0.1275013624638177,96,0.13651629453303826,164
1077,-0.060316067406432694,-0.03006654910444695,-0.1299833453562087,384,0.08832087545694378,124
1078,0.06879611736079028,0.034472522710132125,0.06879611736079028,256,0.08031312287818082,440
1079,0.07800783395691724,0.03889806420374953,-0.2612990073214263,128,-0.1502043885372899,128
1080,0.32868232247238893,0.1643394173413526,0.32868232247238893,256,0.20184544412444438,264
1081,-0.07599104908214827,-0.03792080130352815,0.16515495418408932,128,0.13211039038418448,137
1082,-0.02578451902761003,-0.013178718785013643,0.12872000008161422,64,0.08374826634720023,67
1083,-0.0011725660175159192,-0.00045728527888400095,-0.11522491950869096,128,-0.0817692335075435,400
1084,-0.05677261994418359,-0.028337873060650054,0.05935251218545545,224,0.09714260197026192,167
1085,-0.08015823423588131,-0.04025876015560925,-0.08015823423588131,256,-0.09748646469188316,345
1086,0.007809531237882084,0.004078207450021409,0.17028525073297374,128,-0.16203864452239714,94
1087,0.1917273822932657,0.0961368938557996,0.1917273822932657,256,-0.13479441697685957,168
1088,-0.22386311993150798,-0.11181848683526141,-0.22386311993150798,256,-0.11969289072413858,304
1089,-0.01532891779476131,-0.007469323206805711,0.08518388895245721,128,0.07840566928862813,155
1090,0.022590732704742322,0.011260363942028562,-0.053635881936656915,288,0.05169077638390718,286
1091,0.029766376607540224,0.014876146291499026,-0.19688746406069413,320,0.1414550358998099,439
1092,0.14273615263829242,0.07132930015615102,-0.33543078388083813,384,-0.21395161972495202,142
1093,0.3983584742142625,0.19913583769334764,0.3983584742142625,256,0.23240770066576033,268
1094,0.2027106208255418,0.10144464003366238,0.2027106208255418,256,-0.1329816144547067,222
1095,-0.02969081747730229,-0.014994615662430988,-0.1558647588373958,128,-0.11701239143195608,424
1096,0.1638205343288064,0.08200301334690607,0.1638205343288064,256,-0.1379464777320436,228
1097,-0.09934661452246019,-0.049633967274218094,-0.09934661452246019,256,0.13115418438692927,202
1098,-0.21865501680392185,-0.10939606763525944,-0.21865501680392185,256,-0.18456341860007797,328
1099,0.18710939608689614,0.09313247458322849,0.18710939608689614,256,0.13319683909867308,299
1100,0.033277251352132,0.01666570417881985,-0.16020865248069072,128,0.09464404969855877,314
1101,0.17566380569442686,0.08797827208624653,0.1958774357449613,128,-0.1574093441568749,115
1102,0.06830869891393831,0.034237128903839675,0.06830869891393831,256,0.065091092445698,406
1103,0.17097284996626172,0.08529629535388494,0.17097284996626172,256,0.13039152411454324,314
1104,-0.008242999729446865,-0.004037283929392288,0.08473479605464718,64,0.09669074023307189,203
1105,-0.06379673246522088,-0.03181071134426361,0.13132475139394728,128,0.14799308883539197,158
1106,-0.29538180251719837,-0.1475313123936246,-0.29538180251719837,256,0.191837147457818,245
1107,-0.02942871198337116,-0.01497023599614522,0.07675996700288579,224,0.08160607894912175,97
1108,0.2923152957941966,0.14603653392714477,0.2923152957941966,256,-0.1687634812940928,176
1109,0.16612040217651725,0.08292338799748222,0.16612040217651725,256,-0.12031455475388952,246
1110,-0.1907718108620884,-0.09533868158291625,-0.1907718108620884,256,0.1330273308874439,94
1111,0.016040763662715563,0.008149419761650734,-0.14185706331528536,320,-0.11746275505191761,209
1112,0.2169499237634227,0.10847103968683314,0.2169499237634227,256,-0.11941566619439925,111
1113,-0.15005102195630116,-0.07505861540920478,-0.15005102195630116,256,0.14800904383892544,202
1114,0.30254429040752484,0.15129193260924012,0.30254429040752484,256,0.1644728593327045,288
1115,0.00802244654499873,0.004178908308034579,-0.06893808982391647,128,-0.06917199239762795,202
1116,-0.09669772585550618,-0.04866932483292885,0.19082284533305938,160,0.19385033576429578,165
1117,-0.08113571223591975,-0.04040133306673965,-0.08113571223591975,256,-0.06050711158906097,461
1118,-0.18003561591009998,-0.09014847596822051,-0.18003561591009998,256,0.147741109695545,168
1119,0.26443939087025115,0.13243353863580865,0.26443939087025115,256,0.21431838168882678,289
1120,0.12856093368617394,0.06413634417634739,0.23515557637745133,384,0.153556075344909,416
1121,-0.1345972854767865,-0.06737360699776218,-0.1345972854767865,256,0.09343773659173849,222
1122,0.08861853859505686,0.044171998240528865,0.08861853859505686,256,-0.08754614890699486,93
1123,-0.3700378806986464,-0.18526900177630523,-0.3700378806986464,256,0.2329789730718801,200
1124,0.03250390890545418,0.016233507186314,-0.19397520965725334,192,0.14625991541839767,439
1125,0.08752459358294118,0.04364766515868723,-0.25507747329965014,384,-0.22553776081434762,204
1126,-0.2152281592602776,-0.10763302191043067,-0.2152281592602776,256,0.20426017325939938,181
1127,-0.029091710688931016,-0.01456355361591477,-0.18499343239960808,384,-0.10501489070537673,401
1128,-0.07978795593407995,-0.03977989995152598,0.1262692360409119,384,0.1077076740280063,151
1129,-0.10046976091564375,-0.05004752843186111,-0.10046976091564375,256,0.10494617981035503,219
1130,0.0005504197700929581,0.0002089322522351722,-0.06757167508374096,128,-0.06998941497494116,198
1131,0.03298695171025656,0.01651784653620325,0.1080940030471993,448,0.07546550966503673,449
1132,-0.040620488562211676,-0.02025177620436125,-0.07268040306155399,128,0.07385517968367594,90
1133,-0.34350968737729204,-0.17165867134619361,-0.34350968737729204,256,0.1952427287797036,251
1134,0.4032015729391958,0.20147798880731216,0.4032015729391958,256,-0.2138704666140825,250
1135,-0.032820300855860296,-0.016332607322055992,0.04731422681777531,288,0.06964140920518958,184
1136,-0.1031616494593095,-0.051658358693117634,-0.1031616494593095,256,0.06196526200920971,190
1137,0.05230963837817626,0.026245656945576457,-0.10444387953772605,128,-0.14243917938375716,201
1138,-0.15269262927375848,-0.07640902646318182,-0.15269262927375848,256,0.10455397011534728,240
1139,-0.2886706436101747,-0.14433291051014407,-0.2886706436101747,256,0.21864622875853001,187
1140,-0.015172968194036685,-0.007981108070794107,0.14697079028550775,128,0.10451277755186084,200
1141,0.045853103831660746,0.02312194967277037,0.12496891570975777,320,-0.13461321242454005,181
1142,-0.12418637744059424,-0.06194384685184673,-0.12418637744059424,256,0.11793188828235657,167
1143,0.07361331995332421,0.03669768401539386,0.0963840226091861,64,0.10191169497932151,342
1144,-0.14930311457857215,-0.07443640860088863,-0.19951193578343407,128,0.1436651195475207,124
1145,0.09096235810673647,0.045027470785498735,0.09096235810673647,256,0.0917954798859455,294
1146,0.21768515842140346,0.10869465477412632,0.21768515842140346,256,-0.16262779233073843,204
1147,-0.14228827990382342,-0.07102227664034899,-0.14228827990382342,256,0.10104406325663717,174
1148,0.06331635805648261,0.031769208571887475,0.06331635805648261,256,-0.07619516189353703,174
1149,-0.031190291579008544,-0.015695851171415143,0.04090649644382438,96,-0.05820920356444503,341
1150,0.1834442643832972,0.0919989066729272,0.1834442643832972,256,0.14685095485697275,423
1151,-0.19505760917110138,-0.09761809841236868,-0.19505760917110138,256,0.10480388724371892,170
1152,-0.21591401784013442,-0.10783616813120034,-0.21591401784013442,256,0.12426856817796761,229
1153,-0.029664727476585995,-0.014903120134135861,-0.07247908523822844,112,0.06259094215425876,175
1154,-0.2774694616446425,-0.1385514040409248,-0.2774694616446425,256,-0.18509969976952334,285
1155,0.05397544363276552,0.02677999433592504,0.13664477243025885,352,0.10169854475202555,424
1156,-0.14147896637072677,-0.07068139516957217,-0.14147896637072677,256,-0.13243974782028545,287
1157,-0.021241267928729712,-0.010674151739465287,0.12293504690023838,96,-0.10518664169774183,415
1158,-0.06530099973844017,-0.03262530088775861,0.08769975514144335,128,0.08331552296931477,166
1159,-0.043287534098681135,-0.02200910593376193,0.06719797459608401,64,0.07757115701883777,228
1160,-0.19731945998998413,-0.09882711957556012,-0.19731945998998413,256,0.17589669147307063,229
1161,-0.2301833125548285,-0.11523529364697538,-0.2301833125548285,256,0.19645265095854825,230
1162,0.05684741971131757,0.028523526399112598,-0.14205522790817326,192,0.11632117774757944,306
1163,-0.20477479045894142,-0.10268985595854474,-0.20477479045894142,256,0.17700832537315137,223
1164,0.1306059971972786,0.06557453284844428,0.1306059971972786,256,0.12175093338464649,300
1165,-0.010775293353333382,-0.005370566744034022,0.1394876848333979,320,-0.11625988770759932,437
1166,-0.03450633281946125,-0.017329893709757016,0.24258217937133963,128,0.16935016429630423,180
1167,0.10386540686027956,0.05162565036380329,0.31148181460667956,384,-0.18646667064317057,110
1168,-0.10723925419819125,-0.053721345928693154,-0.10723925419819125,256,-0.1470204011298506,363
1169,0.17303900867446487,0.08676543347340271,0.17303900867446487,256,0.1140002792799919,315
1170,-0.11965040756746248,-0.060048585484651085,-0.11965040756746248,256,0.09420005105187101,212
1171,0.09789880929025685,0.04871124204322541,0.09789880929025685,256,-0.08387865038565678,234
1172,0.0161610132919634,0.007899343807821424,-0.09077345313380647,432,-0.09679766264307688,48
1173,-0.12109069681898177,-0.06062841601968216,-0.12109069681898177,256,0.08703055628623702,127
1174,0.3040886045408513,0.15193537822398184,0.3040886045408513,256,-0.19586270101834202,220
1175,-0.16540217211945674,-0.08256357191646657,-0.16540217211945674,256,-0.13660460652414486,291
1176,-0.056912730857902716,-0.028607217692410813,-0.056912730857902716,256,-0.053602342876615694,297
1177,-0.08210169104862075,-0.041046730425762235,0.10507966329106466,288,0.10774515159218367,227
1178,-0.517849059276017,-0.2594470912256952,-0.517849059276017,256,0.2818305654332107,249
1179,0.0023574457981681007,0.0012987842011966677,-0.07166265135680305,352,0.06319978305225504,351
1180,0.06911516170978871,0.03445970479913285,0.08239872741236809,128,-0.07368539949428055,88
1181,-0.0643128514711293,-0.03207111293150433,-0.0643128514711293,256,0.08077762484865048,212
1182,-0.06910260695838133,-0.034722674725855995,0.14508235237570943,384,0.13281105752184885,177
1183,0.12574708515887778,0.06274278372058006,0.21451265371723593,128,0.1790104208907337,408
1184,0.04896233806169903,0.0241662264839988,0.12450819538457836,128,-0.09605132280939443,44
1185,-0.43541923722463594,-0.2177549118829063,-0.43541923722463594,256,0.22616195588688015,183
1186,-0.09040367655950377,-0.045008227087606656,-0.12868821470628689,128,-0.15302607781143251,413
1187,0.13881044631568784,0.06939263021956776,0.13881044631568784,256,0.1269636762329469,310
1188,-0.06063693477352672,-0.030389529609976762,-0.06063693477352672,256,0.06236194051726329,156
1189,-0.003299647075351686,-0.001463276388705026,0.05957931393237459,384,-0.060428007839732345,370
1190,-0.22788506409858655,-0.11379865355539209,-0.22788506409858655,256,0.19746370255506918,142
1191,-0.03859639866237785,-0.019404756755818653,-0.03859639866237785,256,-0.059954226133470456,283
1192,-0.15558483512728571,-0.07783148042904031,-0.15558483512728571,256,-0.12522318583182823,339
1193,0.07061802515912063,0.03541986669097241,0.09000204994356409,416,0.09614152308466828,418
1194,0.05285049116105256,0.026439953628312196,0.05285049116105256,256,-0.03891508661320131,185
1195,-0.09071228614766369,-0.04516612516664509,-0.1376710281711695,128,0.12255521967921368,93
1196,-0.1394692229375778,-0.06962196854132685,-0.1394692229375778,256,0.19266579090566438,173
1197,0.05875180776118327,0.029176840840023033,0.08176355547533376,384,-0.09189446914530208,105
1198,0.27252210976502056,0.13631534496138897,0.27252210976502056,256,0.20750817355843765,338
1199,-0.24644205239607686,-0.12290349743796014,-0.24644205239607686,256,-0.15006958152201832,331
1200,-0.025693979337091832,-0.01280190073242693,0.07191587014290235,384,0.05310617574923526,203
1201,-0.101721175554502,-0.05095406807177483,-0.101721175554502,256,0.058540499302495164,223
1202,-0.3256365044433096,-0.1629419943055268,-0.3256365044433096,256,0.2457489242790416,206
1203,0.01954765671123937,0.009877954013575163,0.13374756117372044,320,0.08136482905706544,339
1204,-0.08583898708573656,-0.04281785666285032,-0.17375284265825996,128,0.1438173424426452,116
1205,0.12981527765870737,0.06505333078581543,0.12981527765870737,256,-0.09477745230847745,135
1206,0.24644295375856018,0.1232425527472003,0.24644295375856018,256,0.15786293533597018,310
1207,0.27299328935114886,0.1367909426855931,0.27299328935114886,256,0.13866726976635846,272
1208,0.39589762158638564,0.19800646238971353,0.39589762158638564,256,0.3036933080418862,335
1209,-0.1331910968148975,-0.06623896506536653,-0.1331910968148975,256,0.1485494270663139,167
1210,-0.22967996455699335,-0.1147784713587896,-0.22967996455699335,256,0.16460490614134926,124
1211,-0.09253566555506154,-0.04614307466164291,0.15754968422390903,320,-0.12738033269283733,407
1212,-0.14891954696366838,-0.07440717296009325,-0.14891954696366838,256,0.17545868096362938,113
1213,-0.18802089731198635,-0.09389985555446856,-0.29848476768981413,128,-0.20223805324229716,387
1214,0.05124863484118691,0.025678406835766054,0.05124863484118691,256,-0.06624162074274409,173
1215,0.40746261436007103,0.20378789129517827,0.40746261436007103,256,-0.23416714436791608,250
1216,0.17360253177943719,0.08683396360103757,0.17360253177943719,256,0.12857179744264613,263
1217,0.012924630157044703,0.006463882434502466,-0.07883634536409545,208,-0.06844468793445913,176
1218,-0.10013126244004411,-0.05014528100119264,0.13503686403419124,160,0.12413056402405687,167
1219,0.1704398642606293,0.08521892848216339,0.1704398642606293,256,0.16737297005022356,333
1220,0.061708179553335185,0.030815764947021762,0.11638329223018218,304,0.11117054342162191,400
1221,0.1837934442353628,0.09185488850198453,0.1837934442353628,256,-0.12844129669053928,234
1222,-0.0526669047032442,-0.026232481064624835,0.07789362068081118,64,0.07812297437854454,216
1223,-0.0641343903464815,-0.032204650725816464,-0.10116444164935956,64,0.09491928531616622,175
1224,-0.09266238234607727,-0.046078090110597714,0.10841158969067521,128,0.10486577379160167,151
1225,-0.021599208289075023,-0.010825896890537479,0.05672427316415707,64,0.04723533688802206,83
1226,0.21828332191881827,0.1092158678553119,0.21828332191881827,256,0.16975835266299555,325
1227,-0.17476125586443914,-0.08762323363833957,-0.17476125586443914,256,0.11737461374107738,241
1228,0.24181727735648906,0.12069144850505609,0.24181727735648906,256,0.16636873317042955,328
1229,-0.24272987523113443,-0.12148346733042104,-0.24272987523113443,256,0.19789454341670876,212
1230,0.10616327834026151,0.0532543281712492,-0.11439256744995419,128,0.10496428407611802,344
1231,-0.30361415608049924,-0.15171198080727777,-0.30361415608049924,256,-0.1679673875051435,280
1232,-0.1371633308186233,-0.06871887019178757,-0.1371633308186233,256,-0.19129928091604143,327
1233,-0.0943715216402552,-0.04728846450200308,-0.22320342157662765,128,0.13534864672119795,127
1234,-0.08592758062039252,-0.04294922372980636,-0.08592758062039252,256,-0.07518297057055179,332
1235,0.12809878769476768,0.06429161083224244,0.12809878769476768,256,0.13806383613211892,306
1236,0.175886489404661,0.08782660136859022,0.175886489404661,256,0.13442527903538348,325
1237,-0.009755088444421744,-0.005021273892793943,-0.14320187890932345,128,0.09177685694412219,119
1238,-0.012317839561035271,-0.006281820925039483,0.09162193235766836,128,-0.07845970524681434,351
1239,0.1400375242238283,0.0701262271894052,0.1400375242238283,256,0.14792783646612406,301
1240,0.28137378929949364,0.14076012551180384,0.28137378929949364,256,-0.18571487746586968,241
1241,0.18622019024198266,0.09291361315860058,0.18622019024198266,256,0.12359247045901611,326
1242,0.07620084107242064,0.038008473649142616,0.1884905464298754,128,-0.14909543222671573,104
1243,-0.07713010050252933,-0.03882881844151598,-0.07713010050252933,256,0.08846454187975894,81
1244,0.07583638630779888,0.037752666369328836,-0.1969529754342858,128,0.12962338144859586,373
1245,-0.0167653506208012,-0.008451112927673421,0.1176898008938565,128,-0.07697804487446547,351
1246,-0.07038705036444526,-0.03523098495287513,-0.21619826597027725,128,-0.1487558231924595,464
1247,0.0646154114841977,0.03273262563436674,0.08410179668013029,64,0.07307485750146725,320
1248,0.3798910395134385,0.18975767921864417,0.3798910395134385,256,-0.22831894370824557,151
1249,0.061993895193921844,0.030812458044920277,-0.18902674324493773,128,0.1873659060848354,308
1250,0.013468900267156414,0.006708127915374007,0.0387933607766513,288,-0.0457995716842845,142
1251,-0.14889437135082062,-0.07445669911891173,0.1742474729823016,128,0.18080238620947853,184
1252,-0.020774749570620088,-0.01033079377450008,-0.09091294719770104,64,-0.07109786668343077,451
1253,-0.2888636164568936,-0.14442438311385786,-0.2888636164568936,256,0.24895342354022887,180
1254,-0.033528194065524985,-0.01686673932812255,0.1146385177228808,96,0.11327893459321103,171
1255,-0.20956037575373898,-0.10477344454395165,-0.20956037575373898,256,0.11838231557359791,111
1256,-0.012744010773502623,-0.006241760134003016,-0.07295913634489182,128,0.07619266887348886,53
1257,0.30898944290657937,0.15439634371250577,0.30898944290657937,256,-0.18984895649231248,242
1258,0.4725268033827206,0.2362721165200412,0.4725268033827206,256,0.3044565990674073,283
1259,0.03163059822441028,0.015708561460598958,-0.10564283893909021,128,0.10129438016872427,372
1260,0.04649774504241577,0.02306680292542751,0.04649774504241577,256,0.04057845096758683,296
1261,-0.1580820601084838,-0.07906782457183681,-0.1580820601084838,256,-0.10772073887903844,268
1262,-0.2063963712894008,-0.10308461589292506,-0.2063963712894008,256,0.2020102592688886,212
1263,0.12223443570835002,0.0612818721579913,0.14086179835789636,64,-0.11742507276529324,47
1264,-0.07593672285807429,-0.038062434185974325,-0.07593672285807429,256,0.07057853700064243,180
1265,-0.1014524858547361,-0.050625372240546085,-0.18568194501179391,128,0.1264749852078637,95
1266,0.03862190606392346,0.019452397526293908,0.15686234271737476,128,0.1321200312697215,420
1267,0.019676858240558204,0.009810700372554493,0.047160414023267094,272,0.06789337082852853,404
1268,0.03002016571610966,0.014807411899369072,0.1369447000579953,384,0.07567338501996801,384
1269,0.0014245598171100937,0.0007778229707753326,0.15066238892399042,320,-0.13099627757839016,56
1270,0.040323605514629435,0.020288143254418856,0.10224272137850221,160,0.12712231048936928,308
1271,-0.05453028990797293,-0.02723880849552529,0.1471118013213868,128,0.12025068689470686,156
1272,-0.23008757754058706,-0.11490579744528873,-0.23008757754058706,256,0.18399048473260393,122
1273,0.09865568660814006,0.049064603423289554,0.16747014542647776,128,0.10800413454410318,384
1274,-0.1204152331030457,-0.060015489426973545,-0.1204152331030457,256,-0.10131077748332018,417
1275,-0.0501069562324119,-0.02506780638765349,-0.12660181401959392,128,0.10362379319782633,79
1276,-0.007177327305214476,-0.003459889670409666,0.04038273603578091,272,0.04385497484787493,177
1277,0.10282039853092328,0.05155479413798503,0.16271509187421884,128,-0.1383362687709706,117
1278,0.07191505025159017,0.03578779036348578,0.11493987098754133,384,0.11638022751128574,391
1279,0.3907914264694057,0.19527722156902882,0.3907914264694057,256,-0.2953146040482011,225
1280,-0.19600090841677797,-0.09773891672782042,-0.19600090841677797,256,-0.1517546538960346,337
1281,-0.08062462216466315,-0.040254666660985094,-0.08552554070769247,384,0.10089357306627278,83
1282,-0.09622438951842582,-0.04812264885077866,0.17441587576175266,64,0.1478994355288421,204
1283,0.1323416295903712,0.06612692740043258,-0.16675397115011492,384,0.15805640303670998,371
1284,-0.25905659635844813,-0.12938908911644376,-0.25905659635844813,256,0.16517245445129447,93
1285,0.08174416208018442,0.04080145763981591,0.08174416208018442,256,0.08367218632292861,432
1286,0.23914019517795282,0.1199160150777061,0.23914019517795282,256,0.18183939761036072,352
1287,0.03383517541828951,0.017129842113774885,0.12183993711190055,128,0.08696648713629429,394
1288,0.17827145599142113,0.08919913904952637,0.17827145599142113,256,0.14050083859439155,357
1289,0.12399023389082231,0.06199352069421593,-0.13836656350366638,64,0.17469073773537502,302
1290,-0.007001706477382186,-0.0034507476769363166,0.10285151760820099,320,0.11286926710579337,212
1291,-0.2522820227505065,-0.12607677439871168,-0.2522820227505065,256,-0.19216107912041025,336
1292,-0.061938703776718285,-0.030666124023753127,0.1097918062607306,128,0.11740213892255724,168
1293,-0.17287825651038702,-0.08648260907651206,-0.17287825651038702,256,0.10555881731940531,187
1294,0.09741445691045669,0.04869990734721341,0.09741445691045669,256,0.07984931405218276,425
1295,-0.0029104867092826225,-0.001446130678687041,0.1462557518134986,160,0.1452274947661749,97
1296,0.27264794516270285,0.13628346841619532,0.27264794516270285,256,-0.166956186707381,204
1297,0.006623686205045942,0.0032251750440082105,0.1347951781766028,384,0.10222475040364998,484
1298,0.0022941553694693084,0.0012549179343182004,-0.10341850378006257,64,0.10450673145447809,422
1299,-0.2301174810742168,-0.11518440130208774,-0.2301174810742168,256,-0.17884550986832437,359
1300,0.06470823253010849,0.03233009385161267,0.06470823253010849,256,0.0870100481603231,333
1301,0.17341810597775975,0.08683385976186742,0.17341810597775975,256,-0.10668167504604753,237
1302,-0.12746068082137185,-0.06362759831276321,0.20864113983618893,128,0.15721036205218297,186
1303,0.10528316581175545,0.052552312914087906,-0.17271355800829724,320,0.1449236867999275,429
1304,-0.05888019897230379,-0.02973895054640252,-0.05888019897230379,256,0.03817417229254261,156
1305,-0.09696803155361522,-0.04846525823742809,0.12491116951115089,128,0.10648969966351274,177
1306,0.03956045221937643,0.019900619897043725,-0.20901312214908785,128,0.12940599572021938,319
1307,0.04117274402059934,0.020477096345473456,0.04117274402059934,256,0.05229569852332361,300
1308,-0.29104911050683313,-0.14575156988971116,-0.29104911050683313,256,0.14728838464964156,239
1309,-0.09225048814411707,-0.04609272917898011,-0.09225048814411707,256,0.08227679622311257,212
1310,0.1182312612353087,0.05906172850433222,-0.1378067503261775,128,-0.10604091905821633,152
1311,-0.008534199894484118,-0.004310441829431966,0.09343722394254428,192,0.07139273334715313,210
1312,0.15437558290022935,0.077312806944974,0.15437558290022935,256,-0.09103563328093855,222
1313,0.10245912182273287,0.05141607022173389,0.1954754095928024,64,0.1686644594923905,354
1314,0.1552003799765771,0.07761254514352345,0.1552003799765771,256,-0.1682936401559516,152
1315,-0.09196898705712897,-0.04594698137620412,-0.09196898705712897,256,0.10548621071052366,203
1316,-0.17480293779968292,-0.08765260129388253,-0.20259734389378536,384,0.15701379375835245,117
1317,0.12269680358474488,0.060974485544818435,0.12269680358474488,256,0.13216011545551964,332
1318,0.056344706417434054,0.028297082253828876,0.11302056239685498,320,0.07999445023762064,325
1319,0.08825465358694373,0.04410973691256004,0.14407406284453828,320,-0.1556088460209537,186
1320,0.43073852861141404,0.2153137490431618,0.43073852861141404,256,-0.23519570473325757,246
1321,0.10303241887319814,0.051400588804654035,-0.14240134356930412,384,0.14011331119195347,353
1322,-0.09315257856437142,-0.04681529914512339,-0.12457550308204901,32,0.14164618738129775,214
1323,0.2620232777868523,0.1306694115658047,0.2620232777868523,256,-0.18046729757054436,119
1324,0.12445897184713317,0.06199227933882412,0.13421699073330728,384,0.10275253875329327,400
1325,0.09482623967068093,0.0475964446017656,0.09482623967068093,256,0.07292528980667612,272
1326,0.09839679502331933,0.04948011737531033,0.1333932827180888,448,0.134771913840666,459
1327,-0.05507534555977145,-0.027864944808015935,-0.15889661123141252,64,-0.12827585262789398,347
1328,-0.11044382833486566,-0.0551830295701734,-0.11044382833486566,256,-0.09233163917883758,310
1329,0.09698991854622818,0.048364100835442514,0.14929672081194667,384,0.1183521552125626,401
1330,0.1297613830923865,0.06486217643129066,0.17642040372936663,128,0.12144632762084484,388
1331,-0.1991066639080259,-0.09966941952609432,-0.1991066639080259,256,0.14342638724707513,236
1332,-0.1614896748258161,-0.080841657603969,-0.1614896748258161,256,0.13425956404864792,243
1333,0.2919388824400926,0.1459446966515543,0.2919388824400926,256,0.16499250618159067,269
1334,0.0906760504389581,0.045457999488547784,-0.12560499590699692,448,0.127073181492392,302
1335,-0.29171251653076524,-0.14570204421667654,-0.29171251653076524,256,0.18765231212972822,220
1336,-0.016530211939340234,-0.008324030018798112,-0.04045232005080379,384,0.05664512022542567,113
1337,-0.1612793467254221,-0.08039536224399058,-0.1612793467254221,256,0.12874965461060128,187
1338,0.05207107972097447,0.025957185876904987,-0.10494668015054742,128,-0.08787086075290063,132
1339,-0.0026018202262605428,-0.0014948210665579609,-0.15696650543554824,320,0.08936679112699153,183
1340,0.0775557670152125,0.03867768772920499,-0.11245487009871624,128,-0.12210106532478449,202
1341,0.06389290891732458,0.03207440061453326,0.06389290891732458,256,0.1039009142925238,299
1342,-0.045592956265892326,-0.02294280851640451,0.1600075948921642,128,0.15270135311556032,169
1343,-0.1373565803313852,-0.06866688795824416,-0.1373565803313852,256,-0.13054198755077095,332
1344,-0.17873667696554207,-0.0894052443536566,-0.17873667696554207,256,0.08940524435368502,255
1345,0.15850768369696766,0.07923327043215522,0.15850768369696766,256,-0.09586959743514001,114
1346,0.03248232434395959,0.016348769157644938,-0.19895319813555545,128,0.17496675431931408,342
1347,0.10885264397393257,0.054393608830935136,0.10885264397393257,256,0.14344297894848523,304
1348,0.03500538542431286,0.017529171091240414,-0.0792293616121782,64,0.07869553067376955,298
1349,0.19534435405245176,0.0974840102241501,0.19534435405245176,256,-0.16483715449595593,151
1350,-0.13603700410143915,-0.06801636804831901,-0.13603700410143915,256,0.15091174163018195,162
1351,0.2935862751238574,0.14678130101032139,0.2935862751238574,256,-0.18022825682177768,216
1352,-0.1961052687065319,-0.09815522022282153,-0.1961052687065319,256,0.18604640812753814,157
1353,-0.2595273926789332,-0.12959275027790795,-0.2595273926789332,256,0.18846644538305668,198
1354,0.07786442883735845,0.0389630010761266,0.07786442883735845,256,0.10457738738574562,308
1355,-0.1257809570147117,-0.06280045621159047,-0.1257809570147117,256,-0.12101809174009759,424
1356,-0.29756663030573804,-0.14888208486402732,-0.29756663030573804,256,0.17328355703807574,235
1357,-0.061856195259508695,-0.03106405458873951,0.12500807799011682,352,0.10895243424643297,98
1358,0.25459006985107635,0.12706110769755696,0.25459006985107635,256,0.16861347263346715,322
1359,-0.11421355751932083,-0.057229568758259575,0.22894145031366975,128,0.20359046859016416,159
1360,0.11187190144457304,0.05616863790316984,-0.20266709988366927,128,0.1787623176265356,316
1361,-0.055225437087813134,-0.027917696225813415,0.06199480449662076,128,0.09063616760994364,161
1362,-0.07266875047488952,-0.03632444054156281,-0.11215702374613556,320,0.09505960990421158,183
1363,-0.05986028612090877,-0.029793515347790844,-0.10017477474349334,384,0.09014939842556657,116
1364,0.008142463849111437,0.004498509678455775,0.19854597855460554,128,0.1353153934664988,425
1365,0.20515492027664095,0.10255748939977138,0.20515492027664095,256,-0.1940570431137303,184
1366,-0.17491134015207876,-0.08746531649140366,-0.20386326941458321,128,0.18277870601291113,102
1367,0.2843709576985134,0.14227988172572736,0.2843709576985134,256,0.17459731077849483,333
1368,0.10946132866990865,0.054656963480454124,0.10946132866990865,256,-0.1313283136051524,114
1369,-0.007417535510171547,-0.003548927178712802,-0.08247366413576174,64,0.0626115826665341,184
1370,0.27058068761692766,0.1351770943688848,0.27058068761692766,256,0.1351770943688848,256
1371,-0.2505780564215172,-0.12533029810097673,-0.2505780564215172,256,0.15942195851752672,232
1372,-0.01883415599385785,-0.009160523213552096,0.07152579570399098,128,-0.07830726233390806,358
1373,-0.07048331683759557,-0.03512197855044974,-0.10364148679366281,160,0.09330901463395946,95
1374,-0.3051754122133161,-0.15250842112260443,-0.3051754122133161,256,0.1610004563456755,233
1375,0.031165678232014216,0.015662085195060627,-0.08149291941901993,384,-0.08519813746110572,212
1376,0.05036819815828153,0.025043406639838395,-0.14850715364724465,64,-0.12224917403835889,74
1377,-0.265510552541258,-0.13263634966961035,-0.265510552541258,256,0.17894957421782465,237
1378,-0.022912473283128065,-0.011513675598678219,0.14006333742702282,384,0.14988181192276784,210
1379,-0.02195863782500851,-0.010874332106283191,-0.17745368873315215,128,0.1229050257054638,116
1380,0.21809996960854505,0.10918474534901179,0.21809996960854505,256,-0.1352131459262722,120
1381,-0.4238488234223894,-0.21262419316485648,-0.4238488234223894,256,-0.2479190391852626,286
1382,-0.06488702697112103,-0.03254487199421874,-0.06488702697112103,256,0.09356019084356149,167
1383,-0.029857762336035876,-0.014979076042493489,0.1968621787509619,384,0.12078616306405365,141
1384,-0.04653155629947037,-0.02334907409039033,0.15573361588118928,128,0.16363845825597423,149
1385,-9.429616221723336e-05,-2.8429577525912464e-05,-0.06577013513117436,416,0.055416122955875835,151
1386,-0.23714199621082344,-0.1185844380190133,-0.23714199621082344,256,-0.15451613887665872,385
1387,-0.07069739743585046,-0.03542239090535304,-0.22002940755498912,384,0.1319083741843201,115
1388,-0.09197752031522555,-0.04604167579512364,-0.09197752031522555,256,0.08086894501693109,225
1389,-0.05149802130782177,-0.025895916617287185,-0.11640787215259252,128,0.07163230329859971,126
1390,0.05937834372247153,0.02968977701434028,-0.0919098766456159,224,-0.07220485070996574,162
1391,-0.2261740180346976,-0.11298101500688063,-0.2261740180346976,256,0.15924258533823377,209
1392,0.025569391311307754,0.012750831976745758,-0.07893213938257304,464,-0.08686903268227297,149
1393,0.17553798391526243,0.08770995136785587,0.2192046200352138,128,0.15746291434885507,386
1394,-0.23359102144866029,-0.11681670995892546,-0.23359102144866029,256,0.21044842225600746,212
1395,-0.1259836919191173,-0.06317984218384254,0.1651786525751504,384,-0.1667141533199583,329
1396,-0.0035703475700756826,-0.0016971606391678051,0.08706836094467008,384,0.06205535688386021,197
1397,-0.3158741456269638,-0.1577878825236212,-0.3158741456269638,256,0.1865079015333322,147
1398,-0.4959215493759075,-0.2480156216337548,-0.4959215493759075,256,0.2622033312259475,250
1399,0.002902446228034705,0.001464467870135877,0.0963334232924069,144,-0.0828326700884432,42
1400,0.1824545965708353,0.0912340693610929,0.1824545965708353,256,0.11772324390852873,328
1401,0.20068435358857073,0.10051998895579572,0.20068435358857073,256,0.14515344640341254,336
1402,-0.2068452250917403,-0.10325090578129448,-0.2068452250917403,256,0.12719786809705624,245
1403,0.047833500563911,0.02373927505317397,0.06865820086434837,144,0.07059305315721076,274
1404,0.0019306785566755025,0.001028168321653311,0.09814214028995139,288,0.06959292269311845,482
1405,-0.09122645079395397,-0.045875017162927634,-0.09122645079395397,256,0.10186220779621635,180
1406,0.1621943766261893,0.08121355942589048,0.1621943766261893,256,-0.14591345972672798,168
1407,0.10232221546823439,0.05108400054979256,0.10232221546823439,256,-0.10632532890775792,173
1408,0.20003197062146683,0.0998900247095662,0.20003197062146683,256,0.2005092241698776,332
1409,-0.10159211900918308,-0.050941925786730735,-0.10159211900918308,256,0.11382406132651113,150
1410,-0.06952122537501282,-0.03507183803162661,-0.13383715979279032,32,0.12169837727094546,159
1411,0.14020886367217145,0.07013702213546935,0.14020886367217145,256,-0.09167841458042858,219
1412,-0.06645235099398406,-0.03332078415382966,0.22729783513177892,128,0.167574507655047,135
1413,-0.1726287504953632,-0.08614340739561044,-0.1726287504953632,256,-0.1867460499270237,353
1414,0.043181284776210305,0.021846900331468078,0.09956456450845508,448,0.07470618536916618,465
1415,0.1393700779050846,0.0696594757568505,0.16089944686444824,128,0.14394136915967692,428
1416,-0.19797441120960002,-0.09915765279049538,-0.19797441120960002,256,-0.16066542819896767,331
1417,0.20563206313607907,0.10289289122263767,0.20563206313607907,256,-0.16269693662198392,180
1418,-0.11198269437298336,-0.055931541384381944,-0.12632241540251243,128,0.1286982123317415,120
1419,0.24387461174305258,0.12190681867645026,0.24387461174305258,256,-0.17605792627159644,204
1420,0.12260752449412848,0.06137342000519652,0.12260752449412848,256,-0.10731785591804055,156
1421,0.17898395112584353,0.08950426423115232,0.17898395112584353,256,-0.15088860321026232,240
1422,0.1591038529623745,0.07991377167581959,0.1591038529623745,256,-0.1126908715067998,218
1423,-0.13613716599232362,-0.0680965156437594,0.15430527729381538,384,-0.14602160937380404,346
1424,0.024158951208448798,0.012079458444475222,0.1289023877048976,128,-0.09226939821209612,114
1425,-0.08629620761558954,-0.043243612513151675,0.16846212265727445,128,0.1454014206295824,174
1426,-0.3576212744356724,-0.17912390019571944,-0.3576212744356724,256,0.23814434011372043,125
1427,0.1913796534540495,0.09566601041387912,0.1913796534540495,256,0.12376140133022773,290
1428,0.008883365693577616,0.004289235779026512,-0.1542510045688914,128,-0.11881305415010956,161
1429,0.1340353391177871,0.0673760589430401,0.1340353391177871,256,0.09789822738349585,386
1430,-0.2718154462397706,-0.13586652918306186,-0.2718154462397706,256,0.1876568231741942,235
1431,-0.22443843731355173,-0.11201145084916675,-0.22443843731355173,256,0.15486523707980382,219
1432,-0.3656475300201123,-0.18279548615964814,-0.3656475300201123,256,0.19647974028299586,238
1433,-0.12091608517280861,-0.06043872172918441,-0.12091608517280861,256,0.11880139798199707,86
1434,-0.20878020701894684,-0.10412722952830222,-0.20878020701894684,256,0.1602280067926074,157
1435,-0.12153843874767745,-0.06070888089868731,-0.12153843874767745,256,0.11838249840280923,237
1436,0.16405560104857386,0.08182278547604938,0.16405560104857386,256,-0.17082889647548427,203
1437,-0.21739951091475973,-0.10851618465096635,-0.21739951091475973,256,0.1560825352642894,250
1438,-0.4516955785929042,-0.22596789432441255,-0.4516955785929042,256,0.26182148317741394,184
1439,-0.21984742129674828,-0.10995242244436554,-0.21984742129674828,256,0.1721111081532456,183
1440,0.0701259975103028,0.034926313557264166,-0.11500923001045749,128,0.10866239982954085,341
1441,-0.12398980581366459,-0.06180418632789042,-0.12398980581366459,256,0.09098801629424713,125
1442,-0.06388292988242483,-0.03202153089904414,-0.07128906701285587,352,0.06366110789338819,30
1443,0.21206917860354224,0.10611338322851793,0.21206917860354224,256,-0.16050133909845954,145
1444,0.3618860633802683,0.1808655897006588,0.3618860633802683,256,0.19441221791868202,259
1445,-0.09365088472972616,-0.04674016702628592,-0.09563813212372452,384,0.09571128535026219,89
1446,0.12113685029299859,0.06065825329127961,0.12113685029299859,256,-0.13158118314896683,200
1447,0.05349802742850329,0.026811804849273813,0.1554038833853042,448,0.12319081560889344,330
1448,0.08482331551195443,0.04225910117730791,-0.20371354757037352,192,-0.162119452903994,86
1449,0.02112806022429936,0.010703696268194562,0.06264920293460818,32,0.07891056923409678,298
1450,0.06973238485710453,0.034838311736564265,-0.08342490445937756,288,0.09922301707138104,411
1451,-0.013133173269949339,-0.006879558234459182,0.09531011557385227,192,0.0927260668908616,76
1452,-0.11397202515709637,-0.05687660745741141,-0.11397202515709637,256,0.12240452781009026,176
1453,0.21154246633957996,0.10599606640897719,0.21154246633957996,256,0.136427194411624,336
1454,-0.13766393985497416,-0.06918228017434558,-0.13766393985497416,256,0.13384892784779368,159
1455,0.20725504916799764,0.10359803450648997,-0.257906801093327,384,-0.1942713127072011,176
1456,-0.16064594238252994,-0.0805115636947562,-0.16064594238252994,256,-0.13648780690277817,359
1457,0.259529256909957,0.12965087165343903,0.259529256909957,256,0.16278210290460038,330
1458,0.026913469025089398,0.013456611536810215,0.1293172602003665,192,-0.10249269395139748,60
1459,-0.05238910305345712,-0.026401102726424597,0.2298356111014641,384,0.1552800873779745,134
1460,-0.12408338089767312,-0.06204251174258957,0.1399454660769095,128,0.1344892635252677,173
1461,0.09430603440233654,0.04718009374869325,0.09430603440233654,256,0.08805475615002933,344
1462,-0.27330283514731946,-0.13664795369933813,-0.27330283514731946,256,0.1956988100872934,88
1463,0.007389084637338783,0.0034634570935168085,0.07965722062317582,192,0.07881096530945797,332
1464,-0.23713243863889488,-0.1181857147525136,-0.23713243863889488,256,0.19319413605734326,209
1465,0.399271202385421,0.19942693809559842,0.399271202385421,256,0.24610313231522696,269
1466,0.03153158949442059,0.01568646792651407,-0.07572417358449002,128,0.06415967205805373,342
1467,0.18100182892834482,0.09064438319057899,0.18100182892834482,256,-0.1686964923430878,151
1468,0.06160572586645685,0.030787663463286208,-0.27081754509738687,128,0.1678420221454644,375
1469,-0.1114556810981071,-0.055545821368383486,-0.14886737581343823,416,0.16537126844201566,158
1470,0.05368735569567207,0.02665390693681502,0.06633241115707733,200,0.06686926135881777,376
1471,0.08511442331302987,0.042513946094970834,0.09623870378203492,320,-0.11116728533622222,178
1472,-0.007509968413955903,-0.003574618067091251,-0.018134072405587176,352,0.025495745220808885,88
1473,-0.1724810608056373,-0.0861392633782998,-0.1724810608056373,256,0.14706358548824028,215
1474,-0.22733697326393099,-0.11354735308336217,-0.22733697326393099,256,0.1995858029199553,189
1475,0.12933683774659244,0.06444392710238844,0.12933683774659244,256,-0.10241691536410258,216
1476,-0.15601269043071397,-0.07817982847853955,-0.3961193588912124,384,0.23815891933621458,126
1477,0.21987349249786803,0.10994500556898856,0.21987349249786803,256,0.17644146091294033,295
1478,-0.17846376196365554,-0.08904420415007053,0.18773922691869416,128,0.16794783463291196,168
1479,-0.10538013305421146,-0.052905710906600234,-0.10538013305421146,256,-0.09028847716302835,405
1480,-0.03943100329618687,-0.019630975697424446,-0.07783611765285059,160,0.07250518463285971,157
1481,-0.06666376398180773,-0.03331872213624365,0.10835188080335456,336,0.1043277259772708,177
1482,-0.22021612375456812,-0.10997643299833726,-0.22021612375456812,256,-0.12131562486257508,265
1483,0.06077966823937686,0.03041161799220049,0.06077966823937686,256,-0.054751177135358375,217
1484,-0.07662618255062625,-0.03846479989749696,-0.20747606751240255,128,0.13515030961858088,121
1485,-0.1272119340536051,-0.06376472623793461,-0.1272119340536051,256,-0.10790213073988753,291
1486,0.12526275679090304,0.06242579098642409,0.12526275679090304,256,-0.09098307501341196,213
1487,0.1584133645741872,0.07915180418791579,0.1584133645741872,256,0.1134585962176402,272
1488,0.024342924036801605,0.012098126922069241,-0.05412599867980816,352,-0.059213049787246064,166
1489,0.11744340982929202,0.058574146123532955,-0.21390646113940193,384,0.1656776120860286,345
1490,0.06099409098465003,0.03044987695642476,-0.14939040936513948,448,-0.13967748387295842,199
1491,-0.0020574315602175375,-0.0012165893624001,0.11809746337763727,128,0.10628176369704079,207
1492,-0.13780709562684024,-0.0693941962244935,-0.24821235229660488,128,0.18209515383499308,90
1493,-0.05514035474217849,-0.027362545204283606,0.13442666415204485,128,-0.09442735299489868,350
1494,0.16178621315827968,0.080929803787825,0.16178621315827968,256,-0.12712228655485092,220
1495,-0.1561665981881788,-0.07807472686425854,-0.1561665981881788,256,0.15878874640949903,231
1496,0.17640647392030928,0.08810303296064603,-0.23671585084582603,384,0.2027726272384598,314
1497,0.027449466938435307,0.013669893704616243,-0.13956578236003736,128,-0.12498506792405806,159
1498,0.24668907225469638,0.12352251483628152,0.24668907225469638,256,-0.14400599796644542,250
1499,0.12240397462585406,0.061035635103962704,0.19354740039223373,64,-0.16074993184344066,178
1500,0.1066591079873831,0.05346075469020661,0.13162126188240109,128,-0.11349817816110885,115
1501,0.06054640951569468,0.030228623398443233,-0.06805540464586102,384,-0.07441576400731265,166
1502,0.19489834598641664,0.0976478867144408,0.19489834598641664,256,-0.14835262929256032,181
1503,0.03323222473366627,0.01634429758468059,0.11245846308003138,64,-0.09610637090514729,54
1504,-0.05196400816464575,-0.025940283452911217,-0.08566998533208903,64,0.1046179800748348,158
1505,-0.05621214578957279,-0.027887035838517704,0.05972347851493254,64,0.08563610056323512,86
1506,0.023476361092178877,0.011979260808288927,-0.06307998649315039,128,-0.07962684438601286,176
1507,-0.4635985375641951,-0.23177528503742906,-0.4635985375641951,256,-0.2625881066146576,283
1508,0.38942545123697414,0.1945206628250844,0.38942545123697414,256,0.23924563176899483,272
1509,-0.17530965099248874,-0.08767673589332503,-0.17530965099248874,256,0.11187733335017924,206
1510,-0.0387819252377426,-0.019641796421240088,0.20361194967910023,64,0.12599534239029708,64
1511,-0.15546937684587192,-0.07791259038884846,-0.17055219902846375,64,-0.15552688436645212,324
1512,-0.13678091090662292,-0.0684980964832107,-0.16900316821664774,384,0.15369728912803282,121
1513,-0.26742198705377973,-0.13363734946477734,-0.26742198705377973,256,0.14446120178189403,186
1514,-0.08802511425651005,-0.04399959789120089,-0.08802511425651005,256,0.08365537332871043,89
1515,0.113238810476048,0.05650991515756232,-0.15758503541002256,128,-0.15375830162253123,154
1516,0.06728691721491487,0.033793604981383396,-0.10957763623230221,320,-0.1087188449693599,196
1517,0.1007175621773797,0.05042530719308047,0.11430205715819852,128,-0.08642842065849266,123
1518,0.19846103528959702,0.09939254229561811,0.19846103528959702,256,-0.16312273032397684,156
1519,-0.09596785673772956,-0.04812844423753404,0.16344790296710698,192,-0.13919409740128685,411
1520,0.17231236024608165,0.08633414961349217,-0.24359226992999083,384,-0.18706796687030192,132
1521,0.051032695397083216,0.025555678551768324,-0.28539293648077546,384,0.2000628994344993,363
1522,0.08570799388994033,0.04269633006407503,0.17345543717846112,384,0.16513883236342508,426
1523,0.041829076126020936,0.0208078023911753,0.041829076126020936,256,-0.05218531686807637,237
1524,0.16537667443202508,0.08252693724807614,0.16537667443202508,256,-0.11684480905296368,227
1525,-0.06968984076704032,-0.03496136541667738,-0.06968984076704032,256,0.05268291729549901,189
1526,0.1125242770428656,0.056364027681098605,0.20574630693946006,128,0.14009963733639097,416
1527,-0.05462710791468339,-0.027412780564418426,-0.07078536941736502,352,-0.0730204728349122,354
1528,-0.21360640049911694,-0.10660553255971195,-0.21360640049911694,256,0.1692788567248158,140
1529,-0.22154025780380948,-0.11058440485950882,-0.22154025780380948,256,0.13411191578427406,219
1530,0.20637241472599044,0.10341269860566626,0.20637241472599044,256,0.12214845094450766,270
1531,0.06628749730563754,0.03295088201980434,0.18216931138471182,320,0.15473167280674716,355
1532,-0.0024478964920149338,-0.001280018055410892,0.07865557667867051,128,0.05165722997259081,146
1533,0.1145935303448482,0.05727197882941937,0.1145935303448482,256,-0.08906422660263047,106
1534,-0.08819558199382982,-0.04414137990286804,0.13533085179079762,64,0.1347326342274755,71
1535,0.12770059704831738,0.06377574484872639,0.12770059704831738,256,-0.08584330227591863,185
1536,-0.11399897398632675,-0.05712958803013635,0.12337582025440952,192,0.132176925439623,75
1537,-0.19545245637505104,-0.09789080774919512,-0.19545245637505104,256,0.14573182358944337,94
1538,-0.07100423535953837,-0.035965755970266855,0.10750854576625102,128,0.11582826042396732,206
1539,0.1976935959783077,0.09885363068002562,0.1976935959783077,256,-0.21088444941460693,209
1540,-0.1597776171557257,-0.07978797318497755,-0.1597776171557257,256,0.1448574666671334,177
1541,-0.14264032733916565,-0.07125263110245328,-0.14264032733916565,256,0.07264423520032892,191
1542,-0.0877862116443282,-0.04367626736083707,-0.0877862116443282,256,-0.06295267709350583,271
1543,-0.033245942385775606,-0.01635526736018278,0.06878562153668355,64,0.07517320586259757,98
1544,-0.142543687386393,-0.07115015218818144,-0.142543687386393,256,0.10834774254047375,201
1545,-0.14782316431580966,-0.07379566648651803,-0.14782316431580966,256,0.16353097822616292,180
1546,-0.023446864695529257,-0.01153362133541691,-0.04813158726233269,48,0.05036379021076698,109
1547,0.09586248696888333,0.04779619658944512,0.09586248696888333,256,0.08004440710209337,366
1548,-0.2806267812457577,-0.14031261904253256,-0.2806267812457577,256,0.19537510335044317,219
1549,-0.1781513320269994,-0.0891137350888016,-0.1781513320269994,256,0.1625105665295905,109
1550,0.11849811254859333,0.059407618624760516,0.11849811254859333,256,-0.14304443867783334,220
1551,0.061691230666639285,0.030945353123286168,0.09325116074990092,384,0.08365243244918474,422
1552,-0.007638610642686672,-0.003583969124434816,0.06941481130969152,64,0.07884999215693256,75
1553,0.14025011297587753,0.07009347276010658,0.14025011297587753,256,-0.10423627883321274,208
1554,-0.13139033773117603,-0.06555213269160731,-0.13139033773117603,256,0.07398278315784523,252
1555,-0.09977609065595061,-0.049834319169292485,0.1428261963501427,384,0.10644826863941148,136
1556,-0.029618451613146135,-0.014912912748002327,-0.06190561868686473,96,0.06359427054204048,141
1557,0.007541712128670497,0.0036509863613787275,-0.17865533000684763,384,-0.10276113529937447,153
1558,-0.17524154329569797,-0.08746936723466092,-0.17524154329569797,256,0.12380019999699243,217
1559,-0.48014042457202777,-0.2401130382498593,-0.48014042457202777,256,0.27597334424712017,234
1560,0.13517471642447276,0.06757916309720713,-0.158112493998658,128,-0.1312253563849879,162
1561,-0.02769073370822639,-0.013964608627816233,0.14376001363038426,128,0.11042545988462393,169
1562,-0.004164472859230273,-0.00179771875428969,-0.11777132281918057,384,-0.0883961697813902,452
1563,0.23302605518142627,0.11644009021409829,0.23302605518142627,256,0.17506201471269378,282
1564,0.22054021350732,0.11017882349375441,0.22054021350732,256,-0.1367069282295006,228
1565,-0.08709849472427322,-0.04339580763789286,-0.08709849472427322,256,0.081242174131674,124
1566,-0.01771584470856169,-0.009102515198662786,-0.17784498877635713,128,0.10298372617775442,124
1567,0.09511355009172462,0.04742558079652781,-0.2043096858818103,192,-0.17405059059268524,74
1568,-0.07134567462077257,-0.03576931507251402,-0.15770152189213604,352,0.1120298759105367,223
1569,0.0910716821157962,0.0456067233403985,0.0910716821157962,256,-0.08343095968425018,224
1570,-0.1256698017845963,-0.06259394532716556,-0.1256698017845963,256,0.10080324067232027,200
1571,-0.06311724632192295,-0.03152653433227215,0.13073768711376488,384,-0.09317694911135277,314
1572,-0.10761149263365155,-0.053884080571066306,-0.10761149263365155,256,0.07371704576479488,171
1573,-0.10454365702693735,-0.05219175796054287,-0.10454365702693735,256,0.11829233468642997,185
1574,-0.1160942674419232,-0.057897907606474064,0.16444394869870393,128,0.15654342259387022,147
1575,0.15663242819871925,0.07830046600508922,0.17689318126363673,128,-0.1375014815664315,116
1576,0.1449458724443673,0.07275776483206187,0.1449458724443673,256,0.13433230744783486,320
1577,0.03403411283375135,0.016829970728451826,0.1029535921421143,144,0.11137340910516969,336
1578,0.16479318470729254,0.08194568475005326,0.16479318470729254,256,0.11748449612287004,328
1579,-0.12908042501456407,-0.06447432293597899,-0.12908042501456407,256,0.10018097236567769,62
1580,-0.38411199428219334,-0.19191995896554204,-0.38411199428219334,256,0.2540360904637282,180
1581,-0.2577369364653066,-0.1287129043359414,-0.2577369364653066,256,0.21056480760431384,93
1582,0.17906917955082235,0.08951437170594545,0.17906917955082235,256,-0.12809598365680586,210
1583,0.08418229742943595,0.04174362798846687,0.19397948127624431,128,-0.12850098127410092,125
1584,0.04624061931065171,0.023149187679962324,-0.059813209165042736,384,-0.06402597409271493,242
1585,0.06945492325539249,0.03485844507514457,-0.08462818075844325,128,0.10585158963749564,346
1586,-0.09846207025117337,-0.049237489031469295,-0.09846207025117337,256,-0.06017847413221489,449
1587,0.21428699963058762,0.10726405257059923,0.21428699963058762,256,-0.1698510947491627,123
1588,0.10306156233639285,0.051402556664754684,0.14397707861172648,128,0.09850586759409907,386
1589,-0.3044676178468251,-0.15203997088948995,-0.3044676178468251,256,-0.16149420813576398,275
1590,-0.06790464668662821,-0.03387168037428978,-0.20932396638130513,320,-0.160811363309449,329
1591,0.277708522447881,0.13885744740949235,0.277708522447881,256,0.2692407925553084,352
1592,0.2058924808572442,0.1027716969604171,0.2058924808572442,256,0.12029490006023025,400
1593,0.1996578392909214,0.09983525474189037,0.1996578392909214,256,0.13297566540586558,288
1594,-0.037622707183544435,-0.01864007891455799,0.05964599482098265,416,0.05632800651859071,40
1595,0.03146416412468511,0.01584666681685576,-0.10528108545119608,192,0.09169541880902443,442
1596,0.019618756277480998,0.009854774247457954,-0.06696318093958098,416,-0.06067808269727948,226
1597,0.20290889950763358,0.10151342404876118,0.20290889950763358,256,-0.13321939146061368,215
1598,-0.06539597728635727,-0.03298186075403464,-0.14039618455433356,384,0.14033135769437877,108
1599,0.09316823433940158,0.04645635166775719,0.09316823433940158,256,-0.07616330340604804,186
1600,0.05599911855154005,0.028034677292566812,0.11099008225698981,416,0.10766636314440348,416
1601,0.06604424771506956,0.03303131004469151,-0.07873877010536035,424,0.09819951452868736,295
1602,-0.0567620292570723,-0.028401046271881114,-0.11218983758027434,384,0.09611544478160283,91
1603,0.054581530933262457,0.02704305526629014,-0.14004746182564531,384,0.11521672746653167,371
1604,0.08504977891152521,0.04240728940033023,-0.16730292198131735,128,0.14304786399372915,312
1605,0.1984405765707038,0.09922220953856709,0.1984405765707038,256,0.13635815146932373,322
1606,-0.18965323160401226,-0.09472154476554806,-0.18965323160401226,256,-0.12807273608802916,289
1607,-0.5132275331650078,-0.2563606072573634,-0.5132275331650078,256,0.28218821467578437,179
1608,0.15373667660489332,0.07706881649227171,0.15373667660489332,256,-0.1105482613725286,123
1609,-0.005319469245620212,-0.0025459800975227154,-0.23281701474519423,384,0.17236931808395184,78
1610,0.2679556176492781,0.1339284443527049,0.2679556176492781,256,-0.19633261756717957,229
1611,-0.2742846833010901,-0.13735237542940126,-0.2742846833010901,256,-0.17414057026815044,274
1612,-0.16879443255888305,-0.08424200126651726,0.1693207421420766,320,0.15866811254068125,195
1613,-0.11724396375018387,-0.05887435614306469,-0.11724396375018387,256,0.10785305534815848,203
1614,0.01569392899716604,0.0077777429268621745,-0.09269666529333165,128,-0.07190439002499716,155
1615,0.1006570260305466,0.05018923222507965,-0.20240437232132535,384,-0.13918465784752243,196
1616,0.024247029086780003,0.012408107568376181,-0.07204782719264813,320,-0.06263547466951991,84
1617,0.05634162106011331,0.02779181425319166,-0.17326264659362778,128,0.13651067520197557,286
1618,0.09179763506864447,0.0456795551164646,0.09179763506864447,256,0.09154029081474846,312
1619,0.0833032109611338,0.04147945185889057,0.0833032109611338,256,0.07413483338666538,368
1620,-0.2636547204750457,-0.1318139759488588,-0.2636547204750457,256,0.15988104657304802,234
1621,0.4603662222262699,0.2301520923315934,0.4603662222262699,256,0.2589114695090302,294
1622,0.1360950827923375,0.06815023663619968,0.1360950827923375,256,0.1027836238333748,414
1623,0.008333948425445215,0.004275998816893889,-0.13911584058533322,128,0.12682354108216032,348
1624,0.08875171073268007,0.04408881332801684,-0.11323114106590992,128,0.11333442670593286,338
1625,0.10538210395168335,0.05259498375602334,0.17929201976943432,128,0.1190692911819724,400
1626,-0.16685125631056508,-0.08363235006169134,-0.16685125631056508,256,0.17619633224774134,163
1627,-0.25273922911361524,-0.12656782012351186,-0.25273922911361524,256,0.1400356331808439,247
1628,0.03950419104731395,0.019756171547612666,-0.12813964903958208,208,-0.1421512084908798,50
1629,0.3011519009754977,0.15071618377132268,0.3011519009754977,256,-0.1906339751050723,236
1630,-0.020934557229310258,-0.010104428581286129,0.12655362872789055,384,0.09210942311244708,172
1631,0.17171470766754737,0.08582364830050437,0.17171470766754737,256,-0.1322284139047838,122
1632,0.08323472541445653,0.04175109188656734,-0.2763321906764986,128,-0.17594934761430636,192
1633,0.12960133478748048,0.06479953808394612,-0.19608541455930606,128,-0.1470820305328573,202
1634,-0.07480984231108323,-0.03707650709739596,0.11248318255138656,288,0.103899146903359,104
1635,0.036505426920058426,0.018264348031237887,-0.04691345940784686,128,0.05020250029940598,270
1636,-0.11106307104441271,-0.0555208566742067,0.1194782070400322,128,0.12180292951708793,199
1637,-0.016227568954235494,-0.007929875505624295,-0.1182520164016978,416,0.07245043368942561,214
1638,-0.2565543458514128,-0.12861229789456274,-0.2565543458514128,256,0.1969011290049707,245
1639,-0.1090634107179369,-0.054700385121634554,-0.1090634107179369,256,0.11591769705199795,209
1640,-0.11707242636958881,-0.05862022574029879,-0.11707242636958881,256,-0.10062070414682012,389
1641,-0.007262600388173723,-0.003612205421092085,-0.19074117413316571,128,0.1220187480306123,120
1642,0.12913104226447558,0.06441403798339707,0.24574377888323795,128,0.19143158489811185,396
1643,-0.11407698252074283,-0.05702080950086952,-0.11407698252074283,256,0.13147205934384942,241
1644,0.1929213891878021,0.09659988537643471,0.1929213891878021,256,0.14812630824951611,342
1645,-0.22267296869841857,-0.11147582586789895,0.28220593679935746,128,0.23195344201639045,159
1646,-0.3649403317332087,-0.1826827085570244,-0.3649403317332087,256,0.2521900280502791,206
1647,-0.0436773388512961,-0.021906462248409753,0.08133310571071206,128,0.09748723747333088,167
1648,0.09884514491375285,0.04925965596117976,0.15690459465758977,128,-0.1235020664583999,107
1649,0.2870369944880906,0.1438886574204048,0.2870369944880906,256,-0.161598513539559,231
1650,0.014839721639617665,0.007540283946752879,-0.13489721468309313,192,-0.10422154239284964,194
1651,0.117233762493413,0.058556799003611104,0.117233762493413,256,0.12696559885654324,353
1652,0.3075841273918627,0.15349682114106145,0.3075841273918627,256,0.16538899262206996,262
1653,-0.015014695749755447,-0.007710639315973822,0.0944797243491351,64,0.07175734156376734,197
1654,-0.2869502403501656,-0.14345680755604917,-0.2869502403501656,256,0.18929229547072168,221
1655,-0.12102468993083448,-0.06060846531937614,-0.12102468993083448,256,-0.10032651386654834,279
1656,0.049329478340894184,0.024678953133786763,-0.07911792600175005,64,0.07712758136744924,318
1657,-0.17359633487521364,-0.086593449634222,-0.17359633487521364,256,0.09802422402714228,119
1658,-0.17090301064314417,-0.08573395459103494,-0.17090301064314417,256,-0.11894999247795113,386
1659,-0.2606438280920145,-0.13044573876550203,-0.2606438280920145,256,-0.15962641455701032,267
1660,0.026715740974736946,0.013539030628862747,0.18634556913212919,128,0.18056686548504786,430
1661,-0.21772564032318087,-0.1089995317853436,-0.21772564032318087,256,0.1897674583460116,219
1662,-0.3562557072555137,-0.17782601239809992,-0.3562557072555137,256,0.21420516555082258,185
1663,-0.036861438330902274,-0.018396286099942927,0.09139670413901513,160,0.06007045603698202,160
1664,-0.01366094752310687,-0.006361215536827558,0.15053947296757997,384,-0.12530851208805416,341
1665,0.24071708021824634,0.12026910812352298,0.24071708021824634,256,0.15651602028958678,418
1666,-0.0648905072267496,-0.032563595746637475,-0.19910057715344465,384,-0.14443149616079154,449
1667,-0.15597754450959656,-0.07788330150219736,-0.19506032082615832,128,0.15827077097847564,121
1668,-0.15740450240804194,-0.07876323214415493,-0.15740450240804194,256,0.1513611093251086,144
1669,-0.27144186437635653,-0.13578603614155327,-0.27144186437635653,256,0.15304612002930185,190
1670,-0.1902740813115713,-0.09495645877242964,0.2659911707078777,384,0.1842170538484993,161
1671,0.06688419098125564,0.03322675632955452,-0.23300945128059425,128,-0.14246019272275134,177
1672,-0.284023754970292,-0.14207173857175803,-0.284023754970292,256,0.20634170692758858,119
1673,-0.21616519721919758,-0.10806080645406269,-0.21616519721919758,256,0.13116835222328405,215
1674,0.20643833338058926,0.10333697514997198,0.20643833338058926,256,0.16838564151089486,308
1675,-0.2734816887812883,-0.13671259984855055,-0.2734816887812883,256,0.15395572474101016,121
1676,0.17934007071272617,0.08954442426482956,0.17934007071272617,256,0.18552586714207564,331
1677,0.1183004384221249,0.059080424679905263,0.1183004384221249,256,0.11438964981692834,347
1678,-0.21475634062039717,-0.10730490906411205,-0.21475634062039717,256,-0.16827190549980742,297
1679,-0.059882242763507065,-0.02980440250905758,0.1316786641212957,384,-0.11504614450626605,365
1680,-0.3486284201159151,-0.17418211456933363,-0.3486284201159151,256,0.20145694992356766,174
1681,0.0025003403697212434,0.0013252510137249374,0.08461480263900967,280,0.06494230739377826,312
1682,-0.324622306748779,-0.16220779454195622,-0.324622306748779,256,0.18550961732123028,252
1683,0.13039521606526705,0.06518376127337433,0.13269380007272957,192,0.12103424392898887,324
1684,0.16044330418139907,0.08004241862835215,0.16377676449673118,320,0.15100778501886225,457
1685,-0.19632075090382273,-0.09796855049779651,-0.19632075090382273,256,0.11437039226046863,189
1686,0.228914351447429,0.11434183615722304,0.228914351447429,256,0.13329743271145844,284
1687,-0.012475898806286523,-0.0063371186512313216,0.09365457257700882,384,0.06936121385510319,139
1688,0.029680171055474602,0.014686048481451053,0.16739426934611856,192,0.11861278715070966,322
1689,0.04917438425681553,0.024347011242014105,0.0916773710117198,64,0.08003130905746048,453
1690,0.2780244512498484,0.13865437678822445,0.2780244512498484,256,0.1757715539658875,282
1691,0.05082995439613569,0.02541320398705693,-0.11508791126090046,432,0.11591811987165102,301
1692,-0.21073041104966705,-0.10552145146036196,-0.21073041104966705,256,0.151365452855174,223
1693,-0.10227621512510154,-0.05097642829392157,-0.16399583827768538,320,-0.12490704160268251,475
1694,-0.015468603574390727,-0.007577106353238605,-0.12465370212936477,224,0.09260321049151798,92
1695,0.08923897484976351,0.044767387325407526,0.11550030054587523,320,0.08802998497804992,448
1696,-0.23299130604985407,-0.11661460848688421,-0.23299130604985407,256,0.15858053839482977,227
1697,0.16214378463769208,0.08103728412015698,0.16214378463769208,256,0.09895296124273045,390
1698,-0.0693805728594441,-0.03461179402313519,0.13090467094576752,320,-0.13847362697663357,283
1699,0.08285642618000111,0.04162352001577574,0.11324234108934661,384,0.10924248571939188,397
1700,-0.07476918918220576,-0.03724287377221458,-0.07884498421060471,384,0.08234914774540414,113
1701,-0.1364957196850014,-0.06822649357459909,0.13898865454564202,448,-0.14208328404697568,285
1702,0.02587222230926045,0.012895568681642544,0.11787397258183319,32,0.1128514677263297,308
1703,-0.04248309695620378,-0.021198371767468416,0.15194012225350662,128,0.12062363019975919,147
1704,0.1871917190445629,0.09347498496697426,0.1871917190445629,256,0.1601360311086637,294
1705,0.11789279043102852,0.0591202060041951,0.1853792806251704,128,0.13641009923890124,392
1706,-0.3218691968256451,-0.1608458457424149,-0.3218691968256451,256,0.16084584574247174,255
1707,0.23085161597165893,0.11539114969355069,0.23085161597165893,256,0.13265832696083635,310
1708,-0.27621423514702315,-0.1382243766597071,-0.3597074874376176,384,0.24908319113492894,127
1709,0.08486967597488615,0.04242921728831561,0.08486967597488615,256,0.0864017843599072,456
1710,-0.049586861965565276,-0.024984172895642587,-0.09033589987312496,64,0.10164855657833272,56
1711,-0.12334591380334814,-0.061440835146186146,-0.12334591380334814,256,-0.11504451857933873,329
1712,0.25465906078215994,0.12735681734346826,0.25465906078215994,256,-0.19408589292422107,177
1713,0.15475282672667845,0.07714595211177766,-0.3251223354541253,384,0.24053458282941165,331
1714,-0.049060107571762046,-0.024492474479842485,-0.07968687571286637,448,0.05876302893940988,170
1715,0.03774329273034027,0.018708408992608838,0.03774329273034027,256,0.0412412932028019,337
1716,0.2982994680700699,0.14907836256304563,0.2982994680700699,256,0.18185870191609865,301
1717,0.07903149987978964,0.03968008891379782,0.09464066955143835,384,-0.10070733318697478,97
1718,0.13607484470048803,0.06790436965610525,0.13607484470048803,256,-0.10176938513754408,182
1719,-0.03165517234859294,-0.016016825918711675,0.2912418160817083,384,0.15920905457795698,132
1720,-0.05914221761261729,-0.02944779941938691,0.1569688932623876,384,0.1369794328829812,145
1721,-0.021279247517895783,-0.010738988933042037,-0.13803741566704275,128,0.09739450384752502,91
1722,0.1536746772478068,0.07677220519536831,0.1536746772478068,256,-0.13545349195614165,71
1723,0.1284158744307149,0.06391430904119488,0.17223097254640152,384,0.1489429340915649,410
1724,0.21285526599791638,0.10636289266693666,0.21285526599791638,256,0.15197284178907466,274
1725,0.2699905949325796,0.13462952183022026,0.2699905949325796,256,0.16132589425450305,258
1726,0.11676840401929667,0.05845930267665267,0.12147177646960472,64,0.11909990420531358,325
1727,-0.2482017695176637,-0.12448871565692343,-0.2482017695176637,256,-0.2521963138112824,355
1728,0.1375164704134022,0.06880801724918229,-0.15872501062460742,384,-0.14505341712390418,202
1729,0.1447611945391145,0.072193274281517,0.1447611945391145,256,0.15167886319062518,303
1730,0.1502038257721381,0.07473847503655406,0.1502038257721381,256,-0.1555885893404536,207
1731,0.18448659407911805,0.09212812001385373,-0.2150628701969879,128,-0.18885571518714528,148
1732,-0.07663170814694809,-0.03829524794886652,0.078034395383213,320,-0.0798861326795759,299
1733,-0.10240927171139447,-0.05118166904242116,-0.10240927171139447,256,0.06819031915426876,95
1734,-0.3461968036444887,-0.1730843314477113,-0.3461968036444887,256,0.23437048461681798,121
1735,-0.1294096025523288,-0.06472654245428089,-0.1723742335889824,384,0.13127117043751468,122
1736,-0.0007281205846254579,-0.0003084818891068153,0.11139031954627399,384,0.09206978556255763,146
1737,-0.03340529490952804,-0.016591586438408967,-0.038319278192602724,160,0.04305683692945195,158
1738,0.12503112184955967,0.06231449517440524,0.12503112184955967,256,0.08313666275353171,450
1739,0.1817841442474446,0.09099514995702407,0.1817841442474446,256,0.12671496740307475,334
1740,-0.06332472141855305,-0.031680849593215044,-0.18496750444065668,64,0.15144497526955547,151
1741,0.011097338967658743,0.005483487642550244,0.10101820017342789,192,0.07786466440762752,453
1742,-0.14536509734844572,-0.0727240170919572,-0.14536509734844572,256,0.14039050456858604,184
1743,0.1452274115589205,0.07274736783483604,0.1452274115589205,256,0.12914107931499075,355
1744,-0.40585092549406454,-0.2027932754678261,-0.40585092549406454,256,0.27660208027106137,177
1745,-0.03692561125569682,-0.018479784663270493,0.17429552416109573,192,0.14525247772519378,72
1746,0.03416851407996546,0.017552318679094014,0.06646164791136755,128,-0.05365735874815414,100
1747,-0.21375295262768645,-0.10688373720145705,-0.21375295262768645,256,0.1335568146200785,200
1748,0.1387578377005525,0.06926672293303682,0.19909785800933832,384,-0.14690102160984964,125
1749,0.0009124395918433947,0.000439018473230135,-0.05776829844070619,128,-0.06964899452728446,178
1750,0.09244045335475448,0.04627331469441742,-0.1494615208262644,128,-0.13338548707008613,152
1751,-0.1353012959796729,-0.06747249999182259,-0.1353012959796729,256,0.13262768274347536,220
1752,-0.18895946549159248,-0.09443595960561879,-0.18895946549159248,256,0.186025632586734,198
1753,-0.34595254942715314,-0.172755211165196,-0.34595254942715314,256,0.1910075821565158,223
1754,-0.03214865438272341,-0.016311016382587695,0.1338451130324927,128,0.0895057212110828,192
1755,-0.2389680928061182,-0.11959971220241528,-0.2389680928061182,256,-0.13929001766837246,275
1756,0.12277148180322683,0.06110064842062002,-0.183666407192959,64,-0.17196478655029068,84
1757,0.11253963677697243,0.05641405158846169,0.12800294278156343,192,-0.20679683449003505,152
1758,-0.12748808351722118,-0.06389575065298914,-0.12748808351722118,256,0.08480226743489538,246
1759,-0.206757674835643,-0.10368265125600828,-0.206757674835643,256,-0.1561261011846682,387
1760,0.02528228299271973,0.0127362901804986,0.06351675239307042,128,-0.07847121413303171,106
1761,0.016607769731791677,0.008631639369781396,0.15933243647492645,192,0.1534964145718618,334
1762,0.2920934289983279,0.146047652616204,0.2920934289983279,256,0.22376681809583943,288
1763,-0.015857020538305733,-0.008009324308602572,0.1951009661887042,384,-0.10846097842500058,319
1764,0.16572415784099803,0.08286370066568338,0.16572415784099803,256,-0.14957657219679277,220
1765,-0.12682627150468306,-0.06334525348864872,0.21610181553012353,128,0.17697102201046278,141
1766,-0.17556998494328013,-0.08785634176982171,-0.17556998494328013,256,0.19265121615953262,190
1767,-0.22291186361468363,-0.11157425143133537,-0.22291186361468363,256,0.23265836185873923,163
1768,-0.07091643556714189,-0.03539528545684334,0.1572380355527372,128,-0.12510633301991447,299
1769,-0.31317466362639834,-0.15672609155004125,-0.31317466362639834,256,0.16714076215600926,249
1770,0.5766563155123663,0.28846432088303686,0.5766563155123663,256,-0.3052103034808056,248
1771,-0.04610894693959722,-0.022881376219231697,-0.13375303074911926,224,0.09515068672536131,159
1772,-0.29497219653347884,-0.1475991652393418,-0.29497219653347884,256,-0.21289073434951433,387
1773,-0.11497807591265996,-0.05750073867736205,-0.11497807591265996,256,-0.11473868984512592,327
1774,-0.3241141019019551,-0.16198264675830387,-0.3241141019019551,256,0.17638932298081045,245
1775,-0.3103883849765623,-0.15502880531323626,-0.3103883849765623,256,0.16355306926249114,211
1776,0.3803260016315164,0.1901756345419301,0.3803260016315164,256,-0.20024268009598245,187
1777,0.06154904708216691,0.030814791025818522,0.08342823406036359,272,0.09800167840217,368
1778,0.37935068405354855,0.18960464477976302,0.37935068405354855,256,-0.19850454403501772,220
1779,-0.04281701378968705,-0.021078141497440583,0.13066960404597694,128,-0.0878949301099965,371
1780,0.18142530985784333,0.09071808703822626,0.18142530985784333,256,0.12769874476498444,368
1781,0.24013503361987887,0.12047249912606617,0.24013503361987887,256,-0.16345342209808678,240
1782,-0.11714246915542503,-0.058460320417225375,-0.12191851140426024,32,0.15179502499412934,155
1783,-0.03379473735571992,-0.016882677569071802,-0.12831710641177096,384,0.1257694356598904,107
1784,0.06640770792179751,0.03340335854051091,0.1826838321857167,448,-0.1513819118415256,170
1785,-0.02468512692786362,-0.012614526889649369,0.09278331755577085,64,0.07661998599493813,227
1786,-0.33118852843168156,-0.16548475482954927,-0.33118852843168156,256,0.20093098729995518,184
1787,-0.09386115658256244,-0.046883891933504174,-0.1898855081665829,448,-0.12679966292961353,324
1788,0.29210081632464835,0.14593075775871966,0.29210081632464835,256,0.1704997280175462,278
1789,0.3279607791367596,0.16381176892105032,0.3279607791367596,256,0.20195341010077072,276
1790,0.00685763838754383,0.00339953033517304,-0.06808411237113887,128,-0.07548506243205111,216
1791,0.10718223669616123,0.05361534245852795,-0.10871425020252445,224,0.10301905010470591,287
1792,0.058202707916279905,0.02922744328850513,-0.06788940638529084,192,0.08356936756246114,276
1793,-0.15919903898713983,-0.07956179088563431,-0.15919903898713983,256,0.09343449479968058,248
1794,0.059241424536651266,0.029514443208540797,0.059241424536651266,256,0.05962576820513732,344
1795,0.08857654917829905,0.044616659814380455,-0.13323137207845548,64,0.1546638882053344,415
1796,0.025463600445277734,0.012695106884905272,-0.0833926139769261,128,-0.070893307883523,135
1797,-0.04910450807113875,-0.024453589228272676,0.2008349462449246,384,0.14945265947235953,148
1798,-0.24766743232763133,-0.12385937620246068,-0.24766743232763133,256,0.14812489377581528,239
1799,-0.010389291082077534,-0.004982082843952185,0.07511067004463712,384,0.07465620363419134,213
1800,0.24733435281052607,0.1237614035081549,0.24733435281052607,256,-0.17824642908601618,185
1801,0.059547799419704006,0.029507174953948834,-0.2028547066434072,128,0.13223064222910352,370
1802,-0.18506204537746385,-0.09234087353297582,-0.18506204537746385,256,0.11272281977957732,243
1803,-0.027559018088766152,-0.013704400294273,-0.063835209015906,128,-0.06852880726080457,395
1804,0.06288670471226965,0.03125915051788297,0.08721619339897302,128,-0.09668391099569362,90
1805,-0.06405555206103486,-0.03222574100868769,-0.06405555206103486,256,0.08151818194929206,197
1806,0.2116254030358391,0.10565015277342127,0.24625140985892813,128,-0.2423348515728776,102
1807,0.11054166136128174,0.05538715833912988,0.11054166136128174,256,0.10666990301842816,404
1808,-0.22724431247652888,-0.11393923938402395,-0.22724431247652888,256,0.19647403965834087,219
1809,-0.11667244579012959,-0.0584510637242488,-0.11667244579012959,256,0.13300263961446035,195
1810,0.15135746051007004,0.07584233591478551,0.15135746051007004,256,-0.10961040878976291,206
1811,0.019718637748212586,0.009890314812679435,0.06780400702069755,128,0.06818259538130178,432
1812,-0.03616548315636692,-0.01803432957117934,-0.15618904098414532,64,-0.1208413464000273,339
1813,-0.00404847058911173,-0.0021597661676651114,-0.20425207566074732,384,0.1389511840125266,114
1814,-0.1600755152268789,-0.08020701236887362,-0.1600755152268789,256,-0.09672463838137446,263
1815,0.23803569546544168,0.11901617774640272,0.23803569546544168,256,0.1281320934091923,292
1816,-0.22057275152403122,-0.11016294351333045,-0.22057275152403122,256,-0.13000770086637203,355
1817,0.17162358292657132,0.0856466452990503,0.17162358292657132,256,-0.11126016252887894,222
1818,0.12530284367969102,0.06267743778161616,0.13940845382106204,128,0.10481166962864563,385
1819,0.2574620100255913,0.12877489265261488,0.2574620100255913,256,-0.20895192004411456,234
1820,0.01241466045718198,0.00593372102542844,-0.1475973216618769,128,0.10542080661667796,300
1821,0.03342666440980224,0.017044509215025982,0.08529619569776514,64,0.0790010850737417,472
1822,-0.11673748139287454,-0.05823671954479437,-0.11673748139287454,256,0.0964330130640576,197
1823,-0.023381751224690106,-0.01181645545034371,0.2042997769375603,128,0.11645913447756584,132
1824,-0.1965746484353872,-0.09806260908348463,-0.2505302370080642,128,-0.1950640284800329,393
1825,0.1771618352133828,0.08847262319471838,-0.30662317528441463,128,0.22185517648159703,377
1826,-0.11365408371355556,-0.05681428368757224,0.12188744317894162,64,-0.15475833342145506,312
1827,-0.10002014116739133,-0.05004233700205418,-0.10002014116739133,256,0.08105961060795153,242
1828,-0.127328343311774,-0.06358620704986606,0.2710479196198179,128,0.19620731742506337,167
1829,0.03046041895342455,0.015148849756542404,0.1287159702264944,384,-0.08792763367013379,118
1830,-0.023321989067824234,-0.011703624104484334,-0.19555338318036775,384,0.1249179347646674,59
1831,-0.006110787166392129,-0.0032501010376790873,0.15566933674635663,128,0.09532341292572255,162
1832,-0.1791805697039024,-0.08911921463771932,-0.1791805697039024,256,0.1439341620284722,200
1833,-0.1905863111308861,-0.09544634200770474,-0.1905863111308861,256,0.14362278788269123,225
1834,0.25581608656150934,0.12825036469175188,0.25581608656150934,256,0.13905307823438307,262
1835,0.2036909872175272,0.10194634636079059,0.2036909872175272,256,-0.16560003402764778,228
1836,0.0881463322415641,0.044286795697559,-0.15728442234922113,288,0.16202979879562918,401
1837,0.0902834130513952,0.0451676707393176,0.0902834130513952,256,0.10734960995750953,426
1838,0.14015032188649457,0.06993893225040893,0.14015032188649457,256,0.11237402055462553,344
1839,-0.08433838404283733,-0.04228796421273273,0.18488496594034132,128,0.1285990565083921,160
1840,0.060255973887393566,0.029901737772718207,-0.17566605641547994,128,-0.11232522217386531,160
1841,0.0005686997729412724,0.0002983741978539456,-0.17401408486882985,128,-0.11083394015446402,134
1842,0.16187583948158135,0.08096692931607663,0.16187583948158135,256,0.1419227503523075,344
1843,0.05302222501597953,0.026607537639591783,-0.0922135434793745,192,-0.12575243008592452,204
1844,-0.3156668435643155,-0.15768049919233817,-0.3156668435643155,256,0.16143980093275445,223
1845,0.018783346336107343,0.00898081986872512,0.16860828566373698,128,0.1535931285182528,437
1846,0.05300567560232139,0.026294113105905126,0.05300567560232139,256,0.06094348509441261,422
1847,-0.3268877342957808,-0.16342344767582517,-0.3268877342957808,256,0.27549970351265074,170
1848,-0.07162564975300256,-0.03591849543226999,-0.1344978124975995,128,-0.08567762615314223,385
1849,-0.25605306452112586,-0.12783745745386454,-0.25605306452112586,256,0.16944360894279953,167
1850,-0.40979655919198876,-0.2048366022440007,-0.40979655919198876,256,0.2316247226336543,217
1851,-0.18354823743933935,-0.09159184429512379,-0.18354823743933935,256,-0.11241175183215546,269
1852,-0.011973528260256217,-0.005914013336365542,0.15281284183799926,128,0.14238303322503043,169
1853,0.24840342527019743,0.12419575911440006,0.24840342527019743,256,0.12875238227115915,320
1854,-0.2635731278912772,-0.1319717229854973,-0.2635731278912772,256,0.13197172298552573,255
1855,-0.17803096771453397,-0.08900100315915438,-0.17803096771453397,256,-0.1532611279358207,303
1856,0.2674269840937882,0.13378969265409069,0.2674269840937882,256,0.20623618850277126,281
1857,-0.027936423612601402,-0.013800214704644986,0.06694520757446298,448,-0.07333937558280468,441
1858,-0.180529269224877,-0.09006489207587265,-0.180529269224877,256,-0.1442767211926821,369
1859,0.043171191218903004,0.021407794463982555,-0.09069922475106296,224,-0.07653246500228761,184
1860,-0.020454953960069133,-0.0104096413126058,-0.16453099837298168,192,0.14173199660609725,159
1861,-0.042941424679469264,-0.021543386116491092,0.12082814642582207,288,0.13290275757051973,167
1862,-0.19028618056424307,-0.09497530637426621,-0.19028618056424307,256,0.14299932786724412,216
1863,-0.10536502530547409,-0.052990431384102976,-0.13588782991445214,320,-0.11984458652017338,325
1864,0.42344503462055627,0.2115097908559278,0.42344503462055627,256,-0.23427034906382005,243
1865,0.09916604963797226,0.049546003251748516,0.10589931913699502,384,0.11575983392526723,457
1866,0.23910971557427274,0.119513799847482,0.23910971557427274,256,0.1713301634047184,346
1867,-0.10622657369597732,-0.053167432893189925,-0.23002915774864618,128,0.1494939981283352,125
1868,0.0663251568972214,0.03315784707126568,0.0832198831083133,336,0.09462015119925127,370
1869,0.020416724247894535,0.010156916803623517,-0.2131735274044786,128,-0.12557053946662222,159
1870,-0.06508606214106294,-0.03263329605738363,-0.10895305323367666,128,0.08068931177822947,115
1871,0.013055976145011527,0.006481472698567359,0.06599463497378366,64,-0.062010726753115364,60
1872,0.2192064877095845,0.10987015608816364,0.2192064877095845,256,0.15569798485330466,311
1873,0.17088491745019496,0.08546114805534444,0.17088491745019496,256,-0.11568474161759923,191
1874,0.08725600809222556,0.043831763359804654,0.08725600809222556,256,0.0874251213819548,368
1875,0.07003147492179096,0.03513165166731369,0.09474118857440317,128,0.08760062408811109,421
1876,-0.22059732824948242,-0.11025529593754868,-0.22059732824948242,256,0.14640015804195627,229
1877,-0.15926196699720663,-0.07946820689608103,0.17909225440013188,320,0.19302744714377695,193
1878,0.029268749446003994,0.01458933601611534,-0.22344196082778467,192,-0.14379795418054186,196
1879,-0.20262012320344525,-0.10116949859778401,-0.20262012320344525,256,-0.17332572794407497,303
1880,0.021075724023717157,0.01016579464538836,-0.04659764344035011,264,-0.060608148014097196,104
1881,0.20714616366956307,0.10363289344650184,0.22695208486828733,192,0.18808794987853616,320
1882,0.04164749313142124,0.020730879084169374,0.04164749313142124,256,0.044143830047687516,355
1883,0.21346495339520288,0.10658902288207628,0.21346495339520288,256,0.1513168477193858,270
1884,-0.2404327474136494,-0.12017147920838056,-0.2404327474136494,256,0.2042694637858915,195
1885,-0.24060876543930476,-0.12040083065906515,-0.24060876543930476,256,0.20415759195124394,99
1886,0.0057139774036159,0.0027353855634828506,-0.04634816094346661,360,-0.038042161342218606,184
1887,-0.17934992927825988,-0.08969764160980276,-0.17934992927825988,256,0.13024015597036964,227
1888,-0.241439693528946,-0.12062826931000359,-0.241439693528946,256,0.20596940658688823,205
1889,0.0716784745402208,0.035927083927759895,-0.08418779637997886,320,-0.11430982154621461,235
1890,0.08127232383515093,0.040569419147800545,0.12950075292445717,320,-0.14423391193417956,179
1891,0.10670194557596346,0.05346837644137281,0.16900533819115537,128,-0.15673638928566902,113
1892,0.07328199172889072,0.03663014963808564,0.07328199172889072,256,-0.07705498053593374,180
1893,-0.09007967241521442,-0.044933047143075555,-0.09007967241521442,256,0.10219561382589859,202
1894,-0.14404366202398933,-0.07201327867738883,-0.14404366202398933,256,0.14307065150194376,162
1895,-0.11314954347508888,-0.056607839767849555,-0.16917281029020614,384,-0.12391500715256143,402
1896,0.22396973248186214,0.11204767215770062,0.22396973248186214,256,0.1458435956564017,357
1897,0.03544435349556352,0.01773642033742817,0.03544435349556352,256,0.04801109451489083,376
1898,-0.05637039229867469,-0.028318164684094427,0.1239923262393745,384,0.10051854892589063,170
1899,-0.024014854137703878,-0.012061132304438615,-0.1733922535818806,128,0.12515890567526355,59
1900,-0.11989262691125191,-0.05988845201372328,-0.11989262691125191,256,-0.06628995962279305,292
1901,-0.1257720278332215,-0.06266172768309275,0.2706945654520041,384,0.20068327025668964,171
1902,-0.1603631619458099,-0.08026113870548102,-0.1603631619458099,256,0.19125678445507788,167
1903,-0.30309670764265206,-0.15156543727621852,-0.30309670764265206,256,0.18659236150875813,123
1904,-0.09149650918445218,-0.04539337952820688,-0.0997402417893909,480,0.11677813054203057,222
1905,-0.08363520072197161,-0.041929221602345024,0.11904391827084737,352,-0.0872633751736771,411
1906,0.20169108582533113,0.10073633672328697,0.20169108582533113,256,0.1702948650110443,333
1907,-0.21913609533649492,-0.10944625874449798,-0.21913609533649492,256,-0.14015046162450062,266
1908,-0.25011412868556704,-0.12495611626601999,-0.25011412868556704,256,0.16619640144409686,183
1909,0.02735575537639079,0.013609481956279978,0.11758975769282642,192,-0.10414588021657778,141
1910,0.19094147576740284,0.09544490691985175,0.19094147576740284,256,0.11941452441459433,259
1911,0.060484325267509575,0.03014957594535872,-0.06671224539309151,320,0.07538152225544081,318
1912,-0.12289068948854265,-0.061500306210291455,-0.12289068948854265,256,0.13247910824395603,150
1913,-0.4668048798461655,-0.23335846877114363,-0.4668048798461655,256,0.2668677098131127,233
1914,-0.2585256347286986,-0.12915337249754089,-0.2585256347286986,256,0.1291955710487116,253
1915,0.02890224778980155,0.014334380105424316,-0.09188067973279601,128,0.0928284750376065,368
1916,0.13646296163335592,0.06813788428354428,0.13646296163335592,256,-0.15786935830743687,206
1917,-0.024104802029739858,-0.011622080752403008,0.07221946465063311,32,0.06784044337896944,103
1918,0.05019042743930413,0.025358806374129017,0.11266514870925448,416,0.10746398313301597,354
1919,-0.014404219338786106,-0.007138940912483349,0.06742570045736329,320,-0.06074403149398222,274
1920,0.16982552362077286,0.08482354217989041,0.16982552362077286,256,0.12804498404972264,284
1921,0.3439720235252821,0.1718604181760952,0.3439720235252821,256,-0.19751734975295676,218
1922,-0.14377849250621466,-0.07180297533869862,-0.14377849250621466,256,0.10119268464200104,199
1923,0.15576503892179971,0.07769224587735835,-0.20310576493767485,320,-0.15350486872722513,68
1924,-0.07612632923323304,-0.038271897264110066,0.10237310106921882,128,0.1021076766742226,141
1925,-0.4327578045954681,-0.2164302340022175,-0.4327578045954681,256,-0.2433579881817991,295
1926,-0.14433002793433047,-0.07232883806193513,-0.14433002793433047,256,0.10647285362192349,95
1927,-0.248463749485893,-0.12434967385124196,-0.248463749485893,256,0.23608490353595357,205
1928,0.1817305195252743,0.09069668610811732,0.1817305195252743,256,0.12659311022491693,266
1929,0.09553483100020799,0.047911231759769635,-0.1074380595452169,64,-0.10454052874885633,206
1930,0.338612629230596,0.16917276786676894,0.338612629230596,256,0.18499426354446769,277
1931,0.23861454668337956,0.11945097803092608,0.23861454668337956,256,-0.15354940444552767,233
1932,0.12750635666407106,0.06354834767222428,0.1713316270958103,128,0.14848262574849969,416
1933,-0.0870925713813051,-0.04348618582983477,-0.0870925713813051,256,0.0901312464086459,93
1934,-0.059305102116496755,-0.029832306307469025,-0.14807410503823348,192,0.09245376571868746,191
1935,-0.07559405471965874,-0.03770159656016858,0.14705275646812765,128,0.12935897348671688,160
1936,-0.01314560545557697,-0.006388766710500704,0.1489584797835164,224,-0.10223212235689516,347
1937,-0.26836936826700253,-0.13433067214239713,-0.26836936826700253,256,0.13674272513614483,253
1938,0.12274159761111036,0.061469319688768564,0.12274159761111036,256,0.10322251596517162,283
1939,-0.1946207929188688,-0.09751609885142898,-0.1946207929188688,256,0.13636932639424515,89
1940,0.12019408378375829,0.060099267054710026,0.19271729434132112,64,0.18668730663091537,462
1941,0.16178931619396053,0.0808485526001732,0.16178931619396053,256,0.09187148580133453,273
1942,-0.33555209343091974,-0.16778694911570824,-0.33555209343091974,256,0.19712311608194,217
1943,0.11229098224691825,0.05613989273763309,-0.2368880177734809,128,0.1875588836567772,327
1944,-0.030673990171692367,-0.015444093491225885,0.22237736301167388,128,0.1325121060629897,138
1945,0.08472409291223926,0.04213066758882178,0.29562273787524873,384,-0.2156308183531337,79
1946,0.13119839959085766,0.06576957734392863,-0.17142412296000487,128,0.1789376756454999,343
1947,-0.08647672792449157,-0.04345023848901519,-0.08647672792449157,256,-0.10187839663751674,371
1948,0.3814806773291366,0.19087001125777192,0.3814806773291366,256,-0.2720503233654199,224
1949,-0.13833145709651262,-0.0692161555937787,-0.13833145709651262,256,0.141476668477452,149
1950,-0.05904055286927701,-0.029582999109095454,-0.13578621146490377,320,-0.09588112619911726,457
1951,0.23629607202306602,0.11839867779403335,0.23629607202306602,256,-0.1324449402999619,249
1952,-0.1509272918462159,-0.0755210670446047,-0.1509272918462159,256,-0.1087359052015131,295
1953,0.2023565857371068,0.10123416859389067,0.2023565857371068,256,-0.1461558134919585,218
1954,-0.2505260027004965,-0.12536465386739337,-0.2505260027004965,256,0.14463297559802868,222
1955,0.13488976109243822,0.06746764199354516,0.13488976109243822,256,0.12643787341033885,362
1956,0.21410371458475197,0.10698392748372498,0.28709254652233085,384,-0.2298659316106182,109
1957,-0.3604193065525294,-0.1804106005107542,-0.3604193065525294,256,-0.1839362602432857,324
1958,-0.07670823666464344,-0.038381032669718707,-0.08550888410100299,128,0.06537813420406735,126
1959,0.06960644379017822,0.03488230929744418,0.1842868564802984,192,0.15000412060135204,324
1960,0.2730860344090331,0.13675497695254535,0.2730860344090331,256,0.16154361386566052,284
1961,0.23524563453906921,0.11754435828339638,0.23524563453906921,256,0.17968268465347137,300
1962,-0.06085763567915592,-0.030328575157625437,-0.2707175526091987,128,0.15677844102658867,123
1963,-0.21058153308683814,-0.10535296911325531,-0.21058153308683814,256,0.16069384022492272,209
1964,-0.208258159295184,-0.10430677672860611,0.2369076454311312,384,0.24803225787235306,178
1965,-0.024321217375529613,-0.012078623162864233,0.06440047749678968,64,-0.05313662760573834,313
1966,-0.049388230473937256,-0.024758310039089793,0.10893125750175159,128,0.0841046266757246,224
1967,0.1628406130367921,0.08100290189628367,0.1628406130367921,256,-0.11692421728196223,94
1968,-0.03563036867214464,-0.017736659521034426,0.12840911005264388,384,0.0904366729416779,153
1969,0.23347253820233504,0.11705564012302716,0.23347253820233504,256,-0.13571760053568482,228
1970,0.06944656888208556,0.03470492273709169,-0.3355167849605323,128,0.19312489166571822,382
1971,-0.051838742295558404,-0.026022282268172603,0.0665439616390131,128,0.07587943064913816,205
1972,0.026655904595060065,0.013248739990103786,0.15051737366414386,128,-0.11861039775943993,110
1973,0.35491330426322065,0.17741160975293724,0.35491330426322065,256,0.20480255516088164,266
1974,-0.04797101412398774,-0.023770254261677337,-0.11711965760858334,128,0.10438366498753737,114
1975,0.039879239858663595,0.01985439710540504,0.042284446419898813,380,0.0596810091215616,340
1976,0.14062420597815617,0.07019583001874707,-0.1465073242144399,384,0.14129744284014123,324
1977,-0.05532815954725834,-0.02777512046685615,0.0858729527686819,480,0.09637000743742874,172
1978,0.0320757816293451,0.01623515235999662,-0.11661819061038159,128,-0.08401944702151809,212
1979,0.09093921614561395,0.045701863660923436,-0.0922358938304626,192,0.11237787191487314,410
1980,0.1792222371903449,0.08951669168521903,0.1792222371903449,256,-0.16917931590330682,185
1981,-0.2033427824978844,-0.10145657814047127,-0.2033427824978844,256,0.1652673754004752,208
1982,0.13890280657943777,0.06967603732081784,0.13890280657943777,256,0.08678352409356194,297
1983,-0.011055601774188517,-0.005269484813851477,-0.12441741078868063,384,-0.08789146408417992,449
1984,0.2792728738358221,0.1396122862306015,0.2792728738358221,256,-0.21906192421661785,202
1985,-0.08119330234762856,-0.04059869938211591,-0.15402665280799965,128,0.15368400237889546,77
1986,0.23572205185416806,0.1179287718750004,0.23572205185416806,256,0.182041946151287,292
1987,0.11738503834828862,0.05846163511063196,0.11738503834828862,256,0.09806669175731031,338
1988,0.2107631324361421,0.10539926552945644,0.2107631324361421,256,-0.12341561015981029,236
1989,0.07607923729150912,0.03800971028914546,0.29477138506629785,128,-0.17643276460076152,110
1990,0.09737013574311959,0.048395209758666624,-0.25501533269488164,384,-0.1717153341267874,134
1991,0.04793568758296374,0.023808091557782518,0.06908693694305157,352,-0.07447263228732481,219
1992,0.08591233173666524,0.04322090222501629,0.1787827047497217,384,-0.11640376633400251,117
1993,0.31539932858288466,0.1576057005593725,0.31539932858288466,256,-0.2880152148412094,205
1994,0.06647642489957661,0.03335724800490425,-0.10301222621458805,192,-0.11504679502837689,71
1995,0.1976281067105674,0.09851478029759164,0.1976281067105674,256,0.13712094837165978,290
1996,0.36193529882302755,0.18101812121366834,0.36193529882302755,256,-0.20146565662440707,190
1997,-0.1375308102279007,-0.06859149418446009,0.1738641195369155,384,0.16681876912272742,166
1998,0.26136527017956723,0.13088245356797756,0.26136527017956723,256,0.20998472019715564,352
1999,0.23306672387042227,0.11643329632318,0.23306672387042227,256,0.17077755454312182,393
2000,0.43321132142801844,0.2165534674231253,0.43321132142801844,256,0.25379017954531946,328
2001,-0.08277009400103452,-0.04133296744859649,-0.08277009400103452,256,0.09907822791410581,201
2002,0.34237940817456547,0.17094303958731416,0.34237940817456547,256,0.1860414817776359,352
2003,0.25028138098065256,0.1250908826128807,0.25028138098065256,256,-0.184044762030652,236
2004,-0.1604974496160878,-0.08024060536848765,-0.1604974496160878,256,-0.116621583108099,333
2005,0.22223590894441259,0.11095730954747296,0.22223590894441259,256,0.24814484114614288,360
2006,-0.26326310000794706,-0.13149804040074287,-0.26326310000794706,256,-0.17792099986337462,336
2007,-0.12419254966093263,-0.0620155006917571,-0.12419254966093263,256,0.10834772717174701,177
2008,-0.10112509177000106,-0.05055774689353143,-0.10112509177000106,256,0.07488095997351252,248
2009,0.029539350950585685,0.014773545294644919,-0.08466545826740912,384,0.06529286222348674,373
2010,-0.054740020339693274,-0.027443269876300747,0.13837894395288686,192,-0.13130449761627006,427
2011,0.030984787425438753,0.01547804669934294,0.1772779002063345,64,0.11798252995799885,454
2012,-0.4782007113248312,-0.23905750323149277,-0.4782007113248312,256,0.313619284608734,201
2013,0.03240245147645737,0.016434032604905724,0.1314869790756461,384,0.08076424215875022,393
2014,0.03626354755553507,0.01825554659276918,-0.09358989030022258,288,-0.10786542210240668,162
2015,-0.04585754574455336,-0.023038015113343135,0.16941936663761226,224,0.11748252215114974,96
2016,0.18869737756494942,0.09441561811706833,0.18869737756494942,256,0.16203964685240635,350
2017,0.09691763775586537,0.04863686791452437,0.1981008156813573,128,0.12969656927123197,392
2018,-0.11558895970492244,-0.05784480505806755,-0.11558895970492244,256,0.10553118444710208,236
2019,-0.0987499974958439,-0.0497032116490459,0.10826471922450764,160,0.12392279507744774,163
2020,-0.02804813903799186,-0.013805924858047547,0.07328283273238867,416,-0.061709873505151336,345
2021,-0.03574789946895862,-0.017842346062622028,0.08523975922730642,192,0.08512081641342206,195
2022,0.1681731280123131,0.08415783446963587,0.1681731280123131,256,0.1347641479199524,343
2023,0.31559628114538896,0.15771253387299566,0.31559628114538896,256,0.19823934478404226,318
2024,-0.03108869840750117,-0.01556453463203411,-0.1876317578569342,320,0.11760906028709428,62
2025,-0.04700186032351894,-0.02350608757393502,0.08023223957547998,352,0.06457033990886885,229
2026,0.013960200047563376,0.007003984803958474,0.07384166363891609,464,-0.06186462893947464,207
2027,-0.03972493653296283,-0.01977677565423619,-0.06643738082703976,160,-0.0816870195779984,308
2028,0.06391934373112917,0.03182415178093834,0.09287865672919793,64,-0.07975481948218999,183
2029,0.027023707075443326,0.013681019005133521,-0.07864321769332605,32,-0.08957295109337338,97
2030,0.015158653966210522,0.0073944453719718695,0.1381239356513504,128,-0.10780314650929768,89
2031,0.10145700319199591,0.05082080318746307,0.22579764956714143,384,0.20437795220465205,402
2032,0.3326057704892378,0.1660941491719541,0.3326057704892378,256,-0.2471324487683546,188
2033,-0.0772186219275568,-0.03847198971726584,-0.0772186219275568,256,0.09223141808882929,150
2034,0.10424508593436599,0.05231649953501005,-0.2905287014578448,128,-0.20754954993577712,136
2035,0.1377351130240072,0.06877299506714962,0.14124984613886227,128,-0.13643710185218083,122
2036,0.2223515435238994,0.11123621982707732,0.2223515435238994,256,0.19555844314430715,312
2037,-0.21913356742240353,-0.10930485848979288,-0.21913356742240353,256,0.18428811721204852,159
2038,0.01786723162140902,0.009048506077618867,0.2502892246993156,384,-0.14912494961856737,124
2039,-0.08100087653696164,-0.04058290673833653,0.1301369807173245,128,0.10689815858097518,160
2040,0.10195049615700214,0.05072881990889755,0.10195049615700214,256,-0.07931935567717119,218
2041,-0.08377164242003232,-0.04197656604827671,-0.08377164242003232,256,-0.09674918380045483,413
2042,0.020291338747966847,0.010620928600673096,-0.08603873952449703,384,0.13085179291385884,360
2043,-0.16676620726073565,-0.08347548392995918,-0.16676620726073565,256,0.16874083608703927,171
2044,0.26784516235088063,0.1338381140170668,0.26784516235088063,256,0.15419314309332321,276
2045,-0.06325321455830135,-0.031706830434302447,0.19416465764743407,128,0.13894278478696265,167
2046,0.07388991069726103,0.03662978357738211,-0.107027214748598,384,-0.11881292233681506,168
2047,0.071706147174325,0.035911556662227895,-0.09308720298781736,448,0.11614937234071476,305
2048,-0.09156053150456955,-0.045664971013053446,0.1453840860374953,384,0.15414073879151147,196
2049,0.042518669145266585,0.021378355967158313,0.12986916427200867,448,-0.10962280676079672,46
2050,-0.20656379480732312,-0.10317163786058359,-0.20656379480732312,256,0.18700572026261852,153
2051,0.0896429657018416,0.044867895964017634,0.0896429657018416,256,0.09153213295627438,302
2052,-0.11865570255346825,-0.05937520117512918,-0.2720648882852288,384,0.16619469144467303,119
2053,-0.265928298177613,-0.13297290119248828,-0.265928298177613,256,-0.19138305368517194,316
2054,-0.09461859070853507,-0.04752564443469964,0.12039970366890884,128,0.12141071849848117,177
2055,-0.08439995609782613,-0.04197602771571951,0.14790974444144922,384,0.10718738945877249,194
2056,0.3908389925054223,0.19529882977707302,0.3908389925054223,256,0.2912350284826175,355
2057,0.19012251759730248,0.09498826207158118,0.19012251759730248,256,-0.09723775757984754,253
2058,0.17129062359620661,0.0855741485322028,0.17129062359620661,256,-0.1023158072039223,122
2059,-0.001731644582548597,-0.0008644714036734058,0.1220110931109133,128,0.07685547782034519,129
2060,-0.14372007722906233,-0.07202241569314083,0.19162257830359408,128,-0.15143837134559135,366
2061,0.1523174429331391,0.07642584032782906,0.1523174429331391,256,0.11917092304400967,407
2062,-0.010664077980692355,-0.005338409449876735,-0.06067186322030693,384,-0.054449199578698426,420
2063,0.24783442368476472,0.1240871994161239,0.24783442368476472,256,0.14273164958041207,290
2064,0.22019889473875764,0.11004437779797627,0.22019889473875764,256,0.1715156845386332,270
2065,0.10674277263075282,0.053426168416905284,0.10674277263075282,256,-0.09846858459534147,27
2066,-0.018309693958315165,-0.009035569871372218,0.19366078424786792,448,-0.10840663349938495,447
2067,-0.026593214073812987,-0.013421582309490532,0.10833112823377178,384,-0.10135130502976608,357
2068,-0.06543942264946168,-0.032645477008685475,0.15278489747669255,128,-0.1296108984994362,363
2069,0.00567790268189583,0.002500680632181229,-0.1535746083344094,128,-0.12501844785708727,150
2070,-0.002993409961504767,-0.001624744833350178,-0.1302917530913419,384,0.10208441662564383,119
2071,0.10993846613661162,0.05494646792368485,0.10993846613661162,256,-0.11644242932278814,90
2072,0.10155743737823286,0.050774568724364144,0.10155743737823286,256,-0.10816864710872665,241
2073,-0.022553461049795942,-0.011198572220365577,-0.04720450932359199,48,0.05209526366166983,170
2074,-0.0899577811098311,-0.045068748347262044,0.34919872466582547,128,0.23523754141498898,135
2075,-0.1973663486631949,-0.09877748274789155,-0.1973663486631949,256,0.10781517688653253,250
2076,-0.14793976811407106,-0.07404263422952795,-0.14793976811407106,256,0.1181372034947401,214
2077,-0.020443387440565175,-0.010286420100214855,0.09118678283840609,384,0.0775943410487514,143
2078,-0.19482893743744967,-0.09724463090688573,-0.19482893743744967,256,0.1587857906642114,114
2079,0.017120725578848806,0.008353215549107063,0.10441274579591209,288,-0.07929233756182441,95
2080,0.031167657379000957,0.015611826401624285,-0.037754832584482756,144,0.04849126935891945,262
2081,0.03804571996349182,0.01873784199540296,0.11664914488346767,192,0.10178074135109227,333
2082,0.1631090207448267,0.08148807196738517,0.1631090207448267,256,0.11696041811853775,300
2083,-0.09529475995771008,-0.047746513618335484,-0.20219610013020883,384,0.15036887928869191,99
2084,0.015836838053729707,0.007953904425903602,0.11365081298697532,64,-0.07911164542588978,46
2085,0.021765312357274524,0.010725050605287834,0.0634649818912294,416,0.08046622271984916,355
2086,-0.2040143920633284,-0.10214343195383435,-0.2040143920633284,256,0.14849339656075244,231
2087,-0.1494809502991643,-0.07458073914335728,-0.1494809502991643,256,-0.0959703188868275,417
2088,-0.17374726366739424,-0.08704155504449318,-0.2198032484539283,128,-0.15959741318090437,385
2089,0.29283367455423104,0.14643454950120827,0.29283367455423104,256,0.20008785635729964,278
2090,-0.07380863569363783,-0.03673203676052594,-0.1440252592619231,448,-0.10017329749535975,453
2091,-0.1876824254041196,-0.09363199675058809,-0.1876824254041196,256,-0.1315452866766691,394
2092,-0.07046149692143899,-0.03515867596843236,-0.2112600529798101,384,0.16247685138893075,113
2093,-0.1589735882956802,-0.07940837366609799,-0.1589735882956802,256,0.11192604659856897,233
2094,0.028037248380940127,0.01408528554676991,-0.09066340517506433,240,0.10156894712577014,330
2095,-0.2005347210103139,-0.10029279436744787,-0.2005347210103139,256,0.16860003154525316,240
2096,0.02041688137046549,0.010181850304320506,-0.07773334960404554,384,0.0853318294126666,358
2097,-0.20651528808005537,-0.10327949806992365,-0.20651528808005537,256,0.16876095171311079,100
2098,-0.09877921995200722,-0.04933635411910586,-0.10753613447775479,128,0.0921409109701159,111
2099,0.35405165747067713,0.17684142813334347,0.35405165747067713,256,-0.23142463763269916,174
2100,-0.13326721486717474,-0.06691889469396983,-0.13326721486717474,256,0.09798339502711428,173
2101,0.08198811416932017,0.04124577965532694,-0.10391917569319276,384,-0.09540481185257477,212
2102,0.11385414703701713,0.05666259839097165,0.13820804977342505,320,-0.16330458680175752,152
2103,0.3346124630737677,0.16734506638681523,0.3346124630737677,256,-0.21661153089277718,191
2104,-0.0749775874114107,-0.03735308628722578,0.15419288951727594,320,0.14310059585704948,208
2105,-0.13067874297647109,-0.06549693006854795,-0.13067874297647109,256,0.12477134177663629,225
2106,0.08884854719295276,0.04438497109612172,0.17953585680453443,384,-0.13613787916244746,111
2107,-0.11841345764113953,-0.0592935931895795,-0.13304908066089638,128,-0.13510059283487408,430
2108,-0.08057797747775908,-0.040033512616219014,0.12960863884086393,320,0.11987358740236687,228
2109,0.0560556464618287,0.027859583617555472,-0.23251991709861386,384,-0.1622095842511726,141
2110,0.1405530158316992,0.07031837785993389,0.1405530158316992,256,0.14574994767525595,423
2111,0.02221945825309035,0.01119948492913636,-0.1821214921117189,128,-0.09957345300961151,192
2112,-0.27667366803356686,-0.13805722850790403,-0.27667366803356686,256,-0.24295745311428618,295
2113,0.016291396707231343,0.008259181999790144,-0.14268485287902877,192,0.12203450260290083,310
2114,-0.04864870566350987,-0.024193529944113834,0.15626563489857404,128,0.125898409849583,224
2115,-0.35141060249611655,-0.17597775560648188,-0.35141060249611655,256,0.18329207517467694,244
2116,-0.365288441606225,-0.18280597008896393,-0.365288441606225,256,-0.2816791757743431,278
2117,0.09104450263828312,0.045526547425424724,-0.12234395052979607,48,-0.14598892813455677,208
2118,0.03497800381472871,0.017484345540196955,-0.08559004434425788,352,0.11130163365311319,343
2119,0.07048277444260975,0.0353600503628968,0.08294909770643244,384,-0.08399535650511325,115
2120,-0.09460497414630709,-0.047217087861326945,-0.09460497414630709,256,0.07671412101228725,148
2121,0.10520380013406339,0.052450183595112776,-0.15575808790771362,384,-0.15498518845731724,196
2122,0.016330086151810974,0.008323142802964867,-0.06822394401905285,384,-0.07182926639100629,142
2123,-0.005976828437837867,-0.0031794940775284886,-0.11448413889138465,64,0.11222408720146859,174
2124,0.25906884408601627,0.12979912614778755,0.25906884408601627,256,0.16575819137813141,328
2125,-0.16848845621774444,-0.08412898998457763,-0.16848845621774444,256,0.12483351440852175,241
2126,0.15670419861197615,0.07819203783145667,0.3010617705395475,128,0.23511079852687544,409
2127,0.13495757511620354,0.06761510713607777,0.13495757511620354,256,-0.11291667442895914,225
2128,-0.09281337105008447,-0.046212777213042955,-0.09281337105008447,256,0.08685053495460693,113
2129,-0.07411052101028304,-0.036882289077965424,-0.07411052101028304,256,0.06494157602247697,220
2130,0.15211687288564235,0.07586780244980673,-0.15770383031878055,192,-0.194059373414035,212
2131,0.20626372303428298,0.10311022938532233,0.20626372303428298,256,-0.12005226591475093,254
2132,0.023873678690193856,0.012093046068230251,-0.0711241640294702,416,-0.07807453518475427,170
2133,0.02117788689184863,0.010381048587930763,0.15766028849179747,352,0.13113801082630516,356
2134,0.2559104652207793,0.12781807691942504,0.2559104652207793,256,-0.23116308032518873,193
2135,-0.2063370379133005,-0.10321195243668058,-0.2063370379133005,256,0.17008213849948106,161
2136,-0.1386279896112228,-0.06915094537666278,-0.1386279896112228,256,0.13708993103441003,217
2137,-0.31890471640826945,-0.15946407233735727,-0.31890471640826945,256,-0.20936422786883213,281
2138,-0.09369545726571005,-0.04687680147617357,-0.11034717399762428,128,0.09773146275728095,94
2139,-0.18260985886266212,-0.09114330265620652,-0.18260985886266212,256,0.12410458079457953,248
2140,0.41019288198782533,0.20548437527031638,0.41019288198782533,256,0.20548437527031638,256
2141,0.19915683982617338,0.09964601139631668,0.19915683982617338,256,-0.1362969242463805,243
2142,0.28532453518653256,0.14263519494534194,0.28532453518653256,256,-0.19891294980209295,206
2143,0.05857487576457743,0.02928424801626761,-0.08373854692302984,160,0.0755033620853851,334
2144,-0.08083329562188624,-0.04006237513331712,-0.11209609584074087,384,0.08801663810194782,121
2145,0.04060093408017451,0.020338952560592816,-0.13996094043460516,128,-0.10430229474178532,134
2146,-0.046662309714520234,-0.02317658651872989,-0.12376265031082312,96,0.08431541144651078,143
2147,-0.13631643515023484,-0.06833475072073725,-0.1508294279753386,448,0.16855853698228884,169
2148,-0.001682950077224632,-0.00089300655417901,0.14226685272643635,224,0.09108074610263373,97
2149,0.028476660019350675,0.01413489859959327,0.19407181968460918,128,0.1555006491253721,417
2150,0.041327154224745755,0.02063395305242466,0.05758338903785898,416,0.069147679929074,298
2151,-0.2385906232891557,-0.11949702674490936,-0.2385906232891557,256,-0.1716812338110003,349
2152,-0.1449636537230674,-0.07246385010603262,-0.20705907845558613,384,-0.16964048553199973,395
2153,0.031053142661505717,0.015720160475240164,0.16878860916756366,384,0.11008158203981111,408
2154,0.20799251375157723,0.10406287371080225,0.20799251375157723,256,-0.16215145896040895,172
2155,-0.15507913280515595,-0.07728633596252621,-0.15507913280515595,256,0.11003286667846623,183
2156,-0.09533650668205951,-0.04755900687018766,0.10344799078859523,128,0.10572908366680167,138
2157,0.2210234884422846,0.11050745702442555,0.2210234884422846,256,0.13784742280523687,404
2158,-0.0902222156249195,-0.045365006962185817,-0.0902222156249195,256,0.08432958914933408,87
2159,-0.11011268642690197,-0.0549843683491531,-0.11011268642690197,256,0.09517742176540622,52
2160,-0.031979020480804365,-0.015717151675715968,0.04611706766149837,384,0.0530101503875926,131
2161,-0.14495636262236644,-0.07258102605763384,-0.14554467652976655,320,-0.15977871395324428,345
2162,0.2673239475192304,0.13354559113344067,0.2673239475192304,256,-0.17608886221293574,244
2163,-0.353043822353186,-0.17655805811415348,-0.353043822353186,256,0.19948629695548448,237
2164,0.18260105168786822,0.09115686522864053,0.18260105168786822,256,0.13109106640939672,370
2165,0.02715082172156258,0.01375885212954131,-0.08262277105643534,96,0.055976616813438795,345
2166,-0.10012884333576721,-0.05005380187444075,-0.2334133404460914,128,-0.14426948900143088,388
2167,-0.25544442408164514,-0.12763907951324427,-0.25544442408164514,256,-0.1534217115652723,259
2168,0.25913278093679537,0.12957811781393502,0.25913278093679537,256,-0.1983635359401319,207
2169,0.2576543922878045,0.12893432225197898,0.2576543922878045,256,-0.1569525873190969,244
2170,-0.10851957268550905,-0.05406360124101184,0.21307655485858845,128,0.20108760619893928,154
2171,-0.048226340287754965,-0.023873221367495034,-0.06743148826268452,384,0.07231023742766496,57
2172,0.20003254706045936,0.09991207935996727,0.20003254706045936,256,0.17174497576655767,306
2173,0.08034849705586566,0.04011957303902136,0.15426016840200418,320,0.13583706293979958,451
2174,0.13070920718158163,0.06546594819104712,0.17349270906939296,128,-0.13374066217596692,125
2175,0.2151702923607104,0.10745190939059057,0.2151702923607104,256,-0.17876442409567517,234
2176,0.17763121152364647,0.08902606647544076,0.17763121152364647,256,0.09931692902227951,326
2177,-0.2765768181106978,-0.13833489999009885,-0.2765768181106978,256,0.19806126372824906,235
2178,0.0019627295914119713,0.0009329609559927121,-0.0949845051077034,192,0.10499089762265612,297
2179,0.2652998573537957,0.13236622425529276,0.2652998573537957,256,-0.20300043256787603,234
2180,-0.15139474731262226,-0.07551145253128766,-0.21110534704973816,128,-0.17026930265410556,415
2181,-0.035215952807249096,-0.0176978327755819,0.0772207246019434,384,0.09444801823451598,180
2182,-0.1810832076282054,-0.09031919454389481,-0.1810832076282054,256,0.11662498256367826,105
2183,-0.09652214693863925,-0.04841723472731019,0.11730450294443528,128,0.12279399286725834,148
2184,-0.08214159357072504,-0.0408836559605561,-0.13319518750068937,384,-0.11718331102548518,457
2185,-0.06784471473173426,-0.033952413683778104,-0.14444351656942445,448,0.15192930780747815,183
2186,0.02379585358443137,0.011843776674425044,-0.1261348086636076,192,-0.08276356912404026,192
2187,-0.016262508504212292,-0.008545921689403713,0.03685786574180838,356,0.03758088648143598,245
2188,0.1961784142475267,0.09796328702219625,0.1961784142475267,256,0.1262855887520118,268
2189,-0.21823786003184864,-0.10929240512055571,-0.21823786003184864,256,0.1554335205418056,218
2190,-0.4689314679200436,-0.2344669136173536,-0.4689314679200436,256,0.26211021260562006,199
2191,0.14633445330025552,0.07315712854074263,0.14633445330025552,256,0.11272650427076769,344
2192,-0.11036256862087157,-0.055387332670534306,-0.11036256862087157,256,0.06946535173557322,245
2193,-0.06612807683728761,-0.03285733770104571,0.10094336864551678,384,0.11704474790494146,169
2194,-0.021310104615082537,-0.010886979786675965,0.08458551545703585,384,0.09527759411665215,161
2195,-0.07688141179261265,-0.03852259091644328,-0.07688141179261265,256,-0.07115554910751598,308
2196,-0.2540329454251946,-0.12681883268365368,-0.2540329454251946,256,0.15739926600002718,231
2197,-0.13598202267297665,-0.06779337545594899,-0.13598202267297665,256,0.12407262302352251,228
2198,0.158508396553799,0.07899289260848263,0.158508396553799,256,-0.11311888269671044,223
2199,0.06684136832942045,0.03344061344517968,-0.13394906024899456,128,-0.12103332161868252,173
2200,0.14830030322542598,0.07428264430058107,-0.23749007876796213,384,-0.19208393915485544,150
2201,0.13085299093000913,0.06521611188605902,0.13085299093000913,256,-0.09209418367768762,248
2202,-0.1398289371171586,-0.0697834294987274,-0.1398289371171586,256,0.09907253386313641,180
2203,-0.044779653353344884,-0.022657202112327468,0.08543319241621816,128,0.11611173773937367,179
2204,0.023111545639437736,0.011637847568550796,-0.11283515402629973,320,0.10450043047353574,445
2205,-0.0991655060296921,-0.04969288889486734,-0.0991655060296921,256,0.0955637322875873,175
2206,0.2181156239925599,0.1091205972902003,0.2181156239925599,256,0.1908612047170095,289
2207,-0.2593889683809607,-0.12989984671648358,0.30173291175037775,384,0.2458294793743221,225
2208,0.10017518341300047,0.04995072910082854,0.10017518341300047,256,-0.09638689193255345,210
2209,-0.12046847406236338,-0.06028784738859372,-0.12046847406236338,256,0.0948927474742618,91
2210,-0.011782457313529449,-0.005862875231485987,-0.10423081394799283,160,0.1040670495018503,92
2211,-0.031172617421901805,-0.015617928790959468,-0.09653055185631843,128,-0.08558729418615485,395
2212,0.2364041466157687,0.11826014813786401,0.2364041466157687,256,0.15861868751852626,390
2213,0.06433748274014306,0.0319538227985845,0.11721688652671958,128,-0.11250054690468403,113
2214,-0.21957046751805365,-0.10980367881791153,-0.21957046751805365,256,0.12384419146343362,215
2215,-0.05125024309487003,-0.02539503117077402,0.07841500208132857,384,0.07971545306651251,163
2216,-0.2588199796406343,-0.12916402483324418,-0.2588199796406343,256,0.2038804941036858,235
2217,0.5716789853042314,0.2858132169710075,0.5716789853042314,256,-0.3233934605233344,223
2218,0.09433254678219782,0.04695343998747603,0.22274411673726036,128,-0.18471377553140655,106
2219,-0.11397643027234494,-0.056780693548063255,-0.14308948771509478,64,0.17906903712764688,173
2220,0.04911828791884432,0.024432240790417836,0.062024992965973524,272,-0.08301760178869699,206
2221,0.18803284158212819,0.09407611584782671,0.18803284158212819,256,0.17111493757914786,283
2222,-0.22953664818535913,-0.11464733118017989,-0.22953664818535913,256,0.1538191240921094,223
2223,0.0075629020995506835,0.00385826678518697,0.09922661252210219,320,0.07214801158534101,457
2224,-0.16842123463894154,-0.08463869886151087,-0.20121188028531378,192,0.17265930975668198,189
2225,-0.2907619848979266,-0.1452982258144857,-0.2907619848979266,256,-0.14584657043678817,257
2226,-0.21831472924574769,-0.10925636796818594,-0.21831472924574769,256,0.11119223141886891,223
2227,-0.10747225960034257,-0.05398708060545232,0.1127362792127542,288,0.1054207064175614,166
2228,-0.0026629462356879685,-0.00159427648958399,0.08783208773127171,352,0.09435789075564571,177
2229,0.027429560473819947,0.01359149403901938,-0.06210606369677407,384,0.0798847869967858,366
2230,0.025507212738489216,0.012991815892803515,0.129993099055298,384,0.12567134069644226,436
2231,-0.15878009916588098,-0.07950017510427188,-0.15878009916588098,256,-0.12056930210036398,294
2232,-0.23595940123249193,-0.11782429900702596,-0.23595940123249193,256,0.15138018725446045,190
2233,0.03634835174054274,0.01842328787577685,-0.1889427522609708,384,0.13509207486112018,318
2234,-0.24058261937776138,-0.11993983160041921,-0.24058261937776138,256,-0.20632624928032328,313
2235,0.13468999981427032,0.06694612614967355,0.13468999981427032,256,-0.12757241450111678,54
2236,0.4475118482042433,0.2240717892544808,0.4475118482042433,256,0.2524298518980572,276
2237,-0.26305882788724944,-0.13161712567048767,-0.26305882788724944,256,-0.15931470082779242,268
2238,-0.23292074863152834,-0.11651909240598002,-0.23292074863152834,256,0.12763486134321056,252
2239,-0.34611499928877265,-0.17289303486666086,-0.34611499928877265,256,0.22973908451490388,141
2240,0.20818619759916146,0.10416747357822942,0.21746670612888863,128,-0.16192640060947383,123
2241,-0.07034801170061655,-0.03505735550501754,-0.07034801170061655,256,-0.07082774992255736,299
2242,-0.09959213415908152,-0.049663521140928424,0.2185562119250335,128,-0.1969049733267525,307
2243,-0.18030352053159504,-0.09026113586355677,-0.18030352053159504,256,-0.12584670485341576,405
2244,-0.08082195245967227,-0.04068973080342175,0.08598443537132994,128,0.10270268185104214,219
2245,-0.33129218596894816,-0.1654933546372206,-0.33129218596894816,256,0.2076116115544835,83
2246,0.19366732697494626,0.09686274438891473,0.19366732697494626,256,-0.18740543018034828,226
2247,-0.2829190220862756,-0.14110911123049164,-0.2829190220862756,256,0.21658927904792336,94
2248,-0.08553701393842061,-0.04278628329302592,0.16197197616531867,384,0.16651994556073646,157
2249,0.12909389159628404,0.06467576952923082,0.3476366104736144,384,0.2062850137324972,384
2250,0.22764697747345508,0.11393260518838133,0.22764697747345508,256,-0.11924108964723246,252
2251,-0.07179806914575693,-0.0359381661416478,0.08446075839123068,336,0.12458905602539971,180
2252,-0.16235688813301863,-0.08107863997980758,-0.16235688813301863,256,0.1688504705062428,173
2253,0.3384121594584997,0.16922084782450497,0.3384121594584997,256,-0.224341297256899,211
2254,-0.04071582613858027,-0.019940921836251846,0.21940951243857398,384,0.1280251764875402,137
2255,0.06391669259264177,0.03189773264341511,-0.10711923714313798,448,0.1079871013206457,309
2256,0.4097676362435152,0.20458183751753722,0.4097676362435152,256,-0.22988974291482123,248
2257,-0.0030952486254989253,-0.0014010576273904007,-0.11138265208660414,384,0.0990727894787824,117
2258,0.1817079445602019,0.09091104605636247,0.1817079445602019,256,0.16013463048858512,279
2259,-0.04196142626770438,-0.020752557930251214,0.08380995299972938,320,-0.08976047670682874,422
2260,0.11607152340391735,0.05826204788135669,0.11607152340391735,256,0.1145397761389404,398
2261,0.05207815186122389,0.026031291431593218,0.0843192738332732,288,0.08393698556858453,482
2262,0.0827174867800693,0.0415027953856395,0.11948840749978018,64,-0.1522226434088907,176
2263,0.22706016973108945,0.11348623286892234,0.22706016973108945,256,-0.12845928663757888,126
2264,-0.10282803681005248,-0.0514634636838025,-0.10282803681005248,256,0.08976202913919451,224
2265,0.09902069709474404,0.04965865254411028,0.12654133900525721,128,0.10699628193560784,418
2266,0.0857278192916624,0.042843691650205074,-0.14766960756459468,64,0.13263585531240096,294
2267,-0.06779321399577043,-0.033492328274746797,0.1573122077746234,384,0.1133055505137861,177
2268,-0.24917020561241543,-0.12469105950202675,-0.24917020561241543,256,0.13699876314504422,215
2269,0.02654481547568821,0.01325526755294959,-0.08634621054807212,288,0.07703924571910648,345
2270,0.002342410178272303,0.0015709868182511855,-0.09147022128036753,64,-0.07951666738324548,104
2271,0.029307688467270054,0.014691476688881266,-0.1345815792219156,128,0.09039290874926564,303
2272,-0.08497536817387186,-0.04267933528910817,0.156058620492189,128,-0.11935545163845518,355
2273,-0.16861489860716006,-0.08405042223427017,-0.16861489860716006,256,0.12943103296530012,159
2274,0.05590016932904973,0.028228409726153814,0.07128297612820234,224,0.0952732497892157,434
2275,-0.09522895034618273,-0.047513026227051114,-0.09522895034618273,256,0.061901156519411416,183
2276,0.1096756250813371,0.05512883782978406,0.1096756250813371,256,0.09065220861924672,400
2277,0.31097439222691037,0.15575581894574952,0.31097439222691037,256,0.17602791674767104,263
2278,-0.22166145616955646,-0.11094334294256214,-0.22166145616955646,256,0.17275060834205647,218
2279,0.2517223276022946,0.1257173051564564,0.2517223276022946,256,-0.16114947939911417,235
2280,0.3891002892591757,0.19460637669817515,0.3891002892591757,256,0.2751939457286312,311
2281,0.06273379140691304,0.03136220239451859,0.2543151727644499,128,0.1475607160213599,386
2282,-0.25690525443019396,-0.12866657150112815,-0.25690525443019396,256,0.16221648555563206,186
2283,-0.0678818748623371,-0.0339683321868165,0.11874068200620513,128,0.10716863156568479,178
2284,-0.06582302610939905,-0.03296079335117952,0.18441450472732868,320,0.12102594348931461,197
2285,-0.04763842308608446,-0.023911471559301845,-0.10192942519553583,128,-0.09606067653993478,437
2286,0.03418270434593751,0.017203931830835018,0.09864628606439396,64,0.08017646619305197,322
2287,0.09724539237643626,0.04889504880458162,0.09724539237643626,256,0.10253362566658097,367
2288,0.02200458388310267,0.010868178074019852,0.038078908770678765,32,0.03417254232238065,418
2289,-0.41693480938596394,-0.2086340975406813,-0.41693480938596394,256,0.22205712613541095,239
2290,0.19036981348477866,0.09499488191323735,0.19036981348477866,256,-0.19631987115241145,214
2291,-0.03024079069200525,-0.015077820761234761,-0.04413007124139767,64,0.05526258836502507,163
2292,-0.22029467859033502,-0.10991239658761742,-0.22029467859033502,256,0.13008140996208795,236
2293,-0.22152623507113844,-0.110958893457763,-0.22152623507113844,256,-0.15113815823866616,295
2294,0.3040125332374828,0.15212617293065023,0.3040125332374828,256,0.1732360132625672,283
2295,-0.10616526841349128,-0.052854177199407104,-0.10616526841349128,256,0.10642853333902735,137
2296,0.05172578851446019,0.025912202909552207,0.10663185824029142,368,-0.13742993870417308,106
2297,0.10773801543192008,0.05391118220438784,-0.14828858386840693,384,-0.11146618371307682,144
2298,0.07547418474172218,0.03772509624218401,0.11520152883235824,320,-0.11394414077119563,143
2299,-0.21141686958017658,-0.10586137858291522,-0.21141686958017658,256,0.15819840292246568,225
2300,0.46346522420145675,0.23180932885014727,0.46346522420145675,256,0.24904522744344604,276
2301,0.0392460080605872,0.01962478395412859,0.1623209760747386,384,0.0975088401235098,419
2302,-0.11976109637788568,-0.05990450215040255,0.13014206958445484,32,0.14769509799691605,168
2303,0.19185649300760588,0.09577550335245633,0.19185649300760588,256,-0.10776597945113053,186
2304,0.0972807997896723,0.04854827560296826,-0.27135506650603247,384,0.16004379534638247,383
2305,-0.07298071172755272,-0.03650291406358974,-0.22308530090033685,64,0.14314432742870054,175
2306,-0.15526922359865125,-0.07764796059328205,-0.15526922359865125,256,0.09539907648380108,122
2307,-0.0948644360277342,-0.04750720139057307,-0.11450811664235516,128,-0.126818297254772,402
2308,-0.1321706494393311,-0.06621607532861162,0.27680439291175674,128,0.182384053068688,131
2309,-0.19839510538511718,-0.09895910826412546,-0.19839510538511718,256,0.1481270752494197,171
2310,-0.039351827349378254,-0.019532190324639487,0.08178411990388668,304,0.09467155089259904,51
2311,0.12792461954575174,0.06428608654593404,-0.15518231695057239,128,-0.1662418691725236,178
2312,-0.09292541296241552,-0.04615712913079051,-0.09292541296241552,256,0.09976013780396897,84
2313,0.12426880882412661,0.06217264692526214,0.12426880882412661,256,0.09037928453369659,276
2314,0.19788074065127148,0.09912375091442982,0.19788074065127148,256,-0.18594602063444654,170
2315,-0.023406965688593573,-0.011536305942030367,-0.15878244437669764,384,0.10298987462932985,62
2316,0.10335036566763733,0.05197346203573261,0.10335036566763733,256,-0.12395883202802338,76
2317,0.019026894410615114,0.00955650982243128,0.19813249204375438,128,-0.13180016601774014,120
2318,0.1329567221554271,0.06675554225031988,0.1329567221554271,256,0.10982636022765746,314
2319,0.24088335823580564,0.12049001614056465,0.24088335823580564,256,-0.16050292384289833,146
2320,-0.16680194816177618,-0.08324307285812438,-0.16680194816177618,256,0.1380737736020592,220
2321,-0.13211225162328333,-0.06588829776171679,-0.13211225162328333,256,0.13162363194476256,195
2322,-0.189300632533417,-0.09441742301694944,-0.189300632533417,256,-0.1524371716311066,329
2323,0.3037848060073145,0.1518990448646207,0.3037848060073145,256,0.16057817579957145,264
2324,-0.03222294505084733,-0.016279143675035357,0.12024403638515224,32,0.11659791261104147,230
2325,0.0870159864742277,0.04339328533905018,0.10875830722170576,64,-0.09228534782495501,31
2326,-0.032500649435519335,-0.016470564355529405,-0.11501969683804703,128,0.10859426446653231,115
2327,-0.22616044512358258,-0.11277425404045971,-0.22616044512358258,256,0.14715080021596805,178
2328,0.06095783801919197,0.03049088890068674,-0.13130769483467475,128,0.11478142179254291,340
2329,-0.10241126044348903,-0.050845905082127274,0.19551647462390065,192,0.16929562324955327,192
2330,0.21527286590603012,0.10764598643166323,0.21527286590603012,256,0.1449300383316654,271
2331,-0.22515446667088668,-0.11270254302249327,-0.22515446667088668,256,0.14443468029745077,173
2332,0.049249229488793844,0.02436926441129117,-0.14878067013317775,128,-0.1169782875592773,192
2333,-0.05669712556382933,-0.028613387233633603,0.16006621657356845,384,0.10730651049914286,209
2334,-0.10865113506872603,-0.05450443540598826,-0.10865113506872603,256,0.09131618520713403,111
2335,-0.16846940463562987,-0.08403574524234614,-0.16846940463562987,256,-0.13492929559527056,304
2336,0.09688227101344182,0.048412527152720486,-0.11001092254059586,384,-0.10971747202586357,178
2337,0.20346205233624914,0.10159693415005222,0.20346205233624914,256,-0.1917381805229752,116
2338,-0.29936825557413727,-0.14966307767349463,-0.29936825557413727,256,0.14966307767355147,255
2339,0.1545040811306535,0.07731541559132893,0.1545040811306535,256,-0.09833516022729327,118
2340,-0.24917472944997598,-0.12456226130575487,-0.24917472944997598,256,0.17253856547043256,181
2341,0.06159967739677086,0.030423950746921946,-0.12488568880701223,384,-0.10155055344984021,165
2342,0.11861643932667221,0.0594048955875337,0.11861643932667221,256,0.13059255335127773,356
2343,-0.05559938838888456,-0.027724221437068763,0.09166244959448022,288,0.09874195251950368,177
2344,-0.022894515451469033,-0.011212031951345125,0.04027135562562023,128,0.045708974437275174,181
2345,-0.012735009546645415,-0.006456531827154777,0.19588507568801106,384,0.14736742090732946,165
2346,-0.13453656598579755,-0.06727440708516497,-0.2932471558667089,384,0.2076622130036867,110
2347,-0.2513565719090991,-0.1259296631708935,0.26749220188398226,128,0.2365916044759615,141
2348,0.04445388150455187,0.022308125632662268,-0.07352293417298483,128,0.07102161983965516,347
2349,0.02736369720017251,0.013857668325755412,-0.13663826590357075,384,0.1054900707894717,360
2350,0.24334086665510313,0.12160542217083048,0.24334086665510313,256,-0.16114719504292907,79
2351,0.06863856312739358,0.03423687546984411,-0.0960456315239071,496,-0.08951752639106303,212
2352,0.2975643428010528,0.14844947992338575,0.2975643428010528,256,-0.1710949151852219,186
2353,0.07948936259907669,0.039724633485263894,0.07948936259907669,256,-0.07610247700455375,240
2354,-0.21843297500342373,-0.10933436828895537,-0.21843297500342373,256,0.13922296897757747,235
2355,-0.2329474149823909,-0.11638302767923392,-0.2329474149823909,256,-0.21420628208261405,287
2356,-0.29286386078990745,-0.14620690624474264,-0.29286386078990745,256,0.19310452316176452,197
2357,0.4070732986112091,0.20360942030603724,0.4070732986112091,256,-0.28197998246844236,205
2358,0.12055316539681371,0.06010490244545963,-0.1852366042234621,192,0.16353759099445142,315
2359,0.3140147445876096,0.15697586612321857,0.3140147445876096,256,-0.18247153927978843,232
2360,-0.00909355862060579,-0.004613896175044374,0.1137016469620562,384,-0.08316694093161914,365
2361,-0.22214696562807035,-0.11108837522542103,-0.22214696562807035,256,-0.17973082432132514,343
2362,0.195018016690085,0.09713500658290286,0.195018016690085,256,-0.1699535786906381,232
2363,0.13464780116316888,0.06727628910067551,0.13843502870162183,288,-0.16663391243963588,221
2364,0.1777969645654025,0.08919697146103545,0.1777969645654025,256,-0.1799032203661568,143
2365,-0.0585865364549818,-0.02939323084751777,-0.1477455501879632,128,-0.09163622215675105,448
2366,-0.16918288697664252,-0.08483158338589192,-0.16918288697664252,256,0.1516786530897889,205
2367,-0.1416040231484601,-0.07079333232402973,-0.1416040231484601,256,0.11766798572094217,212
2368,0.09650426836785186,0.04840203778408636,0.12972404022400497,64,-0.11911983254515235,183
2369,0.1650752894697689,0.0826511143335722,0.1650752894697689,256,0.11980508795124933,304
2370,-0.2233084345521661,-0.11136720778651465,-0.2233084345521661,256,0.1789434408364059,234
2371,-0.03749690569196673,-0.018613673959208654,0.07483366544312275,112,0.08994064868755913,209
2372,0.06665556843955756,0.03330887949994121,-0.11465182109731842,64,0.11537886739677106,414
2373,-0.18306484698427994,-0.09136278268596243,-0.18306484698427994,256,0.1205369117153623,226
2374,0.41281121731634585,0.2062942879916818,0.41281121731634585,256,-0.2570221329757487,240
2375,0.03769045398587423,0.018842208254113757,0.06592823215504495,384,0.06678739828009839,452
2376,0.1397198324374358,0.06969272658608361,0.1397198324374358,256,0.10697019678588049,329
2377,-0.14161689027531565,-0.07078149527168875,-0.14161689027531565,256,0.10934733937710917,151
2378,-0.14272740535190565,-0.0712384224614766,-0.14272740535190565,256,0.10932113755728778,222
2379,-0.04493700647594778,-0.02263531002677155,0.2060548814187655,384,-0.12740099561392526,331
2380,0.33648011872230654,0.1681760653620472,0.33648011872230654,256,-0.2155782708574634,214
2381,0.08238847731064425,0.041079513565875914,-0.16127624578571442,128,0.12584455314095067,363
2382,-0.08066575012213661,-0.04057821627401381,0.16391881603671266,128,0.10200317494241062,128
2383,-0.0203359548060007,-0.00990586206475541,-0.03480623145912887,480,0.043617456308375324,25
2384,-0.3583078992502067,-0.17914378113263751,-0.3583078992502067,256,0.197634727407916,198
2385,-0.10059589873239361,-0.050082966411935104,-0.10059589873239361,256,0.07144523479956888,118
2386,0.08681213530513787,0.04353250455270086,0.08681213530513787,256,0.07440392930021744,336
2387,0.10859826559405406,0.05402108292230423,0.10859826559405406,256,0.07657041708199586,290
2388,-0.02308139706482848,-0.01167063761187137,0.13578091879958265,384,0.1291525489540959,143
2389,0.16633488644083627,0.08312337177096651,0.16633488644083627,256,-0.14469154805044582,199
2390,0.23690548590579397,0.1185918171674416,0.23690548590579397,256,0.2283683628130575,336
2391,0.040321280924189296,0.019956055864952305,0.079323286235649,288,0.10696784387238267,354
2392,-0.11115958105537516,-0.055590394495283135,-0.11115958105537516,256,0.1177399917463049,210
2393,-0.13077539520600112,-0.06540689012493317,-0.13077539520600112,256,0.08060118770166014,183
2394,-0.008449057061710619,-0.0041019230725112266,0.12885141870148686,128,-0.09879827364386529,345
2395,0.12938686655942888,0.06473558402248614,0.12938686655942888,256,0.1532244413127728,327
2396,-0.0389903004621317,-0.019490217768463935,-0.391292721337237,128,-0.22936189688027753,392
2397,-0.01506311979289876,-0.007653321221368969,-0.07138605379131491,128,-0.0477039458045283,393
2398,0.18268349030830677,0.0914439546278345,0.39930652876337547,128,-0.2687269730594153,118
2399,0.05263016991079894,0.026339292175720175,0.06118709013958323,128,0.07935981785482227,404
2400,-0.05255490675966712,-0.02655878004020451,-0.12240580126092482,96,0.13346253809493192,89
2401,-0.05889065605956034,-0.029440432103370995,-0.15954178208380654,192,-0.12226345928024784,465
2402,0.015162504845989133,0.007507900668883849,0.10203117505631099,384,0.1126306950795879,472
2403,0.10563813692274948,0.0529207158787699,0.10563813692274948,256,-0.10802133130150082,178
2404,0.050747249210076006,0.025343917813700045,-0.11390969362931003,128,-0.1377213639757997,157
2405,-0.030946059307723317,-0.015436437462426511,-0.10021989412337007,352,0.10140120216155424,77
2406,-0.06432483133320943,-0.0318646006276424,0.16751725565910647,320,0.12513261023464395,65
2407,0.25457870766149426,0.12710131928486135,0.25457870766149426,256,-0.20101606349243184,230
2408,0.24198229528735737,0.12091858132225752,0.24198229528735737,256,0.17769832850342482,281
2409,-0.05850687409414945,-0.02920915432611082,-0.1387816809146898,192,0.10230501060895847,61
2410,-0.07120450963171265,-0.03562267886201198,-0.09512899424856869,448,0.12621924558874298,182
2411,0.13887365216424996,0.06930242138247422,0.24042650789398579,128,0.17304744674925132,409
2412,-0.07378177444664402,-0.0369579841405141,0.13901540508948074,288,-0.13657304186068586,285
2413,-0.14806942471304296,-0.0738618605676038,-0.15764464050712945,192,-0.14069006092512382,322
2414,0.33611310726985266,0.16788374308816856,0.33611310726985266,256,-0.1689631199012922,254
2415,-0.07627313299929028,-0.03821365529927334,-0.18145180398058613,64,0.1292163616157893,61
2416,0.03005622723199508,0.014768954630028475,-0.048614918911255245,64,-0.06605175022860976,211
2417,-0.01016221744916379,-0.0050459127927524605,0.13701404388814353,384,0.08464925868665318,153
2418,-0.11580360813780999,-0.05795885245305499,0.20126836601208709,64,-0.14953852516998722,317
2419,-0.03539932180356686,-0.017428523631849657,0.11981489672827195,128,-0.10413376647892392,357
2420,0.03521631030847061,0.017404499933832085,0.08244868448488774,128,-0.09593102796376485,57
2421,-0.10024592124779019,-0.04987055413124608,0.12946254236828736,128,0.11525157900351246,138
2422,-0.2079663424322007,-0.10410037095999769,-0.2317567919613026,128,0.16804578120459723,127
2423,-0.1852597446999198,-0.09268036922497913,-0.1852597446999198,256,0.12335449493428996,73
2424,-0.09544752480186958,-0.04780913691149635,0.11337031045815138,384,0.10236486152928137,178
2425,-0.1364046269425785,-0.06813151794489158,-0.1364046269425785,256,0.08950133344427513,247
2426,0.16968755267615165,0.08465948764830955,0.16968755267615165,256,-0.13872794617267914,160
2427,-0.08482166611526054,-0.0425484688246911,-0.08482166611526054,256,0.0809253720557308,165
2428,-0.03696917664575494,-0.018147763599301925,0.12882366809500922,128,0.10280961106172981,153
2429,-0.1569732865382889,-0.07887745531820656,0.16433537985633961,64,0.16738669134497286,192
2430,0.12950435677524297,0.06470047317645822,0.12950435677524297,256,-0.12975850648547294,242
2431,0.13037391291106815,0.06522426994067132,-0.15510414745449452,320,0.16908207331556468,312
2432,-0.07539317789138522,-0.037926561305653195,-0.2293579179484624,128,0.16420717245229355,103
2433,0.05456520408637289,0.02730523805445273,-0.14147334365952702,320,-0.11919281153672046,224
2434,-0.0023954210121814867,-0.0008339358113857998,0.12772771547292905,384,0.08613093324331089,211
2435,0.0770541146101209,0.03844727318266905,-0.10613319082361272,64,-0.10277534377422626,192
2436,0.28505045201484336,0.14271117150340729,0.28505045201484336,256,-0.1788388654840105,188
2437,-0.025951928027808435,-0.01317509396665173,0.06144574777019329,128,0.06760996482478276,201
2438,0.35766448882276336,0.17892735013262495,0.35766448882276336,256,-0.22341395347348225,238
2439,0.02955632735256586,0.01489135819144849,0.06865533977912719,64,0.06442597899734892,330
2440,0.0403082184870982,0.02017226897561386,0.16524302094688892,128,0.17039104426663698,424
2441,0.0755851030824033,0.03776646445805909,-0.08739629768406587,128,0.08990880448436656,314
2442,0.07977800436083271,0.04008996714105706,0.1371481680961324,64,-0.1351472829477416,174
2443,-0.018182265120628927,-0.008961132674954797,0.07762773855162663,192,0.06857463840060518,206
2444,-0.08368843946607285,-0.04193598353589323,-0.08368843946607285,256,-0.04954286898197324,300
2445,-0.15164463260606453,-0.07592913142241287,-0.15164463260606453,256,-0.1580032324349645,334
2446,0.21089463739937742,0.10553603628395081,0.21089463739937742,256,0.1578344241526679,404
2447,-0.17889441485050384,-0.08945211921906093,-0.17889441485050384,256,0.11418973433475799,215
2448,-0.014281004974009193,-0.007286318391834357,-0.19160892669265195,384,0.11668005265885029,111
2449,-0.010824128843552216,-0.005307493415131148,-0.07991385278330654,320,-0.0628237856660121,332
2450,-0.06202470560128859,-0.030867193837025297,0.08176279481693882,192,-0.09328343935328576,302
2451,0.07247871011784923,0.036388588643916364,0.13826911172236578,128,0.09016738506193178,388
2452,0.1308030998150116,0.06538948831308744,0.1308030998150116,256,-0.1220695625167707,232
2453,-0.17482861780291614,-0.08754225489906275,-0.17482861780291614,256,0.11207904383132927,245
2454,-0.0332723914004589,-0.016415744669473042,-0.15592803192532756,192,0.13895915449356266,57
2455,0.12320651372630209,0.061899892886827956,0.12320651372630209,256,0.12098619305680813,336
2456,-0.14954375514068374,-0.07470826476696857,-0.14954375514068374,256,0.1394780118917538,173
2457,0.054455422216392435,0.0272733448456961,0.11083168882910854,64,0.10242476604128115,474
2458,-0.039718658811978,-0.020065903864519896,-0.09931097622524021,352,-0.09546967404446605,423
2459,0.2304345366656264,0.11517914219410841,0.2304345366656264,256,-0.20365747498840392,180
2460,-0.3758656364132946,-0.18797182410074242,-0.3758656364132946,256,0.21246456624135135,163
2461,-0.031159005871245427,-0.01564184830414206,-0.12581453046254865,352,0.10007125814857432,94
2462,0.15369561560339662,0.07692079437347843,0.15369561560339662,256,-0.10379068313716289,190
2463,0.13786705206115357,0.0690348713580704,0.13786705206115357,256,-0.1128444072653565,145
2464,0.2511840279408375,0.12577803990564007,0.2511840279408375,256,-0.13792331939413316,234
2465,0.29246589157037306,0.1463686857371158,0.29246589157037306,256,0.17254638906445052,264
2466,-0.008275566040282456,-0.00419556569801216,0.05822277836801959,144,-0.04636668828106849,267
2467,-0.030158385657415465,-0.015244797471268612,-0.08414592745270966,320,0.06981275423866506,25
2468,-0.3203837096417601,-0.16025713460723523,-0.3203837096417601,256,0.20220322507165633,172
2469,-0.03276837846428293,-0.016295776856594557,-0.0835237770128856,320,0.0570192204859552,180
2470,-0.34312447463941,-0.17146496881201756,-0.34312447463941,256,0.19339671998628205,223
2471,-0.01316426244301283,-0.006337516890596362,0.10031410272566177,192,-0.10791659034987333,430
2472,0.27297505882418704,0.13671836910657476,0.27297505882418704,256,-0.23143679378924276,110
2473,0.09355586086749668,0.04690585164769345,0.19741604296478954,128,0.13206397350506904,386
2474,0.03532481612057836,0.017556738416601547,-0.08040735452898673,128,0.08422330336333061,346
2475,0.03086045609668986,0.015537679744966226,0.04031173796647636,428,0.062153207956214374,308
2476,-0.00020876042887607582,-0.00018654326652267628,-0.11139853062275051,128,-0.0825750566417014,406
2477,0.024429602269378847,0.012083486718552194,0.11244292184909455,128,-0.11438850481103202,118
2478,0.3074000282898055,0.15368232277194238,0.3074000282898055,256,0.16801871859257744,322
2479,0.0381947290073299,0.018996684761930283,-0.09758357094727899,384,0.07147401329956438,366
2480,-0.04670547501467581,-0.02333546161855793,-0.1547717768128507,128,0.13272192491656654,59
2481,0.08478657485233043,0.04223997065605545,-0.19948751405524945,320,0.14460862152401432,446
2482,0.47588553079665985,0.23812042497468155,0.47588553079665985,256,-0.27867207033776253,166
2483,0.02881187146900288,0.014725367400046707,-0.11086867027836433,448,-0.08093456189318715,98
2484,-0.12393142219067954,-0.06194391136182276,-0.16210447203138756,96,0.16477678188317668,221
2485,-0.00045599818568575756,-0.00012986519260493878,-0.1502771656249422,128,0.09368650187944638,121
2486,0.07286301461869016,0.036441384932459187,0.154544738258096,64,-0.1592339393828297,168
2487,-0.10594918456325786,-0.053187910651786297,-0.10594918456325786,256,0.06618062408915648,189
2488,0.331675459661426,0.1655692584120061,0.331675459661426,256,-0.21183998257441772,208
2489,0.03305971506347305,0.016342637753211875,-0.08695998101693192,128,0.12682492130761602,362
2490,-0.09579568722597287,-0.04813812312937671,-0.09579568722597287,256,0.0663958311061208,250
2491,-0.15106364481837886,-0.075592938135145,-0.15106364481837886,256,-0.1080680989205689,290
2492,0.07303593761753291,0.03630210688123725,0.15703720208159666,320,-0.12761088395134834,182
2493,0.03289053730011915,0.01652795260235962,0.16400185423655955,128,-0.11798025754214336,112
2494,0.03756623996110875,0.018923290540300286,-0.2286578790640874,384,0.13074260965368012,380
2495,0.03831438128449349,0.018887663170005453,-0.06984575909228852,160,-0.07212595881321704,162
2496,-0.13666923582053414,-0.06854738131573868,-0.13666923582053414,256,0.12751266216386625,245
2497,-0.25486586808921174,-0.1270918053832304,-0.25486586808921174,256,-0.18980156457831754,327
2498,-0.05646037129380943,-0.028158666060136284,-0.05646037129380943,256,0.060815339460717155,100
2499,-0.17247455349863117,-0.08627179596882684,-0.17247455349863117,256,0.1341594300886868,184
2500,-0.07824247979021948,-0.038886078919006195,0.100256986592413,128,0.0885647038044226,147
2501,0.07113008427145928,0.035651979791538224,0.07113008427145928,256,0.09998190750440017,308
2502,0.2562134026441356,0.12822909754183343,0.2562134026441356,256,0.21864801493575214,334
2503,-0.1523639821410825,-0.07607192708999833,-0.1523639821410825,256,0.14178181846159532,187
2504,0.325318626534397,0.162582407834293,0.325318626534397,256,-0.16655672519016207,254
2505,-0.0678752212912741,-0.03413543059662061,0.09818150405874349,128,0.1255750612513964,179
2506,0.3496345806699992,0.1747342660924005,0.3496345806699992,256,-0.22833821820367461,116
2507,-0.020039277288702806,-0.00986641257094334,-0.10100816370973575,128,0.06687069491107422,103
2508,-0.016060138716028405,-0.007989508917688681,-0.07091373536854917,192,0.04629803396102261,63
2509,0.014526459143297643,0.007339297996622918,0.1922999109137038,128,0.1173598270110574,426
2510,-0.0633681006752056,-0.031547386521936005,-0.1987709806079465,128,0.16160153928410637,88
2511,-0.0024225983264614115,-0.0013553403071000503,-0.0653380616531507,128,0.04939099975150896,103
2512,0.05148432787848378,0.025791374557599056,-0.20552706224978579,128,-0.1264618036586853,130
2513,-0.16215236927209276,-0.08122963204544931,-0.16215236927209276,256,0.10554345253996189,246
2514,-0.14265546681716046,-0.07125127468890469,-0.14265546681716046,256,-0.10102292358106979,283
2515,0.020926281591556517,0.010650114937931221,-0.14272591093074993,192,0.14665521667296844,441
2516,-0.12339132112234097,-0.06140617520330238,-0.12339132112234097,256,-0.1541458065006509,343
2517,-0.12932172806020503,-0.06447475050458706,-0.12932172806020503,256,0.14728794143672985,93
2518,-0.08699163591489878,-0.043527716333471744,0.12202830742309345,64,0.12870189915011565,198
2519,0.10556021735033028,0.052792936928028666,-0.13792468965584703,192,-0.12234198503304583,200
2520,-0.009968471965635217,-0.005026035855962618,-0.15968223307940832,128,0.11320475668794927,102
2521,0.0982707865061343,0.04912957217152325,-0.12551826915955644,384,0.11297825422025198,318
2522,0.06112548955400143,0.030598226722219124,0.06112548955400143,256,-0.07928092331954417,203
2523,0.1344509051984346,0.0672875314878354,0.1344509051984346,256,-0.11152287934197602,216
2524,-0.08487933664869729,-0.04220571441126708,-0.08487933664869729,256,-0.07318522023410878,331
2525,-0.058837509809563926,-0.02947899759885786,-0.2159958890271696,384,0.16121045297889225,60
2526,-0.5820887153625449,-0.29122034030027066,-0.5820887153625449,256,0.3237112098922239,207
2527,0.046888349987909805,0.02348486528788385,-0.18616912292242205,384,-0.11556727813706402,133
2528,-0.01212312632725343,-0.005989069198164998,0.33944003430747216,128,0.1857789036781412,179
2529,0.1249891741346687,0.06252726473826442,0.1249891741346687,256,-0.12457045252466514,228
2530,-0.3887282273025221,-0.19417160258598187,-0.3887282273025221,256,0.1941716025860103,255
2531,0.15286100195140762,0.07668452101671619,0.15286100195140762,256,0.1277888043679809,350
2532,-0.17826395193537792,-0.08914054548102968,-0.19818130241662857,384,-0.15251192023436033,387
2533,0.4619368210467769,0.23119201890952468,0.4619368210467769,256,-0.2737016222418731,238
2534,-0.12812115130631696,-0.06369047668644612,-0.12812115130631696,256,0.11525700778292958,208
2535,0.02920534765780758,0.014396774471777007,0.07577120384456748,192,-0.07459453407549432,46
2536,-0.037284454002474376,-0.018603912194095074,0.22456477823902787,128,0.1863998128537503,170
2537,-0.02838963377709547,-0.014465275705617842,-0.06657133624185008,384,-0.05714024298879394,419
2538,-0.016486417995338343,-0.00840598019550498,0.15940263181350645,128,0.11416128627925559,135
2539,-0.08785607715901733,-0.04370999356197558,-0.1530170631142198,192,-0.17946646711959602,334
2540,-0.13125705952714384,-0.06536343972533132,-0.13125705952714384,256,0.10891228284069143,230
2541,-0.3917472863233229,-0.19594461370172667,-0.3917472863233229,256,0.22718040410077833,249
2542,-0.06538745091231135,-0.03255589439100959,0.11428275158618817,128,0.112281367198932,138
2543,0.06590530442846898,0.03301447896134846,0.06590530442846898,256,-0.05310265648540735,218
2544,-0.0001287838553594156,-0.00014602607427605108,0.05430557764020705,64,0.07762238597899795,82
2545,-0.19063369768801408,-0.09536489684782623,-0.19063369768801408,256,-0.13584111150362332,276
2546,-0.15840915527354582,-0.07942966775095783,-0.15840915527354582,256,0.13983543075099192,214
2547,0.012008407190990056,0.006173802305454501,0.15802911728674474,128,0.09806464820923111,448
2548,-0.08627595641402763,-0.043311234682278155,0.12731322380093957,128,0.15296536085773482,152
2549,-0.0695533631140961,-0.03450457562624365,-0.2557971205094418,384,0.1526732811964706,126
2550,0.06099199701435509,0.030516821094835223,-0.10761130651030726,464,-0.12290670982460483,208
2551,-0.09631800365679055,-0.048367496081937134,0.09740626577480782,64,0.12949310816230764,205
2552,-0.10159792935775158,-0.05104096487980314,0.20202115947266464,128,0.1525921816412108,171
2553,-0.023369554872829212,-0.011963217797472225,-0.10618585172147732,192,-0.08405462824885035,455
2554,-0.10008172027164619,-0.05008532729428339,0.10299701863465316,384,0.13043305315392217,204
2555,0.1258672590140293,0.06317933675614995,0.1258672590140293,256,-0.14076397103076488,172
2556,0.09527393897238312,0.047469058086733185,-0.17120307908635368,320,-0.14722166974254947,198
2557,0.012049109922344314,0.005983113110914928,0.10866406251699345,384,0.07841325487544282,386
2558,0.11635492742635734,0.05803951486791448,0.20134867822730484,128,0.15259361861916432,433
2559,0.23860545938168798,0.1191513241773805,0.23860545938168798,256,-0.157945638300788,196
2560,0.16569973914556613,0.08279236302769277,0.17233588804350575,128,0.1380389751591906,390
2561,0.27088609364702165,0.13525467287792026,0.27088609364702165,256,0.1890529169008346,329
2562,-0.28536110730044584,-0.14303219073588025,-0.28536110730044584,256,0.164879980676659,209
2563,-0.013644815867138504,-0.006863803675400959,0.0735490368988394,320,0.05189550784372443,74
2564,0.22811227495157027,0.11382084864936814,0.22811227495157027,256,-0.14262318553522846,224
2565,-0.07634694644173123,-0.03804513370420182,-0.11048479558542112,272,0.12256244683331374,174
2566,0.018086561385956657,0.009384787339200784,-0.08016683671201008,128,-0.08160097345810868,156
2567,0.13624651713598723,0.06817471266683128,-0.16239342403918045,128,-0.1797732543460313,142
2568,-0.04280027558132815,-0.021505921252298776,0.08082858925450864,128,0.06047442456218732,140
2569,-0.012285075003006796,-0.005820725258985249,0.11334164906571687,384,-0.08644660974113094,339
2570,-0.05744923733894325,-0.028670800691372733,-0.127026973607542,320,-0.09856613687480831,449
2571,-0.2401174449761072,-0.1197756325908017,-0.2401174449761072,256,-0.200648466611824,338
2572,0.25923860389934816,0.12934953948530392,0.25923860389934816,256,-0.15421103955935678,248
2573,0.07680868289298814,0.03842629321590607,-0.16389225272403962,128,0.16018070170389365,344
2574,0.17706892270729213,0.08837720549377082,0.17706892270729213,256,-0.15135333232404946,173
2575,0.16489767764306862,0.08256792260354473,0.16489767764306862,256,-0.08817579818838794,212
2576,0.17261701230739845,0.0863022812732197,0.17261701230739845,256,0.15215986768669154,408
2577,-0.33376717996003435,-0.16721653398241187,-0.33376717996003435,256,0.16951093462191125,251
2578,-0.12090985132175547,-0.060290381395759596,-0.12090985132175547,256,0.1177303039721096,171
2579,0.13143915114821425,0.06563545697275686,0.13143915114821425,256,-0.08450513928482906,215
2580,0.3777620198439422,0.18880986136434785,0.3777620198439422,256,0.23096667499697787,277
2581,-0.07334059271965998,-0.03670115831715748,0.1781159882096972,448,0.1463770411357359,86
2582,-0.18941688914864585,-0.09480976354254267,-0.18941688914864585,256,0.12339224517469916,234
2583,0.181998033149938,0.09093053584348354,0.181998033149938,256,-0.14265044031952812,200
2584,0.015417224403563523,0.007778195970786328,0.12587364812165447,128,-0.09995939873840598,105
2585,0.24611679141096943,0.12291029198109982,0.24611679141096943,256,-0.1582630763311954,232
2586,0.1656165665309004,0.08262953092673797,0.1656165665309004,256,-0.16226834226831954,113
2587,-0.07422424950550521,-0.037110960617468436,0.12021600240237262,64,0.08890801472662702,208
2588,-0.13014717499950734,-0.06526613717545615,-0.13014717499950734,256,0.10399891015100593,231
2589,0.3357906489334823,0.16800785073778002,0.3357906489334823,256,-0.20835600767608753,178
2590,0.09455984328155864,0.047300320650379035,0.14780486415597238,192,0.14541114670134903,356
2591,0.016719441409037472,0.008365432040363885,0.14919810549633894,320,-0.1243024645357309,41
2592,-0.0067735135658040235,-0.003519557614367841,-0.16368918290665135,128,0.09521464349786868,105
2593,0.15332185682075306,0.07659403681378762,0.15332185682075306,256,-0.14296620474701172,179
2594,-0.10230226460225822,-0.05104590178817148,-0.10230226460225822,256,0.13908464019985445,171
2595,-0.0987871804698841,-0.049368848593331904,-0.0987871804698841,256,0.09762002335000375,213
2596,-0.14732029724609674,-0.07367870767984641,-0.16050099400786166,320,-0.13884374481568784,320
2597,-0.019416640559342113,-0.009529325147951795,-0.08685179411392596,128,0.07860772124365667,112
2598,0.09643748755999582,0.04795121446710482,0.09643748755999582,256,0.10440850346458319,330
2599,-0.09454430387955881,-0.047460108733105244,-0.09454430387955881,256,-0.08016804408924827,263
2600,-0.062365988219994506,-0.031102719850224503,-0.149331934370025,64,0.13580477954689485,47
2601,0.1722288497247746,0.08612489129041023,0.2909556668211053,128,0.20292129572783324,390
2602,-0.34487315975528077,-0.17243653131640713,-0.34487315975528077,256,0.19750419636619654,248
2603,0.21753775802892505,0.10891052403684398,0.21753775802892505,256,-0.19623643582522732,200
2604,-0.06406573901551837,-0.03216015072769096,-0.0718104541502953,384,0.07684232041583527,110
2605,-0.12091536341046094,-0.06033592856996961,-0.12091536341046094,256,0.09673066378948647,219
2606,0.015165334407925002,0.0074648589103389895,0.12197749229255805,192,-0.09591144936094054,50
2607,-0.07289920580748799,-0.036478778726376504,-0.07289920580748799,256,0.06295847943286503,109
2608,-0.200781930544224,-0.10046755637100091,-0.200781930544224,256,0.1205789438847944,181
2609,0.15119619577998833,0.07562121007993028,0.15119619577998833,256,0.1013409308599762,408
2610,0.021549270528907982,0.01105971971756503,0.04742669887465922,128,0.06938205508714645,395
2611,-0.14334063602416336,-0.07183592395892902,-0.14334063602416336,256,-0.10397535235568967,267
2612,-0.18229477423554385,-0.0911278473971322,-0.18229477423554385,256,0.1338829927989309,228
2613,0.06358079219967294,0.031685267160128205,0.06358079219967294,256,-0.09199169898292325,178
2614,-0.004952169986523813,-0.0023595012314387986,0.14627956735631642,384,0.12686897552984533,150
2615,0.07074943628865071,0.035600613091958166,-0.17009666741819274,128,-0.15223933055230532,160
2616,-0.03459012480612955,-0.017352564582040486,0.1957541693850544,384,-0.13880218821014978,343
2617,-0.3024393590953025,-0.15101718537215447,-0.3024393590953025,256,-0.22737276059416445,396
2618,0.09668512560386944,0.048267079465802,-0.10086272215215786,64,0.13205289591940073,277
2619,-0.08195582562805726,-0.041108287501344876,-0.1134781025188829,128,0.13450913917760943,108
2620,-0.11470442608481335,-0.057316520477314725,0.15313550994704883,288,0.15320062425602998,102
2621,0.009928605669074386,0.004948790147693671,0.19624688903581955,448,-0.12493417894989989,181
2622,-0.029034351175766915,-0.014746546956132534,0.09440526788114312,96,-0.08722652292721023,346
2623,-0.3901724197973806,-0.19509439190315447,-0.3901724197973806,256,0.22831193730121413,223
2624,0.013052019930285041,0.00631473241344338,-0.21129075911761674,384,0.1090140233172292,383
2625,-0.09059449810544606,-0.04530326010808494,0.14044521481582706,320,0.11920636176333232,196
2626,0.31685406351226675,0.15831201807571915,0.31685406351226675,256,0.19605151686317868,298
2627,0.12316568747206702,0.0616786446926767,0.12316568747206702,256,0.10254170445136879,422
2628,-0.2742250159040509,-0.13707456069124646,-0.2742250159040509,256,-0.16916646729765716,327
2629,-0.12450090386528245,-0.062119885403831177,-0.12450090386528245,256,-0.11613830554267679,333
2630,0.49975545953293476,0.2499348500557801,0.49975545953293476,256,0.2559165202806071,264
2631,-0.13883375124322583,-0.06956943354731493,-0.13883375124322583,256,0.12218058121875686,85
2632,-0.08027172280174,-0.04040580180958386,-0.19672401037468035,384,0.1894588758438971,90
2633,-0.25233623082618806,-0.1262898338040941,-0.25233623082618806,256,-0.1343439084653255,321
2634,-0.20718588328224996,-0.10384138510522689,-0.20718588328224996,256,0.19794612105354759,159
2635,0.0582090679574776,0.02893677326215993,0.21294482633347656,64,0.18841422319775347,336
2636,0.19868564494899488,0.0996582186682815,0.19868564494899488,256,-0.1210138472189044,216
2637,0.012217490879322668,0.006014535387919295,-0.12085573967760865,128,0.08334245777029992,326
2638,-0.042797259408331456,-0.02146004752319186,-0.11964238212198097,320,0.11487897900286725,171
2639,-0.16921338284720377,-0.08442160260875653,-0.16921338284720377,256,-0.10035813968460161,263
2640,0.051905822235028154,0.025931713922489052,-0.07964936951026402,160,-0.10085591658038595,101
2641,-0.03643954025142193,-0.01829426144365698,0.10953741102318304,224,0.10691906680989405,232
2642,-0.10885712700110162,-0.054321506166388644,-0.10885712700110162,256,0.1310445948925718,82
2643,-0.1264252919580997,-0.06307380490048331,-0.1264252919580997,256,-0.16731806938810223,395
2644,0.028142317035815267,0.014223799201062093,-0.1313749331109193,384,-0.12021109393774054,211
2645,-0.19097451190108927,-0.09543999520758462,0.2295494060864769,128,-0.18159141016946023,339
2646,0.03307723216104819,0.016748992707533716,-0.11523676344972955,320,-0.10953002934184042,196
2647,-0.06663101386479298,-0.03345894046861986,0.08744202080066543,384,-0.09341257448664919,369
2648,-0.31137741007648856,-0.15595678527321866,-0.31137741007648856,256,-0.2560179861281995,367
2649,-0.22040511445243283,-0.1101070603081098,-0.22040511445243283,256,0.14933262486340482,248
2650,-0.1769924399486058,-0.08818155227763214,-0.1769924399486058,256,0.13877618806219516,168
2651,0.27524373824377335,0.13752311861946964,0.27524373824377335,256,0.14171211057873734,258
2652,-0.08356782136482366,-0.04183695415096622,-0.11060807215528712,384,-0.08288327413328034,385
2653,0.08920032018767188,0.0446274581603916,0.08942769720761135,64,0.09018655815674492,457
2654,-0.12505045586073038,-0.06265293036466346,0.12547630355578576,384,0.13854783742226573,203
2655,-0.009585594496172689,-0.004600094889212869,0.04028961618058702,480,-0.046714862991450445,347
2656,-0.27998914702928346,-0.14008930971479572,-0.27998914702928346,256,0.21841671307004162,241
2657,-0.22484196801767098,-0.11210880300126291,-0.22484196801767098,256,0.15664131696738082,195
2658,-0.1331793197341824,-0.06661110398007963,-0.14202088182480566,64,0.13308038966130198,186
2659,-0.06408110634188802,-0.03222458374841608,0.15777598071031207,64,0.14193863078918412,193
2660,-0.09816748208797321,-0.04913947701280108,-0.09816748208797321,256,0.09982993848177557,162
2661,0.01585891362321945,0.007759408332731255,-0.07504953803169201,128,0.07672388234732352,312
2662,0.026859923142808384,0.013435821180934227,-0.04976834447751344,264,-0.04373918979837299,26
2663,-0.09363147169378294,-0.04673499460182029,-0.09363147169378294,256,0.10496601395350069,113
2664,0.04739805391182017,0.023713220111574174,-0.06461951194518178,384,-0.087152927610191,208
2665,-0.18168570262622552,-0.09099927731000435,0.2269882728285353,128,0.23463202240935743,145
2666,0.01636542985846745,0.00822091696085181,0.15955951198930052,384,-0.13870350331173142,82
2667,0.006040502099921241,0.0030083963085303367,-0.1692793780551085,128,0.08719606256278212,381
2668,-0.17474639481653753,-0.08742541238646595,-0.17474639481653753,256,0.13150678981016029,113
2669,-0.06618297697801268,-0.03300472440801627,0.133902099880288,384,0.12685596149432854,200
2670,0.09359864880102009,0.04665209546431015,-0.09915653102564903,64,0.12478378718020622,306
2671,0.051762143683390605,0.02574245473397241,-0.07596000721899543,64,-0.08589322285678236,195
2672,0.0505760212343489,0.02526602524608279,-0.09573809449176451,384,0.11404025538797669,284
2673,-0.3068304163883795,-0.1536309472138555,-0.3068304163883795,256,-0.16572018938319388,262
2674,0.3020350163565979,0.15127570504574805,0.3020350163565979,256,0.18517784348870236,285
2675,0.03913717786747384,0.019149845595620718,-0.13113803644927202,320,0.12815282546273465,427
2676,-0.19585153148187828,-0.0979820482311311,-0.19585153148187828,256,0.1439192831053333,211
2677,0.05319085084920516,0.026492808866578343,-0.11620737878246246,448,-0.11070000425803528,92
2678,-0.2388413892876997,-0.11952616102720981,-0.2388413892876997,256,0.17746586936360131,187
2679,0.007788315296153314,0.004143821246458401,-0.08592259058485752,32,0.05888456603264558,477
2680,-0.07391669400320211,-0.03713476350498013,-0.15714976395193503,128,0.16101144928681776,110
2681,0.1380297430753501,0.068906467730244,0.18921296700995072,384,0.1740503881781592,398
2682,-0.07528204675509187,-0.03783152788207644,0.2630860388442784,448,0.229078334650211,209
2683,0.0684962688517885,0.034235837064329644,0.1014620290872017,384,0.07743124609095275,432
2684,0.221951574544903,0.11103883078686749,0.221951574544903,256,0.15520000363619602,328
2685,0.059878709569261446,0.029863370588202542,-0.06838858700450601,128,0.07008026069803464,368
2686,0.1648431240902255,0.08239715104963352,0.2522081746374738,128,0.19910615003993826,416
2687,0.17603376271387106,0.08789402892290354,0.17603376271387106,256,0.10675488750092654,270
2688,0.039024098930497075,0.019341750147646053,-0.13064336566134216,192,0.10112877211139448,316
2689,-0.01301317431489224,-0.006560341828048877,0.18962775146457034,128,0.11649265073373272,151
2690,0.10188342629771796,0.050681627210508395,-0.11574188235198335,352,-0.14794447877181938,169
2691,-0.1939874377139006,-0.09685284940485417,-0.1939874377139006,256,0.12812820207795994,120
2692,-0.0557527947403571,-0.027849526917719913,0.2269274546493989,384,-0.144212540102842,375
2693,-0.18439944776687867,-0.09198526132317397,-0.18439944776687867,256,0.17621432665416137,166
2694,-0.1108588170228586,-0.05559442970331929,-0.13267561398845373,448,0.12097498555849029,183
2695,-0.07426047463425789,-0.037329465267134765,-0.28327024087192854,192,0.19538700266522824,156
2696,-0.06219256108974491,-0.031000594070178522,-0.11904131907306947,64,0.09428901708446347,183
2697,0.08346468095112414,0.04166954805083378,0.12209819871172556,128,0.11829666966059449,391
2698,-0.004829427173206113,-0.0025045602723707816,-0.10241790816826324,448,0.09859088022594165,177
2699,-0.06744991102655717,-0.03367004255136408,-0.06744991102655717,256,0.06368085092302067,159
2700,-0.17706653527397975,-0.08867322905376795,-0.17706653527397975,256,0.1440797190278431,209
2701,0.04014706582262306,0.019963703843473013,0.059150296518012624,64,0.049554968004486,464
2702,-0.3158979476077093,-0.157790010348549,-0.3158979476077093,256,-0.18967128387748744,280
2703,-0.03207265465107412,-0.01595615477458523,-0.15048127990309013,320,0.10951711413574117,181
2704,0.022142002375034053,0.011189532695539128,0.16974720112159503,384,0.1402640889647273,458
2705,0.010608531919956476,0.00522325942245061,0.09903333323691044,64,-0.08628010524925145,38
2706,-0.12500158664511218,-0.06255074816957062,-0.12500158664511218,256,0.09806802089900657,224
2707,-0.3943951319863004,-0.1970438420397045,-0.3943951319863004,256,0.2622178997286255,233
2708,0.19924789168140933,0.09979302275186797,0.19924789168140933,256,0.15831042503702974,354
2709,-0.06872962426902518,-0.03414827318434277,-0.09802645030038093,384,0.0782693734562514,110
2710,-0.2956294574391336,-0.1477844289699135,-0.2956294574391336,256,0.17871990809956628,207
2711,-0.01199351730221565,-0.005512462168184129,-0.05340794460050802,160,0.04822824140435955,88
2712,-0.09450008183029013,-0.04706285714468095,-0.09450008183029013,256,0.10216719705047694,144
2713,-0.08016683920862988,-0.040235093295564184,-0.15602456631751238,384,-0.12033208950390417,393
2714,0.002937457669702326,0.0011457672616757009,0.11787759572442269,64,0.1114679973973125,329
2715,-0.17526526854800295,-0.0876231040289781,-0.24580248171078267,128,0.17250958496869373,119
2716,0.19176777190449457,0.09585412116956604,0.19176777190449457,256,-0.12214056146351027,248
2717,-0.408559020119327,-0.2045548131489454,-0.408559020119327,256,-0.24515483326729282,325
2718,0.12006526665101092,0.06018924431242567,-0.2036614813422375,128,-0.15479900930250778,193
2719,-0.012414268045233712,-0.006265990960855561,0.09785341942802006,192,-0.08190798226928564,435
2720,0.09126920244594317,0.04552992911482079,0.09126920244594317,256,-0.09347981525465343,228
2721,0.020760438360753142,0.010244336128096165,0.13718346145321902,384,0.09601750561938616,408
2722,0.27850480382954856,0.13918693314502661,0.27850480382954856,256,-0.1692545654758817,248
2723,0.028587277882820672,0.014249914849756351,-0.11664567151410665,384,0.13664908327740477,354
2724,0.19665605206998293,0.0979191125721286,0.19665605206998293,256,0.1235749274356408,400
2725,-0.022219422447790294,-0.011034248786870648,-0.09271253538464208,64,0.0853020647893743,45
2726,-0.025488092081900504,-0.012775680884487883,-0.0584303567286355,96,0.06969941026389392,201
2727,0.04384392650530344,0.022083964751857366,0.05642155320384745,192,0.06923103891847404,327
2728,0.22771829339379224,0.11404039080778716,0.22771829339379224,256,-0.15007942698304078,240
2729,0.03096727671194799,0.015236584335355019,-0.23906947575534332,384,0.1669813346300657,315
2730,0.3813181661348608,0.1908955850282723,0.3813181661348608,256,0.2386200462914303,330
2731,-0.12014119266851253,-0.06011695248997739,0.12027607459077672,352,0.13215018258716782,227
2732,-0.0825313262138252,-0.04131816122372811,-0.11812299409842808,128,0.09992191618415802,113
2733,-0.2670332692636066,-0.13344171248280645,-0.2670332692636066,256,0.17384457956723054,235
2734,0.363984555752495,0.18183309908374667,0.363984555752495,256,-0.20884308455879363,240
2735,-0.0014001348863814655,-0.0007869006759051445,-0.13261507288220287,128,0.10103825600005223,116
2736,-0.02412732077544888,-0.011887201490708321,-0.053413515238219134,288,0.061005044795876984,155
2737,-0.27618399145728745,-0.13808922019040892,-0.27618399145728745,256,0.18170276218833692,123
2738,-0.04759497795126322,-0.023754714944146826,0.1078448004565189,320,0.0842285430960743,68
2739,0.113990579244728,0.056729415628694824,-0.1947749149932605,128,-0.14415628119309076,138
2740,-0.1459575768631396,-0.07291180747861858,0.14920874376929305,448,0.15482108236091108,230
2741,-0.036812473201393914,-0.018338073053342896,0.08253047698178761,320,0.08285792286892502,227
2742,0.16114279615402438,0.08068166098337315,0.16114279615402438,256,-0.09082240000176967,222
2743,0.02481545280784303,0.012513082124712582,0.1654003939701738,320,-0.13380481670825617,59
2744,0.21761328634630672,0.10885064444829595,0.21761328634630672,256,-0.17540081646467343,176
2745,-0.11423144108260885,-0.057050495809932045,-0.11423144108260885,256,0.06581594006837577,183
2746,-0.23415099356066094,-0.11682268101529303,-0.23415099356066094,256,0.20427688177483105,177
2747,-0.048149063618723176,-0.02422591254173767,-0.07512697429734772,384,-0.04982782415197562,384
2748,-0.1396561503103726,-0.06985308559967507,-0.1396561503103726,256,0.11247402373328441,221
2749,0.1587335097871403,0.07921256835703616,-0.15930289031649636,320,-0.162267064443526,91
2750,0.2817759512403768,0.1407507204438616,0.2817759512403768,256,-0.1845337512363585,238
2751,0.4814996532783766,0.2407682007175822,0.4814996532783766,256,0.26051650346107635,266
2752,-0.017174222948966644,-0.008673517875422476,0.07651569573491201,192,0.08840368558551859,205
2753,0.09566652129325348,0.047684233792438135,-0.2138709137275896,384,-0.1768746957702092,201
2754,-0.2834611144264727,-0.1416619764086704,-0.2834611144264727,256,0.1731678282986593,238
2755,-0.051116015754161026,-0.025598547826234608,-0.17879631299717857,128,0.11647962571967696,63
2756,-0.08871865612925944,-0.04456798774231174,-0.08871865612925944,256,0.05867865267329364,87
2757,-0.15056489437029086,-0.0753770865835861,-0.15056489437029086,256,0.12305537928330068,205
2758,-0.22185685721751724,-0.11075524474151166,-0.22185685721751724,256,0.14649349098550601,182
2759,-0.03549617000726357,-0.017837853383639413,-0.0943330177553321,64,0.07186825086819226,157
2760,0.22016868189348315,0.1102800718545609,0.22016868189348315,256,-0.12951921816346612,186
2761,-0.0009431719914232417,-0.0005144348678527422,0.08954468739250387,352,0.07937299420530053,162
2762,-0.2655755929128816,-0.1329396296993366,-0.2655755929128816,256,0.17503724595562176,187
2763,-0.0043005304276846346,-0.002252902413033553,0.13533629638800448,384,0.11045804683655547,147
2764,-0.03571624788273198,-0.017701072517780858,-0.1340449226444207,384,0.09252527135649302,91
2765,0.1254530574779551,0.06263670279349753,0.14323782169196875,128,0.14406986987677328,406
2766,0.006895004626954915,0.003617363104069682,0.12124564443990948,448,-0.09117306872192188,49
2767,-0.031238189712325948,-0.015584923201231504,0.06433655945494365,320,0.07740374086964152,201
2768,-0.23619419137796172,-0.11808854321401441,-0.23619419137796172,256,0.15988065402365237,223
2769,0.18733114769713666,0.09352601095724822,0.18733114769713666,256,-0.13188348484715107,175
2770,0.23984494795351452,0.12007504621996645,0.23984494795351452,256,0.17303222772125082,420
2771,0.09367800383111557,0.04716682232012204,-0.16608953336036336,128,0.1226830066847242,357
2772,0.20879515508920576,0.10415429275280985,0.20879515508920576,256,0.11378776651173439,360
2773,-0.1332922883905212,-0.06659034800318864,-0.1332922883905212,256,-0.10204566470565624,391
2774,-0.2586913428088735,-0.12928618202693087,-0.2586913428088735,256,0.16271839078027028,241
2775,-0.032834790322766594,-0.01648967312229388,0.23780481306772572,64,-0.17250314471129968,313
2776,0.2556425839655674,0.12777766645137945,0.2556425839655674,256,0.13254517002332022,259
2777,0.19530830620800543,0.09782932745696371,0.19530830620800543,256,0.11172394146296938,353
2778,0.1471572941034367,0.07322595964092216,-0.14835759041011443,128,-0.18141254955853015,176
2779,0.02507383331857227,0.0125281614205619,0.13427663100526388,288,-0.08399966213809762,204
2780,0.18997581774209493,0.09528746785878184,0.18997581774209493,256,0.12992864527944903,313
2781,0.08749459523431824,0.04386625702355218,-0.171770183259639,160,0.15660338720732625,337
2782,0.20173236653181448,0.10093770086359655,0.20173236653181448,256,0.13227922086883837,284
2783,-0.22466657692547187,-0.1126214742567413,-0.22466657692547187,256,0.18336583801720963,206
2784,-0.1281792588418682,-0.06440803252598926,0.1536492730260477,128,-0.15634999006863382,359
2785,-0.018770249773268688,-0.009552054066375604,0.07093878682753285,64,0.06964429691227281,97
2786,0.04216534581919973,0.020891733698988446,0.04216534581919973,256,-0.03483063307118073,252
2787,0.08362485900551064,0.041737292062919096,0.08362485900551064,256,-0.07332473362268388,154
2788,-0.16920451540983095,-0.08464234535540527,-0.16920451540983095,256,-0.10712165567434795,263
2789,0.1144547438658492,0.05724886807399798,0.14919065188593095,192,-0.1447146370372252,190
2790,0.29465286756982323,0.14712056187033795,0.29465286756982323,256,-0.17506475502392504,230
2791,-0.03539627056477457,-0.017597674181160983,-0.06474235635613468,384,0.06220496819702248,113
2792,0.16877998881219014,0.08462035373403864,0.16877998881219014,256,-0.1441529475528398,228
2793,-0.042671068142936974,-0.021230453201297905,0.10199730737519985,128,-0.12211436588978586,334
2794,-0.3187907701132815,-0.1592443229453977,-0.3187907701132815,256,0.19118246310668496,225
2795,0.17224660991610108,0.08638673738639113,0.17224660991610108,256,0.14411301974746493,323
2796,-0.14599950892187508,-0.0731950591060695,-0.1553558504042627,128,0.11537075786088735,126
2797,0.006600620007532143,0.0033473187507695457,-0.07195981700260745,48,-0.06644191132896538,116
2798,-0.006527325237158266,-0.0030429944996797076,-0.20927436615235706,128,0.13301433880197067,59
2799,0.14357688820700787,0.0714688952766096,0.14357688820700787,256,-0.1361388951296476,152
2800,0.23785663906102172,0.11903438966575663,0.23785663906102172,256,0.1347988840426524,262
2801,-0.12392109904197923,-0.06198314273945016,-0.12392109904197923,256,-0.08529888964625343,402
2802,0.002021466414163342,0.0009802841457258182,0.14072272616479609,128,-0.1320447217356957,84
2803,0.08960207800964781,0.044723199152997495,0.08960207800964781,256,0.12015734948499812,397
2804,0.34142499523755987,0.17066830506513497,0.34142499523755987,256,-0.23238491473222211,104
2805,-0.12455530478129617,-0.06195582240161457,-0.12455530478129617,256,0.11446660564237732,189
2806,-0.17371156675667976,-0.08689353529311461,-0.17371156675667976,256,0.10513544889587934,203
2807,-0.0018072079714670508,-0.0009784302593516259,-0.13740154309482477,384,-0.08185190205790605,453
2808,-0.12186213711038363,-0.06097724118575343,-0.12186213711038363,256,0.12318695376188771,145
2809,0.14807928802255788,0.07372863044827227,0.14807928802255788,256,-0.13553391135900483,188
2810,0.1522402453255154,0.07613095386298596,0.1522402453255154,256,0.1460779962725951,434
2811,-0.3670810259763755,-0.1835300398319646,-0.3670810259763755,256,0.2656963580072045,195
2812,0.0884644049692156,0.04437825205050672,0.1058322240624534,128,0.11230221669626417,412
2813,0.0910306971816226,0.04536142595384263,-0.19775237773779963,384,-0.17589773152297994,147
2814,-0.013194835326942211,-0.006635780321801121,0.03716944568270719,404,0.0508819900526305,148
2815,0.030092403013668445,0.01495681784149383,-0.11466698176468526,288,0.0851717404136707,396
2816,0.03465551775013864,0.017359488754095764,-0.1179181987867679,128,0.09877292365820267,362
2817,0.12112907401817097,0.06082402922697838,0.12112907401817097,256,-0.12640076255776478,117
2818,0.03466565895405438,0.017390729210490008,0.04128235343802089,280,-0.07123308343258827,183
2819,-0.21215781663974553,-0.10594868215156339,-0.21215781663974553,256,-0.1909650260936928,297
2820,0.1591216460154783,0.07969895669472749,0.1591216460154783,256,-0.1668128735133223,221
2821,0.19252893702935125,0.09633004332394535,0.19252893702935125,256,0.12436389867616526,348
2822,0.05989135281981817,0.02972273768256173,-0.11455873549243734,128,0.11441058522200365,368
2823,-0.17450203044552381,-0.08711792657010164,-0.17450203044552381,256,0.09825963332471588,248
2824,0.11834616671535514,0.05917673688466607,-0.2114585959353903,64,-0.21628232435847394,204
2825,0.20349793480176004,0.1016747306609318,0.20349793480176004,256,0.14762599823137634,394
2826,-0.01514032187830594,-0.007534671986462627,0.04966102399657757,192,0.06204023175865814,90
2827,0.03471156604587122,0.017372311667401164,-0.38071465557430884,384,-0.2072193095304442,129
2828,0.15741724213717134,0.07875175581961003,0.17679739400632144,64,0.12959856361601396,320
2829,0.32847570719985697,0.16436084997698686,0.32847570719985697,256,0.2349485285221249,356
2830,0.21756731156398246,0.10890959103645059,0.21756731156398246,256,0.12561723912705247,324
2831,0.13930429066437,0.06978307243747395,0.26389040593987545,128,0.20092260427992414,397
2832,0.053852080019908044,0.026794609748264975,0.07207186468974669,384,0.08152627316246708,391
2833,0.012480644943366315,0.0065871056744981615,-0.06812607192394182,128,0.06365270847356896,313
2834,0.011732712807145163,0.00584730390085042,-0.1496152387801999,64,0.09793065881297025,305
2835,-0.4129019946765595,-0.20638218873116898,-0.4129019946765595,256,-0.20942610762688219,321
2836,-0.05185820164467714,-0.025778860901880307,0.12369564228140462,384,0.09230559203575694,145
2837,0.08800832647392554,0.0439569671042932,0.08800832647392554,256,0.1038047220175713,303
2838,0.18633179300911706,0.0929739608633895,0.18633179300911706,256,0.11398270519822518,291
2839,-0.18823319020131635,-0.09414271053728385,-0.18823319020131635,256,0.15131265082487744,182
2840,0.10768552283514055,0.05391042442940375,0.10768552283514055,256,0.10072850548090173,291
2841,0.0011054306766880018,0.0005718480252880909,0.05109549887322373,344,-0.05890034898172303,166
2842,-0.09833831137734705,-0.04922221597735188,-0.09833831137734705,256,0.06566209928843136,249
2843,0.08661347032997924,0.04344507927862651,-0.229161680642747,128,-0.14075620451799864,137
2844,-0.004547920761808655,-0.002457545960965035,0.07557117178515682,224,0.0637785170507641,169
2845,-0.45313322845635184,-0.22673966167610615,-0.45313322845635184,256,0.2362540498599799,221
2846,-0.21249151924021703,-0.10636209765644367,-0.21249151924021703,256,-0.16485951397527288,334
2847,0.008918680188031658,0.004390404945013415,0.18498320404978585,384,-0.11500168170898917,124
2848,0.14017661235070022,0.07015717708841862,-0.1672464684114061,320,0.1248263947481405,446
2849,-0.15806876959129568,-0.0793387093194724,-0.21788785525984622,128,0.19263130210072177,95
2850,0.20693286207961137,0.10356240233124936,0.20693286207961137,256,-0.16297846937837335,236
2851,0.0532870771872922,0.026586726412915596,0.11414635070879342,128,0.13147440823865963,406
2852,-0.08418592243918965,-0.042260171651207656,0.1685568102079742,128,-0.1345449312966025,357
2853,-0.009589306311539758,-0.004628442077660111,-0.11461184034342864,192,0.06959306007289001,175
2854,0.0059963352578904505,0.0030330183258513443,-0.15230165108577864,128,-0.138359357981642,180
2855,0.16581664112777617,0.08306737574454814,0.16581664112777617,256,-0.10574170663468863,189
2856,-0.08906923935478517,-0.04446359730491167,-0.16897090460275876,128,0.15191831134353606,90
2857,0.09183672893860262,0.04571155627445478,0.11302526426800341,384,-0.10358355015220866,114
2858,0.020386414643382977,0.009815905458651741,-0.14468210638722212,320,0.08319914058853328,431
2859,-0.3741279455165625,-0.18703773476170227,-0.3741279455165625,256,0.2015037492627414,233
2860,0.09462106147159943,0.047355350051248024,0.09462106147159943,256,-0.09873844166298795,185
2861,0.022646078183413465,0.011369280888516187,-0.09131259220586685,64,0.09521980393628837,410
2862,0.0977578841497575,0.04890321373443385,0.0977578841497575,256,0.08065682715647426,482
2863,-0.03206857142421882,-0.016220879442641944,-0.09001639079792767,448,-0.10363018296368409,358
2864,0.10038647387239052,0.049847416780664844,0.10802302594295554,128,0.08612506992420776,400
2865,-0.08085167525575798,-0.04036367485480241,-0.17259809519038782,64,0.13315370118139214,63
2866,-0.03357250960829106,-0.017190177675161067,-0.17968613128959987,384,0.16480972713851827,114
2867,-0.12048318851142881,-0.06029616224992651,-0.12048318851142881,256,-0.10675876019990937,305
2868,-0.06555486146876888,-0.032760501218263016,0.1353664307933684,128,0.10204070930521425,141
2869,0.3035297804344168,0.15171659659984016,0.3035297804344168,256,0.2107301757451978,299
2870,0.2764058694729954,0.1380841969900075,0.2764058694729954,256,0.15744137562995775,274
2871,0.1405969862912002,0.07021125432078179,-0.1579356061577073,320,-0.1723172579737593,213
2872,-0.05233791704475266,-0.026319623521601443,-0.1251645699112487,192,0.0997178422694418,47
2873,-0.030361349457166398,-0.015121678627593838,0.11251392312391317,288,0.09923632174567842,161
2874,-0.15538483074541887,-0.07749846510776592,-0.15538483074541887,256,0.14804037594169017,175
2875,0.08685096547213789,0.043341401765644605,-0.19158481601192534,192,-0.15663314720083577,200
2876,0.005501254998506511,0.0027754255220315827,0.045376506963521024,400,-0.055722987641146915,108
2877,-0.043003107320600975,-0.021423390313685786,-0.09441224856800545,320,0.08501891309889942,61
2878,0.1736357642780888,0.08677405644965575,0.1736357642780888,256,-0.13471102113516054,230
2879,0.3141898293891927,0.1571137673049634,0.3141898293891927,256,-0.1641861972791787,254
2880,0.12119381048634636,0.06071848231860599,0.12119381048634636,256,-0.11238851375296122,158
2881,0.07184518390374706,0.035739725041764814,-0.13650682948377835,384,0.1049975567930801,318
2882,-0.19813261513567682,-0.09889613618196336,-0.19813261513567682,256,0.19149640841385462,181
2883,0.39018188566831213,0.19509972996266356,0.39018188566831213,256,-0.28087825892168894,195
2884,-0.1891070902806007,-0.09454790558504556,-0.1891070902806007,256,-0.12755598291914794,261
2885,0.04380881713765916,0.02219135953953355,0.051162828047949915,464,0.04663090505789569,368
2886,-0.35908371585529153,-0.179405043231867,-0.35908371585529153,256,-0.20995177117072217,267
2887,0.1703034661594245,0.08528456316361144,0.19787119738379033,384,0.18630664995504276,411
2888,-0.1160771587913132,-0.05793790159881951,-0.15892969381413025,128,-0.14453453216538037,391
2889,-0.05922951671803389,-0.02932754545656735,-0.06895921074993794,128,0.07525983716413975,107
2890,-0.45270590293122837,-0.2265715757651492,-0.45270590293122837,256,0.23542031938490027,254
2891,0.1545355287167638,0.07741544957042379,0.1545355287167638,256,0.10250473390493653,386
2892,-0.05659526352317812,-0.028311731511990956,0.09660538324015988,176,0.10675405812099825,177
2893,0.03976639820106698,0.02016505906019006,0.1175593256481875,128,-0.0836938197209065,62
2894,0.009177977268763016,0.0046428020288828975,-0.08210786801274139,128,-0.08654713522795987,186
2895,-0.0984722247886225,-0.04890396795445895,-0.22274483081915264,128,-0.15350454144618197,421
2896,0.1872658092312065,0.09359830234797073,0.1872658092312065,256,-0.12794961628520696,230
2897,-0.1628157805720889,-0.08134189233865641,-0.23109452536442632,448,0.17729487697235413,191
2898,0.15945983741622172,0.07989215623416612,-0.3213592520041857,384,0.201387823020184,375
2899,0.4025342232493756,0.20123004196483407,0.4025342232493756,256,0.2349859500519642,290
2900,0.09358985109685136,0.04674664598246636,-0.14633011290897002,384,-0.13951962081497982,166
2901,-0.024953408122883047,-0.012219843562689903,-0.11440536742546925,64,-0.08479731553592273,449
2902,-0.06969584010101926,-0.0349985487935669,-0.22045815359150822,128,0.14315685187629867,116
2903,-0.03454493537316239,-0.017164069807023452,-0.03922496225121108,128,0.053794524054481485,107
2904,0.10050062880361565,0.05017298616434118,-0.1758300174034133,128,-0.16215258806872157,166
2905,0.00020636940627127842,6.996240068701809e-05,-0.10795602374817292,128,0.10078542976475546,336
2906,-0.03812009686834017,-0.01916933241591323,0.2382534520585864,384,0.15132153903056178,148
2907,-0.3201563779677201,-0.16020929141532747,-0.3201563779677201,256,0.2422946387189029,233
2908,0.19699343011313886,0.09857018742982859,0.19699343011313886,256,-0.18376883296275537,214
2909,0.02994611566811045,0.014988818958158845,0.13501900237707787,224,0.12409088537356183,357
2910,0.060187129255012906,0.029954324890468342,-0.06825103602571403,128,0.09444205218841262,348
2911,0.12305684505921022,0.06175963093417636,0.15901087609125852,128,0.15872482902005913,427
2912,0.3693918371832581,0.1846109472139119,0.3693918371832581,256,-0.25022058816136905,163
2913,-0.13380735300506785,-0.06684467392076954,0.14016604400924848,128,-0.13251356370642497,307
2914,0.06201162712363839,0.031017005155092647,0.18079903220882443,128,0.1158741999798849,386
2915,-0.05346474222380948,-0.027057828819181395,0.27859751103653707,384,0.18142230165665296,161
2916,0.024572379868175176,0.012247791084917026,-0.13780776720636823,32,-0.10102692693129711,160
2917,-0.24244890767369043,-0.12127984406782844,-0.24244890767369043,256,0.17532925134781863,197
2918,-0.16355716817642474,-0.08172048114005293,-0.16355716817642474,256,0.09376774340796601,237
2919,0.3787850741713328,0.18936389348084504,0.3787850741713328,256,-0.31500082374236626,200
2920,0.17557907565665687,0.08790085404774572,0.17557907565665687,256,-0.1655910401347569,176
2921,-0.07120829093895509,-0.03538653658725366,0.182004991131123,128,0.11111771796356607,193
2922,-0.04053562542716804,-0.020406835780363508,0.08776411608937451,304,0.08693058860990277,181
2923,-0.13714023837812306,-0.06847380734734543,0.2773612330629476,384,0.1772897432063587,131
2924,-0.1265288461276839,-0.06317997360287109,-0.1265288461276839,256,0.0931136373513084,195
2925,0.19283915661878837,0.0964528228443271,0.19283915661878837,256,-0.1515536326160145,207
2926,0.03249874006922937,0.01652208835250235,0.14747986397185286,192,-0.11177472072082395,42
2927,0.1114887152395454,0.055510781890063754,-0.1416297062350509,128,-0.14263946839477626,141
2928,-0.1286627991052285,-0.0643276876857044,0.1529029632093284,64,0.13937194057569968,74
2929,0.0018315283933247883,0.0011441088622916595,-0.11557185079107057,400,-0.11401359016332435,144
2930,-0.22698248854740655,-0.11355226225461479,-0.22698248854740655,256,0.17719020253613849,93
2931,-0.01911172386488147,-0.009653724437441724,-0.07384422192870943,320,0.08271030844636584,184
2932,0.005533790729117527,0.0030082874963852646,-0.1042426475342495,384,-0.08748337305289056,196
2933,0.2041114775581434,0.10201843126543508,0.2041114775581434,256,0.19758839699591135,312
2934,-0.002199974902850954,-0.001141084536982362,0.11708707474383573,32,0.0744583549415836,161
2935,-0.18928270764726562,-0.09440948377022096,-0.18928270764726562,256,0.16632102308261665,197
2936,0.0214295677325822,0.010550382501889999,-0.12493060341637374,128,-0.10014245142809841,216
2937,-0.27038425565257285,-0.13520850935154272,-0.27038425565257285,256,0.1844660375178364,221
2938,0.22407905830687014,0.11211029321594879,0.22407905830687014,256,-0.15077097241601223,205
2939,0.13902968953698291,0.06940197796564007,0.13902968953698291,256,0.09263345534111522,332
2940,0.21160198860206947,0.10586036030585433,0.21160198860206947,256,-0.16429495823655316,192
2941,0.01132660755988013,0.0057101889315163135,0.1001197468813757,272,0.08306983292158066,275
2942,-0.4684614340724522,-0.2339868589949674,-0.4684614340724522,256,-0.265409465686389,283
2943,-0.006634484601391932,-0.0032875069971112225,0.10435284632416142,320,0.08086268901863036,232
2944,0.061559114362211176,0.030867623561249502,0.2769222172008199,384,0.16213632076460271,400
2945,-0.08952230293533603,-0.04441488457374021,-0.08952230293533603,256,0.06635029847721796,122
2946,-0.2195389373344767,-0.10928397774006271,-0.2195389373344767,256,-0.11308079475850263,289
2947,0.28465002887955393,0.14239525712378054,0.28465002887955393,256,-0.1710494532732696,239
2948,0.19693617477452108,0.09841343990495943,0.19693617477452108,256,0.11552933174323243,271
2949,-0.010769140198760851,-0.0051941180920493935,-0.12795012792760474,128,0.09344148324976231,105
2950,0.089163537806769,0.04437468102753428,0.09187080060365815,128,-0.08861254734127044,112
2951,-0.1358729522505655,-0.06784692248211854,-0.1358729522505655,256,0.10453551447449172,236
2952,0.12316330708560486,0.061426172238384424,0.23317295555975193,128,0.1720039763304726,397
2953,-0.20385726583708674,-0.10182694810990256,-0.20385726583708674,256,0.16290327603471155,197
2954,0.1992152919049488,0.09956037698793807,0.1992152919049488,256,0.1148385581955722,300
2955,0.019316469337951503,0.009757404237348055,0.1491830527344291,384,0.1282854290806199,395
2956,0.18476202109894757,0.0924538734549003,0.2473735680494542,384,0.16998658365758956,384
2957,0.26082032814838385,0.13036137265902425,0.26082032814838385,256,-0.1634667467490658,230
2958,0.26257028515411207,0.1310022237766475,0.26257028515411207,256,-0.20584536670054376,195
2959,-0.11359587072035993,-0.056889561643203024,-0.11359587072035993,256,0.07116195464311659,185
2960,0.35004531012074835,0.17520806479302564,0.35004531012074835,256,-0.1852846455919348,246
2961,0.05907352967631141,0.029605498087647675,0.07555338774335496,288,-0.10004919525312062,203
2962,0.048773623818902934,0.024289098921940422,0.048773623818902934,256,-0.08033438294532402,204
2963,-0.033881620092898856,-0.01720223743728866,0.17883503075120188,384,-0.10383646262829416,367
2964,-0.12110006228229508,-0.060675789978120065,-0.12110006228229508,256,0.12099511424379727,71
2965,-0.0200811021663867,-0.01017536701561994,-0.18143867816354486,384,0.10236683577751648,107
2966,0.1641350113700355,0.08183333302571327,0.1641350113700355,256,0.1302045375298917,324
2967,0.041111551284558345,0.020463799709034447,0.12724728059976087,384,0.09461305219213045,423
2968,-0.13200839806245313,-0.06607605998345889,-0.18821099097328897,384,0.13300849138070703,115
2969,0.04292092549701465,0.021672717790124807,-0.16554862374175627,448,-0.13840627692218277,88
2970,0.03318620708600406,0.016428834002056192,-0.06994388052874001,320,-0.06777812460137511,213
2971,0.2736477868974987,0.13655173292102063,0.2736477868974987,256,0.18468384338729038,344
2972,-0.22840232923954318,-0.11395666930630455,-0.22840232923954318,256,-0.13536592606857312,395
2973,-0.0410490517571418,-0.020245404380375476,0.1879295340604017,128,-0.1422451439860879,346
2974,-0.08313658652872391,-0.04161961663811553,-0.19005129658205533,64,0.19216693247003036,185
2975,0.19107865627142928,0.09566681551211786,0.19107865627142928,256,-0.16148983822216678,156
2976,0.029574730039939823,0.014924110897226228,0.24838610583361742,128,-0.1802464071552805,92
2977,0.13109079896884168,0.06550942191876175,-0.15502729760117973,288,0.15808151102299917,348
2978,0.1749219059796303,0.08773676881574488,0.1749219059796303,256,0.14259229006114538,422
2979,0.04033015704149534,0.020124021883304977,0.04670208816941113,384,-0.06155451690663938,113
2980,-0.2196236254455357,-0.11012214447708857,-0.24692759316906177,128,0.2133251009360606,115
2981,0.08851120602673745,0.04426338290298304,-0.15050062467537373,128,0.13935034806524982,352
2982,0.0759472285519962,0.037885397702211776,0.11175560544864993,384,-0.10112951555129257,108
2983,-0.20558233058005726,-0.10304975983467557,-0.20558233058005726,256,0.16065459290845752,147
2984,-0.04420332440793118,-0.022103372130686694,-0.20640576391220122,128,-0.18313461956813626,437
2985,0.049155649843271476,0.024492733400563793,0.1398439050296787,128,0.11355558601655957,390
2986,0.29020431185725215,0.14539413803038315,0.29020431185725215,256,-0.16319118565030521,93
2987,0.1216258912283763,0.060595808855794075,0.1216258912283763,256,0.12030000635064653,311
2988,0.050575448854118576,0.025301220427905946,-0.1028160730833747,368,0.11037865077958031,367
2989,-0.20303161633319178,-0.10157550674921367,-0.20303161633319178,256,0.16878716319527598,207
2990,-0.12559245731009128,-0.06276543073289531,-0.12559245731009128,256,0.10142191830905745,219
2991,0.3805406057520315,0.19036394822785496,0.3805406057520315,256,-0.2298902042735449,242
2992,0.17745543860471003,0.08868480831210945,-0.2523975368093545,128,-0.22573659879645902,196
2993,0.1680569629674551,0.08419031938308308,-0.17082191922503398,320,-0.16758322211461518,194
2994,0.04600218902044162,0.02295597039636732,0.07709271576874244,128,0.08753897030339886,410
2995,0.09590968062201455,0.04804276399659102,0.09590968062201455,256,-0.08867542751275437,244
2996,0.13929625038727522,0.06968183560147168,0.13929625038727522,256,0.12403748337550269,289
2997,0.2575672865930301,0.12900631940843255,0.2575672865930301,256,0.14569245787544105,266
2998,-0.046394042196169494,-0.023104305913648204,-0.06412356408856112,448,0.07491444134038261,190
2999,0.13049840683839875,0.06510038671228813,0.13049840683839875,256,-0.09997170618615314,204
3000,-0.15939953026503417,-0.07990007758490947,-0.15939953026503417,256,0.12001294057091627,153
3001,-0.24857468339743605,-0.12414725128675741,-0.24857468339743605,256,-0.140624422912083,385
3002,-0.22122909067269347,-0.11059910277768381,-0.22122909067269347,256,0.13728655992406402,210
3003,-0.03943388426262118,-0.019349523439927907,-0.06333187058345402,384,0.07006518278788576,72
3004,-0.23154017072877764,-0.11586785055030191,-0.23154017072877764,256,-0.13090275453134836,275
3005,-0.05232109555510078,-0.026400171329100885,0.12005159039620139,192,0.11569264274925217,199
3006,-0.10372204791431727,-0.051908461611191115,-0.1773285325945153,384,-0.12520582270417435,393
3007,-0.09103338989919507,-0.04542579899552379,0.09433242083446203,480,-0.09962120507037753,285
3008,-0.24093525168703422,-0.12028566809524932,-0.24093525168703422,256,-0.1741807254221044,373
3009,-0.48938604770512484,-0.24441647451118342,-0.48938604770512484,256,0.25636513061587607,232
3010,-0.3589670782466783,-0.17941054555723213,-0.3589670782466783,256,-0.2054548799612803,301
3011,-0.23008258864257414,-0.1149811078057894,-0.23008258864257414,256,0.17367746467556344,107
3012,-0.09340760366779932,-0.04661872950100587,-0.09340760366779932,256,0.10076204662485111,174
3013,0.007671342930166247,0.0036980425183514853,-0.04403518104425075,288,-0.04006401660782899,228
3014,0.1704208522197348,0.08508156906395925,0.1704208522197348,256,0.12580655221847792,324
3015,0.021822220721105623,0.010896096723968185,-0.12574107317891503,384,0.08369600652406461,303
3016,-0.1079582559484038,-0.05395416392576635,0.13078979897562704,224,-0.14658825152440613,285
3017,-0.04061241650126135,-0.020276664222080854,0.06138259397278034,112,0.0786228846088477,212
3018,-0.15827002257219647,-0.07886941511893042,-0.15827002257219647,256,0.12325777350106648,104
3019,-0.004363930209450473,-0.0020097925072946055,-0.1694526525487845,384,0.13826371624946887,90
3020,-0.22167824769184108,-0.11064139240306758,-0.22167824769184108,256,0.16347374408852033,229
3021,0.023890950611928474,0.011864889548974134,0.11716061288353785,320,0.08286721803824548,464
3022,0.4093702471828635,0.20436764693920395,0.4093702471828635,256,-0.2171974868136317,232
3023,0.03958310929206732,0.020105427620563887,-0.09541470875478808,128,0.10926624363014525,332
3024,-0.08379057552906488,-0.041695290465071366,0.0941456910881584,320,0.12418362969171426,204
3025,-0.09848510020324852,-0.049356440274948454,-0.09848510020324852,256,0.10755979829929174,178
3026,-0.1634720208406577,-0.08200526930403385,-0.1634720208406577,256,-0.13846058598716127,337
3027,0.035832881477574574,0.017806524217405695,-0.11071584674903079,384,-0.09393697884542007,169
3028,-0.01739022479168284,-0.008612883693700724,0.1630862859012865,128,0.10205356292476608,169
3029,-0.16227104269128745,-0.08107817845473164,-0.16227104269128745,256,0.14360129781911724,189
3030,0.41353772785888054,0.2067650584148737,0.41353772785888054,256,-0.24576345517095888,245
3031,0.0812698529629472,0.040558998967469506,0.0812698529629472,256,-0.07390291389179993,140
3032,0.05700646822586464,0.02859887358417268,-0.10769641805541141,320,-0.12528769002466333,206
3033,-0.025507449966568174,-0.012953803425034494,-0.032883456187846605,272,0.042878145155611946,230
3034,-0.05730605776170705,-0.02864916374682025,0.07715701688232457,296,0.10770772220863023,169
3035,-0.08610453664320517,-0.042839756760969294,-0.176769408602226,128,0.13427147240617643,63
3036,-0.26417415220430485,-0.13176333208403435,-0.26417415220430485,256,0.18442388047685654,224
3037,-0.24292137632988897,-0.12156761360546398,-0.24292137632988897,256,0.13972445141928347,239
3038,-0.21485238275673169,-0.10736334610820109,-0.21485238275673169,256,0.15543005491204553,186
3039,0.013222403782549463,0.006753085702257522,-0.15006293153857087,320,-0.1247878354902241,204
3040,-0.2338844938146849,-0.11710484420225953,-0.2338844938146849,256,0.15647885019350838,237
3041,-0.1314879984716697,-0.06568179122979245,-0.1314879984716697,256,-0.10864782374312654,357
3042,-0.2446482463852817,-0.12237480448726501,-0.2446482463852817,256,0.1328540480221534,189
3043,-0.14371838272785453,-0.07174798976549823,-0.14371838272785453,256,0.10097108864491133,98
3044,0.06998532580803385,0.035336244080241386,0.0716360793308013,416,0.08916469374764802,358
3045,0.005988012059361836,0.0028337184813835847,0.22083836072982876,384,-0.14247964754494546,115
3046,0.013647832104425106,0.006641688789727596,0.08254354087085858,128,0.06650926355649744,391
3047,-0.1958701461269925,-0.09808124019781417,-0.1958701461269925,256,0.1364363450549888,192
3048,0.07816078025967954,0.03912152477451514,-0.10954894353849909,192,-0.10909296714882544,192
3049,-0.2256156640196707,-0.11292971081562087,-0.2256156640196707,256,0.1428767730813547,233
3050,-0.03591751305106072,-0.017905346184932114,0.120669029559906,320,0.10611001787688679,226
3051,-0.19360497042526958,-0.09648578146698128,-0.19360497042526958,256,0.1051766114179884,221
3052,-0.0759654796597431,-0.038067720630806434,-0.0759654796597431,256,0.08528032374506722,111
3053,-0.20262451869911047,-0.10131745644633838,-0.20262451869911047,256,0.15197996797880364,111
3054,-0.12823234078379642,-0.06392681256434685,-0.16923576028614207,384,0.13746358147896842,102
3055,-0.029507432648841814,-0.014815215841565532,0.08039527449670913,320,-0.08189620287510024,398
3056,0.15651967850942583,0.07801808819692724,0.15651967850942583,256,-0.10418690648381812,160
3057,0.05477706463409504,0.027780762878734322,0.13622812596580047,128,0.12731769527408687,430
3058,0.030761303972440146,0.015254133791643198,-0.08198282491207465,160,0.0805129689231876,278
3059,-0.08754347259403517,-0.04357066446394242,-0.08754347259403517,256,0.07796889029151544,229
3060,0.08756087213927799,0.04387553989838011,0.10862101349334807,320,-0.13281913771990617,179
3061,0.0009848862310377626,0.00048181429264104736,-0.18223104467136864,128,-0.122072382946385,203
3062,-0.004391358988272032,-0.002264059584263123,-0.0901098227449495,128,0.06775407975870706,47
3063,-0.12044004063824332,-0.06025749496137678,-0.14946831283515394,384,0.11097363645203018,125
3064,-0.03277646260835354,-0.0164960236566003,0.11595686411754969,128,0.11551907444126641,147
3065,0.09291882403252316,0.04642505224916249,-0.15812219625615853,320,-0.15638881610112776,88
3066,-0.021265169075519452,-0.010383146195664494,0.21095027883552575,192,0.18713398838475825,91
3067,0.10509452745776571,0.05266853584231512,0.23083118114574575,64,0.22833442038125895,342
3068,0.0890564484186882,0.0444939304418881,-0.1513526353157033,128,0.11773636365234097,366
3069,0.18305872021909408,0.09156987227629543,0.18305872021909408,256,-0.15243527162203918,182
3070,-0.05820178075757099,-0.02925272854480454,0.11397282144491783,160,-0.09257810891546114,283
3071,0.07121563235781991,0.035919812448526045,-0.1371240010864767,384,-0.1307155987318822,147
3072,-0.04492977413909216,-0.02259791018133228,0.1463668207071862,128,0.1042702484195388,144
3073,0.06735957454992558,0.0338107868099371,-0.2424858696534784,448,0.2164336626698855,311
3074,-0.21917866762251492,-0.10979557159723186,-0.21917866762251492,256,-0.1463185172584076,293
3075,-0.10198854339850527,-0.05091921833022184,-0.2213135139530209,320,0.17278364296279847,183
3076,-0.036950533956286336,-0.01837309089538053,0.09979936889908458,288,0.10749865713962237,39
3077,0.25448946669766315,0.12727650845178573,0.25448946669766315,256,0.153338746509462,326
3078,0.02114861731101314,0.010449226273578915,-0.04978131554139509,352,0.04575947874843678,278
3079,0.1661385961726296,0.08328801136818242,0.1661385961726296,256,0.1753179436713026,325
3080,0.06706819258016594,0.033508121954866965,-0.08602830632453617,128,0.10137409523537144,278
3081,-0.0588297493307266,-0.02962481683715623,-0.0588297493307266,256,0.03906326979799246,115
3082,0.40534301223726743,0.20265474309115916,0.40534301223726743,256,-0.23846278548242594,248
3083,0.05236475667820173,0.02588500735305388,0.12300311659510044,192,0.08713087393863361,451
3084,-0.06551210503232596,-0.03239075104102085,0.13244387156657922,320,-0.10600693832327579,414
3085,-0.06065838411137747,-0.030314108271369378,-0.1117759051541043,384,-0.10177106400141156,404
3086,0.17768568754758007,0.08874164488969427,0.17768568754758007,256,-0.17960791788752317,100
3087,0.2716806594608556,0.13588194499106976,-0.3245139740114382,320,0.2691472872966756,445
3088,0.040689436582482585,0.020743065511339864,0.050670801694082,352,0.07102682367371926,426
3089,-0.13142882558312863,-0.06555494400495832,-0.15609960997460348,384,0.1337210114204197,118
3090,0.36853432885112625,0.18423344528031294,0.36853432885112625,256,-0.19386667669721191,253
3091,0.01237376436333193,0.005832969955065437,-0.11832510665556129,384,0.10236429692719184,299
3092,-0.15385703280918506,-0.07723958031505163,-0.15385703280918506,256,0.1361397688212378,182
3093,-0.05957751651101262,-0.02951993364152372,0.07965571645922864,448,0.0809724977950168,207
3094,0.09999431705062989,0.05026285200895586,0.09999431705062989,256,-0.12596885267629432,203
3095,0.08283984281592893,0.04138223145412212,0.08283984281592893,256,-0.10134985511129457,229
3096,0.10610704022946038,0.05312878509673169,-0.11350163205703723,128,0.09052357894222496,342
3097,0.07103771444320728,0.03559562609760292,-0.07549374045640889,144,0.0935899083455638,331
3098,0.029416300339619283,0.014592045702954692,0.05096405573630136,144,0.06856553939996957,339
3099,-0.31609388722631593,-0.15801221213362737,-0.31609388722631593,256,0.2629578287545655,197
3100,0.0015605596539103317,0.0005857024551119139,0.041327029786657477,320,-0.04610785494507752,54
3101,-0.07775491187294392,-0.0387503094612498,-0.0824989979251427,336,-0.09615598133973435,369
3102,0.0010665758135530723,0.0007749744652869595,0.13275084988310937,384,-0.12501633406023416,107
3103,-0.10758647375158148,-0.05383003059674252,-0.10758647375158148,256,-0.10737909446453386,458
3104,-0.02997551788735109,-0.014997516133689714,0.13827980654480143,64,0.1219516830927887,193
3105,-0.05034755719529471,-0.024939090252388496,0.11101497207778266,384,0.11034061542522977,172
3106,0.0249966117209226,0.012501004717250908,0.1282218061510889,384,-0.0703641042909453,127
3107,-0.04605162116871497,-0.02297367502424663,0.08825810577224047,304,-0.07137916798239985,397
3108,0.014330452780797032,0.0072011756030576635,-0.06358374396849342,128,0.05539529366035367,338
3109,-0.14406121402396366,-0.07196091650502012,-0.14406121402396366,256,0.13045804061005128,225
3110,0.2513161344431296,0.12587392985702195,0.2513161344431296,256,0.14894228665207265,276
3111,0.031094900082166532,0.015549846931634193,-0.10931113707459872,384,-0.08211709675327938,135
3112,-0.19213701963508356,-0.09619509929748915,-0.19213701963508356,256,0.11730992336907775,190
3113,0.05641152719616116,0.027865005205853777,0.11537393987768496,128,-0.07127871414957099,127
3114,-0.09195221164605982,-0.04613486934925959,0.1793207699139998,320,0.15896199351595897,196
3115,-0.2327287696058704,-0.11646399314332712,0.27929945214836494,128,0.24168382896596086,136
3116,-0.17942884327186448,-0.08980551650944335,-0.17942884327186448,256,0.17171906249492963,189
3117,0.20056220267628078,0.10047190890173852,0.20056220267628078,256,-0.16397877810888417,240
3118,-0.16685522313508727,-0.08343304537328322,-0.16685522313508727,256,-0.15303103217087255,303
3119,0.029965902454364368,0.015031563451145757,-0.19388438326558344,128,-0.19008869702491893,180
3120,0.021374144654032534,0.010742738210694824,0.10165076730505973,128,0.10180567196061929,408
3121,0.03584904892170471,0.017914620650458346,-0.20344263591584877,384,-0.11916012240124019,192
3122,0.10783891985897753,0.05370718325968937,0.10783891985897753,256,0.10406938549186862,328
3123,0.06077552561217203,0.030362316704156456,0.07512552114121718,384,0.07067431451235962,454
3124,0.013772849089349393,0.006859758684981898,0.09178025019957659,64,-0.09646364190599854,52
3125,0.0005194715996026389,4.7108528633543756e-05,-0.18200549759905016,320,-0.15214114427620018,75
3126,-0.051275450616032,-0.025403097645295247,-0.17815990332627507,128,0.14706819517081726,93
3127,-0.11690569252041882,-0.058642187891962294,-0.18349809467514433,320,0.16429790160148627,46
3128,-0.19525209264745058,-0.09784154761177888,-0.19525209264745058,256,-0.09939830322736043,288
3129,0.20570987634783933,0.10279409746863166,0.20570987634783933,256,-0.1321932157805179,244
3130,0.12192963081770358,0.0609990109307148,0.12192963081770358,256,0.11102253115325311,314
3131,-0.15750816921729438,-0.0785249722416097,-0.15750816921729438,256,0.1383692325552488,180
3132,0.009391660470043917,0.004801794886674315,-0.12078742784456153,160,0.11994523258397294,412
3133,0.044572193771102775,0.022414896623700997,-0.1716050964586202,384,-0.14011467264433008,172
3134,0.2119025892591253,0.10585112521886231,0.2119025892591253,256,0.17059925896921868,284
3135,-0.008004395633264494,-0.0037724720743597118,0.05835929994066191,320,0.0506678630885915,193
3136,0.06035334598666964,0.030046896046656002,-0.14013840418428458,128,-0.10195147600347809,136
3137,-0.09152162729137103,-0.04579203435750401,0.15159080498335697,448,-0.10158047239008283,311
3138,0.14781609882646762,0.07375044980847179,-0.2685801297120065,384,-0.18488553391580353,136
3139,0.24817352932640802,0.12423756844285094,0.24817352932640802,256,0.13537396460225182,416
3140,0.024499575893173642,0.012499841819106905,-0.07299026209489057,160,0.05955690961951632,285
3141,0.012209185839594738,0.00611412188459326,-0.11154472481342737,320,0.059733771779690414,443
3142,0.04349691643886899,0.021749575681440092,0.06432787739947798,320,-0.08615345983565703,184
3143,0.213928832271705,0.10693129274119428,0.213928832271705,256,0.12983733187093094,294
3144,-0.18924941776262472,-0.09472590046087248,-0.209265434269426,128,0.18342039459807324,122
3145,0.050911128200056055,0.025257381113192423,0.10806179190853982,384,0.08862325836929585,412
3146,0.08335740643400413,0.041616283483392635,0.08335740643400413,256,0.08684323561345764,274
3147,0.268852450748966,0.1342408874178318,0.268852450748966,256,0.17168240254801503,262
3148,0.06459164597802669,0.03249629467529758,-0.07472781504139903,320,-0.07728137190815687,193
3149,0.25333196300618965,0.12679440387171326,0.25333196300618965,256,-0.14998137663843636,78
3150,0.04007575335063507,0.020112132068106803,-0.17780799858545038,192,0.11541597435393669,311
3151,-0.2509061545668487,-0.1251053295421798,-0.3349997452112916,128,0.24467639108799233,123
3152,0.21574390763140627,0.10773764691168708,0.21574390763140627,256,0.17486691138429933,336
3153,-0.008356566724529557,-0.004137710117987581,-0.22692807070052368,128,0.12764129141424974,124
3154,0.08229560598317676,0.040954529133614415,-0.1172526472855111,160,0.13410530641465357,403
3155,-0.05370201872821667,-0.026883510632700336,0.18632230703985897,128,0.13528807554965283,188
3156,0.0950626844841338,0.047466048043304454,0.0950626844841338,256,-0.07990258908012038,94
3157,-0.07915402347876466,-0.03968598872216944,0.12673008738806857,384,0.11901486038931353,147
3158,0.12528239299950883,0.06262281243033385,0.12528239299950883,256,-0.11447830431501416,168
3159,0.07028621291061654,0.03550053039381851,-0.08394480802280668,192,0.10619488006375377,415
3160,0.44195099669479987,0.22093758543445574,0.44195099669479987,256,-0.2532185250068153,215
3161,0.158768192828461,0.0794061159170667,-0.20274908612891807,128,-0.19332581141870264,170
3162,-0.018056776449100198,-0.009087315294777909,0.10069805976303314,128,-0.08660574377512376,359
3163,-0.11761768831371455,-0.05898004389410971,-0.11761768831371455,256,0.09333106272688951,155
3164,-0.2771786004556134,-0.13832590482195428,-0.2771786004556134,256,0.14566177211600007,239
3165,0.21349716484880332,0.10655120656502959,0.21349716484880332,256,0.12783783102918278,394
3166,-0.09703727864084044,-0.04870102553252309,0.09976629443096385,128,0.1397823875549875,154
3167,0.13054982375456348,0.0650062882406246,0.13054982375456348,256,-0.10543145335179815,135
3168,0.10085013219250527,0.05046411490965852,0.10085013219250527,256,-0.0859979604601051,167
3169,-0.021869461243426258,-0.010538509042305577,-0.11339866162651902,128,0.09990338170170787,108
3170,-0.16001791213167849,-0.08022276822129015,-0.16001791213167849,256,-0.145602991539306,329
3171,0.09350586209572498,0.04678746464799133,0.09350586209572498,256,-0.12329046909721342,184
3172,-0.05832602979285184,-0.029059050598078784,-0.08198320474025422,192,-0.10437577543638099,323
3173,-0.09448853818742009,-0.04717231567963154,-0.09448853818742009,256,0.07423492467859205,86
3174,0.04719241336658797,0.023693034001041724,-0.16836967006811676,128,-0.12988824657037412,151
3175,0.05780386024463269,0.028946877794794545,0.06150370131223326,216,0.10142760486428415,331
3176,0.29138674458079095,0.14576595977354145,0.29138674458079095,256,0.22314937556882342,393
3177,0.023326170707520077,0.01190065236247051,-0.14485132479802587,384,0.12715857394101704,342
3178,0.056042475734841446,0.02804878459269844,0.07075988883616446,96,-0.08895140700826687,156
3179,-0.10569500927195463,-0.052748041191676975,-0.10569500927195463,256,0.0785075528178254,220
3180,0.3556941541707488,0.17758622337720453,0.3556941541707488,256,-0.19179066354789143,230
3181,0.02707195925557926,0.01317707264593082,-0.30693068783821786,128,0.18287502561065594,361
3182,-0.08752759596490023,-0.043655088695061295,0.10863320254557607,128,0.11946059685803334,163
3183,-0.06431119516688,-0.03227429641754043,-0.1009410242741069,192,0.10096085764668317,60
3184,-0.06372838328351804,-0.031762785582827746,-0.12940171800875078,272,0.13710107583516873,47
3185,0.04217294325130183,0.020953545949225827,0.10819181860972549,320,-0.12869240357116496,188
3186,0.183378303047391,0.09176821616645725,0.183378303047391,256,0.14803202028537044,337
3187,0.2626248640678739,0.13107541926382282,0.2626248640678739,256,0.1535361743674457,342
3188,-0.15696068401231855,-0.07836097089312943,-0.15696068401231855,256,-0.11592812048178303,280
3189,-0.334488231267386,-0.16744435436976346,-0.334488231267386,256,-0.18591519797928413,267
3190,-0.24217601822039114,-0.12113547006487124,-0.24217601822039114,256,0.19547047005687546,198
3191,-0.1601500594898937,-0.08011439807879128,-0.1601500594898937,256,0.11025924428085432,121
3192,-0.014299135026931253,-0.00717676902348785,0.09411507320820078,160,0.11169073640247973,43
3193,-0.08711957283492211,-0.04362287097990247,0.12638612755085887,128,0.10979914824594061,135
3194,0.046576993410496925,0.02336285411740846,-0.11753506659880486,384,-0.08622317686499059,130
3195,0.30981673687364264,0.1547620901234268,0.30981673687364264,256,-0.20378646583313298,164
3196,-0.1731073136517125,-0.08669358916506553,-0.1731073136517125,256,0.15594595677637813,204
3197,0.2721257494642373,0.1359749513246129,0.2721257494642373,256,-0.19565678063804626,240
3198,0.04684465983888231,0.02355360301655196,0.12156958000332452,128,-0.09106905093197781,114
3199,0.2341244820227928,0.11708498310201776,0.2341244820227928,256,0.12315215183514283,262
3200,-0.38235352390844923,-0.19137893118087845,-0.38235352390844923,256,0.23784024970774453,215
3201,0.038687312051251865,0.01909938235860409,-0.08001947948901034,128,0.07934470242440739,371
3202,-0.08249668266765298,-0.04123250310306048,0.1078194123368803,64,0.1297788758472791,203
3203,0.0806581637228021,0.04038603321785672,0.13001102689150912,384,-0.11807502491946309,110
3204,-0.1446969608877282,-0.07239082161689225,-0.1446969608877282,256,0.10282976939245714,165
3205,-0.00963789079827393,-0.004873489637930106,0.05518976379204332,232,0.0911013778389389,105
3206,-0.21526498076099188,-0.10762765198870738,-0.21526498076099188,256,0.15075252865730704,123
3207,-0.04221783822242742,-0.021002466880219117,-0.20565983123020715,384,0.12413322644729874,123
3208,-0.1417641804256391,-0.07088713125767754,-0.1417641804256391,256,0.11688413919722507,119
3209,0.023316530768994426,0.011489641442494758,0.05514862756513139,160,-0.0729518819746886,139
3210,-0.2743959982613262,-0.13689771751450053,-0.2743959982613262,256,-0.17612978276258673,325
3211,0.11092936602969417,0.055579750051094834,-0.18509357610309962,384,-0.16789322867379042,158
3212,-0.08752257923458728,-0.04335855242854336,-0.09385895942000388,384,-0.11618003600358406,407
3213,0.07121065449049979,0.035561941061416746,0.07121065449049979,256,0.05041373955253903,268
3214,-0.24056456842771468,-0.12032075715313795,-0.24056456842771468,256,0.16122002510616085,206
3215,0.00844032141364437,0.004228564162701787,-0.22496139962055395,384,-0.1367012649304229,152
3216,-0.009702965307354816,-0.004574122899583699,-0.09984100961639797,352,0.08073244691340165,142
3217,0.10445076943304343,0.051898150241811436,-0.13197143565832903,128,-0.1298983323944185,193
3218,0.1963286659321284,0.09790373272028319,0.1963286659321284,256,-0.20265012915788816,216
3219,-0.040541391066142296,-0.020179231485172977,0.16782415523135796,320,0.13294291735650177,193
3220,0.077494938577928,0.03866848690182678,0.14248816334847447,128,-0.1316823226741235,93
3221,-0.16165152212931844,-0.08082311801913988,-0.16165152212931844,256,0.12258249978378899,233
3222,0.23495815594236547,0.1175817531530754,0.23495815594236547,256,-0.1342324035978777,227
3223,-0.19643299018434845,-0.09808398763240689,-0.19643299018434845,256,0.19496986657495086,165
3224,0.007220575099040616,0.003492731452354292,0.18946852197530006,288,-0.153923286648876,221
3225,0.08425719028912226,0.04217284928392928,-0.10830466150866869,128,0.10244916789821445,316
3226,-0.287961678715817,-0.14411662989911633,-0.287961678715817,256,0.15269511001270075,243
3227,-0.167086602420909,-0.08370033313218528,-0.167086602420909,256,0.1103104538003663,165
3228,-0.1611696575641588,-0.08055569018557662,-0.1611696575641588,256,0.11331338651319811,212
3229,-0.05531969312673368,-0.02769363652041079,-0.15808614459422188,448,0.1265020907775849,50
3230,0.14849389130745294,0.07413513756245038,0.2124685297874862,128,-0.15499958304701522,121
3231,0.28629741944493503,0.14320789922365407,0.28629741944493503,256,0.22312063844884733,284
3232,-0.03593092121428754,-0.017799359921781388,0.10680376711678718,32,-0.08094575091934075,278
3233,0.13663076007506447,0.06823763591432908,0.13663076007506447,256,-0.11403269911249936,117
3234,-0.10092210845112959,-0.05033939755560368,0.20931051781093402,128,0.1769342761289181,198
3235,-0.2720972558940957,-0.13608471890219676,-0.2720972558940957,256,0.19020110283179292,230
3236,-0.03513471156907144,-0.01766249102360007,-0.15228694940503829,192,0.12600333549495701,50
3237,0.06048652739940508,0.03011638002288919,-0.08624743917437172,320,-0.11051787747362596,198
3238,0.22704339299741605,0.11341556158600952,0.22704339299741605,256,-0.13647125496243007,239
3239,-0.1735530535224541,-0.08679910707925842,-0.1735530535224541,256,0.11853780057845142,200
3240,-0.11003729552157893,-0.054935166338765384,-0.21751881620971858,192,0.17859683181459474,61
3241,0.05730638945740907,0.028810967122666398,0.10421082934192327,352,-0.09953906702855875,153
3242,0.07538555345593068,0.03782374534898736,0.2934329268507554,384,0.18139693277151991,400
3243,0.1980115842271175,0.0991270557667292,0.1980115842271175,256,-0.1615896319610215,210
3244,0.2772385811283016,0.13866411828868763,0.2772385811283016,256,0.21050746196607406,308
3245,0.09972469319808397,0.04964804709499049,0.09972469319808397,256,-0.08110601255640404,227
3246,0.020018970168905525,0.009909589927246998,-0.1538710416218123,448,0.11220632551572862,310
3247,-0.34299487986180566,-0.1717381897700534,-0.34299487986180566,256,0.23426244617212433,181
3248,0.1197607746939866,0.05990812134501766,0.1197607746939866,256,-0.08256393040100818,108
3249,-0.21034847549236702,-0.10542724875381282,-0.21034847549236702,256,0.12200117469873817,251
3250,-0.055098700824345315,-0.027541249843665128,-0.12239501965939326,384,0.08287211467678901,126
3251,-0.27455056040361114,-0.13726367672805395,-0.27455056040361114,256,0.23513536488098907,151
3252,-0.10735447955622135,-0.05357283779247268,0.13654146711776605,128,-0.13057739774637867,305
3253,-0.18853618777498582,-0.09411419676447963,-0.18853618777498582,256,0.17952634321102323,215
3254,-0.09906003862130319,-0.04982831471784266,-0.09906003862130319,256,0.09100551822143643,244
3255,0.0708257733880373,0.0350845203101926,-0.12637367815557354,384,0.1319246877520186,360
3256,-0.08579927010177357,-0.04280298448381359,-0.13718204180429439,448,0.10744043329739839,189
3257,-0.020716349394263034,-0.010380602891189028,0.08020488359422018,64,0.08778732927302713,81
3258,0.18984358103983823,0.09498854821174518,0.18984358103983823,256,0.11542816714694482,325
3259,-0.045514560703196594,-0.022729693068612278,-0.045514560703196594,256,0.05145100656406498,201
3260,0.06273726299900773,0.031039836379022745,-0.08218022253726076,272,-0.07223056222403557,240
3261,-0.14574738816236277,-0.07302355670429961,0.14816410950379577,96,0.16741244171781489,99
3262,-0.06460571001193216,-0.03220186637605593,0.0890846885291694,480,0.06872011324566074,114
3263,0.054752521314327396,0.027568048068900453,-0.18883038552462494,320,0.11899940055849356,315
3264,0.01886256902940886,0.009402336100038156,0.06961904477944358,192,-0.053120728360056546,61
3265,0.09638076758187708,0.04781268687600004,-0.10731307282566149,272,0.13138724218873676,268
3266,0.1302511049624968,0.06518683681997572,0.1302511049624968,256,-0.090432111758048,243
3267,-0.1633528430041622,-0.08159048728717266,-0.1633528430041622,256,-0.11124416725732544,335
3268,0.02432765120994418,0.012047002222288938,0.1703942338227762,128,0.13918286623339782,466
3269,0.16126044256424166,0.08071405582896318,0.16126044256424166,256,0.11252073920934436,279
3270,0.07867323665709591,0.039160653355736486,-0.14445665492102933,128,0.16341919016184647,345
3271,-0.10536766361369132,-0.05264671252871267,-0.10616055988174367,208,0.13023815990297294,143
3272,-0.26955442070905633,-0.13477226828629796,-0.26955442070905633,256,-0.17012901037071515,281
3273,0.03583920233324989,0.017997485414497305,0.12803479392903938,64,-0.08174830267629574,61
3274,-0.012325733243017112,-0.006204499226839744,-0.05418440375156308,128,-0.04243251528737346,416
3275,-0.2513884200587597,-0.12565416736947554,-0.2513884200587597,256,0.21536461531908913,211
3276,0.18120150509960808,0.09106868149967795,0.18120150509960808,256,0.19393486952270678,351
3277,0.20499477480854011,0.10264729731164834,0.20499477480854011,256,0.14111900120894916,296
3278,-0.12489356966136711,-0.062401004821794004,-0.12489356966136711,256,-0.11074368831486936,347
3279,-0.10446357311050747,-0.051812970947764825,0.3151522865163088,128,-0.19990113698059986,377
3280,-0.08098305551504836,-0.04073726015116108,-0.08098305551504836,256,0.06817098575982072,162
3281,-0.24303513717890723,-0.12135151156172697,-0.24303513717890723,256,0.15416586788936115,234
3282,-0.014958371462199693,-0.007759761147667632,-0.07938798301506722,64,0.07772764884294503,58
3283,-0.042523239855768225,-0.021370435191499837,0.10010851450937253,448,0.08987243364379083,206
3284,0.0345653356336868,0.017326125108695578,0.18471054241246065,128,0.12155064836053953,402
3285,0.07615969683223511,0.03802012211178862,0.08324008675145933,192,-0.08209677715791486,177
3286,-0.32319785547042557,-0.16155909230022303,-0.32319785547042557,256,-0.19556960241288834,305
3287,0.18136556234475165,0.09069762026260264,0.18136556234475165,256,0.11664668340688422,276
3288,-0.055313927541050134,-0.027733739239181432,-0.055313927541050134,256,-0.07422534949699866,299
3289,-0.19961142267482046,-0.09970754174057106,-0.19961142267482046,256,0.12900843323700428,248
3290,0.056861649534482694,0.028323773202259872,-0.12952961608795022,192,-0.11147360326373246,204
3291,-0.3630110256723924,-0.18150957068087337,-0.3630110256723924,256,0.27277069062552073,166
3292,0.13097664810482001,0.06530644006983266,0.13097664810482001,256,-0.08926114410081709,174
3293,0.04110213924187178,0.020768590710304125,-0.08310011907377657,384,0.07148216317602873,373
3294,-0.21844029981303947,-0.10931810819658949,-0.21844029981303947,256,0.12453005150675267,117
3295,-0.09571627469190958,-0.04785712797740871,-0.09571627469190958,256,0.09427742702200703,203
3296,0.31165342343922475,0.15602590623242918,0.31165342343922475,256,-0.20763735288994667,220
3297,0.032130989580736014,0.01629040274565341,0.08701262701094947,64,-0.10681724169424456,174
3298,0.15808270476841813,0.07900637195973559,-0.1733447961545096,128,0.15921215104719977,376
3299,0.11366791400095622,0.05676159889395649,0.17599880469347795,128,0.13257960306606265,405
3300,-0.06552655689031894,-0.032789353955251954,0.09086949664947497,96,0.09992890740861071,170
3301,-0.10561376150718615,-0.05279908874118178,-0.10561376150718615,256,0.09396591663553977,182
3302,0.23509075838452986,0.11742800096891415,0.23509075838452986,256,0.172770425396493,364
3303,-0.11906218645350464,-0.059582413659995836,-0.11906218645350464,256,0.08612640358495582,168
3304,-0.1269980324736366,-0.06334692678254328,-0.24498259247519627,192,0.21716615314792875,183
3305,-7.94150210197131e-05,-3.084867299207872e-05,0.09359963876414668,128,-0.08415895544055729,312
3306,-0.08636974648584328,-0.04318621018387603,-0.08636974648584328,256,0.0670567074871542,125
3307,0.21794367499393275,0.10915149711831873,0.21794367499393275,256,-0.20306323211187305,203
3308,0.18906880062320397,0.09445093406787919,0.18906880062320397,256,0.12084086347425682,261
3309,0.10021629587060943,0.04978348728371884,-0.12157388442547301,128,-0.1153320126170172,139
3310,-0.08214327325148929,-0.04098214206499051,-0.11040333148929449,384,0.075603242216431,127
3311,-0.05963011776492522,-0.029645465769789325,-0.08876579975139975,384,0.06657173892691048,123
3312,-0.21766978124188086,-0.10912774853892415,-0.22407902352099995,128,0.16997484515475492,122
3313,-0.08654561172215836,-0.04324370459647753,-0.08789565705668423,64,0.09280168880695783,182
3314,0.08113517173472928,0.04056510246061862,0.08113517173472928,256,0.08222710336519867,397
3315,-0.1404966084487569,-0.0704166543544602,-0.1404966084487569,256,0.1292597970818008,248
3316,0.03371381667125206,0.01664680200457269,0.05555694152798196,192,-0.05673949475058748,182
3317,0.30131741539105406,0.15042109017002758,0.30131741539105406,256,-0.16176388782588447,252
3318,0.15716081416826455,0.07832025429610212,-0.16066254695429905,128,-0.1864726681940283,176
3319,0.06444403173131263,0.03198948100794041,0.15484255309871742,320,0.152603378559661,333
3320,0.18148528920326612,0.0903882580211075,0.18148528920326612,256,0.12716744850933992,302
3321,0.08878433451567957,0.04454479334518169,-0.09397449367361332,448,-0.1113064232925467,112
3322,0.047331025265577864,0.023414164982114016,-0.10694119638026223,192,-0.10064288668459653,194
3323,0.23057956202870855,0.11519334796372505,0.23057956202870855,256,0.1652400464939774,276
3324,-0.03744682793552556,-0.01877287938810923,0.07051825938293632,128,0.08535437783115185,168
3325,0.15602590243494774,0.07781588705393006,0.15602590243494774,256,-0.10407309544422105,238
3326,-0.2722862781410811,-0.13610676429394175,-0.2722862781410811,256,-0.1769933676956157,307
3327,0.21864137316907772,0.10941057297853263,0.21864137316907772,256,-0.18951059219639887,214
3328,-0.03908953120617298,-0.01969469817186109,0.0752600668944865,352,-0.08005586927652075,413
3329,0.04124571733564153,0.0206748036825104,-0.04866584940214125,144,-0.05422828101299615,88
3330,-0.08793841362711419,-0.0438186006799981,0.1469510038621138,320,0.14087722106239653,192
3331,0.0005173224399754872,0.0003451843624588946,-0.11864811336886305,384,0.09482720570650827,367
3332,0.15323762630293913,0.07666252338043478,0.15323762630293913,256,-0.0863810531733975,190
3333,-0.07959458723701118,-0.0399557255332752,0.13267726863767848,384,0.1200291896001886,187
3334,-0.0263605656009247,-0.013374419592992126,0.15888165726630632,384,0.13815990311667292,171
3335,-0.041882585765932845,-0.02082739840273007,0.1070444384528173,320,0.12752420982619128,211
3336,-0.0702157020196239,-0.035116362752575014,-0.2127505380110577,64,-0.12745414097531693,321
3337,0.40089200382561785,0.20065477535891318,0.40089200382561785,256,0.21130162746123915,274
3338,-0.08118205741010343,-0.04066855287379667,0.3102633378749715,128,0.17600820916317161,132
3339,-0.10320922245267639,-0.05152735329119196,0.11679829650316265,224,-0.13361430918854467,411
3340,0.0959060072181046,0.04795261557455888,0.09959082367001315,64,-0.09735537586618648,174
3341,0.15943878111727372,0.07947221756427325,0.15943878111727372,256,0.10404601404587766,394
3342,0.15568793881806187,0.07789139535546497,0.15568793881806187,256,-0.12330550167210674,90
3343,0.12180896921850604,0.06118804158276703,0.12180896921850604,256,-0.10315116257598334,204
3344,-0.04931838166132252,-0.02461043796202489,0.16234251697778745,384,0.10484864054214427,136
3345,0.18241272401263586,0.09127873479641835,0.18241272401263586,256,-0.11177080587049204,177
3346,0.03651046567304661,0.018089975890347887,-0.0799304419022917,128,-0.08212833188900959,203
3347,-0.11889401461468196,-0.059741145252701244,0.17104900578988236,384,0.16010513715860952,138
3348,0.18601802772715814,0.09289802432414263,0.18601802772715814,256,0.168688897189611,405
3349,0.25897872130747146,0.12924549979646827,-0.34544114300649653,384,0.2691919542153869,369
3350,-0.08662692485998491,-0.043329702459885766,-0.09286866319092724,64,0.07291964465751022,55
3351,-0.12995763907440505,-0.06483585410200021,-0.12995763907440505,256,0.13860025928218533,173
3352,-0.09383571333412988,-0.04673232584428888,0.2703293344422377,384,0.21074755498966624,139
3353,0.0025085195940732774,0.0011951435720334302,0.1387741082343723,384,0.09170546392209644,394
3354,-0.3396853219041134,-0.1697216472797436,-0.3396853219041134,256,-0.24101407209934678,420
3355,-0.20272609096988958,-0.10124325668726897,-0.20272609096988958,256,0.11313066323054954,229
3356,0.14780155910801795,0.07394311708296186,0.14780155910801795,256,0.10007270143699998,266
3357,0.06802479088244695,0.03399518173409888,0.11559935265540844,192,-0.10526232522881429,54
3358,-0.14572423263481937,-0.07271319119868735,-0.14572423263481937,256,0.15096311836967402,163
3359,0.0022022924838438485,0.0011751970914701815,0.148386861820768,448,-0.10881209939658731,44
3360,0.10797191994228683,0.0541132959834556,0.11578792357727252,384,-0.13204364756872167,100
3361,-0.10819088975242153,-0.05424598589263496,-0.10819088975242153,256,0.06517932262406134,244
3362,-0.04508341865209786,-0.022609717213128988,0.1347723613589693,64,-0.08917974705627785,439
3363,0.268028165580688,0.13413965836326724,0.268028165580688,256,0.17134300454284812,298
3364,0.2857141794842164,0.1427815618638988,0.2857141794842164,256,0.17983703683358954,384
3365,-0.10677776443225184,-0.0532794682856661,-0.25667277003930167,128,0.15486670523203827,127
3366,-0.07962970537013803,-0.039541756129722216,0.09147915228027159,64,0.1222110139817687,205
3367,-0.03733292791790177,-0.01864667219845728,0.03927902281969864,496,0.06027453421218354,114
3368,0.19503478301763266,0.09756315792841974,0.19503478301763266,256,-0.13167848817928984,241
3369,0.16763817289199778,0.0838746821332279,0.16763817289199778,256,0.09978239661842281,290
3370,-0.07013025885893853,-0.0348882620180575,-0.07013025885893853,256,-0.10082331640683151,359
3371,0.0843117890061933,0.04189520292732141,-0.2075179023792657,128,-0.17219834469736384,147
3372,0.11821465410196197,0.058972864172801565,0.13858560265424558,64,-0.1349722791495509,58
3373,0.11223261814487273,0.05637616754174246,0.11223261814487273,256,0.08560029158280713,330
3374,0.1434142125825133,0.07188494253676936,0.1434142125825133,256,0.10043059524144837,267
3375,-0.266582380194194,-0.1334816682901021,-0.266582380194194,256,0.19254557347636592,186
3376,-0.011621049522176463,-0.005626539814130638,0.1304126346666976,128,0.11732040377560793,143
3377,-0.09697816665891423,-0.048562145803288104,-0.14422818035757246,384,0.13305625195299342,101
3378,-0.28786024612310257,-0.14394095291780218,-0.28786024612310257,256,0.1640499943234488,235
3379,-0.1071697652846808,-0.05364762601229245,-0.1071697652846808,256,0.11717130211081894,215
3380,0.12126933239426307,0.06037443757730898,0.12126933239426307,256,-0.12336335208595983,144
3381,0.06871531398306274,0.03411614362300952,-0.10282307407373992,160,-0.08710679448469705,226
3382,0.08831964227906042,0.04418913849389128,0.09455085083070003,128,0.1064212868496952,389
3383,0.05858653995323948,0.029324278965361827,0.09295282665189575,192,0.0776086271287113,329
3384,0.28382591548091796,0.14170449987227585,0.28382591548091796,256,-0.1752541426644143,242
3385,0.06737358573758456,0.03386442957165059,-0.15628233353413634,192,0.13851815152355584,421
3386,0.06657246779280968,0.03338576891775347,0.06657246779280968,256,0.0778013132810429,334
3387,0.01279399319102481,0.006620415917439004,0.12509268149460695,288,0.12724365070818067,352
3388,-0.07245499619097018,-0.03631844907516779,-0.13725526591008474,288,0.14377201312350962,158
3389,0.1425831915987601,0.07131446847796497,0.1425831915987601,256,0.10811748834595392,272
3390,0.0557991067508965,0.028243328221293496,0.08787848413533084,128,0.10379609181029537,410
3391,-0.2819034144613113,-0.1409993257449571,-0.2819034144613113,256,0.15481919552098589,159
3392,-0.346562955456335,-0.17347354430731343,-0.346562955456335,256,-0.21638954097460328,305
3393,0.05094636751957182,0.02521123575132833,-0.07962928135294334,64,0.061529623383080434,446
3394,-0.01742105101271818,-0.008370337728052846,-0.1679349109301711,128,0.11843030724203629,78
3395,-0.2164916603110214,-0.10818447086202809,-0.2164916603110214,256,0.18119744332500431,150
3396,0.1664106078614509,0.0831100802457172,0.1664106078614509,256,0.13637135643875808,354
3397,-0.27799974163144725,-0.1392475416396337,-0.27799974163144725,256,0.23807056778335323,179
3398,-0.12391938413901471,-0.06176841208244355,-0.12391938413901471,256,0.06968548828581334,252
3399,0.1718208571643629,0.0861220462863912,0.1718208571643629,256,0.1176492089981025,385
3400,0.10387330156794405,0.05201821646244298,0.10387330156794405,256,0.11241495356830455,280
3401,0.3627896780523372,0.1815452658055392,0.3627896780523372,256,0.2503660551728899,280
3402,-0.22138211681036069,-0.11090997469671038,-0.22138211681036069,256,0.13705260064190838,238
3403,-0.08531069279831627,-0.04269910170472713,0.1906687852387705,128,-0.16050387725408655,361
3404,-0.18181486565657679,-0.09083042802004115,-0.18181486565657679,256,0.12149935963404346,198
3405,-0.1695069282665429,-0.08467083119091967,-0.1695069282665429,256,0.12258893877647381,117
3406,0.14492867483571104,0.07245212743237062,0.15563804087014432,384,-0.1665692982163165,100
3407,0.2439998100103935,0.12198234165373378,0.2439998100103935,256,-0.17112686808903277,210
3408,0.06367621949070212,0.031862336054444995,0.2106564023899864,384,0.1403139709457264,392
3409,0.27566143392982667,0.13793396508140177,0.27566143392982667,256,0.15577649691078932,268
3410,0.04318389191709571,0.021814227004853137,-0.14139042242948108,320,-0.12378188530657042,75
3411,-0.058637303204818636,-0.029477404244971694,-0.19385465787166822,64,0.18454431690719275,185
3412,0.16017644538678155,0.08004086408470812,0.16017644538678155,256,0.1274448831011341,403
3413,0.14429825542845265,0.07191070667596478,0.14429825542845265,256,-0.11026417576590575,196
3414,0.06650938949343299,0.03325370622781065,-0.09284167628601381,384,-0.09535186965587172,162
3415,0.01695911824435825,0.008244162698076707,-0.21523918060320568,128,-0.14870979123102757,150
3416,-0.037577139336974597,-0.018968710114791065,-0.062202931390515914,272,0.05853741642368959,206
3417,0.28076680833436285,0.1403528768594242,0.28076680833436285,256,-0.2212955034920867,176
3418,0.09892612933899159,0.049177568063385024,0.09892612933899159,256,-0.08659417868619812,142
3419,-0.0033966629832491435,-0.001892603783062441,0.13670508197969866,384,0.07055316069249784,129
3420,0.12567989169457405,0.06285004918913728,-0.19357292019365246,64,0.16352253416511076,311
3421,0.010590851191352613,0.0052936707597837085,-0.07772223200737471,288,-0.05781835944941349,224
3422,-0.259952095035743,-0.12977496444031544,-0.259952095035743,256,0.21809362753654682,155
3423,0.022189700304892312,0.01118450853948616,0.15169097593476977,192,0.1036627947516422,320
3424,0.19879546066303533,0.09895331634351123,0.19879546066303533,256,-0.15413687188777203,228
3425,-0.06944308191341975,-0.03438015732677968,-0.06944308191341975,256,0.0784030310683761,178
3426,-0.1898275239295799,-0.09507847388934465,0.19375064093736682,384,0.19149279290425625,162
3427,0.014589258821615658,0.007281167706025826,-0.09369204175825985,160,0.0922695377989271,347
3428,-0.08081779247839904,-0.04069629834935995,0.1572512348034536,64,0.13213682727459286,207
3429,0.013102551443154198,0.006273644942723422,0.03663895775787296,224,-0.031770703375769926,156
3430,0.19234991010148406,0.09605920410581348,-0.2195211537329982,128,0.2418312190703773,304
3431,-0.06596471540228777,-0.033110803883630524,0.10598344321545028,128,0.12249692774150844,201
3432,0.09308478280624399,0.046539413916377725,-0.18981514816920253,192,0.1590315126841233,306
3433,-0.2693064628170987,-0.13461024367117602,-0.2693064628170987,256,0.210195993208373,173
3434,0.020367137931344814,0.010208667751555822,-0.1520679960661937,192,-0.13258444945205383,194
3435,-0.037638781226206675,-0.01891451787122378,-0.09470599320019346,320,0.08560235159254148,189
3436,-0.0660964994546589,-0.0330393809684324,-0.18331679194091066,64,-0.15076199252973765,336
3437,0.04014246398125465,0.02019502310616872,-0.12959471809304546,128,0.1214495117098977,344
3438,0.07378021105282073,0.03662950876275772,0.12379741492119933,128,0.12334664134516515,440
3439,-0.4183927208666489,-0.20888860594752146,-0.4183927208666489,256,0.24217229387781458,251
3440,0.06229111957219402,0.03121058557135825,-0.10911914345768992,128,0.08723475258153712,373
3441,0.049006767880257485,0.024350748803044553,-0.1091667597309538,384,0.0971153197921808,316
3442,0.04198106901284859,0.02112006743237771,-0.05340159734311101,384,-0.06913233676161212,147
3443,-0.10980038893447386,-0.05486368836540123,0.22413637845465928,384,-0.1759959037484009,365
3444,-0.11862937104621096,-0.05940233507234893,0.22080721052279273,128,0.15431676781224724,155
3445,-0.016229355085755515,-0.00799374552207155,0.15711621833816025,128,0.11149968777908725,149
3446,0.38821157160401754,0.19390984954492296,0.38821157160401754,256,-0.19390984954492296,255
3447,-0.20983892253630643,-0.10503471782303109,-0.20983892253630643,256,0.13446497111422673,176
3448,0.13824045408449592,0.06922873867395651,0.13824045408449592,256,0.11569682186802766,306
3449,-0.014782686550290691,-0.007419211698163508,-0.20807090981230658,320,0.13437917467135208,189
3450,-0.07836349542492371,-0.03910705770007894,-0.07836349542492371,256,0.07521304544573582,177
3451,0.02251506954038973,0.011404827633839432,-0.14050465476537966,128,0.10211887566424593,377
3452,0.26143656226096823,0.1307906324948931,0.26143656226096823,256,-0.15208548291452928,112
3453,-0.06871243460443566,-0.034567486236539935,-0.06871243460443566,256,0.06834338557112574,181
3454,0.18422916264171363,0.09199368070710534,0.18422916264171363,256,0.13221398663682749,344
3455,0.12653660483377394,0.06351612392515449,0.12653660483377394,256,0.10648315718219692,286
3456,0.08000277866085526,0.04020638798178311,0.08000277866085526,256,0.08219553438146932,397
3457,-0.1629007292521294,-0.08120634510601121,-0.17217983856221508,384,-0.13598817886412462,416
3458,0.16601509599189512,0.08315531042703128,0.16601509599189512,256,-0.14816038310738122,174
3459,0.06690713182922536,0.03350120438125259,-0.16865362627908098,384,0.1257405993811176,378
3460,-0.09990915519273358,-0.049972618694710036,-0.09990915519273358,256,0.12499856877968796,182
3461,-0.06106970630131059,-0.030447380810699087,-0.19945590553646753,320,0.15669064398015564,59
3462,-0.01560808590807028,-0.007712967609251109,0.1438443927794424,64,0.09340852766447938,193
3463,-0.06979955685451955,-0.03501559952991329,-0.20643137613473073,128,-0.1397395933551593,403
3464,0.05816462586687976,0.029128809138086353,-0.08303760434023388,272,-0.08574864125429826,240
3465,0.15416062686679766,0.07695373958159735,0.21446835884137272,384,-0.15967759992182096,124
3466,-0.04898658200221462,-0.024407473487883635,0.17320593853805377,64,0.106964363767176,66
3467,0.017662585473942727,0.008689332022868257,0.08598858860193559,480,0.08875020595087335,421
3468,-0.19854221082826484,-0.09947011559700059,-0.19854221082826484,256,0.2285779336308167,168
3469,-0.13436735763900742,-0.06734694544326203,-0.13436735763900742,256,0.1240941120536121,107
3470,0.04599474393458536,0.02322760828860737,0.1396689230288075,160,0.11308548928184337,289
3471,-0.1163742075386267,-0.058280360613593984,-0.1163742075386267,256,0.10674042300175302,229
3472,0.04570083578090589,0.02279436740110441,0.07933102204083298,144,0.06165883044536713,336
3473,-0.007490443756410059,-0.0036895335409781183,0.18959856115672835,128,0.12857911355285978,137
3474,0.10467007139484963,0.052400217468772325,0.10467007139484963,256,-0.1251299625861293,79
3475,-0.11142349593421841,-0.05590448226888611,-0.15105651257647423,384,0.12240091450289015,117
3476,-0.06063624192643147,-0.03049250162507633,0.17881334811833938,128,0.14537325337059315,192
3477,-0.3403005435495743,-0.16998164429898566,-0.3403005435495743,256,-0.1982635461439486,450
3478,-0.09837853269550578,-0.049233978992020866,0.1809736500250665,384,0.14103377343909074,175
3479,-0.06021486451521696,-0.030129361309946034,0.16595184533061058,128,0.12464564454981542,149
3480,0.03685934948927638,0.018180432093231502,-0.21105885128073965,128,-0.1432871511432836,151
3481,0.09571989445240092,0.04788230599444887,-0.2165150056928269,128,-0.1513618404874819,130
3482,0.08649122943262455,0.043198894571617075,0.08649122943262455,256,0.07310141090613342,421
3483,-0.07307312710992164,-0.03674031161341418,-0.07307312710992164,256,-0.08335805951440989,295
3484,0.12669384438510178,0.06345015716249236,-0.13682817583126905,128,0.16544508117402756,350
3485,0.025250778438589805,0.012595520089291767,0.0707441619315432,160,-0.10304941293708225,147
3486,0.19887851360945774,0.09942442330327594,0.19887851360945774,256,-0.12118029857839474,206
3487,0.07664514676071121,0.03849380799451296,-0.09995672646047637,128,0.10823209401451095,352
3488,-0.03100633955853027,-0.015472707838995348,0.1704783055201915,128,-0.11702092221042903,363
3489,-0.18823958689398523,-0.09445085821977273,-0.18823958689398523,256,0.16095632426001316,192
3490,0.24096985162088913,0.12060417855590799,0.24096985162088913,256,0.22795194550332099,309
3491,-0.26855810117842793,-0.1342338816441213,-0.26855810117842793,256,0.15940083699243246,237
3492,-0.09565068165892399,-0.04791005860579389,0.1470354762777788,320,0.13204342719188844,114
3493,0.10427373587538113,0.05217094554626556,-0.2895766152644228,384,-0.18256827551442711,138
3494,-0.13940355058304021,-0.06992200042049035,-0.13940355058304021,256,0.13163688045122512,197
3495,-0.40778216173691817,-0.20399452718791622,-0.40778216173691817,256,0.23254759846562933,237
3496,-0.11981007317086778,-0.05983371600063947,-0.11981007317086778,256,0.12659338017490995,185
3497,0.14132888354521356,0.0704584414216356,0.14132888354521356,256,-0.1444132342300577,212
3498,-0.10282885276396314,-0.05158247570051344,-0.16090429086787594,128,0.1369586937990448,99
3499,-0.10830822329825196,-0.05401273653430394,0.15738898915242316,128,0.160376615352817,169
3500,0.001298802530783405,0.0007475319007994585,-0.08396578857664849,128,-0.06373785778782803,133
3501,0.005750429456497841,0.002990712859826772,0.07067121601028248,160,0.07583502829407962,354
3502,0.14488578492128568,0.07223003786816662,0.1511414031331526,128,-0.13621854877979445,117
3503,0.2095219688150678,0.10486291964818406,0.21161001038649374,384,-0.19989907092821113,97
3504,-0.10954767735967152,-0.05485947984067252,0.20798078170918188,128,0.18669378012157267,178
3505,0.17539720055839325,0.08777068586857695,0.17539720055839325,256,0.1551292353773306,297
3506,0.09184556312888503,0.046116295650506345,0.09184556312888503,256,0.0933395637738954,331
3507,0.19671449116646045,0.0978737398874614,0.19671449116646045,256,-0.10868222988281673,252
3508,0.3681636593797748,0.18436001936908042,0.3681636593797748,256,0.19549422247285975,260
3509,-0.3048934673775534,-0.1524000505094989,-0.3048934673775534,256,0.17425316261747525,230
3510,-0.09629823260831927,-0.047978207244426585,-0.2945816999209683,384,0.17655978242574122,91
3511,0.2139626784024813,0.10714442898483867,0.2139626784024813,256,0.17896822059714168,340
3512,0.29798065476205693,0.1489742089381707,0.29798065476205693,256,0.16011205901935455,276
3513,0.06665469099147003,0.03370887076957274,0.091036048999527,128,-0.07897906039063685,88
3514,0.07246698551170994,0.03630455973856783,0.09542389174774257,128,0.10052363956992849,402
3515,0.11777041914274378,0.05904208902060759,0.11777041914274378,256,0.1226374023553376,308
3516,0.13040753207786793,0.06524585176103415,-0.2498026927340362,128,-0.16870482427063394,140
3517,0.20986146883279844,0.10489411798380388,0.20986146883279844,256,0.15292242572616033,334
3518,0.10880977938302294,0.05435006555427435,-0.1385813458958296,96,0.13504131839562206,279
3519,0.5038969254965195,0.25221411431758156,0.5038969254965195,256,0.29013505127926464,264
3520,-0.11205004856776668,-0.0557759867865002,0.11504216783720267,384,0.16343246396644417,154
3521,-0.2816551108472254,-0.14098764436508304,0.3764610057568518,128,0.27554344072930803,152
3522,-0.17776060427121365,-0.08921520691978913,-0.17776060427121365,256,-0.11197285828825443,393
3523,-0.052616037315914355,-0.026489619993014912,-0.13147917568636558,448,0.10812187213812763,185
3524,-0.046421058381582725,-0.023132393076366498,-0.11811438553968401,64,0.10505583215789471,62
3525,-0.028334317526542918,-0.014137264767015267,-0.13732370244952108,64,0.10590896146467799,185
3526,-0.0816456281354192,-0.04076129380422344,-0.2308250143041164,384,0.16565895711148926,121
3527,-0.20595489613873497,-0.10291991778447596,-0.20595489613873497,256,0.14918985807514673,229
3528,0.20356467305481374,0.10188711353299595,0.20356467305481374,256,0.15303078012107107,330
3529,0.07625158143568456,0.03814192966871133,0.16732277708621268,320,0.13927084065716144,321
3530,0.19808835367962274,0.09908590798184491,0.19808835367962274,256,-0.15876051925175716,213
3531,-0.04093577161035,-0.020549760539722683,-0.04093577161035,256,0.05828483576931376,229
3532,0.05336313676946247,0.026886361865393837,0.1401764418399125,384,0.09596125107503894,387
3533,0.04094921794995798,0.02036391024137174,0.31899386988391143,128,0.17348355831904883,387
3534,0.18350976262220797,0.09166769962536137,0.18350976262220797,256,-0.15799838534246646,201
3535,0.13486808952541196,0.06741515706562495,-0.15416002428652575,128,-0.16559817046800163,158
3536,0.0804850810982316,0.040295198304988844,-0.10725332707721691,320,-0.12341498113573834,210
3537,0.1396975961338569,0.06973104261572871,0.1396975961338569,256,-0.11612369564662117,234
3538,-0.041568830137151735,-0.020879045184017286,0.10661093903433994,384,-0.07593512377013667,374
3539,-0.13059923437455723,-0.06549978233493903,-0.14867492853046116,64,0.11383630469482142,63
3540,-0.2244625847690429,-0.11192491291527062,-0.2244625847690429,256,0.13936268622390457,181
3541,-0.03396471338783158,-0.017064116533447304,-0.08650916110887863,128,0.05883981029630547,99
3542,-0.028731203904328595,-0.014286719149055216,-0.04449659196650835,16,0.04677567087925638,78
3543,-0.18851847370922314,-0.09433291313342806,-0.18851847370922314,256,-0.12313181764056935,271
3544,-0.029934212684253225,-0.01520827961201121,0.12176721455819006,384,0.12511305622561508,145
3545,-0.014821924690181731,-0.007437552581166074,-0.23939742900518013,384,-0.14906210874312364,417
3546,0.11767564482266835,0.05897474104131106,0.11767564482266835,256,-0.1256800061013621,228
3547,0.04628028227261893,0.0234589347319627,0.29270769528238816,384,0.191969005907481,408
3548,0.3472294549852677,0.1736752033239668,0.3472294549852677,256,0.1736752033239668,256
3549,-0.01918705593382697,-0.00956255934917749,-0.09807569981592223,128,-0.07851284675388115,402
3550,0.0423547885292237,0.020885304372200153,-0.09945410521726217,320,0.1430196863153128,421
3551,-0.03838021212715148,-0.01927160267871386,0.18850655526112803,128,0.1287212234209676,144
3552,-0.12204681697457431,-0.06101458286684647,-0.12204681697457431,256,0.09422486467011026,211
3553,0.020708681509603366,0.010441629010330189,-0.1364476869911897,128,-0.13957298843047283,141
3554,0.18106973487763867,0.0905324158443932,0.18106973487763867,256,-0.14351082033638818,249
3555,-0.09933731350028552,-0.04952277249464032,0.1979841084931877,384,0.15588255947679386,137
3556,0.12607951985424393,0.06323567155430965,0.12607951985424393,256,0.0953672805989072,268
3557,0.2534794160499132,0.1267489665011965,0.2534794160499132,256,0.1856917703476597,276
3558,0.1820444908193224,0.09106241925240965,0.1820444908193224,256,-0.12840296801957152,126
3559,0.14811469348842365,0.07424976474217715,0.16732011135087532,384,-0.1246691835348912,126
3560,0.21797766680595032,0.10925666536934386,-0.28027346579422385,128,0.23243583770039322,311
3561,0.15214632448686416,0.07622077534236382,0.1567331454968084,64,-0.14805768770941086,191
3562,0.12233848628170563,0.06133129952618788,0.1794909387179473,384,0.14968708174723133,416
3563,-0.009591601821483664,-0.004975556884630805,0.09607274324321224,64,-0.09861089518324206,299
3564,-0.09193201888325575,-0.04600946983742915,-0.10097781338346579,64,0.10101446533489877,57
3565,-0.0028235353774448413,-0.0016325875004667978,-0.05508718494594689,64,0.04728042587635173,61
3566,-0.34813559933772353,-0.17412224397205023,-0.34813559933772353,256,0.17963585526754855,250
3567,0.054239491368264225,0.026940603285311227,0.11460735734532079,128,0.09968229984457366,402
3568,0.018528533421374505,0.009174908489967493,0.2884893003598137,128,-0.18631158094400746,100
3569,-0.053869611457656674,-0.026906514545345317,-0.08435175708120823,384,0.0775869492229333,121
3570,-0.07500679188132153,-0.03748175571246293,-0.09060822380416766,448,0.08489411480312015,189
3571,0.3825057004871155,0.19112712946207466,0.3825057004871155,256,-0.2184315346076744,186
3572,-0.3035296315882192,-0.15178446522651257,-0.3035296315882192,256,-0.16943370549034853,384
3573,-0.0990445783970415,-0.04952113510972822,0.11415771359963856,192,0.13548272503254566,198
3574,-0.24133744972999693,-0.12073007511511946,-0.24133744972999693,256,0.15846863944290135,195
3575,-0.3399278520265341,-0.16995699077520499,-0.3399278520265341,256,0.1956229701881682,178
3576,-0.043680543906276625,-0.021883791546372322,-0.20013010221799732,384,0.17348014590183425,106
3577,0.21167729844097494,0.10585328559753293,0.21167729844097494,256,0.17462847645253987,309
3578,-0.16619305429148312,-0.08314328215527667,-0.16619305429148312,256,0.13509029827281438,205
3579,-0.1655771384998559,-0.0828424650629529,-0.1655771384998559,256,0.10160530823773684,244
3580,-0.038855092566421945,-0.019312789316302315,-0.1358316494757048,128,0.08218421487084981,124
3581,-0.280012369763341,-0.13985791853394858,-0.280012369763341,256,0.15925996784471863,221
3582,0.10480996020208977,0.0523513072362789,0.21539878471850216,128,0.1819573501514924,400
3583,0.036415079532332584,0.018321996955819486,-0.15129869738194657,288,-0.1682517286290448,112
3584,-0.04178909363196226,-0.02086229195879241,0.08019896414708683,416,-0.07313585483080942,283
3585,-0.025880650291355778,-0.012957991398423019,0.16463755720735662,128,0.13070773783573486,169
3586,-0.02248050355694886,-0.011085580720703092,-0.0834089368303399,16,-0.10274983830259998,433
3587,-0.08708189065646366,-0.043726334930624944,0.1576771211534833,128,0.13978874999691016,154
3588,-0.12520485392744263,-0.06263427837527047,-0.12520485392744263,256,0.12933445288612688,182
3589,-0.1099241388384371,-0.05484566915785649,-0.1099241388384371,256,-0.0719631709478108,275
3590,0.07572577225323585,0.03781341094486379,0.07572577225323585,256,0.0690073095996695,330
3591,-0.17168704951376412,-0.0857290721690731,-0.17168704951376412,256,0.18454678370818556,158
3592,0.10778406453366074,0.053814479237644264,0.11407675364313263,384,0.09373497690080512,408
3593,0.2651298108745834,0.13227244817954897,0.2651298108745834,256,-0.15410621182019213,127
3594,0.22170126065321938,0.11105711312416133,0.22170126065321938,256,0.1624865844140686,340
3595,-0.24492328845511224,-0.12215523440383436,-0.24492328845511224,256,0.22300203327679924,209
3596,-0.09024485873322874,-0.04504086808631769,-0.09644144828351386,128,0.08592216627806692,119
3597,-0.13274648335180927,-0.06641358277681775,-0.13274648335180927,256,0.1304900772452413,166
3598,-0.05145901984363377,-0.025876217162590365,0.2088917145998721,384,0.15416522147265255,185
3599,-0.3348783006488816,-0.16726291695596274,-0.3348783006488816,256,0.24691518761758857,212
3600,-0.03185463009651812,-0.015610879536069433,-0.18041049837502499,128,0.1399724768075572,82
3601,-0.06486943748004137,-0.03249725234209677,-0.18616235944722348,64,0.13843810779653154,186
3602,0.011008905144677783,0.005211178794638727,0.08042759634540886,64,-0.09676353779255464,176
3603,-0.1196401006538963,-0.059703863195466056,-0.1196401006538963,256,0.11209834711587519,176
3604,-0.07363111798917998,-0.036820009884024785,-0.09581726802736057,480,0.0969660100938654,159
3605,-0.054524910619448974,-0.027276384241417873,0.18640990444257,128,0.15130688764202205,162
3606,-0.047633717095294514,-0.02389278652520943,-0.12213303500757888,128,-0.11849653913844804,397
3607,0.01902256257847057,0.009715334190190106,0.04624246894366024,144,0.04383922476677071,368
3608,-0.0704800584231009,-0.035143888376325094,0.11919231883103976,320,0.10887491285676276,70
3609,0.04490956872214724,0.02257254590298885,0.13551680580007996,384,0.1297937765741608,457
3610,0.12306173986451086,0.06164277782099248,-0.20861230301228773,128,-0.2072870761047625,157
3611,0.27131531736330317,0.1353781702738388,0.27131531736330317,256,-0.18838524177957083,188
3612,-0.2770490151002605,-0.13846296206853026,-0.2770490151002605,256,0.16687271907012757,123
3613,-0.23361483649614456,-0.11665794966751264,-0.23361483649614456,256,0.1381350606608578,249
3614,-0.053748287579537646,-0.026946569694700884,-0.11508194314451714,128,-0.12288123353198444,409
3615,-0.10484787792327666,-0.05231969865491237,0.12505143788126816,384,0.10999727283223137,169
3616,0.17704548023090183,0.08846622777002722,0.17704548023090183,256,0.12950261648160222,424
3617,0.23455609197839067,0.11746941828616286,0.23455609197839067,256,0.20192541893385396,328
3618,-0.2754281616248022,-0.1377489694046119,-0.2754281616248022,256,0.1860449962703683,214
3619,0.02070882692183318,0.010289602139039289,0.0357744020982409,192,-0.048334879015527576,183
3620,0.0106549738960382,0.005329176788194445,-0.13093289608798386,128,0.12700656235671204,370
3621,0.003221817592958587,0.001686069649252886,0.17438960123043046,128,0.10454539417423803,402
3622,-0.21259446407850646,-0.106226861826201,-0.21259446407850646,256,0.16141551957557,221
3623,0.04356984108727602,0.02198659644599843,0.1429920341165598,384,0.09784154200031026,390
3624,-0.12605879786502783,-0.06323026734702353,-0.12605879786502783,256,0.1485058658872731,201
3625,0.08497483524914173,0.04266255910891914,-0.16456310151497178,128,-0.13222650141318582,138
3626,-0.30035436246873815,-0.1502053699133512,-0.30035436246873815,256,0.15817519693005977,125
3627,0.3591505754143327,0.17958305042242273,0.3591505754143327,256,-0.22957973226499462,229
3628,0.19492497481002147,0.09742338451627575,0.19492497481002147,256,0.0974411991800821,260
3629,-0.08500207649962022,-0.042584380526307086,-0.08500207649962022,256,0.10660530159708514,217
3630,-0.08993596945103377,-0.04508451728310092,0.23178977878763618,64,-0.1684363926764263,317
3631,-0.12155282781026244,-0.06062072707024413,-0.12155282781026244,256,0.170650989062068,101
3632,0.10126496389503359,0.05080394658202181,-0.1598006883132541,192,0.14406314502605255,319
3633,0.349072019350416,0.1745067047008888,0.349072019350416,256,-0.2036689224712802,230
3634,0.17571900573381072,0.0876576977732384,0.17571900573381072,256,-0.14514417724998907,240
3635,-0.22012736287561552,-0.1099644416508454,-0.22012736287561552,256,0.13994213334751748,247
3636,0.028278971243651085,0.014256535598974551,0.18631722535906192,128,0.10958822602208329,390
3637,-0.0052193424724862325,-0.002759974418324873,0.1421453085356461,384,0.09895592960563704,200
3638,0.12745962842672043,0.06407678502262115,0.12745962842672043,256,0.10817485793205606,391
3639,-0.22310963927003513,-0.1114284993626029,-0.22310963927003513,256,-0.1629865755347737,331
3640,-0.2537628277016495,-0.1268270048822444,-0.2537628277016495,256,0.16037873859090723,236
3641,-0.04209653248207701,-0.02093964366054024,0.052590421241092145,96,0.0674710726268728,105
3642,-0.060379173075318704,-0.030115293279180833,-0.07783656816877738,32,0.08090105627562139,206
3643,-0.2564643764186201,-0.12834208423578275,-0.2564643764186201,256,-0.1323896264701716,272
3644,0.0785745638425226,0.03903254921641519,0.1147492999066344,64,-0.1283445117057056,149
3645,0.16273643446962183,0.08134559349645087,-0.17934004984726926,320,-0.19639421228808374,204
3646,0.05469136229396554,0.02720133677587455,-0.25035397136105075,128,-0.18766854167253655,156
3647,-0.12748640078376638,-0.06399187451143007,-0.19267198530661744,384,0.13940369687692566,62
3648,-0.04610531957013109,-0.022927915157225698,-0.1380145153573551,224,-0.1450792920457502,295
3649,0.278851876178976,0.13936400034725693,0.278851876178976,256,0.250028550912873,291
3650,0.11943105960989442,0.05972993890509315,0.17352359713829912,128,-0.17521830572707842,53
3651,0.14530201029873524,0.07259378731976085,-0.1870692947542807,128,-0.17461247059344487,161
3652,-0.40001737756614375,-0.1998379759703539,-0.40001737756614375,256,0.2371970858819452,232
3653,-0.05525202326032286,-0.027794897161982135,0.14947164457993267,160,0.14635798642703435,41
3654,0.11689826625999444,0.05843437541614094,-0.23243370884659953,64,0.17285286311778236,314
3655,-0.005305018632185465,-0.0028032617381654745,-0.10421289612958162,192,0.09957587813198643,156
3656,0.06515332467216695,0.032483569797989276,-0.07171356485810065,384,-0.06737608413902763,228
3657,-0.23754573194528916,-0.11888313321233568,-0.257169922829803,128,-0.24132913837360093,407
3658,0.17484529457084363,0.08726744408636478,0.17484529457084363,256,0.14687806575676632,325
3659,-0.11115313922718428,-0.055778974505244605,-0.11115313922718428,256,0.08518013627843857,249
3660,-0.09154184518686748,-0.04565210213667115,-0.09154184518686748,256,0.11693967849950582,219
3661,-0.009969158775049891,-0.004710575298474851,0.08385780603566673,320,0.07790578631693279,209
3662,-0.27597638689817927,-0.13811683986764933,-0.27597638689817927,256,0.1564887069601184,249
3663,0.05310842187054732,0.026656361398323725,-0.11990340865384042,448,0.10581254968286657,286
3664,0.1924491059133402,0.09639611327631314,0.1924491059133402,256,0.16092515375964922,328
3665,0.2117171128307973,0.1056848837324651,0.2117171128307973,256,-0.20251576726261078,158
3666,0.22526241640204603,0.11254942148519831,0.22526241640204603,256,0.16001020373840902,307
3667,0.0003139352826906361,4.371591535345942e-05,-0.16179019330587607,192,0.14791495582363723,426
3668,-0.17821305765130546,-0.08933315373474215,-0.17821305765130546,256,0.14646856798363217,93
3669,-0.24330308686063518,-0.12156530919068587,-0.24330308686063518,256,0.13359262039426767,238
3670,-0.06633597093619414,-0.033065384575678536,-0.09672273698447498,448,-0.0896718314280065,488
3671,-0.02995738046647034,-0.014744878338632361,-0.20480714895882102,320,0.11636219631441236,159
3672,-0.06062722899724804,-0.029954281899193802,-0.06189564732574837,64,0.06333763403882031,28
3673,0.327468293256743,0.16359028680540177,0.327468293256743,256,0.20610625230068536,353
3674,0.1298593245436166,0.06498183964862392,0.19806247758751283,128,0.1784276192241805,410
3675,-0.10625295643282584,-0.05307344504515754,-0.11033689258891854,320,0.09867571404902264,183
3676,0.0054245855099281926,0.002862187868544197,0.07911337106770588,192,0.08459760645570213,334
3677,-0.24593745554292923,-0.12308204622934227,-0.24593745554292923,256,-0.15167395831809927,275
3678,0.11172543808680757,0.056048448032839815,0.12256040806300916,32,-0.15008603667706666,154
3679,0.10985346837625798,0.05475335980571572,0.12668876967836695,64,0.1066202764716877,453
3680,-0.048353533921471126,-0.02388902954680816,0.09741366120380235,128,0.11358025013248607,173
3681,-0.04355754094387976,-0.021901511141720675,0.08456879190670463,64,-0.05677410074383715,303
3682,-0.11449852379976733,-0.05721751500439609,-0.13241467342982105,416,-0.10773233654089154,480
3683,0.15143958601092322,0.07611654935254819,0.15143958601092322,256,-0.1313309290692075,228
3684,0.18594661890580255,0.09305770357221377,0.18594661890580255,256,0.11958732983731579,410
3685,-0.05526741999403839,-0.027582314547601072,0.19878929498506182,128,0.12932687438652124,133
3686,0.2478485856473185,0.12367673462875928,0.2478485856473185,256,0.1371571321534475,304
3687,0.20607364088124314,0.10281429255138619,0.20607364088124314,256,0.12332503519985494,430
3688,-0.009378855344976955,-0.004610046905185072,0.11040904708175958,192,0.10152595990862778,79
3689,-0.3845165530115935,-0.1924279398809574,-0.3845165530115935,256,0.2126895667080646,227
3690,-0.138838629732021,-0.06936932015989328,-0.138838629732021,256,0.10326411418091652,167
3691,-0.12759804103498595,-0.06382917509213826,0.12996354722942272,128,-0.1276742682127292,361
3692,0.17937133131925975,0.08967490831901159,0.17937133131925975,256,-0.12306767895017856,91
3693,-0.01774464552141808,-0.008864511243928064,-0.13387888183029872,128,0.1233920295280484,102
3694,0.30073968442980004,0.1503066665853794,0.30073968442980004,256,0.16665013028801923,288
3695,0.046258061615390034,0.023027640359316592,-0.2282086918457935,384,-0.16886769464437634,164
3696,0.19418575758868428,0.09707291180461652,0.19418575758868428,256,0.12276834248132218,418
3697,0.14234841511404284,0.07118792464433454,0.19478126677682894,64,0.18303483461664882,326
3698,-0.21573236912044536,-0.10795156803484929,-0.21573236912044536,256,-0.1673041934704429,339
3699,-0.023890115953662416,-0.012184389090066361,0.13445016142915733,128,0.10109791319473516,151
3700,-0.10200310548705716,-0.050898249789923966,-0.10200310548705716,256,-0.059225434927270726,268
3701,0.23672088967902027,0.1183589404046188,0.23672088967902027,256,-0.16085366259406442,224
3702,-0.24692183032644266,-0.12363389593858187,-0.24692183032644266,256,-0.15951864318373055,385
3703,-0.07576062067408884,-0.03787962438505588,0.0970605580139079,32,0.11188732552935221,225
3704,0.3178866230897768,0.15906553409843127,0.3178866230897768,256,0.18524823258269407,270
3705,-0.12064556215682387,-0.06025183248513599,-0.12064556215682387,256,-0.11289445636117534,387
3706,0.09468882887955488,0.04745861131189599,-0.15714511040751233,128,0.17966931723708512,308
3707,0.08221440385403866,0.04116221581077184,-0.0862119536619872,128,-0.10752286014431434,166
3708,-0.19622321277992683,-0.09822052917570545,-0.19622321277992683,256,-0.12834507200795997,292
3709,0.09793179923954654,0.048937529140062,0.16412726850444415,480,-0.13780064784967294,158
3710,-0.07039083623729425,-0.03475179162535369,-0.08947342470902697,128,0.08214291299323406,107
3711,0.2292753761806523,0.11450353718856832,0.2292753761806523,256,0.1293708104830671,336
3712,-0.09547169065101002,-0.047687579726130025,-0.11626368873078263,448,0.10952622000166912,165
3713,0.05937601414382243,0.02986817020627086,-0.08009479826228016,432,-0.08094617154826267,112
3714,0.030063232345611368,0.014826422067130807,0.11866848796717022,416,-0.12432648739968499,93
3715,-0.06289894891483527,-0.031655487557486595,0.342984747310652,128,0.199846822017264,147
3716,-0.024529687111680687,-0.012108449946197197,0.07480622961188033,128,0.055056437047966256,177
3717,0.10704988617158051,0.05385425150004153,0.10704988617158051,256,-0.09766658347400892,70
3718,-0.09589286061952862,-0.047785422678970235,-0.10819528602564787,448,-0.13632753047983215,327
3719,0.0952667524159665,0.04764644483961433,0.0952667524159665,256,0.10611215139795149,290
3720,0.08513422648434243,0.042528087541370496,0.14534740662213608,384,0.105751710198831,460
3721,0.21941448338560576,0.10963855758228647,0.21941448338560576,256,-0.15683507918998885,232
3722,-0.027858624831878842,-0.013824037241505494,-0.04924930097230629,96,0.048859943193122035,219
3723,-0.12726607514483135,-0.06376273787043374,-0.12726607514483135,256,0.13775049822578467,200
3724,0.06709046202990976,0.03386860093303312,0.07851969976695727,320,0.07650058601723231,336
3725,-0.07332232947945272,-0.03665110468671173,0.14705537019511894,192,-0.11330463106025945,311
3726,0.08654537140242269,0.04347498709708475,0.08654537140242269,256,0.10149388070874465,336
3727,0.022530079885711984,0.011394784425107218,0.2462964014478075,128,0.1541573097363198,402
3728,0.104593523995959,0.05231672832528034,0.104593523995959,256,0.10407517359226404,267
3729,-0.25237480606418217,-0.12606029130753882,-0.25237480606418217,256,0.13821622367179032,125
3730,0.35310896514499746,0.17680742203319255,0.35310896514499746,256,0.23135880432079148,288
3731,0.15026964964448553,0.07507544549628165,0.15026964964448553,256,0.15414669349388532,308
3732,0.1260136830937313,0.06328310438229323,0.1260136830937313,256,-0.12078970444594006,209
3733,0.09490420424720014,0.047496495488701385,0.09490420424720014,256,0.1140111186886088,332
3734,0.15292517927991867,0.07634480549450018,0.15292517927991867,256,0.11946943765155993,405
3735,0.0010735706016760105,0.0005787826768823834,-0.03742721024673301,320,0.049138395357772424,398
3736,0.09974409488290803,0.049550488358818257,-0.11168553136292303,64,-0.13313781710357375,200
3737,-0.18893196888305397,-0.09452641304562803,-0.18893196888305397,256,0.13367288677736155,231
3738,-0.049613205383252534,-0.02502554970658366,0.06587345960224411,448,0.060395546141364775,228
3739,0.014524510413451708,0.007106078914716818,0.07179923639422015,64,0.08535164808762374,342
3740,-0.2139940865936012,-0.10723921655073809,-0.2139940865936012,256,-0.1398456595514972,271
3741,0.17662010870782296,0.08822895519068652,0.17662010870782296,256,-0.10717860318834482,252
3742,-0.14630421997253507,-0.07334591909028632,-0.14630421997253507,256,0.15386323620865028,186
3743,0.19030224283841335,0.0953220081408972,0.19030224283841335,256,0.1568423493326918,405
3744,0.04886135990830098,0.02463817161753923,0.11288814161895289,64,0.07667207869053527,321
3745,-0.1560100677263847,-0.07788895611471958,-0.1560100677263847,256,0.13627238998108737,211
3746,0.04051628317756695,0.020184164137390326,0.21815239574232237,192,-0.1298959142704348,61
3747,0.052246358288414285,0.02603469630781774,0.06582613804391713,264,-0.08995172489358083,214
3748,0.023210820935133825,0.011736695562547084,-0.03766621739657694,224,-0.048357777152659764,98
3749,-0.12286600459975716,-0.06129857602857669,-0.23844579966053914,128,0.19922265073552126,60
3750,-0.045856382507963644,-0.0228279680701462,-0.11664662228395173,320,0.11663938091388104,170
3751,0.09879342535367641,0.04980156323259166,0.19640431857938268,128,0.16611131684652491,433
3752,-0.05516084933572074,-0.027674687418254962,0.08292873800144207,352,0.07027904470010071,104
3753,-0.15595848074798369,-0.07816857355697948,-0.15595848074798369,256,0.18313729347798358,215
3754,0.2207113804458345,0.11024226377037394,0.2207113804458345,256,0.16410875027941074,326
3755,-0.1042482741102333,-0.051871700983127766,-0.1727911811009335,128,0.1208280094897276,126
3756,-0.06942765232750503,-0.03474461149255603,0.14419526350425826,128,0.21377574689969947,167
3757,0.10091729188977183,0.05025229647884544,0.10091729188977183,256,0.05730669069612304,267
3758,-0.056937564811050834,-0.028664286621676638,-0.07790833667371544,288,-0.10266208895160389,294
3759,-0.0725484036035482,-0.03637469104103275,-0.19088730494054573,128,0.12965724620636365,91
3760,-0.21342961874449884,-0.10663752759370482,-0.21342961874449884,256,-0.15037154671688313,281
3761,0.12361890426046784,0.06182238628244363,0.12361890426046784,256,-0.08680283362105001,173
3762,0.17906328137956962,0.08956377787936276,-0.25090698105533704,128,0.24314023771341908,354
3763,-0.09617654357026595,-0.04827298897185983,-0.10779578011079138,128,0.11716849670419549,73
3764,0.07634323915641517,0.038252493691658174,0.14836859423475346,128,-0.115135366311506,110
3765,0.11101772130103882,0.05519345964847844,-0.15445392606753217,128,-0.13989681809727017,172
3766,0.13765579223402824,0.06887298269430175,0.15552573147027715,288,-0.16957929327929833,155
3767,0.2706160671898772,0.1354120043612852,0.2706160671898772,256,-0.16276938147555597,230
3768,0.1218777330608134,0.06111214775577878,-0.23797230590083984,64,0.17715278161034576,442
3769,0.2632740710908763,0.1319468091011231,0.2632740710908763,256,-0.2057670397684035,204
3770,-0.11209876345165526,-0.05631001652949408,-0.11209876345165526,256,0.09440599189210275,78
3771,0.1986190309968947,0.09911229687162404,0.1986190309968947,256,-0.15856166913101788,210
3772,-0.1568352651437408,-0.07834724293590511,-0.1568352651437408,256,-0.1415699782135107,405
3773,0.19549440277526742,0.09765867734290623,0.19549440277526742,256,-0.131079676106026,154
3774,-0.19467904505302158,-0.09708300520017588,0.1954836121194603,448,0.22115525289811444,200
3775,-0.16944349082373833,-0.0848005078001961,-0.16944349082373833,256,-0.13586770627733813,303
3776,-0.06586197314547348,-0.03258189356117214,-0.1483094644510743,384,0.10594871531939987,111
3777,0.2739936755428687,0.13672135228421212,0.2739936755428687,256,0.1789674177316556,324
3778,0.05193128214725107,0.025909046533683977,-0.16447345469055108,160,0.13440099156628094,413
3779,0.021448309427569257,0.010687062854742635,0.10548592028499115,320,0.08616684465010849,452
3780,-0.28577729090346793,-0.14302057882429153,-0.28577729090346793,256,0.20805636361330926,240
3781,0.20108635714643697,0.1003737388464856,0.20108635714643697,256,-0.13021559384054626,203
3782,0.05630330649424309,0.028195390264244224,0.12895938746842717,128,-0.10771749759413751,78
3783,-0.09091310395569963,-0.045308809729107224,-0.09091310395569963,256,0.09269196359009868,107
3784,-0.02059069810195524,-0.010256901811857233,-0.21274699848937928,128,0.12800775461096237,115
3785,0.03756940813462961,0.01902716418555883,-0.13091049792404874,192,0.13857224978022487,422
3786,0.015780408913968813,0.008059996954330018,0.10230987206284681,128,0.05720035046601879,416
3787,-0.2505251202976524,-0.12508084547994258,-0.2505251202976524,256,0.14872418773109075,227
3788,-0.19882675316421228,-0.099217641683083,-0.19882675316421228,256,0.1397148182103365,170
3789,-0.09832187032904471,-0.04907517090882152,-0.09832187032904471,256,0.1070880136938257,93
3790,-0.0822531535775397,-0.04121849043252723,-0.0822531535775397,256,0.07221121178802292,31
3791,-0.08026571755308964,-0.04001085835395202,-0.08026571755308964,256,0.08939112944869976,106
3792,0.1762598839320333,0.08833948195098174,0.1762598839320333,256,-0.17116260449330412,216
3793,0.03052205287497145,0.015141211082209338,0.033071460768837824,320,-0.038692077902396704,173
3794,0.045512841679112626,0.02267829932981158,-0.08638442210883568,320,0.07695038514179942,302
3795,-0.08832228701319877,-0.044189936877614855,-0.17537786651047327,384,0.1540946005619901,94
3796,-0.03608945249561657,-0.01802097944801062,0.08818121268967616,128,0.0815358566786415,153
3797,-0.13713298217047054,-0.06869941708151828,-0.13713298217047054,256,0.10768893714535466,236
3798,0.1671985643694427,0.08397514310891552,0.26579703351711714,128,-0.22047391602309574,110
3799,0.27317781039181455,0.13660859625176158,0.27317781039181455,256,0.17498190357935073,296
3800,0.020914952733761538,0.010639907062113707,0.0787778303892992,128,-0.0659736381359437,120
3801,-0.21312760381104567,-0.1064929738321041,-0.21312760381104567,256,0.1599415081290374,226
3802,0.11522329842944146,0.05779130139853805,-0.21499993006250406,384,-0.15389180686645432,210
3803,0.22637729477105495,0.11331456976907361,0.22637729477105495,256,0.1538176551408128,337
3804,0.013091691912734404,0.00658476379155104,0.06953187503802383,320,-0.06460978577656107,55
3805,-0.08609531068506726,-0.04342394825516749,-0.12528700948098503,320,0.08644840208768301,63
3806,-0.23614349232673248,-0.11780886058139117,-0.23614349232673248,256,-0.14874767666049138,393
3807,-0.1103754726109969,-0.055320261634506096,0.11278284822863327,128,-0.10342021985155725,314
3808,-0.013477588393413953,-0.006875107780160761,0.07051867699954073,160,-0.06834718794186756,468
3809,0.02169482996930583,0.010951380676800682,-0.07826312080084108,224,-0.052511443995285845,161
3810,0.22542177207822078,0.11261522982294991,0.22542177207822078,256,-0.17980369497763604,176
3811,0.047931483777773565,0.024226339541684183,0.047931483777773565,256,0.06149926906402925,340
3812,0.1635838336694917,0.08182053960416624,0.1635838336694917,256,-0.11631866140896818,184
3813,0.24053795052799387,0.12014958741593773,0.24053795052799387,256,-0.1485784354621842,174
3814,-0.31050289842431766,-0.1556635472138055,-0.31050289842431766,256,0.17298306178992107,231
3815,0.29305469888058155,0.14644372504449166,0.29305469888058155,256,0.16106367474321814,290
3816,-0.055320950790303414,-0.027651482650668413,-0.14277895689713205,288,0.12729032604042345,87
3817,-0.1639351459382965,-0.08215605924897318,0.20640540991917078,128,-0.1956403881185338,331
3818,0.10143566506985735,0.0504800212555665,-0.1491970193474117,128,-0.16877152471388968,148
3819,-0.0895982512867306,-0.04505616041984695,-0.11728756543806185,64,0.09053506004801548,30
3820,-0.07496696749203124,-0.03730617144714188,-0.07496696749203124,256,0.06265711778750216,62
3821,-0.026530190577830126,-0.013291539903491412,0.2063325924733661,64,-0.12504090866457318,441
3822,0.065423643618999,0.03260194380379744,-0.14279086079114478,64,-0.12980924817190953,197
3823,0.15548348190390016,0.07777007625392685,0.15732999835267947,480,-0.14337743403123682,159
3824,0.060119287760130646,0.029873372062752424,-0.07333143942611287,384,0.08053790110812997,326
3825,-0.31379955677550697,-0.15679282282641793,-0.31379955677550697,256,0.189013280092297,123
3826,-0.35681824398545814,-0.17815409164174412,-0.35681824398545814,256,0.17815409164177254,255
3827,0.07928042058784968,0.03971273093239347,0.14253364700978466,128,0.14671169160038744,417
3828,0.27844730000913387,0.13950953643629305,0.27844730000913387,256,0.1822983066093684,326
3829,-0.40692430211723263,-0.2036538344076746,-0.40692430211723263,256,-0.28092652253008055,283
3830,0.19003080353661517,0.09500195766594288,0.19003080353661517,256,-0.10482885463432012,223
3831,0.013323167693584992,0.006720774645344818,0.07884786247305442,128,0.059471276317253796,426
3832,-0.038618774130128486,-0.019160658583302848,0.15159303879602248,320,0.10276707019210107,68
3833,-0.014434124961894668,-0.0074167932770592415,-0.04479069385212142,128,0.038949740909941966,67
3834,0.14646498520579598,0.07298949951956502,0.14646498520579598,256,0.13633300840166385,281
3835,0.32241153992086424,0.16115188005716163,0.32241153992086424,256,-0.2595011781500034,182
3836,0.04400731213303288,0.022074659608477987,-0.06937117097334067,288,0.07603220616994122,286
3837,0.19539539722418908,0.09772020308633955,0.19539539722418908,256,-0.12959037443059174,213
3838,0.4538401330993338,0.22689421165694057,0.4538401330993338,256,0.2447795865000444,259
3839,0.07950075862154904,0.03984393139606368,0.07950075862154904,256,0.07907770685676496,403
3840,0.28575390105027054,0.14276561570426338,0.28575390105027054,256,-0.1660208807793424,214
3841,0.04143259456222381,0.02072745725962477,-0.054114557341279124,144,0.06154095064152898,361
3842,0.02851309782963085,0.01420594616240578,-0.09491584248479512,160,0.08745330350052427,348
3843,0.21338094143283115,0.10664025782875797,0.21338094143283115,256,0.13548227668536583,320
3844,-0.02814506242242487,-0.014128393465568934,0.2443775434062445,128,0.14949921321104398,144
3845,-0.20422794836036928,-0.10206221470917853,-0.20422794836036928,256,0.17495937332367362,195
3846,0.07583243952268504,0.03786522636795553,0.07583243952268504,256,0.0901915627505332,276
3847,-0.24283185814579156,-0.12127349531655796,-0.24283185814579156,256,0.16338089034462655,215
3848,-0.09983205977147236,-0.05001228047422046,-0.10098270298260559,200,0.10954887036680816,183
3849,-0.15125364918310424,-0.07571981185827781,-0.15125364918310424,256,0.11755938465410054,205
3850,-0.100656180794374,-0.05016112508977244,-0.100656180794374,256,0.10028266334558111,59
3851,-0.11954597132273648,-0.05965010984186847,-0.14138447361523276,384,0.1471443873556808,53
3852,0.06850787100853495,0.03432160703582099,-0.22037991919637534,384,0.12728309158455886,383
3853,-0.07306370192415557,-0.03644435440216398,0.16304389673155129,128,-0.13560616547766813,315
3854,-0.16281613174487575,-0.08143209488406455,-0.16281613174487575,256,0.12302690349946488,206
3855,0.04416074236695522,0.022125366734769614,0.07119034662730428,384,0.08620667249880398,426
3856,0.16504737901010458,0.08257477832515292,-0.2444573967649717,128,0.18127411500938706,376
3857,0.013493723222097742,0.006494910972264734,-0.06607847586286653,320,-0.06874747112765078,68
3858,-0.050237734002081424,-0.025246840010765936,0.054151437939140123,384,0.07559690287860121,138
3859,0.11463046882087724,0.05701703490001364,0.11463046882087724,256,0.09034376114794895,454
3860,-0.16251904306278675,-0.08119321531850687,-0.16251904306278675,256,0.1464780772991503,213
3861,-0.033601288993168055,-0.01685716144794469,-0.15713053449221093,192,0.11133827296907839,170
3862,0.03017093000076443,0.015202859592847062,-0.1025732286245784,320,-0.10695592006774746,87
3863,-0.08013706298450529,-0.040177687887194224,-0.1426853475235248,128,0.11647141019422236,75
3864,0.1727758780672275,0.08660917375078725,0.1727758780672275,256,-0.13723088627426705,171
3865,-0.02305583467455108,-0.011090401807194894,0.1827611468798409,320,0.1352144877459125,73
3866,-0.06456975115327168,-0.032477533498536104,-0.06456975115327168,256,0.06516750072051991,180
3867,0.11929017623180016,0.05977841841558984,-0.1493773841134498,96,0.1609106688895281,343
3868,-0.1533127926100235,-0.07662905682136056,-0.1533127926100235,256,-0.1275713573315329,401
3869,-0.017733000373823415,-0.008737715107230315,0.10654539359389048,128,-0.10274342993511709,311
3870,-0.09733053496910316,-0.04894986175770555,0.12309953992507872,384,-0.11611654364537571,295
3871,0.005541232931051354,0.00266818338189978,0.11497589585889045,320,-0.07277866682247236,186
3872,0.19565668333339659,0.09755820945787264,0.19565668333339659,256,-0.18674135765738242,219
3873,0.11343174196400696,0.05678614765582779,0.11343174196400696,256,-0.10537989206517295,224
3874,-0.1714453731108847,-0.08598796862713698,-0.1714453731108847,256,0.16816651431099672,204
3875,0.10821575206750822,0.054291973208421496,-0.19883702307865292,128,0.15257918755747824,376
3876,-0.05093547647675223,-0.02533309544426743,-0.1447394931285544,320,0.11743300694513437,170
3877,0.1734932500582147,0.08668944051623839,0.21390820040986114,128,-0.15989606690443736,120
3878,-0.24202904050633833,-0.1212862018713281,-0.24202904050633833,256,-0.16089404527110673,388
3879,0.20008592575874218,0.10011231544677912,0.20008592575874218,256,-0.14179046975519327,184
3880,-0.08347981696113038,-0.04166596942002343,0.14994042143479192,384,-0.16441323671739383,325
3881,0.05706525513835459,0.028514325999765333,-0.062453715683616906,128,-0.07929217957692458,205
3882,0.30687314190137727,0.15329605966479676,0.30687314190137727,256,0.2103765204972774,329
3883,-0.12909699866381175,-0.06467304042720912,-0.12909699866381175,256,0.06827278022983307,127
3884,-0.31847629948688905,-0.15900789838602236,-0.31847629948688905,256,0.21320290088272031,155
3885,-0.10159326067156371,-0.050911887507595566,-0.10159326067156371,256,0.0710051541075245,125
3886,-0.3017466421554502,-0.15085983107076117,-0.3504995639525248,128,0.2506662075047217,127
3887,0.16089665971560407,0.08053949320560605,-0.1908563416697575,384,-0.15811633483897936,149
3888,-0.20721827843058804,-0.10356789763565644,-0.20721827843058804,256,0.17407482940922137,221
3889,0.14373497145311376,0.07185287460697509,0.14373497145311376,256,0.15318826344258696,413
3890,0.1876528411917775,0.09392941559028145,0.1876528411917775,256,0.11756091266772728,324
3891,-0.13324278703262848,-0.06675167229880685,-0.13324278703262848,256,0.09403949103642617,248
3892,-0.0003110427783212799,-0.0002270809656010897,-0.31254099926673007,128,0.17243418060159854,102
3893,-0.014773345996303533,-0.007338801905859782,-0.057322620667093815,400,0.05850143035149813,165
3894,0.21616442180308582,0.10816007941909334,0.21616442180308582,256,0.14486601199149618,440
3895,0.0076847626171456795,0.0036962210755859815,-0.10348590671401325,32,-0.08195732639529751,102
3896,-0.037070271525067255,-0.018582455551722887,0.07437247307734651,144,-0.06947856429422927,271
3897,-0.014139224472671685,-0.00680942582073385,-0.03846029673582052,272,0.049069942457037996,166
3898,0.1481973145666302,0.07412953797677346,0.1481973145666302,256,0.15437319261468474,306
3899,0.17894721586162632,0.089403114882316,0.17894721586162632,256,0.15756142753588165,283
3900,-0.15011926683615684,-0.07496207771245622,-0.15011926683615684,256,0.147498597974959,218
3901,0.2403067035075992,0.12009233986475465,0.2403067035075992,256,-0.17550572026021882,156
3902,0.3104946508894386,0.15524896874524075,0.3104946508894386,256,-0.1586739688779062,239
3903,0.07628908789558864,0.038055319544412214,-0.2829106215647954,128,-0.19944763404782861,148
3904,0.13189724129830438,0.06585601208536218,0.2580904346226589,128,-0.17086361659966087,123
3905,0.07671047292890876,0.03845291554034702,-0.08118818845656506,384,0.09531631781669603,360
3906,-0.26584621634935957,-0.1332408608136575,-0.26584621634935957,256,-0.17024038138328024,293
3907,-0.3366906954700255,-0.16824740779571812,-0.3366906954700255,256,0.20074795138734203,240
3908,0.05904043532319747,0.02940940899532052,-0.08862583159270798,208,-0.08851672386569476,178
3909,-0.16835163743871817,-0.08403521393128699,-0.16835163743871817,256,0.08606194716730897,251
3910,-0.06701723789643665,-0.033384629316742576,-0.22570559501730258,384,-0.12942112253557525,384
3911,-0.032634036994920734,-0.01635418310672776,-0.15686784275533228,384,-0.11276080747876449,407
3912,0.08207396155495417,0.04096001767220514,0.08207396155495417,256,-0.07578173630363949,240
3913,0.13616069701703282,0.06799187492634928,0.13616069701703282,256,0.10263326606582268,265
3914,-0.08296680422219538,-0.04144600499316198,-0.08296680422219538,256,0.08870431793522471,108
3915,0.05291214395114707,0.026425839144053498,0.17925441716110413,128,0.1431392998664478,465
3916,0.0413801673947205,0.020655813309815585,-0.06328372996654252,8,-0.0726084232938149,234
3917,0.22507154074207847,0.11255878128758923,0.22507154074207847,256,0.17443461240736724,298
3918,-0.015299112771089085,-0.0078215917013722,0.08042339162403778,32,-0.09256755051171695,414
3919,-0.0679617494354261,-0.03382395440107189,0.21131194179213253,128,0.15623171745045283,176
3920,0.2982044878082206,0.14891065564802375,0.2982044878082206,256,0.17287079392463056,289
3921,0.22786410350818187,0.11383823332289467,0.22786410350818187,256,0.21606981154582172,352
3922,-0.10499073622858646,-0.05248604871124485,-0.10649914589447462,384,0.10218082763718428,86
3923,0.14250735960459338,0.07133958816390873,0.14250735960459338,256,0.09917119171632294,323
3924,-0.06665355921725791,-0.033571658805556126,-0.07374726564955836,384,0.09731231012365527,108
3925,0.20413242835314804,0.10214294755218134,0.20413242835314804,256,0.11654913305835635,338
3926,-0.11697090384174658,-0.05858053144291375,-0.12039530049059977,192,-0.12996711254089632,325
3927,0.12712713193698733,0.06379137939157431,0.24177073633495638,128,0.1818714588611101,416
3928,0.12343895234414504,0.06144084620569856,0.12343895234414504,256,0.07021977854577699,385
3929,-0.034853588176417816,-0.017303751499952114,0.2922109211196471,128,-0.1648860006765176,363
3930,0.16804153642442543,0.08411933008028427,0.16804153642442543,256,0.14328209736203235,393
3931,-0.0400679744074921,-0.020231027181011996,0.18185494010504044,384,0.11279561740371946,132
3932,0.21256639714744097,0.10642253135205237,0.21256639714744097,256,0.11049657055224316,452
3933,-0.13767637642385466,-0.06862864724101314,-0.13767637642385466,256,0.1027965353029856,183
3934,-0.19381628937824757,-0.09704004261280375,-0.19381628937824757,256,-0.13516162956511835,309
3935,0.07670517206508976,0.03817796145244756,0.17447514001219133,128,0.12896634918286054,398
3936,-0.04696879099159901,-0.023520412550766423,0.15286131746285037,320,0.13825398978039516,197
3937,0.4237094978705045,0.21200539822524433,0.4237094978705045,256,-0.22702289449696877,186
3938,0.2272000910251677,0.11365228891466472,0.2272000910251677,256,0.12791843104531608,295
3939,0.19315923516441558,0.09632465155618775,0.1934588324200206,128,0.1446367759620557,384
3940,0.05462040107678945,0.02762260461781807,-0.11144265921609886,32,-0.13644501096490558,100
3941,0.09776757081837673,0.048682919606619635,0.1578625546951571,384,0.14102088685660874,429
3942,0.10517791459628256,0.05278620069918816,0.10517791459628256,256,0.06511494447460109,387
3943,0.20751245050888656,0.10363146632045073,0.20751245050888656,256,0.15962649709189236,301
3944,-0.182157479171849,-0.09099526530371804,-0.182157479171849,256,0.12110082741500605,244
3945,-0.01033205740159815,-0.004939941735585762,0.1110585912863371,384,0.089985752376748,169
3946,0.016067334357529717,0.008142920664198527,0.1812658909991569,384,0.10736791541910407,387
3947,-0.016240827888196918,-0.008006048169193036,0.14403225808740672,192,0.11101639361004345,192
3948,-0.1255154457483627,-0.06272107115654535,-0.1255154457483627,256,0.10300846461834112,162
3949,0.23433505332195637,0.11708030855129437,0.23433505332195637,256,0.1419504194889214,270
3950,-0.2663938765845728,-0.13333673291489845,-0.2663938765845728,256,0.1549748471759358,219
3951,0.18391104628608446,0.09164712926008178,0.18391104628608446,256,-0.158018260747383,214
3952,0.09889021877083337,0.0494565459219416,0.09889021877083337,256,0.07970432459580934,338
3953,-0.10286246953123168,-0.05144720289050042,-0.10286246953123168,256,0.11819039054691416,89
3954,0.15101293662488047,0.07551981451038614,-0.2182430369917725,64,-0.19777275748791112,195
3955,-0.13705353755253213,-0.06825102864780774,-0.13705353755253213,256,0.08786603901853596,220
3956,0.11321561692037108,0.05653101855807563,0.1331115570854422,384,-0.12987972401568015,114
3957,0.09401035736414087,0.0469861539548333,0.09401035736414087,256,0.09037374022472022,281
3958,-0.04435967153665388,-0.022494321458680133,-0.1690426759574848,384,-0.10897827385292658,393
3959,0.14259984711509333,0.07101266174248622,0.14259984711509333,256,-0.14898055520814069,228
3960,0.11243305341261589,0.05618647436472202,0.11243305341261589,256,-0.12572770613189732,202
3961,0.10743840893894685,0.05379893972502714,-0.19167677259940774,384,0.15565517237212134,359
3962,-0.3037635204428568,-0.1517150353418515,-0.3037635204428568,256,0.16071037047223058,207
3963,0.0631392943342064,0.03169135135649981,0.0631392943342064,256,0.07698592020921069,330
3964,0.5522261192063525,0.2761060223278946,0.5522261192063525,256,0.309387253913485,276
3965,0.2710292066907982,0.1354081193952652,0.2710292066907982,256,0.1807796363771672,294
3966,0.19765800076623918,0.09851778424808799,0.22240953436659083,128,-0.21275016973055472,93
3967,-0.0003338695259742508,-0.000201588838990574,-0.2589835577155668,320,0.15653524170880928,191
3968,0.13409517814923788,0.06707493689907551,-0.15991792225338486,384,-0.15461103165844747,200
3969,0.08524168641520191,0.04244406515579158,0.12730856920131828,384,-0.09418290572564558,120
3970,0.11788386230256265,0.05901581439371739,0.11788386230256265,256,-0.0994343270376703,242
3971,0.05994238185951417,0.02984869372966159,-0.1729730624206809,384,0.12162398844543532,376
3972,0.020572538856924893,0.0101578546688188,-0.10212522251238454,128,0.08992718059300842,312
3973,-0.09092566951207459,-0.04583434221808602,0.16895492871105944,448,-0.10868699571284424,311
3974,0.1040779597119581,0.05155322237010296,0.11145066124102243,128,0.0922871328950805,397
3975,-0.00504310255900009,-0.0021904459225083883,0.16973184554058207,128,0.15064117946496935,150
3976,0.11796333135950476,0.058891654317221764,0.11796333135950476,256,0.12195081338990121,300
3977,-0.34188323008706334,-0.17092792691207137,-0.34188323008706334,256,0.25529693237950823,199
3978,0.03432726975105993,0.01719517209227206,0.08531162598973197,272,-0.09744370922174994,206
3979,0.11485624940527828,0.05766551390456698,0.1611487847876134,128,0.15681237475831722,416
3980,-0.0791918193110348,-0.03967231257533399,0.1062779279271524,192,0.10310672008972688,200
3981,-0.004721080503458097,-0.002668578189798154,-0.15081495568176706,384,0.11423888430186935,99
3982,0.07283186070336001,0.03637007967415684,-0.09410721508754705,448,-0.11443772750490666,87
3983,0.1841932767602259,0.09242741023504664,0.1841932767602259,256,0.14332276325177418,429
3984,-0.10255323388622628,-0.0509657631816367,-0.10255323388622628,256,-0.10621559096887268,353
3985,0.2409025886502718,0.12048115276496674,0.2409025886502718,256,-0.1552838191331034,236
3986,-0.07865329904061014,-0.039134414538295914,0.21977887809977403,128,0.1343509110633363,134
3987,0.10815853496904992,0.05415903981455017,0.2369072810893158,384,0.19655247715553514,412
3988,0.13104605748509357,0.06553430899938917,0.13104605748509357,256,0.0868555542385252,328
3989,0.15544793881622354,0.07774621990577657,0.15544793881622354,256,0.11051627295938715,265
3990,-0.04144969623519046,-0.020365288801343695,-0.10114780377797672,128,0.07725979535815952,93
3991,-0.01187796490100368,-0.005890134663246727,-0.05968581430487774,64,0.06854137768067403,187
3992,-0.13192648827575226,-0.06607646406547474,-0.13192648827575226,256,-0.15238977721730862,363
3993,0.06347391455079787,0.03135259030790394,0.06347391455079787,256,-0.05557446610634997,248
3994,-0.19769044094115884,-0.09873852382793302,-0.19769044094115884,256,0.13969948950995104,215
3995,-0.2313343146798843,-0.11557345957609755,-0.2313343146798843,256,0.18898737528652987,151
3996,0.00846151586176802,0.004305002009175496,-0.14581273166999154,64,0.1369796062068076,440
3997,0.010303768513949763,0.005300375517521161,-0.07030245204890662,320,-0.06719937427686773,204
3998,-0.17084592663255194,-0.08550616778771314,-0.17084592663255194,256,-0.15387396896210248,391
3999,0.11433074253767472,0.05721333227791092,0.11433074253767472,256,-0.10745375933598211,170
4000,0.004898197798155479,0.0024617976872036706,0.08943763998499321,128,0.07068705683616372,399
4001,0.14489089179949133,0.07240730856022992,0.14489089179949133,256,0.13873385717118936,328
4002,0.28738281811820343,0.14339964866320543,0.28738281811820343,256,-0.17280703945647247,251
4003,0.2520090098158789,0.1259892301628156,0.2520090098158789,256,0.18844659924047846,322
4004,0.2712808306980321,0.1355741333065339,0.2712808306980321,256,0.15080667253806723,278
4005,-0.10957681930923968,-0.054730826264318466,-0.11629212605492967,288,0.12990490080332506,221
4006,0.005714212745971281,0.002872573382177279,-0.09894606586728116,128,0.07994263000125557,369
4007,0.08100988146793497,0.04042523477102122,0.11775409575045614,320,-0.12469309037780363,185
4008,-0.1723303706208128,-0.0860662551553446,-0.1723303706208128,256,-0.11229184108748314,269
4009,0.17799117760023364,0.08908054198153081,-0.1802953876212996,192,-0.17358536529650337,197
4010,0.09756822226026429,0.04898018431771334,0.13515292709550408,64,-0.11776265398722785,186
4011,0.04427493969387797,0.02195637794028471,0.10553552599634486,368,0.08026574760651783,400
4012,0.1763075851335998,0.08805703194479975,0.1763075851335998,256,0.11960180397716158,334
4013,-0.12361434726665266,-0.06170026732067413,-0.19199117758151374,128,0.14416184793812192,118
4014,-0.02084559974309741,-0.010367497084871502,0.09912108494984295,192,-0.0755282640663495,409
4015,-0.23387300824981594,-0.11687749708292472,-0.23387300824981594,256,0.14942512058252078,178
4016,-0.10316354962739638,-0.051433099318046516,-0.10316354962739638,256,0.09494608885151479,169
4017,-0.1059264402999247,-0.05308138004272678,0.17988307937179115,128,0.14265933898963112,183
4018,-0.11339034476540633,-0.056698266831659794,0.15613972326167413,384,0.1625925440696676,202
4019,-0.41229923454017126,-0.20610654203051126,-0.41229923454017126,256,0.27740630337152083,197
4020,0.19665046309273748,0.0987509731002092,0.19665046309273748,256,-0.11643445498356186,243
4021,-0.009982186191479059,-0.004929621726489586,-0.04653125267046221,128,0.06404214700297928,91
4022,0.07140609233840678,0.035639849868459805,-0.1316147932398053,320,-0.09930998041542693,204
4023,-0.20020206828084497,-0.10024939808070599,-0.20020206828084497,256,0.1887087742154563,209
4024,-0.016871969712809687,-0.008621057679192745,-0.20231796213425923,64,0.1112269124999159,191
4025,0.05000857436650108,0.025083960552251483,0.12807613739060741,64,-0.11748135815525984,171
4026,-0.059090480310374005,-0.02972550892889103,-0.22599677738959656,128,-0.1435513537312545,449
4027,-0.05829876757661623,-0.029056795551099412,0.1344458431545945,128,0.116396532464762,139
4028,-0.1169818262723652,-0.058657759570678536,-0.1169818262723652,256,0.09642026651863489,176
4029,-0.051089551306404246,-0.025756726879535563,0.36168051517053357,128,-0.19424550532272633,381
4030,0.07968827159194802,0.03993915141509774,0.14946688367305683,128,0.11705198722427212,449
4031,-0.04442204457944854,-0.02255409315887391,0.06387886621746475,384,-0.0784207859635444,363
4032,0.03115528077489671,0.015187339040608094,-0.10020515776569994,128,-0.07248735709293896,198
4033,0.11271647010130437,0.05654667217876863,0.11271647010130437,256,0.08453386841637212,368
4034,-0.12757041773872402,-0.06344369876779865,0.18879644042186783,128,0.18318039537572872,158
4035,-0.1720035560380211,-0.08618291369486997,-0.1720035560380211,256,0.12253177219564293,79
4036,-0.269108988351519,-0.13453104072465294,-0.269108988351519,256,0.14592112250625178,222
4037,0.10339440268398903,0.05184839502186378,0.10479694966910813,128,-0.08117771060553025,125
4038,0.15035583938094987,0.07546700658974714,0.15035583938094987,256,-0.1307077353516206,216
4039,-0.20041473294568846,-0.10060233019873976,-0.20041473294568846,256,0.14927960201538326,209
4040,-0.11958165800143661,-0.059813647140686044,-0.11958165800143661,256,-0.14698057076208215,297
4041,0.07430914063488103,0.037370723829553754,0.09020659641839757,384,-0.10585801690416474,109
4042,-0.3674360465510915,-0.18364287700302384,-0.3674360465510915,256,0.29941123992028906,172
4043,-0.03686359746879475,-0.018368657392841214,-0.10547898729348049,128,-0.08064870215963538,448
4044,0.20765941572446422,0.1038902770254424,0.20765941572446422,256,0.13713191760251675,263
4045,0.35288392679035496,0.17648580829063576,0.35288392679035496,256,-0.20875630040973192,127
4046,-0.05914577188744374,-0.029351443246525832,0.12541083804347863,448,0.1258185977357016,201
4047,0.38738710824833333,0.1938280106982404,0.38738710824833333,256,-0.245146596153603,228
4048,-0.22028211647204898,-0.11011853910133595,-0.22028211647204898,256,0.1874841853275484,194
4049,0.08983530691682517,0.04497389556925668,0.12252600134360137,384,0.10646330708300411,450
4050,0.22764833146467822,0.11369646257583099,0.22764833146467822,256,0.1348402039837424,262
4051,-0.004566745755710144,-0.0022572331027390646,-0.14372166716430002,384,0.10296517093208024,63
4052,0.15035472400160188,0.07506100154705564,0.15035472400160188,256,0.1344366501129457,307
4053,-0.1019254419067579,-0.051012571771764215,-0.17181438091699874,128,0.1524808516106333,118
4054,-0.09561134569582919,-0.04786700496407548,-0.24485997850547392,384,0.1835746109306342,118
4055,0.04625988266064951,0.023101613879759952,-0.07800737426100568,128,0.10619213529270155,338
4056,0.15246012396642072,0.07634667405133655,0.15246012396642072,256,0.12129528193753458,285
4057,-0.05161745647839666,-0.02600468430341607,-0.07455869122605918,384,-0.09670397003986864,395
4058,0.08633409826722982,0.043419719865994466,0.08633409826722982,256,0.102615447989308,303
4059,-0.1576389300141443,-0.07897940873903053,-0.1576389300141443,256,-0.13448361347519722,305
4060,-0.41626179470114266,-0.2079432738323419,-0.41626179470114266,256,0.2334911844787655,236
4061,-0.2118377301704868,-0.10583277255651069,-0.2118377301704868,256,0.17865439081116108,90
4062,-0.03372067386524691,-0.01709842036501641,0.1988146941585569,272,0.14998928185900695,178
4063,0.06430319236483228,0.03186434978829311,0.07488238742689646,384,-0.09982117982121963,113
4064,-0.11930312620461336,-0.059756375482919566,-0.11930312620461336,256,0.08075365081370478,245
4065,-0.1819869378851422,-0.09107677477788911,-0.1819869378851422,256,0.15459826505846763,180
4066,0.2038367309242517,0.10165204789370819,0.2038367309242517,256,-0.16750448563664122,98
4067,-0.034070685447204596,-0.01713982910729328,0.036625688093749886,156,0.053079419028165375,244
4068,0.16477867887908815,0.08234196544214001,0.16477867887908815,256,0.1449420318963348,300
4069,0.013118273469700625,0.006743372339428788,0.12046637299465601,192,0.0904050414798121,453
4070,-0.08008913110276694,-0.0399254768533126,-0.08008913110276694,256,0.08532521123962056,180
4071,0.04536330145458578,0.022627822292122346,0.200672222142245,128,0.16428704698188312,412
4072,-0.31883577519172945,-0.15910692331848963,-0.31883577519172945,256,0.17302428860023156,253
4073,-0.26328110967207863,-0.13163430884932836,-0.26328110967207863,256,-0.21553563234590456,393
4074,-0.06704770579801789,-0.033253686977786856,-0.08499104409037272,320,0.06565215895025744,181
4075,0.1945764835780892,0.09723499751567033,-0.22729174872216618,128,0.1718413362349338,378
4076,-0.036716451922245597,-0.018165280225900915,-0.036716451922245597,256,0.05030856521585747,141
4077,0.19063156205589848,0.09507053977404212,0.19063156205589848,256,-0.1740160985415855,119
4078,0.16107269619752174,0.0803098341341979,0.16107269619752174,256,-0.09972573793587003,238
4079,-0.137198727723586,-0.06846572824758823,-0.137198727723586,256,0.09475823523865756,182
4080,-0.08984680270219769,-0.045110798628059,-0.11919933464861288,384,0.11910619906795716,117
4081,-0.2985439935283125,-0.14921010247945787,-0.2985439935283125,256,0.21642614721642417,229
4082,0.02976878141660677,0.01508151357077736,0.15878374350104707,128,0.10209423807003759,389
4083,0.06418817689257139,0.031857275931088225,-0.07772690409018423,336,-0.10602910719873648,153
4084,0.11127364710043253,0.05580212363912551,0.11700144540884594,384,0.10888259309285786,408
4085,0.03613167807898776,0.018176932445840066,-0.20916539199072304,448,0.14236593117090024,313
4086,0.14191833353677907,0.07118834634778182,0.14191833353677907,256,-0.14107385136850326,206
4087,0.11270957795863978,0.056400512994457586,0.11270957795863978,256,-0.09603208230194582,212
4088,0.17126220766181177,0.08579541101011046,0.17126220766181177,256,0.13551651036215162,344
4089,0.02660442821931497,0.013316311175088913,0.10614561168677028,320,0.10507519298488432,461
4090,0.10709383580521603,0.053584208170008196,-0.11869210623319759,384,0.11034665848268332,299
4091,-0.22258589120784222,-0.11122337228030688,-0.22258589120784222,256,0.15567025872238105,243
4092,-0.032885099177661914,-0.016349143230769414,0.3332302844584518,128,0.18927447049878765,140
4093,0.2255415631867379,0.11300586947047009,0.2255415631867379,256,-0.20157330479992197,166
4094,0.10257638558235271,0.05163599244968964,0.11674443635862986,64,0.14467313804902915,337
4095,-0.05020832955349874,-0.025069219308505808,-0.06863203640669013,64,0.06914321117591271,175
4096,-0.0010672260891055885,-0.0002323442662088837,0.21535041129047272,128,-0.136183354849436,373
4097,0.42361539552769045,0.21169561724121877,0.42361539552769045,256,0.2473415659205216,328
4098,0.13860696355092728,0.06948870502824889,0.13860696355092728,256,-0.09670506105086929,228
4099,-0.019243043125555914,-0.009629058124914991,0.09929498060114383,448,-0.06917430429120941,311
4100,0.09645470274540457,0.04849162767689563,0.23701795144472726,128,-0.16830099047903957,116
4101,0.06260084266074273,0.031411836630809375,-0.09747921254086123,128,-0.10191902641966522,164
4102,-0.052522943717349335,-0.026253873863907984,-0.161366445036208,384,0.11020735452865438,99
4103,-0.15430709050812652,-0.0772080051806654,-0.15430709050812652,256,0.1663374957677206,170
4104,-0.15608208340483998,-0.07819558304066732,-0.15608208340483998,256,0.09707332030552607,121
4105,-0.20645771655239287,-0.10308214662373416,-0.20645771655239287,256,0.15882343434236645,224
4106,-0.15823447213969644,-0.07891238877246565,-0.15823447213969644,256,0.10012681565748949,191
4107,-0.360986868952466,-0.18073038399654706,-0.360986868952466,256,0.2940106254756927,157
4108,0.18735079811594346,0.09337961440195386,0.18735079811594346,256,0.11466338754667049,464
4109,-0.06778801606174056,-0.034050469592955324,-0.1469786225112557,384,0.13075764692017344,115
4110,-0.2961158768400196,-0.14789194902328973,-0.2961158768400196,256,0.26901693668531834,176
4111,0.3063610154000287,0.15329326004157906,0.3063610154000287,256,0.2173348070231782,284
4112,0.07728770503348414,0.03863910157815553,-0.10439741434686312,336,0.09601132876065321,367
4113,-0.05549925350337048,-0.027695608841668218,-0.14602256404384661,384,0.13361000975655202,99
4114,0.22943945663254794,0.11457178492827325,0.29815280627539664,128,-0.21930573867763314,124
4115,-0.004500781027161338,-0.0023555729917461576,0.08255009066522234,384,0.05957891161313,148
4116,-0.21423629655771492,-0.10679262821392399,-0.21423629655771492,256,0.15323049064394922,163
4117,-0.26725042785946584,-0.13335356183497993,-0.26725042785946584,256,0.15176376688160076,236
4118,-0.179436424815691,-0.08980509734337261,-0.179436424815691,256,0.154143651573321,178
4119,0.055126256176492916,0.02756370269756303,-0.12869386113648318,128,-0.10595622108763791,208
4120,-0.12282537874719424,-0.06153051275603616,-0.12282537874719424,256,-0.09636589599227818,395
4121,-0.07719724353574975,-0.03869445038498043,-0.08651682066196287,64,0.08619026854947265,185
4122,0.11473965635775585,0.057345093805849956,0.11473965635775585,256,0.09688533070840322,413
4123,-0.15810147001550945,-0.07904427206096898,-0.15810147001550945,256,-0.12562236016810857,337
4124,-0.10873033857322412,-0.0542835858452122,0.22892407802626735,128,0.15102012691926348,135
4125,-0.12493800217575313,-0.06250283963763081,0.14439161658862076,320,0.1529149940629111,213
4126,-0.04482125039794482,-0.02244514263739461,0.1024201592741747,384,-0.07316206156758653,303
4127,0.016981048821861577,0.008793147450489869,0.10209934050544689,288,0.08252315501653129,480
4128,-0.23906022359599888,-0.11974244642729559,-0.23906022359599888,256,0.17489042415593303,245
4129,-0.043840936700405564,-0.02190621808719584,0.20256503046186936,320,0.13488524666084345,225
4130,-0.06704740620338612,-0.03340653768080415,0.229101808641758,128,0.17580658211898026,137
4131,0.17431690427258673,0.08709058050743579,0.17431690427258673,256,-0.14871794357352996,206
4132,0.1795127004668302,0.08952638910113819,0.1795127004668302,256,0.13107717216132642,386
4133,-0.12308864990455959,-0.061951272509475075,-0.12308864990455959,256,0.0890762028318477,103
4134,0.04339857853526041,0.02150356707437595,0.05640962959029139,352,0.07359337206270311,293
4135,0.2220888462543371,0.11115874925928892,0.2220888462543371,256,-0.16980008443971428,238
4136,-0.38033568359466585,-0.19003773055447937,-0.38033568359466585,256,0.2340819235298568,207
4137,-0.16120544945243864,-0.08048608257985279,-0.16120544945243864,256,0.15530179610706796,169
4138,-0.03534657389229778,-0.017722361886114868,-0.20420438199820978,192,0.15340855661636965,180
4139,0.033730274833516205,0.017152340464974714,0.06427276655398373,160,0.06904517406388777,354
4140,0.15527634963217452,0.07751361935817158,0.15527634963217452,256,0.10322005521192068,276
4141,-0.18654785406835117,-0.0934027488299023,-0.18654785406835117,256,0.14299500334820436,212
4142,0.15638017903046375,0.0780204009996055,0.16415775253278753,384,0.12091938825062698,384
4143,0.1037558890687933,0.051869977077956264,0.1880065615596891,128,-0.13878261027633698,124
4144,-0.12293527446348662,-0.0617972622602565,-0.12293527446348662,256,-0.12049190157705425,331
4145,0.10554824610935043,0.05283439366246512,0.10554824610935043,256,0.07150937061913964,270
4146,0.1348947815182555,0.0674157617274318,0.1348947815182555,256,-0.10270454855128719,213
4147,-0.022338501983625747,-0.010932231655885971,0.08236748807587446,336,0.09435933680931896,81
4148,0.01153756587794419,0.005645209959197928,-0.13900163159013346,320,-0.08915374667091669,82
4149,0.005951646054711546,0.0028643160036949666,-0.19553885982804786,384,-0.1972185766233281,164
4150,0.1880036953580202,0.09403249513164269,0.1880036953580202,256,0.15324535203171763,276
4151,-0.19950698607010509,-0.09963243219019091,-0.19950698607010509,256,0.12553079092629105,246
4152,0.26022522306072915,0.13027433565162028,0.26022522306072915,256,0.2014036787244322,327
4153,0.19028810036297727,0.09510660898155265,0.19028810036297727,256,-0.1440282099096919,183
4154,0.1234836641897914,0.06177131749652176,-0.13117005411498894,128,0.1401639135045798,300
4155,-0.05456882639850846,-0.027459766463948654,-0.17854580467349024,192,-0.11428743418372278,322
4156,-0.08182866897820418,-0.04096952763845252,-0.18121569871671284,128,0.15103384265397324,119
4157,-0.054117563857602136,-0.02685906358104262,-0.13931050992613336,384,0.10560938459488511,53
4158,0.07335593169170807,0.036405740266900466,0.07335593169170807,256,0.0803213614709648,347
4159,-0.1718235859533479,-0.08571109927464704,-0.1760259112720064,384,-0.16896542482550103,416
4160,-0.07233332422094918,-0.0359634245523921,-0.19288847862259217,384,0.12490763888401091,94
4161,-0.07409936565485964,-0.03742779238092453,-0.07409936565485964,256,0.06562819215417903,235
4162,0.012182205447317074,0.006020254436066352,-0.10227492799964466,128,0.07608340495744415,339
4163,-0.043458961898465986,-0.02141571316516888,-0.18866357353095964,64,0.14762180048588647,37
4164,0.2832638292342722,0.14136582672125542,0.2832638292342722,256,-0.16566211865097102,215
4165,-0.03341454583716086,-0.01677711874418719,0.19573059112298097,192,-0.1409476098599498,295
4166,0.1764024952807972,0.08814190240104836,-0.2458711099054085,384,-0.17687843646308465,169
4167,0.05394535944208201,0.027174059968388065,-0.123091303379681,128,0.12466282354296254,372
4168,0.01169877964485977,0.005648598971049523,-0.03922372030854149,272,0.06381261275708994,397
4169,0.14914260945556634,0.07433785114443481,0.14914260945556634,256,0.10227193654054645,266
4170,-0.02059278264394493,-0.010306955220613645,-0.09536463874945866,192,-0.10365104281794402,332
4171,-0.19568616172429643,-0.09746214451251944,-0.19568616172429643,256,0.11283730487005528,249
4172,-0.04896536936499274,-0.024508461019109973,-0.17180273087592468,128,-0.1130057661621322,449
4173,0.12540385358684603,0.06264792849469814,-0.2771427471080017,128,-0.1699493361000748,128
4174,0.03936698744013256,0.019422497813536665,-0.14792232076547407,384,-0.1277206246153355,152
4175,-0.17983514714816806,-0.08952636317255269,-0.17983514714816806,256,0.1298711397554655,190
4176,0.10227449596612814,0.051506240191457664,0.16306062675491972,64,0.16454046483443108,342
4177,0.04735103079514147,0.023549641377996977,0.0806001825373528,160,0.07873225045585741,292
4178,0.10812936259151229,0.05402135304512967,-0.13067039799562963,384,-0.13172028821873027,220
4179,0.03520938122824191,0.017805788921464227,-0.09237294096732285,128,0.09714936344289526,305
4180,0.06555354037749339,0.032439681228879635,-0.11460985106319299,192,-0.09909451624989174,193
4181,-0.02929465376351459,-0.01451231228367078,-0.15586724222691828,128,-0.11687487608384117,395
4182,-0.049597349363864396,-0.024638834975377222,0.053639670203100565,32,0.06032503729954897,184
4183,0.015614228091408222,0.007779719307734467,0.19795582501740938,64,0.14065204191439307,322
4184,-0.31338714815456115,-0.1566993566540873,-0.31338714815456115,256,0.1847424420803634,231
4185,-0.11832432085319056,-0.05938586090417175,-0.11832432085319056,256,0.09997172592638037,117
4186,0.19403518582308266,0.09695860822756686,0.19403518582308266,256,-0.1941705731275647,207
4187,0.25455765933872954,0.12725616617507285,0.25455765933872954,256,0.23328442616974598,356
4188,-0.17345055015456978,-0.08677687615622176,-0.17345055015456978,256,0.13928919666582829,143
4189,0.07931823269547067,0.039991287885669635,-0.12964641961013967,448,0.10245703146119922,434
4190,-0.06814048441069076,-0.033935528833751505,-0.12891956477479027,128,-0.09919513161327131,393
4191,0.02946860826355646,0.014827402118669397,-0.09530956802049673,192,-0.08050768471204606,198
4192,-0.19041088681214546,-0.0952570239514614,-0.19041088681214546,256,0.14820264464185584,120
4193,0.05344926680191975,0.026900833301084504,-0.05916496510468505,320,0.07285559711891665,434
4194,-0.07465639345684849,-0.03721759104999478,-0.20000129303332415,128,0.1426790271601348,63
4195,0.05118304204856372,0.025359666571773687,0.18249663456185772,384,0.11644848692048981,396
4196,0.17114796723532777,0.08530834421577538,0.17114796723532777,256,0.144047534504125,418
4197,0.08129431642385043,0.04074280931155272,0.08129431642385043,256,0.06944628919990237,334
4198,-0.20197648550097824,-0.10117225146038322,-0.20197648550097824,256,0.18293153198493428,213
4199,-0.10488207212137013,-0.05264756441562213,-0.10488207212137013,256,0.12042627062106703,226
4200,0.07651802600540236,0.0379249742935599,0.21512730187163243,384,-0.173654477644547,85
4201,-0.17736070055369169,-0.08853925673483332,-0.17736070055369169,256,0.14219361999204239,199
4202,-0.008429837254453787,-0.004357118419704875,0.3078971203358094,128,0.15932387290115457,137
4203,0.3114743265109041,0.1556751087300654,0.3114743265109041,256,0.18088595841282995,284
4204,0.23221411789154445,0.11629523413438392,0.23221411789154445,256,-0.20270119748147408,210
4205,0.06686820288933859,0.03320171460427446,0.11296616915942082,192,-0.08838893878801457,62
4206,-0.07944578518527123,-0.03979007314424621,0.09397790643845383,96,0.10387284823048049,165
4207,-0.10732067120301281,-0.05350499541813747,0.15623970022294031,64,0.15079693542483597,75
4208,0.07306652547390513,0.03631314778317574,0.11639914391150796,64,-0.10383898969761418,62
4209,0.20973024732552403,0.10480736058741513,0.20973024732552403,256,-0.15880685376731662,186
4210,0.02751622600348469,0.013919303628995294,0.10900659322624051,64,-0.075351528426161,63
4211,-0.08560655086429847,-0.042734507826480694,-0.11602380172007543,192,-0.08951044792530638,332
4212,0.2854582442411129,0.14292209718513504,0.2854582442411129,256,0.17011069595446315,273
4213,0.042726364234113134,0.021358155159077796,-0.06742214471286445,128,-0.07207167008738224,194
4214,0.1331996547419294,0.066605561923609,-0.15748131649696973,128,0.151817705549945,320
4215,-0.2855246640685891,-0.1426963378810342,-0.2855246640685891,256,0.19087023939761139,174
4216,0.07524932771232784,0.03742264259130934,0.14527901658743758,448,-0.1246017980128542,62
4217,-0.20402046456845824,-0.10198704853971208,-0.20402046456845824,256,0.17406664872302713,172
4218,0.06389825420743023,0.031986377791781706,-0.1254368381760287,192,-0.13106586941138687,85
4219,0.04686135836232097,0.023423083031445913,0.08414292846907756,128,-0.10027017537139216,89
4220,0.25668481201438453,0.12813694907140416,0.25668481201438453,256,-0.22421989614088034,190
4221,-0.09859476838070691,-0.049356739435125974,0.2464896368756655,128,0.20961884855012158,160
4222,0.20250953650278802,0.10097583263552679,0.20250953650278802,256,0.14111707000193974,384
4223,0.13482164045592526,0.06717176484147558,0.13482164045592526,256,0.10692658835779412,344
4224,-0.25563466900840126,-0.12759995586011996,-0.25563466900840126,256,-0.15087119651650482,289
4225,0.1330921387818762,0.0664654761853285,0.1330921387818762,256,0.11356649036105182,397
4226,0.10784877700533002,0.05383052775641772,0.12031874553824196,128,-0.1086488596300228,120
4227,0.0737014013121211,0.03686500809567406,-0.12143072885510264,192,-0.09650670414301032,70
4228,0.09709827739635557,0.048631876830256715,-0.10366556308918007,400,-0.1225119733737472,240
4229,0.09285614780046103,0.04639609367461617,0.10805731707651489,64,-0.08126078014272764,51
4230,-0.006318675294124887,-0.0031647361755915426,-0.21774079373915356,384,0.11045816348593007,127
4231,0.26375980852202474,0.13183588409344793,0.26375980852202474,256,0.1610368104401232,292
4232,0.2466141980030443,0.12319779834371047,0.2466141980030443,256,-0.17821124490288298,183
4233,-0.02994573559027458,-0.014878004963577496,0.12228624240049157,320,-0.10302670492984589,286
4234,-0.20953418720321793,-0.10466506021489863,-0.20953418720321793,256,-0.1529055663814347,293
4235,-0.1516604562139321,-0.07606013504806697,-0.1516604562139321,256,-0.13727273353947567,429
4236,0.14774719232923417,0.07373676068800705,0.14774719232923417,256,-0.10574824175580488,161
4237,-0.02641396445235955,-0.013152022931961938,0.1666804921892151,192,0.11969461166417261,87
4238,-0.35949208800477095,-0.17991797774286056,-0.35949208800477095,256,0.21565564774874701,248
4239,-0.20169991989359914,-0.10079722420846338,-0.20169991989359914,256,0.12018484537946961,211
4240,-0.0017447259439791196,-0.0009546892226239834,0.09927155658073161,320,0.07197702481576584,209
4241,0.13888339378596015,0.06949074591352655,-0.25304060724772626,128,-0.16121662756007993,128
4242,-0.29675229367509814,-0.14804223214082413,-0.29675229367509814,256,0.14804223214088097,255
4243,-0.07747624685046617,-0.038816526791492834,0.15536236569025164,128,0.15293702764284944,159
4244,0.07053172675796304,0.03539722094015474,0.07053172675796304,256,0.0710773991418705,434
4245,-0.01188269053236013,-0.005963355718392904,-0.12261520717146368,128,-0.09631110397452858,403
4246,-0.13482206949637998,-0.06720143407085288,-0.13482206949637998,256,0.12450402087239354,240
4247,-0.16425127596008338,-0.08199609174320699,-0.16425127596008338,256,-0.09562218985360005,320
4248,0.03733267474041213,0.018450605373232065,0.10065297355015446,64,0.07211498074184419,354
4249,-0.04135020043494819,-0.020835995620814174,-0.08097762557241595,480,0.06335612496297927,215
4250,0.17323253929077964,0.08627942966666069,0.17323253929077964,256,0.13781584271782776,314
4251,0.024869914240667867,0.012561225625518091,0.09931494457720191,128,-0.08153780738219041,109
4252,-0.11989968886226166,-0.05963927301036165,-0.11989968886226166,256,0.08767625214534291,126
4253,0.39898798959728765,0.1994075421106345,0.39898798959728765,256,-0.2065668666016336,235
4254,-0.05285362549645356,-0.02627396354165512,-0.08652224279464349,208,0.08464396830044052,109
4255,0.23092972586783844,0.11561440377272447,0.23092972586783844,256,0.2356966716152442,362
4256,0.13899243251717053,0.0692696140789053,0.1574845631873245,384,-0.12855386902140253,92
4257,-0.1139745599745936,-0.05664241556473826,-0.1139745599745936,256,0.11079364651558876,206
4258,-0.17188440759113632,-0.08597338063583493,-0.17188440759113632,256,0.1389330548853991,240
4259,-0.21446329048495727,-0.10727779680075855,-0.21446329048495727,256,-0.11523483047346872,259
4260,0.37556257640056856,0.18789459331944158,0.37556257640056856,256,0.22794390670719622,291
4261,0.31022666979032465,0.15501853832279266,0.31022666979032465,256,-0.1605749643127865,250
4262,0.025165416241918592,0.012520069644438081,-0.08161028376662216,64,-0.05277209959800189,192
4263,0.30769549694386455,0.15366210167928784,0.30769549694386455,256,0.16709156759611687,324
4264,0.24052058440037172,0.12015473493943318,0.24052058440037172,256,-0.21859522699725176,208
4265,0.27664777980203326,0.13829967662093168,0.27664777980203326,256,-0.17583069287172748,242
4266,0.3930709556586862,0.1965794433189103,0.3930709556586862,256,-0.25675167697491474,221
4267,-0.20272598997885893,-0.10131643428786674,-0.20272598997885893,256,0.18286824661058176,80
4268,-0.08792310988539498,-0.04407165587912232,-0.08792310988539498,256,-0.08657008922989462,421
4269,0.05504469870271578,0.027484457307366483,-0.07890204935216616,384,-0.11779765525852781,236
4270,0.016967145948456164,0.008515381976508252,-0.11160158383513874,128,-0.07493119615827482,228
4271,0.05590519387999393,0.027557941453380863,-0.10394283343202915,16,-0.12974574402215922,144
4272,0.12576384699485743,0.06282633637971458,0.12576384699485743,256,-0.17521639857162086,154
4273,-0.05280113649527607,-0.026143841823341063,-0.05280113649527607,256,0.05741250365632311,117
4274,-0.0392281103778771,-0.019615944498440285,-0.0392281103778771,256,-0.0433553093769774,346
4275,-0.008818619738235611,-0.004528074242102775,-0.043661696908600334,128,0.03850330635708943,23
4276,0.061984764047025465,0.030874663405768388,0.061984764047025465,256,0.07775055729575797,276
4277,-0.16304054807886814,-0.08177218869673197,-0.16304054807886814,256,-0.1267906506763552,407
4278,-0.1156518549864245,-0.05803522358678492,-0.16855693274840178,320,0.15200349545355607,171
4279,-0.0755988303524191,-0.03798544120866154,-0.15409642177399974,384,0.13699108215976707,93
4280,-0.03760568513132512,-0.018876770679469246,0.07205728134252354,64,-0.06655087330722154,301
4281,-0.06135188234296152,-0.030797779649446966,-0.0875811205876289,288,0.09593209003782022,211
4282,0.01300447144282657,0.006532668151407961,0.08687000884840756,64,0.061769196269040094,329
4283,-0.1116433259069538,-0.05598244939858432,0.19099770152138262,384,0.1685263303395459,145
4284,-0.2589806985001246,-0.1295008523868546,-0.2589806985001246,256,-0.21035182239074857,411
4285,0.4030882339600055,0.20153715588975274,0.4030882339600055,256,0.21673749125733366,257
4286,0.30901363090697487,0.15444734524999149,0.30901363090697487,256,-0.23396883469706609,233
4287,0.1597395464147553,0.07990498942589852,0.1597395464147553,256,-0.11243220394220543,228
4288,-0.03328463578577612,-0.016800772226361005,-0.10294242315234214,384,0.10963672295035565,78
4289,-0.03131167221224018,-0.015426132624213551,0.1256034422028165,128,0.09346351709120881,142
4290,0.20391877483166354,0.10189931073728076,0.20391877483166354,256,-0.14953889683883403,210
4291,0.02430376660961997,0.012247350588978634,0.05347871691728301,192,-0.05508240308127199,52
4292,-0.06733445298470997,-0.033851454612317866,-0.08177757914813988,16,0.08981282201071394,239
4293,0.4506524482972054,0.2255761294404408,0.4506524482972054,256,0.2669247559245491,308
4294,0.08880747841277525,0.04460507337196873,0.08880747841277525,256,0.09776683485029025,294
4295,0.22768586122396073,0.11368272941194846,0.22768586122396073,256,-0.11508344215340571,254
4296,0.38397480744504264,0.1920323600924121,0.38397480744504264,256,0.22374340305151463,307
4297,-0.12319359897611548,-0.06151266234311947,-0.22127306701838734,192,0.15555097624952197,63
4298,-0.006950533168321726,-0.0033582863900960547,-0.07748226774079114,128,-0.0574362172710039,433
4299,0.15188159831191683,0.07616839084624871,0.2517073658852951,384,0.18552151217772916,389
4300,0.027715017515845375,0.013486343472891349,-0.061283979477281036,192,-0.053786508590135895,76
4301,0.008715259854398028,0.004345374866488783,-0.06418464847524774,288,0.06682448241559769,343
4302,-0.122477591275441,-0.06132244972437206,0.18849997338446656,384,0.1627507441633611,153
4303,-0.0942572559600876,-0.04702436498581619,-0.11741516127386831,320,0.09582815428625224,59
4304,-0.09109232735909245,-0.045319708154153204,0.13966019592214707,128,0.15179002874310754,166
4305,-0.1860068906262029,-0.0931226936495193,-0.1860068906262029,256,0.18824954065723887,201
4306,0.055773607367711975,0.027824710626816795,0.11840884343769176,32,-0.10958818107687307,220
4307,-0.13826857703244855,-0.06918589044752821,0.15634375983643167,384,0.13048442486609702,167
4308,-0.03399029243661289,-0.016978341034928235,-0.07855661259506519,128,0.08058098746731446,104
4309,-0.0002205823046210753,0.00010102599401307089,0.17290072403733348,384,0.11248741070778578,394
4310,-0.10429781470497801,-0.05237480157200025,-0.108012632736461,384,0.10787358260219548,113
4311,0.2702059066931213,0.13527120508067014,0.2702059066931213,256,0.16695689051721274,291
4312,-0.1821624317664714,-0.09086321258394037,-0.1821624317664714,256,0.14652646729695107,157
4313,-0.140565766003391,-0.07029043356763509,-0.140565766003391,256,0.12225411702689826,208
4314,-0.02274135490131357,-0.011331062126828328,0.1525061515932009,128,0.11345198841965498,163
4315,0.35786108458825083,0.17888259648037774,0.35786108458825083,256,-0.28968645412643923,148
4316,-0.07826796028538752,-0.03899954836396091,0.1700534311397348,128,-0.1561651945218614,360
4317,-0.17223284930784644,-0.08628041502618089,-0.17223284930784644,256,0.1349767496358254,210
4318,-0.09134684873279753,-0.04543734201027405,-0.14895265024989612,384,0.15499038062512227,93
4319,-0.26165388462015926,-0.13108186729633076,-0.26165388462015926,256,0.18535154612419547,227
4320,0.033067932044957615,0.016627717445857115,0.07786384102476518,64,0.0900718961986513,328
4321,0.0072463089724124075,0.0038121210209283163,-0.04022331275979241,336,-0.037167303345825076,244
4322,0.03159662889939341,0.01575680537808921,0.16210563999598548,128,-0.11765475744314813,94
4323,0.01453218980981319,0.007092928305553414,0.05522886495208468,128,0.04668437294969863,449
4324,-0.017486181103720355,-0.009022771202523927,0.23327503441925046,128,0.12086922216022344,128
4325,-0.31894354269888936,-0.1591595406117392,-0.31894354269888936,256,0.21104050701171673,236
4326,0.05946633056726114,0.029755846083105553,0.10576628248259112,320,0.10720621335138958,338
4327,-0.08794277199166345,-0.04378097539506598,-0.09754451643459561,192,-0.09456607360380076,321
4328,-0.16940959809701894,-0.08502130741038627,-0.16940959809701894,256,0.10553982274474549,121
4329,0.2268445847300029,0.11363591313315169,0.2268445847300029,256,-0.20620144872469837,171
4330,0.20465300851248003,0.10219142224428879,0.20465300851248003,256,0.17343876982613438,394
4331,-0.07572959458167361,-0.038020332650205546,-0.21280570361949458,128,0.1504884036889962,91
4332,-0.0838534044973187,-0.041853138456474426,-0.12038420724945809,192,0.14703587215967673,156
4333,-0.10391906427236108,-0.05199161763087545,-0.10391906427236108,256,0.08540934444866366,181
4334,0.07196146329550857,0.03609030859220752,-0.08584536583460078,64,-0.09122694052521751,226
4335,-0.03443836609633877,-0.017076373539424594,-0.10371628148658374,416,-0.10457234011062155,304
4336,0.06490779039879158,0.03253340905715163,0.06490779039879158,256,-0.07759154520624634,148
4337,-0.0936256862245557,-0.046990203569805544,0.1499277505205896,64,0.12742316959531763,208
4338,-0.016774721344035015,-0.008400324687130478,-0.0568405009934736,400,0.06563988086119821,139
4339,-0.07398718175275576,-0.03715404575439152,0.102683903140246,192,0.12484278130489201,208
4340,-0.09505078971196212,-0.04727305751333688,0.17768698043465747,128,0.12348107792146834,162
4341,0.05934442214862656,0.029503167688744725,0.10274073965968,48,-0.12050392240558949,207
4342,-0.41575959554526776,-0.20768294488766514,-0.41575959554526776,256,0.2226236983026979,233
4343,0.04301300530926255,0.02137949372291814,0.11319383494986823,160,0.08234605345569435,368
4344,0.10378268593797202,0.051940125793692005,-0.16861991534187837,192,0.12950898746373696,311
4345,-0.17566540979393608,-0.08765371586181914,-0.17566540979393608,256,0.14007483043172897,157
4346,-0.1776989715142463,-0.0889165491127244,-0.1776989715142463,256,0.1614880856758134,153
4347,0.005703253606242242,0.0028398941440173076,-0.15747973396059933,128,0.09669911474765058,347
4348,-0.15785561447142982,-0.07913932384491318,0.21196494342092365,128,0.20047018936793393,154
4349,0.4681527265148304,0.23440884954453622,0.4681527265148304,256,0.26926576503308297,280
4350,0.2264631568035611,0.11322829583883731,0.2264631568035611,256,0.1606415755757098,386
4351,0.10694278988412975,0.053584140356150556,0.10694278988412975,256,0.12880022093958132,298
4352,0.23371179453482682,0.11697837870744365,0.23371179453482682,256,-0.16579696479385575,224
4353,-0.15832252423464865,-0.07908956854421945,0.17988939177418217,128,0.1535098336352405,170
4354,0.263882972460749,0.13196304727554775,0.263882972460749,256,-0.20753774642048484,162
4355,0.04446910669526005,0.02226633847860171,-0.18691260842712154,384,-0.16527299467676926,162
4356,-0.004185183786262314,-0.0023929173007672944,-0.08514738967522817,360,0.07758451487809737,87
4357,0.1870884946461615,0.09343866666199574,0.20681050622613384,192,0.1592633426656107,324
4358,-0.175021884479861,-0.08771295460149986,-0.175021884479861,256,0.09813647022551208,237
4359,0.15088257384888948,0.07569688812856157,0.19620967123232447,128,-0.1423626736812622,124
4360,0.10482908778595856,0.052327806316327496,0.10482908778595856,256,-0.12778427352446897,173
4361,0.3723745226789674,0.18586133553594664,0.3723745226789674,256,-0.2009203855099031,246
4362,0.08702840730461503,0.04334828877512109,-0.10558204474023114,384,0.10137422833224718,378
4363,0.24003252423221966,0.11997793583043403,0.24003252423221966,256,0.19627298886342714,341
4364,0.0755837804541386,0.0378875909393912,-0.13558191997344693,320,-0.13744940450106924,195
4365,-0.047796194019952054,-0.024045102846741884,0.18196407550763638,64,0.15229485385214048,65
4366,0.012173732618919075,0.006377978153750519,-0.17746179877190116,320,0.15840568220767182,444
4367,-0.08809946827526005,-0.043945228826117955,-0.1112359575392361,128,-0.10726073474751274,410
4368,-0.2211722645701002,-0.11041430826747956,-0.2211722645701002,256,0.1874158416246985,228
4369,-0.007352606069900958,-0.003646255843250401,0.1075565543775383,448,0.09747203832938567,213
4370,0.1117750437230427,0.05613758945727909,0.14895049572234598,192,-0.15279401707047668,168
4371,-0.13355961638086455,-0.06670075637467221,-0.22372518340995384,384,-0.16868047074535752,395
4372,-0.03993427886825884,-0.019875367498684682,-0.03993427886825884,256,-0.05042461167778356,307
4373,0.2746351061768735,0.13725059094110748,0.2746351061768735,256,0.153629068073883,288
4374,-0.11798175226525132,-0.059099416632847124,0.12080879478870088,96,-0.13615643997201232,345
4375,0.07379691877648042,0.03687731393631566,-0.16525297681283746,384,-0.13244857556216516,134
4376,-0.14872784363160463,-0.0744291723989079,-0.14872784363160463,256,0.11230773700657437,213
4377,0.07019960862976404,0.03522614745580199,0.07019960862976404,256,0.05290725238097593,431
4378,-0.04269627483861882,-0.02106166854781577,0.08330767763547442,128,0.05579770846381393,144
4379,-0.028275802645168824,-0.0142737876902288,-0.0650613220014975,320,0.051544104303800964,63
4380,-0.17376701485594026,-0.08687754341130471,-0.17376701485594026,256,0.17336280418950878,175
4381,-0.07614058532738,-0.037570713710920245,-0.07614058532738,256,0.07617695389204471,113
4382,0.07468615146734692,0.03746832307953696,0.07468615146734692,256,0.08905689480906176,354
4383,-0.052813532351763115,-0.02603260861940271,0.1224823253703562,320,0.1119204273328478,195
4384,-0.14012966750419764,-0.07013813809552971,0.1511653869199847,128,0.13389867418482027,177
4385,-0.12092293906067653,-0.06055128119322717,-0.12092293906067653,256,-0.11047032712241389,295
4386,0.10848797519628306,0.05396147546667862,-0.14685134897875685,128,0.15085668035999333,314
4387,0.29607387660121276,0.14798192847240443,0.29607387660121276,256,-0.22165795566479574,212
4388,0.3087861840099322,0.15443573966777535,0.3087861840099322,256,-0.16183061694826506,125
4389,-0.4493084349300034,-0.22512298715525958,-0.4493084349300034,256,0.24526658724909112,223
4390,-0.3414981147562628,-0.17059014866308075,-0.3414981147562628,256,0.19714723043207982,239
4391,0.061896656796875504,0.03091877583619862,0.061896656796875504,256,-0.05479487022086005,122
4392,0.10898317728668871,0.054290544453238,-0.14122876773120652,320,0.13074932332227718,318
4393,-0.07955050087014115,-0.03944546213236322,-0.07955050087014115,256,0.06914900890626541,119
4394,0.3711260107715475,0.18558245169793963,0.3711260107715475,256,-0.2832570323993764,170
4395,0.01236815229685817,0.006057232593491335,-0.13026504669284122,384,-0.08509843438923781,142
4396,-0.21746705909984598,-0.10855650967337738,-0.21746705909984598,256,0.14289230705983869,206
4397,-0.07935780242638657,-0.03953008273748537,-0.0883815544238189,224,0.14505208373083178,150
4398,0.0035546992801300803,0.00197658348562868,0.16696932961457378,128,0.1075956900268693,394
4399,-0.26929230014852124,-0.1344552432751982,-0.26929230014852124,256,0.2240641841299862,171
4400,0.08360045538719874,0.041595401367771956,0.17653314793273012,384,0.13984935083254868,394
4401,-0.27242376806185575,-0.13619549313153811,-0.27242376806185575,256,0.17332418974004327,171
4402,-0.023799823846161416,-0.011899320565589733,0.15609730693614665,64,0.12695568354746456,202
4403,-0.01281516712893449,-0.006467687377892162,0.08578517361746663,384,0.05870670607694706,160
4404,0.298143420376789,0.14931007083868053,0.298143420376789,256,-0.20562820623874245,234
4405,-0.0775870184797327,-0.03884387670285605,0.11798573312302096,320,0.10692091746727783,113
4406,-0.03985690712627843,-0.020003811830520135,0.25503070805228845,384,0.16520147409030983,135
4407,0.0425562605524874,0.021407714262920763,-0.21028246322248378,384,0.1587658347527281,343
4408,-0.0357291125773429,-0.017825091329370935,0.08164629324807748,64,0.08945572484989839,214
4409,-0.057174493617083044,-0.028690636397300295,0.11711177905948489,128,0.13378703667305558,163
4410,0.004008587511947326,0.0020476722663147484,0.09578425789544553,48,-0.07773626506157427,111
4411,0.00042337881785670106,0.0001341680921882471,-0.07792411867683313,128,0.05539602723058579,370
4412,-0.10661985537655028,-0.05334423225102114,-0.10661985537655028,256,0.09490405943947167,240
4413,0.06567213345263667,0.0325055077822185,0.18977437806944408,384,-0.13411401984377846,116
4414,0.05134584319461055,0.02569928041916114,-0.2857137449074827,128,-0.20385240741219945,148
4415,0.05597018828581213,0.02779385694168468,-0.11207352446837149,192,-0.10902195202746157,207
4416,0.044358362568601706,0.022248549505832216,0.21926353285562072,384,0.14380512349021046,393
4417,-0.17513114542785502,-0.08769275319261283,-0.17513114542785502,256,-0.16554001191661882,362
4418,0.03489442322506875,0.017360974340761004,0.08725409668466,128,0.08331442681389944,419
4419,0.11431228374371472,0.05697057687581264,0.11431228374371472,256,0.11674034603117889,438
4420,-0.15791061066084922,-0.0787700276700889,-0.15791061066084922,256,0.10620149736226381,219
4421,0.12378626116299074,0.061907827040784014,0.12378626116299074,256,-0.12720552303053978,172
4422,-0.18079992264853217,-0.09070432003045426,-0.18079992264853217,256,0.11571279231733911,236
4423,0.005367979037544046,0.002425966810903901,-0.14095235952930807,384,0.08431379153222451,366
4424,0.08717959166298783,0.0437744610412949,0.15849841470753745,384,0.12212490737215376,391
4425,0.033216677446660015,0.016671736935336412,-0.07554243404814542,448,0.08854534415200987,302
4426,0.02564576291274534,0.012964962858092122,0.11789278060707886,128,-0.11746742375851937,50
4427,0.011479607308359618,0.005538357124578397,-0.0648798032748914,288,0.06820972707515693,408
4428,0.004748572115971683,0.002409463975993731,-0.0808799645605518,168,0.06797757405149696,295
4429,-0.24601647454218778,-0.1227614704981761,-0.24601647454218778,256,0.14058544341355628,211
4430,0.02291396789985356,0.01122643573643245,-0.13961323713010643,128,-0.10027514933165094,141
4431,-0.09234740322781931,-0.04589506845562141,-0.09234740322781931,256,-0.09263981325267423,409
4432,0.06972467115397762,0.03486661569075977,-0.16732485793511387,320,-0.14710006327726433,196
4433,-0.025023887166469194,-0.012618673424412918,-0.09001139980543371,64,0.09115863557002513,171
4434,0.06325680039901727,0.03138320055944632,0.11553813257997092,64,-0.11922463927152194,189
4435,0.2587977732382569,0.12939888430457813,0.2587977732382569,256,-0.150041827599523,214
4436,0.30178427820649745,0.15101329016590626,0.30178427820649745,256,-0.15834091041396903,126
4437,0.17654275924437002,0.08807814013078996,0.17654275924437002,256,0.14433735231153833,298
4438,-0.095434950245334,-0.04754993999253543,0.09859141724959386,192,0.08198968726449607,195
4439,-0.03501422774095886,-0.01739228262087522,-0.05299504091783547,128,0.06978446265436844,89
4440,-0.2692558942254948,-0.1348710356213303,-0.2692558942254948,256,-0.15554010144751373,283
4441,-0.3418951847455105,-0.17087277758304253,-0.3418951847455105,256,0.19225878265876872,212
4442,-0.0187774628047066,-0.009117589089385092,0.10716174099650289,32,-0.08839935648080655,341
4443,0.040184465421418736,0.01991708039298601,0.22446465850282493,128,-0.13959612086337359,123
4444,0.05762626835678475,0.028613267608193382,-0.13028570223900715,288,-0.12682508865714226,113
4445,0.336823843009455,0.1686166906385722,0.336823843009455,256,0.19654763612072657,262
4446,-0.10007941732311565,-0.050124013508110465,-0.10007941732311565,256,-0.0810577466892255,481
4447,-0.21264019606701368,-0.10605335220225243,-0.21264019606701368,256,0.152301931932044,216
4448,0.16351078646934525,0.08176658461346165,-0.16711711234046334,352,0.17413743350692812,348
4449,-0.012985674574508721,-0.00657166480931437,0.1866203579234167,128,0.12137957422444856,133
4450,-0.06476842293739082,-0.03239957884636624,0.15803645712334458,64,0.13851388005234355,115
4451,0.31841874478831755,0.15932576610504157,0.31841874478831755,256,0.2713539958768365,306
4452,0.17387751509417626,0.08656878861626183,0.17387751509417626,256,0.11080509833942642,282
4453,-0.1285709456391544,-0.06422809404210739,-0.1285709456391544,256,0.10693924984329328,197
4454,-0.19767796366966195,-0.09886340730383836,-0.19767796366966195,256,-0.14254176384292805,401
4455,-0.16504542827800606,-0.08256929354021736,-0.16504542827800606,256,0.17995321779883966,229
4456,-0.4527181663919748,-0.22651768832480457,-0.4527181663919748,256,0.24339393965328782,249
4457,0.12280444453659811,0.06160518952808047,-0.15704766020195393,192,0.14061649016878164,425
4458,0.040749718811269986,0.020435838577242293,-0.14845366212571776,128,0.11452660506608936,363
4459,-0.14122325862800267,-0.07074675975340483,-0.165815498677091,192,-0.15114190992034082,323
4460,0.07349954325567865,0.036863274819694425,-0.2432694209723394,128,-0.16559028020611777,142
4461,-0.15770146433987975,-0.0790483947642997,0.17732092866430094,384,0.17648449277101008,139
4462,0.5388257695526022,0.2692281308191582,0.5388257695526022,256,-0.3571506091636252,194
4463,-0.1489365249260004,-0.07429810699179029,-0.1489365249260004,256,-0.13700549072331114,343
4464,0.03420404256476672,0.016960060198130122,-0.11953515876984966,448,-0.09780195986226659,193
4465,0.0008100572387661487,0.000594132654924806,-0.09804177301271011,448,-0.08146125048591557,208
4466,-0.0793873267061258,-0.03976569979869282,-0.0793873267061258,256,0.0955483194581177,77
4467,-0.2224570087984432,-0.11125845630820663,-0.2224570087984432,256,-0.12210984897922117,259
4468,-0.20835123022879998,-0.10392776502024503,-0.20835123022879998,256,0.20276412751991302,185
4469,-0.028355384908309134,-0.014222809225600486,-0.0473717632618218,96,0.040340186927736,94
4470,0.07454151257590524,0.03749871974284247,0.20090187269826743,128,0.1525312828929941,412
4471,0.28374725767861264,0.14190441630088912,0.28374725767861264,256,0.18282651053073096,274
4472,-0.3569716274400605,-0.17817079490424703,-0.3569716274400605,256,0.23190692809953362,171
4473,0.12047737137856984,0.0600937765578351,-0.12974413429299148,384,0.1599865732856074,354
4474,0.6337469752209586,0.3169974695822191,0.6337469752209586,256,-0.3604668521452936,225
4475,-0.07155934753544102,-0.035714623906017096,-0.07155934753544102,256,0.062465043953153554,187
4476,-0.007224081254690873,-0.0035748582592134426,0.1726051361936527,128,0.11646008998090451,195
4477,0.03386061908497595,0.01691857919757922,-0.06404338407560317,352,-0.0886373241822298,170
4478,0.16874400640898557,0.08426501971922562,-0.1836143624842208,128,0.2054978633140081,328
4479,-0.008040737424522604,-0.004007392673969434,0.2850809973563173,384,0.14455717105342103,128
4480,-0.16906223981973767,-0.08461304476199416,-0.17174572771943986,384,-0.1403602771297301,396
4481,0.0532842654111505,0.026693144504037036,0.12030638237286695,64,-0.1087519117644149,190
4482,-0.026218618260486437,-0.013117652973392069,-0.04283999016661255,288,0.03705302002283872,87
4483,-0.3792374907945373,-0.1893524218257312,-0.3792374907945373,256,0.2495589649419685,214
4484,0.23085701951390547,0.11540353216122412,0.23085701951390547,256,-0.1640316336005867,227
4485,-0.34574957470331924,-0.1728116275766638,-0.34574957470331924,256,0.2421726254094949,219
4486,-0.0067067869227912524,-0.0034690219147819334,0.12829938196739477,64,0.14205782678244816,91
4487,0.05182019237906843,0.02557185463922451,0.05182019237906843,256,0.06430725139352944,282
4488,-0.13977341349030326,-0.06994454561677799,-0.29967488588268054,128,0.22128088413580826,104
4489,-0.23503943750355916,-0.11739578532763062,-0.23503943750355916,256,0.14830311749844327,124
4490,0.09251938366116974,0.04614813686185926,0.10118586298858645,352,0.10173274238974273,288
4491,-0.22901651335166662,-0.11464698223198866,-0.22901651335166662,256,0.15192665042090425,185
4492,0.22114737392951156,0.1103445621011474,0.22114737392951156,256,-0.1533021597311972,209
4493,-0.39039345875147546,-0.19497751071665448,-0.39039345875147546,256,0.27370562174388624,191
4494,0.17561425540986875,0.08804064404210976,0.17561425540986875,256,0.15119410907408337,283
4495,0.22431346815062625,0.11224146842491223,0.22431346815062625,256,0.13074096900777477,374
4496,-0.11106304557603153,-0.05554357311689273,0.12933020446797627,384,0.10888037069003076,178
4497,0.3611598261472295,0.18081939640285327,0.3611598261472295,256,0.2185915461004697,271
4498,-0.17144062455159315,-0.08575394426449634,-0.17144062455159315,256,0.15149526460416496,197
4499,0.01067762062277211,0.005288127875587634,0.18176723734555367,128,-0.13015365761441444,82
4500,0.04258307717989851,0.021244904019624755,-0.1384080194762305,64,-0.13227809210782482,84
4501,0.13902673192268367,0.06945302175648749,0.13902673192268367,256,-0.12943588781129733,204
4502,-0.15705406134603095,-0.0782148593467582,-0.15705406134603095,256,-0.10079427808227592,320
4503,0.037209170566939065,0.018503849582202747,-0.1340650941708077,64,0.12529189839256105,405
4504,0.006265670044683702,0.0030727042000080473,-0.10295333210592617,128,0.08292288254079949,338
4505,0.3678685047131012,0.18406361166023544,0.3678685047131012,256,-0.20212986513422493,242
4506,0.29360211626072896,0.14665336206405755,0.29360211626072896,256,0.18701491938981007,307
4507,0.04871499578763405,0.024309527044749757,-0.22294706650342277,192,-0.1356209881590189,192
4508,0.1191285615597053,0.059427891417954015,-0.13913893840947367,192,0.11941555676611415,440
4509,-0.028567888379200213,-0.01419062582530728,0.06326000494215123,192,0.07707260301719998,217
4510,0.0394704183799206,0.019782223749047034,0.21384879580507743,128,0.14424353642220922,452
4511,-0.0828819759320254,-0.0414833664138996,0.09896580095949048,128,0.13500166582500128,152
4512,0.020181914952587476,0.010238003548607821,-0.08966057749216816,160,0.0721446086109836,469
4513,-0.09736130014243827,-0.04876771062976104,-0.1368849297703747,128,0.12778481329497993,88
4514,0.22136274715532522,0.11088368498656109,0.22136274715532522,256,-0.1727385302567086,188
4515,-0.20553534691575237,-0.102686978437589,-0.20553534691575237,256,0.13340579882813586,195
4516,0.006775018624239237,0.00325290486580343,-0.10996207331169217,128,0.08259349520801607,364
4517,-0.22864612422583264,-0.11440319428152179,-0.22864612422583264,256,0.1401067855117617,231
4518,0.1008777309156983,0.05034643264212946,0.1008777309156983,256,0.09354711286437123,310
4519,0.002608993124852077,0.0016396937159015579,-0.09352143386183798,272,-0.07826712379161904,120
4520,0.10364046999535503,0.05194432647834901,0.10364046999535503,256,-0.07517467335185302,231
4521,0.11590296154759017,0.05813524712939966,0.2181658051250679,128,0.13990733355484508,386
4522,0.0021395656420679643,0.0011155601991674757,-0.12760232406827754,64,0.12386496122951485,426
4523,-0.31767167877433167,-0.158727300082802,-0.31767167877433167,256,0.2160539790386622,165
4524,-0.13072058754534055,-0.06542345482185397,-0.13824846573351124,128,0.1392411787847152,107
4525,0.2745625857386642,0.13729458882019685,0.2745625857386642,256,0.1857237066565176,272
4526,0.05461455487767353,0.027413071823360724,0.11296232908227921,368,-0.1091969387977656,110
4527,-0.10037352072234285,-0.05000263841546371,0.12141129788804506,128,0.132461609886235,174
4528,-0.2649983321782656,-0.13232537710939596,-0.2649983321782656,256,0.17467155439561566,241
4529,-0.19055012333041077,-0.09546510532231878,-0.20782145642880323,384,0.15183332453274545,127
4530,-0.22072228113984238,-0.11053623912800958,-0.22072228113984238,256,-0.1490877495880909,337
4531,-0.014617020552918802,-0.007482787074764019,0.09290403036550288,384,0.06260928477686889,129
4532,0.1610350636429132,0.08056575708144464,0.1610350636429132,256,-0.14801986635734465,213
4533,0.03152083736168265,0.015559166723733142,-0.07903359725696646,384,-0.1207837749447549,166
4534,0.1087721965470223,0.054248099616870604,0.1087721965470223,256,0.0859164226668554,339
4535,0.19667770436521437,0.0980969848985751,0.19667770436521437,256,0.15325220083826707,295
4536,-0.05919174466149002,-0.029574966274282133,-0.10076275517997857,64,0.09026508346747164,45
4537,-0.03675654687597785,-0.01805565216324112,0.13840606168494674,128,0.14060684362519282,178
4538,-0.06802865177562012,-0.03386395004667975,-0.09548571881339285,128,0.07510520071899407,120
4539,-0.1416829301943494,-0.07046767470816917,-0.1416829301943494,256,0.12565311013921132,231
4540,-0.11247119978932574,-0.056017158931922495,-0.11247119978932574,256,0.0986689902811122,155
4541,-0.0708443054709278,-0.03539336733555842,-0.22835543589525287,384,0.1487745974494743,106
4542,-0.19278025018275002,-0.09620972550152374,-0.19278025018275002,256,0.14341791490704736,187
4543,0.00046716301429228224,0.00025018962605827255,-0.03409399627520315,202,-0.03886896208462076,146
4544,-0.01683043177732202,-0.008593477802094185,-0.05203044408025903,128,0.055779497040873594,99
4545,-0.009286344834436022,-0.004656363055005386,-0.18921974156489796,384,0.14428710795186817,106
4546,-0.04711827033941063,-0.02356781208487746,0.19459138526241304,384,0.18354504382119785,157
4547,0.2773773865516205,0.13865581900734014,0.2773773865516205,256,-0.14489511352763884,245
4548,-0.14751122907287595,-0.07376046231533451,0.1924332869285763,320,0.17660816600442786,202
4549,-0.41865325571436074,-0.20927086092572722,-0.41865325571436074,256,0.2450097352762839,211
4550,0.1290600338229524,0.06450385095405409,0.1290600338229524,256,-0.10478876953234817,211
4551,-0.16171716247535528,-0.08104304833312881,-0.16171716247535528,256,0.11913489708933866,251
4552,-0.06367604793240389,-0.031998609684364965,0.07764956896176045,384,0.09980530551507627,150
4553,0.043719725915877916,0.021854407069838544,-0.06181709206725827,384,0.05510863315436154,372
4554,-0.155652674110911,-0.07795722617620982,-0.155652674110911,256,0.11916098698455357,180
4555,-0.06904716243349185,-0.03457527089261703,-0.07524723956295531,128,-0.08021758706831861,391
4556,-0.37778157282181724,-0.18889437332506986,-0.37778157282181724,256,-0.2190804633322614,277
4557,0.15586302831090393,0.0778604494701085,0.15586302831090393,256,0.15216236233789004,351
4558,0.19764466100906475,0.09870442607211771,0.19764466100906475,256,0.14042805919785906,388
4559,0.030735186534485592,0.015529349056293995,0.1574765302717651,64,-0.11623248736919578,58
4560,0.14161234906725895,0.07053674091218909,0.22117909508206424,128,-0.14721627585008434,126
4561,0.0702170819605783,0.035401233979172275,-0.17132121174441295,128,-0.140655338391241,147
4562,0.08859121805653558,0.044335685453091855,-0.12341513086016676,320,-0.15656286149337006,212
4563,-0.09954967395211156,-0.049895302978995915,-0.09954967395211156,256,0.09324176476565071,210
4564,-0.4098408262597104,-0.20481599189500344,-0.4098408262597104,256,0.25353481110778375,127
4565,-0.219844082463851,-0.10979932271771986,-0.219844082463851,256,0.1256087583346357,190
4566,-0.0629921948547576,-0.03148475538861817,0.3278810275591013,128,0.1993408489987587,138
4567,-0.0035596987607107167,-0.0019043348538048122,0.1626931804980245,192,0.10143323918094893,67
4568,0.1813750360964832,0.09044101943078431,0.1813750360964832,256,0.15714256311156305,419
4569,0.2701387563397759,0.13508711072051938,0.2701387563397759,256,-0.16103481275990816,204
4570,0.17803288186772193,0.0891641371952403,0.17803288186772193,256,-0.12050712133776642,166
4571,-0.029971748844303647,-0.015093554207282978,0.062330192147612706,320,0.06245344969772759,212
4572,-0.04736003159294455,-0.023579521499755174,0.11291867292528934,64,-0.12833636445060392,301
4573,0.23886696547361908,0.11943487814389186,0.23886696547361908,256,0.21009106015793577,424
4574,-0.05230566033904438,-0.02635869800508317,-0.11769081322321995,192,0.11186860727494263,57
4575,-0.04950222111676794,-0.024806870349664223,-0.06671728155265555,384,-0.06820199083614398,425
4576,-0.1684592801113638,-0.08404025845732122,-0.1684592801113638,256,0.1521931995212924,216
4577,-0.06751917455892453,-0.03375131446915702,-0.2408836014198954,128,0.20630875850199004,69
4578,-0.03611290230577424,-0.017848897131813146,-0.1053506899136778,384,0.10292437412135769,115
4579,0.1476822756199283,0.0738318741990156,0.1476822756199283,256,-0.10077634705226046,78
4580,-0.12283166194592354,-0.06153229394865889,-0.12283166194592354,256,0.11979233738586004,163
4581,-0.05865016077692076,-0.029370684953306636,0.12456475492611219,64,0.13038826882674925,196
4582,-0.1761665375141206,-0.08816411127332913,-0.1761665375141206,256,0.13627454945168438,202
4583,0.043728761036049946,0.021703484697070508,-0.06498426713022809,416,0.07654210901887382,349
4584,-0.2385652324541354,-0.11930342026377616,-0.2385652324541354,256,-0.1505401664103374,327
4585,0.16160002817002805,0.08038390137335227,-0.24004498470986846,128,0.19056646703148772,373
4586,-0.021504675414917074,-0.010751195131945224,0.17501868518280617,448,0.1500220346975425,201
4587,0.1990988535617646,0.09986634215914592,0.1990988535617646,256,-0.12619653056626134,182
4588,0.12800463503873516,0.06403465667784758,0.12800463503873516,256,0.12081922846039106,357
4589,0.14159570834269175,0.07062627587589532,0.14159570834269175,256,-0.1202839754383831,168
4590,0.1736830082505776,0.08670512156936638,0.1736830082505776,256,0.09504733691068168,322
4591,0.001742402365266571,0.0008247490898156684,-0.09842962717004866,128,-0.08361330799922939,152
4592,-0.05669937272023162,-0.028621223505297166,0.10189806583344208,32,0.10114822554668024,99
4593,-0.2597834643822239,-0.12988531017271043,-0.2597834643822239,256,0.15014643170871977,242
4594,-0.05696603102990139,-0.028449839134566446,0.0973070545290966,384,0.0886847891486866,162
4595,0.034911696661083624,0.017381205330195826,0.042503681765708734,320,-0.06300425013171207,166
4596,-0.18520073415785987,-0.09274549503081175,-0.18520073415785987,256,0.11576353682448826,189
4597,0.11741954351163031,0.0588673449351802,0.11741954351163031,256,-0.08164669592508744,145
4598,-0.05010124090628665,-0.024974950500620707,-0.06684420127254498,384,0.06692757067627042,115
4599,0.0023448431377346424,0.0012757590281466946,0.13180725757570144,320,0.11879828608959997,465
4600,-0.12958024910295762,-0.0649202878692563,-0.12958024910295762,256,0.11204346035813728,148
4601,0.20817661684094446,0.10405595447070937,0.20817661684094446,256,0.11505531082207199,261
4602,-0.14373444713450567,-0.07191586037035336,-0.1613464317926514,448,0.13551556720156555,186
4603,0.07648272703045222,0.03815440646883417,0.09145806725962302,320,-0.08139000614161773,174
4604,0.04185749266889616,0.020981780459351285,-0.0820466907109676,448,0.06151191219953489,310
4605,0.026818913380509457,0.013430769662903685,-0.17900164263164697,416,-0.12574333088122103,226
4606,0.01406529567719872,0.006990338921696093,0.11681958681987226,384,0.09943474132836627,419
4607,-0.08409380020293611,-0.042056387191138356,-0.08409380020293611,256,0.06574168166034156,189
4608,-0.1773416449383376,-0.0886778452752992,-0.1773416449383376,256,0.16982674637662853,199
4609,0.016517447546021913,0.008442322821792914,0.07687904846682159,320,-0.09932026418053397,186
4610,0.03423361229837951,0.01723738503639538,-0.15140194401038798,192,-0.13070462264153093,201
4611,0.01644455681903878,0.008441981740730853,-0.13539225363848573,384,0.07802692090990604,301
4612,0.1482974613296335,0.07402625304757748,-0.19265767573878634,128,0.1476843046153249,379
4613,-0.010432118779021948,-0.005592099417185636,-0.07503508339209475,192,-0.050655623424688656,467
4614,-0.13700919177341575,-0.06841536655647928,-0.13700919177341575,256,0.12049661038801673,181
4615,-0.008512180122579593,-0.003943342481534273,-0.13705801132243778,384,0.13466333567774313,78
4616,0.012093114670051364,0.006165734231871056,0.19053562576524996,192,0.11607292118429768,448
4617,0.23868430094199766,0.11939403879486576,0.23868430094199766,256,-0.18549485969816715,153
4618,-0.0009841380841635328,-0.0006721617034486371,-0.11655193823474974,288,0.12441131043073028,146
4619,0.1450680651349785,0.0726368510742077,0.1450680651349785,256,-0.132668181365716,224
4620,-0.055390847910416596,-0.027664951332496912,0.14556149462234202,128,0.14906091332633764,176
4621,0.017977896326499376,0.008956310508210663,-0.13744607077296678,416,0.14347223730885617,346
4622,-0.07610253644108411,-0.038229311785755726,-0.07610253644108411,256,-0.10162317175308999,341
4623,-0.4288371692634598,-0.21421857837412972,-0.4288371692634598,256,0.23721163596115957,247
4624,0.10954013525315531,0.054805073595275644,0.27357518295099226,128,0.1658172793085555,385
4625,0.2160818907514681,0.1081103229660414,0.2160818907514681,256,-0.13870367743763268,122
4626,-0.04960767851108017,-0.02507714154586438,0.09320220139028379,384,0.09267232095382383,141
4627,-0.09693203850497412,-0.04882663830323963,0.12113661301896173,128,0.15369833309006253,178
4628,0.051035243247753215,0.02564696808897793,-0.08295537351335724,448,-0.06910022953894668,200
4629,0.19350317997725597,0.09689853516644575,0.19350317997725597,256,-0.17794422939579135,213
4630,-0.1819906747552693,-0.09081958844919313,-0.1819906747552693,256,0.16104164980633584,73
4631,0.2862723290425606,0.14280779758166773,0.2862723290425606,256,-0.1936307838578557,212
4632,0.2280040182075993,0.1140961460913843,0.2280040182075993,256,0.14536532187065632,284
4633,0.3666960047505654,0.1833005334830773,0.3666960047505654,256,-0.1833005334830773,255
4634,-0.2801622549938543,-0.14008014637278166,-0.2801622549938543,256,0.15281615072041177,93
4635,-0.13534455887443642,-0.06775887985696727,0.21174363894118642,384,0.1875166408764244,141
4636,0.2218593817497947,0.11075633423195086,0.2218593817497947,256,0.1503416219413225,448
4637,0.014069977057914684,0.00705664967384223,-0.09829648389575141,128,-0.0998674482357842,178
4638,-0.24058454239440152,-0.12062726142568181,-0.24058454239440152,256,0.1589126803616523,203
4639,-0.22320883051648366,-0.11144629157274721,-0.22320883051648366,256,0.16011351949541108,181
4640,0.24163136886573966,0.1206369801824394,0.24163136886573966,256,-0.17100924940956475,217
4641,0.00638080653243378,0.003260087634089359,-0.0727798558218069,320,0.06820904605393707,407
4642,-0.043090015188624875,-0.021415510233794066,0.14008078050797224,128,0.1264948467299689,229
4643,-0.19080182014229763,-0.09551785969418347,-0.19080182014229763,256,-0.1432518063961652,292
4644,0.08339607042336183,0.04181398354984367,0.1374988099165364,128,-0.10049311732595356,125
4645,0.0012349368435309316,0.0005704362811798092,0.13199926385812688,64,-0.0841903598311049,51
4646,0.208104385294007,0.10421354458767951,0.208104385294007,256,-0.10808654417286334,249
4647,-0.2180357354150999,-0.10892192062547679,-0.2180357354150999,256,0.1369722108888709,207
4648,0.19118875155533033,0.0957337567529919,-0.20021861625235715,384,0.19441970717429058,301
4649,-0.3269621230487303,-0.16321643315268375,-0.3269621230487303,256,0.21286844314175823,231
4650,-0.23767341613626058,-0.11878374415786652,-0.23767341613626058,256,0.14601022785825535,247
4651,-0.24242223286691456,-0.12132937712058833,-0.24242223286691456,256,0.1918865377993484,224
4652,0.1351293166823666,0.06734594331311428,0.20099235349880473,384,0.14518068717200094,389
4653,-0.021181447625878036,-0.010785960105920367,-0.18955595348342058,384,0.12150433421550133,101
4654,-0.26810256563712187,-0.1339966590086874,-0.26810256563712187,256,-0.1533099924936323,324
4655,-0.11608606729933513,-0.0579651958707359,-0.11608606729933513,256,0.1094827607613098,84
4656,0.1321484511005906,0.06630707776017175,0.1321484511005906,256,0.08553740699056789,332
4657,-0.1401508727401506,-0.07043293767293335,-0.1717865442924449,128,0.12653879522345335,126
4658,-0.2664037482327899,-0.13336542415660801,-0.2664037482327899,256,0.1911853498299365,147
4659,0.08863369770193685,0.044443600292026986,-0.28239542219324676,128,-0.16599016389966437,162
4660,0.09268984926131907,0.04664128181343585,0.13258925423525625,64,-0.1680737452464598,164
4661,-0.19906110820517142,-0.09920875633781634,-0.19906110820517142,256,-0.15312325291029083,389
4662,0.3583417338511481,0.179303191742207,0.3583417338511481,256,0.24010711850405642,282
4663,0.0013069339185847184,0.0009229333865050648,0.20452562440812017,128,-0.14065035485197086,83
4664,0.1549669234450448,0.07745174410950995,-0.16631937168676814,384,0.15681866374853826,366
4665,-0.11499704199633243,-0.05729560611251827,0.24657797565737383,128,0.20765309092712414,158
4666,-0.05163944683857835,-0.025648443468128335,-0.05914190446065959,416,0.06895163673425486,202
4667,-0.05942304444624824,-0.02999586323778658,-0.2447596409747348,128,0.14301485058038566,119
4668,-0.14733751236505555,-0.07371016856470192,0.1745086883345266,384,0.14879807052361116,182
4669,0.37147801834504435,0.18576199216352052,0.37147801834504435,256,0.2741844077057749,318
4670,0.07360122218864262,0.03715698178794469,-0.1011148121332397,64,0.08107794388348566,413
4671,-0.06002216988230202,-0.029994810872437938,-0.06002216988230202,256,0.0801178733705683,209
4672,-0.18319144804337384,-0.09162936304133495,-0.18319144804337384,256,-0.1255794688536298,385
4673,0.14776340767747342,0.07387818715471894,0.14776340767747342,256,0.11436606087363543,408
4674,0.38276256073123704,0.19126866331077963,0.38276256073123704,256,0.22334430037341235,342
4675,-0.16133294973482748,-0.08052586263951866,-0.16133294973482748,256,0.13637297236709855,165
4676,0.04294257339910246,0.02142373418968191,0.043730201624953224,32,0.05942407849170195,357
4677,-0.03219815045588348,-0.015949723992150666,0.1057428245101164,64,0.14856792784415518,85
4678,-0.30530388237511374,-0.15271285810140967,-0.30530388237511374,256,0.18747006042663372,93
4679,-0.31509742420274733,-0.15748592484519008,-0.31509742420274733,256,0.20064959034800722,123
4680,-0.2530164476073935,-0.12656146590697404,-0.2530164476073935,256,-0.17904449392312927,391
4681,-0.15629640075593443,-0.07845328167337584,-0.15629640075593443,256,0.09127445775976639,238
4682,-0.15008264826045092,-0.07520987185807826,-0.15008264826045092,256,-0.12208294812540998,275
4683,0.18668521107508695,0.09355915447019925,0.22822421349337674,384,0.17472035618169457,396
4684,-0.3774945955216822,-0.1887165862756035,-0.3774945955216822,256,0.22771706005983106,207
4685,0.03781826326093096,0.01885612520942459,0.09451068475544844,64,-0.10417259942983037,185
4686,0.13252852300627183,0.06625254221063415,0.13252852300627183,256,0.14630630806868794,365
4687,0.2802338487806537,0.14017310694023877,0.2802338487806537,256,0.24025385384044284,339
4688,-0.14518464666454634,-0.0727703193670095,-0.14518464666454634,256,-0.0824979725454682,330
4689,0.1766911370779667,0.0883882901865718,0.1766911370779667,256,-0.15440976640755366,154
4690,0.11866576657575933,0.05919198603220366,0.11866576657575933,256,0.09715679406593836,391
4691,-0.1777287260009075,-0.08869808961895842,-0.1777287260009075,256,-0.10430271165063232,259
4692,0.19200484753815772,0.09609561158589486,0.19200484753815772,256,-0.15688951184097277,198
4693,0.022590648412460723,0.011336503914833429,0.09787204676973715,128,0.059118680305573434,396
4694,0.11877841442668569,0.05983867756626182,0.11877841442668569,256,0.09154879854833098,272
4695,0.1103566183884368,0.05505383308485534,-0.11505441953511308,320,0.13138173219135751,302
4696,-0.20779246531421336,-0.1040331427314527,-0.20779246531421336,256,-0.1116761589811972,257
4697,0.208991698338707,0.10422960377542267,0.208991698338707,256,-0.15373502764037994,120
4698,-0.25747040428589685,-0.12897497966474702,-0.25747040428589685,256,0.15797299210743176,120
4699,-0.18513272919591373,-0.09255647883054507,-0.21125242753191742,64,0.17226131711404946,187
4700,-0.05127665912385737,-0.026016330131369614,-0.06347679942956574,320,0.08318581839793637,171
4701,0.21529444153668464,0.10719681189431185,0.21529444153668464,256,0.16847272700181293,304
4702,-0.26240434165256943,-0.13129547603759306,0.28148738684473074,128,0.24129701449962226,193
4703,0.10403559654426431,0.05182102547991008,0.10403559654426431,256,-0.1303441501940199,216
4704,-0.06391743421946217,-0.031966866923568205,-0.09746019012868601,352,0.09202586497627863,94
4705,-0.1985091714595626,-0.09935570918426606,-0.31001299598051446,384,0.2119381090106458,126
4706,0.03586350180464137,0.01793502840172323,0.08636492687801933,192,0.10539690690188763,336
4707,0.0612712639866686,0.03045256376293537,0.06283506204215428,64,-0.07396882204677269,56
4708,0.1368462394973733,0.06869740083541842,0.1368462394973733,256,0.11186226437888536,404
4709,-0.23310465868971164,-0.11674271098229383,-0.23310465868971164,256,-0.18322350242669927,325
4710,-0.0640808960743584,-0.031991892638416175,-0.0640808960743584,256,0.07940539089318577,152
4711,-0.35371616448136933,-0.17683401601101423,-0.35371616448136933,256,0.21741620465616052,118
4712,-0.27436677187151304,-0.1373474717274803,-0.27436677187151304,256,0.18011661805743984,123
4713,-0.02264842035324932,-0.010815005143655299,0.07941064983310753,96,-0.08697705345429085,412
4714,0.05722092430966086,0.02863454816383637,0.27371103609215197,128,0.1511968781370001,384
4715,0.09938048636536223,0.04969142981420305,-0.22424658081308735,320,-0.17048326343314102,202
4716,-0.10320307261804373,-0.05184624916938674,0.15488551553330154,64,0.15763377414774027,194
4717,0.20879605553884062,0.10437205269488459,0.20879605553884062,256,0.11160595911513838,321
4718,-0.018543945839951448,-0.009311427761133473,0.030709608201505034,264,0.0428484044579136,217
4719,0.424222642690097,0.21212467344764718,0.424222642690097,256,-0.2701813328670255,241
4720,-0.15397117706211816,-0.07708514422412804,-0.15397117706211816,256,-0.16348268942334698,297
4721,0.1616114768842749,0.08091413783091639,0.1616114768842749,256,-0.13845840866866865,229
4722,-0.003984903971371523,-0.0019729394642808984,0.10937884654747165,128,0.07677306387560634,149
4723,-0.018925482655902215,-0.009472382564922555,-0.04930689046791059,64,0.052756910991689665,181
4724,-0.14526751173630714,-0.07248188628693697,-0.14526751173630714,256,0.09828765340370182,236
4725,0.08309656137822685,0.0413483086352926,0.08309656137822685,256,-0.08193996126667002,55
4726,0.20338349450656779,0.10163605277108445,0.20338349450656779,256,0.1391708312269202,392
4727,0.031650340151401224,0.015928514158787266,-0.12613786281463035,192,-0.11432274817786947,211
4728,0.316506673626634,0.15852818962810034,0.316506673626634,256,-0.19448491267974077,239
4729,-0.19372182979938657,-0.09693818342714167,-0.19372182979938657,256,-0.12793545494849923,334
4730,0.30817867904897867,0.15415099748997818,0.30817867904897867,256,0.16212361784386076,320
4731,0.2288957659947073,0.11481811633177585,0.2288957659947073,256,-0.13984970527911855,212
4732,-0.3289820810757931,-0.16450114186434917,-0.3289820810757931,256,0.20399701356942046,245
4733,0.3964026065294206,0.19804904640278664,0.3964026065294206,256,-0.22046307615264027,246
4734,-0.339573927617721,-0.16988408174603364,-0.339573927617721,256,0.18367171228783263,253
4735,0.29457862989283967,0.14725998257057427,0.29457862989283967,256,-0.17290874586669247,248
4736,0.07254453196350141,0.03638934910352987,-0.09209605647811259,192,0.08272754348996614,300
4737,-0.024158979686603743,-0.012112637753261879,0.0741420140332707,128,0.06151941898204427,142
4738,-0.12557032274048652,-0.06290952147861617,0.2296476830202323,128,0.16926734108375285,152
4739,0.24933655285494183,0.12518461065386077,0.24933655285494183,256,-0.1653058659134672,138
4740,0.418305065395316,0.2087525182915897,0.418305065395316,256,0.24203293808238868,449
4741,0.03564419590927059,0.018047911847247633,-0.062408395042268694,128,-0.07686170152368277,176
4742,-0.02894713823863526,-0.014885125925445664,0.05300884038086906,320,0.07084646977654074,106
4743,0.25177404168914563,0.1260104041082002,0.25177404168914563,256,0.1939098402099262,276
4744,0.059949956460741305,0.02997605628627298,0.059949956460741305,256,-0.0791561966065899,176
4745,-0.30623295868636546,-0.15326081372504063,-0.30623295868636546,256,-0.17283904176986198,283
4746,-0.005160059347474544,-0.0025945442723696033,-0.13032069183007877,128,0.11390698570063762,60
4747,0.48364836038186354,0.2421344014066733,0.48364836038186354,256,-0.25494367799703355,253
4748,-0.18135711440376667,-0.09067536684563038,-0.18135711440376667,256,0.142766196417611,107
4749,-0.015555379317191864,-0.007798053506235192,-0.11833155580745824,192,-0.10929367931731804,469
4750,0.04683097087249166,0.023233072285052003,0.09862195473255042,384,0.10523953928725405,402
4751,0.27231466204739263,0.13611779074426522,0.27231466204739263,256,-0.22261670383247179,233
4752,-0.27501646821528425,-0.1377356866095738,-0.27501646821528425,256,0.15131997306980338,246
4753,-0.11751817507348505,-0.058654888213368395,-0.11751817507348505,256,0.1584879515583566,170
4754,-0.040644754305446895,-0.02055551596862415,-0.13764897130448617,320,0.1031391958917709,187
4755,-0.10950172429298277,-0.05479158591484179,-0.10950172429298277,256,0.09023639090992219,221
4756,-0.3748068734492449,-0.18757866486137686,-0.3748068734492449,256,0.26626986366761685,152
4757,-0.1576174354898967,-0.07889220520115714,-0.1576174354898967,256,-0.14359998072126245,271
4758,-0.04256763348143977,-0.021147375805270485,0.17429272393655992,128,0.1706869812283287,149
4759,0.1550656754646127,0.07756680443702635,-0.170482751837028,224,0.1557657850539158,283
4760,-0.015802724322043105,-0.007929394416237301,0.06376577067618427,352,0.055203315921744434,164
4761,-0.16417100599369405,-0.08193745588570778,-0.16417100599369405,256,0.13400492100524275,232
4762,-0.3305531556061112,-0.16536254878130308,-0.3305531556061112,256,0.2069301530054588,191
4763,-0.007658220747600808,-0.0038117381033657693,-0.18108081422735722,384,-0.13280451074166422,455
4764,0.06823728169095489,0.03408678337632409,-0.1995202361521251,128,-0.15995347885868227,158
4765,-0.089325546648098,-0.04437376613827837,0.11816864714165831,128,-0.11456057330707381,307
4766,0.06150427536186953,0.030759765632893732,0.07886888138648374,384,0.0568572379751231,417
4767,0.21145316139316606,0.10578372542440206,0.21145316139316606,256,-0.2272608554434612,175
4768,0.1495501187552577,0.07491967761365004,0.1495501187552577,256,0.1244838472465517,413
4769,-0.07256685797028695,-0.036289458438488964,-0.3360054836750237,384,0.19808783535313523,123
4770,-0.04612452032199599,-0.023100557706413838,-0.04619004967664608,64,0.04418622085037782,151
4771,-0.028537795048066528,-0.014321332940198772,0.09694161779788146,320,-0.09420023618184814,301
4772,0.07916386295266875,0.03936506018010277,-0.1674260708398947,384,-0.13954985788973318,134
4773,-0.04448097297134268,-0.022189128815625736,-0.07227603228068347,64,0.04830277376800041,190
4774,-0.29721298137747,-0.1486660682126626,-0.29721298137747,256,0.175234250871938,174
4775,-0.152318079858901,-0.07604555732399376,-0.152318079858901,256,0.13541363336187828,210
4776,0.06723348739330959,0.033627083875984454,0.197380062202285,128,0.1747174819968791,422
4777,0.1294405785365882,0.06480602236683808,-0.13260770576556524,320,0.11331541066556383,436
4778,-0.045399279511855184,-0.02279010425445449,-0.09255557824167226,352,0.10714382962618174,154
4779,-0.1211730848873458,-0.06046549692314329,-0.1211730848873458,256,-0.12612513616414844,360
4780,-0.24221262510971542,-0.12102237891585332,-0.24221262510971542,256,-0.148627938096638,279
4781,-0.012971714746527141,-0.006651321793128773,0.21804284094497461,384,0.1469993484869292,134
4782,-0.15495645655383328,-0.07730852523516774,-0.15495645655383328,256,0.18143433545091625,221
4783,0.013295723416121064,0.0067141176460836505,0.28889024440661615,384,0.20394391666320644,435
4784,-0.02824930642873369,-0.014435523031977482,0.0768948491065089,384,0.08488003335202166,228
4785,-0.004724101288871907,-0.002181725501714027,0.05769334378669555,384,0.06165317116915503,162
4786,0.21120849553940957,0.10581103177000273,-0.2975831077420139,64,0.2572146762233274,310
4787,-0.12920298318292112,-0.06464911752539138,-0.12920298318292112,256,-0.1188321455065875,301
4788,-0.19003910619409226,-0.09481175784932816,0.20134744127580007,128,0.1841888676713097,140
4789,0.2195842219203996,0.10979155466111479,0.2195842219203996,256,0.20465441952779884,276
4790,-0.1882137222671929,-0.09433471527330539,-0.1882137222671929,256,0.10653018936494618,218
4791,0.10736407165489936,0.05341269891732736,0.10736407165489936,256,-0.10329440283169333,233
4792,0.09069799507588527,0.04534648792252938,-0.15471477405441192,128,-0.15854763665001315,171
4793,0.1966093729021452,0.09836942418695571,0.1966093729021452,256,0.16516750914411205,280
4794,0.01911096199839335,0.009742861486586207,0.13761618092411254,384,-0.08824643782159569,112
4795,0.09657865331288917,0.048385209876471436,-0.16624533528852226,160,0.14275015165594596,287
4796,-0.44187568332313276,-0.22093444728844247,-0.44187568332313276,256,-0.2988588879281906,285
4797,0.17935591494153869,0.09009152529966968,0.17935591494153869,256,0.14591457662669427,401
4798,-0.039786784094161476,-0.019870089279862668,-0.07288432177779214,384,0.06418270454571484,93
4799,0.07032844342404587,0.03545281129660793,-0.07588654375138049,384,0.09109370983753706,338
4800,0.02824452442138181,0.014033570291644537,-0.06872732859608277,160,0.07937403811212107,337
4801,0.24514924202640032,0.12261886285645573,0.24514924202640032,256,0.1947874508511518,296
4802,-0.2863147589777384,-0.14305810676864894,-0.2863147589777384,256,0.21014877060343906,185
4803,-0.27968855506398427,-0.13945095665081908,-0.27968855506398427,256,0.18073563222395705,235
4804,0.04862015244546569,0.02438135319064827,-0.09923904091660063,128,0.10372614580649042,298
4805,-0.13174759591487373,-0.0656896338262527,-0.15143453884475377,128,0.16167488770284422,87
4806,-0.1429399449936284,-0.07140594183877624,-0.20755954481899153,384,0.14453089460823776,120
4807,0.1709423344187826,0.08550346600461012,0.1709423344187826,256,0.10571479771397208,288
4808,-0.21707411734095672,-0.10833196646547094,-0.21707411734095672,256,-0.12446923184967318,288
4809,0.02384203689825881,0.012177467125070507,0.03731880434214929,128,-0.05794364211607217,106
4810,-0.07730386504920261,-0.038665943579133,0.094466021675089,128,-0.09704019345895176,357
4811,0.013215986507645994,0.007131564774340404,0.11212315079721691,128,-0.100887679466382,89
4812,0.09920250453851054,0.04948862098046902,-0.1579935626802751,128,-0.13615237634985533,162
4813,-0.01946571438736555,-0.009907214398765518,0.16733108009046305,64,0.12614235450149636,226
4814,-0.23034188396877653,-0.11523923538453573,-0.23034188396877653,256,-0.1363666734156368,289
4815,0.01556471966745221,0.007659533826938514,-0.0757892518147969,400,-0.08719560265734572,176
4816,-0.048950510016481985,-0.0244169800517966,-0.1007097287980514,384,0.09090235070442532,92
4817,-0.3525687066328089,-0.1763724909332609,-0.3525687066328089,256,-0.21176070221474674,267
4818,0.09961377682262196,0.049909066985179606,0.13470048515830513,384,0.10903945620628974,455
4819,0.03863849367655803,0.019127773580919438,-0.13153632474296728,288,-0.10246045569124362,162
4820,-0.236945992702573,-0.11800719508281077,-0.236945992702573,256,0.17857732639009782,217
4821,-0.04286452946797681,-0.021484934934676403,0.05939808320881923,64,0.0704879118112558,204
4822,-0.11005044939858522,-0.05499763954634318,-0.11005044939858522,256,0.09233740152120617,240
4823,0.19670621086390838,0.09837813235438375,0.19670621086390838,256,-0.12604380694892825,173
4824,0.3081337888604594,0.154090164482227,0.3081337888604594,256,-0.19842666429062206,209
4825,0.12200370325550125,0.06119039730126019,0.12200370325550125,256,0.0813125352066777,276
4826,0.06210849332848056,0.030988063559505008,0.10387525441711887,64,0.07865623326188143,464
4827,-0.3957534450725291,-0.19791666774040095,-0.3957534450725291,256,0.2296948514006658,242
4828,-0.03717925064472638,-0.018902688447155924,0.05143043154019722,128,0.05313631745895009,151
4829,-0.03768012757853967,-0.018885877197362788,0.13336783569945965,192,-0.10796460697514476,315
4830,0.19619000942452658,0.09802016754139231,0.19619000942452658,256,0.11777867749054849,263
4831,0.07649227014817939,0.03835370780060998,-0.13288839942994457,128,0.12173600802253759,334
4832,-0.1466959617982866,-0.07337444941825311,-0.1466959617982866,256,0.12711443762424324,92
4833,-0.16640497219793815,-0.08340030711275404,0.2591173971401304,128,0.2074405063536915,163
4834,0.08415108377073466,0.042106164172281524,0.08911834257185092,288,-0.1333301750901228,206
4835,0.3739877590555807,0.18695798030717015,0.3739877590555807,256,-0.19311264798926686,252
4836,-0.16953630598123937,-0.08476103120074185,-0.16953630598123937,256,-0.1273820705353046,291
4837,0.11441219140959902,0.05691972046736282,0.18818408916332885,128,-0.15789408261727544,103
4838,0.03494381157480575,0.017502766960319605,0.3523586586990177,128,0.18871789086517765,390
4839,-0.09457437862766938,-0.04766776408678197,0.23810995886549335,448,0.24313391041283694,214
4840,0.451721742670145,0.2258896993802466,0.451721742670145,256,0.24180258588665993,272
4841,0.10165957261148151,0.05087070335926569,0.10165957261148151,256,-0.09751008349400081,78
4842,0.20443449700303518,0.10220727192705681,0.20443449700303518,256,0.16481053591797945,336
4843,0.010134276379091034,0.004837261348427546,0.1265098535072866,64,-0.08835012921848318,28
4844,0.12544025362231537,0.06301249756509719,0.12544025362231537,256,0.10476987506268642,328
4845,-0.20557978609861038,-0.102871320252234,-0.20557978609861038,256,0.13111060944814312,119
4846,0.2850780609311414,0.14266674013717306,0.2850780609311414,256,0.14668425919023775,258
4847,0.0066387571968107295,0.0033045080759848133,-0.22772779384047226,384,-0.13587105583567904,138
4848,-0.054857462635737875,-0.02747458163293004,0.14205847115363213,320,0.1331680941348452,213
4849,-0.08708505324921134,-0.043637221167841744,-0.2004281345935226,128,0.1790422423707696,108
4850,-0.31150315476503465,-0.1559057670662014,-0.31150315476503465,256,-0.19060781590246734,352
4851,-0.12474743149928713,-0.0620845556885854,-0.23244876550835158,128,0.18023589783774696,60
4852,0.5804631228269841,0.2902060708005365,0.5804631228269841,256,0.31945514065677116,311
4853,0.10604699980106602,0.05342530168962867,0.1319433824011753,64,-0.2017960564311636,166
4854,-0.0022244314328077053,-0.0012523263282560038,-0.10870596517804643,384,0.07568535133289345,103
4855,0.08114031720722892,0.04060026244704318,-0.11855030638974995,192,-0.11739173758104471,75
4856,0.02717841731362114,0.013465562777014384,-0.0781165066228553,64,-0.09215682899684907,214
4857,-0.059293600118280665,-0.029707044060046428,-0.08122654764724757,320,0.07815865997625338,166
4858,0.09337128136368733,0.04648914169774798,0.11293642370151247,64,0.08631543479077664,328
4859,0.04787442019002697,0.023769925952819904,-0.1757133249459173,128,0.11932725440306058,362
4860,-0.0441262252843444,-0.022186545840270355,0.10486920298697555,32,0.11157913472999326,177
4861,0.008546057042451594,0.004153637011881983,0.058061747992439905,144,-0.05352639142216731,75
4862,-0.12671876242697522,-0.06316985717404577,-0.12671876242697522,256,0.08054175098871497,221
4863,0.05476566654039061,0.027529250733664412,-0.11718637052325676,128,0.09770200317251465,334
4864,0.050738398582296895,0.025382484555052542,0.14709162695220357,384,0.0985838674336037,408
4865,-0.25688713490845316,-0.12866515182210492,-0.25688713490845316,256,-0.2246160647096076,408
4866,-0.13492705947371064,-0.06750943201086557,-0.13492705947371064,256,0.08558183742087522,158
4867,0.14403744506824978,0.0721535572882317,0.14403744506824978,256,-0.13179605482264378,213
4868,0.1329045165909406,0.06634872158639382,0.3455958518142097,128,-0.24315507990831975,116
4869,0.15484620697714035,0.07778074725084139,0.15484620697714035,256,0.11723163502688294,320
4870,-0.11677992613053334,-0.05876496238937534,-0.11677992613053334,256,-0.10135210752241619,399
4871,0.02534980057419034,0.012568661909369894,0.14779141198448542,384,-0.14206116438235483,104
4872,-0.03944738424280558,-0.01958606716027589,0.18490026613341115,128,-0.12007196531629916,350
4873,-0.0648490294719295,-0.032753081812586515,-0.0648490294719295,256,0.06199255799015191,223
4874,-0.22558678980311697,-0.11282250892503498,-0.22558678980311697,256,0.12252539293402265,175
4875,0.004714173654690512,0.002219845658032682,0.17294831620836248,192,-0.1576445085721616,151
4876,-0.10504335340451121,-0.05267323479324659,-0.10504335340451121,256,-0.1266004785678092,305
4877,-0.1274354869185288,-0.0635249861986722,0.16323378593912707,64,0.11793118489617882,194
4878,-0.09206942579876909,-0.04601995820749494,-0.09206942579876909,256,-0.06495785036980806,261
4879,-0.025601110028844687,-0.012905054628276957,-0.16901481622267056,320,0.12533567292678782,61
4880,-0.026182261633465487,-0.01313355274675132,-0.13428308520315113,128,0.09164463712782833,79
4881,-0.412329681158468,-0.20596120130392137,-0.412329681158468,256,0.23129527784266202,245
4882,-0.3104497142696232,-0.15510780835853666,-0.3104497142696232,256,0.16783593962509258,188
4883,-0.06438040545481272,-0.032356628978334356,0.24608425140462487,128,0.1985225938072972,155
4884,0.07454168863378641,0.03733931679917646,-0.15740206042207205,192,-0.11683991085988055,86
4885,-0.1956331963290836,-0.09783634138418051,-0.1956331963290836,256,0.11928238651711354,151
4886,0.11510004680866359,0.05764887846368083,0.21664127628719143,128,-0.14925631134894957,125
4887,-0.3518457061643119,-0.17576453434617179,-0.3518457061643119,256,-0.1835329922745359,262
4888,0.10537488489865154,0.05281436510796311,0.10537488489865154,256,-0.09017498619124353,188
4889,-0.08839019955007643,-0.04427388219437489,0.17342617743145183,128,0.12899295646914766,134
4890,0.01492662385325616,0.007475042886937899,0.12068580522702632,224,-0.0990851248038922,94
4891,-0.007991816290541465,-0.0035294352128971695,-0.10654602897255927,64,0.06871662493039565,55
4892,-0.02019241296412133,-0.009859655321207583,0.0982490432666765,128,0.07462204531233851,140
4893,0.08339907137104774,0.04159849345717248,0.08339907137104774,256,-0.05637144517675097,206
4894,-0.006618306930477047,-0.0034326630007512904,-0.09664083436308601,192,-0.07340531667580308,323
4895,0.06481803471197622,0.03230216606664271,0.06909346234212421,112,-0.08822846258101436,233
4896,-0.18450567592984157,-0.09231451523453416,-0.18450567592984157,256,0.1356318388864679,177
4897,0.06220647104873933,0.030766317494453688,-0.14131659865125812,384,0.14781063369218828,360
4898,-0.12564089122309952,-0.06266904089045511,-0.17471788803449328,128,-0.15823821232493174,407
4899,0.03762884812809375,0.01896662436695351,0.07776306050529058,128,0.07818743169644904,391
4900,-0.2666680027788857,-0.1333606608789637,-0.2666680027788857,256,0.14676480505588074,244
4901,-0.2042199541806724,-0.10218264760536044,-0.2042199541806724,256,0.14297660322483807,186
4902,-0.11825368719141238,-0.059390610713933256,0.1362781369809909,384,-0.14447728208483568,344
4903,-0.0018691053125792223,-0.0008868369100127893,0.1263491378796857,384,0.07165143455137013,148
4904,0.003500355187838977,0.0015532236786839348,-0.08637528434314845,128,-0.09449605628626045,180
4905,0.1704730842912454,0.08502693584370036,0.1704730842912454,256,0.1483811806444919,338
4906,0.20890875617959637,0.10483627079779012,0.20890875617959637,256,0.12837899313603884,291
4907,-0.08543260592668389,-0.042506649185668266,0.08831645277831512,416,0.07826767830553649,225
4908,-0.13067946344582992,-0.0653214505800861,-0.13067946344582992,256,-0.12382328380533636,285
4909,-0.1485425105413185,-0.0744143853420951,-0.1485425105413185,256,-0.08481675975104963,297
4910,0.06592936508488378,0.03309437170932483,0.11539690223264643,320,-0.08954946932499297,187
4911,-0.04625514426169275,-0.02292453140060502,0.28562450943826434,128,-0.18923445495596525,357
4912,0.1044671201593701,0.05238301903352749,0.1665386394890902,192,0.12506840799926522,448
4913,-0.01666889395568205,-0.008483553354267315,0.10186491882386406,128,0.07652771310233675,139
4914,-0.06048617041224702,-0.029964184119876336,0.19506884144345804,384,0.12367184036003209,135
4915,0.30517880011831267,0.15246296478784416,0.30517880011831267,256,0.21153410171677933,290
4916,-0.15308512726750223,-0.07674122553163443,-0.15308512726750223,256,0.11518698923720194,215
4917,-0.026914498651592567,-0.013526583850421048,0.1846651195419895,384,0.13459484172864222,155
4918,0.187601767303903,0.09351110747650182,0.187601767303903,256,0.17622391447412156,287
4919,-0.3120629474080374,-0.15610884968631922,-0.3120629474080374,256,0.19456968570062827,248
4920,-0.15081889791150616,-0.07555791065652784,-0.15081889791150616,256,0.14019801366728757,153
4921,0.28048200205492435,0.14014484596162902,0.28048200205492435,256,0.19497421488142663,390
4922,-0.16324400526193017,-0.0816728172364094,-0.16324400526193017,256,0.17807983012590967,213
4923,-0.13020680347901248,-0.06519526034682599,0.1435990830448759,176,-0.16805057936863932,365
4924,0.1825427255487,0.0912279190205254,0.1825427255487,256,0.12490887761254044,304
4925,0.27653850906293087,0.1384082937036908,0.27653850906293087,256,-0.1963099218026514,180
4926,-0.16928290612506203,-0.08456270351521766,-0.16928290612506203,256,0.14383776732915976,236
4927,-0.05188342739663199,-0.025795199423868098,-0.13664859959479259,128,-0.15166291974099977,422
4928,0.05658268620842932,0.028520868735370186,0.06460030171537312,128,-0.07145923309882107,119
4929,0.12591130865774858,0.06308686070846647,0.12591130865774858,256,-0.10407147674393968,208
4930,-0.07482610406580648,-0.037403271149713646,-0.14167030069947373,128,-0.0962961173075314,449
4931,-0.23895499286771837,-0.11911579163250963,-0.23895499286771837,256,-0.14626731317559916,295
4932,-0.0946578395290203,-0.047204898681343366,-0.15648607217136146,128,0.15336759988532833,115
4933,-0.040179949345827026,-0.02014034876236792,-0.1977690010206743,128,0.11850762597306641,115
4934,-0.05089939156692935,-0.02581736712994598,0.10818130133441173,288,0.1261048283253956,99
4935,-0.2343248706234533,-0.11710493913446385,-0.2343248706234533,256,0.18743008104453907,205
4936,0.014377115849384836,0.007370511516398892,0.13409034241351492,320,0.09664890843009744,321
4937,-0.051789798408805154,-0.025925627772551252,-0.1754210060233845,320,0.1476054971043368,187
4938,0.3304337911465609,0.16525605300935808,0.3304337911465609,256,-0.21450178236045758,172
4939,-0.2591294818848553,-0.12950084818189112,-0.2591294818848553,256,0.21150949974901323,224
4940,-0.0008595683076464411,-0.0006333623753107531,-0.11141076662636351,128,-0.06826013835444655,400
4941,0.1865173167848866,0.0932956416476145,0.1865173167848866,256,0.13839338137762525,286
4942,0.2630195864263669,0.13149085155964713,0.2630195864263669,256,-0.21839160409831493,198
4943,-0.036985182553053164,-0.018506225346868632,-0.3396509083938213,384,-0.20708460578208587,391
4944,0.03488093362338418,0.017575745734973225,0.058892352822454086,192,0.04570873296273703,321
4945,0.19418141567277303,0.09717410103945667,0.19418141567277303,256,0.13874984439030413,289
4946,-0.19798059829790304,-0.09881525229081944,-0.19798059829790304,256,0.1807108208699333,117
4947,0.2064559161623265,0.10317979794967869,0.2064559161623265,256,-0.19524512038643138,204
4948,-0.06517230872947266,-0.03280688145633803,0.08248688714576247,384,0.08273807128426824,178
4949,-0.09621735086278704,-0.048352660066370845,-0.14412512967254543,352,0.12117187638074256,155
4950,0.18204312728408922,0.09071718905602211,0.21036275025710438,128,0.15023559507056916,384
4951,-0.0022398719050613636,-0.000807862780987989,0.1396918922265371,128,0.12250887873142347,150
4952,0.09902516258318883,0.04953225241064274,0.09902516258318883,256,0.09262444210855847,370
4953,0.1203912292605196,0.06021591904658408,-0.19503984509719885,128,-0.20168953960435942,156
4954,-0.1808535691853308,-0.09061428348968548,-0.1808535691853308,256,0.13514733319993866,248
4955,0.3308507484349832,0.16529218909147403,0.3308507484349832,256,-0.21491679998729296,247
4956,0.26209182173579393,0.13093001710666385,0.26209182173579393,256,-0.13909135646656523,247
4957,0.06798846287730953,0.034110921999143784,0.12163827515104231,128,-0.09821396976347785,124
4958,-0.030262567381384997,-0.015318910336134195,-0.1742832586318741,64,-0.11242837195482025,451
4959,-0.04650260605382073,-0.02347900115091761,-0.08381968720457422,64,0.0863551710174093,57
4960,-0.022725625465938037,-0.011220065981603966,-0.12397234237295152,288,0.08978888628386983,87
4961,-0.08399633958711661,-0.04186137495801745,0.13189023097174868,416,0.11840020787076355,234
4962,0.08041464745423355,0.03993255354970415,-0.12065255122359986,352,0.12799168642345649,342
4963,-0.03366626229572489,-0.01689200603317431,-0.04514874898046628,384,0.06800257903992701,99
4964,-0.2244148236028991,-0.11229660041780676,-0.2244148236028991,256,0.1367661799494897,223
4965,0.35284101897269693,0.17648314707454915,0.35284101897269693,256,-0.22688925020850093,238
4966,0.20685195833527814,0.10314004021165601,0.20685195833527814,256,0.15881830121617213,388
4967,-0.20995358960456656,-0.10503951699820391,-0.20995358960456656,256,0.13777699687702238,155
4968,0.07453652546115563,0.03721956111542113,0.07453652546115563,256,0.07596915300251794,344
4969,0.13243028265455337,0.06631326138617055,0.13243028265455337,256,0.11341825619462043,304
4970,-0.11908973419235735,-0.059616055589486905,-0.17757215188879627,448,0.12899416964683752,61
4971,-0.1597736832198393,-0.07996349989025475,-0.1597736832198393,256,0.17350421283008188,95
4972,0.03641111806450681,0.01835037742804957,-0.15095566502679958,64,0.13295869188681309,316
4973,0.03351725470130873,0.016682461429297746,0.2338975446365339,384,-0.16813149454077347,116
4974,-0.1092612290117927,-0.054444219129464955,-0.1092612290117927,256,-0.11596557458233292,309
4975,-0.02669104508623832,-0.013136036366489634,-0.16363931268609377,64,0.12052690806049782,175
4976,0.01681467273766657,0.008982364542646337,-0.034821905160470124,128,0.04512490686397541,358
4977,0.07111185112637486,0.03549301115555181,0.1032776470839849,384,0.10282814569200127,405
4978,0.11364938448315343,0.056693205400506486,0.11364938448315343,256,-0.08172708193515632,54
4979,0.03954763012936269,0.01963028568491154,-0.13419785642670945,128,0.09608064524610427,350
4980,0.2604134667427047,0.1299536295760504,0.2604134667427047,256,-0.16928081338065226,180
4981,0.15185255499557115,0.07592239752545993,0.15185255499557115,256,-0.12026584528607032,230
4982,-0.12607419775619633,-0.0630941613689231,-0.12607419775619633,256,0.10492035472765338,181
4983,0.041384069847708815,0.020686777125831668,0.07221479329308522,128,0.06268519297481134,486
4984,0.236803052122184,0.11853694280256377,0.236803052122184,256,0.20181941291849625,289
4985,-0.052944520970697795,-0.026376135399402756,-0.13369409293579793,384,0.07993898908168262,127
4986,0.14429721235080706,0.07219035583250388,0.3010408760895871,384,0.1903045390006355,396
4987,-0.05271439651806986,-0.02651177656946402,0.2112220997715184,64,0.19071164466873824,197
4988,-0.15088352452013964,-0.0753395718925276,0.2590382522777759,128,-0.1838776693727482,349
4989,0.2001916787726259,0.10001619513315063,0.22342067995134585,128,-0.18371927491747897,87
4990,-0.028412663523141646,-0.014349622530289707,-0.0815926091485153,272,0.09872591648539242,172
4991,0.023696754392204866,0.011980107170245446,0.09105101106456459,64,0.09616480972255204,333
4992,-0.01754235858845732,-0.008921387187740493,0.16237546833235683,128,0.09718844778777225,133
4993,0.26454600060145594,0.13216869307791512,0.26454600060145594,256,0.17636332118985365,281
4994,0.10707964186872232,0.05348367211081495,0.195013031918279,448,0.15483233561207044,466
4995,0.3094021846568751,0.154696216440243,0.3094021846568751,256,-0.18217069442570732,190
4996,-0.09262506501889334,-0.046136140831634975,-0.09262506501889334,256,0.08230339075734605,245
4997,-0.1912489894201599,-0.0954528345345409,-0.1912489894201599,256,0.10102188598648354,253
4998,-0.0063664712184845484,-0.0033363701986672822,-0.10092527643058702,384,-0.0688900117190201,389
4999,-0.05913426265567523,-0.029518389727229533,-0.19407439830757767,320,0.16644388065330418,174
