
Note: Compatibility modes selected: hs a


Circuit: * sar-logic-timing-gates-tie @ ss_-40c_3.63v -- generated by sim/harness, do not edit

Doing analysis at TEMP = -40.000000 and TNOM = 27.000000

Using SPARSE 1.3 as Direct Linear Solver

Initial Transient Solution
--------------------------

Node                                   Voltage
----                                   -------
clk                                          0
tie_start                                 3.63
tie_mode                                     0
xtie._030_                         1.85509e-08
xtie.eng3                                 3.63
vdd_gate                                  3.63
xtie._031_                                3.63
xtie._032_                                3.63
xtie.ph_2                          1.04932e-08
xtie._033_                                3.63
xtie.ph_0                          1.04932e-08
xtie._034_                                3.63
xtie.ph_1                          1.04932e-08
xtie._035_                                3.63
xtie.ph_3                          1.04932e-08
xtie._036_                         1.85509e-08
xtie.eng4                                 3.63
xtie._037_                         1.85509e-08
xtie.eng5                                 3.63
xtie._038_                         1.85509e-08
xtie.eng6                                 3.63
xtie._039_                         1.85509e-08
xtie.eng7                                 3.63
xtie._040_                         1.85509e-08
xtie.eng8                                 3.63
xtie._041_                         1.85509e-08
xtie.eng9                                 3.63
xtie._042_                         1.85509e-08
xtie.eng2                                 3.63
xtie._043_                                3.63
xtie.ph_12                         1.04932e-08
xtie._044_                                3.63
xtie.eng1                          1.04932e-08
xtie._045_                                3.63
xtie.ph_13                         1.04932e-08
xtie._046_                                3.63
xtie.ph_11                         1.04932e-08
xtie._047_                                3.63
xtie.ph_10                         1.04932e-08
xtie._048_                                3.63
xtie.ph_9                          1.04932e-08
xtie._049_                                3.63
xtie.ph_8                          1.04932e-08
xtie._050_                                3.63
xtie.ph_7                          1.04932e-08
xtie._051_                                3.63
xtie.ph_6                          1.04932e-08
xtie._052_                                3.63
xtie.ph_5                          1.04932e-08
xtie._053_                                3.63
xtie.ph_4                          1.04932e-08
xtie._054_                                3.63
xtie.ph_14                         1.04932e-08
tie_sel_lo_n_4p                     3.3838e-08
xtie.q3                                   3.63
xtie.x_090_.net_0                      1.36915
tie_sel_hi_n_4n                    2.07764e-08
xtie.x_091_.net_1                         3.63
xtie.x_091_.net_0                      1.36915
xtie.x_092_.net_1                  3.13242e-08
xtie.x_092_.net_0                  6.26483e-08
tie_samp_tp_n                      9.39725e-08
xtie.x_093_.z_neg                         3.63
tie_sel_in_n                       1.04932e-08
xtie.x_093_.net_0                         3.63
xtie.x_093_.net_1                         3.63
xtie.x_093_.net_2                         3.63
tie_rel_n_4p                       1.56157e-08
xtie.x_094_.net_0                         3.63
xtie.x_095_.net_0                      2.50653
tie_rel_n_4n                              3.63
xtie.x_095_.net_1                         3.63
xtie.x_096_.net_0                  4.83488e-08
xtie.x_096_.z_neg                  9.66976e-08
tie_sel_hi_n_4p                           3.63
xtie.x_097_.net_0                  4.83488e-08
xtie.q4                                   3.63
xtie.x_097_.z_neg                  9.66976e-08
tie_sel_hi_n_8p                           3.63
xtie.x_098_.net_0                  1.31159e-13
xtie.x_098_.z_neg                         3.63
tie_sel_lo_n_8n                    1.05607e-08
tie_sel_lo_n_8p                    1.56157e-08
xtie.x_099_.net_0                         3.63
tie_sel_hi_n_8n                    9.58798e-09
xtie.x_100_.net_1                         3.63
xtie.x_100_.net_0                         3.63
tie_rel_n_8p                       1.56157e-08
xtie.x_101_.net_0                         3.63
xtie.x_102_.net_0                  2.84666e-15
tie_rel_n_8n                              3.63
xtie.x_102_.net_1                         3.63
xtie.x_103_.net_0                  4.83488e-08
xtie.q5                                   3.63
xtie.x_103_.z_neg                  9.66976e-08
tie_sel_hi_n_16p                          3.63
xtie.x_104_.net_0                  1.31159e-13
xtie.x_104_.z_neg                         3.63
tie_sel_lo_n_16n                   1.05607e-08
tie_sel_lo_n_16p                   1.56157e-08
xtie.x_105_.net_0                         3.63
tie_sel_hi_n_16n                   9.58798e-09
xtie.x_106_.net_1                         3.63
xtie.x_106_.net_0                         3.63
tie_rel_n_16p                      1.56157e-08
xtie.x_107_.net_0                         3.63
xtie.x_108_.net_0                  2.84666e-15
tie_rel_n_16n                             3.63
xtie.x_108_.net_1                         3.63
xtie.x_109_.net_0                  4.83488e-08
xtie.q6                                   3.63
xtie.x_109_.z_neg                  9.66976e-08
tie_sel_hi_n_32p                          3.63
xtie.x_110_.net_0                  1.31159e-13
xtie.x_110_.z_neg                         3.63
tie_sel_lo_n_32n                   1.05607e-08
tie_sel_lo_n_32p                   1.56157e-08
xtie.x_111_.net_0                         3.63
tie_sel_hi_n_32n                   9.58798e-09
xtie.x_112_.net_1                         3.63
xtie.x_112_.net_0                         3.63
tie_rel_n_32p                      1.56157e-08
xtie.x_113_.net_0                         3.63
xtie.x_114_.net_0                  2.84666e-15
tie_rel_n_32n                             3.63
xtie.x_114_.net_1                         3.63
xtie.x_115_.net_0                  4.83488e-08
xtie.q7                                   3.63
xtie.x_115_.z_neg                  9.66976e-08
tie_sel_hi_n_64p                          3.63
xtie.x_116_.net_0                  1.31159e-13
xtie.x_116_.z_neg                         3.63
tie_sel_lo_n_64n                   1.05607e-08
tie_sel_lo_n_64p                   1.56157e-08
xtie.x_117_.net_0                         3.63
tie_sel_hi_n_64n                   9.58798e-09
xtie.x_118_.net_1                         3.63
xtie.x_118_.net_0                         3.63
tie_rel_n_64p                      1.56157e-08
xtie.x_119_.net_0                         3.63
xtie.x_120_.net_0                  2.84666e-15
tie_rel_n_64n                             3.63
xtie.x_120_.net_1                         3.63
xtie.x_121_.net_0                  4.83488e-08
xtie.q8                                   3.63
xtie.x_121_.z_neg                  9.66976e-08
tie_sel_hi_n_128p                         3.63
xtie.x_122_.net_0                  1.31159e-13
xtie.x_122_.z_neg                         3.63
tie_sel_lo_n_128n                  1.05607e-08
tie_sel_lo_n_128p                  1.56157e-08
xtie.x_123_.net_0                         3.63
tie_sel_hi_n_128n                  9.58798e-09
xtie.x_124_.net_1                         3.63
xtie.x_124_.net_0                         3.63
tie_rel_n_128p                     1.56157e-08
xtie.x_125_.net_0                         3.63
xtie.x_126_.net_0                  2.84666e-15
tie_rel_n_128n                            3.63
xtie.x_126_.net_1                         3.63
xtie.x_127_.net_0                  1.31159e-13
xtie.x_127_.z_neg                         3.63
tie_sel_lo_n_4n                    1.05607e-08
xtie.x_128_.net_0                  4.83488e-08
xtie.q9                                   3.63
xtie.x_128_.z_neg                  9.66976e-08
tie_sel_hi_n_256p                         3.63
xtie.x_129_.net_0                  1.31159e-13
xtie.x_129_.z_neg                         3.63
tie_sel_lo_n_256n                  1.05607e-08
tie_sel_lo_n_256p                  1.56157e-08
xtie.x_130_.net_0                         3.63
tie_sel_hi_n_256n                  9.58798e-09
xtie.x_131_.net_1                         3.63
xtie.x_131_.net_0                         3.63
tie_rel_n_256p                     1.56157e-08
xtie.x_132_.net_0                         3.63
xtie.x_133_.net_0                  2.84666e-15
tie_rel_n_256n                            3.63
xtie.x_133_.net_1                         3.63
tie_rel_n_2p                       1.56157e-08
xtie.x_134_.net_0                         3.63
xtie.x_135_.net_0                  4.83488e-08
xtie.x_135_.z_neg                  9.66976e-08
xtie.q2                                   3.63
tie_sel_hi_n_2p                           3.63
xtie.x_136_.net_0                  2.09842e-08
xtie._000_                         4.19685e-08
xtie.x_136_.net_1                         3.63
xtie.x_137_.net_0                  2.84667e-15
xtie._001_                                3.63
xtie.x_137_.net_1                         3.63
tie_sel_lo_n_2p                     3.3838e-08
xtie.x_138_.net_0                      1.36915
xtie.x_139_.net_0                  2.84667e-15
xtie._002_                                3.63
xtie.x_139_.net_1                         3.63
xtie.x_140_.net_0                  2.84667e-15
xtie._003_                                3.63
xtie.x_140_.net_1                         3.63
xtie.x_141_.net_0                  2.84667e-15
xtie._004_                                3.63
xtie.x_141_.net_1                         3.63
xtie.x_142_.net_0                  2.84667e-15
xtie._005_                                3.63
xtie.x_142_.net_1                         3.63
xtie.x_143_.net_0                  2.84666e-15
tie_rel_n_2n                              3.63
xtie.x_143_.net_1                         3.63
xtie.x_144_.net_0                  2.84667e-15
xtie._006_                                3.63
xtie.x_144_.net_1                         3.63
xtie.x_145_.net_0                  2.84667e-15
xtie._007_                                3.63
xtie.x_145_.net_1                         3.63
xtie.x_146_.net_0                  2.84667e-15
xtie._008_                                3.63
xtie.x_146_.net_1                         3.63
tie_sel_hi_n_2n                    9.58798e-09
xtie.x_147_.net_1                         3.63
xtie.x_147_.net_0                         3.63
xtie._009__15                      7.80785e-09
xtie.x_148_.net_0                         3.63
xtie._009__14                      7.80785e-09
xtie.x_149_.net_0                         3.63
xtie.x_150_.net_0                  1.31159e-13
xtie.x_150_.z_neg                         3.63
tie_sel_lo_n_2n                    1.05607e-08
xtie._009__13                      7.80785e-09
xtie.x_151_.net_0                         3.63
xtie._009__12                      7.80785e-09
xtie.x_152_.net_0                         3.63
tie_rel_n_1p                              3.63
xtie.x_153_.net_0                         3.63
xtie._009__11                      7.80785e-09
xtie.x_154_.net_0                         3.63
xtie.x_155_.net_0                  6.92297e-06
xtie.x_155_.z_neg                         3.63
xtie.q1                            1.04932e-08
tie_sel_hi_n_1p                    1.05607e-08
xtie._009__10                      7.80785e-09
xtie.x_156_.net_0                         3.63
xtie._009__9                       7.80785e-09
xtie.x_157_.net_0                         3.63
tie_sel_lo_n_1p                    1.56157e-08
xtie.x_158_.net_0                         3.63
xtie._009__8                       7.80785e-09
xtie.x_159_.net_0                         3.63
xtie.x_160_.net_0                  6.92297e-06
xtie.x_160_.z_neg                         3.63
tie_sel_lo_n_1n                    1.05607e-08
xtie._009__7                       7.80785e-09
xtie.x_161_.net_0                         3.63
xtie._009__6                       7.80785e-09
xtie.x_162_.net_0                         3.63
tie_sel_hi_n_1n                    9.58798e-09
xtie.x_163_.net_1                         3.63
xtie.x_163_.net_0                         3.63
xtie._009__5                       7.80785e-09
xtie.x_164_.net_0                         3.63
xtie._009__4                       7.80785e-09
xtie.x_165_.net_0                         3.63
xtie._009__3                       7.80785e-09
xtie.x_166_.net_0                         3.63
xtie.x_167_.net_0                   3.5459e-07
tie_rel_n_1n                              3.63
xtie.x_167_.net_1                         3.63
xtie._009__2                       7.80785e-09
xtie.x_168_.net_0                         3.63
xtie._009__1                       7.80785e-09
xtie.x_169_.net_0                         3.63
xtie.x_170_.z_neg                  2.44812e-08
tie_drdy                           1.04932e-08
xtie._009__0                              3.63
xtie.x_170_.net_0                         3.63
xtie.x_171_.int04                         3.63
xtie._010_                         1.04932e-08
xtie.x_171_.net_1                  1.57534e-13
xtie.x_171_.net_3                        2.614
xtie.x_171_.sel1_n                        3.63
tie_c8                             1.04932e-08
xtie.x_171_.net_0                         3.63
xtie.x_171_.net_2                         3.63
xtie.x_172_.int04                         3.63
xtie._011_                         1.04932e-08
xtie.x_172_.net_1                  1.57534e-13
xtie.x_172_.net_3                        2.614
xtie.x_172_.sel1_n                        3.63
tie_c9                             1.04932e-08
xtie.x_172_.net_0                         3.63
xtie.x_172_.net_2                         3.63
xtie._055_                                3.63
xtie.q0                            1.04932e-08
xtie.x_173_.net_0                         3.63
xtie.x_174_.net_0                  1.26552e-21
tie_cmpo                                  3.63
xtie._012_                         6.58178e-08
xtie.x_174_.net_1                      1.37794
xtie.x_175_.int04                  1.56722e-07
xtie._013_                                3.63
xtie.x_175_.net_1                  8.54518e-12
xtie.x_175_.net_3                  7.83609e-08
xtie.x_175_.sel1_n                        3.63
tie_c0                                    3.63
xtie.x_175_.net_0                         3.63
xtie.x_175_.net_2                      1.35056
xtie._056_                         1.56157e-08
xtie.x_176_.net_0                         3.63
xtie.x_177_.net_0                  2.84667e-15
xtie._014_                                3.63
xtie.x_177_.net_1                         3.63
xtie.x_178_.int04                  1.56722e-07
xtie._015_                                3.63
xtie.x_178_.net_1                  8.54518e-12
xtie.x_178_.net_3                  7.83609e-08
xtie.x_178_.sel1_n                        3.63
tie_c1                                    3.63
xtie.x_178_.net_0                         3.63
xtie.x_178_.net_2                      1.35056
xtie.x_179_.int04                         3.63
xtie._016_                         1.04932e-08
xtie.x_179_.net_1                  1.57534e-13
xtie.x_179_.net_3                        2.614
xtie.x_179_.sel1_n                        3.63
tie_c2                             1.04932e-08
xtie.x_179_.net_0                         3.63
xtie.x_179_.net_2                         3.63
xtie._057_                         1.56157e-08
xtie.x_180_.net_0                         3.63
xtie.x_181_.net_0                  2.84667e-15
xtie._017_                                3.63
xtie.x_181_.net_1                         3.63
xtie._058_                         1.56157e-08
xtie.x_182_.net_0                         3.63
xtie.x_183_.net_0                  2.84667e-15
xtie._018_                                3.63
xtie.x_183_.net_1                         3.63
xtie._059_                         1.56157e-08
xtie.x_184_.net_0                         3.63
xtie.x_185_.net_0                  2.84667e-15
xtie._019_                                3.63
xtie.x_185_.net_1                         3.63
xtie._060_                                3.63
xtie.x_186_.net_0                         3.63
xtie.x_187_.net_0                  1.26552e-21
xtie._020_                         6.58178e-08
xtie.x_187_.net_1                      1.37794
xtie.x_188_.int04                         3.63
xtie._021_                         1.04932e-08
xtie.x_188_.net_1                  1.57534e-13
xtie.x_188_.net_3                        2.614
xtie.x_188_.sel1_n                        3.63
tie_c3                             1.04932e-08
xtie.x_188_.net_0                         3.63
xtie.x_188_.net_2                         3.63
xtie._061_                         1.56157e-08
xtie.x_189_.net_0                         3.63
xtie.x_190_.net_0                  2.84667e-15
xtie._022_                                3.63
xtie.x_190_.net_1                         3.63
xtie.x_191_.int04                         3.63
xtie._023_                         1.04932e-08
xtie.x_191_.net_1                  1.57534e-13
xtie.x_191_.net_3                        2.614
xtie.x_191_.sel1_n                        3.63
tie_c4                             1.04932e-08
xtie.x_191_.net_0                         3.63
xtie.x_191_.net_2                         3.63
xtie.x_192_.int04                         3.63
xtie._024_                         1.04932e-08
xtie.x_192_.net_1                  1.57534e-13
xtie.x_192_.net_3                        2.614
xtie.x_192_.sel1_n                        3.63
tie_c5                             1.04932e-08
xtie.x_192_.net_0                         3.63
xtie.x_192_.net_2                         3.63
xtie._062_                         1.56157e-08
xtie.x_193_.net_0                         3.63
xtie.x_194_.net_0                  2.84667e-15
xtie._025_                                3.63
xtie.x_194_.net_1                         3.63
xtie._063_                         1.56157e-08
xtie.x_195_.net_0                         3.63
xtie.x_196_.net_0                  2.84667e-15
xtie._026_                                3.63
xtie.x_196_.net_1                         3.63
xtie.x_197_.int04                         3.63
xtie._027_                         1.04932e-08
xtie.x_197_.net_1                  1.57534e-13
xtie.x_197_.net_3                        2.614
xtie.x_197_.sel1_n                        3.63
tie_c6                             1.04932e-08
xtie.x_197_.net_0                         3.63
xtie.x_197_.net_2                         3.63
xtie.x_198_.int04                         3.63
xtie._028_                         1.04932e-08
xtie.x_198_.net_1                  1.57534e-13
xtie.x_198_.net_3                        2.614
xtie.x_198_.sel1_n                        3.63
tie_c7                             1.04932e-08
xtie.x_198_.net_0                         3.63
xtie.x_198_.net_2                         3.63
xtie._064_                         1.56157e-08
xtie.x_199_.net_0                         3.63
xtie.x_200_.net_0                  2.84667e-15
xtie._029_                                3.63
xtie.x_200_.net_1                         3.63
xtie.x_201_.ncki                          3.63
xtie.x_201_.cki                     2.1931e-08
xtie.x_201_.net5                   1.57314e-13
xtie.x_201_.net4                          3.63
xtie.x_201_.net6                    8.2064e-06
xtie.x_201_.net0                   4.87356e-08
xtie.x_201_.net2                   1.56777e-07
xtie.x_201_.net1                   7.83887e-08
xtie.x_201_.net3                          3.63
xtie.x_201_.net7                          3.63
xtie.x_201_.net8                          3.63
xtie.x_201_.net1x                      1.33143
xtie.x_202_.ncki                          3.63
xtie.x_202_.cki                     2.1931e-08
xtie.x_202_.net5                   4.87356e-08
xtie.x_202_.net4                   9.74711e-08
xtie.x_202_.net6                    1.0191e-19
xtie.x_202_.net0                          3.63
xtie.x_202_.net2                          3.63
xtie.x_202_.net1                         2.614
xtie.x_202_.net3                   2.21761e-08
xtie.x_202_.net7                          3.63
xtie.x_202_.net8                          3.63
xtie.x_202_.net1x                         3.63
xtie.x_203_.ncki                          3.63
xtie.x_203_.cki                     2.1931e-08
xtie.x_203_.net5                   4.87356e-08
xtie.x_203_.net4                   9.74711e-08
xtie.x_203_.net6                    1.0191e-19
xtie.x_203_.net0                          3.63
xtie.x_203_.net2                          3.63
xtie.x_203_.net1                         2.614
xtie.x_203_.net3                   2.21761e-08
xtie.x_203_.net7                          3.63
xtie.x_203_.net8                          3.63
xtie.x_203_.net1x                         3.63
xtie.x_204_.ncki                          3.63
xtie.x_204_.cki                     2.1931e-08
xtie.x_204_.net5                   4.87356e-08
xtie.x_204_.net4                   9.74711e-08
xtie.x_204_.net6                    1.0191e-19
xtie.x_204_.net0                          3.63
xtie.x_204_.net2                          3.63
xtie.x_204_.net1                         2.614
xtie.x_204_.net3                   2.21761e-08
xtie.x_204_.net7                          3.63
xtie.x_204_.net8                          3.63
xtie.x_204_.net1x                         3.63
xtie.x_205_.ncki                          3.63
xtie.x_205_.cki                     2.1931e-08
xtie.x_205_.net5                   4.87356e-08
xtie.x_205_.net4                   9.74711e-08
xtie.x_205_.net6                    1.0191e-19
xtie.x_205_.net0                          3.63
xtie.x_205_.net2                          3.63
xtie.x_205_.net1                         2.614
xtie.x_205_.net3                   2.21761e-08
xtie.x_205_.net7                          3.63
xtie.x_205_.net8                          3.63
xtie.x_205_.net1x                         3.63
xtie.x_206_.ncki                          3.63
xtie.x_206_.cki                     2.1931e-08
xtie.x_206_.net5                   4.87356e-08
xtie.x_206_.net4                   9.74711e-08
xtie.x_206_.net6                    1.0191e-19
xtie.x_206_.net0                          3.63
xtie.x_206_.net2                          3.63
xtie.x_206_.net1                         2.614
xtie.x_206_.net3                   2.21761e-08
xtie.x_206_.net7                          3.63
xtie.x_206_.net8                          3.63
xtie.x_206_.net1x                         3.63
xtie.x_207_.ncki                          3.63
xtie.x_207_.cki                     2.1931e-08
xtie.x_207_.net5                   4.87356e-08
xtie.x_207_.net4                   9.74711e-08
xtie.x_207_.net6                    1.0191e-19
xtie.x_207_.net0                          3.63
xtie.x_207_.net2                          3.63
xtie.x_207_.net1                         2.614
xtie.x_207_.net3                   2.21761e-08
xtie.x_207_.net7                          3.63
xtie.x_207_.net8                          3.63
xtie.x_207_.net1x                         3.63
xtie.x_208_.ncki                          3.63
xtie.x_208_.cki                     2.1931e-08
xtie.x_208_.net5                   4.87356e-08
xtie.x_208_.net4                   9.74711e-08
xtie.x_208_.net6                    1.0191e-19
xtie.x_208_.net0                          3.63
xtie.x_208_.net2                          3.63
xtie.x_208_.net1                         2.614
xtie.x_208_.net3                   2.21761e-08
xtie.x_208_.net7                          3.63
xtie.x_208_.net8                          3.63
xtie.x_208_.net1x                         3.63
xtie.x_209_.ncki                          3.63
xtie.x_209_.cki                     2.1931e-08
xtie.x_209_.net5                   4.87356e-08
xtie.x_209_.net4                   9.74711e-08
xtie.x_209_.net6                    1.0191e-19
xtie.x_209_.net0                          3.63
xtie.x_209_.net2                          3.63
xtie.x_209_.net1                         2.614
xtie.x_209_.net3                   2.21761e-08
xtie.x_209_.net7                          3.63
xtie.x_209_.net8                          3.63
xtie.x_209_.net1x                         3.63
xtie.x_210_.ncki                          3.63
xtie.x_210_.cki                     2.1931e-08
xtie.x_210_.net5                   1.57314e-13
xtie.x_210_.net4                          3.63
xtie.x_210_.net6                    8.2064e-06
xtie.x_210_.net0                   4.87356e-08
xtie.x_210_.net2                   1.56777e-07
xtie.x_210_.net1                   7.83887e-08
xtie.x_210_.net3                          3.63
xtie.x_210_.net7                          3.63
xtie.x_210_.net8                          3.63
xtie.x_210_.net1x                      1.33143
xtie.x_211_.ncki                          3.63
xtie.x_211_.cki                     2.1931e-08
xtie.x_211_.net5                   4.87356e-08
xtie.x_211_.net4                   9.74711e-08
xtie.x_211_.net6                    1.0191e-19
xtie.x_211_.net0                          3.63
xtie.x_211_.net2                          3.63
xtie.x_211_.net1                         2.614
xtie.x_211_.net3                   2.21761e-08
xtie.x_211_.net7                          3.63
xtie.x_211_.net8                          3.63
xtie.x_211_.net1x                         3.63
xtie.x_212_.ncki                          3.63
xtie.x_212_.cki                     2.1931e-08
xtie.x_212_.net5                   4.87356e-08
xtie.x_212_.net4                   9.74711e-08
xtie.x_212_.net6                    1.0191e-19
xtie.x_212_.net0                          3.63
xtie.x_212_.net2                          3.63
xtie.x_212_.net1                         2.614
xtie.x_212_.net3                   2.21761e-08
xtie.x_212_.net7                          3.63
xtie.x_212_.net8                          3.63
xtie.x_212_.net1x                         3.63
xtie.x_213_.ncki                          3.63
xtie.x_213_.cki                     2.1931e-08
xtie.x_213_.net5                   1.57314e-13
xtie.x_213_.net4                          3.63
xtie.x_213_.net6                    8.2064e-06
xtie.x_213_.net0                   4.87356e-08
xtie.x_213_.net2                   1.56777e-07
xtie.x_213_.net1                   7.83887e-08
xtie.x_213_.net3                          3.63
xtie.x_213_.net7                          3.63
xtie.x_213_.net8                          3.63
xtie.x_213_.net1x                      1.33143
xtie.x_214_.ncki                          3.63
xtie.x_214_.cki                     2.1931e-08
xtie.x_214_.net5                   1.57314e-13
xtie.x_214_.net4                          3.63
xtie.x_214_.net6                    8.2064e-06
xtie.x_214_.net0                   4.87356e-08
xtie.x_214_.net2                   1.56777e-07
xtie.x_214_.net1                   7.83887e-08
xtie.x_214_.net3                          3.63
xtie.x_214_.net7                          3.63
xtie.x_214_.net8                          3.63
xtie.x_214_.net1x                      1.33143
xtie.x_215_.ncki                          3.63
xtie.x_215_.cki                     2.1931e-08
xtie.x_215_.net5                   1.57314e-13
xtie.x_215_.net4                          3.63
xtie.x_215_.net6                    8.2064e-06
xtie.x_215_.net0                   4.87356e-08
xtie.x_215_.net2                   1.56777e-07
xtie.x_215_.net1                   7.83887e-08
xtie.x_215_.net3                          3.63
xtie.x_215_.net7                          3.63
xtie.x_215_.net8                          3.63
xtie.x_215_.net1x                      1.33143
xtie.x_216_.ncki                          3.63
xtie.x_216_.cki                     2.1931e-08
xtie.x_216_.net5                   1.57314e-13
xtie.x_216_.net4                          3.63
xtie.x_216_.net6                    8.2064e-06
xtie.x_216_.net0                   4.87356e-08
xtie.x_216_.net2                   1.56777e-07
xtie.x_216_.net1                   7.83887e-08
xtie.x_216_.net3                          3.63
xtie.x_216_.net7                          3.63
xtie.x_216_.net8                          3.63
xtie.x_216_.net1x                      1.33143
xtie.x_217_.ncki                          3.63
xtie.x_217_.cki                     2.1931e-08
xtie.x_217_.net5                   1.57314e-13
xtie.x_217_.net4                          3.63
xtie.x_217_.net6                    8.2064e-06
xtie.x_217_.net0                   4.87356e-08
xtie.x_217_.net2                   1.56777e-07
xtie.x_217_.net1                   7.83887e-08
xtie.x_217_.net3                          3.63
xtie.x_217_.net7                          3.63
xtie.x_217_.net8                          3.63
xtie.x_217_.net1x                      1.33143
xtie.x_218_.ncki                          3.63
xtie.x_218_.cki                     2.1931e-08
xtie.x_218_.net5                   1.57314e-13
xtie.x_218_.net4                          3.63
xtie.x_218_.net6                    8.2064e-06
xtie.x_218_.net0                   4.87356e-08
xtie.x_218_.net2                   1.56777e-07
xtie.x_218_.net1                   7.83887e-08
xtie.x_218_.net3                          3.63
xtie.x_218_.net7                          3.63
xtie.x_218_.net8                          3.63
xtie.x_218_.net1x                      1.33143
xtie.x_219_.ncki                          3.63
xtie.x_219_.cki                     2.1931e-08
xtie.x_219_.net5                   1.57314e-13
xtie.x_219_.net4                          3.63
xtie.x_219_.net6                    8.2064e-06
xtie.x_219_.net0                   4.87356e-08
xtie.x_219_.net2                   1.56777e-07
xtie.x_219_.net1                   7.83887e-08
xtie.x_219_.net3                          3.63
xtie.x_219_.net7                          3.63
xtie.x_219_.net8                          3.63
xtie.x_219_.net1x                      1.33143
xtie.x_220_.ncki                          3.63
xtie.x_220_.cki                     2.1931e-08
xtie.x_220_.net5                   1.57314e-13
xtie.x_220_.net4                          3.63
xtie.x_220_.net6                    8.2064e-06
xtie.x_220_.net0                   4.87356e-08
xtie.x_220_.net2                   1.56777e-07
xtie.x_220_.net1                   7.83887e-08
xtie.x_220_.net3                          3.63
xtie.x_220_.net7                          3.63
xtie.x_220_.net8                          3.63
xtie.x_220_.net1x                      1.33143
xtie.x_221_.ncki                          3.63
xtie.x_221_.cki                     2.1931e-08
xtie.x_221_.net5                   4.87356e-08
xtie.x_221_.net4                   9.74711e-08
xtie.x_221_.net6                    1.0191e-19
xtie.x_221_.net0                          3.63
xtie.x_221_.net2                          3.63
xtie.x_221_.net1                         2.614
xtie.x_221_.net3                   2.21761e-08
xtie.x_221_.net7                          3.63
xtie.x_221_.net8                          3.63
xtie.x_221_.net1x                         3.63
xtie.x_222_.ncki                          3.63
xtie.x_222_.cki                     2.1931e-08
xtie.x_222_.net5                   4.87356e-08
xtie.x_222_.net4                   9.74711e-08
xtie.x_222_.net6                    1.0191e-19
xtie.x_222_.net0                          3.63
xtie.x_222_.net2                          3.63
xtie.x_222_.net1                         2.614
xtie.x_222_.net3                   2.21761e-08
xtie.x_222_.net7                          3.63
xtie.x_222_.net8                          3.63
xtie.x_222_.net1x                         3.63
xtie.x_223_.ncki                          3.63
xtie.x_223_.cki                     2.1931e-08
xtie.x_223_.net5                   4.87356e-08
xtie.x_223_.net4                   9.74711e-08
xtie.x_223_.net6                    1.0191e-19
xtie.x_223_.net0                          3.63
xtie.x_223_.net2                          3.63
xtie.x_223_.net1                         2.614
xtie.x_223_.net3                   2.21761e-08
xtie.x_223_.net7                          3.63
xtie.x_223_.net8                          3.63
xtie.x_223_.net1x                         3.63
xtie.x_224_.ncki                          3.63
xtie.x_224_.cki                     2.1931e-08
xtie.x_224_.net5                   4.87356e-08
xtie.x_224_.net4                   9.74711e-08
xtie.x_224_.net6                    1.0191e-19
xtie.x_224_.net0                          3.63
xtie.x_224_.net2                          3.63
xtie.x_224_.net1                         2.614
xtie.x_224_.net3                   2.21761e-08
xtie.x_224_.net7                          3.63
xtie.x_224_.net8                          3.63
xtie.x_224_.net1x                         3.63
xtie.x_225_.ncki                          3.63
xtie.x_225_.cki                     2.1931e-08
xtie.x_225_.net5                   4.87356e-08
xtie.x_225_.net4                   9.74711e-08
xtie.x_225_.net6                    1.0191e-19
xtie.x_225_.net0                          3.63
xtie.x_225_.net2                          3.63
xtie.x_225_.net1                         2.614
xtie.x_225_.net3                   2.21761e-08
xtie.x_225_.net7                          3.63
xtie.x_225_.net8                          3.63
xtie.x_225_.net1x                         3.63
xtie.x_226_.ncki                          3.63
xtie.x_226_.cki                     2.1931e-08
xtie.x_226_.net5                   4.87356e-08
xtie.x_226_.net4                   9.74711e-08
xtie.x_226_.net6                    1.0191e-19
xtie.x_226_.net0                          3.63
xtie.x_226_.net2                          3.63
xtie.x_226_.net1                         2.614
xtie.x_226_.net3                   2.21761e-08
xtie.x_226_.net7                          3.63
xtie.x_226_.net8                          3.63
xtie.x_226_.net1x                         3.63
xtie.x_227_.ncki                          3.63
xtie.x_227_.cki                     2.1931e-08
xtie.x_227_.net5                   4.87356e-08
xtie.x_227_.net4                   9.74711e-08
xtie.x_227_.net6                    1.0191e-19
xtie.x_227_.net0                          3.63
xtie.x_227_.net2                          3.63
xtie.x_227_.net1                         2.614
xtie.x_227_.net3                   2.21761e-08
xtie.x_227_.net7                          3.63
xtie.x_227_.net8                          3.63
xtie.x_227_.net1x                         3.63
xtie.x_228_.ncki                          3.63
xtie.x_228_.cki                     2.1931e-08
xtie.x_228_.net5                   4.87356e-08
xtie.x_228_.net4                   9.74711e-08
xtie.x_228_.net6                    1.0191e-19
xtie.x_228_.net0                          3.63
xtie.x_228_.net2                          3.63
xtie.x_228_.net1                         2.614
xtie.x_228_.net3                   2.21761e-08
xtie.x_228_.net7                          3.63
xtie.x_228_.net8                          3.63
xtie.x_228_.net1x                         3.63
xtie.x_229_.ncki                          3.63
xtie.x_229_.cki                     2.1931e-08
xtie.x_229_.net5                   1.57314e-13
xtie.x_229_.net4                          3.63
xtie.x_229_.net6                    8.2064e-06
xtie.x_229_.net0                   4.87356e-08
xtie.x_229_.net2                   1.56777e-07
xtie.x_229_.net1                   7.83887e-08
xtie.x_229_.net3                          3.63
xtie.x_229_.net7                          3.63
xtie.x_229_.net8                          3.63
xtie.x_229_.net1x                      1.33143
xtie.x_230_.ncki                          3.63
xtie.x_230_.cki                     2.1931e-08
xtie.x_230_.net5                   4.87356e-08
xtie.x_230_.net4                   9.74711e-08
xtie.x_230_.net6                    1.0191e-19
xtie.x_230_.net0                          3.63
xtie.x_230_.net2                   1.56778e-07
xtie.x_230_.net1                   7.83888e-08
xtie.x_230_.net3                          3.63
xtie.x_230_.net7                          3.63
xtie.x_230_.net8                          3.63
xtie.x_230_.net1x                      1.33143
xtie.x_231_.ncki                          3.63
xtie.x_231_.cki                     2.1931e-08
xtie.x_231_.net5                   1.57314e-13
xtie.x_231_.net4                          3.63
xtie.x_231_.net6                    8.2064e-06
xtie.x_231_.net0                   4.87356e-08
xtie.x_231_.net2                   1.56777e-07
xtie.x_231_.net1                   7.83887e-08
xtie.x_231_.net3                          3.63
xtie.x_231_.net7                          3.63
xtie.x_231_.net8                          3.63
xtie.x_231_.net1x                      1.33143
xtie.x_232_.ncki                          3.63
xtie.x_232_.cki                     2.1931e-08
xtie.x_232_.net5                   1.57314e-13
xtie.x_232_.net4                          3.63
xtie.x_232_.net6                    8.2064e-06
xtie.x_232_.net0                   4.87356e-08
xtie.x_232_.net2                   1.56777e-07
xtie.x_232_.net1                   7.83887e-08
xtie.x_232_.net3                          3.63
xtie.x_232_.net7                          3.63
xtie.x_232_.net8                          3.63
xtie.x_232_.net1x                      1.33143
xtie.x_233_.ncki                          3.63
xtie.x_233_.cki                     2.1931e-08
xtie.x_233_.net5                   1.57314e-13
xtie.x_233_.net4                          3.63
xtie.x_233_.net6                    8.2064e-06
xtie.x_233_.net0                   4.87356e-08
xtie.x_233_.net2                   1.56777e-07
xtie.x_233_.net1                   7.83887e-08
xtie.x_233_.net3                          3.63
xtie.x_233_.net7                          3.63
xtie.x_233_.net8                          3.63
xtie.x_233_.net1x                      1.33143
xtie.x_234_.ncki                          3.63
xtie.x_234_.cki                     2.1931e-08
xtie.x_234_.net5                   1.57314e-13
xtie.x_234_.net4                          3.63
xtie.x_234_.net6                    8.2064e-06
xtie.x_234_.net0                   4.87356e-08
xtie.x_234_.net2                   1.56777e-07
xtie.x_234_.net1                   7.83887e-08
xtie.x_234_.net3                          3.63
xtie.x_234_.net7                          3.63
xtie.x_234_.net8                          3.63
xtie.x_234_.net1x                      1.33143
xtie.x_235_.ncki                          3.63
xtie.x_235_.cki                     2.1931e-08
xtie.x_235_.net5                   1.57314e-13
xtie.x_235_.net4                          3.63
xtie.x_235_.net6                    8.2064e-06
xtie.x_235_.net0                   4.87356e-08
xtie.x_235_.net2                   1.56777e-07
xtie.x_235_.net1                   7.83887e-08
xtie.x_235_.net3                          3.63
xtie.x_235_.net7                          3.63
xtie.x_235_.net8                          3.63
xtie.x_235_.net1x                      1.33143
xtie.x_236_.ncki                          3.63
xtie.x_236_.cki                     2.1931e-08
xtie.x_236_.net5                   1.57314e-13
xtie.x_236_.net4                          3.63
xtie.x_236_.net6                    8.2064e-06
xtie.x_236_.net0                   4.87356e-08
xtie.x_236_.net2                   1.56777e-07
xtie.x_236_.net1                   7.83887e-08
xtie.x_236_.net3                          3.63
xtie.x_236_.net7                          3.63
xtie.x_236_.net8                          3.63
xtie.x_236_.net1x                      1.33143
xtie.x_237_.ncki                          3.63
xtie.x_237_.cki                     2.1931e-08
xtie.x_237_.net5                   1.57314e-13
xtie.x_237_.net4                          3.63
xtie.x_237_.net6                    8.2064e-06
xtie.x_237_.net0                   4.87356e-08
xtie.x_237_.net2                   1.56777e-07
xtie.x_237_.net1                   7.83887e-08
xtie.x_237_.net3                          3.63
xtie.x_237_.net7                          3.63
xtie.x_237_.net8                          3.63
xtie.x_237_.net1x                      1.33143
xtie.x_238_.ncki                          3.63
xtie.x_238_.cki                     2.1931e-08
xtie.x_238_.net5                   1.57314e-13
xtie.x_238_.net4                          3.63
xtie.x_238_.net6                    8.2064e-06
xtie.x_238_.net0                   4.87356e-08
xtie.x_238_.net2                   1.56777e-07
xtie.x_238_.net1                   7.83887e-08
xtie.x_238_.net3                          3.63
xtie.x_238_.net7                          3.63
xtie.x_238_.net8                          3.63
xtie.x_238_.net1x                      1.33143
xtie.x_239_.ncki                          3.63
xtie.x_239_.cki                     2.1931e-08
xtie.x_239_.net5                   1.57314e-13
xtie.x_239_.net4                          3.63
xtie.x_239_.net6                    8.2064e-06
xtie.x_239_.net0                   4.87356e-08
xtie.x_239_.net2                   1.56777e-07
xtie.x_239_.net1                   7.83887e-08
xtie.x_239_.net3                          3.63
xtie.x_239_.net7                          3.63
xtie.x_239_.net8                          3.63
xtie.x_239_.net1x                      1.33143
xtie.x_240_.ncki                          3.63
xtie.x_240_.cki                     2.1931e-08
xtie.x_240_.net5                   1.57314e-13
xtie.x_240_.net4                          3.63
xtie.x_240_.net6                    8.2064e-06
xtie.x_240_.net0                   4.87356e-08
xtie.x_240_.net2                   1.56777e-07
xtie.x_240_.net1                   7.83887e-08
xtie.x_240_.net3                          3.63
xtie.x_240_.net7                          3.63
xtie.x_240_.net8                          3.63
xtie.x_240_.net1x                      1.33143
xtie.x_241_.ncki                          3.63
xtie.x_241_.cki                     2.1931e-08
xtie.x_241_.net5                   1.57314e-13
xtie.x_241_.net4                          3.63
xtie.x_241_.net6                    8.2064e-06
xtie.x_241_.net0                   4.87356e-08
xtie.x_241_.net2                   1.56777e-07
xtie.x_241_.net1                   7.83887e-08
xtie.x_241_.net3                          3.63
xtie.x_241_.net7                          3.63
xtie.x_241_.net8                          3.63
xtie.x_241_.net1x                      1.33143
xtie.x_242_.ncki                          3.63
xtie.x_242_.cki                     2.1931e-08
xtie.x_242_.net5                   1.57314e-13
xtie.x_242_.net4                          3.63
xtie.x_242_.net6                    8.2064e-06
xtie.x_242_.net0                   4.87356e-08
xtie.x_242_.net2                   1.56777e-07
xtie.x_242_.net1                   7.83887e-08
xtie.x_242_.net3                          3.63
xtie.x_242_.net7                          3.63
xtie.x_242_.net8                          3.63
xtie.x_242_.net1x                      1.33143
xtie.x_243_.ncki                          3.63
xtie.x_243_.cki                     2.1931e-08
xtie.x_243_.net5                   1.57314e-13
xtie.x_243_.net4                          3.63
xtie.x_243_.net6                    8.2064e-06
xtie.x_243_.net0                   4.87356e-08
xtie.x_243_.net2                   1.56777e-07
xtie.x_243_.net1                   7.83887e-08
xtie.x_243_.net3                          3.63
xtie.x_243_.net7                          3.63
xtie.x_243_.net8                          3.63
xtie.x_243_.net1x                      1.33143
xtie.x_244_.ncki                          3.63
xtie.x_244_.cki                     2.1931e-08
xtie.x_244_.net5                   1.57314e-13
xtie.x_244_.net4                          3.63
xtie.x_244_.net6                    8.2064e-06
xtie.x_244_.net0                   4.87356e-08
xtie.x_244_.net2                   1.56777e-07
xtie.x_244_.net1                   7.83887e-08
xtie.x_244_.net3                          3.63
xtie.x_244_.net7                          3.63
xtie.x_244_.net8                          3.63
xtie.x_244_.net1x                      1.33143
xtie.x_245_.ncki                          3.63
xtie.x_245_.cki                     2.1931e-08
xtie.x_245_.net5                   1.57314e-13
xtie.x_245_.net4                          3.63
xtie.x_245_.net6                    8.2064e-06
xtie.x_245_.net0                   4.87356e-08
xtie.x_245_.net2                   1.56777e-07
xtie.x_245_.net1                   7.83887e-08
xtie.x_245_.net3                          3.63
xtie.x_245_.net7                          3.63
xtie.x_245_.net8                          3.63
xtie.x_245_.net1x                      1.33143
tie_vinp                                 1.815
tie_shp                                  1.815
tie_vinn                                 1.815
tie_shn                                  1.815
tie_sampd                          9.39725e-08
tie_shxp                                 1.815
tie_shxn                                 1.815
tie_topip                              3.62291
tie_topin                                1.815
tie_topp                               3.62291
tie_topn                                 1.815
tie_cmpd                                  3.63
tie_code                                     3
tie_conf                           2.48121e-07
tie_nside                          5.30375e-08
tie_acq                            2.58877e-08
tie_iso                            -2.2997e-08
tie_dev                                      0
btiedev#branch                               0
btieiso#branch                               0
btieacq#branch                               0
btienside#branch                             0
btieconf#branch                              0
btiecode#branch                              0
btiecmp#branch                    -7.63278e-22
btietopn#branch                   -3.08781e-21
btietopp#branch                   -2.14195e-19
vvdd_gate#branch                  -2.82109e-09
vtiecm#branch                     -3.32989e-28
vtiein#branch                     -3.32989e-28
vtiemode#branch                              0
vtiestart#branch                             0
vclk#branch                                  0

 Reference value :  0.00000e+00
 Reference value :  1.96000e-10
 Reference value :  7.25916e-10
 Reference value :  2.52376e-09
 Reference value :  1.48189e-08
 Reference value :  2.29843e-08
 Reference value :  3.17860e-08
 Reference value :  5.18339e-08
 Reference value :  6.27050e-08
 Reference value :  6.41429e-08
 Reference value :  9.39570e-08
 Reference value :  9.58127e-08
 Reference value :  1.25065e-07
 Reference value :  1.25498e-07
 Reference value :  1.33582e-07
 Reference value :  1.56471e-07
 Reference value :  1.56936e-07
 Reference value :  1.59840e-07
 Reference value :  1.87530e-07
 Reference value :  1.87807e-07
 Reference value :  1.88543e-07
 Reference value :  1.97098e-07
 Reference value :  2.19055e-07
 Reference value :  2.19639e-07
 Reference value :  2.22405e-07
 Reference value :  2.50030e-07
 Reference value :  2.50307e-07
 Reference value :  2.51046e-07
 Reference value :  2.60350e-07
 Reference value :  2.81471e-07
 Reference value :  2.82139e-07
 Reference value :  2.84907e-07
 Reference value :  3.12530e-07
 Reference value :  3.12807e-07
 Reference value :  3.13325e-07
 Reference value :  3.14169e-07
 Reference value :  3.30141e-07
 Reference value :  3.44055e-07
 Reference value :  3.44845e-07
 Reference value :  3.49053e-07
 Reference value :  3.75100e-07
 Reference value :  3.75425e-07
 Reference value :  3.75864e-07
 Reference value :  3.77257e-07
 Reference value :  3.90947e-07
 Reference value :  4.06499e-07
 Reference value :  4.07132e-07
 Reference value :  4.14057e-07
 Reference value :  4.37621e-07
 Reference value :  4.38068e-07
 Reference value :  4.38564e-07
 Reference value :  4.40110e-07
 Reference value :  4.50187e-07
 Reference value :  4.55842e-07
 Reference value :  4.68915e-07
 Reference value :  4.69279e-07
 Reference value :  4.71278e-07
 Reference value :  5.00010e-07
 Reference value :  5.00307e-07
 Reference value :  5.00903e-07
 Reference value :  5.02130e-07
 Reference value :  5.24001e-07
 Reference value :  5.31654e-07
 Reference value :  5.32703e-07
 Reference value :  5.48323e-07
 Reference value :  5.62705e-07
 Reference value :  5.63231e-07
 Reference value :  5.63952e-07
 Reference value :  5.71504e-07
 Reference value :  5.93957e-07
 Reference value :  5.94424e-07
 Reference value :  5.97299e-07
 Reference value :  6.25065e-07
 Reference value :  6.25425e-07
 Reference value :  6.26072e-07
 Reference value :  6.28874e-07
 Reference value :  6.56360e-07
 Reference value :  6.56781e-07
 Reference value :  6.58790e-07
 Reference value :  6.87500e-07
 Reference value :  6.87807e-07
 Reference value :  6.88403e-07
 Reference value :  6.89628e-07
 Reference value :  7.11504e-07
 Reference value :  7.19154e-07
 Reference value :  7.20203e-07
 Reference value :  7.30824e-07
 Reference value :  7.50149e-07
 Reference value :  7.50731e-07
 Reference value :  7.51688e-07
 Reference value :  7.64008e-07
 Reference value :  7.81471e-07
 Reference value :  7.81924e-07
 Reference value :  7.84798e-07
 Reference value :  8.12530e-07
 Reference value :  8.12807e-07
 Reference value :  8.13403e-07
 Reference value :  8.14628e-07
 Reference value :  8.36507e-07
 Reference value :  8.44154e-07
 Reference value :  8.45203e-07
 Reference value :  8.60824e-07
 Reference value :  8.75205e-07
 Reference value :  8.75731e-07
 Reference value :  8.76670e-07
 Reference value :  8.90302e-07
 Reference value :  9.06471e-07
 Reference value :  9.06924e-07
 Reference value :  9.09796e-07
 Reference value :  9.37530e-07
 Reference value :  9.37925e-07
 Reference value :  9.38562e-07
 Reference value :  9.39353e-07
 Reference value :  9.56191e-07
 Reference value :  9.69055e-07
 Reference value :  9.69626e-07
 Reference value :  9.76530e-07
 Reference value :  1.00011e-06
 Reference value :  1.00042e-06
 Reference value :  1.00102e-06
 Reference value :  1.00172e-06
 Reference value :  1.00663e-06
 Reference value :  1.03135e-06
 Reference value :  1.03165e-06
 Reference value :  1.03270e-06
 Reference value :  1.04837e-06
 Reference value :  1.05733e-06
 Reference value :  1.06260e-06
 Reference value :  1.06264e-06
 Reference value :  1.06265e-06
 Reference value :  1.06276e-06
 Reference value :  1.06310e-06
 Reference value :  1.06311e-06
 Reference value :  1.06342e-06
 Reference value :  1.06421e-06
 Reference value :  1.09386e-06
 Reference value :  1.09386e-06
 Reference value :  1.09386e-06
 Reference value :  1.09386e-06
 Reference value :  1.09395e-06
 Reference value :  1.09398e-06
 Reference value :  1.09399e-06
 Reference value :  1.09399e-06
 Reference value :  1.09399e-06
 Reference value :  1.09400e-06
 Reference value :  1.09406e-06
 Reference value :  1.09408e-06
 Reference value :  1.09408e-06
 Reference value :  1.09409e-06
 Reference value :  1.09409e-06
 Reference value :  1.09410e-06
 Reference value :  1.09410e-06
 Reference value :  1.09411e-06
 Reference value :  1.09411e-06
 Reference value :  1.09411e-06
 Reference value :  1.09411e-06
 Reference value :  1.09411e-06
 Reference value :  1.09419e-06
 Reference value :  1.09421e-06
 Reference value :  1.09422e-06
 Reference value :  1.09423e-06
 Reference value :  1.09423e-06
 Reference value :  1.09423e-06
 Reference value :  1.09464e-06
 Reference value :  1.11768e-06
 Reference value :  1.12500e-06
 Reference value :  1.12501e-06
 Reference value :  1.12501e-06
 Reference value :  1.12501e-06
 Reference value :  1.12501e-06
 Reference value :  1.12501e-06
 Reference value :  1.12502e-06
 Reference value :  1.12502e-06
 Reference value :  1.12502e-06
 Reference value :  1.12502e-06
 Reference value :  1.12502e-06
 Reference value :  1.12502e-06
 Reference value :  1.12502e-06
 Reference value :  1.12502e-06
 Reference value :  1.12502e-06
 Reference value :  1.12502e-06
 Reference value :  1.12502e-06
 Reference value :  1.12502e-06
 Reference value :  1.12503e-06
 Reference value :  1.12503e-06
 Reference value :  1.12503e-06
 Reference value :  1.12503e-06
 Reference value :  1.12503e-06
 Reference value :  1.12503e-06
 Reference value :  1.12503e-06
 Reference value :  1.12504e-06
 Reference value :  1.12504e-06
 Reference value :  1.12504e-06
 Reference value :  1.12504e-06
 Reference value :  1.12504e-06
 Reference value :  1.12504e-06
 Reference value :  1.12504e-06
 Reference value :  1.12505e-06
 Reference value :  1.12505e-06
 Reference value :  1.12505e-06
 Reference value :  1.12505e-06
 Reference value :  1.12505e-06
 Reference value :  1.12505e-06
 Reference value :  1.12505e-06
 Reference value :  1.12505e-06
 Reference value :  1.12505e-06
 Reference value :  1.12505e-06
 Reference value :  1.12505e-06
 Reference value :  1.12505e-06
 Reference value :  1.12505e-06
 Reference value :  1.12512e-06
 Reference value :  1.12524e-06
 Reference value :  1.12550e-06
 Reference value :  1.12578e-06
 Reference value :  1.12595e-06
 Reference value :  1.12664e-06
 Reference value :  1.13235e-06
 Reference value :  1.13979e-06
 Reference value :  1.14258e-06
 Reference value :  1.14417e-06
 Reference value :  1.15057e-06
 Reference value :  1.15358e-06
 Reference value :  1.15638e-06
 Reference value :  1.15673e-06
 Reference value :  1.15747e-06
 Reference value :  1.18750e-06
 Reference value :  1.18781e-06
 Reference value :  1.18854e-06
 Reference value :  1.19739e-06
 Reference value :  1.21900e-06
 Reference value :  1.21964e-06
 Reference value :  1.22239e-06
 Reference value :  1.25006e-06
 Reference value :  1.25042e-06
 Reference value :  1.25126e-06
 Reference value :  1.27038e-06
 Reference value :  1.28154e-06
 Reference value :  1.28168e-06
 Reference value :  1.28197e-06
 Reference value :  1.30028e-06
 Reference value :  1.31262e-06
 Reference value :  1.31263e-06
 Reference value :  1.31263e-06
 Reference value :  1.31263e-06
 Reference value :  1.31263e-06
 Reference value :  1.31263e-06
 Reference value :  1.31264e-06
 Reference value :  1.31264e-06
 Reference value :  1.31264e-06
 Reference value :  1.31264e-06
 Reference value :  1.31264e-06
 Reference value :  1.31264e-06
 Reference value :  1.31264e-06
 Reference value :  1.31264e-06
 Reference value :  1.31264e-06
 Reference value :  1.31264e-06
 Reference value :  1.31264e-06
 Reference value :  1.31264e-06
 Reference value :  1.31264e-06
 Reference value :  1.31264e-06
 Reference value :  1.31264e-06
 Reference value :  1.31264e-06
 Reference value :  1.31265e-06
 Reference value :  1.31265e-06
 Reference value :  1.31265e-06
 Reference value :  1.31265e-06
 Reference value :  1.31265e-06
 Reference value :  1.31274e-06
 Reference value :  1.31316e-06
 Reference value :  1.31367e-06
 Reference value :  1.31700e-06
 Reference value :  1.32801e-06
 Reference value :  1.34388e-06
 Reference value :  1.34400e-06
 Reference value :  1.34403e-06
 Reference value :  1.34404e-06
 Reference value :  1.34404e-06
 Reference value :  1.34404e-06
 Reference value :  1.34404e-06
 Reference value :  1.34405e-06
 Reference value :  1.34405e-06
 Reference value :  1.34405e-06
 Reference value :  1.34405e-06
 Reference value :  1.34405e-06
 Reference value :  1.34405e-06
 Reference value :  1.34405e-06
 Reference value :  1.34405e-06
 Reference value :  1.34405e-06
 Reference value :  1.34405e-06
 Reference value :  1.34405e-06
 Reference value :  1.34405e-06
 Reference value :  1.34405e-06
 Reference value :  1.34405e-06
 Reference value :  1.34405e-06
 Reference value :  1.34419e-06
 Reference value :  1.34453e-06
 Reference value :  1.34817e-06
 Reference value :  1.37511e-06
 Reference value :  1.37511e-06
 Reference value :  1.37513e-06
 Reference value :  1.37513e-06
 Reference value :  1.37513e-06
 Reference value :  1.37513e-06
 Reference value :  1.37513e-06
 Reference value :  1.37514e-06
 Reference value :  1.37514e-06
 Reference value :  1.37514e-06
 Reference value :  1.37514e-06
 Reference value :  1.37515e-06
 Reference value :  1.37515e-06
 Reference value :  1.37515e-06
 Reference value :  1.37515e-06
 Reference value :  1.37515e-06
 Reference value :  1.37515e-06
 Reference value :  1.37516e-06
 Reference value :  1.37516e-06
 Reference value :  1.37516e-06
 Reference value :  1.37516e-06
 Reference value :  1.37528e-06
 Reference value :  1.37529e-06
 Reference value :  1.37555e-06
 Reference value :  1.37572e-06
 Reference value :  1.37606e-06
 Reference value :  1.37657e-06
 Reference value :  1.37718e-06
 Reference value :  1.39022e-06
 Reference value :  1.39845e-06
 Reference value :  1.40284e-06
 Reference value :  1.40534e-06
 Reference value :  1.40655e-06
 Reference value :  1.40691e-06
 Reference value :  1.41038e-06
 Reference value :  1.43137e-06
 Reference value :  1.43564e-06
 Reference value :  1.43753e-06
 Reference value :  1.43755e-06
 Reference value :  1.43755e-06
 Reference value :  1.43771e-06
 Reference value :  1.43793e-06
 Reference value :  1.43809e-06
 Reference value :  1.43835e-06
 Reference value :  1.43955e-06
 Reference value :  1.46896e-06
 Reference value :  1.46944e-06
 Reference value :  1.47132e-06
 Reference value :  1.50000e-06
 Reference value :  1.50031e-06
 Reference value :  1.50090e-06
 Reference value :  1.50189e-06
 Reference value :  1.52017e-06
 Reference value :  1.53155e-06
 Reference value :  1.53212e-06
 Reference value :  1.53477e-06
 Reference value :  1.56253e-06
 Reference value :  1.56281e-06
 Reference value :  1.56340e-06
 Reference value :  1.56439e-06
 Reference value :  1.58268e-06
 Reference value :  1.59405e-06
 Reference value :  1.59519e-06
 Reference value :  1.61082e-06
 Reference value :  1.62531e-06
 Reference value :  1.62590e-06
 Reference value :  1.62689e-06
 Reference value :  1.64518e-06
 Reference value :  1.65655e-06
 Reference value :  1.65712e-06
 Reference value :  1.65977e-06
 Reference value :  1.68753e-06
 Reference value :  1.68781e-06
 Reference value :  1.68840e-06
 Reference value :  1.68975e-06
 Reference value :  1.71268e-06
 Reference value :  1.71915e-06
 Reference value :  1.72019e-06
 Reference value :  1.73582e-06
 Reference value :  1.75020e-06
 Reference value :  1.75073e-06
 Reference value :  1.75166e-06
 Reference value :  1.76018e-06
 Reference value :  1.78147e-06
 Reference value :  1.78192e-06
 Reference value :  1.78377e-06
 Reference value :  1.81253e-06
 Reference value :  1.81292e-06
 Reference value :  1.81356e-06
 Reference value :  1.81538e-06
 Reference value :  1.84385e-06
 Reference value :  1.84415e-06
 Reference value :  1.84519e-06
 Reference value :  1.86081e-06
 Reference value :  1.87520e-06
 Reference value :  1.87573e-06
 Reference value :  1.87668e-06
 Reference value :  1.88544e-06
 Reference value :  1.90647e-06
 Reference value :  1.90712e-06
 Reference value :  1.90977e-06
 Reference value :  1.93762e-06
 Reference value :  1.93803e-06
 Reference value :  1.93853e-06
 Reference value :  1.93971e-06
 Reference value :  1.96540e-06
 Reference value :  1.96905e-06
 Reference value :  1.96943e-06
 Reference value :  1.97128e-06
 Reference value :  2.00001e-06
 Reference value :  2.00031e-06
 Reference value :  2.00087e-06
 Reference value :  2.00134e-06
 Reference value :  2.00240e-06
 Reference value :  2.01714e-06
 Reference value :  2.03147e-06
 Reference value :  2.03192e-06
 Reference value :  2.03480e-06
 Reference value :  2.05730e-06
 Reference value :  2.06260e-06
 Reference value :  2.06264e-06
 Reference value :  2.06265e-06
 Reference value :  2.06265e-06
 Reference value :  2.06267e-06
 Reference value :  2.06267e-06
 Reference value :  2.06287e-06
 Reference value :  2.06319e-06
 Reference value :  2.06353e-06
 Reference value :  2.06639e-06
 Reference value :  2.09386e-06
 Reference value :  2.09386e-06
 Reference value :  2.09386e-06
 Reference value :  2.09392e-06
 Reference value :  2.09398e-06
 Reference value :  2.09398e-06
 Reference value :  2.09398e-06
 Reference value :  2.09399e-06
 Reference value :  2.09399e-06
 Reference value :  2.09399e-06
 Reference value :  2.09399e-06
 Reference value :  2.09399e-06
 Reference value :  2.09399e-06
 Reference value :  2.09400e-06
 Reference value :  2.09400e-06
 Reference value :  2.09400e-06
 Reference value :  2.09400e-06
 Reference value :  2.09400e-06
 Reference value :  2.09400e-06
 Reference value :  2.09400e-06
 Reference value :  2.09400e-06
 Reference value :  2.09400e-06
 Reference value :  2.09400e-06
 Reference value :  2.09400e-06
 Reference value :  2.09400e-06
 Reference value :  2.09400e-06
 Reference value :  2.09400e-06
 Reference value :  2.09400e-06
 Reference value :  2.09400e-06
 Reference value :  2.09407e-06
 Reference value :  2.09408e-06
 Reference value :  2.09409e-06
 Reference value :  2.09409e-06
 Reference value :  2.09409e-06
 Reference value :  2.09409e-06
 Reference value :  2.09409e-06
 Reference value :  2.09409e-06
 Reference value :  2.09410e-06
 Reference value :  2.09410e-06
 Reference value :  2.09410e-06
 Reference value :  2.09410e-06
 Reference value :  2.09410e-06
 Reference value :  2.09411e-06
 Reference value :  2.09411e-06
 Reference value :  2.09411e-06
 Reference value :  2.09411e-06
 Reference value :  2.09411e-06
 Reference value :  2.09434e-06
 Reference value :  2.09476e-06
 Reference value :  2.12082e-06
 Reference value :  2.12507e-06
 Reference value :  2.12514e-06
 Reference value :  2.12522e-06
 Reference value :  2.12546e-06
 Reference value :  2.12575e-06
 Reference value :  2.12615e-06
 Reference value :  2.12666e-06
 Reference value :  2.12947e-06
 Reference value :  2.13731e-06
 Reference value :  2.14112e-06
 Reference value :  2.14328e-06
 Reference value :  2.15215e-06
 Reference value :  2.15678e-06
 Reference value :  2.15772e-06
 Reference value :  2.17390e-06
 Reference value :  2.18770e-06
 Reference value :  2.18823e-06
 Reference value :  2.18916e-06
 Reference value :  2.21885e-06
 Reference value :  2.21928e-06
 Reference value :  2.22023e-06
 Reference value :  2.23142e-06
 Reference value :  2.25012e-06
 Reference value :  2.25066e-06
 Reference value :  2.25112e-06
 Reference value :  2.27670e-06
 Reference value :  2.28153e-06
 Reference value :  2.28168e-06
 Reference value :  2.28198e-06
 Reference value :  2.30539e-06
 Reference value :  2.31262e-06
 Reference value :  2.31263e-06
 Reference value :  2.31263e-06
 Reference value :  2.31263e-06
 Reference value :  2.31264e-06
 Reference value :  2.31264e-06
 Reference value :  2.31264e-06
 Reference value :  2.31265e-06
 Reference value :  2.31265e-06
 Reference value :  2.31280e-06
 Reference value :  2.31336e-06
 Reference value :  2.31437e-06
 Reference value :  2.32795e-06
 Reference value :  2.34388e-06
 Reference value :  2.34400e-06
 Reference value :  2.34403e-06
 Reference value :  2.34403e-06
 Reference value :  2.34404e-06
 Reference value :  2.34404e-06
 Reference value :  2.34404e-06
 Reference value :  2.34404e-06
 Reference value :  2.34405e-06
 Reference value :  2.34405e-06
 Reference value :  2.34405e-06
 Reference value :  2.34405e-06
 Reference value :  2.34405e-06
 Reference value :  2.34405e-06
 Reference value :  2.34405e-06
 Reference value :  2.34419e-06
 Reference value :  2.34453e-06
 Reference value :  2.34847e-06
 Reference value :  2.37511e-06
 Reference value :  2.37511e-06
 Reference value :  2.37513e-06
 Reference value :  2.37513e-06
 Reference value :  2.37513e-06
 Reference value :  2.37514e-06
 Reference value :  2.37514e-06
 Reference value :  2.37514e-06
 Reference value :  2.37514e-06
 Reference value :  2.37515e-06
 Reference value :  2.37515e-06
 Reference value :  2.37515e-06
 Reference value :  2.37516e-06
 Reference value :  2.37516e-06
 Reference value :  2.37516e-06
 Reference value :  2.37526e-06
 Reference value :  2.37568e-06
 Reference value :  2.37603e-06
 Reference value :  2.37662e-06
 Reference value :  2.37833e-06
 Reference value :  2.39482e-06
 Reference value :  2.40107e-06
 Reference value :  2.40636e-06
 Reference value :  2.40665e-06
 Reference value :  2.40707e-06
 Reference value :  2.41659e-06
 Reference value :  2.42875e-06
 Reference value :  2.43273e-06
 Reference value :  2.43750e-06
 Reference value :  2.43750e-06
 Reference value :  2.43750e-06
 Reference value :  2.43750e-06
 Reference value :  2.43750e-06
 Reference value :  2.43751e-06
 Reference value :  2.43751e-06
 Reference value :  2.43751e-06
 Reference value :  2.43751e-06
 Reference value :  2.43752e-06
 Reference value :  2.43752e-06
 Reference value :  2.43753e-06
 Reference value :  2.43753e-06
 Reference value :  2.43754e-06
 Reference value :  2.43754e-06
 Reference value :  2.43755e-06
 Reference value :  2.43755e-06
 Reference value :  2.43755e-06
 Reference value :  2.43755e-06
 Reference value :  2.43755e-06
 Reference value :  2.43755e-06
 Reference value :  2.43756e-06
 Reference value :  2.43756e-06
 Reference value :  2.43756e-06
 Reference value :  2.43756e-06
 Reference value :  2.43756e-06
 Reference value :  2.43756e-06
 Reference value :  2.43756e-06
 Reference value :  2.43756e-06
 Reference value :  2.43756e-06
 Reference value :  2.43756e-06
 Reference value :  2.43756e-06
 Reference value :  2.43763e-06
 Reference value :  2.43772e-06
 Reference value :  2.43791e-06
 Reference value :  2.43809e-06
 Reference value :  2.43840e-06
 Reference value :  2.43892e-06
 Reference value :  2.44000e-06
 Reference value :  2.46886e-06
 Reference value :  2.46916e-06
 Reference value :  2.47019e-06
 Reference value :  2.48079e-06
 Reference value :  2.50020e-06
 Reference value :  2.50073e-06
 Reference value :  2.50143e-06
 Reference value :  2.50656e-06
 Reference value :  2.53141e-06
 Reference value :  2.53192e-06
 Reference value :  2.53376e-06
 Reference value :  2.56263e-06
 Reference value :  2.56303e-06
 Reference value :  2.56355e-06
 Reference value :  2.58558e-06
 Reference value :  2.59405e-06
 Reference value :  2.59483e-06
 Reference value :  2.59894e-06
 Reference value :  2.62510e-06
 Reference value :  2.62542e-06
 Reference value :  2.62606e-06
 Reference value :  2.62740e-06
 Reference value :  2.65038e-06
 Reference value :  2.65655e-06
 Reference value :  2.65712e-06
 Reference value :  2.65976e-06
 Reference value :  2.68756e-06
 Reference value :  2.68792e-06
 Reference value :  2.68856e-06
 Reference value :  2.68990e-06
 Reference value :  2.71283e-06
 Reference value :  2.71905e-06
 Reference value :  2.71982e-06
 Reference value :  2.72384e-06
 Reference value :  2.75013e-06
 Reference value :  2.75053e-06
 Reference value :  2.75105e-06
 Reference value :  2.76308e-06
 Reference value :  2.78150e-06
 Reference value :  2.78213e-06
 Reference value :  2.78483e-06
 Reference value :  2.81253e-06
 Reference value :  2.81281e-06
 Reference value :  2.81340e-06
 Reference value :  2.81417e-06
 Reference value :  2.82867e-06
 Reference value :  2.84400e-06
 Reference value :  2.84462e-06
 Reference value :  2.84884e-06
 Reference value :  2.87513e-06
 Reference value :  2.87553e-06
 Reference value :  2.87588e-06
 Reference value :  2.87716e-06
 Reference value :  2.90636e-06
 Reference value :  2.90678e-06
 Reference value :  2.90771e-06
 Reference value :  2.91855e-06
 Reference value :  2.93765e-06
 Reference value :  2.93823e-06
 Reference value :  2.93875e-06
 Reference value :  2.94017e-06
 Reference value :  2.96606e-06
 Reference value :  2.96915e-06
 Reference value :  2.97018e-06
 Reference value :  2.99074e-06
 Reference value :  3.00021e-06
 Reference value :  3.00073e-06
 Reference value :  3.00121e-06
 Reference value :  3.00257e-06
 Reference value :  3.01852e-06
 Reference value :  3.03150e-06
 Reference value :  3.03213e-06
 Reference value :  3.03902e-06
 Reference value :  3.05727e-06
 Reference value :  3.06260e-06
 Reference value :  3.06264e-06
 Reference value :  3.06276e-06
 Reference value :  3.06298e-06
 Reference value :  3.06309e-06
 Reference value :  3.06311e-06
 Reference value :  3.06312e-06
 Reference value :  3.06312e-06
 Reference value :  3.06313e-06
 Reference value :  3.06313e-06
 Reference value :  3.06313e-06
 Reference value :  3.06313e-06
 Reference value :  3.06313e-06
 Reference value :  3.06313e-06
 Reference value :  3.06313e-06
 Reference value :  3.06314e-06
 Reference value :  3.06314e-06
 Reference value :  3.06314e-06
 Reference value :  3.06314e-06
 Reference value :  3.06314e-06
 Reference value :  3.06314e-06
 Reference value :  3.06314e-06
 Reference value :  3.06314e-06
 Reference value :  3.06315e-06
 Reference value :  3.06315e-06
 Reference value :  3.06315e-06
 Reference value :  3.06315e-06
 Reference value :  3.06315e-06
 Reference value :  3.06315e-06
 Reference value :  3.06315e-06
 Reference value :  3.06315e-06
 Reference value :  3.06315e-06
 Reference value :  3.06315e-06
 Reference value :  3.06315e-06
 Reference value :  3.06315e-06
 Reference value :  3.06315e-06
 Reference value :  3.06315e-06
 Reference value :  3.06315e-06
 Reference value :  3.06315e-06
 Reference value :  3.06315e-06
 Reference value :  3.06315e-06
 Reference value :  3.06315e-06
 Reference value :  3.06315e-06
 Reference value :  3.06315e-06
 Reference value :  3.06315e-06
 Reference value :  3.06315e-06
 Reference value :  3.06315e-06
 Reference value :  3.06315e-06
 Reference value :  3.06315e-06
 Reference value :  3.06315e-06
 Reference value :  3.06315e-06
 Reference value :  3.06316e-06
 Reference value :  3.06316e-06
 Reference value :  3.06316e-06
 Reference value :  3.06316e-06
 Reference value :  3.06316e-06
 Reference value :  3.06316e-06
 Reference value :  3.06316e-06
 Reference value :  3.06316e-06
 Reference value :  3.06316e-06
 Reference value :  3.06316e-06
 Reference value :  3.06316e-06
 Reference value :  3.06316e-06
 Reference value :  3.06316e-06
 Reference value :  3.06316e-06
 Reference value :  3.06316e-06
 Reference value :  3.06316e-06
 Reference value :  3.06317e-06
 Reference value :  3.06317e-06
 Reference value :  3.06317e-06
 Reference value :  3.06317e-06
 Reference value :  3.06317e-06
 Reference value :  3.06317e-06
 Reference value :  3.06317e-06
 Reference value :  3.06317e-06
 Reference value :  3.06317e-06
 Reference value :  3.06317e-06
 Reference value :  3.06317e-06
 Reference value :  3.06318e-06
 Reference value :  3.06337e-06
 Reference value :  3.06377e-06
 Reference value :  3.08481e-06
 Reference value :  3.09397e-06
 Reference value :  3.09398e-06
 Reference value :  3.09399e-06
 Reference value :  3.09399e-06
 Reference value :  3.09399e-06
 Reference value :  3.09399e-06
 Reference value :  3.09399e-06
 Reference value :  3.09399e-06
 Reference value :  3.09407e-06
 Reference value :  3.09421e-06
 Reference value :  3.09458e-06
 Reference value :  3.10655e-06
 Reference value :  3.12518e-06
 Reference value :  3.12543e-06
 Reference value :  3.12577e-06
 Reference value :  3.12628e-06
 Reference value :  3.12782e-06
 Reference value :  3.13700e-06
 Reference value :  3.14107e-06
 Reference value :  3.14325e-06
 Reference value :  3.15217e-06
 Reference value :  3.15678e-06
 Reference value :  3.15772e-06
 Reference value :  3.16890e-06
 Reference value :  3.18762e-06
 Reference value :  3.18817e-06
 Reference value :  3.18935e-06
 Reference value :  3.21886e-06
 Reference value :  3.21928e-06
 Reference value :  3.22135e-06
 Reference value :  3.25000e-06
 Reference value :  3.25031e-06
 Reference value :  3.25089e-06
 Reference value :  3.25269e-06
 Reference value :  3.28138e-06
 Reference value :  3.28151e-06
 Reference value :  3.28162e-06
 Reference value :  3.28176e-06
 Reference value :  3.28199e-06
 Reference value :  3.29196e-06
 Reference value :  3.31258e-06
 Reference value :  3.31280e-06
 Reference value :  3.31326e-06
 Reference value :  3.31459e-06
 Reference value :  3.32756e-06
 Reference value :  3.34392e-06
 Reference value :  3.34412e-06
 Reference value :  3.34439e-06
 Reference value :  3.34588e-06
 Reference value :  3.37510e-06
 Reference value :  3.37512e-06
 Reference value :  3.37514e-06
 Reference value :  3.37514e-06
 Reference value :  3.37514e-06
 Reference value :  3.37515e-06
 Reference value :  3.37515e-06
 Reference value :  3.37515e-06
 Reference value :  3.37524e-06
 Reference value :  3.37576e-06
 Reference value :  3.37598e-06
 Reference value :  3.37663e-06
 Reference value :  3.37704e-06
 Reference value :  3.39042e-06
 Reference value :  3.39428e-06
 Reference value :  3.39766e-06
 Reference value :  3.40409e-06
 Reference value :  3.40647e-06
 Reference value :  3.40671e-06
 Reference value :  3.40828e-06
 Reference value :  3.43751e-06
 Reference value :  3.43751e-06
 Reference value :  3.43751e-06
 Reference value :  3.43752e-06
 Reference value :  3.43752e-06
 Reference value :  3.43752e-06
 Reference value :  3.43752e-06
 Reference value :  3.43752e-06
 Reference value :  3.43752e-06
 Reference value :  3.43752e-06
 Reference value :  3.43752e-06
 Reference value :  3.43752e-06
 Reference value :  3.43753e-06
 Reference value :  3.43753e-06
 Reference value :  3.43753e-06
 Reference value :  3.43753e-06
 Reference value :  3.43753e-06
 Reference value :  3.43753e-06
 Reference value :  3.43753e-06
 Reference value :  3.43754e-06
 Reference value :  3.43754e-06
 Reference value :  3.43754e-06
 Reference value :  3.43754e-06
 Reference value :  3.43754e-06
 Reference value :  3.43754e-06
 Reference value :  3.43754e-06
 Reference value :  3.43754e-06
 Reference value :  3.43754e-06
 Reference value :  3.43762e-06
 Reference value :  3.43772e-06
 Reference value :  3.43795e-06
 Reference value :  3.43810e-06
 Reference value :  3.43845e-06
 Reference value :  3.43887e-06
 Reference value :  3.44185e-06
 Reference value :  3.46895e-06
 Reference value :  3.46943e-06
 Reference value :  3.47130e-06
 Reference value :  3.50012e-06
 Reference value :  3.50071e-06
 Reference value :  3.50102e-06
 Reference value :  3.50559e-06
 Reference value :  3.53146e-06
 Reference value :  3.53178e-06
 Reference value :  3.53269e-06
 Reference value :  3.55330e-06
 Reference value :  3.56281e-06
 Reference value :  3.56340e-06
 Reference value :  3.56436e-06
 Reference value :  3.58512e-06
 Reference value :  3.59415e-06
 Reference value :  3.59519e-06
 Reference value :  3.61582e-06
 Reference value :  3.62512e-06
 Reference value :  3.62571e-06
 Reference value :  3.62603e-06
 Reference value :  3.63117e-06
 Reference value :  3.65646e-06
 Reference value :  3.65694e-06
 Reference value :  3.65883e-06
 Reference value :  3.68751e-06
 Reference value :  3.68781e-06
 Reference value :  3.68840e-06
 Reference value :  3.68912e-06
 Reference value :  3.70015e-06
 Reference value :  3.71897e-06
 Reference value :  3.71942e-06
 Reference value :  3.72127e-06
 Reference value :  3.75001e-06
 Reference value :  3.75031e-06
 Reference value :  3.75090e-06
 Reference value :  3.75161e-06
 Reference value :  3.76258e-06
 Reference value :  3.78147e-06
 Reference value :  3.78192e-06
 Reference value :  3.78377e-06
 Reference value :  3.81262e-06
 Reference value :  3.81303e-06
 Reference value :  3.81337e-06
 Reference value :  3.81369e-06
 Reference value :  3.82852e-06
 Reference value :  3.84406e-06
 Reference value :  3.84483e-06
 Reference value :  3.84895e-06
 Reference value :  3.87507e-06
 Reference value :  3.87542e-06
 Reference value :  3.87606e-06
 Reference value :  3.87740e-06
 Reference value :  3.89925e-06
 Reference value :  3.90665e-06
 Reference value :  3.90769e-06
 Reference value :  3.92332e-06
 Reference value :  3.93771e-06
 Reference value :  3.93823e-06
 Reference value :  3.93893e-06
 Reference value :  3.94336e-06
 Reference value :  3.96895e-06
 Reference value :  3.96942e-06
 Reference value :  3.97127e-06
 Reference value :  4.00003e-06
 Reference value :  4.00031e-06
 Reference value :  4.00090e-06
 Reference value :  4.00165e-06
 Reference value :  4.00427e-06
 Reference value :  4.01807e-06
 Reference value :  4.03146e-06
 Reference value :  4.03192e-06
 Reference value :  4.03480e-06
 Reference value :  4.05730e-06
 Reference value :  4.06260e-06
 Reference value :  4.06264e-06
 Reference value :  4.06276e-06
 Reference value :  4.06303e-06
 Reference value :  4.06337e-06
 Reference value :  4.06401e-06
 Reference value :  4.09385e-06
 Reference value :  4.09397e-06
 Reference value :  4.09398e-06
 Reference value :  4.09398e-06
 Reference value :  4.09399e-06
 Reference value :  4.09399e-06
 Reference value :  4.09399e-06
 Reference value :  4.09399e-06
 Reference value :  4.09399e-06
 Reference value :  4.09399e-06
 Reference value :  4.09399e-06
 Reference value :  4.09399e-06
 Reference value :  4.09399e-06
 Reference value :  4.09399e-06
 Reference value :  4.09399e-06
 Reference value :  4.09400e-06
 Reference value :  4.09400e-06
 Reference value :  4.09400e-06
 Reference value :  4.09415e-06
 Reference value :  4.09436e-06
 Reference value :  4.09462e-06
 Reference value :  4.11135e-06
 Reference value :  4.12501e-06
 Reference value :  4.12502e-06
 Reference value :  4.12502e-06
 Reference value :  4.12502e-06
 Reference value :  4.12502e-06
 Reference value :  4.12502e-06
 Reference value :  4.12502e-06
 Reference value :  4.12502e-06
 Reference value :  4.12503e-06
 Reference value :  4.12503e-06
 Reference value :  4.12503e-06
 Reference value :  4.12503e-06
 Reference value :  4.12503e-06
 Reference value :  4.12503e-06
 Reference value :  4.12503e-06
 Reference value :  4.12503e-06
 Reference value :  4.12503e-06
 Reference value :  4.12504e-06
 Reference value :  4.12504e-06
 Reference value :  4.12504e-06
 Reference value :  4.12504e-06
 Reference value :  4.12504e-06
 Reference value :  4.12504e-06
 Reference value :  4.12504e-06
 Reference value :  4.12504e-06
 Reference value :  4.12504e-06
 Reference value :  4.12504e-06
 Reference value :  4.12504e-06
 Reference value :  4.12504e-06
 Reference value :  4.12504e-06
 Reference value :  4.12504e-06
 Reference value :  4.12512e-06
 Reference value :  4.12524e-06
 Reference value :  4.12549e-06
 Reference value :  4.12583e-06
 Reference value :  4.12634e-06
 Reference value :  4.12682e-06
 Reference value :  4.13345e-06
 Reference value :  4.14129e-06
 Reference value :  4.14422e-06
 Reference value :  4.15088e-06
 Reference value :  4.15638e-06
 Reference value :  4.15695e-06
 Reference value :  4.15886e-06
 Reference value :  4.16322e-06
 Reference value :  4.16651e-06
 Reference value :  4.16821e-06
 Reference value :  4.18760e-06
 Reference value :  4.18810e-06
 Reference value :  4.18873e-06
 Reference value :  4.19103e-06
 Reference value :  4.21885e-06
 Reference value :  4.21915e-06
 Reference value :  4.21982e-06
 Reference value :  4.22652e-06
 Reference value :  4.25011e-06
 Reference value :  4.25042e-06
 Reference value :  4.25126e-06
 Reference value :  4.27043e-06
 Reference value :  4.28151e-06
 Reference value :  4.28162e-06
 Reference value :  4.28172e-06
 Reference value :  4.28191e-06
 Reference value :  4.28207e-06
 Reference value :  4.31250e-06
 Reference value :  4.31262e-06
 Reference value :  4.31263e-06
 Reference value :  4.31263e-06
 Reference value :  4.31263e-06
 Reference value :  4.31263e-06
 Reference value :  4.31263e-06
 Reference value :  4.31263e-06
 Reference value :  4.31263e-06
 Reference value :  4.31263e-06
 Reference value :  4.31264e-06
 Reference value :  4.31264e-06
 Reference value :  4.31264e-06
 Reference value :  4.31264e-06
 Reference value :  4.31273e-06
 Reference value :  4.31329e-06
 Reference value :  4.31387e-06
 Reference value :  4.32491e-06
 Reference value :  4.32999e-06
 Reference value :  4.34400e-06
 Reference value :  4.34415e-06
 Reference value :  4.34439e-06
 Reference value :  4.34509e-06
 Reference value :  4.37506e-06
 Reference value :  4.37512e-06
 Reference value :  4.37513e-06
 Reference value :  4.37513e-06
 Reference value :  4.37514e-06
 Reference value :  4.37514e-06
 Reference value :  4.37514e-06
 Reference value :  4.37514e-06
 Reference value :  4.37514e-06
 Reference value :  4.37514e-06
 Reference value :  4.37514e-06
 Reference value :  4.37514e-06
 Reference value :  4.37514e-06
 Reference value :  4.37514e-06
 Reference value :  4.37515e-06
 Reference value :  4.37515e-06
 Reference value :  4.37515e-06
 Reference value :  4.37515e-06
 Reference value :  4.37515e-06
 Reference value :  4.37526e-06
 Reference value :  4.37578e-06
 Reference value :  4.37596e-06
 Reference value :  4.37622e-06
 Reference value :  4.37692e-06
 Reference value :  4.39060e-06
 Reference value :  4.39451e-06
 Reference value :  4.39971e-06
 Reference value :  4.40635e-06
 Reference value :  4.40664e-06
 Reference value :  4.40717e-06
 Reference value :  4.43751e-06
 Reference value :  4.43751e-06
 Reference value :  4.43751e-06
 Reference value :  4.43752e-06
 Reference value :  4.43752e-06
 Reference value :  4.43752e-06
 Reference value :  4.43752e-06
 Reference value :  4.43752e-06
 Reference value :  4.43752e-06
 Reference value :  4.43752e-06
 Reference value :  4.43752e-06
 Reference value :  4.43752e-06
 Reference value :  4.43753e-06
 Reference value :  4.43753e-06
 Reference value :  4.43753e-06
 Reference value :  4.43753e-06
 Reference value :  4.43753e-06
 Reference value :  4.43753e-06
 Reference value :  4.43753e-06
 Reference value :  4.43753e-06
 Reference value :  4.43754e-06
 Reference value :  4.43754e-06
 Reference value :  4.43754e-06
 Reference value :  4.43754e-06
 Reference value :  4.43754e-06
 Reference value :  4.43754e-06
 Reference value :  4.43754e-06
 Reference value :  4.43754e-06
 Reference value :  4.43754e-06
 Reference value :  4.43755e-06
 Reference value :  4.43755e-06
 Reference value :  4.43755e-06
 Reference value :  4.43755e-06
 Reference value :  4.43755e-06
 Reference value :  4.43755e-06
 Reference value :  4.43755e-06
 Reference value :  4.43755e-06
 Reference value :  4.43755e-06
 Reference value :  4.43755e-06
 Reference value :  4.43761e-06
 Reference value :  4.43773e-06
 Reference value :  4.43799e-06
 Reference value :  4.43814e-06
 Reference value :  4.43839e-06
 Reference value :  4.43884e-06
 Reference value :  4.44062e-06
 Reference value :  4.46891e-06
 Reference value :  4.46944e-06
 Reference value :  4.47132e-06
 Reference value :  4.50000e-06
 Reference value :  4.50012e-06
 Reference value :  4.50052e-06
 Reference value :  4.50102e-06
 Reference value :  4.50504e-06
 Reference value :  4.53141e-06
 Reference value :  4.53178e-06
 Reference value :  4.53269e-06
 Reference value :  4.54833e-06
 Reference value :  4.56271e-06
 Reference value :  4.56323e-06
 Reference value :  4.56391e-06
 Reference value :  4.57023e-06
 Reference value :  4.59395e-06
 Reference value :  4.59442e-06
 Reference value :  4.59627e-06
 Reference value :  4.62501e-06
 Reference value :  4.62531e-06
 Reference value :  4.62590e-06
 Reference value :  4.62661e-06
 Reference value :  4.63760e-06
 Reference value :  4.65647e-06
 Reference value :  4.65692e-06
 Reference value :  4.65877e-06
 Reference value :  4.68751e-06
 Reference value :  4.68781e-06
 Reference value :  4.68840e-06
 Reference value :  4.68911e-06
 Reference value :  4.70010e-06
 Reference value :  4.71900e-06
 Reference value :  4.71962e-06
 Reference value :  4.72227e-06
 Reference value :  4.75010e-06
 Reference value :  4.75042e-06
 Reference value :  4.75106e-06
 Reference value :  4.75229e-06
 Reference value :  4.77696e-06
 Reference value :  4.78165e-06
 Reference value :  4.78269e-06
 Reference value :  4.79332e-06
 Reference value :  4.81262e-06
 Reference value :  4.81303e-06
 Reference value :  4.81337e-06
 Reference value :  4.81369e-06
 Reference value :  4.83352e-06
 Reference value :  4.84406e-06
 Reference value :  4.84483e-06
 Reference value :  4.85162e-06
 Reference value :  4.87512e-06
 Reference value :  4.87557e-06
 Reference value :  4.87622e-06
 Reference value :  4.87805e-06
 Reference value :  4.90280e-06
 Reference value :  4.90665e-06
 Reference value :  4.90769e-06
 Reference value :  4.91832e-06
 Reference value :  4.93765e-06
 Reference value :  4.93807e-06
 Reference value :  4.93856e-06
 Reference value :  4.93893e-06
 Reference value :  4.94336e-06
 Reference value :  4.96892e-06
 Reference value :  4.96928e-06
 Reference value :  4.97019e-06
 Reference value :  4.98576e-06
 Reference value :  5.00021e-06
 Reference value :  5.00073e-06
 Reference value :  5.00143e-06
 Reference value :  5.00322e-06
 Reference value :  5.01807e-06
 Reference value :  5.03147e-06
 Reference value :  5.03192e-06
 Reference value :  5.03480e-06
 Reference value :  5.05730e-06
 Reference value :  5.06256e-06
 Reference value :  5.06264e-06
 Reference value :  5.06265e-06
 Reference value :  5.06282e-06
 Reference value :  5.06288e-06
 Reference value :  5.06294e-06
 Reference value :  5.06294e-06
 Reference value :  5.06295e-06
 Reference value :  5.06295e-06
 Reference value :  5.06295e-06
 Reference value :  5.06295e-06
 Reference value :  5.06295e-06
 Reference value :  5.06295e-06
 Reference value :  5.06295e-06
 Reference value :  5.06295e-06
 Reference value :  5.06295e-06
 Reference value :  5.06296e-06
 Reference value :  5.06296e-06
 Reference value :  5.06296e-06
 Reference value :  5.06296e-06
 Reference value :  5.06296e-06
 Reference value :  5.06296e-06
 Reference value :  5.06296e-06
 Reference value :  5.06296e-06
 Reference value :  5.06296e-06
 Reference value :  5.06296e-06
 Reference value :  5.06296e-06
 Reference value :  5.06296e-06
 Reference value :  5.06296e-06
 Reference value :  5.06297e-06
 Reference value :  5.06297e-06
 Reference value :  5.06297e-06
 Reference value :  5.06297e-06
 Reference value :  5.06297e-06
 Reference value :  5.06298e-06
 Reference value :  5.06298e-06
 Reference value :  5.06299e-06
 Reference value :  5.06312e-06
 Reference value :  5.06315e-06
 Reference value :  5.06316e-06
 Reference value :  5.06317e-06
 Reference value :  5.06318e-06
 Reference value :  5.06318e-06
 Reference value :  5.06318e-06
 Reference value :  5.06318e-06
 Reference value :  5.06319e-06
 Reference value :  5.06319e-06
 Reference value :  5.06319e-06
 Reference value :  5.06319e-06
 Reference value :  5.06319e-06
 Reference value :  5.06319e-06
 Reference value :  5.06319e-06
 Reference value :  5.06319e-06
 Reference value :  5.06319e-06
 Reference value :  5.06319e-06
 Reference value :  5.06319e-06
 Reference value :  5.06319e-06
 Reference value :  5.06319e-06
 Reference value :  5.06319e-06
 Reference value :  5.06320e-06
 Reference value :  5.06320e-06
 Reference value :  5.06320e-06
 Reference value :  5.06320e-06
 Reference value :  5.06320e-06
 Reference value :  5.06320e-06
 Reference value :  5.06320e-06
 Reference value :  5.06320e-06
 Reference value :  5.06320e-06
 Reference value :  5.06320e-06
 Reference value :  5.06320e-06
 Reference value :  5.06320e-06
 Reference value :  5.06320e-06
 Reference value :  5.06320e-06
 Reference value :  5.06320e-06
 Reference value :  5.06320e-06
 Reference value :  5.06320e-06
 Reference value :  5.06320e-06
 Reference value :  5.06343e-06
 Reference value :  5.06374e-06
 Reference value :  5.08585e-06
 Reference value :  5.09397e-06
 Reference value :  5.09398e-06
 Reference value :  5.09398e-06
 Reference value :  5.09399e-06
 Reference value :  5.09399e-06
 Reference value :  5.09399e-06
 Reference value :  5.09408e-06
 Reference value :  5.09409e-06
 Reference value :  5.09411e-06
 Reference value :  5.09411e-06
 Reference value :  5.09411e-06
 Reference value :  5.09411e-06
 Reference value :  5.09412e-06
 Reference value :  5.09412e-06
 Reference value :  5.09444e-06
 Reference value :  5.09559e-06
 Reference value :  5.12505e-06
 Reference value :  5.12527e-06
 Reference value :  5.12539e-06
 Reference value :  5.12544e-06
 Reference value :  5.12544e-06
 Reference value :  5.12544e-06
 Reference value :  5.12544e-06
 Reference value :  5.12545e-06
 Reference value :  5.12545e-06
 Reference value :  5.12546e-06
 Reference value :  5.12546e-06
 Reference value :  5.12546e-06
 Reference value :  5.12546e-06
 Reference value :  5.12547e-06
 Reference value :  5.12547e-06
 Reference value :  5.12547e-06
 Reference value :  5.12547e-06
 Reference value :  5.12548e-06
 Reference value :  5.12548e-06
 Reference value :  5.12548e-06
 Reference value :  5.12548e-06
 Reference value :  5.12548e-06
 Reference value :  5.12548e-06
 Reference value :  5.12548e-06
 Reference value :  5.12548e-06
 Reference value :  5.12548e-06
 Reference value :  5.12549e-06
 Reference value :  5.12550e-06
 Reference value :  5.12550e-06
 Reference value :  5.12567e-06
 Reference value :  5.12586e-06
 Reference value :  5.12638e-06
 Reference value :  5.12685e-06
 Reference value :  5.13446e-06
 Reference value :  5.13971e-06
 Reference value :  5.14254e-06
 Reference value :  5.14414e-06
 Reference value :  5.15635e-06
 Reference value :  5.15678e-06
 Reference value :  5.15885e-06
 Reference value :  5.18751e-06
 Reference value :  5.18792e-06
 Reference value :  5.18854e-06
 Reference value :  5.20168e-06
 Reference value :  5.21917e-06
 Reference value :  5.21984e-06
 Reference value :  5.22677e-06
 Reference value :  5.25012e-06
 Reference value :  5.25057e-06
 Reference value :  5.25269e-06
 Reference value :  5.28138e-06
 Reference value :  5.28151e-06
 Reference value :  5.28162e-06
 Reference value :  5.28191e-06
 Reference value :  5.28215e-06
 Reference value :  5.31251e-06
 Reference value :  5.31262e-06
 Reference value :  5.31263e-06
 Reference value :  5.31263e-06
 Reference value :  5.31263e-06
 Reference value :  5.31264e-06
 Reference value :  5.31264e-06
 Reference value :  5.31282e-06
 Reference value :  5.31353e-06
 Reference value :  5.31572e-06
 Reference value :  5.32810e-06
 Reference value :  5.34388e-06
 Reference value :  5.34408e-06
 Reference value :  5.34439e-06
 Reference value :  5.34536e-06
 Reference value :  5.37506e-06
 Reference value :  5.37512e-06
 Reference value :  5.37512e-06
 Reference value :  5.37512e-06
 Reference value :  5.37513e-06
 Reference value :  5.37513e-06
 Reference value :  5.37514e-06
 Reference value :  5.37514e-06
 Reference value :  5.37514e-06
 Reference value :  5.37514e-06
 Reference value :  5.37514e-06
 Reference value :  5.37514e-06
 Reference value :  5.37514e-06
 Reference value :  5.37514e-06
 Reference value :  5.37514e-06
 Reference value :  5.37514e-06
 Reference value :  5.37514e-06
 Reference value :  5.37514e-06
 Reference value :  5.37514e-06
 Reference value :  5.37515e-06
 Reference value :  5.37515e-06
 Reference value :  5.37515e-06
 Reference value :  5.37515e-06
 Reference value :  5.37515e-06
 Reference value :  5.37515e-06
 Reference value :  5.37515e-06
 Reference value :  5.37515e-06
 Reference value :  5.37529e-06
 Reference value :  5.37577e-06
 Reference value :  5.37597e-06
 Reference value :  5.37662e-06
 Reference value :  5.37777e-06
 Reference value :  5.39036e-06
 Reference value :  5.39420e-06
 Reference value :  5.39935e-06
 Reference value :  5.40635e-06
 Reference value :  5.40664e-06
 Reference value :  5.40717e-06
 Reference value :  5.43755e-06
 Reference value :  5.43768e-06
 Reference value :  5.43793e-06
 Reference value :  5.43803e-06
 Reference value :  5.43831e-06
 Reference value :  5.43878e-06
 Reference value :  5.43983e-06
 Reference value :  5.46888e-06
 Reference value :  5.46928e-06
 Reference value :  5.47132e-06
 Reference value :  5.50006e-06
 Reference value :  5.50042e-06
 Reference value :  5.50106e-06
 Reference value :  5.50229e-06
 Reference value :  5.53135e-06
 Reference value :  5.53165e-06
 Reference value :  5.53269e-06
 Reference value :  5.55332e-06
 Reference value :  5.56281e-06
 Reference value :  5.56340e-06
 Reference value :  5.56435e-06
 Reference value :  5.57510e-06
 Reference value :  5.59397e-06
 Reference value :  5.59442e-06
 Reference value :  5.59627e-06
 Reference value :  5.62503e-06
 Reference value :  5.62542e-06
 Reference value :  5.62606e-06
 Reference value :  5.62729e-06
 Reference value :  5.65197e-06
 Reference value :  5.65665e-06
 Reference value :  5.65769e-06
 Reference value :  5.66832e-06
 Reference value :  5.68765e-06
 Reference value :  5.68823e-06
 Reference value :  5.68891e-06
 Reference value :  5.69523e-06
 Reference value :  5.71895e-06
 Reference value :  5.71942e-06
 Reference value :  5.72127e-06
 Reference value :  5.75000e-06
 Reference value :  5.75012e-06
 Reference value :  5.75053e-06
 Reference value :  5.75088e-06
 Reference value :  5.75119e-06
 Reference value :  5.76419e-06
 Reference value :  5.78150e-06
 Reference value :  5.78213e-06
 Reference value :  5.78645e-06
 Reference value :  5.81260e-06
 Reference value :  5.81292e-06
 Reference value :  5.81356e-06
 Reference value :  5.81484e-06
 Reference value :  5.83978e-06
 Reference value :  5.84415e-06
 Reference value :  5.84519e-06
 Reference value :  5.85582e-06
 Reference value :  5.87515e-06
 Reference value :  5.87573e-06
 Reference value :  5.87642e-06
 Reference value :  5.88112e-06
 Reference value :  5.90641e-06
 Reference value :  5.90678e-06
 Reference value :  5.90769e-06
 Reference value :  5.91832e-06
 Reference value :  5.93765e-06
 Reference value :  5.93807e-06
 Reference value :  5.93875e-06
 Reference value :  5.93935e-06
 Reference value :  5.95614e-06
 Reference value :  5.96906e-06
 Reference value :  5.96962e-06
 Reference value :  5.97384e-06
 Reference value :  6.00010e-06
 Reference value :  6.00042e-06
 Reference value :  6.00107e-06
 Reference value :  6.00190e-06
 Reference value :  6.00836e-06
 Reference value :  6.02721e-06
 Reference value :  6.03165e-06
 Reference value :  6.03306e-06
 Reference value :  6.05333e-06
 Reference value :  6.05990e-06
 Reference value :  6.06264e-06
 Reference value :  6.06265e-06
 Reference value :  6.06282e-06
 Reference value :  6.06288e-06
 Reference value :  6.06294e-06
 Reference value :  6.06294e-06
 Reference value :  6.06295e-06
 Reference value :  6.06295e-06
 Reference value :  6.06295e-06
 Reference value :  6.06295e-06
 Reference value :  6.06295e-06
 Reference value :  6.06295e-06
 Reference value :  6.06295e-06
 Reference value :  6.06295e-06
 Reference value :  6.06295e-06
 Reference value :  6.06296e-06
 Reference value :  6.06296e-06
 Reference value :  6.06296e-06
 Reference value :  6.06296e-06
 Reference value :  6.06296e-06
 Reference value :  6.06296e-06
 Reference value :  6.06296e-06
 Reference value :  6.06296e-06
 Reference value :  6.06296e-06
 Reference value :  6.06296e-06
 Reference value :  6.06296e-06
 Reference value :  6.06296e-06
 Reference value :  6.06296e-06
 Reference value :  6.06297e-06
 Reference value :  6.06297e-06
 Reference value :  6.06297e-06
 Reference value :  6.06297e-06
 Reference value :  6.06297e-06
 Reference value :  6.06297e-06
 Reference value :  6.06298e-06
 Reference value :  6.06298e-06
 Reference value :  6.06298e-06
 Reference value :  6.06298e-06
 Reference value :  6.06298e-06
 Reference value :  6.06298e-06
 Reference value :  6.06298e-06
 Reference value :  6.06298e-06
 Reference value :  6.06298e-06
 Reference value :  6.06298e-06
 Reference value :  6.06299e-06
 Reference value :  6.06307e-06
 Reference value :  6.06344e-06
 Reference value :  6.06424e-06
 Reference value :  6.09386e-06
 Reference value :  6.09397e-06
 Reference value :  6.09398e-06
 Reference value :  6.09398e-06
 Reference value :  6.09399e-06
 Reference value :  6.09399e-06
 Reference value :  6.09399e-06
 Reference value :  6.09399e-06
 Reference value :  6.09399e-06
 Reference value :  6.09399e-06
 Reference value :  6.09400e-06
 Reference value :  6.09400e-06
 Reference value :  6.09414e-06
 Reference value :  6.09440e-06
 Reference value :  6.09462e-06
 Reference value :  6.11090e-06
 Reference value :  6.12501e-06
 Reference value :  6.12502e-06
 Reference value :  6.12502e-06
 Reference value :  6.12502e-06
 Reference value :  6.12502e-06
 Reference value :  6.12503e-06
 Reference value :  6.12503e-06
 Reference value :  6.12503e-06
 Reference value :  6.12503e-06
 Reference value :  6.12506e-06
 Reference value :  6.12516e-06
 Reference value :  6.12540e-06
 Reference value :  6.12570e-06
 Reference value :  6.12592e-06
 Reference value :  6.12647e-06
 Reference value :  6.12701e-06
 Reference value :  6.13688e-06
 Reference value :  6.13987e-06
 Reference value :  6.14262e-06
 Reference value :  6.14419e-06
 Reference value :  6.15635e-06
 Reference value :  6.15678e-06
 Reference value :  6.15772e-06
 Reference value :  6.17391e-06
 Reference value :  6.18771e-06
 Reference value :  6.18823e-06
 Reference value :  6.18916e-06
 Reference value :  6.21886e-06
 Reference value :  6.21928e-06
 Reference value :  6.22023e-06
 Reference value :  6.23141e-06
 Reference value :  6.25015e-06
 Reference value :  6.25057e-06
 Reference value :  6.25146e-06
 Reference value :  6.27538e-06
 Reference value :  6.28151e-06
 Reference value :  6.28162e-06
 Reference value :  6.28176e-06
 Reference value :  6.28199e-06
 Reference value :  6.29196e-06
 Reference value :  6.31262e-06
 Reference value :  6.31263e-06
 Reference value :  6.31263e-06
 Reference value :  6.31263e-06
 Reference value :  6.31263e-06
 Reference value :  6.31263e-06
 Reference value :  6.31264e-06
 Reference value :  6.31264e-06
 Reference value :  6.31264e-06
 Reference value :  6.31264e-06
 Reference value :  6.31264e-06
 Reference value :  6.31264e-06
 Reference value :  6.31282e-06
 Reference value :  6.31328e-06
 Reference value :  6.31385e-06
 Reference value :  6.32491e-06
 Reference value :  6.33152e-06
 Reference value :  6.34400e-06
 Reference value :  6.34403e-06
 Reference value :  6.34404e-06
 Reference value :  6.34404e-06
 Reference value :  6.34404e-06
 Reference value :  6.34405e-06
 Reference value :  6.34405e-06
 Reference value :  6.34405e-06
 Reference value :  6.34405e-06
 Reference value :  6.34420e-06
 Reference value :  6.34445e-06
 Reference value :  6.34819e-06
 Reference value :  6.37512e-06
 Reference value :  6.37512e-06
 Reference value :  6.37512e-06
 Reference value :  6.37512e-06
 Reference value :  6.37513e-06
 Reference value :  6.37513e-06
 Reference value :  6.37513e-06
 Reference value :  6.37513e-06
 Reference value :  6.37513e-06
 Reference value :  6.37513e-06
 Reference value :  6.37513e-06
 Reference value :  6.37514e-06
 Reference value :  6.37514e-06
 Reference value :  6.37514e-06
 Reference value :  6.37514e-06
 Reference value :  6.37514e-06
 Reference value :  6.37514e-06
 Reference value :  6.37514e-06
 Reference value :  6.37514e-06
 Reference value :  6.37514e-06
 Reference value :  6.37514e-06
 Reference value :  6.37514e-06
 Reference value :  6.37514e-06
 Reference value :  6.37515e-06
 Reference value :  6.37515e-06
 Reference value :  6.37515e-06
 Reference value :  6.37515e-06
 Reference value :  6.37515e-06
 Reference value :  6.37515e-06
 Reference value :  6.37515e-06
 Reference value :  6.37515e-06
 Reference value :  6.37515e-06
 Reference value :  6.37515e-06
 Reference value :  6.37515e-06
 Reference value :  6.37525e-06
 Reference value :  6.37526e-06
 Reference value :  6.37564e-06
 Reference value :  6.37593e-06
 Reference value :  6.37619e-06
 Reference value :  6.37688e-06
 Reference value :  6.38002e-06
 Reference value :  6.39009e-06
 Reference value :  6.39391e-06
 Reference value :  6.39905e-06
 Reference value :  6.40638e-06
 Reference value :  6.40668e-06
 Reference value :  6.40710e-06
 Reference value :  6.41424e-06
 Reference value :  6.41692e-06
 Reference value :  6.42243e-06
 Reference value :  6.42564e-06
 Reference value :  6.43751e-06
 Reference value :  6.43752e-06
 Reference value :  6.43752e-06
 Reference value :  6.43752e-06
 Reference value :  6.43752e-06
 Reference value :  6.43752e-06
 Reference value :  6.43752e-06
 Reference value :  6.43752e-06
 Reference value :  6.43752e-06
 Reference value :  6.43752e-06
 Reference value :  6.43752e-06
 Reference value :  6.43752e-06
 Reference value :  6.43752e-06
 Reference value :  6.43752e-06
 Reference value :  6.43753e-06
 Reference value :  6.43753e-06
 Reference value :  6.43753e-06
 Reference value :  6.43753e-06
 Reference value :  6.43753e-06
 Reference value :  6.43753e-06
 Reference value :  6.43753e-06
 Reference value :  6.43753e-06
 Reference value :  6.43753e-06
 Reference value :  6.43753e-06
 Reference value :  6.43753e-06
 Reference value :  6.43753e-06
 Reference value :  6.43753e-06
 Reference value :  6.43753e-06
 Reference value :  6.43753e-06
 Reference value :  6.43754e-06
 Reference value :  6.43754e-06
 Reference value :  6.43754e-06
 Reference value :  6.43754e-06
 Reference value :  6.43754e-06
 Reference value :  6.43754e-06
 Reference value :  6.43754e-06
 Reference value :  6.43754e-06
 Reference value :  6.43754e-06
 Reference value :  6.43754e-06
 Reference value :  6.43754e-06
 Reference value :  6.43754e-06
 Reference value :  6.43754e-06
 Reference value :  6.43754e-06
 Reference value :  6.43767e-06
 Reference value :  6.43786e-06
 Reference value :  6.43800e-06
 Reference value :  6.43827e-06
 Reference value :  6.43842e-06
 Reference value :  6.43896e-06
 Reference value :  6.46420e-06
 Reference value :  6.46916e-06
 Reference value :  6.47020e-06
 Reference value :  6.48110e-06
 Reference value :  6.50015e-06
 Reference value :  6.50073e-06
 Reference value :  6.50141e-06
 Reference value :  6.50776e-06
 Reference value :  6.53145e-06
 Reference value :  6.53192e-06
 Reference value :  6.53377e-06
 Reference value :  6.56250e-06
 Reference value :  6.56281e-06
 Reference value :  6.56340e-06
 Reference value :  6.56411e-06
 Reference value :  6.57510e-06
 Reference value :  6.59400e-06
 Reference value :  6.59462e-06
 Reference value :  6.59727e-06
 Reference value :  6.62512e-06
 Reference value :  6.62553e-06
 Reference value :  6.62588e-06
 Reference value :  6.62619e-06
 Reference value :  6.63919e-06
 Reference value :  6.65650e-06
 Reference value :  6.65713e-06
 Reference value :  6.65983e-06
 Reference value :  6.68753e-06
 Reference value :  6.68781e-06
 Reference value :  6.68840e-06
 Reference value :  6.68912e-06
 Reference value :  6.70014e-06
 Reference value :  6.71897e-06
 Reference value :  6.71942e-06
 Reference value :  6.72127e-06
 Reference value :  6.75000e-06
 Reference value :  6.75031e-06
 Reference value :  6.75090e-06
 Reference value :  6.75161e-06
 Reference value :  6.76757e-06
 Reference value :  6.78150e-06
 Reference value :  6.78212e-06
 Reference value :  6.78477e-06
 Reference value :  6.81256e-06
 Reference value :  6.81292e-06
 Reference value :  6.81356e-06
 Reference value :  6.81484e-06
 Reference value :  6.83975e-06
 Reference value :  6.84415e-06
 Reference value :  6.84519e-06
 Reference value :  6.86082e-06
 Reference value :  6.87521e-06
 Reference value :  6.87573e-06
 Reference value :  6.87642e-06
 Reference value :  6.88112e-06
 Reference value :  6.90645e-06
 Reference value :  6.90692e-06
 Reference value :  6.90877e-06
 Reference value :  6.93762e-06
 Reference value :  6.93803e-06
 Reference value :  6.93854e-06
 Reference value :  6.93937e-06
 Reference value :  6.96197e-06
 Reference value :  6.96906e-06
 Reference value :  6.96962e-06
 Reference value :  6.97227e-06
 Reference value :  7.00003e-06
 Reference value :  7.00042e-06
 Reference value :  7.00107e-06
 Reference value :  7.00190e-06
 Reference value :  7.00835e-06
 Reference value :  7.02719e-06
 Reference value :  7.03165e-06
 Reference value :  7.03270e-06
 Reference value :  7.04333e-06
 Reference value :  7.05730e-06
 Reference value :  7.06260e-06
 Reference value :  7.06264e-06
 Reference value :  7.06265e-06
 Reference value :  7.06282e-06
 Reference value :  7.06288e-06
 Reference value :  7.06294e-06
 Reference value :  7.06294e-06
 Reference value :  7.06295e-06
 Reference value :  7.06295e-06
 Reference value :  7.06295e-06
 Reference value :  7.06295e-06
 Reference value :  7.06295e-06
 Reference value :  7.06295e-06
 Reference value :  7.06295e-06
 Reference value :  7.06295e-06
 Reference value :  7.06295e-06
 Reference value :  7.06295e-06
 Reference value :  7.06296e-06
 Reference value :  7.06296e-06
 Reference value :  7.06296e-06
 Reference value :  7.06296e-06
 Reference value :  7.06296e-06
 Reference value :  7.06296e-06
 Reference value :  7.06296e-06
 Reference value :  7.06296e-06
 Reference value :  7.06296e-06
 Reference value :  7.06296e-06
 Reference value :  7.06296e-06
 Reference value :  7.06296e-06
 Reference value :  7.06296e-06
 Reference value :  7.06296e-06
 Reference value :  7.06296e-06
 Reference value :  7.06296e-06
 Reference value :  7.06296e-06
 Reference value :  7.06296e-06
 Reference value :  7.06296e-06
 Reference value :  7.06296e-06
 Reference value :  7.06296e-06
 Reference value :  7.06296e-06
 Reference value :  7.06296e-06
 Reference value :  7.06296e-06
 Reference value :  7.06296e-06
 Reference value :  7.06296e-06
 Reference value :  7.06297e-06
 Reference value :  7.06297e-06
 Reference value :  7.06297e-06
 Reference value :  7.06297e-06
 Reference value :  7.06297e-06
 Reference value :  7.06297e-06
 Reference value :  7.06297e-06
 Reference value :  7.06297e-06
 Reference value :  7.06297e-06
 Reference value :  7.06297e-06
 Reference value :  7.06297e-06
 Reference value :  7.06297e-06
 Reference value :  7.06297e-06
 Reference value :  7.06297e-06
 Reference value :  7.06297e-06
 Reference value :  7.06298e-06
 Reference value :  7.06298e-06
 Reference value :  7.06298e-06
 Reference value :  7.06298e-06
 Reference value :  7.06298e-06
 Reference value :  7.06298e-06
 Reference value :  7.06331e-06
 Reference value :  7.06367e-06
 Reference value :  7.07788e-06
 Reference value :  7.09397e-06
 Reference value :  7.09398e-06
 Reference value :  7.09398e-06
 Reference value :  7.09399e-06
 Reference value :  7.09399e-06
 Reference value :  7.09408e-06
 Reference value :  7.09410e-06
 Reference value :  7.09411e-06
 Reference value :  7.09411e-06
 Reference value :  7.09412e-06
 Reference value :  7.09412e-06
 Reference value :  7.09432e-06
 Reference value :  7.09446e-06
 Reference value :  7.09497e-06
 Reference value :  7.12501e-06
 Reference value :  7.12501e-06
 Reference value :  7.12502e-06
 Reference value :  7.12502e-06
 Reference value :  7.12502e-06
 Reference value :  7.12502e-06
 Reference value :  7.12502e-06
 Reference value :  7.12503e-06
 Reference value :  7.12503e-06
 Reference value :  7.12503e-06
 Reference value :  7.12503e-06
 Reference value :  7.12503e-06
 Reference value :  7.12503e-06
 Reference value :  7.12503e-06
 Reference value :  7.12503e-06
 Reference value :  7.12503e-06
 Reference value :  7.12503e-06
 Reference value :  7.12503e-06
 Reference value :  7.12504e-06
 Reference value :  7.12504e-06
 Reference value :  7.12504e-06
 Reference value :  7.12504e-06
 Reference value :  7.12504e-06
 Reference value :  7.12504e-06
 Reference value :  7.12504e-06
 Reference value :  7.12504e-06
 Reference value :  7.12511e-06
 Reference value :  7.12524e-06
 Reference value :  7.12554e-06
 Reference value :  7.12588e-06
 Reference value :  7.12648e-06
 Reference value :  7.12741e-06
 Reference value :  7.13998e-06
 Reference value :  7.14337e-06
 Reference value :  7.14790e-06
 Reference value :  7.15307e-06
 Reference value :  7.15650e-06
 Reference value :  7.15714e-06
 Reference value :  7.15989e-06
 Reference value :  7.16323e-06
 Reference value :  7.16652e-06
 Reference value :  7.16918e-06
 Reference value :  7.18765e-06
 Reference value :  7.18807e-06
 Reference value :  7.18893e-06
 Reference value :  7.21169e-06
 Reference value :  7.21928e-06
 Reference value :  7.22023e-06
 Reference value :  7.23641e-06
 Reference value :  7.25012e-06
 Reference value :  7.25067e-06
 Reference value :  7.25112e-06
 Reference value :  7.28135e-06
 Reference value :  7.28153e-06
 Reference value :  7.28168e-06
 Reference value :  7.28197e-06
 Reference value :  7.30009e-06
 Reference value :  7.31262e-06
 Reference value :  7.31263e-06
 Reference value :  7.31263e-06
 Reference value :  7.31263e-06
 Reference value :  7.31263e-06
 Reference value :  7.31264e-06
 Reference value :  7.31264e-06
 Reference value :  7.31264e-06
 Reference value :  7.31275e-06
 Reference value :  7.31276e-06
 Reference value :  7.31326e-06
 Reference value :  7.31405e-06
 Reference value :  7.32106e-06
 Reference value :  7.33001e-06
 Reference value :  7.34400e-06
 Reference value :  7.34400e-06
 Reference value :  7.34403e-06
 Reference value :  7.34404e-06
 Reference value :  7.34404e-06
 Reference value :  7.34404e-06
 Reference value :  7.34405e-06
 Reference value :  7.34405e-06
 Reference value :  7.34405e-06
 Reference value :  7.34405e-06
 Reference value :  7.34405e-06
 Reference value :  7.34405e-06
 Reference value :  7.34414e-06
 Reference value :  7.34440e-06
 Reference value :  7.34514e-06
 Reference value :  7.37510e-06
 Reference value :  7.37512e-06
 Reference value :  7.37512e-06
 Reference value :  7.37513e-06
 Reference value :  7.37513e-06
 Reference value :  7.37514e-06
 Reference value :  7.37514e-06
 Reference value :  7.37514e-06
 Reference value :  7.37514e-06
 Reference value :  7.37515e-06
 Reference value :  7.37515e-06
 Reference value :  7.37515e-06
 Reference value :  7.37515e-06
 Reference value :  7.37515e-06
 Reference value :  7.37523e-06
 Reference value :  7.37568e-06
 Reference value :  7.37599e-06
 Reference value :  7.37664e-06
 Reference value :  7.37722e-06
 Reference value :  7.39058e-06
 Reference value :  7.39450e-06
 Reference value :  7.40402e-06
 Reference value :  7.40665e-06
 Reference value :  7.40705e-06
 Reference value :  7.43750e-06
 Reference value :  7.43751e-06
 Reference value :  7.43751e-06
 Reference value :  7.43751e-06
 Reference value :  7.43751e-06
 Reference value :  7.43751e-06
 Reference value :  7.43752e-06
 Reference value :  7.43752e-06
 Reference value :  7.43752e-06
 Reference value :  7.43752e-06
 Reference value :  7.43752e-06
 Reference value :  7.43752e-06
 Reference value :  7.43752e-06
 Reference value :  7.43752e-06
 Reference value :  7.43753e-06
 Reference value :  7.43753e-06
 Reference value :  7.43753e-06
 Reference value :  7.43753e-06
 Reference value :  7.43753e-06
 Reference value :  7.43753e-06
 Reference value :  7.43753e-06
 Reference value :  7.43753e-06
 Reference value :  7.43754e-06
 Reference value :  7.43754e-06
 Reference value :  7.43754e-06
 Reference value :  7.43755e-06
 Reference value :  7.43755e-06
 Reference value :  7.43755e-06
 Reference value :  7.43755e-06
 Reference value :  7.43755e-06
 Reference value :  7.43755e-06
 Reference value :  7.43762e-06
 Reference value :  7.43774e-06
 Reference value :  7.43796e-06
 Reference value :  7.43818e-06
 Reference value :  7.43845e-06
 Reference value :  7.43896e-06
 Reference value :  7.45297e-06
 Reference value :  7.46906e-06
 Reference value :  7.46963e-06
 Reference value :  7.47230e-06
 Reference value :  7.50006e-06
 Reference value :  7.50042e-06
 Reference value :  7.50106e-06
 Reference value :  7.50229e-06
 Reference value :  7.52699e-06
 Reference value :  7.53165e-06
 Reference value :  7.53269e-06
 Reference value :  7.54332e-06
 Reference value :  7.56262e-06
 Reference value :  7.56321e-06
 Reference value :  7.56353e-06
 Reference value :  7.57169e-06
 Reference value :  7.59400e-06
 Reference value :  7.59463e-06
 Reference value :  7.59734e-06
 Reference value :  7.62503e-06
 Reference value :  7.62531e-06
 Reference value :  7.62590e-06
 Reference value :  7.62662e-06
 Reference value :  7.63764e-06
 Reference value :  7.65647e-06
 Reference value :  7.65692e-06
 Reference value :  7.65877e-06
 Reference value :  7.68751e-06
 Reference value :  7.68781e-06
 Reference value :  7.68840e-06
 Reference value :  7.68911e-06
 Reference value :  7.70010e-06
 Reference value :  7.71900e-06
 Reference value :  7.71962e-06
 Reference value :  7.72227e-06
 Reference value :  7.75012e-06
 Reference value :  7.75053e-06
 Reference value :  7.75088e-06
 Reference value :  7.75119e-06
 Reference value :  7.76919e-06
 Reference value :  7.78155e-06
 Reference value :  7.78233e-06
 Reference value :  7.78645e-06
 Reference value :  7.81260e-06
 Reference value :  7.81292e-06
 Reference value :  7.81356e-06
 Reference value :  7.81484e-06
 Reference value :  7.83978e-06
 Reference value :  7.84415e-06
 Reference value :  7.84519e-06
 Reference value :  7.85582e-06
 Reference value :  7.87515e-06
 Reference value :  7.87573e-06
 Reference value :  7.87642e-06
 Reference value :  7.88112e-06
 Reference value :  7.90642e-06
 Reference value :  7.90678e-06
 Reference value :  7.90769e-06
 Reference value :  7.92332e-06
 Reference value :  7.93770e-06
 Reference value :  7.93823e-06
 Reference value :  7.93875e-06
 Reference value :  7.93935e-06
 Reference value :  7.95614e-06
 Reference value :  7.96905e-06
 Reference value :  7.96962e-06
 Reference value :  7.97227e-06
 Reference value :  8.00006e-06
 Reference value :  8.00057e-06
 Reference value :  8.00122e-06
 Reference value :  8.00263e-06
 Reference value :  8.01306e-06
 Reference value :  8.03135e-06
 Reference value :  8.03165e-06
 Reference value :  8.03270e-06
 Reference value :  8.04333e-06
 Reference value :  8.05730e-06
 Reference value :  8.06260e-06
 Reference value :  8.06264e-06
 Reference value :  8.06265e-06
 Reference value :  8.06282e-06
 Reference value :  8.06309e-06
 Reference value :  8.06309e-06
 Reference value :  8.06315e-06
 Reference value :  8.06316e-06
 Reference value :  8.06317e-06
 Reference value :  8.06317e-06
 Reference value :  8.06317e-06
 Reference value :  8.06317e-06
 Reference value :  8.06317e-06
 Reference value :  8.06317e-06
 Reference value :  8.06317e-06
 Reference value :  8.06317e-06
 Reference value :  8.06317e-06
 Reference value :  8.06317e-06
 Reference value :  8.06317e-06
 Reference value :  8.06318e-06
 Reference value :  8.06318e-06
 Reference value :  8.06318e-06
 Reference value :  8.06318e-06
 Reference value :  8.06318e-06
 Reference value :  8.06318e-06
 Reference value :  8.06318e-06
 Reference value :  8.06319e-06
 Reference value :  8.06319e-06
 Reference value :  8.06319e-06
 Reference value :  8.06319e-06
 Reference value :  8.06319e-06
 Reference value :  8.06319e-06
 Reference value :  8.06319e-06
 Reference value :  8.06319e-06
 Reference value :  8.06320e-06
 Reference value :  8.06320e-06
 Reference value :  8.06320e-06
 Reference value :  8.06320e-06
 Reference value :  8.06320e-06
 Reference value :  8.06320e-06
 Reference value :  8.06320e-06
 Reference value :  8.06320e-06
 Reference value :  8.06320e-06
 Reference value :  8.06320e-06
 Reference value :  8.06336e-06
 Reference value :  8.06375e-06
 Reference value :  8.08114e-06
 Reference value :  8.09397e-06
 Reference value :  8.09398e-06
 Reference value :  8.09398e-06
 Reference value :  8.09399e-06
 Reference value :  8.09399e-06
 Reference value :  8.09399e-06
 Reference value :  8.09399e-06
 Reference value :  8.09399e-06
 Reference value :  8.09400e-06
 Reference value :  8.09407e-06
 Reference value :  8.09409e-06
 Reference value :  8.09409e-06
 Reference value :  8.09410e-06
 Reference value :  8.09410e-06
 Reference value :  8.09410e-06
 Reference value :  8.09410e-06
 Reference value :  8.09410e-06
 Reference value :  8.09410e-06
 Reference value :  8.09411e-06
 Reference value :  8.09411e-06
 Reference value :  8.09411e-06
 Reference value :  8.09411e-06
 Reference value :  8.09411e-06
 Reference value :  8.09412e-06
 Reference value :  8.09412e-06
 Reference value :  8.09412e-06
 Reference value :  8.09412e-06
 Reference value :  8.09412e-06
 Reference value :  8.09412e-06
 Reference value :  8.09412e-06
 Reference value :  8.09412e-06
 Reference value :  8.09412e-06
 Reference value :  8.09412e-06
 Reference value :  8.09412e-06
 Reference value :  8.09428e-06
 Reference value :  8.09454e-06
 Reference value :  8.10188e-06
 Reference value :  8.12501e-06
 Reference value :  8.12502e-06
 Reference value :  8.12502e-06
 Reference value :  8.12502e-06
 Reference value :  8.12502e-06
 Reference value :  8.12502e-06
 Reference value :  8.12502e-06
 Reference value :  8.12502e-06
 Reference value :  8.12502e-06
 Reference value :  8.12502e-06
 Reference value :  8.12502e-06
 Reference value :  8.12502e-06
 Reference value :  8.12503e-06
 Reference value :  8.12503e-06
 Reference value :  8.12503e-06
 Reference value :  8.12503e-06
 Reference value :  8.12503e-06
 Reference value :  8.12503e-06
 Reference value :  8.12503e-06
 Reference value :  8.12503e-06
 Reference value :  8.12503e-06
 Reference value :  8.12504e-06
 Reference value :  8.12504e-06
 Reference value :  8.12504e-06
 Reference value :  8.12504e-06
 Reference value :  8.12504e-06
 Reference value :  8.12504e-06
 Reference value :  8.12504e-06
 Reference value :  8.12504e-06
 Reference value :  8.12504e-06
 Reference value :  8.12512e-06
 Reference value :  8.12524e-06
 Reference value :  8.12559e-06
 Reference value :  8.12584e-06
 Reference value :  8.12637e-06
 Reference value :  8.12686e-06
 Reference value :  8.13350e-06
 Reference value :  8.14003e-06
 Reference value :  8.14271e-06
 Reference value :  8.14424e-06
 Reference value :  8.15001e-06
 Reference value :  8.15231e-06
 Reference value :  8.15557e-06
 Reference value :  8.15664e-06
 Reference value :  8.15739e-06
 Reference value :  8.18753e-06
 Reference value :  8.18792e-06
 Reference value :  8.18875e-06
 Reference value :  8.20731e-06
 Reference value :  8.21917e-06
 Reference value :  8.22023e-06
 Reference value :  8.23642e-06
 Reference value :  8.25020e-06
 Reference value :  8.25073e-06
 Reference value :  8.25217e-06
 Reference value :  8.28136e-06
 Reference value :  8.28151e-06
 Reference value :  8.28162e-06
 Reference value :  8.28176e-06
 Reference value :  8.28199e-06
 Reference value :  8.28715e-06
 Reference value :  8.31262e-06
 Reference value :  8.31262e-06
 Reference value :  8.31263e-06
 Reference value :  8.31263e-06
 Reference value :  8.31263e-06
 Reference value :  8.31263e-06
 Reference value :  8.31263e-06
 Reference value :  8.31264e-06
 Reference value :  8.31264e-06
 Reference value :  8.31264e-06
 Reference value :  8.31264e-06
 Reference value :  8.31264e-06
 Reference value :  8.31264e-06
 Reference value :  8.31278e-06
 Reference value :  8.31338e-06
 Reference value :  8.31711e-06
 Reference value :  8.32882e-06
 Reference value :  8.34397e-06
 Reference value :  8.34400e-06
 Reference value :  8.34403e-06
 Reference value :  8.34404e-06
 Reference value :  8.34404e-06
 Reference value :  8.34404e-06
 Reference value :  8.34405e-06
 Reference value :  8.34405e-06
 Reference value :  8.34421e-06
 Reference value :  8.34445e-06
 Reference value :  8.35138e-06
 Reference value :  8.37512e-06
 Reference value :  8.37513e-06
 Reference value :  8.37513e-06
 Reference value :  8.37513e-06
 Reference value :  8.37514e-06
 Reference value :  8.37514e-06
 Reference value :  8.37514e-06
 Reference value :  8.37514e-06
 Reference value :  8.37514e-06
 Reference value :  8.37514e-06
 Reference value :  8.37514e-06
 Reference value :  8.37514e-06
 Reference value :  8.37515e-06
 Reference value :  8.37515e-06
 Reference value :  8.37523e-06
 Reference value :  8.37558e-06
 Reference value :  8.37587e-06
 Reference value :  8.37613e-06
 Reference value :  8.37676e-06
 Reference value :  8.37742e-06
 Reference value :  8.39053e-06
 Reference value :  8.39444e-06
 Reference value :  8.40185e-06
 Reference value :  8.40645e-06
 Reference value :  8.40665e-06
 Reference value :  8.40669e-06
 Reference value :  8.40670e-06
 Reference value :  8.40670e-06
 Reference value :  8.40693e-06
 Reference value :  8.40708e-06
 Reference value :  8.43326e-06
 Reference value :  8.43751e-06
 Reference value :  8.43752e-06
 Reference value :  8.43752e-06
 Reference value :  8.43752e-06
 Reference value :  8.43752e-06
 Reference value :  8.43752e-06
 Reference value :  8.43752e-06
 Reference value :  8.43752e-06
 Reference value :  8.43752e-06
 Reference value :  8.43752e-06
 Reference value :  8.43752e-06
 Reference value :  8.43752e-06
 Reference value :  8.43753e-06
 Reference value :  8.43753e-06
 Reference value :  8.43753e-06
 Reference value :  8.43753e-06
 Reference value :  8.43753e-06
 Reference value :  8.43753e-06
 Reference value :  8.43754e-06
 Reference value :  8.43754e-06
 Reference value :  8.43754e-06
 Reference value :  8.43761e-06
 Reference value :  8.43771e-06
 Reference value :  8.43795e-06
 Reference value :  8.43817e-06
 Reference value :  8.43845e-06
 Reference value :  8.43896e-06
 Reference value :  8.44793e-06
 Reference value :  8.46900e-06
 Reference value :  8.46944e-06
 Reference value :  8.47132e-06
No. of Data Rows : 11739
dev_tie             =  1.00000e+00 at=  2.12546e-06
tie_a               =  2.06306e-06
tie_b               =  7.06306e-06
m_tie_code_deviation = 1.0000000000e+00
m_tie_conv_period_ns = 1.0000000000e+03
Note: Simulation executed from .control section 

Warning: m=xx on .subckt line will override multiplier m hierarchy!

