
Note: Compatibility modes selected: hs a


Circuit: * adc-enob-fft @ tt_125c_2.97v -- generated by sim/harness, do not edit

Reducing trtol to 1 for xspice 'A' devices
Doing analysis at TEMP = 125.000000 and TNOM = 27.000000

Using SPARSE 1.3 as Direct Linear Solver

Initial Transient Solution
--------------------------

Node                                   Voltage
----                                   -------
clk                                          0
cmpclk                                       0
cmpclkb                                   2.97
vddt                                      2.97
vddd                                      2.97
vddc                                      2.97
vrefs                                     2.97
vrefn                                     2.97
vcmn                                     1.485
se_vinp                                  1.485
se_vinn                                  1.485
se_start                                     0
se_mode                                      0
se_cmp                                 1.23664
se_samp_tp_n                                 0
se_sel_in_n                                  0
se_drdy                                   2.97
se_c9                                        0
se_c8                                        0
se_c7                                        0
se_c6                                        0
se_c5                                        0
se_c4                                        0
se_c3                                        0
se_c2                                        0
se_c1                                        0
se_c0                                        0
se_rel_n_256p                             2.97
se_sel_hi_n_256p                             0
se_sel_lo_n_256p                             0
se_rel_n_128p                             2.97
se_sel_hi_n_128p                             0
se_sel_lo_n_128p                             0
se_rel_n_64p                              2.97
se_sel_hi_n_64p                              0
se_sel_lo_n_64p                              0
se_rel_n_32p                              2.97
se_sel_hi_n_32p                              0
se_sel_lo_n_32p                              0
se_rel_n_16p                              2.97
se_sel_hi_n_16p                              0
se_sel_lo_n_16p                              0
se_rel_n_8p                               2.97
se_sel_hi_n_8p                               0
se_sel_lo_n_8p                               0
se_rel_n_4p                               2.97
se_sel_hi_n_4p                               0
se_sel_lo_n_4p                               0
se_rel_n_2p                               2.97
se_sel_hi_n_2p                               0
se_sel_lo_n_2p                               0
se_rel_n_1p                               2.97
se_sel_hi_n_1p                               0
se_sel_lo_n_1p                               0
se_rel_n_256n                             2.97
se_sel_hi_n_256n                             0
se_sel_lo_n_256n                             0
se_rel_n_128n                             2.97
se_sel_hi_n_128n                             0
se_sel_lo_n_128n                             0
se_rel_n_64n                              2.97
se_sel_hi_n_64n                              0
se_sel_lo_n_64n                              0
se_rel_n_32n                              2.97
se_sel_hi_n_32n                              0
se_sel_lo_n_32n                              0
se_rel_n_16n                              2.97
se_sel_hi_n_16n                              0
se_sel_lo_n_16n                              0
se_rel_n_8n                               2.97
se_sel_hi_n_8n                               0
se_sel_lo_n_8n                               0
se_rel_n_4n                               2.97
se_sel_hi_n_4n                               0
se_sel_lo_n_4n                               0
se_rel_n_2n                               2.97
se_sel_hi_n_2n                               0
se_sel_lo_n_2n                               0
se_rel_n_1n                               2.97
se_sel_hi_n_1n                               0
se_sel_lo_n_1n                               0
se_pinp                                  1.485
se_pinn                                  1.485
xdut.\$65__t0                             2.97
xdut.sel_in__t0                              0
xdut.vss__t0                       1.26986e-08
xdut.\$27__t2                      1.18139e-08
xdut.rel_256_p__t2                        2.97
xdut.vss__t103                     1.84325e-09
xdut.\$29__t2                             2.97
xdut.hi_256_p__t2                            0
xdut.vss__t106                     1.23454e-08
xdut.\$9__t2                              2.97
xdut.lo_256_p__t2                            0
xdut.vss__t107                     1.21689e-08
xdut.vinp__t0                            1.485
xdut.sel_in__t1                              0
xdut.\$10__t0                            1.485
xdut.vcm__t37                            1.485
xdut.rel_256_p__t1                        2.97
xdut.\$10__t263                          1.485
xdut.vref__t29                            2.97
xdut.hi_256_p__t1                            0
xdut.\$10__t262                          1.485
xdut.vss__t30                      7.56762e-08
xdut.lo_256_p__t1                            0
xdut.\$10__t261                          1.485
xdut.\$67__t2                             2.97
xdut.sel_in__t49                             0
xdut.vss__t91                       9.8024e-09
xdut.\$31__t2                      1.13877e-08
xdut.rel_128_p__t2                        2.97
xdut.vss__t92                      1.41701e-09
xdut.\$33__t2                             2.97
xdut.hi_128_p__t2                            0
xdut.vss__t74                      9.45031e-09
xdut.\$11__t2                             2.97
xdut.lo_128_p__t2                            0
xdut.vss__t94                      9.27433e-09
xdut.vinp__t16                           1.485
xdut.sel_in__t32                             0
xdut.\$12__t135                          1.485
xdut.vcm__t34                            1.485
xdut.rel_128_p__t1                        2.97
xdut.\$12__t134                          1.485
xdut.vref__t27                            2.97
xdut.hi_128_p__t1                            0
xdut.\$12__t133                          1.485
xdut.vss__t28                      5.65426e-08
xdut.lo_128_p__t1                            0
xdut.\$12__t132                          1.485
xdut.\$69__t2                             2.97
xdut.sel_in__t51                             0
xdut.vss__t99                      6.91944e-09
xdut.\$35__t2                      1.09635e-08
xdut.rel_64_p__t2                         2.97
xdut.vss__t100                     9.92823e-10
xdut.\$37__t2                             2.97
xdut.hi_64_p__t2                             0
xdut.vss__t101                     6.57005e-09
xdut.\$13__t2                             2.97
xdut.lo_64_p__t2                             0
xdut.vss__t102                     6.39557e-09
xdut.vinp__t14                           1.485
xdut.sel_in__t29                             0
xdut.\$14__t71                           1.485
xdut.vcm__t32                            1.485
xdut.rel_64_p__t1                         2.97
xdut.\$14__t70                           1.485
xdut.vref__t26                            2.97
xdut.hi_64_p__t1                             0
xdut.\$14__t69                           1.485
xdut.vss__t27                      3.75052e-08
xdut.lo_64_p__t1                             0
xdut.\$14__t68                           1.485
xdut.\$71__t2                             2.97
xdut.sel_in__t52                             0
xdut.vss__t108                      4.0779e-09
xdut.\$39__t2                       1.0546e-08
xdut.rel_32_p__t2                         2.97
xdut.vss__t98                      5.75291e-10
xdut.\$41__t2                             2.97
xdut.hi_32_p__t2                             0
xdut.vss__t64                      3.73921e-09
xdut.\$15__t2                             2.97
xdut.lo_32_p__t2                             0
xdut.vss__t69                      3.57102e-09
xdut.vinp__t15                           1.485
xdut.sel_in__t31                             0
xdut.\$16__t36                           1.485
xdut.vcm__t41                            1.485
xdut.rel_32_p__t1                         2.97
xdut.\$16__t37                           1.485
xdut.vref__t34                            2.97
xdut.hi_32_p__t1                             0
xdut.\$16__t38                           1.485
xdut.vss__t35                      1.88583e-08
xdut.lo_32_p__t1                             0
xdut.\$16__t39                           1.485
xdut.\$73__t2                             2.97
xdut.sel_in__t45                             0
xdut.vss__t70                       1.5293e-09
xdut.\$43__t2                      1.01797e-08
xdut.rel_16_p__t2                         2.97
xdut.vss__t71                      2.09021e-10
xdut.\$45__t2                             2.97
xdut.hi_16_p__t2                             0
xdut.vss__t72                      1.32543e-09
xdut.\$17__t2                             2.97
xdut.lo_16_p__t2                             0
xdut.vss__t77                      1.24905e-09
xdut.vinp__t17                           1.485
xdut.sel_in__t34                             0
xdut.\$18__t21                           1.485
xdut.vcm__t38                            1.485
xdut.rel_16_p__t1                         2.97
xdut.\$18__t20                           1.485
xdut.vref__t31                            2.97
xdut.hi_16_p__t1                             0
xdut.\$18__t22                           1.485
xdut.vss__t32                      6.63617e-09
xdut.lo_16_p__t1                             0
xdut.\$18__t23                           1.485
xdut.\$75__t2                             2.97
xdut.sel_in__t53                             0
xdut.vss__t109                     2.23768e-09
xdut.\$47__t2                      1.03227e-08
xdut.rel_8_p__t2                          2.97
xdut.vss__t97                      3.51979e-10
xdut.\$49__t2                             2.97
xdut.hi_8_p__t2                              0
xdut.vss__t96                      2.54771e-09
xdut.\$19__t2                             2.97
xdut.lo_8_p__t2                              0
xdut.vss__t95                      2.70684e-09
xdut.vinp__t13                           1.485
xdut.sel_in__t27                             0
xdut.\$20__t12                           1.485
xdut.vcm__t29                            1.485
xdut.rel_8_p__t1                          2.97
xdut.\$20__t13                           1.485
xdut.vref__t24                            2.97
xdut.hi_8_p__t1                              0
xdut.\$20__t14                           1.485
xdut.vss__t25                      2.17223e-08
xdut.lo_8_p__t1                              0
xdut.\$20__t15                           1.485
xdut.\$77__t2                             2.97
xdut.sel_in__t50                             0
xdut.vss__t93                      4.96333e-09
xdut.\$51__t2                      1.07267e-08
xdut.rel_4_p__t2                          2.97
xdut.vss__t90                      7.56015e-10
xdut.\$53__t2                             2.97
xdut.hi_4_p__t2                              0
xdut.vss__t89                      5.30885e-09
xdut.\$21__t2                             2.97
xdut.lo_4_p__t2                              0
xdut.vss__t88                      5.48205e-09
xdut.vinp__t10                           1.485
xdut.sel_in__t21                             0
xdut.\$22__t11                           1.485
xdut.vcm__t22                            1.485
xdut.rel_4_p__t1                          2.97
xdut.\$22__t10                           1.485
xdut.vref__t18                            2.97
xdut.hi_4_p__t1                              0
xdut.\$22__t9                            1.485
xdut.vss__t19                      4.04857e-08
xdut.lo_4_p__t1                              0
xdut.\$22__t8                            1.485
xdut.\$79__t2                             2.97
xdut.sel_in__t42                             0
xdut.vss__t57                      7.82439e-09
xdut.\$55__t2                      1.11483e-08
xdut.rel_2_p__t2                          2.97
xdut.vss__t47                      1.17758e-09
xdut.\$57__t2                             2.97
xdut.hi_2_p__t2                              0
xdut.vss__t50                      8.17532e-09
xdut.\$23__t2                             2.97
xdut.lo_2_p__t2                              0
xdut.vss__t51                      8.35091e-09
xdut.vinp__t11                           1.485
xdut.sel_in__t24                             0
xdut.\$24__t6                            1.485
xdut.vcm__t28                            1.485
xdut.rel_2_p__t1                          2.97
xdut.\$24__t9                            1.485
xdut.vref__t23                            2.97
xdut.hi_2_p__t1                              0
xdut.\$24__t8                            1.485
xdut.vss__t24                       5.9546e-08
xdut.lo_2_p__t1                              0
xdut.\$24__t7                            1.485
xdut.\$81__t2                             2.97
xdut.sel_in__t43                             0
xdut.vss__t61                      1.07129e-08
xdut.\$59__t2                      1.15736e-08
xdut.rel_1_p__t2                          2.97
xdut.vss__t60                       1.6029e-09
xdut.\$61__t2                             2.97
xdut.hi_1_p__t2                              0
xdut.vss__t59                      1.10656e-08
xdut.\$25__t2                             2.97
xdut.lo_1_p__t2                              0
xdut.vss__t58                      1.12419e-08
xdut.vinp__t12                           1.485
xdut.sel_in__t26                             0
xdut.\$26__t8                            1.485
xdut.vcm__t26                            1.485
xdut.rel_1_p__t1                          2.97
xdut.\$26__t7                            1.485
xdut.vref__t20                            2.97
xdut.hi_1_p__t1                              0
xdut.\$26__t6                            1.485
xdut.vss__t20                      7.86879e-08
xdut.lo_1_p__t1                              0
xdut.\$26__t5                            1.485
xdut.\$83__t2                             2.97
xdut.sel_in__t38                             0
xdut.vss__t38                      1.26731e-08
xdut.\$85__t2                      1.18101e-08
xdut.rel_256_n__t2                        2.97
xdut.vss__t41                      1.83944e-09
xdut.\$87__t2                             2.97
xdut.hi_256_n__t2                            0
xdut.vss__t42                      1.23192e-08
xdut.\$89__t2                             2.97
xdut.lo_256_n__t2                            0
xdut.vss__t62                      1.21423e-08
xdut.vinn__t17                           1.485
xdut.sel_in__t36                             0
xdut.\$90__t260                          1.485
xdut.vcm__t40                            1.485
xdut.rel_256_n__t1                        2.97
xdut.\$90__t261                          1.485
xdut.vref__t33                            2.97
xdut.hi_256_n__t1                            0
xdut.\$90__t262                          1.485
xdut.vss__t36                      7.56967e-08
xdut.lo_256_n__t1                            0
xdut.\$90__t263                          1.485
xdut.\$92__t2                             2.97
xdut.sel_in__t37                             0
xdut.vss__t37                       9.7693e-09
xdut.\$94__t2                      1.13827e-08
xdut.rel_128_n__t2                        2.97
xdut.vss__t43                      1.41204e-09
xdut.\$96__t2                             2.97
xdut.hi_128_n__t2                            0
xdut.vss__t40                      9.41597e-09
xdut.\$98__t2                             2.97
xdut.lo_128_n__t2                            0
xdut.vss__t39                      9.23934e-09
xdut.vinn__t15                           1.485
xdut.sel_in__t33                             0
xdut.\$99__t132                          1.485
xdut.vcm__t36                            1.485
xdut.rel_128_n__t1                        2.97
xdut.\$99__t133                          1.485
xdut.vref__t28                            2.97
xdut.hi_128_n__t1                            0
xdut.\$99__t134                          1.485
xdut.vss__t31                      5.65699e-08
xdut.lo_128_n__t1                            0
xdut.\$99__t135                          1.485
xdut.\$100__t2                            2.97
xdut.sel_in__t39                             0
xdut.vss__t44                      6.87247e-09
xdut.\$102__t2                     1.09564e-08
xdut.rel_64_n__t2                         2.97
xdut.vss__t54                      9.85728e-10
xdut.\$104__t2                            2.97
xdut.hi_64_n__t2                             0
xdut.vss__t45                      6.52055e-09
xdut.\$106__t2                            2.97
xdut.lo_64_n__t2                             0
xdut.vss__t87                      6.34471e-09
xdut.vinn__t16                           1.485
xdut.sel_in__t35                             0
xdut.\$107__t68                          1.485
xdut.vcm__t39                            1.485
xdut.rel_64_n__t1                         2.97
xdut.\$107__t69                          1.485
xdut.vref__t32                            2.97
xdut.hi_64_n__t1                             0
xdut.\$107__t70                          1.485
xdut.vss__t33                      3.75464e-08
xdut.lo_64_n__t1                             0
xdut.\$107__t71                          1.485
xdut.\$108__t2                            2.97
xdut.sel_in__t40                             0
xdut.vss__t52                      3.99767e-09
xdut.\$110__t2                     1.05336e-08
xdut.rel_32_n__t2                         2.97
xdut.vss__t46                      5.62957e-10
xdut.\$112__t2                            2.97
xdut.hi_32_n__t2                             0
xdut.vss__t48                      3.65154e-09
xdut.\$114__t2                            2.97
xdut.lo_32_n__t2                             0
xdut.vss__t49                      3.47913e-09
xdut.vinn__t13                           1.485
xdut.sel_in__t28                             0
xdut.\$115__t36                          1.485
xdut.vcm__t31                            1.485
xdut.rel_32_n__t1                         2.97
xdut.\$115__t37                          1.485
xdut.vref__t25                            2.97
xdut.hi_32_n__t1                             0
xdut.\$115__t38                          1.485
xdut.vss__t26                      1.89401e-08
xdut.lo_32_n__t1                             0
xdut.\$115__t39                          1.485
xdut.\$116__t2                            2.97
xdut.sel_in__t41                             0
xdut.vss__t53                      1.30034e-09
xdut.\$118__t2                     1.01429e-08
xdut.rel_16_n__t2                         2.97
xdut.vss__t63                      1.72196e-10
xdut.\$120__t2                            2.97
xdut.hi_16_n__t2                             0
xdut.vss__t55                      1.05304e-09
xdut.\$122__t2                            2.97
xdut.lo_16_n__t2                             0
xdut.vss__t56                      9.55113e-10
xdut.vinn__t14                           1.485
xdut.sel_in__t30                             0
xdut.\$123__t20                          1.485
xdut.vcm__t33                            1.485
xdut.rel_16_n__t1                         2.97
xdut.\$123__t21                          1.485
xdut.vref__t30                            2.97
xdut.hi_16_n__t1                             0
xdut.\$123__t23                          1.485
xdut.vss__t29                      6.86512e-09
xdut.lo_16_n__t1                             0
xdut.\$123__t22                          1.485
xdut.\$124__t2                            2.97
xdut.sel_in__t48                             0
xdut.vss__t85                       2.0879e-09
xdut.\$126__t2                     1.03021e-08
xdut.rel_8_n__t2                          2.97
xdut.vss__t84                      3.31438e-10
xdut.\$128__t2                            2.97
xdut.hi_8_n__t2                              0
xdut.vss__t83                      2.41722e-09
xdut.\$130__t2                            2.97
xdut.lo_8_n__t2                              0
xdut.vss__t82                       2.5844e-09
xdut.vinn__t9                            1.485
xdut.sel_in__t20                             0
xdut.\$131__t12                          1.485
xdut.vcm__t23                            1.485
xdut.rel_8_n__t1                          2.97
xdut.\$131__t13                          1.485
xdut.vref__t22                            2.97
xdut.hi_8_n__t1                              0
xdut.\$131__t15                          1.485
xdut.vss__t23                      2.17933e-08
xdut.lo_8_n__t1                              0
xdut.\$131__t14                          1.485
xdut.\$132__t2                            2.97
xdut.sel_in__t47                             0
xdut.vss__t81                      4.89763e-09
xdut.\$134__t2                     1.07174e-08
xdut.rel_4_n__t2                          2.97
xdut.vss__t80                      7.46672e-10
xdut.\$136__t2                            2.97
xdut.hi_4_n__t2                              0
xdut.vss__t79                      5.24748e-09
xdut.\$138__t2                            2.97
xdut.lo_4_n__t2                              0
xdut.vss__t78                      5.42263e-09
xdut.vinn__t12                           1.485
xdut.sel_in__t25                             0
xdut.\$139__t8                           1.485
xdut.vcm__t30                            1.485
xdut.rel_4_n__t1                          2.97
xdut.\$139__t9                           1.485
xdut.vref__t35                            2.97
xdut.hi_4_n__t1                              0
xdut.\$139__t11                          1.485
xdut.vss__t34                      4.05238e-08
xdut.lo_4_n__t1                              0
xdut.\$139__t10                          1.485
xdut.\$140__t2                            2.97
xdut.sel_in__t44                             0
xdut.vss__t68                      7.78288e-09
xdut.\$142__t2                     1.11423e-08
xdut.rel_2_n__t2                          2.97
xdut.vss__t67                       1.1716e-09
xdut.\$144__t2                            2.97
xdut.hi_2_n__t2                              0
xdut.vss__t66                       8.1356e-09
xdut.\$146__t2                            2.97
xdut.lo_2_n__t2                              0
xdut.vss__t65                      8.31202e-09
xdut.vinn__t10                           1.485
xdut.sel_in__t22                             0
xdut.\$147__t6                           1.485
xdut.vcm__t25                            1.485
xdut.rel_2_n__t1                          2.97
xdut.\$147__t7                           1.485
xdut.\$166__t2                            2.97
xdut.tp_gn__t4                               0
xdut.vss__t104                     9.16314e-09
xdut.vref__t19                            2.97
xdut.hi_2_n__t1                              0
xdut.\$147__t8                           1.485
xdut.vcm__t35                            1.485
xdut.tp_gn__t3                               0
xdut.topp__t513                        1.41705
xdut.vss__t22                       5.9572e-08
xdut.lo_2_n__t1                              0
xdut.\$147__t9                           1.485
xdut.\$167__t2                            2.97
xdut.tp_gn__t5                               0
xdut.vss__t105                     9.93596e-09
xdut.vcm__t24                            1.485
xdut.tp_gn__t2                               0
xdut.topn__t513                         1.5841
xdut.\$148__t2                            2.97
xdut.sel_in__t46                             0
xdut.vss__t76                      1.06826e-08
xdut.\$150__t2                     1.15692e-08
xdut.rel_1_n__t2                          2.97
xdut.vss__t75                      1.59852e-09
xdut.\$152__t2                            2.97
xdut.hi_1_n__t2                              0
xdut.vss__t86                      1.10363e-08
xdut.\$154__t2                            2.97
xdut.lo_1_n__t2                              0
xdut.vss__t73                      1.12131e-08
xdut.vinn__t11                           1.485
xdut.sel_in__t23                             0
xdut.\$155__t8                           1.485
xdut.vcm__t27                            1.485
xdut.rel_1_n__t1                          2.97
xdut.\$155__t7                           1.485
xdut.vref__t21                            2.97
xdut.hi_1_n__t1                              0
xdut.\$155__t6                           1.485
xdut.vss__t21                      7.87075e-08
xdut.lo_1_n__t1                              0
xdut.\$155__t5                           1.485
xdut.\$65__t1                             2.97
xdut.sel_in__t2                              0
xdut.vdd__t0                              2.97
xdut.\$27__t1                      1.44066e-08
xdut.rel_256_p__t0                        2.97
xdut.vdd__t50                             2.97
xdut.\$29__t1                             2.97
xdut.hi_256_p__t0                            0
xdut.vdd__t49                             2.97
xdut.\$9__t1                              2.97
xdut.lo_256_p__t0                            0
xdut.vdd__t48                             2.97
xdut.vinp__t1                            1.485
xdut.\$65__t2                             2.97
xdut.\$10__t1                            1.485
xdut.vcm__t6                             1.485
xdut.\$27__t0                      1.39466e-08
xdut.\$10__t260                          1.485
xdut.vref__t1                             2.97
xdut.\$29__t0                             2.97
xdut.\$10__t259                          1.485
xdut.vss__t1                       3.02607e-10
xdut.\$9__t0                              2.97
xdut.\$10__t258                          1.485
xdut.\$67__t1                             2.97
xdut.sel_in__t13                             0
xdut.vdd__t47                             2.97
xdut.\$31__t1                      1.39803e-08
xdut.rel_128_p__t0                        2.97
xdut.vdd__t46                             2.97
xdut.\$33__t1                             2.97
xdut.hi_128_p__t0                            0
xdut.vdd__t45                             2.97
xdut.\$11__t1                             2.97
xdut.lo_128_p__t0                            0
xdut.vdd__t44                             2.97
xdut.vinp__t4                            1.485
xdut.\$67__t0                             2.97
xdut.\$12__t130                          1.485
xdut.vcm__t9                             1.485
xdut.\$31__t0                      1.35204e-08
xdut.\$12__t131                          1.485
xdut.vref__t2                             2.97
xdut.\$33__t0                             2.97
xdut.\$12__t129                          1.485
xdut.vss__t2                       2.14653e-10
xdut.\$11__t0                             2.97
xdut.\$12__t128                          1.485
xdut.\$69__t1                             2.97
xdut.sel_in__t5                              0
xdut.vdd__t13                             2.97
xdut.\$35__t1                      1.35562e-08
xdut.rel_64_p__t0                         2.97
xdut.vdd__t11                             2.97
xdut.\$37__t1                             2.97
xdut.hi_64_p__t0                             0
xdut.vdd__t10                             2.97
xdut.\$13__t1                             2.97
xdut.lo_64_p__t0                             0
xdut.vdd__t19                             2.97
xdut.vinp__t2                            1.485
xdut.\$69__t0                             2.97
xdut.\$14__t64                           1.485
xdut.vcm__t12                            1.485
xdut.\$35__t0                      1.30962e-08
xdut.\$14__t65                           1.485
xdut.vref__t11                            2.97
xdut.\$37__t0                             2.97
xdut.\$14__t67                           1.485
xdut.vss__t13                      1.27098e-10
xdut.\$13__t0                             2.97
xdut.\$14__t66                           1.485
xdut.\$71__t1                             2.97
xdut.sel_in__t3                              0
xdut.vdd__t2                              2.97
xdut.\$39__t1                      1.31386e-08
xdut.rel_32_p__t0                         2.97
xdut.vdd__t3                              2.97
xdut.\$41__t1                             2.97
xdut.hi_32_p__t0                             0
xdut.vdd__t4                              2.97
xdut.\$15__t1                             2.97
xdut.lo_32_p__t0                             0
xdut.vdd__t6                              2.97
xdut.vinp__t6                            1.485
xdut.\$71__t0                             2.97
xdut.\$16__t35                           1.485
xdut.vcm__t14                            1.485
xdut.\$39__t0                      1.26786e-08
xdut.\$16__t34                           1.485
xdut.vref__t10                            2.97
xdut.\$41__t0                             2.97
xdut.\$16__t33                           1.485
xdut.vss__t12                      4.24844e-11
xdut.\$15__t0                             2.97
xdut.\$16__t32                           1.485
xdut.\$73__t1                             2.97
xdut.sel_in__t15                             0
xdut.vdd__t60                             2.97
xdut.\$43__t1                      1.27724e-08
xdut.rel_16_p__t0                         2.97
xdut.vdd__t43                             2.97
xdut.\$45__t1                             2.97
xdut.hi_16_p__t0                             0
xdut.vdd__t59                             2.97
xdut.\$17__t1                             2.97
xdut.lo_16_p__t0                             0
xdut.vdd__t58                             2.97
xdut.vinp__t5                            1.485
xdut.\$73__t0                             2.97
xdut.\$18__t16                           1.485
xdut.vcm__t7                             1.485
xdut.\$43__t0                      1.23124e-08
xdut.\$18__t17                           1.485
xdut.vref__t4                             2.97
xdut.\$45__t0                             2.97
xdut.\$18__t18                           1.485
xdut.vss__t4                       5.50347e-11
xdut.\$17__t0                             2.97
xdut.\$18__t19                           1.485
xdut.\$75__t1                             2.97
xdut.sel_in__t19                             0
xdut.vdd__t73                             2.97
xdut.\$47__t1                      1.29153e-08
xdut.rel_8_p__t0                          2.97
xdut.vdd__t68                             2.97
xdut.\$49__t1                             2.97
xdut.hi_8_p__t0                              0
xdut.vdd__t67                             2.97
xdut.\$19__t1                             2.97
xdut.lo_8_p__t0                              0
xdut.vdd__t63                             2.97
xdut.vinp__t3                            1.485
xdut.\$75__t0                             2.97
xdut.\$20__t8                            1.485
xdut.vcm__t5                             1.485
xdut.\$47__t0                      1.24553e-08
xdut.\$20__t9                            1.485
xdut.vref__t3                             2.97
xdut.\$49__t0                             2.97
xdut.\$20__t10                           1.485
xdut.vss__t3                       1.40804e-10
xdut.\$19__t0                             2.97
xdut.\$20__t11                           1.485
xdut.\$77__t1                             2.97
xdut.sel_in__t14                             0
xdut.vdd__t54                             2.97
xdut.\$51__t1                      1.33193e-08
xdut.rel_4_p__t0                          2.97
xdut.vdd__t55                             2.97
xdut.\$53__t1                             2.97
xdut.hi_4_p__t0                              0
xdut.vdd__t56                             2.97
xdut.\$21__t1                             2.97
xdut.lo_4_p__t0                              0
xdut.vdd__t32                             2.97
xdut.vinp__t8                            1.485
xdut.\$77__t0                             2.97
xdut.\$22__t4                            1.485
xdut.vcm__t17                            1.485
xdut.\$51__t0                      1.28594e-08
xdut.\$22__t5                            1.485
xdut.vref__t13                            2.97
xdut.\$53__t0                             2.97
xdut.\$22__t6                            1.485
xdut.vss__t15                      2.28463e-10
xdut.\$21__t0                             2.97
xdut.\$22__t7                            1.485
xdut.\$79__t1                             2.97
xdut.sel_in__t4                              0
xdut.vdd__t9                              2.97
xdut.\$55__t1                      1.37409e-08
xdut.rel_2_p__t0                          2.97
xdut.vdd__t8                              2.97
xdut.\$57__t1                             2.97
xdut.hi_2_p__t0                              0
xdut.vdd__t1                              2.97
xdut.\$23__t1                             2.97
xdut.lo_2_p__t0                              0
xdut.vdd__t7                              2.97
xdut.vinp__t7                            1.485
xdut.\$79__t0                             2.97
xdut.\$24__t3                            1.485
xdut.vcm__t19                            1.485
xdut.\$55__t0                      1.32809e-08
xdut.\$24__t4                            1.485
xdut.vref__t16                            2.97
xdut.\$57__t0                             2.97
xdut.\$24__t5                            1.485
xdut.vss__t5                       3.16446e-10
xdut.\$23__t0                             2.97
xdut.\$24__t2                            1.485
xdut.\$81__t1                             2.97
xdut.sel_in__t16                             0
xdut.vdd__t62                             2.97
xdut.\$59__t1                      1.41662e-08
xdut.rel_1_p__t0                          2.97
xdut.vdd__t66                             2.97
xdut.\$61__t1                             2.97
xdut.hi_1_p__t0                              0
xdut.vdd__t65                             2.97
xdut.\$25__t1                             2.97
xdut.lo_1_p__t0                              0
xdut.vdd__t64                             2.97
xdut.vinp__t9                            1.485
xdut.\$81__t0                             2.97
xdut.\$26__t2                            1.485
xdut.vcm__t21                            1.485
xdut.\$59__t0                      1.37063e-08
xdut.\$26__t3                            1.485
xdut.vref__t17                            2.97
xdut.\$61__t0                             2.97
xdut.\$26__t4                            1.485
xdut.vss__t17                      4.04541e-10
xdut.\$25__t0                             2.97
xdut.\$26__t1                            1.485
xdut.\$83__t1                             2.97
xdut.sel_in__t18                             0
xdut.vdd__t70                             2.97
xdut.\$85__t1                      1.44028e-08
xdut.rel_256_n__t0                        2.97
xdut.vdd__t71                             2.97
xdut.\$87__t1                             2.97
xdut.hi_256_n__t0                            0
xdut.vdd__t72                             2.97
xdut.\$89__t1                             2.97
xdut.lo_256_n__t0                            0
xdut.vdd__t51                             2.97
xdut.vinn__t6                            1.485
xdut.\$83__t0                             2.97
xdut.\$90__t256                          1.485
xdut.vcm__t16                            1.485
xdut.\$85__t0                      1.39428e-08
xdut.\$90__t257                          1.485
xdut.vref__t12                            2.97
xdut.\$87__t0                             2.97
xdut.\$90__t258                          1.485
xdut.vss__t14                      3.04526e-10
xdut.\$89__t0                             2.97
xdut.\$90__t259                          1.485
xdut.\$92__t1                             2.97
xdut.sel_in__t17                             0
xdut.vdd__t69                             2.97
xdut.\$94__t1                      1.39754e-08
xdut.rel_128_n__t0                        2.97
xdut.vdd__t52                             2.97
xdut.\$96__t1                             2.97
xdut.hi_128_n__t0                            0
xdut.vdd__t53                             2.97
xdut.\$98__t1                             2.97
xdut.lo_128_n__t0                            0
xdut.vdd__t57                             2.97
xdut.vinn__t7                            1.485
xdut.\$92__t0                             2.97
xdut.\$99__t128                          1.485
xdut.vcm__t18                            1.485
xdut.\$94__t0                      1.35154e-08
xdut.\$99__t129                          1.485
xdut.vref__t14                            2.97
xdut.\$96__t0                             2.97
xdut.\$99__t130                          1.485
xdut.vss__t18                       2.1735e-10
xdut.\$98__t0                             2.97
xdut.\$99__t131                          1.485
xdut.\$100__t1                            2.97
xdut.sel_in__t11                             0
xdut.vdd__t33                             2.97
xdut.\$102__t1                     1.35491e-08
xdut.rel_64_n__t0                         2.97
xdut.vdd__t34                             2.97
xdut.\$104__t1                            2.97
xdut.hi_64_n__t0                             0
xdut.vdd__t35                             2.97
xdut.\$106__t1                            2.97
xdut.lo_64_n__t0                             0
xdut.vdd__t36                             2.97
xdut.vinn__t8                            1.485
xdut.\$100__t0                            2.97
xdut.\$107__t67                          1.485
xdut.vcm__t20                            1.485
xdut.\$102__t0                     1.30891e-08
xdut.\$107__t65                          1.485
xdut.vref__t15                            2.97
xdut.\$104__t0                            2.97
xdut.\$107__t64                          1.485
xdut.vss__t16                      1.31602e-10
xdut.\$106__t0                            2.97
xdut.\$107__t66                          1.485
xdut.\$108__t1                            2.97
xdut.sel_in__t12                             0
xdut.vdd__t37                             2.97
xdut.\$110__t1                     1.31263e-08
xdut.rel_32_n__t0                         2.97
xdut.vdd__t38                             2.97
xdut.\$112__t1                            2.97
xdut.hi_32_n__t0                             0
xdut.vdd__t39                             2.97
xdut.\$114__t1                            2.97
xdut.lo_32_n__t0                             0
xdut.vdd__t40                             2.97
xdut.vinn__t0                            1.485
xdut.\$108__t0                            2.97
xdut.\$115__t32                          1.485
xdut.vcm__t8                             1.485
xdut.\$110__t0                     1.26663e-08
xdut.\$115__t35                          1.485
xdut.vref__t5                             2.97
xdut.\$112__t0                            2.97
xdut.\$115__t34                          1.485
xdut.vss__t6                       5.44985e-11
xdut.\$114__t0                            2.97
xdut.\$115__t33                          1.485
xdut.\$116__t1                            2.97
xdut.sel_in__t10                             0
xdut.vdd__t28                             2.97
xdut.\$118__t1                     1.27355e-08
xdut.rel_16_n__t0                         2.97
xdut.vdd__t27                             2.97
xdut.\$120__t1                            2.97
xdut.hi_16_n__t0                             0
xdut.vdd__t26                             2.97
xdut.\$122__t1                            2.97
xdut.lo_16_n__t0                             0
xdut.vdd__t25                             2.97
xdut.vinn__t2                            1.485
xdut.\$116__t0                            2.97
xdut.\$123__t19                          1.485
xdut.vcm__t10                            1.485
xdut.\$118__t0                     1.22755e-08
xdut.\$123__t18                          1.485
xdut.vref__t6                             2.97
xdut.\$120__t0                            2.97
xdut.\$123__t17                          1.485
xdut.vss__t7                        6.4761e-11
xdut.\$122__t0                            2.97
xdut.\$123__t16                          1.485
xdut.\$124__t1                            2.97
xdut.sel_in__t9                              0
xdut.vdd__t24                             2.97
xdut.\$126__t1                     1.28948e-08
xdut.rel_8_n__t0                          2.97
xdut.vdd__t23                             2.97
xdut.\$128__t1                            2.97
xdut.hi_8_n__t0                              0
xdut.vdd__t22                             2.97
xdut.\$130__t1                            2.97
xdut.lo_8_n__t0                              0
xdut.vdd__t21                             2.97
xdut.vinn__t1                            1.485
xdut.\$124__t0                            2.97
xdut.\$131__t10                          1.485
xdut.vcm__t4                             1.485
xdut.\$126__t0                     1.24348e-08
xdut.\$131__t8                           1.485
xdut.vref__t0                             2.97
xdut.\$128__t0                            2.97
xdut.\$131__t9                           1.485
xdut.vss__t11                      1.44882e-10
xdut.\$130__t0                            2.97
xdut.\$131__t11                          1.485
xdut.\$132__t1                            2.97
xdut.sel_in__t8                              0
xdut.vdd__t20                             2.97
xdut.\$134__t1                       1.331e-08
xdut.rel_4_n__t0                          2.97
xdut.vdd__t61                             2.97
xdut.\$136__t1                            2.97
xdut.hi_4_n__t0                              0
xdut.vdd__t29                             2.97
xdut.\$138__t1                            2.97
xdut.lo_4_n__t0                              0
xdut.vdd__t41                             2.97
xdut.vinn__t5                            1.485
xdut.\$132__t0                            2.97
xdut.\$139__t7                           1.485
xdut.vcm__t13                            1.485
xdut.\$134__t0                       1.285e-08
xdut.\$139__t6                           1.485
xdut.vref__t9                             2.97
xdut.\$136__t0                            2.97
xdut.\$139__t5                           1.485
xdut.vss__t10                      2.30999e-10
xdut.\$138__t0                            2.97
xdut.\$139__t4                           1.485
xdut.\$140__t1                            2.97
xdut.sel_in__t6                              0
xdut.vdd__t14                             2.97
xdut.\$142__t1                     1.37349e-08
xdut.rel_2_n__t0                          2.97
xdut.vdd__t15                             2.97
xdut.\$144__t1                            2.97
xdut.hi_2_n__t0                              0
xdut.vdd__t16                             2.97
xdut.\$146__t1                            2.97
xdut.lo_2_n__t0                              0
xdut.vdd__t18                             2.97
xdut.vinn__t4                            1.485
xdut.\$140__t0                            2.97
xdut.\$147__t4                           1.485
xdut.vcm__t15                            1.485
xdut.\$142__t0                      1.3275e-08
xdut.\$147__t5                           1.485
xdut.vref__t8                             2.97
xdut.\$144__t0                            2.97
xdut.\$147__t3                           1.485
xdut.vss__t9                       3.18282e-10
xdut.\$146__t0                            2.97
xdut.\$147__t2                           1.485
xdut.\$148__t1                            2.97
xdut.sel_in__t7                              0
xdut.vdd__t17                             2.97
xdut.\$150__t1                     1.41618e-08
xdut.rel_1_n__t0                          2.97
xdut.vdd__t12                             2.97
xdut.\$152__t1                            2.97
xdut.hi_1_n__t0                              0
xdut.vdd__t30                             2.97
xdut.\$154__t1                            2.97
xdut.lo_1_n__t0                              0
xdut.vdd__t5                              2.97
xdut.vinn__t3                            1.485
xdut.\$148__t0                            2.97
xdut.\$155__t4                           1.485
xdut.vcm__t11                            1.485
xdut.\$150__t0                     1.37019e-08
xdut.\$155__t3                           1.485
xdut.vref__t7                             2.97
xdut.\$152__t0                            2.97
xdut.\$155__t2                           1.485
xdut.vss__t8                       4.05979e-10
xdut.\$154__t0                            2.97
xdut.\$155__t1                           1.485
xdut.\$166__t1                            2.97
xdut.tp_gn__t1                               0
xdut.vdd__t42                             2.97
xdut.vcm__t3                             1.485
xdut.\$166__t0                            2.97
xdut.topp__t512                        1.41705
xdut.\$167__t1                            2.97
xdut.tp_gn__t0                               0
xdut.vdd__t31                             2.97
xdut.vcm__t2                             1.485
xdut.\$167__t0                            2.97
xdut.topn__t512                         1.5841
xdut.\$10__t177                          1.485
xdut.topp__t350                        1.41705
xdut.\$24__t1                            1.485
xdut.topp__t349                        1.41705
xdut.\$10__t176                          1.485
xdut.topp__t348                        1.41705
xdut.\$22__t2                            1.485
xdut.topp__t347                        1.41705
xdut.\$10__t175                          1.485
xdut.topp__t346                        1.41705
xdut.\$20__t5                            1.485
xdut.topp__t345                        1.41705
xdut.\$10__t174                          1.485
xdut.topp__t344                        1.41705
xdut.\$20__t4                            1.485
xdut.topp__t343                        1.41705
xdut.\$10__t173                          1.485
xdut.topp__t342                        1.41705
xdut.\$18__t12                           1.485
xdut.topp__t341                        1.41705
xdut.\$10__t172                          1.485
xdut.topp__t340                        1.41705
xdut.\$18__t11                           1.485
xdut.topp__t339                        1.41705
xdut.\$10__t171                          1.485
xdut.topp__t338                        1.41705
xdut.\$18__t15                           1.485
xdut.topp__t494                        1.41705
xdut.\$10__t248                          1.485
xdut.topp__t493                        1.41705
xdut.\$18__t14                           1.485
xdut.topp__t492                        1.41705
xdut.\$10__t247                          1.485
xdut.topp__t491                        1.41705
xdut.\$16__t26                           1.485
xdut.topp__t490                        1.41705
xdut.\$10__t257                          1.485
xdut.topp__t510                        1.41705
xdut.\$16__t24                           1.485
xdut.topp__t337                        1.41705
xdut.\$10__t178                          1.485
xdut.topp__t351                        1.41705
xdut.\$16__t25                           1.485
xdut.topp__t488                        1.41705
xdut.\$10__t252                          1.485
xdut.topp__t503                        1.41705
xdut.\$16__t31                           1.485
xdut.topp__t502                        1.41705
xdut.\$10__t251                          1.485
xdut.topp__t501                        1.41705
xdut.\$16__t30                           1.485
xdut.topp__t500                        1.41705
xdut.\$10__t250                          1.485
xdut.topp__t499                        1.41705
xdut.\$16__t29                           1.485
xdut.topp__t498                        1.41705
xdut.\$10__t249                          1.485
xdut.topp__t497                        1.41705
xdut.\$16__t28                           1.485
xdut.topp__t496                        1.41705
xdut.\$10__t253                          1.485
xdut.topp__t504                        1.41705
xdut.\$16__t27                           1.485
xdut.topp__t495                        1.41705
xdut.\$90__t224                          1.485
xdut.topn__t446                         1.5841
xdut.\$147__t1                           1.485
xdut.topn__t445                         1.5841
xdut.\$90__t223                          1.485
xdut.topn__t444                         1.5841
xdut.\$139__t3                           1.485
xdut.topn__t443                         1.5841
xdut.\$90__t222                          1.485
xdut.topn__t442                         1.5841
xdut.\$131__t5                           1.485
xdut.topn__t441                         1.5841
xdut.\$90__t221                          1.485
xdut.topn__t440                         1.5841
xdut.\$131__t4                           1.485
xdut.topn__t439                         1.5841
xdut.\$90__t186                          1.485
xdut.topn__t368                         1.5841
xdut.\$123__t12                          1.485
xdut.topn__t383                         1.5841
xdut.\$90__t185                          1.485
xdut.topn__t366                         1.5841
xdut.\$123__t9                           1.485
xdut.topn__t365                         1.5841
xdut.\$90__t184                          1.485
xdut.topn__t364                         1.5841
xdut.\$123__t8                           1.485
xdut.topn__t363                         1.5841
xdut.\$90__t183                          1.485
xdut.topn__t362                         1.5841
xdut.\$123__t7                           1.485
xdut.topn__t361                         1.5841
xdut.\$90__t182                          1.485
xdut.topn__t360                         1.5841
xdut.\$115__t21                          1.485
xdut.topn__t359                         1.5841
xdut.\$90__t181                          1.485
xdut.topn__t358                         1.5841
xdut.\$115__t20                          1.485
xdut.topn__t357                         1.5841
xdut.\$90__t191                          1.485
xdut.topn__t377                         1.5841
xdut.\$115__t25                          1.485
xdut.topn__t376                         1.5841
xdut.\$90__t190                          1.485
xdut.topn__t375                         1.5841
xdut.\$115__t24                          1.485
xdut.topn__t374                         1.5841
xdut.\$90__t189                          1.485
xdut.topn__t373                         1.5841
xdut.\$115__t23                          1.485
xdut.topn__t372                         1.5841
xdut.\$90__t188                          1.485
xdut.topn__t371                         1.5841
xdut.\$115__t22                          1.485
xdut.topn__t370                         1.5841
xdut.\$90__t187                          1.485
xdut.topn__t369                         1.5841
xdut.\$115__t27                          1.485
xdut.topn__t381                         1.5841
xdut.\$90__t192                          1.485
xdut.topn__t380                         1.5841
xdut.\$115__t26                          1.485
xdut.topn__t379                         1.5841
xdut.\$10__t179                          1.485
xdut.topp__t352                        1.41705
xdut.\$14__t43                           1.485
xdut.topp__t353                        1.41705
xdut.\$10__t180                          1.485
xdut.topp__t354                        1.41705
xdut.\$14__t44                           1.485
xdut.topp__t355                        1.41705
xdut.\$10__t181                          1.485
xdut.topp__t356                        1.41705
xdut.\$14__t45                           1.485
xdut.topp__t357                        1.41705
xdut.\$10__t182                          1.485
xdut.topp__t358                        1.41705
xdut.\$14__t46                           1.485
xdut.topp__t359                        1.41705
xdut.\$10__t183                          1.485
xdut.topp__t360                        1.41705
xdut.\$14__t47                           1.485
xdut.topp__t361                        1.41705
xdut.\$10__t184                          1.485
xdut.topp__t362                        1.41705
xdut.\$14__t48                           1.485
xdut.topp__t363                        1.41705
xdut.\$10__t185                          1.485
xdut.topp__t364                        1.41705
xdut.\$14__t49                           1.485
xdut.topp__t365                        1.41705
xdut.\$10__t186                          1.485
xdut.topp__t366                        1.41705
xdut.\$14__t58                           1.485
xdut.topp__t383                        1.41705
xdut.\$10__t187                          1.485
xdut.topp__t368                        1.41705
xdut.\$14__t51                           1.485
xdut.topp__t369                        1.41705
xdut.\$10__t188                          1.485
xdut.topp__t370                        1.41705
xdut.\$14__t52                           1.485
xdut.topp__t371                        1.41705
xdut.\$10__t189                          1.485
xdut.topp__t372                        1.41705
xdut.\$14__t53                           1.485
xdut.topp__t373                        1.41705
xdut.\$10__t190                          1.485
xdut.topp__t374                        1.41705
xdut.\$14__t54                           1.485
xdut.topp__t375                        1.41705
xdut.\$10__t191                          1.485
xdut.topp__t376                        1.41705
xdut.\$14__t55                           1.485
xdut.topp__t377                        1.41705
xdut.\$10__t192                          1.485
xdut.topp__t378                        1.41705
xdut.\$14__t56                           1.485
xdut.topp__t379                        1.41705
xdut.\$10__t193                          1.485
xdut.topp__t380                        1.41705
xdut.\$14__t57                           1.485
xdut.topp__t381                        1.41705
xdut.\$10__t194                          1.485
xdut.topp__t382                        1.41705
xdut.\$14__t50                           1.485
xdut.topp__t367                        1.41705
xdut.\$90__t146                          1.485
xdut.topn__t288                         1.5841
xdut.\$107__t30                          1.485
xdut.topn__t289                         1.5841
xdut.\$90__t147                          1.485
xdut.topn__t290                         1.5841
xdut.\$107__t31                          1.485
xdut.topn__t291                         1.5841
xdut.\$90__t148                          1.485
xdut.topn__t292                         1.5841
xdut.\$107__t32                          1.485
xdut.topn__t293                         1.5841
xdut.\$90__t149                          1.485
xdut.topn__t294                         1.5841
xdut.\$107__t33                          1.485
xdut.topn__t295                         1.5841
xdut.\$90__t150                          1.485
xdut.topn__t296                         1.5841
xdut.\$107__t34                          1.485
xdut.topn__t297                         1.5841
xdut.\$90__t151                          1.485
xdut.topn__t298                         1.5841
xdut.\$107__t35                          1.485
xdut.topn__t299                         1.5841
xdut.\$90__t152                          1.485
xdut.topn__t300                         1.5841
xdut.\$107__t36                          1.485
xdut.topn__t301                         1.5841
xdut.\$90__t153                          1.485
xdut.topn__t302                         1.5841
xdut.\$107__t44                          1.485
xdut.topn__t319                         1.5841
xdut.\$90__t155                          1.485
xdut.topn__t304                         1.5841
xdut.\$107__t37                          1.485
xdut.topn__t305                         1.5841
xdut.\$90__t156                          1.485
xdut.topn__t306                         1.5841
xdut.\$107__t38                          1.485
xdut.topn__t307                         1.5841
xdut.\$90__t157                          1.485
xdut.topn__t308                         1.5841
xdut.\$107__t39                          1.485
xdut.topn__t309                         1.5841
xdut.\$90__t158                          1.485
xdut.topn__t310                         1.5841
xdut.\$107__t40                          1.485
xdut.topn__t311                         1.5841
xdut.\$90__t159                          1.485
xdut.topn__t312                         1.5841
xdut.\$107__t41                          1.485
xdut.topn__t313                         1.5841
xdut.\$90__t160                          1.485
xdut.topn__t314                         1.5841
xdut.\$107__t42                          1.485
xdut.topn__t315                         1.5841
xdut.\$90__t161                          1.485
xdut.topn__t316                         1.5841
xdut.\$107__t43                          1.485
xdut.topn__t317                         1.5841
xdut.\$90__t162                          1.485
xdut.topn__t318                         1.5841
xdut.\$107__t45                          1.485
xdut.topn__t335                         1.5841
xdut.\$10__t234                          1.485
xdut.topp__t463                        1.41705
xdut.\$12__t111                          1.485
xdut.topp__t462                        1.41705
xdut.\$10__t233                          1.485
xdut.topp__t461                        1.41705
xdut.\$12__t110                          1.485
xdut.topp__t460                        1.41705
xdut.\$10__t232                          1.485
xdut.topp__t459                        1.41705
xdut.\$12__t109                          1.485
xdut.topp__t458                        1.41705
xdut.\$10__t231                          1.485
xdut.topp__t457                        1.41705
xdut.\$12__t108                          1.485
xdut.topp__t456                        1.41705
xdut.\$10__t246                          1.485
xdut.topp__t489                        1.41705
xdut.\$12__t113                          1.485
xdut.topp__t466                        1.41705
xdut.\$10__t104                          1.485
xdut.topp__t207                        1.41705
xdut.\$12__t122                          1.485
xdut.topp__t483                        1.41705
xdut.\$10__t243                          1.485
xdut.topp__t482                        1.41705
xdut.\$12__t121                          1.485
xdut.topp__t481                        1.41705
xdut.\$10__t242                          1.485
xdut.topp__t480                        1.41705
xdut.\$12__t116                          1.485
xdut.topp__t472                        1.41705
xdut.\$10__t245                          1.485
xdut.topp__t487                        1.41705
xdut.\$12__t115                          1.485
xdut.topp__t470                        1.41705
xdut.\$10__t237                          1.485
xdut.topp__t469                        1.41705
xdut.\$12__t103                          1.485
xdut.topp__t448                        1.41705
xdut.\$10__t238                          1.485
xdut.topp__t471                        1.41705
xdut.\$12__t80                           1.485
xdut.topp__t313                        1.41705
xdut.\$10__t206                          1.485
xdut.topp__t408                        1.41705
xdut.\$12__t87                           1.485
xdut.topp__t407                        1.41705
xdut.\$10__t216                          1.485
xdut.topp__t426                        1.41705
xdut.\$12__t95                           1.485
xdut.topp__t425                        1.41705
xdut.\$10__t215                          1.485
xdut.topp__t424                        1.41705
xdut.\$12__t94                           1.485
xdut.topp__t423                        1.41705
xdut.\$10__t214                          1.485
xdut.topp__t422                        1.41705
xdut.\$12__t98                           1.485
xdut.topp__t437                        1.41705
xdut.\$10__t212                          1.485
xdut.topp__t420                        1.41705
xdut.\$12__t93                           1.485
xdut.topp__t419                        1.41705
xdut.\$90__t239                          1.485
xdut.topn__t479                         1.5841
xdut.\$99__t121                          1.485
xdut.topn__t478                         1.5841
xdut.\$90__t238                          1.485
xdut.topn__t477                         1.5841
xdut.\$99__t120                          1.485
xdut.topn__t476                         1.5841
xdut.\$90__t237                          1.485
xdut.topn__t475                         1.5841
xdut.\$99__t119                          1.485
xdut.topn__t474                         1.5841
xdut.\$90__t236                          1.485
xdut.topn__t473                         1.5841
xdut.\$99__t118                          1.485
xdut.topn__t472                         1.5841
xdut.\$90__t66                           1.485
xdut.topn__t129                         1.5841
xdut.\$99__t41                           1.485
xdut.topn__t118                         1.5841
xdut.\$90__t54                           1.485
xdut.topn__t107                         1.5841
xdut.\$99__t35                           1.485
xdut.topn__t106                         1.5841
xdut.\$90__t53                           1.485
xdut.topn__t105                         1.5841
xdut.\$99__t34                           1.485
xdut.topn__t104                         1.5841
xdut.\$90__t68                           1.485
xdut.topn__t133                         1.5841
xdut.\$99__t47                           1.485
xdut.topn__t132                         1.5841
xdut.\$90__t67                           1.485
xdut.topn__t131                         1.5841
xdut.\$99__t46                           1.485
xdut.topn__t130                         1.5841
xdut.\$90__t241                          1.485
xdut.topn__t484                         1.5841
xdut.\$99__t15                           1.485
xdut.topn__t40                          1.5841
xdut.\$90__t24                           1.485
xdut.topn__t49                          1.5841
xdut.\$99__t19                           1.485
xdut.topn__t48                          1.5841
xdut.\$90__t23                           1.485
xdut.topn__t47                          1.5841
xdut.\$99__t18                           1.485
xdut.topn__t46                          1.5841
xdut.\$90__t22                           1.485
xdut.topn__t45                          1.5841
xdut.\$99__t17                           1.485
xdut.topn__t44                          1.5841
xdut.\$90__t21                           1.485
xdut.topn__t43                          1.5841
xdut.\$99__t16                           1.485
xdut.topn__t42                          1.5841
xdut.\$90__t20                           1.485
xdut.topn__t41                          1.5841
xdut.\$99__t8                            1.485
xdut.topn__t26                          1.5841
xdut.\$90__t12                           1.485
xdut.topn__t25                          1.5841
xdut.\$99__t23                           1.485
xdut.topn__t56                          1.5841
xdut.\$10__t229                          1.485
xdut.topp__t452                        1.41705
xdut.\$12__t105                          1.485
xdut.topp__t451                        1.41705
xdut.\$10__t228                          1.485
xdut.topp__t450                        1.41705
xdut.\$12__t104                          1.485
xdut.topp__t449                        1.41705
xdut.\$10__t72                           1.485
xdut.topp__t144                        1.41705
xdut.\$12__t37                           1.485
xdut.topp__t143                        1.41705
xdut.\$10__t71                           1.485
xdut.topp__t142                        1.41705
xdut.\$12__t36                           1.485
xdut.topp__t141                        1.41705
xdut.\$10__t235                          1.485
xdut.topp__t465                        1.41705
xdut.\$12__t112                          1.485
xdut.topp__t464                        1.41705
xdut.\$10__t105                          1.485
xdut.topp__t209                        1.41705
xdut.\$12__t117                          1.485
xdut.topp__t473                        1.41705
xdut.\$10__t241                          1.485
xdut.topp__t479                        1.41705
xdut.\$12__t124                          1.485
xdut.topp__t486                        1.41705
xdut.\$10__t244                          1.485
xdut.topp__t485                        1.41705
xdut.\$12__t123                          1.485
xdut.topp__t484                        1.41705
xdut.\$10__t227                          1.485
xdut.topp__t447                        1.41705
xdut.\$12__t102                          1.485
xdut.topp__t446                        1.41705
xdut.\$10__t226                          1.485
xdut.topp__t445                        1.41705
xdut.\$12__t99                           1.485
xdut.topp__t439                        1.41705
xdut.\$10__t222                          1.485
xdut.topp__t438                        1.41705
xdut.\$12__t81                           1.485
xdut.topp__t332                        1.41705
xdut.\$10__t209                          1.485
xdut.topp__t414                        1.41705
xdut.\$12__t90                           1.485
xdut.topp__t413                        1.41705
xdut.\$10__t208                          1.485
xdut.topp__t412                        1.41705
xdut.\$12__t89                           1.485
xdut.topp__t411                        1.41705
xdut.\$10__t207                          1.485
xdut.topp__t410                        1.41705
xdut.\$12__t88                           1.485
xdut.topp__t409                        1.41705
xdut.\$10__t211                          1.485
xdut.topp__t418                        1.41705
xdut.\$12__t92                           1.485
xdut.topp__t417                        1.41705
xdut.\$10__t210                          1.485
xdut.topp__t416                        1.41705
xdut.\$12__t91                           1.485
xdut.topp__t415                        1.41705
xdut.\$90__t232                          1.485
xdut.topn__t463                         1.5841
xdut.\$99__t113                          1.485
xdut.topn__t462                         1.5841
xdut.\$90__t231                          1.485
xdut.topn__t461                         1.5841
xdut.\$99__t112                          1.485
xdut.topn__t460                         1.5841
xdut.\$90__t230                          1.485
xdut.topn__t459                         1.5841
xdut.\$99__t111                          1.485
xdut.topn__t458                         1.5841
xdut.\$90__t229                          1.485
xdut.topn__t457                         1.5841
xdut.\$99__t110                          1.485
xdut.topn__t456                         1.5841
xdut.\$90__t65                           1.485
xdut.topn__t128                         1.5841
xdut.\$99__t45                           1.485
xdut.topn__t127                         1.5841
xdut.\$90__t64                           1.485
xdut.topn__t126                         1.5841
xdut.\$99__t44                           1.485
xdut.topn__t125                         1.5841
xdut.\$90__t63                           1.485
xdut.topn__t124                         1.5841
xdut.\$99__t43                           1.485
xdut.topn__t123                         1.5841
xdut.\$90__t62                           1.485
xdut.topn__t122                         1.5841
xdut.\$99__t42                           1.485
xdut.topn__t121                         1.5841
xdut.\$90__t61                           1.485
xdut.topn__t120                         1.5841
xdut.\$99__t49                           1.485
xdut.topn__t135                         1.5841
xdut.\$90__t242                          1.485
xdut.topn__t485                         1.5841
xdut.\$99__t22                           1.485
xdut.topn__t55                          1.5841
xdut.\$90__t14                           1.485
xdut.topn__t29                          1.5841
xdut.\$99__t9                            1.485
xdut.topn__t28                          1.5841
xdut.\$90__t13                           1.485
xdut.topn__t27                          1.5841
xdut.\$99__t32                           1.485
xdut.topn__t87                          1.5841
xdut.\$90__t27                           1.485
xdut.topn__t54                          1.5841
xdut.\$99__t21                           1.485
xdut.topn__t53                          1.5841
xdut.\$90__t26                           1.485
xdut.topn__t52                          1.5841
xdut.\$99__t20                           1.485
xdut.topn__t51                          1.5841
xdut.\$90__t25                           1.485
xdut.topn__t50                          1.5841
xdut.\$99__t26                           1.485
xdut.topn__t65                          1.5841
xdut.\$90__t32                           1.485
xdut.topn__t64                          1.5841
xdut.\$99__t25                           1.485
xdut.topn__t63                          1.5841
xdut.\$12__t107                          1.485
xdut.topp__t455                        1.41705
xdut.\$10__t230                          1.485
xdut.topp__t454                        1.41705
xdut.\$12__t106                          1.485
xdut.topp__t453                        1.41705
xdut.\$10__t68                           1.485
xdut.topp__t136                        1.41705
xdut.\$12__t114                          1.485
xdut.topp__t467                        1.41705
xdut.\$10__t236                          1.485
xdut.topp__t468                        1.41705
xdut.\$12__t35                           1.485
xdut.topp__t140                        1.41705
xdut.\$10__t70                           1.485
xdut.topp__t139                        1.41705
xdut.\$12__t34                           1.485
xdut.topp__t138                        1.41705
xdut.\$10__t69                           1.485
xdut.topp__t137                        1.41705
xdut.\$12__t50                           1.485
xdut.topp__t205                        1.41705
xdut.\$10__t225                          1.485
xdut.topp__t444                        1.41705
xdut.\$12__t101                          1.485
xdut.topp__t443                        1.41705
xdut.\$10__t224                          1.485
xdut.topp__t442                        1.41705
xdut.\$12__t100                          1.485
xdut.topp__t441                        1.41705
xdut.\$10__t223                          1.485
xdut.topp__t440                        1.41705
xdut.\$12__t119                          1.485
xdut.topp__t476                        1.41705
xdut.\$10__t239                          1.485
xdut.topp__t475                        1.41705
xdut.\$12__t118                          1.485
xdut.topp__t474                        1.41705
xdut.\$10__t240                          1.485
xdut.topp__t478                        1.41705
xdut.\$12__t120                          1.485
xdut.topp__t477                        1.41705
xdut.\$10__t158                          1.485
xdut.topp__t315                        1.41705
xdut.\$12__t86                           1.485
xdut.topp__t406                        1.41705
xdut.\$10__t202                          1.485
xdut.topp__t399                        1.41705
xdut.\$12__t127                          1.485
xdut.topp__t511                        1.41705
xdut.\$10__t256                          1.485
xdut.topp__t509                        1.41705
xdut.\$12__t126                          1.485
xdut.topp__t508                        1.41705
xdut.\$10__t255                          1.485
xdut.topp__t507                        1.41705
xdut.\$12__t125                          1.485
xdut.topp__t506                        1.41705
xdut.\$10__t254                          1.485
xdut.topp__t505                        1.41705
xdut.\$12__t96                           1.485
xdut.topp__t428                        1.41705
xdut.\$10__t217                          1.485
xdut.topp__t427                        1.41705
xdut.\$99__t114                          1.485
xdut.topn__t465                         1.5841
xdut.\$90__t233                          1.485
xdut.topn__t464                         1.5841
xdut.\$99__t117                          1.485
xdut.topn__t471                         1.5841
xdut.\$90__t240                          1.485
xdut.topn__t480                         1.5841
xdut.\$99__t116                          1.485
xdut.topn__t469                         1.5841
xdut.\$90__t235                          1.485
xdut.topn__t468                         1.5841
xdut.\$99__t115                          1.485
xdut.topn__t467                         1.5841
xdut.\$90__t234                          1.485
xdut.topn__t466                         1.5841
xdut.\$99__t40                           1.485
xdut.topn__t117                         1.5841
xdut.\$90__t59                           1.485
xdut.topn__t116                         1.5841
xdut.\$99__t39                           1.485
xdut.topn__t115                         1.5841
xdut.\$90__t58                           1.485
xdut.topn__t114                         1.5841
xdut.\$99__t38                           1.485
xdut.topn__t113                         1.5841
xdut.\$90__t57                           1.485
xdut.topn__t112                         1.5841
xdut.\$99__t37                           1.485
xdut.topn__t111                         1.5841
xdut.\$90__t56                           1.485
xdut.topn__t110                         1.5841
xdut.\$99__t36                           1.485
xdut.topn__t109                         1.5841
xdut.\$90__t55                           1.485
xdut.topn__t108                         1.5841
xdut.\$99__t123                          1.485
xdut.topn__t486                         1.5841
xdut.\$90__t19                           1.485
xdut.topn__t39                          1.5841
xdut.\$99__t14                           1.485
xdut.topn__t38                          1.5841
xdut.\$90__t18                           1.485
xdut.topn__t37                          1.5841
xdut.\$99__t13                           1.485
xdut.topn__t36                          1.5841
xdut.\$90__t17                           1.485
xdut.topn__t35                          1.5841
xdut.\$99__t12                           1.485
xdut.topn__t34                          1.5841
xdut.\$90__t16                           1.485
xdut.topn__t33                          1.5841
xdut.\$99__t11                           1.485
xdut.topn__t32                          1.5841
xdut.\$90__t15                           1.485
xdut.topn__t31                          1.5841
xdut.\$99__t10                           1.485
xdut.topn__t30                          1.5841
xdut.\$90__t34                           1.485
xdut.topn__t68                          1.5841
xdut.\$99__t27                           1.485
xdut.topn__t67                          1.5841
xdut.\$90__t33                           1.485
xdut.topn__t66                          1.5841
xdut.\$12__t0                            1.485
xdut.topp__t0                          1.41705
xdut.\$10__t81                           1.485
xdut.topp__t162                        1.41705
xdut.\$12__t41                           1.485
xdut.topp__t161                        1.41705
xdut.\$10__t75                           1.485
xdut.topp__t150                        1.41705
xdut.\$12__t40                           1.485
xdut.topp__t149                        1.41705
xdut.\$10__t74                           1.485
xdut.topp__t148                        1.41705
xdut.\$12__t39                           1.485
xdut.topp__t147                        1.41705
xdut.\$10__t73                           1.485
xdut.topp__t146                        1.41705
xdut.\$12__t38                           1.485
xdut.topp__t145                        1.41705
xdut.\$10__t83                           1.485
xdut.topp__t165                        1.41705
xdut.\$12__t51                           1.485
xdut.topp__t206                        1.41705
xdut.\$10__t65                           1.485
xdut.topp__t132                        1.41705
xdut.\$12__t33                           1.485
xdut.topp__t131                        1.41705
xdut.\$10__t64                           1.485
xdut.topp__t130                        1.41705
xdut.\$12__t32                           1.485
xdut.topp__t129                        1.41705
xdut.\$10__t63                           1.485
xdut.topp__t128                        1.41705
xdut.\$12__t31                           1.485
xdut.topp__t127                        1.41705
xdut.\$10__t62                           1.485
xdut.topp__t126                        1.41705
xdut.\$12__t30                           1.485
xdut.topp__t125                        1.41705
xdut.\$10__t61                           1.485
xdut.topp__t124                        1.41705
xdut.\$12__t29                           1.485
xdut.topp__t123                        1.41705
xdut.\$10__t157                          1.485
xdut.topp__t311                        1.41705
xdut.\$12__t97                           1.485
xdut.topp__t430                        1.41705
xdut.\$10__t218                          1.485
xdut.topp__t429                        1.41705
xdut.\$12__t85                           1.485
xdut.topp__t404                        1.41705
xdut.\$10__t204                          1.485
xdut.topp__t403                        1.41705
xdut.\$12__t84                           1.485
xdut.topp__t402                        1.41705
xdut.\$10__t203                          1.485
xdut.topp__t401                        1.41705
xdut.\$12__t83                           1.485
xdut.topp__t400                        1.41705
xdut.\$10__t205                          1.485
xdut.topp__t405                        1.41705
xdut.\$12__t82                           1.485
xdut.topp__t398                        1.41705
xdut.\$10__t201                          1.485
xdut.topp__t397                        1.41705
xdut.\$99__t94                           1.485
xdut.topn__t395                         1.5841
xdut.\$90__t199                          1.485
xdut.topn__t394                         1.5841
xdut.\$99__t93                           1.485
xdut.topn__t393                         1.5841
xdut.\$90__t198                          1.485
xdut.topn__t392                         1.5841
xdut.\$99__t92                           1.485
xdut.topn__t391                         1.5841
xdut.\$90__t197                          1.485
xdut.topn__t390                         1.5841
xdut.\$99__t91                           1.485
xdut.topn__t389                         1.5841
xdut.\$90__t196                          1.485
xdut.topn__t388                         1.5841
xdut.\$99__t28                           1.485
xdut.topn__t72                          1.5841
xdut.\$90__t60                           1.485
xdut.topn__t119                         1.5841
xdut.\$99__t48                           1.485
xdut.topn__t134                         1.5841
xdut.\$90__t38                           1.485
xdut.topn__t77                          1.5841
xdut.\$99__t30                           1.485
xdut.topn__t76                          1.5841
xdut.\$90__t37                           1.485
xdut.topn__t75                          1.5841
xdut.\$99__t29                           1.485
xdut.topn__t74                          1.5841
xdut.\$90__t40                           1.485
xdut.topn__t80                          1.5841
xdut.\$99__t31                           1.485
xdut.topn__t79                          1.5841
xdut.\$90__t39                           1.485
xdut.topn__t78                          1.5841
xdut.\$99__t122                          1.485
xdut.topn__t481                         1.5841
xdut.\$90__t245                          1.485
xdut.topn__t492                         1.5841
xdut.\$99__t127                          1.485
xdut.topn__t503                         1.5841
xdut.\$90__t51                           1.485
xdut.topn__t102                         1.5841
xdut.\$99__t33                           1.485
xdut.topn__t101                         1.5841
xdut.\$90__t50                           1.485
xdut.topn__t100                         1.5841
xdut.\$99__t124                          1.485
xdut.topn__t487                         1.5841
xdut.\$90__t243                          1.485
xdut.topn__t488                         1.5841
xdut.\$99__t125                          1.485
xdut.topn__t489                         1.5841
xdut.\$90__t244                          1.485
xdut.topn__t490                         1.5841
xdut.\$99__t126                          1.485
xdut.topn__t491                         1.5841
xdut.\$90__t29                           1.485
xdut.topn__t59                          1.5841
xdut.\$99__t24                           1.485
xdut.topn__t58                          1.5841
xdut.\$90__t28                           1.485
xdut.topn__t57                          1.5841
xdut.\$14__t17                           1.485
xdut.topp__t110                        1.41705
xdut.\$10__t54                           1.485
xdut.topp__t109                        1.41705
xdut.\$14__t16                           1.485
xdut.topp__t108                        1.41705
xdut.\$10__t53                           1.485
xdut.topp__t107                        1.41705
xdut.\$14__t15                           1.485
xdut.topp__t106                        1.41705
xdut.\$10__t52                           1.485
xdut.topp__t105                        1.41705
xdut.\$14__t14                           1.485
xdut.topp__t104                        1.41705
xdut.\$10__t76                           1.485
xdut.topp__t151                        1.41705
xdut.\$14__t20                           1.485
xdut.topp__t164                        1.41705
xdut.\$10__t82                           1.485
xdut.topp__t163                        1.41705
xdut.\$14__t31                           1.485
xdut.topp__t208                        1.41705
xdut.\$10__t66                           1.485
xdut.topp__t134                        1.41705
xdut.\$14__t19                           1.485
xdut.topp__t133                        1.41705
xdut.\$10__t60                           1.485
xdut.topp__t122                        1.41705
xdut.\$14__t18                           1.485
xdut.topp__t116                        1.41705
xdut.\$10__t103                          1.485
xdut.topp__t203                        1.41705
xdut.\$14__t30                           1.485
xdut.topp__t202                        1.41705
xdut.\$10__t102                          1.485
xdut.topp__t201                        1.41705
xdut.\$14__t29                           1.485
xdut.topp__t200                        1.41705
xdut.\$10__t101                          1.485
xdut.topp__t199                        1.41705
xdut.\$14__t27                           1.485
xdut.topp__t182                        1.41705
xdut.\$10__t168                          1.485
xdut.topp__t334                        1.41705
xdut.\$14__t62                           1.485
xdut.topp__t390                        1.41705
xdut.\$10__t197                          1.485
xdut.topp__t389                        1.41705
xdut.\$14__t61                           1.485
xdut.topp__t388                        1.41705
xdut.\$10__t196                          1.485
xdut.topp__t387                        1.41705
xdut.\$14__t60                           1.485
xdut.topp__t386                        1.41705
xdut.\$10__t195                          1.485
xdut.topp__t385                        1.41705
xdut.\$14__t59                           1.485
xdut.topp__t384                        1.41705
xdut.\$10__t213                          1.485
xdut.topp__t421                        1.41705
xdut.\$14__t63                           1.485
xdut.topp__t436                        1.41705
xdut.\$10__t221                          1.485
xdut.topp__t435                        1.41705
xdut.\$107__t51                          1.485
xdut.topn__t405                         1.5841
xdut.\$90__t204                          1.485
xdut.topn__t404                         1.5841
xdut.\$107__t50                          1.485
xdut.topn__t403                         1.5841
xdut.\$90__t203                          1.485
xdut.topn__t402                         1.5841
xdut.\$107__t49                          1.485
xdut.topn__t401                         1.5841
xdut.\$90__t202                          1.485
xdut.topn__t400                         1.5841
xdut.\$107__t48                          1.485
xdut.topn__t399                         1.5841
xdut.\$90__t201                          1.485
xdut.topn__t398                         1.5841
xdut.\$107__t5                           1.485
xdut.topn__t73                          1.5841
xdut.\$90__t49                           1.485
xdut.topn__t99                          1.5841
xdut.\$107__t9                           1.485
xdut.topn__t98                          1.5841
xdut.\$90__t48                           1.485
xdut.topn__t97                          1.5841
xdut.\$107__t8                           1.485
xdut.topn__t86                          1.5841
xdut.\$90__t43                           1.485
xdut.topn__t85                          1.5841
xdut.\$107__t7                           1.485
xdut.topn__t84                          1.5841
xdut.\$90__t42                           1.485
xdut.topn__t83                          1.5841
xdut.\$107__t6                           1.485
xdut.topn__t82                          1.5841
xdut.\$90__t41                           1.485
xdut.topn__t81                          1.5841
xdut.\$107__t58                          1.485
xdut.topn__t482                         1.5841
xdut.\$90__t246                          1.485
xdut.topn__t493                         1.5841
xdut.\$107__t59                          1.485
xdut.topn__t494                         1.5841
xdut.\$90__t247                          1.485
xdut.topn__t495                         1.5841
xdut.\$107__t63                          1.485
xdut.topn__t511                         1.5841
xdut.\$90__t254                          1.485
xdut.topn__t509                         1.5841
xdut.\$107__t62                          1.485
xdut.topn__t508                         1.5841
xdut.\$90__t253                          1.485
xdut.topn__t507                         1.5841
xdut.\$107__t61                          1.485
xdut.topn__t506                         1.5841
xdut.\$90__t252                          1.485
xdut.topn__t505                         1.5841
xdut.\$107__t60                          1.485
xdut.topn__t504                         1.5841
xdut.\$90__t31                           1.485
xdut.topn__t62                          1.5841
xdut.\$107__t4                           1.485
xdut.topn__t61                          1.5841
xdut.\$90__t30                           1.485
xdut.topn__t60                          1.5841
xdut.\$16__t14                           1.485
xdut.topp__t160                        1.41705
xdut.\$10__t80                           1.485
xdut.topp__t159                        1.41705
xdut.\$16__t13                           1.485
xdut.topp__t158                        1.41705
xdut.\$10__t79                           1.485
xdut.topp__t157                        1.41705
xdut.\$16__t12                           1.485
xdut.topp__t156                        1.41705
xdut.\$10__t78                           1.485
xdut.topp__t155                        1.41705
xdut.\$16__t11                           1.485
xdut.topp__t154                        1.41705
xdut.\$10__t77                           1.485
xdut.topp__t153                        1.41705
xdut.\$16__t10                           1.485
xdut.topp__t152                        1.41705
xdut.\$10__t84                           1.485
xdut.topp__t166                        1.41705
xdut.\$16__t15                           1.485
xdut.topp__t204                        1.41705
xdut.\$10__t57                           1.485
xdut.topp__t115                        1.41705
xdut.\$16__t9                            1.485
xdut.topp__t114                        1.41705
xdut.\$10__t56                           1.485
xdut.topp__t113                        1.41705
xdut.\$16__t8                            1.485
xdut.topp__t112                        1.41705
xdut.\$10__t55                           1.485
xdut.topp__t111                        1.41705
xdut.\$18__t3                            1.485
xdut.topp__t117                        1.41705
xdut.\$10__t59                           1.485
xdut.topp__t121                        1.41705
xdut.\$18__t5                            1.485
xdut.topp__t120                        1.41705
xdut.\$10__t67                           1.485
xdut.topp__t135                        1.41705
xdut.\$18__t4                            1.485
xdut.topp__t118                        1.41705
xdut.\$10__t125                          1.485
xdut.topp__t247                        1.41705
xdut.\$18__t13                           1.485
xdut.topp__t432                        1.41705
xdut.\$10__t219                          1.485
xdut.topp__t431                        1.41705
xdut.\$20__t7                            1.485
xdut.topp__t396                        1.41705
xdut.\$10__t200                          1.485
xdut.topp__t395                        1.41705
xdut.\$20__t6                            1.485
xdut.topp__t394                        1.41705
xdut.\$10__t199                          1.485
xdut.topp__t393                        1.41705
xdut.\$22__t3                            1.485
xdut.topp__t392                        1.41705
xdut.\$10__t198                          1.485
xdut.topp__t391                        1.41705
xdut.\$26__t0                            1.485
xdut.topp__t434                        1.41705
xdut.\$10__t220                          1.485
xdut.topp__t433                        1.41705
xdut.\$115__t30                          1.485
xdut.topn__t397                         1.5841
xdut.\$90__t200                          1.485
xdut.topn__t396                         1.5841
xdut.\$115__t29                          1.485
xdut.topn__t387                         1.5841
xdut.\$90__t195                          1.485
xdut.topn__t386                         1.5841
xdut.\$115__t28                          1.485
xdut.topn__t385                         1.5841
xdut.\$90__t194                          1.485
xdut.topn__t384                         1.5841
xdut.\$115__t31                          1.485
xdut.topn__t407                         1.5841
xdut.\$90__t205                          1.485
xdut.topn__t406                         1.5841
xdut.\$115__t3                           1.485
xdut.topn__t96                          1.5841
xdut.\$90__t47                           1.485
xdut.topn__t95                          1.5841
xdut.\$115__t2                           1.485
xdut.topn__t94                          1.5841
xdut.\$90__t46                           1.485
xdut.topn__t93                          1.5841
xdut.\$115__t1                           1.485
xdut.topn__t92                          1.5841
xdut.\$90__t45                           1.485
xdut.topn__t91                          1.5841
xdut.\$115__t0                           1.485
xdut.topn__t90                          1.5841
xdut.\$90__t44                           1.485
xdut.topn__t89                          1.5841
xdut.\$123__t0                           1.485
xdut.topn__t88                          1.5841
xdut.\$90__t52                           1.485
xdut.topn__t103                         1.5841
xdut.\$123__t13                          1.485
xdut.topn__t483                         1.5841
xdut.\$90__t251                          1.485
xdut.topn__t502                         1.5841
xdut.\$123__t15                          1.485
xdut.topn__t501                         1.5841
xdut.\$90__t250                          1.485
xdut.topn__t500                         1.5841
xdut.\$123__t14                          1.485
xdut.topn__t499                         1.5841
xdut.\$90__t249                          1.485
xdut.topn__t498                         1.5841
xdut.\$131__t7                           1.485
xdut.topn__t497                         1.5841
xdut.\$90__t255                          1.485
xdut.topn__t510                         1.5841
xdut.\$131__t6                           1.485
xdut.topn__t470                         1.5841
xdut.\$90__t228                          1.485
xdut.topn__t455                         1.5841
xdut.\$139__t0                           1.485
xdut.topn__t0                           1.5841
xdut.\$90__t36                           1.485
xdut.topn__t71                          1.5841
xdut.\$155__t0                           1.485
xdut.topn__t70                          1.5841
xdut.\$90__t35                           1.485
xdut.topn__t69                          1.5841
xdut.\$10__t124                          1.485
xdut.topp__t246                        1.41705
xdut.vcm__t0                             1.485
xdut.topp__t245                        1.41705
xdut.\$10__t123                          1.485
xdut.topp__t244                        1.41705
xdut.\$22__t0                            1.485
xdut.topp__t243                        1.41705
xdut.\$10__t122                          1.485
xdut.topp__t242                        1.41705
xdut.\$20__t1                            1.485
xdut.topp__t241                        1.41705
xdut.\$10__t121                          1.485
xdut.topp__t240                        1.41705
xdut.\$20__t0                            1.485
xdut.topp__t239                        1.41705
xdut.\$10__t120                          1.485
xdut.topp__t238                        1.41705
xdut.\$18__t8                            1.485
xdut.topp__t237                        1.41705
xdut.\$10__t119                          1.485
xdut.topp__t236                        1.41705
xdut.\$18__t7                            1.485
xdut.topp__t235                        1.41705
xdut.\$10__t118                          1.485
xdut.topp__t234                        1.41705
xdut.\$18__t6                            1.485
xdut.topp__t233                        1.41705
xdut.\$10__t117                          1.485
xdut.topp__t232                        1.41705
xdut.\$18__t10                           1.485
xdut.topp__t263                        1.41705
xdut.\$10__t166                          1.485
xdut.topp__t330                        1.41705
xdut.\$16__t22                           1.485
xdut.topp__t329                        1.41705
xdut.\$10__t165                          1.485
xdut.topp__t328                        1.41705
xdut.\$16__t21                           1.485
xdut.topp__t327                        1.41705
xdut.\$10__t164                          1.485
xdut.topp__t326                        1.41705
xdut.\$16__t20                           1.485
xdut.topp__t325                        1.41705
xdut.\$10__t163                          1.485
xdut.topp__t324                        1.41705
xdut.\$16__t19                           1.485
xdut.topp__t323                        1.41705
xdut.\$10__t162                          1.485
xdut.topp__t322                        1.41705
xdut.\$16__t18                           1.485
xdut.topp__t321                        1.41705
xdut.\$10__t161                          1.485
xdut.topp__t320                        1.41705
xdut.\$16__t17                           1.485
xdut.topp__t319                        1.41705
xdut.\$10__t160                          1.485
xdut.topp__t318                        1.41705
xdut.\$16__t16                           1.485
xdut.topp__t317                        1.41705
xdut.\$10__t159                          1.485
xdut.topp__t316                        1.41705
xdut.\$16__t23                           1.485
xdut.topp__t331                        1.41705
xdut.\$90__t74                           1.485
xdut.topn__t146                         1.5841
xdut.vcm__t1                             1.485
xdut.topn__t145                         1.5841
xdut.\$90__t73                           1.485
xdut.topn__t144                         1.5841
xdut.\$139__t1                           1.485
xdut.topn__t143                         1.5841
xdut.\$90__t72                           1.485
xdut.topn__t142                         1.5841
xdut.\$131__t1                           1.485
xdut.topn__t141                         1.5841
xdut.\$90__t71                           1.485
xdut.topn__t140                         1.5841
xdut.\$131__t0                           1.485
xdut.topn__t139                         1.5841
xdut.\$90__t178                          1.485
xdut.topn__t352                         1.5841
xdut.\$123__t5                           1.485
xdut.topn__t353                         1.5841
xdut.\$90__t179                          1.485
xdut.topn__t354                         1.5841
xdut.\$123__t6                           1.485
xdut.topn__t355                         1.5841
xdut.\$90__t180                          1.485
xdut.topn__t356                         1.5841
xdut.\$123__t11                          1.485
xdut.topn__t378                         1.5841
xdut.\$90__t193                          1.485
xdut.topn__t382                         1.5841
xdut.\$123__t10                          1.485
xdut.topn__t367                         1.5841
xdut.\$90__t163                          1.485
xdut.topn__t320                         1.5841
xdut.\$115__t12                          1.485
xdut.topn__t321                         1.5841
xdut.\$90__t164                          1.485
xdut.topn__t322                         1.5841
xdut.\$115__t13                          1.485
xdut.topn__t323                         1.5841
xdut.\$90__t165                          1.485
xdut.topn__t324                         1.5841
xdut.\$115__t14                          1.485
xdut.topn__t325                         1.5841
xdut.\$90__t166                          1.485
xdut.topn__t326                         1.5841
xdut.\$115__t15                          1.485
xdut.topn__t327                         1.5841
xdut.\$90__t167                          1.485
xdut.topn__t328                         1.5841
xdut.\$115__t16                          1.485
xdut.topn__t329                         1.5841
xdut.\$90__t168                          1.485
xdut.topn__t330                         1.5841
xdut.\$115__t17                          1.485
xdut.topn__t331                         1.5841
xdut.\$90__t169                          1.485
xdut.topn__t332                         1.5841
xdut.\$115__t18                          1.485
xdut.topn__t333                         1.5841
xdut.\$90__t170                          1.485
xdut.topn__t334                         1.5841
xdut.\$115__t19                          1.485
xdut.topn__t351                         1.5841
xdut.\$10__t90                           1.485
xdut.topp__t176                        1.41705
xdut.\$14__t2                            1.485
xdut.topp__t38                         1.41705
xdut.\$10__t98                           1.485
xdut.topp__t194                        1.41705
xdut.\$14__t28                           1.485
xdut.topp__t193                        1.41705
xdut.\$10__t100                          1.485
xdut.topp__t198                        1.41705
xdut.\$14__t26                           1.485
xdut.topp__t181                        1.41705
xdut.\$10__t92                           1.485
xdut.topp__t180                        1.41705
xdut.\$14__t25                           1.485
xdut.topp__t179                        1.41705
xdut.\$10__t91                           1.485
xdut.topp__t178                        1.41705
xdut.\$14__t24                           1.485
xdut.topp__t177                        1.41705
xdut.\$10__t50                           1.485
xdut.topp__t102                        1.41705
xdut.\$14__t32                           1.485
xdut.topp__t213                        1.41705
xdut.\$10__t88                           1.485
xdut.topp__t173                        1.41705
xdut.\$14__t22                           1.485
xdut.topp__t172                        1.41705
xdut.\$10__t87                           1.485
xdut.topp__t171                        1.41705
xdut.\$14__t21                           1.485
xdut.topp__t170                        1.41705
xdut.\$10__t107                          1.485
xdut.topp__t214                        1.41705
xdut.\$14__t33                           1.485
xdut.topp__t229                        1.41705
xdut.\$10__t108                          1.485
xdut.topp__t215                        1.41705
xdut.\$14__t23                           1.485
xdut.topp__t174                        1.41705
xdut.\$10__t86                           1.485
xdut.topp__t169                        1.41705
xdut.\$14__t42                           1.485
xdut.topp__t314                        1.41705
xdut.\$10__t144                          1.485
xdut.topp__t287                        1.41705
xdut.\$14__t40                           1.485
xdut.topp__t286                        1.41705
xdut.\$10__t36                           1.485
xdut.topp__t70                         1.41705
xdut.\$14__t6                            1.485
xdut.topp__t69                         1.41705
xdut.\$10__t145                          1.485
xdut.topp__t288                        1.41705
xdut.\$14__t41                           1.485
xdut.topp__t296                        1.41705
xdut.\$10__t148                          1.485
xdut.topp__t295                        1.41705
xdut.\$14__t7                            1.485
xdut.topp__t73                         1.41705
xdut.\$10__t37                           1.485
xdut.topp__t72                         1.41705
xdut.\$14__t39                           1.485
xdut.topp__t285                        1.41705
xdut.\$90__t8                            1.485
xdut.topn__t19                          1.5841
xdut.\$107__t1                           1.485
xdut.topn__t18                          1.5841
xdut.\$90__t7                            1.485
xdut.topn__t17                          1.5841
xdut.\$107__t0                           1.485
xdut.topn__t16                          1.5841
xdut.\$90__t11                           1.485
xdut.topn__t23                          1.5841
xdut.\$107__t3                           1.485
xdut.topn__t24                          1.5841
xdut.\$90__t9                            1.485
xdut.topn__t21                          1.5841
xdut.\$107__t2                           1.485
xdut.topn__t20                          1.5841
xdut.\$90__t127                          1.485
xdut.topn__t250                         1.5841
xdut.\$107__t29                          1.485
xdut.topn__t285                         1.5841
xdut.\$90__t121                          1.485
xdut.topn__t239                         1.5841
xdut.\$107__t25                          1.485
xdut.topn__t251                         1.5841
xdut.\$90__t128                          1.485
xdut.topn__t252                         1.5841
xdut.\$107__t26                          1.485
xdut.topn__t255                         1.5841
xdut.\$90__t144                          1.485
xdut.topn__t286                         1.5841
xdut.\$107__t27                          1.485
xdut.topn__t271                         1.5841
xdut.\$90__t120                          1.485
xdut.topn__t238                         1.5841
xdut.\$107__t57                          1.485
xdut.topn__t453                         1.5841
xdut.\$90__t108                          1.485
xdut.topn__t214                         1.5841
xdut.\$107__t52                          1.485
xdut.topn__t412                         1.5841
xdut.\$90__t209                          1.485
xdut.topn__t416                         1.5841
xdut.\$107__t55                          1.485
xdut.topn__t417                         1.5841
xdut.\$90__t210                          1.485
xdut.topn__t418                         1.5841
xdut.\$107__t53                          1.485
xdut.topn__t413                         1.5841
xdut.\$90__t208                          1.485
xdut.topn__t414                         1.5841
xdut.\$107__t54                          1.485
xdut.topn__t415                         1.5841
xdut.\$90__t220                          1.485
xdut.topn__t437                         1.5841
xdut.\$107__t56                          1.485
xdut.topn__t423                         1.5841
xdut.\$90__t248                          1.485
xdut.topn__t496                         1.5841
xdut.\$107__t46                          1.485
xdut.topn__t336                         1.5841
xdut.\$90__t171                          1.485
xdut.topn__t337                         1.5841
xdut.\$107__t47                          1.485
xdut.topn__t338                         1.5841
xdut.\$10__t97                           1.485
xdut.topp__t192                        1.41705
xdut.\$12__t47                           1.485
xdut.topp__t191                        1.41705
xdut.\$10__t96                           1.485
xdut.topp__t190                        1.41705
xdut.\$12__t46                           1.485
xdut.topp__t189                        1.41705
xdut.\$10__t95                           1.485
xdut.topp__t188                        1.41705
xdut.\$12__t45                           1.485
xdut.topp__t187                        1.41705
xdut.\$10__t94                           1.485
xdut.topp__t186                        1.41705
xdut.\$12__t44                           1.485
xdut.topp__t185                        1.41705
xdut.\$10__t93                           1.485
xdut.topp__t184                        1.41705
xdut.\$12__t43                           1.485
xdut.topp__t183                        1.41705
xdut.\$10__t48                           1.485
xdut.topp__t98                         1.41705
xdut.\$12__t57                           1.485
xdut.topp__t222                        1.41705
xdut.\$10__t111                          1.485
xdut.topp__t221                        1.41705
xdut.\$12__t56                           1.485
xdut.topp__t220                        1.41705
xdut.\$10__t114                          1.485
xdut.topp__t228                        1.41705
xdut.\$12__t60                           1.485
xdut.topp__t227                        1.41705
xdut.\$10__t113                          1.485
xdut.topp__t226                        1.41705
xdut.\$12__t59                           1.485
xdut.topp__t225                        1.41705
xdut.\$10__t85                           1.485
xdut.topp__t168                        1.41705
xdut.\$12__t42                           1.485
xdut.topp__t167                        1.41705
xdut.\$10__t115                          1.485
xdut.topp__t230                        1.41705
xdut.\$12__t79                           1.485
xdut.topp__t312                        1.41705
xdut.\$10__t143                          1.485
xdut.topp__t284                        1.41705
xdut.\$12__t70                           1.485
xdut.topp__t283                        1.41705
xdut.\$10__t142                          1.485
xdut.topp__t282                        1.41705
xdut.\$12__t69                           1.485
xdut.topp__t281                        1.41705
xdut.\$10__t141                          1.485
xdut.topp__t280                        1.41705
xdut.\$12__t68                           1.485
xdut.topp__t279                        1.41705
xdut.\$10__t140                          1.485
xdut.topp__t278                        1.41705
xdut.\$12__t67                           1.485
xdut.topp__t277                        1.41705
xdut.\$10__t116                          1.485
xdut.topp__t231                        1.41705
xdut.\$12__t19                           1.485
xdut.topp__t71                         1.41705
xdut.\$90__t10                           1.485
xdut.topn__t22                          1.5841
xdut.\$99__t7                            1.485
xdut.topn__t15                          1.5841
xdut.\$90__t6                            1.485
xdut.topn__t14                          1.5841
xdut.\$99__t6                            1.485
xdut.topn__t13                          1.5841
xdut.\$90__t1                            1.485
xdut.topn__t4                           1.5841
xdut.\$99__t1                            1.485
xdut.topn__t3                           1.5841
xdut.\$90__t0                            1.485
xdut.topn__t2                           1.5841
xdut.\$99__t0                            1.485
xdut.topn__t1                           1.5841
xdut.\$90__t122                          1.485
xdut.topn__t240                         1.5841
xdut.\$99__t71                           1.485
xdut.topn__t241                         1.5841
xdut.\$90__t123                          1.485
xdut.topn__t242                         1.5841
xdut.\$99__t72                           1.485
xdut.topn__t243                         1.5841
xdut.\$90__t124                          1.485
xdut.topn__t244                         1.5841
xdut.\$99__t73                           1.485
xdut.topn__t245                         1.5841
xdut.\$90__t125                          1.485
xdut.topn__t246                         1.5841
xdut.\$99__t74                           1.485
xdut.topn__t247                         1.5841
xdut.\$90__t126                          1.485
xdut.topn__t248                         1.5841
xdut.\$99__t75                           1.485
xdut.topn__t249                         1.5841
xdut.\$90__t106                          1.485
xdut.topn__t211                         1.5841
xdut.\$99__t97                           1.485
xdut.topn__t419                         1.5841
xdut.\$90__t211                          1.485
xdut.topn__t420                         1.5841
xdut.\$99__t98                           1.485
xdut.topn__t421                         1.5841
xdut.\$90__t212                          1.485
xdut.topn__t422                         1.5841
xdut.\$99__t103                          1.485
xdut.topn__t433                         1.5841
xdut.\$90__t218                          1.485
xdut.topn__t434                         1.5841
xdut.\$99__t104                          1.485
xdut.topn__t435                         1.5841
xdut.\$90__t219                          1.485
xdut.topn__t436                         1.5841
xdut.\$99__t96                           1.485
xdut.topn__t410                         1.5841
xdut.\$90__t207                          1.485
xdut.topn__t411                         1.5841
xdut.\$99__t85                           1.485
xdut.topn__t339                         1.5841
xdut.\$90__t172                          1.485
xdut.topn__t340                         1.5841
xdut.\$99__t86                           1.485
xdut.topn__t341                         1.5841
xdut.\$10__t19                           1.485
xdut.topp__t37                         1.41705
xdut.\$12__t7                            1.485
xdut.topp__t36                         1.41705
xdut.\$10__t18                           1.485
xdut.topp__t35                         1.41705
xdut.\$12__t6                            1.485
xdut.topp__t34                         1.41705
xdut.\$10__t17                           1.485
xdut.topp__t33                         1.41705
xdut.\$12__t5                            1.485
xdut.topp__t32                         1.41705
xdut.\$10__t58                           1.485
xdut.topp__t119                        1.41705
xdut.\$12__t49                           1.485
xdut.topp__t197                        1.41705
xdut.\$10__t99                           1.485
xdut.topp__t196                        1.41705
xdut.\$12__t48                           1.485
xdut.topp__t195                        1.41705
xdut.\$10__t49                           1.485
xdut.topp__t100                        1.41705
xdut.\$12__t58                           1.485
xdut.topp__t224                        1.41705
xdut.\$10__t112                          1.485
xdut.topp__t223                        1.41705
xdut.\$12__t55                           1.485
xdut.topp__t219                        1.41705
xdut.\$10__t110                          1.485
xdut.topp__t218                        1.41705
xdut.\$12__t54                           1.485
xdut.topp__t217                        1.41705
xdut.\$10__t109                          1.485
xdut.topp__t216                        1.41705
xdut.\$12__t53                           1.485
xdut.topp__t212                        1.41705
xdut.\$10__t106                          1.485
xdut.topp__t211                        1.41705
xdut.\$12__t52                           1.485
xdut.topp__t210                        1.41705
xdut.\$10__t89                           1.485
xdut.topp__t175                        1.41705
xdut.\$12__t78                           1.485
xdut.topp__t310                        1.41705
xdut.\$10__t35                           1.485
xdut.topp__t68                         1.41705
xdut.\$12__t18                           1.485
xdut.topp__t67                         1.41705
xdut.\$10__t34                           1.485
xdut.topp__t66                         1.41705
xdut.\$12__t17                           1.485
xdut.topp__t65                         1.41705
xdut.\$10__t147                          1.485
xdut.topp__t294                        1.41705
xdut.\$12__t73                           1.485
xdut.topp__t293                        1.41705
xdut.\$10__t155                          1.485
xdut.topp__t308                        1.41705
xdut.\$12__t72                           1.485
xdut.topp__t291                        1.41705
xdut.\$10__t146                          1.485
xdut.topp__t290                        1.41705
xdut.\$12__t71                           1.485
xdut.topp__t289                        1.41705
xdut.\$90__t5                            1.485
xdut.topn__t12                          1.5841
xdut.\$99__t5                            1.485
xdut.topn__t11                          1.5841
xdut.\$90__t4                            1.485
xdut.topn__t10                          1.5841
xdut.\$99__t4                            1.485
xdut.topn__t9                           1.5841
xdut.\$90__t3                            1.485
xdut.topn__t8                           1.5841
xdut.\$99__t3                            1.485
xdut.topn__t7                           1.5841
xdut.\$90__t2                            1.485
xdut.topn__t6                           1.5841
xdut.\$99__t2                            1.485
xdut.topn__t5                           1.5841
xdut.\$90__t130                          1.485
xdut.topn__t254                         1.5841
xdut.\$99__t107                          1.485
xdut.topn__t448                         1.5841
xdut.\$90__t225                          1.485
xdut.topn__t449                         1.5841
xdut.\$99__t108                          1.485
xdut.topn__t450                         1.5841
xdut.\$90__t226                          1.485
xdut.topn__t451                         1.5841
xdut.\$99__t109                          1.485
xdut.topn__t452                         1.5841
xdut.\$90__t227                          1.485
xdut.topn__t454                         1.5841
xdut.\$99__t106                          1.485
xdut.topn__t447                         1.5841
xdut.\$90__t206                          1.485
xdut.topn__t408                         1.5841
xdut.\$99__t95                           1.485
xdut.topn__t409                         1.5841
xdut.\$90__t107                          1.485
xdut.topn__t212                         1.5841
xdut.\$99__t105                          1.485
xdut.topn__t438                         1.5841
xdut.\$90__t213                          1.485
xdut.topn__t424                         1.5841
xdut.\$99__t99                           1.485
xdut.topn__t425                         1.5841
xdut.\$90__t214                          1.485
xdut.topn__t426                         1.5841
xdut.\$99__t100                          1.485
xdut.topn__t427                         1.5841
xdut.\$90__t215                          1.485
xdut.topn__t428                         1.5841
xdut.\$99__t101                          1.485
xdut.topn__t429                         1.5841
xdut.\$90__t216                          1.485
xdut.topn__t430                         1.5841
xdut.\$99__t102                          1.485
xdut.topn__t431                         1.5841
xdut.\$90__t217                          1.485
xdut.topn__t432                         1.5841
xdut.\$99__t87                           1.485
xdut.topn__t342                         1.5841
xdut.\$90__t173                          1.485
xdut.topn__t343                         1.5841
xdut.\$99__t88                           1.485
xdut.topn__t344                         1.5841
xdut.\$12__t13                           1.485
xdut.topp__t53                         1.41705
xdut.\$10__t28                           1.485
xdut.topp__t52                         1.41705
xdut.\$12__t12                           1.485
xdut.topp__t51                         1.41705
xdut.\$10__t27                           1.485
xdut.topp__t50                         1.41705
xdut.\$12__t11                           1.485
xdut.topp__t49                         1.41705
xdut.\$10__t26                           1.485
xdut.topp__t48                         1.41705
xdut.\$12__t16                           1.485
xdut.topp__t63                         1.41705
xdut.\$10__t24                           1.485
xdut.topp__t46                         1.41705
xdut.\$12__t10                           1.485
xdut.topp__t45                         1.41705
xdut.\$10__t23                           1.485
xdut.topp__t44                         1.41705
xdut.\$12__t27                           1.485
xdut.topp__t96                         1.41705
xdut.\$10__t10                           1.485
xdut.topp__t18                         1.41705
xdut.\$12__t2                            1.485
xdut.topp__t17                         1.41705
xdut.\$10__t9                            1.485
xdut.topp__t16                         1.41705
xdut.\$12__t4                            1.485
xdut.topp__t31                         1.41705
xdut.\$10__t11                           1.485
xdut.topp__t19                         1.41705
xdut.\$12__t26                           1.485
xdut.topp__t95                         1.41705
xdut.\$10__t43                           1.485
xdut.topp__t85                         1.41705
xdut.\$12__t20                           1.485
xdut.topp__t84                         1.41705
xdut.\$10__t33                           1.485
xdut.topp__t64                         1.41705
xdut.\$12__t3                            1.485
xdut.topp__t30                         1.41705
xdut.\$10__t156                          1.485
xdut.topp__t309                        1.41705
xdut.\$12__t74                           1.485
xdut.topp__t298                        1.41705
xdut.\$10__t149                          1.485
xdut.topp__t297                        1.41705
xdut.\$12__t66                           1.485
xdut.topp__t275                        1.41705
xdut.\$10__t139                          1.485
xdut.topp__t274                        1.41705
xdut.\$12__t65                           1.485
xdut.topp__t273                        1.41705
xdut.\$10__t138                          1.485
xdut.topp__t272                        1.41705
xdut.\$12__t64                           1.485
xdut.topp__t261                        1.41705
xdut.\$10__t132                          1.485
xdut.topp__t260                        1.41705
xdut.\$12__t75                           1.485
xdut.topp__t300                        1.41705
xdut.\$10__t150                          1.485
xdut.topp__t299                        1.41705
xdut.\$99__t51                           1.485
xdut.topn__t163                         1.5841
xdut.\$90__t83                           1.485
xdut.topn__t164                         1.5841
xdut.\$99__t52                           1.485
xdut.topn__t165                         1.5841
xdut.\$90__t88                           1.485
xdut.topn__t175                         1.5841
xdut.\$99__t54                           1.485
xdut.topn__t167                         1.5841
xdut.\$90__t84                           1.485
xdut.topn__t168                         1.5841
xdut.\$99__t55                           1.485
xdut.topn__t169                         1.5841
xdut.\$90__t85                           1.485
xdut.topn__t170                         1.5841
xdut.\$99__t83                           1.485
xdut.topn__t280                         1.5841
xdut.\$90__t142                          1.485
xdut.topn__t281                         1.5841
xdut.\$99__t79                           1.485
xdut.topn__t262                         1.5841
xdut.\$90__t134                          1.485
xdut.topn__t263                         1.5841
xdut.\$99__t80                           1.485
xdut.topn__t274                         1.5841
xdut.\$90__t139                          1.485
xdut.topn__t275                         1.5841
xdut.\$99__t81                           1.485
xdut.topn__t276                         1.5841
xdut.\$90__t140                          1.485
xdut.topn__t277                         1.5841
xdut.\$99__t82                           1.485
xdut.topn__t278                         1.5841
xdut.\$90__t141                          1.485
xdut.topn__t279                         1.5841
xdut.\$99__t60                           1.485
xdut.topn__t213                         1.5841
xdut.\$90__t113                          1.485
xdut.topn__t224                         1.5841
xdut.\$99__t64                           1.485
xdut.topn__t225                         1.5841
xdut.\$90__t119                          1.485
xdut.topn__t236                         1.5841
xdut.\$99__t58                           1.485
xdut.topn__t185                         1.5841
xdut.\$90__t109                          1.485
xdut.topn__t218                         1.5841
xdut.\$99__t62                           1.485
xdut.topn__t219                         1.5841
xdut.\$90__t110                          1.485
xdut.topn__t220                         1.5841
xdut.\$99__t70                           1.485
xdut.topn__t237                         1.5841
xdut.\$90__t112                          1.485
xdut.topn__t222                         1.5841
xdut.\$99__t63                           1.485
xdut.topn__t223                         1.5841
xdut.\$90__t174                          1.485
xdut.topn__t345                         1.5841
xdut.\$99__t89                           1.485
xdut.topn__t346                         1.5841
xdut.\$90__t175                          1.485
xdut.topn__t347                         1.5841
xdut.\$12__t1                            1.485
xdut.topp__t15                         1.41705
xdut.\$10__t8                            1.485
xdut.topp__t14                         1.41705
xdut.\$12__t15                           1.485
xdut.topp__t56                         1.41705
xdut.\$10__t29                           1.485
xdut.topp__t55                         1.41705
xdut.\$12__t14                           1.485
xdut.topp__t54                         1.41705
xdut.\$10__t22                           1.485
xdut.topp__t43                         1.41705
xdut.\$12__t9                            1.485
xdut.topp__t42                         1.41705
xdut.\$10__t21                           1.485
xdut.topp__t41                         1.41705
xdut.\$12__t8                            1.485
xdut.topp__t40                         1.41705
xdut.\$10__t20                           1.485
xdut.topp__t39                         1.41705
xdut.\$12__t28                           1.485
xdut.topp__t101                        1.41705
xdut.\$10__t47                           1.485
xdut.topp__t94                         1.41705
xdut.\$12__t25                           1.485
xdut.topp__t93                         1.41705
xdut.\$10__t46                           1.485
xdut.topp__t92                         1.41705
xdut.\$12__t24                           1.485
xdut.topp__t91                         1.41705
xdut.\$10__t45                           1.485
xdut.topp__t90                         1.41705
xdut.\$12__t23                           1.485
xdut.topp__t89                         1.41705
xdut.\$10__t51                           1.485
xdut.topp__t103                        1.41705
xdut.\$12__t22                           1.485
xdut.topp__t88                         1.41705
xdut.\$10__t44                           1.485
xdut.topp__t87                         1.41705
xdut.\$12__t21                           1.485
xdut.topp__t86                         1.41705
xdut.\$10__t167                          1.485
xdut.topp__t333                        1.41705
xdut.\$12__t63                           1.485
xdut.topp__t259                        1.41705
xdut.\$10__t131                          1.485
xdut.topp__t258                        1.41705
xdut.\$12__t62                           1.485
xdut.topp__t257                        1.41705
xdut.\$10__t130                          1.485
xdut.topp__t256                        1.41705
xdut.\$12__t61                           1.485
xdut.topp__t255                        1.41705
xdut.\$10__t129                          1.485
xdut.topp__t254                        1.41705
xdut.\$12__t77                           1.485
xdut.topp__t304                        1.41705
xdut.\$10__t152                          1.485
xdut.topp__t303                        1.41705
xdut.\$12__t76                           1.485
xdut.topp__t302                        1.41705
xdut.\$10__t151                          1.485
xdut.topp__t301                        1.41705
xdut.\$99__t56                           1.485
xdut.topn__t171                         1.5841
xdut.\$90__t86                           1.485
xdut.topn__t172                         1.5841
xdut.\$99__t57                           1.485
xdut.topn__t173                         1.5841
xdut.\$90__t87                           1.485
xdut.topn__t174                         1.5841
xdut.\$99__t53                           1.485
xdut.topn__t166                         1.5841
xdut.\$90__t82                           1.485
xdut.topn__t162                         1.5841
xdut.\$99__t50                           1.485
xdut.topn__t161                         1.5841
xdut.\$90__t81                           1.485
xdut.topn__t160                         1.5841
xdut.\$99__t84                           1.485
xdut.topn__t282                         1.5841
xdut.\$90__t101                          1.485
xdut.topn__t203                         1.5841
xdut.\$99__t59                           1.485
xdut.topn__t204                         1.5841
xdut.\$90__t129                          1.485
xdut.topn__t253                         1.5841
xdut.\$99__t76                           1.485
xdut.topn__t256                         1.5841
xdut.\$90__t131                          1.485
xdut.topn__t257                         1.5841
xdut.\$99__t77                           1.485
xdut.topn__t258                         1.5841
xdut.\$90__t132                          1.485
xdut.topn__t259                         1.5841
xdut.\$99__t78                           1.485
xdut.topn__t260                         1.5841
xdut.\$90__t133                          1.485
xdut.topn__t261                         1.5841
xdut.\$99__t61                           1.485
xdut.topn__t215                         1.5841
xdut.\$90__t114                          1.485
xdut.topn__t226                         1.5841
xdut.\$99__t65                           1.485
xdut.topn__t227                         1.5841
xdut.\$90__t115                          1.485
xdut.topn__t228                         1.5841
xdut.\$99__t66                           1.485
xdut.topn__t229                         1.5841
xdut.\$90__t116                          1.485
xdut.topn__t230                         1.5841
xdut.\$99__t67                           1.485
xdut.topn__t231                         1.5841
xdut.\$90__t117                          1.485
xdut.topn__t232                         1.5841
xdut.\$99__t68                           1.485
xdut.topn__t233                         1.5841
xdut.\$90__t118                          1.485
xdut.topn__t234                         1.5841
xdut.\$99__t69                           1.485
xdut.topn__t235                         1.5841
xdut.\$90__t176                          1.485
xdut.topn__t348                         1.5841
xdut.\$99__t90                           1.485
xdut.topn__t349                         1.5841
xdut.\$90__t177                          1.485
xdut.topn__t350                         1.5841
xdut.\$14__t1                            1.485
xdut.topp__t13                         1.41705
xdut.\$10__t7                            1.485
xdut.topp__t12                         1.41705
xdut.\$14__t0                            1.485
xdut.topp__t1                          1.41705
xdut.\$10__t25                           1.485
xdut.topp__t47                         1.41705
xdut.\$14__t5                            1.485
xdut.topp__t62                         1.41705
xdut.\$10__t32                           1.485
xdut.topp__t61                         1.41705
xdut.\$14__t4                            1.485
xdut.topp__t60                         1.41705
xdut.\$10__t31                           1.485
xdut.topp__t59                         1.41705
xdut.\$14__t3                            1.485
xdut.topp__t58                         1.41705
xdut.\$10__t30                           1.485
xdut.topp__t57                         1.41705
xdut.\$14__t13                           1.485
xdut.topp__t99                         1.41705
xdut.\$10__t42                           1.485
xdut.topp__t83                         1.41705
xdut.\$14__t12                           1.485
xdut.topp__t82                         1.41705
xdut.\$10__t41                           1.485
xdut.topp__t81                         1.41705
xdut.\$14__t11                           1.485
xdut.topp__t80                         1.41705
xdut.\$10__t40                           1.485
xdut.topp__t79                         1.41705
xdut.\$14__t10                           1.485
xdut.topp__t78                         1.41705
xdut.\$10__t39                           1.485
xdut.topp__t77                         1.41705
xdut.\$14__t9                            1.485
xdut.topp__t76                         1.41705
xdut.\$10__t38                           1.485
xdut.topp__t75                         1.41705
xdut.\$14__t8                            1.485
xdut.topp__t74                         1.41705
xdut.\$10__t169                          1.485
xdut.topp__t335                        1.41705
xdut.\$14__t37                           1.485
xdut.topp__t271                        1.41705
xdut.\$10__t137                          1.485
xdut.topp__t270                        1.41705
xdut.\$14__t36                           1.485
xdut.topp__t269                        1.41705
xdut.\$10__t136                          1.485
xdut.topp__t268                        1.41705
xdut.\$14__t35                           1.485
xdut.topp__t267                        1.41705
xdut.\$10__t135                          1.485
xdut.topp__t266                        1.41705
xdut.\$14__t34                           1.485
xdut.topp__t265                        1.41705
xdut.\$10__t134                          1.485
xdut.topp__t264                        1.41705
xdut.\$14__t38                           1.485
xdut.topp__t276                        1.41705
xdut.\$10__t133                          1.485
xdut.topp__t262                        1.41705
xdut.\$107__t13                          1.485
xdut.topn__t159                         1.5841
xdut.\$90__t80                           1.485
xdut.topn__t158                         1.5841
xdut.\$107__t12                          1.485
xdut.topn__t157                         1.5841
xdut.\$90__t79                           1.485
xdut.topn__t156                         1.5841
xdut.\$107__t11                          1.485
xdut.topn__t155                         1.5841
xdut.\$90__t78                           1.485
xdut.topn__t154                         1.5841
xdut.\$107__t10                          1.485
xdut.topn__t153                         1.5841
xdut.\$90__t77                           1.485
xdut.topn__t152                         1.5841
xdut.\$107__t28                          1.485
xdut.topn__t283                         1.5841
xdut.\$90__t143                          1.485
xdut.topn__t284                         1.5841
xdut.\$107__t19                          1.485
xdut.topn__t195                         1.5841
xdut.\$90__t97                           1.485
xdut.topn__t196                         1.5841
xdut.\$107__t20                          1.485
xdut.topn__t197                         1.5841
xdut.\$90__t98                           1.485
xdut.topn__t198                         1.5841
xdut.\$107__t21                          1.485
xdut.topn__t199                         1.5841
xdut.\$90__t99                           1.485
xdut.topn__t200                         1.5841
xdut.\$107__t22                          1.485
xdut.topn__t201                         1.5841
xdut.\$90__t100                          1.485
xdut.topn__t202                         1.5841
xdut.\$107__t24                          1.485
xdut.topn__t216                         1.5841
xdut.\$90__t111                          1.485
xdut.topn__t221                         1.5841
xdut.\$107__t14                          1.485
xdut.topn__t176                         1.5841
xdut.\$90__t89                           1.485
xdut.topn__t177                         1.5841
xdut.\$107__t15                          1.485
xdut.topn__t178                         1.5841
xdut.\$90__t90                           1.485
xdut.topn__t179                         1.5841
xdut.\$107__t16                          1.485
xdut.topn__t180                         1.5841
xdut.\$90__t91                           1.485
xdut.topn__t181                         1.5841
xdut.\$107__t17                          1.485
xdut.topn__t182                         1.5841
xdut.\$90__t92                           1.485
xdut.topn__t183                         1.5841
xdut.\$107__t18                          1.485
xdut.topn__t184                         1.5841
xdut.\$90__t154                          1.485
xdut.topn__t303                         1.5841
xdut.\$107__t23                          1.485
xdut.topn__t206                         1.5841
xdut.\$90__t103                          1.485
xdut.topn__t207                         1.5841
xdut.\$16__t4                            1.485
xdut.topp__t11                         1.41705
xdut.\$10__t6                            1.485
xdut.topp__t10                         1.41705
xdut.\$16__t3                            1.485
xdut.topp__t9                          1.41705
xdut.\$10__t5                            1.485
xdut.topp__t8                          1.41705
xdut.\$16__t2                            1.485
xdut.topp__t7                          1.41705
xdut.\$10__t4                            1.485
xdut.topp__t6                          1.41705
xdut.\$16__t1                            1.485
xdut.topp__t5                          1.41705
xdut.\$10__t3                            1.485
xdut.topp__t4                          1.41705
xdut.\$16__t0                            1.485
xdut.topp__t3                          1.41705
xdut.\$10__t2                            1.485
xdut.topp__t2                          1.41705
xdut.\$16__t7                            1.485
xdut.topp__t97                         1.41705
xdut.\$10__t16                           1.485
xdut.topp__t29                         1.41705
xdut.\$16__t6                            1.485
xdut.topp__t28                         1.41705
xdut.\$10__t15                           1.485
xdut.topp__t27                         1.41705
xdut.\$16__t5                            1.485
xdut.topp__t26                         1.41705
xdut.\$10__t14                           1.485
xdut.topp__t25                         1.41705
xdut.\$18__t2                            1.485
xdut.topp__t24                         1.41705
xdut.\$10__t13                           1.485
xdut.topp__t23                         1.41705
xdut.\$18__t1                            1.485
xdut.topp__t22                         1.41705
xdut.\$10__t12                           1.485
xdut.topp__t21                         1.41705
xdut.\$18__t0                            1.485
xdut.topp__t20                         1.41705
xdut.\$10__t170                          1.485
xdut.topp__t336                        1.41705
xdut.\$18__t9                            1.485
xdut.topp__t253                        1.41705
xdut.\$10__t128                          1.485
xdut.topp__t252                        1.41705
xdut.\$20__t3                            1.485
xdut.topp__t251                        1.41705
xdut.\$10__t127                          1.485
xdut.topp__t250                        1.41705
xdut.\$20__t2                            1.485
xdut.topp__t249                        1.41705
xdut.\$10__t126                          1.485
xdut.topp__t248                        1.41705
xdut.\$22__t1                            1.485
xdut.topp__t292                        1.41705
xdut.\$10__t154                          1.485
xdut.topp__t307                        1.41705
xdut.\$24__t0                            1.485
xdut.topp__t306                        1.41705
xdut.\$10__t153                          1.485
xdut.topp__t305                        1.41705
xdut.\$115__t7                           1.485
xdut.topn__t151                         1.5841
xdut.\$90__t76                           1.485
xdut.topn__t150                         1.5841
xdut.\$115__t6                           1.485
xdut.topn__t149                         1.5841
xdut.\$90__t75                           1.485
xdut.topn__t148                         1.5841
xdut.\$115__t5                           1.485
xdut.topn__t147                         1.5841
xdut.\$90__t70                           1.485
xdut.topn__t138                         1.5841
xdut.\$115__t4                           1.485
xdut.topn__t137                         1.5841
xdut.\$90__t69                           1.485
xdut.topn__t136                         1.5841
xdut.\$115__t8                           1.485
xdut.topn__t264                         1.5841
xdut.\$90__t135                          1.485
xdut.topn__t265                         1.5841
xdut.\$115__t9                           1.485
xdut.topn__t266                         1.5841
xdut.\$90__t136                          1.485
xdut.topn__t267                         1.5841
xdut.\$115__t10                          1.485
xdut.topn__t268                         1.5841
xdut.\$90__t137                          1.485
xdut.topn__t269                         1.5841
xdut.\$115__t11                          1.485
xdut.topn__t270                         1.5841
xdut.\$90__t145                          1.485
xdut.topn__t287                         1.5841
xdut.\$123__t4                           1.485
xdut.topn__t272                         1.5841
xdut.\$90__t138                          1.485
xdut.topn__t273                         1.5841
xdut.\$123__t3                           1.485
xdut.topn__t217                         1.5841
xdut.\$90__t93                           1.485
xdut.topn__t186                         1.5841
xdut.\$123__t1                           1.485
xdut.topn__t187                         1.5841
xdut.\$90__t94                           1.485
xdut.topn__t188                         1.5841
xdut.\$123__t2                           1.485
xdut.topn__t189                         1.5841
xdut.\$90__t102                          1.485
xdut.topn__t205                         1.5841
xdut.\$131__t2                           1.485
xdut.topn__t190                         1.5841
xdut.\$90__t95                           1.485
xdut.topn__t191                         1.5841
xdut.\$131__t3                           1.485
xdut.topn__t192                         1.5841
xdut.\$90__t96                           1.485
xdut.topn__t193                         1.5841
xdut.\$139__t2                           1.485
xdut.topn__t194                         1.5841
xdut.\$90__t104                          1.485
xdut.topn__t208                         1.5841
xdut.\$147__t0                           1.485
xdut.topn__t209                         1.5841
xdut.\$90__t105                          1.485
xdut.topn__t210                         1.5841
xdut.\$10                                1.485
xdut.\$100                                2.97
xdut.\$102                         1.30891e-08
xdut.\$104                                2.97
xdut.\$106                                2.97
xdut.\$107                               1.485
xdut.\$108                                2.97
xdut.\$11                                 2.97
xdut.\$110                         1.26663e-08
xdut.\$112                                2.97
xdut.\$114                                2.97
xdut.\$115                               1.485
xdut.\$116                                2.97
xdut.\$118                         1.22755e-08
xdut.\$12                                1.485
xdut.\$120                                2.97
xdut.\$122                                2.97
xdut.\$123                               1.485
xdut.\$124                                2.97
xdut.\$126                         1.24348e-08
xdut.\$128                                2.97
xdut.\$13                                 2.97
xdut.\$130                                2.97
xdut.\$131                               1.485
xdut.\$132                                2.97
xdut.\$134                           1.285e-08
xdut.\$136                                2.97
xdut.\$138                                2.97
xdut.\$139                               1.485
xdut.\$14                                1.485
xdut.\$140                                2.97
xdut.\$142                          1.3275e-08
xdut.\$144                                2.97
xdut.\$146                                2.97
xdut.\$147                               1.485
xdut.\$148                                2.97
xdut.\$15                                 2.97
xdut.\$150                         1.37019e-08
xdut.\$152                                2.97
xdut.\$154                                2.97
xdut.\$155                               1.485
xdut.\$16                                1.485
xdut.\$166                                2.97
xdut.\$167                                2.97
xdut.\$17                                 2.97
xdut.\$18                                1.485
xdut.\$19                                 2.97
xdut.\$20                                1.485
xdut.\$21                                 2.97
xdut.\$22                                1.485
xdut.\$23                                 2.97
xdut.\$24                                1.485
xdut.\$25                                 2.97
xdut.\$26                                1.485
xdut.\$27                          1.39466e-08
xdut.\$29                                 2.97
xdut.\$31                          1.35204e-08
xdut.\$33                                 2.97
xdut.\$35                          1.30962e-08
xdut.\$37                                 2.97
xdut.\$39                          1.26786e-08
xdut.\$41                                 2.97
xdut.\$43                          1.23124e-08
xdut.\$45                                 2.97
xdut.\$47                          1.24553e-08
xdut.\$49                                 2.97
xdut.\$51                          1.28594e-08
xdut.\$53                                 2.97
xdut.\$55                          1.32809e-08
xdut.\$57                                 2.97
xdut.\$59                          1.37063e-08
xdut.\$61                                 2.97
xdut.\$65                                 2.97
xdut.\$67                                 2.97
xdut.\$69                                 2.97
xdut.\$71                                 2.97
xdut.\$73                                 2.97
xdut.\$75                                 2.97
xdut.\$77                                 2.97
xdut.\$79                                 2.97
xdut.\$81                                 2.97
xdut.\$83                                 2.97
xdut.\$85                          1.39428e-08
xdut.\$87                                 2.97
xdut.\$89                                 2.97
xdut.\$9                                  2.97
xdut.\$90                                1.485
xdut.\$92                                 2.97
xdut.\$94                          1.35154e-08
xdut.\$96                                 2.97
xdut.\$98                                 2.97
xdut.\$99                                1.485
se_topn                                 1.5841
se_topp                                1.41705
se_ibias                              0.678004
xsecmp.xpre.ptail                     0.753307
xsecmp.pon                             2.90151
xsecmp.preamp_in1                      1.41705
xsecmp.pop                              1.5955
xsecmp.preamp_in2                       1.5841
xsecmp.xpre.xrlp.11                    2.96947
xsecmp.xpre.xrlp.21                    1.59603
xsecmp.xpre.xrln.11                    2.96997
xsecmp.xpre.xrln.21                    2.90154
xsecmp.xlat.ltail                      2.20766
xsecmp.xlat.dip                           2.97
xsecmp.xlat.din                           2.97
xsecmp.outn                               2.97
xsecmp.outp                               2.97
xsecmp.sset                        1.77263e-08
xsecmp.srst                        1.77263e-08
xsecmp.xno1.ps                         2.77772
se_cmpb                                1.23664
xsecmp.xno2.ps                         2.77772
se_code                                      0
se_dacp                            1.11022e-16
se_dacn                            1.11022e-16
se_di                                        0
se_err                                 57.5937
se_aerrh                                     0
seph                                      2.97
bseph#branch                                 0
bseea#branch                                 0
bsee#branch                                  0
bsedi#branch                                 0
bsedacn#branch                               0
bsedacp#branch                               0
bsecode#branch                               0
lref#branch                        1.56562e-09
v.xsecmp.vpn#branch               -1.28187e-27
v.xsecmp.vpp#branch               -2.79979e-28
vsemode#branch                               0
vsestart#branch                              0
vsevinn#branch                    -5.64951e-17
vsein#branch                      -6.53769e-17
vcms#branch                       -1.13856e-08
vrefs#branch                      -1.56562e-09
vddc#branch                       -0.000428408
vddd#branch                       -6.82569e-09
vddt#branch                                  0
vcmpclkb#branch                              0
vcmpclk#branch                               0
vclk#branch                                  0
a.xsectrl.a_gn#branch_1_0          2.01556e-17
a.xsectrl.a_gn#branch_1_1                    0
a.xsectrl.a_gn#branch_1_2                    0
a.xsectrl.a_gn#branch_1_3          2.01556e-17
a.xsectrl.a_gn#branch_1_4                    0
a.xsectrl.a_gn#branch_1_5                    0
a.xsectrl.a_gn#branch_1_6          2.01556e-17
a.xsectrl.a_gn#branch_1_7                    0
a.xsectrl.a_gn#branch_1_8                    0
a.xsectrl.a_gn#branch_1_9          2.01556e-17
a.xsectrl.a_gn#branch_1_10                   0
a.xsectrl.a_gn#branch_1_11                   0
a.xsectrl.a_gn#branch_1_12         2.01556e-17
a.xsectrl.a_gn#branch_1_13                   0
a.xsectrl.a_gn#branch_1_14                   0
a.xsectrl.a_gn#branch_1_15         2.01556e-17
a.xsectrl.a_gn#branch_1_16                   0
a.xsectrl.a_gn#branch_1_17                   0
a.xsectrl.a_gn#branch_1_18         2.01556e-17
a.xsectrl.a_gn#branch_1_19                   0
a.xsectrl.a_gn#branch_1_20                   0
a.xsectrl.a_gn#branch_1_21         2.01556e-17
a.xsectrl.a_gn#branch_1_22                   0
a.xsectrl.a_gn#branch_1_23                   0
a.xsectrl.a_gn#branch_1_24         2.01556e-17
a.xsectrl.a_gn#branch_1_25                   0
a.xsectrl.a_gn#branch_1_26                   0
a.xsectrl.a_gn#branch_1_27         2.01556e-17
a.xsectrl.a_gn#branch_1_28                   0
a.xsectrl.a_gn#branch_1_29                   0
a.xsectrl.a_gn#branch_1_30         2.01556e-17
a.xsectrl.a_gn#branch_1_31                   0
a.xsectrl.a_gn#branch_1_32                   0
a.xsectrl.a_gn#branch_1_33         2.01556e-17
a.xsectrl.a_gn#branch_1_34                   0
a.xsectrl.a_gn#branch_1_35                   0
a.xsectrl.a_gn#branch_1_36         2.01556e-17
a.xsectrl.a_gn#branch_1_37                   0
a.xsectrl.a_gn#branch_1_38                   0
a.xsectrl.a_gn#branch_1_39         2.01556e-17
a.xsectrl.a_gn#branch_1_40                   0
a.xsectrl.a_gn#branch_1_41                   0
a.xsectrl.a_gn#branch_1_42         2.01556e-17
a.xsectrl.a_gn#branch_1_43                   0
a.xsectrl.a_gn#branch_1_44                   0
a.xsectrl.a_gn#branch_1_45         2.01556e-17
a.xsectrl.a_gn#branch_1_46                   0
a.xsectrl.a_gn#branch_1_47                   0
a.xsectrl.a_gn#branch_1_48         2.01556e-17
a.xsectrl.a_gn#branch_1_49                   0
a.xsectrl.a_gn#branch_1_50                   0
a.xsectrl.a_gn#branch_1_51         2.01556e-17
a.xsectrl.a_gn#branch_1_52                   0
a.xsectrl.a_gn#branch_1_53                   0
a.xsectrl.a_dout#branch_1_0                  0
a.xsectrl.a_dout#branch_1_1                  0
a.xsectrl.a_dout#branch_1_2                  0
a.xsectrl.a_dout#branch_1_3                  0
a.xsectrl.a_dout#branch_1_4                  0
a.xsectrl.a_dout#branch_1_5                  0
a.xsectrl.a_dout#branch_1_6                  0
a.xsectrl.a_dout#branch_1_7                  0
a.xsectrl.a_dout#branch_1_8                  0
a.xsectrl.a_dout#branch_1_9                  0
a.xsectrl.a_dout#branch_1_10                 0
a.xsectrl.a_dout#branch_1_11                 0
a.xsectrl.a_dout#branch_1_12                 0

 Reference value :  0.00000e+00
 Reference value :  2.98745e-09
 Reference value :  3.16144e-08
 Reference value :  6.29109e-08
 Reference value :  9.43694e-08
 Reference value :  1.25531e-07
 Reference value :  1.56812e-07
 Reference value :  1.87955e-07
 Reference value :  2.18850e-07
 Reference value :  2.50187e-07
 Reference value :  2.53072e-07
 Reference value :  2.81995e-07
 Reference value :  3.14782e-07
 Reference value :  3.43925e-07
 Reference value :  3.75219e-07
 Reference value :  3.80141e-07
 Reference value :  4.12392e-07
 Reference value :  4.39867e-07
 Reference value :  4.68863e-07
 Reference value :  5.00322e-07
 Reference value :  5.11464e-07
 Reference value :  5.62565e-07
 Reference value :  5.65173e-07
 Reference value :  5.94076e-07
 Reference value :  6.26153e-07
 Reference value :  6.56303e-07
 Reference value :  6.87616e-07
 Reference value :  6.90292e-07
 Reference value :  7.19336e-07
 Reference value :  7.51722e-07
 Reference value :  7.81342e-07
 Reference value :  8.12702e-07
 Reference value :  8.28570e-07
 Reference value :  8.59179e-07
 Reference value :  8.77503e-07
 Reference value :  9.06415e-07
 Reference value :  9.37872e-07
 Reference value :  9.69104e-07
 Reference value :  1.00010e-06
 Reference value :  1.00263e-06
 Reference value :  1.03134e-06
 Reference value :  1.06260e-06
 Reference value :  1.09387e-06
 Reference value :  1.12500e-06
 Reference value :  1.15631e-06
 Reference value :  1.15727e-06
 Reference value :  1.18811e-06
 Reference value :  1.21881e-06
 Reference value :  1.25006e-06
 Reference value :  1.25296e-06
 Reference value :  1.28156e-06
 Reference value :  1.31287e-06
 Reference value :  1.33955e-06
 Reference value :  1.34447e-06
 Reference value :  1.37619e-06
 Reference value :  1.40631e-06
 Reference value :  1.43770e-06
 Reference value :  1.44081e-06
 Reference value :  1.46930e-06
 Reference value :  1.50171e-06
 Reference value :  1.53134e-06
 Reference value :  1.56279e-06
 Reference value :  1.58010e-06
 Reference value :  1.62506e-06
 Reference value :  1.62777e-06
 Reference value :  1.65670e-06
 Reference value :  1.68816e-06
 Reference value :  1.71876e-06
 Reference value :  1.75003e-06
 Reference value :  1.75260e-06
 Reference value :  1.78174e-06
 Reference value :  1.81343e-06
 Reference value :  1.84385e-06
 Reference value :  1.87520e-06
 Reference value :  1.87834e-06
 Reference value :  1.90694e-06
 Reference value :  1.93911e-06
 Reference value :  1.96967e-06
 Reference value :  2.00057e-06
 Reference value :  2.00300e-06
 Reference value :  2.03181e-06
 Reference value :  2.06298e-06
 Reference value :  2.09425e-06
 Reference value :  2.12670e-06
 Reference value :  2.17128e-06
 Reference value :  2.19001e-06
 Reference value :  2.21895e-06
 Reference value :  2.25020e-06
 Reference value :  2.25298e-06
 Reference value :  2.28144e-06
 Reference value :  2.31264e-06
 Reference value :  2.31499e-06
 Reference value :  2.34384e-06
 Reference value :  2.36510e-06
 Reference value :  2.37736e-06
 Reference value :  2.40435e-06
 Reference value :  2.40684e-06
 Reference value :  2.43785e-06
 Reference value :  2.44034e-06
 Reference value :  2.46893e-06
 Reference value :  2.50020e-06
 Reference value :  2.50269e-06
 Reference value :  2.53143e-06
 Reference value :  2.56260e-06
 Reference value :  2.56496e-06
 Reference value :  2.59384e-06
 Reference value :  2.61207e-06
 Reference value :  2.62732e-06
 Reference value :  2.65629e-06
 Reference value :  2.68541e-06
 Reference value :  2.68990e-06
 Reference value :  2.71881e-06
 Reference value :  2.74841e-06
 Reference value :  2.75232e-06
 Reference value :  2.78129e-06
 Reference value :  2.78200e-06
 Reference value :  2.81287e-06
 Reference value :  2.81521e-06
 Reference value :  2.84395e-06
 Reference value :  2.85933e-06
 Reference value :  2.87651e-06
 Reference value :  2.87859e-06
 Reference value :  2.90647e-06
 Reference value :  2.93771e-06
 Reference value :  2.96881e-06
 Reference value :  3.00001e-06
 Reference value :  3.00232e-06
 Reference value :  3.00298e-06
 Reference value :  3.03145e-06
 Reference value :  3.06270e-06
 Reference value :  3.09385e-06
 Reference value :  3.12511e-06
 Reference value :  3.15635e-06
 Reference value :  3.18769e-06
 Reference value :  3.19020e-06
 Reference value :  3.21913e-06
 Reference value :  3.25038e-06
 Reference value :  3.25304e-06
 Reference value :  3.28145e-06
 Reference value :  3.31260e-06
 Reference value :  3.31502e-06
 Reference value :  3.34385e-06
 Reference value :  3.37501e-06
 Reference value :  3.37739e-06
 Reference value :  3.40631e-06
 Reference value :  3.40809e-06
 Reference value :  3.43826e-06
 Reference value :  3.44287e-06
 Reference value :  3.46913e-06
 Reference value :  3.50019e-06
 Reference value :  3.50256e-06
 Reference value :  3.53135e-06
 Reference value :  3.55334e-06
 Reference value :  3.56477e-06
 Reference value :  3.59376e-06
 Reference value :  3.62077e-06
 Reference value :  3.62743e-06
 Reference value :  3.65631e-06
 Reference value :  3.67247e-06
 Reference value :  3.68977e-06
 Reference value :  3.71881e-06
 Reference value :  3.75010e-06
 Reference value :  3.75253e-06
 Reference value :  3.78151e-06
 Reference value :  3.81253e-06
 Reference value :  3.81486e-06
 Reference value :  3.84382e-06
 Reference value :  3.86673e-06
 Reference value :  3.87729e-06
 Reference value :  3.89818e-06
 Reference value :  3.90788e-06
 Reference value :  3.93956e-06
 Reference value :  3.96923e-06
 Reference value :  4.00041e-06
 Reference value :  4.00267e-06
 Reference value :  4.03128e-06
 Reference value :  4.05631e-06
 Reference value :  4.07838e-06
 Reference value :  4.09442e-06
 Reference value :  4.12558e-06
 Reference value :  4.15650e-06
 Reference value :  4.18775e-06
 Reference value :  4.19034e-06
 Reference value :  4.21908e-06
 Reference value :  4.25034e-06
 Reference value :  4.25298e-06
 Reference value :  4.28136e-06
 Reference value :  4.28654e-06
 Reference value :  4.31321e-06
 Reference value :  4.33192e-06
 Reference value :  4.34430e-06
 Reference value :  4.37532e-06
 Reference value :  4.37772e-06
 Reference value :  4.40636e-06
 Reference value :  4.40792e-06
 Reference value :  4.43808e-06
 Reference value :  4.44213e-06
 Reference value :  4.46905e-06
 Reference value :  4.50011e-06
 Reference value :  4.50240e-06
 Reference value :  4.53126e-06
 Reference value :  4.54436e-06
 Reference value :  4.56479e-06
 Reference value :  4.58195e-06
 Reference value :  4.59832e-06
 Reference value :  4.62609e-06
 Reference value :  4.63651e-06
 Reference value :  4.65695e-06
 Reference value :  4.68796e-06
 Reference value :  4.69871e-06
 Reference value :  4.71933e-06
 Reference value :  4.75023e-06
 Reference value :  4.75305e-06
 Reference value :  4.78168e-06
 Reference value :  4.81287e-06
 Reference value :  4.81698e-06
 Reference value :  4.84436e-06
 Reference value :  4.87523e-06
 Reference value :  4.87771e-06
 Reference value :  4.90647e-06
 Reference value :  4.93784e-06
 Reference value :  4.96893e-06
 Reference value :  5.00032e-06
 Reference value :  5.00267e-06
 Reference value :  5.03128e-06
 Reference value :  5.06251e-06
 Reference value :  5.09378e-06
 Reference value :  5.11691e-06
 Reference value :  5.15457e-06
 Reference value :  5.17542e-06
 Reference value :  5.18843e-06
 Reference value :  5.20395e-06
 Reference value :  5.21947e-06
 Reference value :  5.25038e-06
 Reference value :  5.25297e-06
 Reference value :  5.28134e-06
 Reference value :  5.28191e-06
 Reference value :  5.31284e-06
 Reference value :  5.31511e-06
 Reference value :  5.34385e-06
 Reference value :  5.36193e-06
 Reference value :  5.37576e-06
 Reference value :  5.37970e-06
 Reference value :  5.40643e-06
 Reference value :  5.43762e-06
 Reference value :  5.43995e-06
 Reference value :  5.45285e-06
 Reference value :  5.46917e-06
 Reference value :  5.50003e-06
 Reference value :  5.50117e-06
 Reference value :  5.50346e-06
 Reference value :  5.53138e-06
 Reference value :  5.53274e-06
 Reference value :  5.56306e-06
 Reference value :  5.56610e-06
 Reference value :  5.59396e-06
 Reference value :  5.62510e-06
 Reference value :  5.62745e-06
 Reference value :  5.65630e-06
 Reference value :  5.66228e-06
 Reference value :  5.68810e-06
 Reference value :  5.69247e-06
 Reference value :  5.71916e-06
 Reference value :  5.75013e-06
 Reference value :  5.75247e-06
 Reference value :  5.78130e-06
 Reference value :  5.78436e-06
 Reference value :  5.81326e-06
 Reference value :  5.82047e-06
 Reference value :  5.84436e-06
 Reference value :  5.87510e-06
 Reference value :  5.87731e-06
 Reference value :  5.88535e-06
 Reference value :  5.90687e-06
 Reference value :  5.93837e-06
 Reference value :  5.96898e-06
 Reference value :  6.00020e-06
 Reference value :  6.00266e-06
 Reference value :  6.03127e-06
 Reference value :  6.03326e-06
 Reference value :  6.06316e-06
 Reference value :  6.09407e-06
 Reference value :  6.12546e-06
 Reference value :  6.15643e-06
 Reference value :  6.18761e-06
 Reference value :  6.18994e-06
 Reference value :  6.21887e-06
 Reference value :  6.25019e-06
 Reference value :  6.25293e-06
 Reference value :  6.28132e-06
 Reference value :  6.28224e-06
 Reference value :  6.31299e-06
 Reference value :  6.31523e-06
 Reference value :  6.34395e-06
 Reference value :  6.36198e-06
 Reference value :  6.37592e-06
 Reference value :  6.38248e-06
 Reference value :  6.40651e-06
 Reference value :  6.43769e-06
 Reference value :  6.44004e-06
 Reference value :  6.46881e-06
 Reference value :  6.49372e-06
 Reference value :  6.50180e-06
 Reference value :  6.50483e-06
 Reference value :  6.53150e-06
 Reference value :  6.56251e-06
 Reference value :  6.56467e-06
 Reference value :  6.56873e-06
 Reference value :  6.59405e-06
 Reference value :  6.62506e-06
 Reference value :  6.62727e-06
 Reference value :  6.64750e-06
 Reference value :  6.65682e-06
 Reference value :  6.68769e-06
 Reference value :  6.68997e-06
 Reference value :  6.71881e-06
 Reference value :  6.71961e-06
 Reference value :  6.75045e-06
 Reference value :  6.75274e-06
 Reference value :  6.78143e-06
 Reference value :  6.79140e-06
 Reference value :  6.81311e-06
 Reference value :  6.81593e-06
 Reference value :  6.84416e-06
 Reference value :  6.85624e-06
 Reference value :  6.87602e-06
 Reference value :  6.88441e-06
 Reference value :  6.90672e-06
 Reference value :  6.93770e-06
 Reference value :  6.96877e-06
 Reference value :  7.00003e-06
 Reference value :  7.00253e-06
 Reference value :  7.00376e-06
 Reference value :  7.03175e-06
 Reference value :  7.06288e-06
 Reference value :  7.09391e-06
 Reference value :  7.12520e-06
 Reference value :  7.15629e-06
 Reference value :  7.18751e-06
 Reference value :  7.18978e-06
 Reference value :  7.21876e-06
 Reference value :  7.22151e-06
 Reference value :  7.25060e-06
 Reference value :  7.25313e-06
 Reference value :  7.28145e-06
 Reference value :  7.31270e-06
 Reference value :  7.31734e-06
 Reference value :  7.34426e-06
 Reference value :  7.37520e-06
 Reference value :  7.37756e-06
 Reference value :  7.40639e-06
 Reference value :  7.43775e-06
 Reference value :  7.44355e-06
 Reference value :  7.46949e-06
 Reference value :  7.50069e-06
 Reference value :  7.50581e-06
 Reference value :  7.53159e-06
 Reference value :  7.56287e-06
 Reference value :  7.56533e-06
 Reference value :  7.59393e-06
 Reference value :  7.62520e-06
 Reference value :  7.62761e-06
 Reference value :  7.65635e-06
 Reference value :  7.68763e-06
 Reference value :  7.69004e-06
 Reference value :  7.71885e-06
 Reference value :  7.75000e-06
 Reference value :  7.75229e-06
 Reference value :  7.78129e-06
 Reference value :  7.78233e-06
 Reference value :  7.81339e-06
 Reference value :  7.83943e-06
 Reference value :  7.84456e-06
 Reference value :  7.87560e-06
 Reference value :  7.87836e-06
 Reference value :  7.90669e-06
 Reference value :  7.93796e-06
 Reference value :  7.96891e-06
 Reference value :  8.00020e-06
 Reference value :  8.00253e-06
 Reference value :  8.00403e-06
 Reference value :  8.03158e-06
 Reference value :  8.06342e-06
 Reference value :  8.09427e-06
 Reference value :  8.12520e-06
 Reference value :  8.15629e-06
 Reference value :  8.16140e-06
 Reference value :  8.18808e-06
 Reference value :  8.20709e-06
 Reference value :  8.21956e-06
 Reference value :  8.25048e-06
 Reference value :  8.25333e-06
 Reference value :  8.28154e-06
 Reference value :  8.31279e-06
 Reference value :  8.31515e-06
 Reference value :  8.34389e-06
 Reference value :  8.37500e-06
 Reference value :  8.37744e-06
 Reference value :  8.40628e-06
 Reference value :  8.42908e-06
 Reference value :  8.43862e-06
 Reference value :  8.44311e-06
 Reference value :  8.46925e-06
 Reference value :  8.50042e-06
 Reference value :  8.50368e-06
 Reference value :  8.53148e-06
 Reference value :  8.56092e-06
 Reference value :  8.56477e-06
 Reference value :  8.58070e-06
 Reference value :  8.59451e-06
 Reference value :  8.62554e-06
 Reference value :  8.64058e-06
 Reference value :  8.65675e-06
 Reference value :  8.68770e-06
 Reference value :  8.69008e-06
 Reference value :  8.71890e-06
 Reference value :  8.75020e-06
 Reference value :  8.75274e-06
 Reference value :  8.78165e-06
 Reference value :  8.81266e-06
 Reference value :  8.81511e-06
 Reference value :  8.84406e-06
 Reference value :  8.87503e-06
 Reference value :  8.87744e-06
 Reference value :  8.90422e-06
 Reference value :  8.90741e-06
 Reference value :  8.93821e-06
 Reference value :  8.96895e-06
 Reference value :  9.00019e-06
 Reference value :  9.00252e-06
 Reference value :  9.00325e-06
 Reference value :  9.03146e-06
 Reference value :  9.06273e-06
 Reference value :  9.09393e-06
 Reference value :  9.12510e-06
 Reference value :  9.15629e-06
 Reference value :  9.18750e-06
 Reference value :  9.18994e-06
 Reference value :  9.21885e-06
 Reference value :  9.25019e-06
 Reference value :  9.25295e-06
 Reference value :  9.28144e-06
 Reference value :  9.31270e-06
 Reference value :  9.31529e-06
 Reference value :  9.34412e-06
 Reference value :  9.37523e-06
 Reference value :  9.37788e-06
 Reference value :  9.40646e-06
 Reference value :  9.43798e-06
 Reference value :  9.44178e-06
 Reference value :  9.46925e-06
 Reference value :  9.50020e-06
 Reference value :  9.50264e-06
 Reference value :  9.53139e-06
 Reference value :  9.56270e-06
 Reference value :  9.56524e-06
 Reference value :  9.59418e-06
 Reference value :  9.62522e-06
 Reference value :  9.62769e-06
 Reference value :  9.65645e-06
 Reference value :  9.68775e-06
 Reference value :  9.69032e-06
 Reference value :  9.71920e-06
 Reference value :  9.75042e-06
 Reference value :  9.75638e-06
 Reference value :  9.78214e-06
 Reference value :  9.81316e-06
 Reference value :  9.84376e-06
 Reference value :  9.84455e-06
 Reference value :  9.87570e-06
 Reference value :  9.88169e-06
 Reference value :  9.90675e-06
 Reference value :  9.93806e-06
 Reference value :  9.96894e-06
 Reference value :  1.00003e-05
 Reference value :  1.00027e-05
 Reference value :  1.00313e-05
 Reference value :  1.00555e-05
 Reference value :  1.00938e-05
 Reference value :  1.00944e-05
 Reference value :  1.01255e-05
 Reference value :  1.01565e-05
 Reference value :  1.01878e-05
 Reference value :  1.01971e-05
 Reference value :  1.02500e-05
 Reference value :  1.02528e-05
 Reference value :  1.02813e-05
 Reference value :  1.03126e-05
 Reference value :  1.03150e-05
 Reference value :  1.03438e-05
 Reference value :  1.03599e-05
 Reference value :  1.03773e-05
 Reference value :  1.04051e-05
 Reference value :  1.04069e-05
 Reference value :  1.04380e-05
 Reference value :  1.04432e-05
 Reference value :  1.04692e-05
 Reference value :  1.05002e-05
 Reference value :  1.05027e-05
 Reference value :  1.05314e-05
 Reference value :  1.05627e-05
 Reference value :  1.05652e-05
 Reference value :  1.05939e-05
 Reference value :  1.06252e-05
 Reference value :  1.06279e-05
 Reference value :  1.06568e-05
 Reference value :  1.06879e-05
 Reference value :  1.06922e-05
 Reference value :  1.07193e-05
 Reference value :  1.07505e-05
 Reference value :  1.07601e-05
 Reference value :  1.07822e-05
 Reference value :  1.08133e-05
 Reference value :  1.08438e-05
 Reference value :  1.08670e-05
 Reference value :  1.08773e-05
 Reference value :  1.09063e-05
 Reference value :  1.09376e-05
 Reference value :  1.09688e-05
 Reference value :  1.10001e-05
 Reference value :  1.10025e-05
 Reference value :  1.10261e-05
 Reference value :  1.10423e-05
 Reference value :  1.10823e-05
 Reference value :  1.10943e-05
 Reference value :  1.11252e-05
 Reference value :  1.11563e-05
 Reference value :  1.11876e-05
 Reference value :  1.11900e-05
 Reference value :  1.12188e-05
 Reference value :  1.12501e-05
 Reference value :  1.12529e-05
 Reference value :  1.12813e-05
 Reference value :  1.13126e-05
 Reference value :  1.13158e-05
 Reference value :  1.13443e-05
 Reference value :  1.13753e-05
 Reference value :  1.13778e-05
 Reference value :  1.14064e-05
 Reference value :  1.14376e-05
 Reference value :  1.14400e-05
 Reference value :  1.14688e-05
 Reference value :  1.14830e-05
 Reference value :  1.15015e-05
 Reference value :  1.15051e-05
 Reference value :  1.15317e-05
 Reference value :  1.15627e-05
 Reference value :  1.15652e-05
 Reference value :  1.15939e-05
 Reference value :  1.16252e-05
 Reference value :  1.16277e-05
 Reference value :  1.16565e-05
 Reference value :  1.16877e-05
 Reference value :  1.16901e-05
 Reference value :  1.17190e-05
 Reference value :  1.17469e-05
 Reference value :  1.17523e-05
 Reference value :  1.17813e-05
 Reference value :  1.17821e-05
 Reference value :  1.18130e-05
 Reference value :  1.18162e-05
 Reference value :  1.18442e-05
 Reference value :  1.18755e-05
 Reference value :  1.18781e-05
 Reference value :  1.19064e-05
 Reference value :  1.19377e-05
 Reference value :  1.19688e-05
 Reference value :  1.20000e-05
 Reference value :  1.20024e-05
 Reference value :  1.20032e-05
 Reference value :  1.20315e-05
 Reference value :  1.20629e-05
 Reference value :  1.20940e-05
 Reference value :  1.21250e-05
 Reference value :  1.21363e-05
 Reference value :  1.21569e-05
 Reference value :  1.21880e-05
 Reference value :  1.21939e-05
 Reference value :  1.22192e-05
 Reference value :  1.22506e-05
 Reference value :  1.22546e-05
 Reference value :  1.22818e-05
 Reference value :  1.23128e-05
 Reference value :  1.23154e-05
 Reference value :  1.23439e-05
 Reference value :  1.23679e-05
 Reference value :  1.23773e-05
 Reference value :  1.24027e-05
 Reference value :  1.24069e-05
 Reference value :  1.24384e-05
 Reference value :  1.24483e-05
 Reference value :  1.24788e-05
 Reference value :  1.25023e-05
 Reference value :  1.25313e-05
 Reference value :  1.25382e-05
 Reference value :  1.25643e-05
 Reference value :  1.25673e-05
 Reference value :  1.25942e-05
 Reference value :  1.26251e-05
 Reference value :  1.26275e-05
 Reference value :  1.26563e-05
 Reference value :  1.26876e-05
 Reference value :  1.26900e-05
 Reference value :  1.27188e-05
 Reference value :  1.27195e-05
 Reference value :  1.27504e-05
 Reference value :  1.27526e-05
 Reference value :  1.27815e-05
 Reference value :  1.28026e-05
 Reference value :  1.28140e-05
 Reference value :  1.28307e-05
 Reference value :  1.28444e-05
 Reference value :  1.28751e-05
 Reference value :  1.28773e-05
 Reference value :  1.28842e-05
 Reference value :  1.29066e-05
 Reference value :  1.29380e-05
 Reference value :  1.29689e-05
 Reference value :  1.30001e-05
 Reference value :  1.30025e-05
 Reference value :  1.30030e-05
 Reference value :  1.30313e-05
 Reference value :  1.30626e-05
 Reference value :  1.30939e-05
 Reference value :  1.31186e-05
 Reference value :  1.31563e-05
 Reference value :  1.31876e-05
 Reference value :  1.31901e-05
 Reference value :  1.32191e-05
 Reference value :  1.32507e-05
 Reference value :  1.32569e-05
 Reference value :  1.32964e-05
 Reference value :  1.33148e-05
 Reference value :  1.33438e-05
 Reference value :  1.33750e-05
 Reference value :  1.33777e-05
 Reference value :  1.34068e-05
 Reference value :  1.34378e-05
 Reference value :  1.34402e-05
 Reference value :  1.34689e-05
 Reference value :  1.35003e-05
 Reference value :  1.35041e-05
 Reference value :  1.35326e-05
 Reference value :  1.35627e-05
 Reference value :  1.35651e-05
 Reference value :  1.35939e-05
 Reference value :  1.36251e-05
 Reference value :  1.36275e-05
 Reference value :  1.36563e-05
 Reference value :  1.36575e-05
 Reference value :  1.36881e-05
 Reference value :  1.36921e-05
 Reference value :  1.37195e-05
 Reference value :  1.37505e-05
 Reference value :  1.37616e-05
 Reference value :  1.37829e-05
 Reference value :  1.38148e-05
 Reference value :  1.38439e-05
 Reference value :  1.38752e-05
 Reference value :  1.38775e-05
 Reference value :  1.39063e-05
 Reference value :  1.39375e-05
 Reference value :  1.39436e-05
 Reference value :  1.39702e-05
 Reference value :  1.40013e-05
 Reference value :  1.40032e-05
 Reference value :  1.40314e-05
 Reference value :  1.40627e-05
 Reference value :  1.40938e-05
 Reference value :  1.40945e-05
 Reference value :  1.41255e-05
 Reference value :  1.41564e-05
 Reference value :  1.41876e-05
 Reference value :  1.41901e-05
 Reference value :  1.42190e-05
 Reference value :  1.42502e-05
 Reference value :  1.42529e-05
 Reference value :  1.42813e-05
 Reference value :  1.43102e-05
 Reference value :  1.43148e-05
 Reference value :  1.43411e-05
 Reference value :  1.43492e-05
 Reference value :  1.43758e-05
 Reference value :  1.43814e-05
 Reference value :  1.44065e-05
 Reference value :  1.44376e-05
 Reference value :  1.44399e-05
 Reference value :  1.44688e-05
 Reference value :  1.44957e-05
 Reference value :  1.45025e-05
 Reference value :  1.45313e-05
 Reference value :  1.45320e-05
 Reference value :  1.45630e-05
 Reference value :  1.45657e-05
 Reference value :  1.45940e-05
 Reference value :  1.46252e-05
 Reference value :  1.46280e-05
 Reference value :  1.46566e-05
 Reference value :  1.46876e-05
 Reference value :  1.46898e-05
 Reference value :  1.47188e-05
 Reference value :  1.47323e-05
 Reference value :  1.47523e-05
 Reference value :  1.47813e-05
 Reference value :  1.47819e-05
 Reference value :  1.48128e-05
 Reference value :  1.48152e-05
 Reference value :  1.48442e-05
 Reference value :  1.48752e-05
 Reference value :  1.48776e-05
 Reference value :  1.49064e-05
 Reference value :  1.49379e-05
 Reference value :  1.49688e-05
 Reference value :  1.50001e-05
 Reference value :  1.50024e-05
 Reference value :  1.50031e-05
 Reference value :  1.50317e-05
 Reference value :  1.50650e-05
 Reference value :  1.50943e-05
 Reference value :  1.51253e-05
 Reference value :  1.51565e-05
 Reference value :  1.51877e-05
 Reference value :  1.51905e-05
 Reference value :  1.52191e-05
 Reference value :  1.52504e-05
 Reference value :  1.52530e-05
 Reference value :  1.52815e-05
 Reference value :  1.53129e-05
 Reference value :  1.53305e-05
 Reference value :  1.53446e-05
 Reference value :  1.53756e-05
 Reference value :  1.53799e-05
 Reference value :  1.54067e-05
 Reference value :  1.54377e-05
 Reference value :  1.54401e-05
 Reference value :  1.54689e-05
 Reference value :  1.55002e-05
 Reference value :  1.55026e-05
 Reference value :  1.55315e-05
 Reference value :  1.55627e-05
 Reference value :  1.55653e-05
 Reference value :  1.55943e-05
 Reference value :  1.56254e-05
 Reference value :  1.56277e-05
 Reference value :  1.56565e-05
 Reference value :  1.56876e-05
 Reference value :  1.56900e-05
 Reference value :  1.57190e-05
 Reference value :  1.57501e-05
 Reference value :  1.57526e-05
 Reference value :  1.57816e-05
 Reference value :  1.58127e-05
 Reference value :  1.58151e-05
 Reference value :  1.58441e-05
 Reference value :  1.58751e-05
 Reference value :  1.58774e-05
 Reference value :  1.59063e-05
 Reference value :  1.59087e-05
 Reference value :  1.59386e-05
 Reference value :  1.59690e-05
 Reference value :  1.60002e-05
 Reference value :  1.60026e-05
 Reference value :  1.60053e-05
 Reference value :  1.60316e-05
 Reference value :  1.60628e-05
 Reference value :  1.60939e-05
 Reference value :  1.60957e-05
 Reference value :  1.61256e-05
 Reference value :  1.61566e-05
 Reference value :  1.61877e-05
 Reference value :  1.61904e-05
 Reference value :  1.62192e-05
 Reference value :  1.62505e-05
 Reference value :  1.62532e-05
 Reference value :  1.62817e-05
 Reference value :  1.63129e-05
 Reference value :  1.63208e-05
 Reference value :  1.63444e-05
 Reference value :  1.63755e-05
 Reference value :  1.63785e-05
 Reference value :  1.64064e-05
 Reference value :  1.64375e-05
 Reference value :  1.64398e-05
 Reference value :  1.64538e-05
 Reference value :  1.64693e-05
 Reference value :  1.65002e-05
 Reference value :  1.65026e-05
 Reference value :  1.65314e-05
 Reference value :  1.65627e-05
 Reference value :  1.65651e-05
 Reference value :  1.65939e-05
 Reference value :  1.66252e-05
 Reference value :  1.66282e-05
 Reference value :  1.66568e-05
 Reference value :  1.66877e-05
 Reference value :  1.66901e-05
 Reference value :  1.67189e-05
 Reference value :  1.67500e-05
 Reference value :  1.67522e-05
 Reference value :  1.67794e-05
 Reference value :  1.67819e-05
 Reference value :  1.68129e-05
 Reference value :  1.68158e-05
 Reference value :  1.68442e-05
 Reference value :  1.68752e-05
 Reference value :  1.68776e-05
 Reference value :  1.69063e-05
 Reference value :  1.69085e-05
 Reference value :  1.69381e-05
 Reference value :  1.69689e-05
 Reference value :  1.70002e-05
 Reference value :  1.70025e-05
 Reference value :  1.70042e-05
 Reference value :  1.70315e-05
 Reference value :  1.70627e-05
 Reference value :  1.70938e-05
 Reference value :  1.70964e-05
 Reference value :  1.71256e-05
 Reference value :  1.71566e-05
 Reference value :  1.71879e-05
 Reference value :  1.72004e-05
 Reference value :  1.72198e-05
 Reference value :  1.72507e-05
 Reference value :  1.72538e-05
 Reference value :  1.72818e-05
 Reference value :  1.73134e-05
 Reference value :  1.73328e-05
 Reference value :  1.73447e-05
 Reference value :  1.73756e-05
 Reference value :  1.73849e-05
 Reference value :  1.74069e-05
 Reference value :  1.74398e-05
 Reference value :  1.74688e-05
 Reference value :  1.74695e-05
 Reference value :  1.75005e-05
 Reference value :  1.75034e-05
 Reference value :  1.75317e-05
 Reference value :  1.75629e-05
 Reference value :  1.75653e-05
 Reference value :  1.75941e-05
 Reference value :  1.76250e-05
 Reference value :  1.76273e-05
 Reference value :  1.76563e-05
 Reference value :  1.76876e-05
 Reference value :  1.76899e-05
 Reference value :  1.77188e-05
 Reference value :  1.77489e-05
 Reference value :  1.77523e-05
 Reference value :  1.77815e-05
 Reference value :  1.78129e-05
 Reference value :  1.78158e-05
 Reference value :  1.78443e-05
 Reference value :  1.78755e-05
 Reference value :  1.78778e-05
 Reference value :  1.79064e-05
 Reference value :  1.79375e-05
 Reference value :  1.79409e-05
 Reference value :  1.79695e-05
 Reference value :  1.80007e-05
 Reference value :  1.80028e-05
 Reference value :  1.80313e-05
 Reference value :  1.80593e-05
 Reference value :  1.80803e-05
 Reference value :  1.80944e-05
 Reference value :  1.81254e-05
 Reference value :  1.81564e-05
 Reference value :  1.81876e-05
 Reference value :  1.81901e-05
 Reference value :  1.82189e-05
 Reference value :  1.82502e-05
 Reference value :  1.82529e-05
 Reference value :  1.82813e-05
 Reference value :  1.83126e-05
 Reference value :  1.83150e-05
 Reference value :  1.83438e-05
 Reference value :  1.83709e-05
 Reference value :  1.83774e-05
 Reference value :  1.84063e-05
 Reference value :  1.84343e-05
 Reference value :  1.84398e-05
 Reference value :  1.84675e-05
 Reference value :  1.84694e-05
 Reference value :  1.85006e-05
 Reference value :  1.85097e-05
 Reference value :  1.85318e-05
 Reference value :  1.85627e-05
 Reference value :  1.85651e-05
 Reference value :  1.85939e-05
 Reference value :  1.86161e-05
 Reference value :  1.86273e-05
 Reference value :  1.86497e-05
 Reference value :  1.86570e-05
 Reference value :  1.86878e-05
 Reference value :  1.86902e-05
 Reference value :  1.87190e-05
 Reference value :  1.87501e-05
 Reference value :  1.87524e-05
 Reference value :  1.87813e-05
 Reference value :  1.88098e-05
 Reference value :  1.88149e-05
 Reference value :  1.88439e-05
 Reference value :  1.88754e-05
 Reference value :  1.88794e-05
 Reference value :  1.89068e-05
 Reference value :  1.89380e-05
 Reference value :  1.89690e-05
 Reference value :  1.90007e-05
 Reference value :  1.90029e-05
 Reference value :  1.90313e-05
 Reference value :  1.90626e-05
 Reference value :  1.90938e-05
 Reference value :  1.91251e-05
 Reference value :  1.91563e-05
 Reference value :  1.91876e-05
 Reference value :  1.91902e-05
 Reference value :  1.92193e-05
 Reference value :  1.92508e-05
 Reference value :  1.92682e-05
 Reference value :  1.93068e-05
 Reference value :  1.93151e-05
 Reference value :  1.93440e-05
 Reference value :  1.93753e-05
 Reference value :  1.93777e-05
 Reference value :  1.94064e-05
 Reference value :  1.94379e-05
 Reference value :  1.94412e-05
 Reference value :  1.94691e-05
 Reference value :  1.95001e-05
 Reference value :  1.95025e-05
 Reference value :  1.95313e-05
 Reference value :  1.95535e-05
 Reference value :  1.95650e-05
 Reference value :  1.95939e-05
 Reference value :  1.96276e-05
 Reference value :  1.96876e-05
 Reference value :  1.97188e-05
 Reference value :  1.97501e-05
 Reference value :  1.97525e-05
 Reference value :  1.97814e-05
 Reference value :  1.98034e-05
 Reference value :  1.98148e-05
 Reference value :  1.98438e-05
 Reference value :  1.98731e-05
 Reference value :  1.98774e-05
 Reference value :  1.99063e-05
 Reference value :  1.99072e-05
 Reference value :  1.99381e-05
 Reference value :  1.99689e-05
 Reference value :  2.00002e-05
 Reference value :  2.00027e-05
 Reference value :  2.00231e-05
 Reference value :  2.00324e-05
 Reference value :  2.00632e-05
 Reference value :  2.00941e-05
 Reference value :  2.01252e-05
 Reference value :  2.01563e-05
 Reference value :  2.01576e-05
 Reference value :  2.01881e-05
 Reference value :  2.02074e-05
 Reference value :  2.02201e-05
 Reference value :  2.02509e-05
 Reference value :  2.02556e-05
 Reference value :  2.02818e-05
 Reference value :  2.03129e-05
 Reference value :  2.03153e-05
 Reference value :  2.03440e-05
 Reference value :  2.03752e-05
 Reference value :  2.03775e-05
 Reference value :  2.04063e-05
 Reference value :  2.04331e-05
 Reference value :  2.04397e-05
 Reference value :  2.04462e-05
 Reference value :  2.04693e-05
 Reference value :  2.05004e-05
 Reference value :  2.05047e-05
 Reference value :  2.05315e-05
 Reference value :  2.05626e-05
 Reference value :  2.05649e-05
 Reference value :  2.05938e-05
 Reference value :  2.05950e-05
 Reference value :  2.06273e-05
 Reference value :  2.06563e-05
 Reference value :  2.06570e-05
 Reference value :  2.06879e-05
 Reference value :  2.06902e-05
 Reference value :  2.07189e-05
 Reference value :  2.07423e-05
 Reference value :  2.07523e-05
 Reference value :  2.07704e-05
 Reference value :  2.07819e-05
 Reference value :  2.08127e-05
 Reference value :  2.08150e-05
 Reference value :  2.08439e-05
 Reference value :  2.08694e-05
 Reference value :  2.08773e-05
 Reference value :  2.08805e-05
 Reference value :  2.09075e-05
 Reference value :  2.09381e-05
 Reference value :  2.09689e-05
 Reference value :  2.10001e-05
 Reference value :  2.10024e-05
 Reference value :  2.10032e-05
 Reference value :  2.10314e-05
 Reference value :  2.10627e-05
 Reference value :  2.10938e-05
 Reference value :  2.11050e-05
 Reference value :  2.11274e-05
 Reference value :  2.11568e-05
 Reference value :  2.11877e-05
 Reference value :  2.11901e-05
 Reference value :  2.12190e-05
 Reference value :  2.12502e-05
 Reference value :  2.12530e-05
 Reference value :  2.12813e-05
 Reference value :  2.13126e-05
 Reference value :  2.13150e-05
 Reference value :  2.13439e-05
 Reference value :  2.13751e-05
 Reference value :  2.13775e-05
 Reference value :  2.14063e-05
 Reference value :  2.14375e-05
 Reference value :  2.14400e-05
 Reference value :  2.14689e-05
 Reference value :  2.15001e-05
 Reference value :  2.15026e-05
 Reference value :  2.15313e-05
 Reference value :  2.15331e-05
 Reference value :  2.15631e-05
 Reference value :  2.15665e-05
 Reference value :  2.15943e-05
 Reference value :  2.16255e-05
 Reference value :  2.16427e-05
 Reference value :  2.16569e-05
 Reference value :  2.16878e-05
 Reference value :  2.16901e-05
 Reference value :  2.17193e-05
 Reference value :  2.17506e-05
 Reference value :  2.17813e-05
 Reference value :  2.18126e-05
 Reference value :  2.18151e-05
 Reference value :  2.18439e-05
 Reference value :  2.18553e-05
 Reference value :  2.18773e-05
 Reference value :  2.19063e-05
 Reference value :  2.19069e-05
 Reference value :  2.19381e-05
 Reference value :  2.19690e-05
 Reference value :  2.20003e-05
 Reference value :  2.20029e-05
 Reference value :  2.20314e-05
 Reference value :  2.20628e-05
 Reference value :  2.20939e-05
 Reference value :  2.21251e-05
 Reference value :  2.21563e-05
 Reference value :  2.21875e-05
 Reference value :  2.21900e-05
 Reference value :  2.22189e-05
 Reference value :  2.22289e-05
 Reference value :  2.22509e-05
 Reference value :  2.22537e-05
 Reference value :  2.22818e-05
 Reference value :  2.23130e-05
 Reference value :  2.23171e-05
 Reference value :  2.23440e-05
 Reference value :  2.23752e-05
 Reference value :  2.23775e-05
 Reference value :  2.24063e-05
 Reference value :  2.24113e-05
 Reference value :  2.24382e-05
 Reference value :  2.24415e-05
 Reference value :  2.24690e-05
 Reference value :  2.25004e-05
 Reference value :  2.25031e-05
 Reference value :  2.25315e-05
 Reference value :  2.25632e-05
 Reference value :  2.25939e-05
 Reference value :  2.26252e-05
 Reference value :  2.26276e-05
 Reference value :  2.26564e-05
 Reference value :  2.26876e-05
 Reference value :  2.26900e-05
 Reference value :  2.27188e-05
 Reference value :  2.27500e-05
 Reference value :  2.27524e-05
 Reference value :  2.27813e-05
 Reference value :  2.28063e-05
 Reference value :  2.28148e-05
 Reference value :  2.28438e-05
 Reference value :  2.28750e-05
 Reference value :  2.28773e-05
 Reference value :  2.29063e-05
 Reference value :  2.29144e-05
 Reference value :  2.29388e-05
 Reference value :  2.29690e-05
 Reference value :  2.30005e-05
 Reference value :  2.30028e-05
 Reference value :  2.30313e-05
 Reference value :  2.30627e-05
 Reference value :  2.30938e-05
 Reference value :  2.31251e-05
 Reference value :  2.31564e-05
 Reference value :  2.31877e-05
 Reference value :  2.31952e-05
 Reference value :  2.32195e-05
 Reference value :  2.32505e-05
 Reference value :  2.32654e-05
 Reference value :  2.33014e-05
 Reference value :  2.33150e-05
 Reference value :  2.33439e-05
 Reference value :  2.33752e-05
 Reference value :  2.33834e-05
 Reference value :  2.34069e-05
 Reference value :  2.34382e-05
 Reference value :  2.34470e-05
 Reference value :  2.34694e-05
 Reference value :  2.35008e-05
 Reference value :  2.35269e-05
 Reference value :  2.35319e-05
 Reference value :  2.35630e-05
 Reference value :  2.35773e-05
 Reference value :  2.35945e-05
 Reference value :  2.36258e-05
 Reference value :  2.36563e-05
 Reference value :  2.36875e-05
 Reference value :  2.36901e-05
 Reference value :  2.37190e-05
 Reference value :  2.37504e-05
 Reference value :  2.37738e-05
 Reference value :  2.37884e-05
 Reference value :  2.38149e-05
 Reference value :  2.38439e-05
 Reference value :  2.38750e-05
 Reference value :  2.38775e-05
 Reference value :  2.39064e-05
 Reference value :  2.39377e-05
 Reference value :  2.39688e-05
 Reference value :  2.40001e-05
 Reference value :  2.40027e-05
 Reference value :  2.40313e-05
 Reference value :  2.40563e-05
 Reference value :  2.40938e-05
 Reference value :  2.41169e-05
 Reference value :  2.41563e-05
 Reference value :  2.41876e-05
 Reference value :  2.41901e-05
 Reference value :  2.42193e-05
 Reference value :  2.42511e-05
 Reference value :  2.42567e-05
 Reference value :  2.42818e-05
 Reference value :  2.43128e-05
 Reference value :  2.43154e-05
 Reference value :  2.43440e-05
 Reference value :  2.43752e-05
 Reference value :  2.43777e-05
 Reference value :  2.44064e-05
 Reference value :  2.44377e-05
 Reference value :  2.44402e-05
 Reference value :  2.44689e-05
 Reference value :  2.45004e-05
 Reference value :  2.45030e-05
 Reference value :  2.45314e-05
 Reference value :  2.45594e-05
 Reference value :  2.45648e-05
 Reference value :  2.45927e-05
 Reference value :  2.45948e-05
 Reference value :  2.46256e-05
 Reference value :  2.46281e-05
 Reference value :  2.46565e-05
 Reference value :  2.46877e-05
 Reference value :  2.46904e-05
 Reference value :  2.47192e-05
 Reference value :  2.47502e-05
 Reference value :  2.47529e-05
 Reference value :  2.47817e-05
 Reference value :  2.48127e-05
 Reference value :  2.48150e-05
 Reference value :  2.48440e-05
 Reference value :  2.48754e-05
 Reference value :  2.48780e-05
 Reference value :  2.49067e-05
 Reference value :  2.49377e-05
 Reference value :  2.49689e-05
 Reference value :  2.50001e-05
 Reference value :  2.50026e-05
 Reference value :  2.50143e-05
 Reference value :  2.50443e-05
 Reference value :  2.50938e-05
 Reference value :  2.51250e-05
 Reference value :  2.51563e-05
 Reference value :  2.51634e-05
 Reference value :  2.51898e-05
 Reference value :  2.52189e-05
 Reference value :  2.52501e-05
 Reference value :  2.52529e-05
 Reference value :  2.52814e-05
 Reference value :  2.53125e-05
 Reference value :  2.53149e-05
 Reference value :  2.53439e-05
 Reference value :  2.53751e-05
 Reference value :  2.53775e-05
 Reference value :  2.54064e-05
 Reference value :  2.54377e-05
 Reference value :  2.54401e-05
 Reference value :  2.54690e-05
 Reference value :  2.55002e-05
 Reference value :  2.55029e-05
 Reference value :  2.55315e-05
 Reference value :  2.55627e-05
 Reference value :  2.55652e-05
 Reference value :  2.55939e-05
 Reference value :  2.56250e-05
 Reference value :  2.56273e-05
 Reference value :  2.56516e-05
 Reference value :  2.56569e-05
 Reference value :  2.56877e-05
 Reference value :  2.56901e-05
 Reference value :  2.57189e-05
 Reference value :  2.57196e-05
 Reference value :  2.57501e-05
 Reference value :  2.57525e-05
 Reference value :  2.57814e-05
 Reference value :  2.57839e-05
 Reference value :  2.58129e-05
 Reference value :  2.58149e-05
 Reference value :  2.58438e-05
 Reference value :  2.58533e-05
 Reference value :  2.58757e-05
 Reference value :  2.58778e-05
 Reference value :  2.59064e-05
 Reference value :  2.59095e-05
 Reference value :  2.59382e-05
 Reference value :  2.59690e-05
 Reference value :  2.60003e-05
 Reference value :  2.60028e-05
 Reference value :  2.60313e-05
 Reference value :  2.60627e-05
 Reference value :  2.60939e-05
 Reference value :  2.61252e-05
 Reference value :  2.61564e-05
 Reference value :  2.61875e-05
 Reference value :  2.61900e-05
 Reference value :  2.62190e-05
 Reference value :  2.62503e-05
 Reference value :  2.62530e-05
 Reference value :  2.62813e-05
 Reference value :  2.62974e-05
 Reference value :  2.63135e-05
 Reference value :  2.63226e-05
 Reference value :  2.63440e-05
 Reference value :  2.63757e-05
 Reference value :  2.63928e-05
 Reference value :  2.64311e-05
 Reference value :  2.64398e-05
 Reference value :  2.64688e-05
 Reference value :  2.65001e-05
 Reference value :  2.65026e-05
 Reference value :  2.65314e-05
 Reference value :  2.65325e-05
 Reference value :  2.65634e-05
 Reference value :  2.65651e-05
 Reference value :  2.65938e-05
 Reference value :  2.66028e-05
 Reference value :  2.66263e-05
 Reference value :  2.66381e-05
 Reference value :  2.66565e-05
 Reference value :  2.66572e-05
 Reference value :  2.66880e-05
 Reference value :  2.67019e-05
 Reference value :  2.67192e-05
 Reference value :  2.67216e-05
 Reference value :  2.67505e-05
 Reference value :  2.67798e-05
 Reference value :  2.68067e-05
 Reference value :  2.68152e-05
 Reference value :  2.68444e-05
 Reference value :  2.68755e-05
 Reference value :  2.68788e-05
 Reference value :  2.69065e-05
 Reference value :  2.69375e-05
 Reference value :  2.69396e-05
 Reference value :  2.69689e-05
 Reference value :  2.70002e-05
 Reference value :  2.70026e-05
 Reference value :  2.70263e-05
 Reference value :  2.70626e-05
 Reference value :  2.70939e-05
 Reference value :  2.71250e-05
 Reference value :  2.71390e-05
 Reference value :  2.71568e-05
 Reference value :  2.71880e-05
 Reference value :  2.71906e-05
 Reference value :  2.72190e-05
 Reference value :  2.72502e-05
 Reference value :  2.72529e-05
 Reference value :  2.72783e-05
 Reference value :  2.72814e-05
 Reference value :  2.73125e-05
 Reference value :  2.73151e-05
 Reference value :  2.73441e-05
 Reference value :  2.73755e-05
 Reference value :  2.73804e-05
 Reference value :  2.74234e-05
 Reference value :  2.74398e-05
 Reference value :  2.74688e-05
 Reference value :  2.74696e-05
 Reference value :  2.75005e-05
 Reference value :  2.75025e-05
 Reference value :  2.75313e-05
 Reference value :  2.75316e-05
 Reference value :  2.75630e-05
 Reference value :  2.75938e-05
 Reference value :  2.76251e-05
 Reference value :  2.76309e-05
 Reference value :  2.76876e-05
 Reference value :  2.76891e-05
 Reference value :  2.77091e-05
 Reference value :  2.77193e-05
 Reference value :  2.77282e-05
 Reference value :  2.77503e-05
 Reference value :  2.77528e-05
 Reference value :  2.77819e-05
 Reference value :  2.78136e-05
 Reference value :  2.78439e-05
 Reference value :  2.78752e-05
 Reference value :  2.78777e-05
 Reference value :  2.79065e-05
 Reference value :  2.79378e-05
 Reference value :  2.79689e-05
 Reference value :  2.80001e-05
 Reference value :  2.80026e-05
 Reference value :  2.80313e-05
 Reference value :  2.80626e-05
 Reference value :  2.80940e-05
 Reference value :  2.81255e-05
 Reference value :  2.81566e-05
 Reference value :  2.81880e-05
 Reference value :  2.82188e-05
 Reference value :  2.82501e-05
 Reference value :  2.82538e-05
 Reference value :  2.82819e-05
 Reference value :  2.83137e-05
 Reference value :  2.83438e-05
 Reference value :  2.83750e-05
 Reference value :  2.83775e-05
 Reference value :  2.84064e-05
 Reference value :  2.84382e-05
 Reference value :  2.84688e-05
 Reference value :  2.84850e-05
 Reference value :  2.85023e-05
 Reference value :  2.85313e-05
 Reference value :  2.85355e-05
 Reference value :  2.85648e-05
 Reference value :  2.85938e-05
 Reference value :  2.86252e-05
 Reference value :  2.86309e-05
 Reference value :  2.86573e-05
 Reference value :  2.86898e-05
 Reference value :  2.87189e-05
 Reference value :  2.87371e-05
 Reference value :  2.87525e-05
 Reference value :  2.87817e-05
 Reference value :  2.88129e-05
 Reference value :  2.88254e-05
 Reference value :  2.88588e-05
 Reference value :  2.88774e-05
 Reference value :  2.89063e-05
 Reference value :  2.89375e-05
 Reference value :  2.89671e-05
 Reference value :  2.89976e-05
 Reference value :  2.90025e-05
 Reference value :  2.90313e-05
 Reference value :  2.90626e-05
 Reference value :  2.90938e-05
 Reference value :  2.91252e-05
 Reference value :  2.91565e-05
 Reference value :  2.91882e-05
 Reference value :  2.92188e-05
 Reference value :  2.92500e-05
 Reference value :  2.92528e-05
 Reference value :  2.92641e-05
 Reference value :  2.92814e-05
 Reference value :  2.92822e-05
 Reference value :  2.93128e-05
 Reference value :  2.93153e-05
 Reference value :  2.93631e-05
 Reference value :  2.93776e-05
 Reference value :  2.94067e-05
 Reference value :  2.94380e-05
 Reference value :  2.94688e-05
 Reference value :  2.94696e-05
 Reference value :  2.95008e-05
 Reference value :  2.95181e-05
 Reference value :  2.95463e-05
 Reference value :  2.95632e-05
 Reference value :  2.95655e-05
 Reference value :  2.95944e-05
 Reference value :  2.96254e-05
 Reference value :  2.96538e-05
 Reference value :  2.96605e-05
 Reference value :  2.96898e-05
 Reference value :  2.97188e-05
 Reference value :  2.97211e-05
 Reference value :  2.97523e-05
 Reference value :  2.97813e-05
 Reference value :  2.97820e-05
 Reference value :  2.98147e-05
 Reference value :  2.98440e-05
 Reference value :  2.98752e-05
 Reference value :  2.98775e-05
 Reference value :  2.99064e-05
 Reference value :  2.99379e-05
 Reference value :  2.99690e-05
 Reference value :  3.00007e-05
 Reference value :  3.00029e-05
 Reference value :  3.00314e-05
 Reference value :  3.00629e-05
 Reference value :  3.00940e-05
 Reference value :  3.01257e-05
 Reference value :  3.01569e-05
 Reference value :  3.01899e-05
 Reference value :  3.02188e-05
 Reference value :  3.02502e-05
 Reference value :  3.02533e-05
 Reference value :  3.03125e-05
 Reference value :  3.03155e-05
 Reference value :  3.03448e-05
 Reference value :  3.03759e-05
 Reference value :  3.03830e-05
 Reference value :  3.04068e-05
 Reference value :  3.04381e-05
 Reference value :  3.04448e-05
 Reference value :  3.04693e-05
 Reference value :  3.05006e-05
 Reference value :  3.05080e-05
 Reference value :  3.05370e-05
 Reference value :  3.05648e-05
 Reference value :  3.05938e-05
 Reference value :  3.05949e-05
 Reference value :  3.06260e-05
 Reference value :  3.06563e-05
 Reference value :  3.06683e-05
 Reference value :  3.06898e-05
 Reference value :  3.07188e-05
 Reference value :  3.07501e-05
 Reference value :  3.07527e-05
 Reference value :  3.07816e-05
 Reference value :  3.08133e-05
 Reference value :  3.08438e-05
 Reference value :  3.08751e-05
 Reference value :  3.08778e-05
 Reference value :  3.09065e-05
 Reference value :  3.09377e-05
 Reference value :  3.09688e-05
 Reference value :  3.10001e-05
 Reference value :  3.10025e-05
 Reference value :  3.10314e-05
 Reference value :  3.10629e-05
 Reference value :  3.10941e-05
 Reference value :  3.11259e-05
 Reference value :  3.11604e-05
 Reference value :  3.11898e-05
 Reference value :  3.12190e-05
 Reference value :  3.12505e-05
 Reference value :  3.12546e-05
 Reference value :  3.12819e-05
 Reference value :  3.13134e-05
 Reference value :  3.13438e-05
 Reference value :  3.13751e-05
 Reference value :  3.13777e-05
 Reference value :  3.14067e-05
 Reference value :  3.14380e-05
 Reference value :  3.14572e-05
 Reference value :  3.14696e-05
 Reference value :  3.15012e-05
 Reference value :  3.15313e-05
 Reference value :  3.15334e-05
 Reference value :  3.15648e-05
 Reference value :  3.15938e-05
 Reference value :  3.16251e-05
 Reference value :  3.16276e-05
 Reference value :  3.16565e-05
 Reference value :  3.16877e-05
 Reference value :  3.16904e-05
 Reference value :  3.17194e-05
 Reference value :  3.17523e-05
 Reference value :  3.17814e-05
 Reference value :  3.18127e-05
 Reference value :  3.18255e-05
 Reference value :  3.18448e-05
 Reference value :  3.18774e-05
 Reference value :  3.19063e-05
 Reference value :  3.19377e-05
 Reference value :  3.19689e-05
 Reference value :  3.20006e-05
 Reference value :  3.20029e-05
 Reference value :  3.20316e-05
 Reference value :  3.20631e-05
 Reference value :  3.20944e-05
 Reference value :  3.21351e-05
 Reference value :  3.21772e-05
 Reference value :  3.21900e-05
 Reference value :  3.22190e-05
 Reference value :  3.22507e-05
 Reference value :  3.22802e-05
 Reference value :  3.22820e-05
 Reference value :  3.23133e-05
 Reference value :  3.23438e-05
 Reference value :  3.23751e-05
 Reference value :  3.23777e-05
 Reference value :  3.24065e-05
 Reference value :  3.24377e-05
 Reference value :  3.24412e-05
 Reference value :  3.24701e-05
 Reference value :  3.25023e-05
 Reference value :  3.25313e-05
 Reference value :  3.25625e-05
 Reference value :  3.25651e-05
 Reference value :  3.25939e-05
 Reference value :  3.26251e-05
 Reference value :  3.26276e-05
 Reference value :  3.26566e-05
 Reference value :  3.26877e-05
 Reference value :  3.26905e-05
 Reference value :  3.27194e-05
 Reference value :  3.27510e-05
 Reference value :  3.27814e-05
 Reference value :  3.28125e-05
 Reference value :  3.28151e-05
 Reference value :  3.28442e-05
 Reference value :  3.28757e-05
 Reference value :  3.28932e-05
 Reference value :  3.29069e-05
 Reference value :  3.29384e-05
 Reference value :  3.29691e-05
 Reference value :  3.30007e-05
 Reference value :  3.30029e-05
 Reference value :  3.30315e-05
 Reference value :  3.30632e-05
 Reference value :  3.30968e-05
 Reference value :  3.31563e-05
 Reference value :  3.31876e-05
 Reference value :  3.31902e-05
 Reference value :  3.32194e-05
 Reference value :  3.32527e-05
 Reference value :  3.32813e-05
 Reference value :  3.32832e-05
 Reference value :  3.33149e-05
 Reference value :  3.33439e-05
 Reference value :  3.33757e-05
 Reference value :  3.34063e-05
 Reference value :  3.34376e-05
 Reference value :  3.34401e-05
 Reference value :  3.34690e-05
 Reference value :  3.35007e-05
 Reference value :  3.35270e-05
 Reference value :  3.35626e-05
 Reference value :  3.35651e-05
 Reference value :  3.35941e-05
 Reference value :  3.36257e-05
 Reference value :  3.36563e-05
 Reference value :  3.36877e-05
 Reference value :  3.36914e-05
 Reference value :  3.37195e-05
 Reference value :  3.37510e-05
 Reference value :  3.37813e-05
 Reference value :  3.37846e-05
 Reference value :  3.38148e-05
 Reference value :  3.38440e-05
 Reference value :  3.38753e-05
 Reference value :  3.38789e-05
 Reference value :  3.39069e-05
 Reference value :  3.39400e-05
 Reference value :  3.40001e-05
 Reference value :  3.40027e-05
 Reference value :  3.40313e-05
 Reference value :  3.40628e-05
 Reference value :  3.40940e-05
 Reference value :  3.41256e-05
 Reference value :  3.41569e-05
 Reference value :  3.41898e-05
 Reference value :  3.42188e-05
 Reference value :  3.42504e-05
 Reference value :  3.42580e-05
 Reference value :  3.42819e-05
 Reference value :  3.43140e-05
 Reference value :  3.43438e-05
 Reference value :  3.43634e-05
 Reference value :  3.43775e-05
 Reference value :  3.44064e-05
 Reference value :  3.44377e-05
 Reference value :  3.44409e-05
 Reference value :  3.44693e-05
 Reference value :  3.45009e-05
 Reference value :  3.45177e-05
 Reference value :  3.45319e-05
 Reference value :  3.45629e-05
 Reference value :  3.45676e-05
 Reference value :  3.45943e-05
 Reference value :  3.46255e-05
 Reference value :  3.46296e-05
 Reference value :  3.46573e-05
 Reference value :  3.46898e-05
 Reference value :  3.47188e-05
 Reference value :  3.47500e-05
 Reference value :  3.47525e-05
 Reference value :  3.47814e-05
 Reference value :  3.48097e-05
 Reference value :  3.48150e-05
 Reference value :  3.48439e-05
 Reference value :  3.48449e-05
 Reference value :  3.48773e-05
 Reference value :  3.49063e-05
 Reference value :  3.49365e-05
 Reference value :  3.49386e-05
 Reference value :  3.49690e-05
 Reference value :  3.50021e-05
 Reference value :  3.50051e-05
 Reference value :  3.50406e-05
 Reference value :  3.50784e-05
 Reference value :  3.50949e-05
 Reference value :  3.51261e-05
 Reference value :  3.51565e-05
 Reference value :  3.51879e-05
 Reference value :  3.52188e-05
 Reference value :  3.52502e-05
 Reference value :  3.52530e-05
 Reference value :  3.52817e-05
 Reference value :  3.53130e-05
 Reference value :  3.53438e-05
 Reference value :  3.53750e-05
 Reference value :  3.53799e-05
 Reference value :  3.54075e-05
 Reference value :  3.54391e-05
 Reference value :  3.54600e-05
 Reference value :  3.54695e-05
 Reference value :  3.55005e-05
 Reference value :  3.55030e-05
 Reference value :  3.55315e-05
 Reference value :  3.55627e-05
 Reference value :  3.55654e-05
 Reference value :  3.55940e-05
 Reference value :  3.56252e-05
 Reference value :  3.56320e-05
 Reference value :  3.56570e-05
 Reference value :  3.56897e-05
 Reference value :  3.57188e-05
 Reference value :  3.57400e-05
 Reference value :  3.57525e-05
 Reference value :  3.57815e-05
 Reference value :  3.58127e-05
 Reference value :  3.58274e-05
 Reference value :  3.58449e-05
 Reference value :  3.58773e-05
 Reference value :  3.59063e-05
 Reference value :  3.59376e-05
 Reference value :  3.59689e-05
 Reference value :  3.60004e-05
 Reference value :  3.60029e-05
 Reference value :  3.60316e-05
 Reference value :  3.60744e-05
 Reference value :  3.61250e-05
 Reference value :  3.61564e-05
 Reference value :  3.61880e-05
 Reference value :  3.62188e-05
 Reference value :  3.62504e-05
 Reference value :  3.62749e-05
 Reference value :  3.62894e-05
 Reference value :  3.63149e-05
 Reference value :  3.63439e-05
 Reference value :  3.63751e-05
 Reference value :  3.63777e-05
 Reference value :  3.64066e-05
 Reference value :  3.64378e-05
 Reference value :  3.64415e-05
 Reference value :  3.64693e-05
 Reference value :  3.65005e-05
 Reference value :  3.65139e-05
 Reference value :  3.65570e-05
 Reference value :  3.65651e-05
 Reference value :  3.65940e-05
 Reference value :  3.66257e-05
 Reference value :  3.66563e-05
 Reference value :  3.66877e-05
 Reference value :  3.66920e-05
 Reference value :  3.67196e-05
 Reference value :  3.67512e-05
 Reference value :  3.67813e-05
 Reference value :  3.68127e-05
 Reference value :  3.68156e-05
 Reference value :  3.68444e-05
 Reference value :  3.68755e-05
 Reference value :  3.68814e-05
 Reference value :  3.69068e-05
 Reference value :  3.69382e-05
 Reference value :  3.69693e-05
 Reference value :  3.70021e-05
 Reference value :  3.70033e-05
 Reference value :  3.70322e-05
 Reference value :  3.70904e-05
 Reference value :  3.71251e-05
 Reference value :  3.71563e-05
 Reference value :  3.71877e-05
 Reference value :  3.72071e-05
 Reference value :  3.72501e-05
 Reference value :  3.72530e-05
 Reference value :  3.72815e-05
 Reference value :  3.73127e-05
 Reference value :  3.73257e-05
 Reference value :  3.73444e-05
 Reference value :  3.73773e-05
 Reference value :  3.74063e-05
 Reference value :  3.74381e-05
 Reference value :  3.74688e-05
 Reference value :  3.74985e-05
 Reference value :  3.75026e-05
 Reference value :  3.75317e-05
 Reference value :  3.75630e-05
 Reference value :  3.75902e-05
 Reference value :  3.76144e-05
 Reference value :  3.76275e-05
 Reference value :  3.76567e-05
 Reference value :  3.76898e-05
 Reference value :  3.77189e-05
 Reference value :  3.77504e-05
 Reference value :  3.77813e-05
 Reference value :  3.78127e-05
 Reference value :  3.78373e-05
 Reference value :  3.78451e-05
 Reference value :  3.78773e-05
 Reference value :  3.79063e-05
 Reference value :  3.79377e-05
 Reference value :  3.79689e-05
 Reference value :  3.80007e-05
 Reference value :  3.80030e-05
 Reference value :  3.80319e-05
 Reference value :  3.80824e-05
 Reference value :  3.81251e-05
 Reference value :  3.81565e-05
 Reference value :  3.81881e-05
 Reference value :  3.82189e-05
 Reference value :  3.82508e-05
 Reference value :  3.82813e-05
 Reference value :  3.83126e-05
 Reference value :  3.83152e-05
 Reference value :  3.83443e-05
 Reference value :  3.83760e-05
 Reference value :  3.84063e-05
 Reference value :  3.84380e-05
 Reference value :  3.84687e-05
 Reference value :  3.85001e-05
 Reference value :  3.85035e-05
 Reference value :  3.85318e-05
 Reference value :  3.85631e-05
 Reference value :  3.85938e-05
 Reference value :  3.85980e-05
 Reference value :  3.86274e-05
 Reference value :  3.86564e-05
 Reference value :  3.86876e-05
 Reference value :  3.86901e-05
 Reference value :  3.87191e-05
 Reference value :  3.87503e-05
 Reference value :  3.87598e-05
 Reference value :  3.87820e-05
 Reference value :  3.88140e-05
 Reference value :  3.88438e-05
 Reference value :  3.88652e-05
 Reference value :  3.88774e-05
 Reference value :  3.89063e-05
 Reference value :  3.89376e-05
 Reference value :  3.89688e-05
 Reference value :  3.90002e-05
 Reference value :  3.90029e-05
 Reference value :  3.90316e-05
 Reference value :  3.90632e-05
 Reference value :  3.90949e-05
 Reference value :  3.91469e-05
 Reference value :  3.91875e-05
 Reference value :  3.91902e-05
 Reference value :  3.92314e-05
 Reference value :  3.92529e-05
 Reference value :  3.92814e-05
 Reference value :  3.93129e-05
 Reference value :  3.93362e-05
 Reference value :  3.93447e-05
 Reference value :  3.93773e-05
 Reference value :  3.94063e-05
 Reference value :  3.94377e-05
 Reference value :  3.94413e-05
 Reference value :  3.94694e-05
 Reference value :  3.95023e-05
 Reference value :  3.95314e-05
 Reference value :  3.95629e-05
 Reference value :  3.95849e-05
 Reference value :  3.96251e-05
 Reference value :  3.96282e-05
 Reference value :  3.96573e-05
 Reference value :  3.96900e-05
 Reference value :  3.97190e-05
 Reference value :  3.97501e-05
 Reference value :  3.97527e-05
 Reference value :  3.97819e-05
 Reference value :  3.98131e-05
 Reference value :  3.98438e-05
 Reference value :  3.98752e-05
 Reference value :  3.98779e-05
 Reference value :  3.99068e-05
 Reference value :  3.99380e-05
 Reference value :  3.99693e-05
 Reference value :  4.00011e-05
 Reference value :  4.00029e-05
 Reference value :  4.00314e-05
 Reference value :  4.00626e-05
 Reference value :  4.00938e-05
 Reference value :  4.00946e-05
 Reference value :  4.01255e-05
 Reference value :  4.01564e-05
 Reference value :  4.01877e-05
 Reference value :  4.01902e-05
 Reference value :  4.02189e-05
 Reference value :  4.02502e-05
 Reference value :  4.02531e-05
 Reference value :  4.02817e-05
 Reference value :  4.03130e-05
 Reference value :  4.03270e-05
 Reference value :  4.03443e-05
 Reference value :  4.03754e-05
 Reference value :  4.03791e-05
 Reference value :  4.04066e-05
 Reference value :  4.04379e-05
 Reference value :  4.04408e-05
 Reference value :  4.04690e-05
 Reference value :  4.05004e-05
 Reference value :  4.05033e-05
 Reference value :  4.05315e-05
 Reference value :  4.05626e-05
 Reference value :  4.05650e-05
 Reference value :  4.05938e-05
 Reference value :  4.06251e-05
 Reference value :  4.06275e-05
 Reference value :  4.06564e-05
 Reference value :  4.06724e-05
 Reference value :  4.06897e-05
 Reference value :  4.07188e-05
 Reference value :  4.07342e-05
 Reference value :  4.07523e-05
 Reference value :  4.07813e-05
 Reference value :  4.07823e-05
 Reference value :  4.08131e-05
 Reference value :  4.08335e-05
 Reference value :  4.08448e-05
 Reference value :  4.08766e-05
 Reference value :  4.08875e-05
 Reference value :  4.09072e-05
 Reference value :  4.09382e-05
 Reference value :  4.09689e-05
 Reference value :  4.10002e-05
 Reference value :  4.10026e-05
 Reference value :  4.10135e-05
 Reference value :  4.10316e-05
 Reference value :  4.10629e-05
 Reference value :  4.10939e-05
 Reference value :  4.11250e-05
 Reference value :  4.11463e-05
 Reference value :  4.11574e-05
 Reference value :  4.11882e-05
 Reference value :  4.12188e-05
 Reference value :  4.12394e-05
 Reference value :  4.12527e-05
 Reference value :  4.12797e-05
 Reference value :  4.12834e-05
 Reference value :  4.13132e-05
 Reference value :  4.13188e-05
 Reference value :  4.13441e-05
 Reference value :  4.13751e-05
 Reference value :  4.13775e-05
 Reference value :  4.14063e-05
 Reference value :  4.14115e-05
 Reference value :  4.14386e-05
 Reference value :  4.14445e-05
 Reference value :  4.14692e-05
 Reference value :  4.15002e-05
 Reference value :  4.15025e-05
 Reference value :  4.15313e-05
 Reference value :  4.15611e-05
 Reference value :  4.15648e-05
 Reference value :  4.15938e-05
 Reference value :  4.15945e-05
 Reference value :  4.16254e-05
 Reference value :  4.16279e-05
 Reference value :  4.16565e-05
 Reference value :  4.16879e-05
 Reference value :  4.16908e-05
 Reference value :  4.17193e-05
 Reference value :  4.17505e-05
 Reference value :  4.17552e-05
 Reference value :  4.17818e-05
 Reference value :  4.18129e-05
 Reference value :  4.18157e-05
 Reference value :  4.18444e-05
 Reference value :  4.18752e-05
 Reference value :  4.18775e-05
 Reference value :  4.19063e-05
 Reference value :  4.19376e-05
 Reference value :  4.19688e-05
 Reference value :  4.20000e-05
 Reference value :  4.20025e-05
 Reference value :  4.20047e-05
 Reference value :  4.20320e-05
 Reference value :  4.20649e-05
 Reference value :  4.20943e-05
 Reference value :  4.21255e-05
 Reference value :  4.21566e-05
 Reference value :  4.21880e-05
 Reference value :  4.22188e-05
 Reference value :  4.22502e-05
 Reference value :  4.22530e-05
 Reference value :  4.22818e-05
 Reference value :  4.23136e-05
 Reference value :  4.23438e-05
 Reference value :  4.23581e-05
 Reference value :  4.23773e-05
 Reference value :  4.24063e-05
 Reference value :  4.24204e-05
 Reference value :  4.24399e-05
 Reference value :  4.24689e-05
 Reference value :  4.25000e-05
 Reference value :  4.25024e-05
 Reference value :  4.25313e-05
 Reference value :  4.25558e-05
 Reference value :  4.25649e-05
 Reference value :  4.25938e-05
 Reference value :  4.26089e-05
 Reference value :  4.26273e-05
 Reference value :  4.26563e-05
 Reference value :  4.26570e-05
 Reference value :  4.26881e-05
 Reference value :  4.26926e-05
 Reference value :  4.27193e-05
 Reference value :  4.27505e-05
 Reference value :  4.27607e-05
 Reference value :  4.27820e-05
 Reference value :  4.28142e-05
 Reference value :  4.28438e-05
 Reference value :  4.28735e-05
 Reference value :  4.28774e-05
 Reference value :  4.29063e-05
 Reference value :  4.29364e-05
 Reference value :  4.29524e-05
 Reference value :  4.29828e-05
 Reference value :  4.30023e-05
 Reference value :  4.30037e-05
 Reference value :  4.30318e-05
 Reference value :  4.30631e-05
 Reference value :  4.30940e-05
 Reference value :  4.31235e-05
 Reference value :  4.31303e-05
 Reference value :  4.31569e-05
 Reference value :  4.31880e-05
 Reference value :  4.31991e-05
 Reference value :  4.32194e-05
 Reference value :  4.32505e-05
 Reference value :  4.32531e-05
 Reference value :  4.32815e-05
 Reference value :  4.33127e-05
 Reference value :  4.33151e-05
 Reference value :  4.33438e-05
 Reference value :  4.33444e-05
 Reference value :  4.33753e-05
 Reference value :  4.33778e-05
 Reference value :  4.34064e-05
 Reference value :  4.34245e-05
 Reference value :  4.34378e-05
 Reference value :  4.34413e-05
 Reference value :  4.34692e-05
 Reference value :  4.35002e-05
 Reference value :  4.35025e-05
 Reference value :  4.35313e-05
 Reference value :  4.35355e-05
 Reference value :  4.35631e-05
 Reference value :  4.35688e-05
 Reference value :  4.35946e-05
 Reference value :  4.36261e-05
 Reference value :  4.36386e-05
 Reference value :  4.36633e-05
 Reference value :  4.36898e-05
 Reference value :  4.37188e-05
 Reference value :  4.37500e-05
 Reference value :  4.37524e-05
 Reference value :  4.37814e-05
 Reference value :  4.37984e-05
 Reference value :  4.38148e-05
 Reference value :  4.38438e-05
 Reference value :  4.38558e-05
 Reference value :  4.38760e-05
 Reference value :  4.38803e-05
 Reference value :  4.39066e-05
 Reference value :  4.39377e-05
 Reference value :  4.39688e-05
 Reference value :  4.40000e-05
 Reference value :  4.40023e-05
 Reference value :  4.40029e-05
 Reference value :  4.40314e-05
 Reference value :  4.40627e-05
 Reference value :  4.40939e-05
 Reference value :  4.41080e-05
 Reference value :  4.41257e-05
 Reference value :  4.41567e-05
 Reference value :  4.41880e-05
 Reference value :  4.41982e-05
 Reference value :  4.42217e-05
 Reference value :  4.42509e-05
 Reference value :  4.42532e-05
 Reference value :  4.42815e-05
 Reference value :  4.43128e-05
 Reference value :  4.43171e-05
 Reference value :  4.43443e-05
 Reference value :  4.43753e-05
 Reference value :  4.43780e-05
 Reference value :  4.44067e-05
 Reference value :  4.44377e-05
 Reference value :  4.44402e-05
 Reference value :  4.44689e-05
 Reference value :  4.45004e-05
 Reference value :  4.45048e-05
 Reference value :  4.45320e-05
 Reference value :  4.45634e-05
 Reference value :  4.45938e-05
 Reference value :  4.46087e-05
 Reference value :  4.46273e-05
 Reference value :  4.46563e-05
 Reference value :  4.46876e-05
 Reference value :  4.46900e-05
 Reference value :  4.47189e-05
 Reference value :  4.47501e-05
 Reference value :  4.47527e-05
 Reference value :  4.47815e-05
 Reference value :  4.48126e-05
 Reference value :  4.48150e-05
 Reference value :  4.48439e-05
 Reference value :  4.48750e-05
 Reference value :  4.48774e-05
 Reference value :  4.49063e-05
 Reference value :  4.49307e-05
 Reference value :  4.49576e-05
 Reference value :  4.49841e-05
 Reference value :  4.50025e-05
 Reference value :  4.50096e-05
 Reference value :  4.50382e-05
 Reference value :  4.50938e-05
 Reference value :  4.51204e-05
 Reference value :  4.51403e-05
 Reference value :  4.51581e-05
 Reference value :  4.51898e-05
 Reference value :  4.52189e-05
 Reference value :  4.52503e-05
 Reference value :  4.52544e-05
 Reference value :  4.52824e-05
 Reference value :  4.53141e-05
 Reference value :  4.53438e-05
 Reference value :  4.53750e-05
 Reference value :  4.53775e-05
 Reference value :  4.54064e-05
 Reference value :  4.54376e-05
 Reference value :  4.54400e-05
 Reference value :  4.54688e-05
 Reference value :  4.55001e-05
 Reference value :  4.55026e-05
 Reference value :  4.55314e-05
 Reference value :  4.55627e-05
 Reference value :  4.55652e-05
 Reference value :  4.55939e-05
 Reference value :  4.56252e-05
 Reference value :  4.56276e-05
 Reference value :  4.56564e-05
 Reference value :  4.56876e-05
 Reference value :  4.56899e-05
 Reference value :  4.57188e-05
 Reference value :  4.57500e-05
 Reference value :  4.57525e-05
 Reference value :  4.57814e-05
 Reference value :  4.57894e-05
 Reference value :  4.58148e-05
 Reference value :  4.58438e-05
 Reference value :  4.58452e-05
 Reference value :  4.58757e-05
 Reference value :  4.58826e-05
 Reference value :  4.59275e-05
 Reference value :  4.59412e-05
 Reference value :  4.59722e-05
 Reference value :  4.60005e-05
 Reference value :  4.60029e-05
 Reference value :  4.60313e-05
 Reference value :  4.60625e-05
 Reference value :  4.60938e-05
 Reference value :  4.60946e-05
 Reference value :  4.61258e-05
 Reference value :  4.61567e-05
 Reference value :  4.61879e-05
 Reference value :  4.62118e-05
 Reference value :  4.62501e-05
 Reference value :  4.62530e-05
 Reference value :  4.62814e-05
 Reference value :  4.63128e-05
 Reference value :  4.63197e-05
 Reference value :  4.63513e-05
 Reference value :  4.63775e-05
 Reference value :  4.64064e-05
 Reference value :  4.64378e-05
 Reference value :  4.64428e-05
 Reference value :  4.64878e-05
 Reference value :  4.65026e-05
 Reference value :  4.65317e-05
 Reference value :  4.65631e-05
 Reference value :  4.65938e-05
 Reference value :  4.66251e-05
 Reference value :  4.66285e-05
 Reference value :  4.66569e-05
 Reference value :  4.66887e-05
 Reference value :  4.67188e-05
 Reference value :  4.67502e-05
 Reference value :  4.67538e-05
 Reference value :  4.67819e-05
 Reference value :  4.68131e-05
 Reference value :  4.68438e-05
 Reference value :  4.68752e-05
 Reference value :  4.68790e-05
 Reference value :  4.69069e-05
 Reference value :  4.69399e-05
 Reference value :  4.69888e-05
 Reference value :  4.70025e-05
 Reference value :  4.70100e-05
 Reference value :  4.70442e-05
 Reference value :  4.70938e-05
 Reference value :  4.71081e-05
 Reference value :  4.71563e-05
 Reference value :  4.71877e-05
 Reference value :  4.72188e-05
 Reference value :  4.72502e-05
 Reference value :  4.72531e-05
 Reference value :  4.72832e-05
 Reference value :  4.73150e-05
 Reference value :  4.73442e-05
 Reference value :  4.73773e-05
 Reference value :  4.74063e-05
 Reference value :  4.74376e-05
 Reference value :  4.74402e-05
 Reference value :  4.74692e-05
 Reference value :  4.75006e-05
 Reference value :  4.75313e-05
 Reference value :  4.75447e-05
 Reference value :  4.75650e-05
 Reference value :  4.75941e-05
 Reference value :  4.76253e-05
 Reference value :  4.76348e-05
 Reference value :  4.76569e-05
 Reference value :  4.76884e-05
 Reference value :  4.77188e-05
 Reference value :  4.77399e-05
 Reference value :  4.77525e-05
 Reference value :  4.77818e-05
 Reference value :  4.78129e-05
 Reference value :  4.78390e-05
 Reference value :  4.78447e-05
 Reference value :  4.78773e-05
 Reference value :  4.79063e-05
 Reference value :  4.79376e-05
 Reference value :  4.79688e-05
 Reference value :  4.80002e-05
 Reference value :  4.80028e-05
 Reference value :  4.80314e-05
 Reference value :  4.80630e-05
 Reference value :  4.80943e-05
 Reference value :  4.81255e-05
 Reference value :  4.81569e-05
 Reference value :  4.81898e-05
 Reference value :  4.82189e-05
 Reference value :  4.82505e-05
 Reference value :  4.82630e-05
 Reference value :  4.83006e-05
 Reference value :  4.83150e-05
 Reference value :  4.83440e-05
 Reference value :  4.83756e-05
 Reference value :  4.84063e-05
 Reference value :  4.84264e-05
 Reference value :  4.84400e-05
 Reference value :  4.84689e-05
 Reference value :  4.85002e-05
 Reference value :  4.85029e-05
 Reference value :  4.85319e-05
 Reference value :  4.85648e-05
 Reference value :  4.85939e-05
 Reference value :  4.86252e-05
 Reference value :  4.86451e-05
 Reference value :  4.86573e-05
 Reference value :  4.86899e-05
 Reference value :  4.87190e-05
 Reference value :  4.87502e-05
 Reference value :  4.87549e-05
 Reference value :  4.87823e-05
 Reference value :  4.88132e-05
 Reference value :  4.88438e-05
 Reference value :  4.88681e-05
 Reference value :  4.88775e-05
 Reference value :  4.89064e-05
 Reference value :  4.89380e-05
 Reference value :  4.89693e-05
 Reference value :  4.90023e-05
 Reference value :  4.90032e-05
 Reference value :  4.90319e-05
 Reference value :  4.90762e-05
 Reference value :  4.90951e-05
 Reference value :  4.91404e-05
 Reference value :  4.91875e-05
 Reference value :  4.91902e-05
 Reference value :  4.92204e-05
 Reference value :  4.92527e-05
 Reference value :  4.92814e-05
 Reference value :  4.93128e-05
 Reference value :  4.93205e-05
 Reference value :  4.93735e-05
 Reference value :  4.93775e-05
 Reference value :  4.94064e-05
 Reference value :  4.94379e-05
 Reference value :  4.94431e-05
 Reference value :  4.94693e-05
 Reference value :  4.95007e-05
 Reference value :  4.95313e-05
 Reference value :  4.95626e-05
 Reference value :  4.95654e-05
 Reference value :  4.95944e-05
 Reference value :  4.96254e-05
 Reference value :  4.96311e-05
 Reference value :  4.96569e-05
 Reference value :  4.96897e-05
 Reference value :  4.97188e-05
 Reference value :  4.97502e-05
 Reference value :  4.97546e-05
 Reference value :  4.97894e-05
 Reference value :  4.98150e-05
 Reference value :  4.98440e-05
 Reference value :  4.98755e-05
 Reference value :  4.98925e-05
 Reference value :  4.99071e-05
 Reference value :  4.99400e-05
 Reference value :  4.99796e-05
 Reference value :  5.00025e-05
 Reference value :  5.00097e-05
 Reference value :  5.00625e-05
 Reference value :  5.00938e-05
 Reference value :  5.01250e-05
 Reference value :  5.01563e-05
 Reference value :  5.01877e-05
 Reference value :  5.02143e-05
 Reference value :  5.02501e-05
 Reference value :  5.02530e-05
 Reference value :  5.02815e-05
 Reference value :  5.03131e-05
 Reference value :  5.03438e-05
 Reference value :  5.03751e-05
 Reference value :  5.03778e-05
 Reference value :  5.04070e-05
 Reference value :  5.04398e-05
 Reference value :  5.04689e-05
 Reference value :  5.05001e-05
 Reference value :  5.05027e-05
 Reference value :  5.05317e-05
 Reference value :  5.05629e-05
 Reference value :  5.05732e-05
 Reference value :  5.05946e-05
 Reference value :  5.06273e-05
 Reference value :  5.06563e-05
 Reference value :  5.06875e-05
 Reference value :  5.06901e-05
 Reference value :  5.07192e-05
 Reference value :  5.07504e-05
 Reference value :  5.07706e-05
 Reference value :  5.08054e-05
 Reference value :  5.08151e-05
 Reference value :  5.08442e-05
 Reference value :  5.08762e-05
 Reference value :  5.09063e-05
 Reference value :  5.09084e-05
 Reference value :  5.09436e-05
 Reference value :  5.09861e-05
 Reference value :  5.10025e-05
 Reference value :  5.10219e-05
 Reference value :  5.10625e-05
 Reference value :  5.10938e-05
 Reference value :  5.11250e-05
 Reference value :  5.11563e-05
 Reference value :  5.11877e-05
 Reference value :  5.11984e-05
 Reference value :  5.12501e-05
 Reference value :  5.12530e-05
 Reference value :  5.12815e-05
 Reference value :  5.13134e-05
 Reference value :  5.13438e-05
 Reference value :  5.13751e-05
 Reference value :  5.13778e-05
 Reference value :  5.14068e-05
 Reference value :  5.14399e-05
 Reference value :  5.14689e-05
 Reference value :  5.15002e-05
 Reference value :  5.15028e-05
 Reference value :  5.15317e-05
 Reference value :  5.15631e-05
 Reference value :  5.15938e-05
 Reference value :  5.16252e-05
 Reference value :  5.16281e-05
 Reference value :  5.16571e-05
 Reference value :  5.16898e-05
 Reference value :  5.17189e-05
 Reference value :  5.17501e-05
 Reference value :  5.17526e-05
 Reference value :  5.17817e-05
 Reference value :  5.18129e-05
 Reference value :  5.18352e-05
 Reference value :  5.18731e-05
 Reference value :  5.18775e-05
 Reference value :  5.19064e-05
 Reference value :  5.19380e-05
 Reference value :  5.19691e-05
 Reference value :  5.20009e-05
 Reference value :  5.20031e-05
 Reference value :  5.20316e-05
 Reference value :  5.20745e-05
 Reference value :  5.21250e-05
 Reference value :  5.21565e-05
 Reference value :  5.21879e-05
 Reference value :  5.22188e-05
 Reference value :  5.22502e-05
 Reference value :  5.22532e-05
 Reference value :  5.22820e-05
 Reference value :  5.23148e-05
 Reference value :  5.23439e-05
 Reference value :  5.23753e-05
 Reference value :  5.23950e-05
 Reference value :  5.24331e-05
 Reference value :  5.24400e-05
 Reference value :  5.24690e-05
 Reference value :  5.25006e-05
 Reference value :  5.25313e-05
 Reference value :  5.25575e-05
 Reference value :  5.25650e-05
 Reference value :  5.25939e-05
 Reference value :  5.26255e-05
 Reference value :  5.26519e-05
 Reference value :  5.26572e-05
 Reference value :  5.26898e-05
 Reference value :  5.27188e-05
 Reference value :  5.27469e-05
 Reference value :  5.27525e-05
 Reference value :  5.27816e-05
 Reference value :  5.28129e-05
 Reference value :  5.28438e-05
 Reference value :  5.28750e-05
 Reference value :  5.28776e-05
 Reference value :  5.29065e-05
 Reference value :  5.29384e-05
 Reference value :  5.29704e-05
 Reference value :  5.30023e-05
 Reference value :  5.30041e-05
 Reference value :  5.30504e-05
 Reference value :  5.30938e-05
 Reference value :  5.31251e-05
 Reference value :  5.31564e-05
 Reference value :  5.31876e-05
 Reference value :  5.31902e-05
 Reference value :  5.32196e-05
 Reference value :  5.32527e-05
 Reference value :  5.32813e-05
 Reference value :  5.33126e-05
 Reference value :  5.33152e-05
 Reference value :  5.33441e-05
 Reference value :  5.33757e-05
 Reference value :  5.34045e-05
 Reference value :  5.34375e-05
 Reference value :  5.34400e-05
 Reference value :  5.34689e-05
 Reference value :  5.35002e-05
 Reference value :  5.35031e-05
 Reference value :  5.35317e-05
 Reference value :  5.35630e-05
 Reference value :  5.35691e-05
 Reference value :  5.35944e-05
 Reference value :  5.36257e-05
 Reference value :  5.36563e-05
 Reference value :  5.36594e-05
 Reference value :  5.36899e-05
 Reference value :  5.37189e-05
 Reference value :  5.37502e-05
 Reference value :  5.37527e-05
 Reference value :  5.37818e-05
 Reference value :  5.38133e-05
 Reference value :  5.38438e-05
 Reference value :  5.38573e-05
 Reference value :  5.38773e-05
 Reference value :  5.39063e-05
 Reference value :  5.39375e-05
 Reference value :  5.39687e-05
 Reference value :  5.40001e-05
 Reference value :  5.40026e-05
 Reference value :  5.40243e-05
 Reference value :  5.40342e-05
 Reference value :  5.40904e-05
 Reference value :  5.41118e-05
 Reference value :  5.41563e-05
 Reference value :  5.41706e-05
 Reference value :  5.41900e-05
 Reference value :  5.42191e-05
 Reference value :  5.42504e-05
 Reference value :  5.42552e-05
 Reference value :  5.43068e-05
 Reference value :  5.43153e-05
 Reference value :  5.43444e-05
 Reference value :  5.43773e-05
 Reference value :  5.44063e-05
 Reference value :  5.44377e-05
 Reference value :  5.44402e-05
 Reference value :  5.44696e-05
 Reference value :  5.45023e-05
 Reference value :  5.45314e-05
 Reference value :  5.45626e-05
 Reference value :  5.45652e-05
 Reference value :  5.45943e-05
 Reference value :  5.46273e-05
 Reference value :  5.46564e-05
 Reference value :  5.46880e-05
 Reference value :  5.47188e-05
 Reference value :  5.47503e-05
 Reference value :  5.47677e-05
 Reference value :  5.47857e-05
 Reference value :  5.48148e-05
 Reference value :  5.48439e-05
 Reference value :  5.48752e-05
 Reference value :  5.48815e-05
 Reference value :  5.49069e-05
 Reference value :  5.49400e-05
 Reference value :  5.49841e-05
 Reference value :  5.50025e-05
 Reference value :  5.50250e-05
 Reference value :  5.50626e-05
 Reference value :  5.50939e-05
 Reference value :  5.51256e-05
 Reference value :  5.51571e-05
 Reference value :  5.51901e-05
 Reference value :  5.52194e-05
 Reference value :  5.52505e-05
 Reference value :  5.52583e-05
 Reference value :  5.53126e-05
 Reference value :  5.53152e-05
 Reference value :  5.53440e-05
 Reference value :  5.53758e-05
 Reference value :  5.54063e-05
 Reference value :  5.54376e-05
 Reference value :  5.54403e-05
 Reference value :  5.54692e-05
 Reference value :  5.55023e-05
 Reference value :  5.55313e-05
 Reference value :  5.55625e-05
 Reference value :  5.55650e-05
 Reference value :  5.55941e-05
 Reference value :  5.56254e-05
 Reference value :  5.56321e-05
 Reference value :  5.56793e-05
 Reference value :  5.56901e-05
 Reference value :  5.57194e-05
 Reference value :  5.57525e-05
 Reference value :  5.57816e-05
 Reference value :  5.58132e-05
 Reference value :  5.58438e-05
 Reference value :  5.58751e-05
 Reference value :  5.58775e-05
 Reference value :  5.59065e-05
 Reference value :  5.59378e-05
 Reference value :  5.59690e-05
 Reference value :  5.60007e-05
 Reference value :  5.60032e-05
 Reference value :  5.60319e-05
 Reference value :  5.60825e-05
 Reference value :  5.61251e-05
 Reference value :  5.61564e-05
 Reference value :  5.61886e-05
 Reference value :  5.62190e-05
 Reference value :  5.62528e-05
 Reference value :  5.62818e-05
 Reference value :  5.63168e-05
 Reference value :  5.63691e-05
 Reference value :  5.63776e-05
 Reference value :  5.64069e-05
 Reference value :  5.64398e-05
 Reference value :  5.64972e-05
 Reference value :  5.65313e-05
 Reference value :  5.65414e-05
 Reference value :  5.65649e-05
 Reference value :  5.65939e-05
 Reference value :  5.66251e-05
 Reference value :  5.66276e-05
 Reference value :  5.66566e-05
 Reference value :  5.66881e-05
 Reference value :  5.67188e-05
 Reference value :  5.67501e-05
 Reference value :  5.67531e-05
 Reference value :  5.67819e-05
 Reference value :  5.68133e-05
 Reference value :  5.68439e-05
 Reference value :  5.68752e-05
 Reference value :  5.68911e-05
 Reference value :  5.69148e-05
 Reference value :  5.69456e-05
 Reference value :  5.70000e-05
 Reference value :  5.70026e-05
 Reference value :  5.70313e-05
 Reference value :  5.70627e-05
 Reference value :  5.70939e-05
 Reference value :  5.71256e-05
 Reference value :  5.71864e-05
 Reference value :  5.71903e-05
 Reference value :  5.72258e-05
 Reference value :  5.72528e-05
 Reference value :  5.72814e-05
 Reference value :  5.73126e-05
 Reference value :  5.73155e-05
 Reference value :  5.73443e-05
 Reference value :  5.73766e-05
 Reference value :  5.74063e-05
 Reference value :  5.74377e-05
 Reference value :  5.74407e-05
 Reference value :  5.74694e-05
 Reference value :  5.75023e-05
 Reference value :  5.75313e-05
 Reference value :  5.75626e-05
 Reference value :  5.75651e-05
 Reference value :  5.75942e-05
 Reference value :  5.76254e-05
 Reference value :  5.76305e-05
 Reference value :  5.76570e-05
 Reference value :  5.76890e-05
 Reference value :  5.77189e-05
 Reference value :  5.77501e-05
 Reference value :  5.77527e-05
 Reference value :  5.77819e-05
 Reference value :  5.78131e-05
 Reference value :  5.78438e-05
 Reference value :  5.78751e-05
 Reference value :  5.78776e-05
 Reference value :  5.79067e-05
 Reference value :  5.79379e-05
 Reference value :  5.79689e-05
 Reference value :  5.80005e-05
 Reference value :  5.80029e-05
 Reference value :  5.80314e-05
 Reference value :  5.80627e-05
 Reference value :  5.80940e-05
 Reference value :  5.81256e-05
 Reference value :  5.81633e-05
 Reference value :  5.81901e-05
 Reference value :  5.82338e-05
 Reference value :  5.82530e-05
 Reference value :  5.82817e-05
 Reference value :  5.83130e-05
 Reference value :  5.83438e-05
 Reference value :  5.83752e-05
 Reference value :  5.83804e-05
 Reference value :  5.84131e-05
 Reference value :  5.84399e-05
 Reference value :  5.84689e-05
 Reference value :  5.85005e-05
 Reference value :  5.85313e-05
 Reference value :  5.85495e-05
 Reference value :  5.85650e-05
 Reference value :  5.85940e-05
 Reference value :  5.86257e-05
 Reference value :  5.86563e-05
 Reference value :  5.86876e-05
 Reference value :  5.86902e-05
 Reference value :  5.87193e-05
 Reference value :  5.87505e-05
 Reference value :  5.87813e-05
 Reference value :  5.88126e-05
 Reference value :  5.88358e-05
 Reference value :  5.88751e-05
 Reference value :  5.88778e-05
 Reference value :  5.89067e-05
 Reference value :  5.89379e-05
 Reference value :  5.89690e-05
 Reference value :  5.90021e-05
 Reference value :  5.90048e-05
 Reference value :  5.90626e-05
 Reference value :  5.90941e-05
 Reference value :  5.91430e-05
 Reference value :  5.91876e-05
 Reference value :  5.91906e-05
 Reference value :  5.92501e-05
 Reference value :  5.92530e-05
 Reference value :  5.92817e-05
 Reference value :  5.93132e-05
 Reference value :  5.93438e-05
 Reference value :  5.93754e-05
 Reference value :  5.93948e-05
 Reference value :  5.94376e-05
 Reference value :  5.94407e-05
 Reference value :  5.94693e-05
 Reference value :  5.95006e-05
 Reference value :  5.95313e-05
 Reference value :  5.95437e-05
 Reference value :  5.95650e-05
 Reference value :  5.95939e-05
 Reference value :  5.96256e-05
 Reference value :  5.96563e-05
 Reference value :  5.96876e-05
 Reference value :  5.96905e-05
 Reference value :  5.97194e-05
 Reference value :  5.97523e-05
 Reference value :  5.97814e-05
 Reference value :  5.98128e-05
 Reference value :  5.98269e-05
 Reference value :  5.98693e-05
 Reference value :  5.98776e-05
 Reference value :  5.99067e-05
 Reference value :  5.99382e-05
 Reference value :  5.99696e-05
 Reference value :  6.00024e-05
 Reference value :  6.00136e-05
 Reference value :  6.00625e-05
 Reference value :  6.00938e-05
 Reference value :  6.01253e-05
 Reference value :  6.01568e-05
 Reference value :  6.01898e-05
 Reference value :  6.02189e-05
 Reference value :  6.02504e-05
 Reference value :  6.02573e-05
 Reference value :  6.02822e-05
 Reference value :  6.03148e-05
 Reference value :  6.03439e-05
 Reference value :  6.03755e-05
 Reference value :  6.04046e-05
 Reference value :  6.04376e-05
 Reference value :  6.04410e-05
 Reference value :  6.04694e-05
 Reference value :  6.05020e-05
 Reference value :  6.05313e-05
 Reference value :  6.05626e-05
 Reference value :  6.05660e-05
 Reference value :  6.05945e-05
 Reference value :  6.06275e-05
 Reference value :  6.06567e-05
 Reference value :  6.06898e-05
 Reference value :  6.07189e-05
 Reference value :  6.07500e-05
 Reference value :  6.07526e-05
 Reference value :  6.07817e-05
 Reference value :  6.08129e-05
 Reference value :  6.08322e-05
 Reference value :  6.08712e-05
 Reference value :  6.08776e-05
 Reference value :  6.09067e-05
 Reference value :  6.09380e-05
 Reference value :  6.09690e-05
 Reference value :  6.10009e-05
 Reference value :  6.10030e-05
 Reference value :  6.10317e-05
 Reference value :  6.10664e-05
 Reference value :  6.11167e-05
 Reference value :  6.11563e-05
 Reference value :  6.11877e-05
 Reference value :  6.11944e-05
 Reference value :  6.12423e-05
 Reference value :  6.12529e-05
 Reference value :  6.12814e-05
 Reference value :  6.13127e-05
 Reference value :  6.13171e-05
 Reference value :  6.13457e-05
 Reference value :  6.13773e-05
 Reference value :  6.14063e-05
 Reference value :  6.14377e-05
 Reference value :  6.14446e-05
 Reference value :  6.14699e-05
 Reference value :  6.15023e-05
 Reference value :  6.15313e-05
 Reference value :  6.15626e-05
 Reference value :  6.15655e-05
 Reference value :  6.15945e-05
 Reference value :  6.16274e-05
 Reference value :  6.16565e-05
 Reference value :  6.16877e-05
 Reference value :  6.16957e-05
 Reference value :  6.17197e-05
 Reference value :  6.17524e-05
 Reference value :  6.17816e-05
 Reference value :  6.18129e-05
 Reference value :  6.18438e-05
 Reference value :  6.18752e-05
 Reference value :  6.18833e-05
 Reference value :  6.19376e-05
 Reference value :  6.19688e-05
 Reference value :  6.20003e-05
 Reference value :  6.20029e-05
 Reference value :  6.20314e-05
 Reference value :  6.20631e-05
 Reference value :  6.20945e-05
 Reference value :  6.21450e-05
 Reference value :  6.21875e-05
 Reference value :  6.21902e-05
 Reference value :  6.22205e-05
 Reference value :  6.22528e-05
 Reference value :  6.22814e-05
 Reference value :  6.23127e-05
 Reference value :  6.23157e-05
 Reference value :  6.23538e-05
 Reference value :  6.23775e-05
 Reference value :  6.24065e-05
 Reference value :  6.24377e-05
 Reference value :  6.24403e-05
 Reference value :  6.24692e-05
 Reference value :  6.25005e-05
 Reference value :  6.25217e-05
 Reference value :  6.25626e-05
 Reference value :  6.25653e-05
 Reference value :  6.25943e-05
 Reference value :  6.26254e-05
 Reference value :  6.26290e-05
 Reference value :  6.26569e-05
 Reference value :  6.26881e-05
 Reference value :  6.27188e-05
 Reference value :  6.27501e-05
 Reference value :  6.27527e-05
 Reference value :  6.27820e-05
 Reference value :  6.28148e-05
 Reference value :  6.28439e-05
 Reference value :  6.28753e-05
 Reference value :  6.28782e-05
 Reference value :  6.29077e-05
 Reference value :  6.29544e-05
 Reference value :  6.30001e-05
 Reference value :  6.30026e-05
 Reference value :  6.30313e-05
 Reference value :  6.30627e-05
 Reference value :  6.30939e-05
 Reference value :  6.31254e-05
 Reference value :  6.31567e-05
 Reference value :  6.31898e-05
 Reference value :  6.32189e-05
 Reference value :  6.32506e-05
 Reference value :  6.32714e-05
 Reference value :  6.32838e-05
 Reference value :  6.33148e-05
 Reference value :  6.33439e-05
 Reference value :  6.33752e-05
 Reference value :  6.33807e-05
 Reference value :  6.34068e-05
 Reference value :  6.34382e-05
 Reference value :  6.34597e-05
 Reference value :  6.34729e-05
 Reference value :  6.35025e-05
 Reference value :  6.35314e-05
 Reference value :  6.35627e-05
 Reference value :  6.35657e-05
 Reference value :  6.35946e-05
 Reference value :  6.36273e-05
 Reference value :  6.36563e-05
 Reference value :  6.36859e-05
 Reference value :  6.36901e-05
 Reference value :  6.37190e-05
 Reference value :  6.37504e-05
 Reference value :  6.37813e-05
 Reference value :  6.38126e-05
 Reference value :  6.38156e-05
 Reference value :  6.38506e-05
 Reference value :  6.38774e-05
 Reference value :  6.39064e-05
 Reference value :  6.39380e-05
 Reference value :  6.39694e-05
 Reference value :  6.40023e-05
 Reference value :  6.40040e-05
 Reference value :  6.40322e-05
 Reference value :  6.40938e-05
 Reference value :  6.41252e-05
 Reference value :  6.41566e-05
 Reference value :  6.41898e-05
 Reference value :  6.42191e-05
 Reference value :  6.42528e-05
 Reference value :  6.42813e-05
 Reference value :  6.43126e-05
 Reference value :  6.43205e-05
 Reference value :  6.43728e-05
 Reference value :  6.43777e-05
 Reference value :  6.44068e-05
 Reference value :  6.44380e-05
 Reference value :  6.44598e-05
 Reference value :  6.45001e-05
 Reference value :  6.45026e-05
 Reference value :  6.45316e-05
 Reference value :  6.45629e-05
 Reference value :  6.45812e-05
 Reference value :  6.45948e-05
 Reference value :  6.46273e-05
 Reference value :  6.46564e-05
 Reference value :  6.46876e-05
 Reference value :  6.46901e-05
 Reference value :  6.47193e-05
 Reference value :  6.47502e-05
 Reference value :  6.47529e-05
 Reference value :  6.47819e-05
 Reference value :  6.48131e-05
 Reference value :  6.48438e-05
 Reference value :  6.48752e-05
 Reference value :  6.48780e-05
 Reference value :  6.49069e-05
 Reference value :  6.49399e-05
 Reference value :  6.49908e-05
 Reference value :  6.50025e-05
 Reference value :  6.50313e-05
 Reference value :  6.50627e-05
 Reference value :  6.50940e-05
 Reference value :  6.51256e-05
 Reference value :  6.51582e-05
 Reference value :  6.51900e-05
 Reference value :  6.52191e-05
 Reference value :  6.52527e-05
 Reference value :  6.52813e-05
 Reference value :  6.53126e-05
 Reference value :  6.53152e-05
 Reference value :  6.53440e-05
 Reference value :  6.53756e-05
 Reference value :  6.53949e-05
 Reference value :  6.54073e-05
 Reference value :  6.54398e-05
 Reference value :  6.54688e-05
 Reference value :  6.55002e-05
 Reference value :  6.55041e-05
 Reference value :  6.55350e-05
 Reference value :  6.55649e-05
 Reference value :  6.55939e-05
 Reference value :  6.56252e-05
 Reference value :  6.56437e-05
 Reference value :  6.56876e-05
 Reference value :  6.56969e-05
 Reference value :  6.57218e-05
 Reference value :  6.57523e-05
 Reference value :  6.57814e-05
 Reference value :  6.58128e-05
 Reference value :  6.58438e-05
 Reference value :  6.58750e-05
 Reference value :  6.58773e-05
 Reference value :  6.59063e-05
 Reference value :  6.59375e-05
 Reference value :  6.59688e-05
No. of Data Rows : 161349
s000                =  7.33000e+02
s001                =  3.32000e+02
s002                =  6.47000e+02
s003                =  4.22000e+02
s004                =  5.54000e+02
s005                =  5.15000e+02
s006                =  4.60000e+02
s007                =  6.09000e+02
s008                =  3.68000e+02
s009                =  6.99000e+02
s010                =  2.82000e+02
s011                =  7.82000e+02
s012                =  2.04000e+02
s013                =  8.53000e+02
s014                =  1.39000e+02
s015                =  9.12000e+02
s016                =  8.70000e+01
s017                =  9.56000e+02
s018                =  5.20000e+01
s019                =  9.82000e+02
s020                =  3.50000e+01
s021                =  9.90000e+02
s022                =  3.50000e+01
s023                =  9.80000e+02
s024                =  5.50000e+01
s025                =  9.52000e+02
s026                =  9.10000e+01
s027                =  9.07000e+02
s028                =  1.44000e+02
s029                =  8.47000e+02
s030                =  2.11000e+02
s031                =  7.73000e+02
s032                =  2.90000e+02
s033                =  6.90000e+02
s034                =  3.77000e+02
s035                =  6.01000e+02
s036                =  4.69000e+02
s037                =  5.07000e+02
s038                =  5.63000e+02
s039                =  4.14000e+02
s040                =  6.55000e+02
s041                =  3.24000e+02
s042                =  7.42000e+02
s043                =  2.42000e+02
s044                =  8.19000e+02
s045                =  1.70000e+02
s046                =  8.85000e+02
s047                =  1.11000e+02
s048                =  9.36000e+02
s049                =  6.80000e+01
s050                =  9.71000e+02
s051                =  4.10000e+01
s052                =  9.88000e+02
s053                =  3.30000e+01
s054                =  9.88000e+02
s055                =  4.30000e+01
s056                =  9.68000e+02
s057                =  7.10000e+01
s058                =  9.32000e+02
s059                =  1.16000e+02
s060                =  8.79000e+02
s061                =  1.76000e+02
s062                =  8.11000e+02
s063                =  2.49000e+02
cmax                =  9.90000e+02 at=  2.49396e-05
cmin                =  3.30000e+01 at=  5.69396e-05
d000                =  2.60259e+02 at=  2.50014e-06
d008                =  6.24402e+02 at=  1.07818e-05
d016                =  8.51535e+02 at=  1.88751e-05
d024                =  6.02543e+02 at=  2.68751e-05
d032                =  2.60067e+02 at=  3.45001e-05
d040                =  6.24296e+02 at=  4.27813e-05
d048                =  8.51661e+02 at=  5.08751e-05
d056                =  6.02320e+02 at=  5.88751e-05
vrefhi              =  2.97102e+00 at=  6.31268e-05
vreflo              =  2.96906e+00 at=  6.40764e-05
m_code_s000 = 7.3300000000e+02
m_code_s001 = 3.3200000000e+02
m_code_s002 = 6.4700000000e+02
m_code_s003 = 4.2200000000e+02
m_code_s004 = 5.5400000000e+02
m_code_s005 = 5.1500000000e+02
m_code_s006 = 4.6000000000e+02
m_code_s007 = 6.0900000000e+02
m_code_s008 = 3.6800000000e+02
m_code_s009 = 6.9900000000e+02
m_code_s010 = 2.8200000000e+02
m_code_s011 = 7.8200000000e+02
m_code_s012 = 2.0400000000e+02
m_code_s013 = 8.5300000000e+02
m_code_s014 = 1.3900000000e+02
m_code_s015 = 9.1200000000e+02
m_code_s016 = 8.7000000000e+01
m_code_s017 = 9.5600000000e+02
m_code_s018 = 5.2000000000e+01
m_code_s019 = 9.8200000000e+02
m_code_s020 = 3.5000000000e+01
m_code_s021 = 9.9000000000e+02
m_code_s022 = 3.5000000000e+01
m_code_s023 = 9.8000000000e+02
m_code_s024 = 5.5000000000e+01
m_code_s025 = 9.5200000000e+02
m_code_s026 = 9.1000000000e+01
m_code_s027 = 9.0700000000e+02
m_code_s028 = 1.4400000000e+02
m_code_s029 = 8.4700000000e+02
m_code_s030 = 2.1100000000e+02
m_code_s031 = 7.7300000000e+02
m_code_s032 = 2.9000000000e+02
m_code_s033 = 6.9000000000e+02
m_code_s034 = 3.7700000000e+02
m_code_s035 = 6.0100000000e+02
m_code_s036 = 4.6900000000e+02
m_code_s037 = 5.0700000000e+02
m_code_s038 = 5.6300000000e+02
m_code_s039 = 4.1400000000e+02
m_code_s040 = 6.5500000000e+02
m_code_s041 = 3.2400000000e+02
m_code_s042 = 7.4200000000e+02
m_code_s043 = 2.4200000000e+02
m_code_s044 = 8.1900000000e+02
m_code_s045 = 1.7000000000e+02
m_code_s046 = 8.8500000000e+02
m_code_s047 = 1.1100000000e+02
m_code_s048 = 9.3600000000e+02
m_code_s049 = 6.8000000000e+01
m_code_s050 = 9.7100000000e+02
m_code_s051 = 4.1000000000e+01
m_code_s052 = 9.8800000000e+02
m_code_s053 = 3.3000000000e+01
m_code_s054 = 9.8800000000e+02
m_code_s055 = 4.3000000000e+01
m_code_s056 = 9.6800000000e+02
m_code_s057 = 7.1000000000e+01
m_code_s058 = 9.3200000000e+02
m_code_s059 = 1.1600000000e+02
m_code_s060 = 8.7900000000e+02
m_code_s061 = 1.7600000000e+02
m_code_s062 = 8.1100000000e+02
m_code_s063 = 2.4900000000e+02
m_decerr_c000_lsb = 2.6025910000e+02
m_decerr_c008_lsb = 6.2440160000e+02
m_decerr_c016_lsb = 8.5153460000e+02
m_decerr_c024_lsb = 6.0254270000e+02
m_decerr_c032_lsb = 2.6006680000e+02
m_decerr_c040_lsb = 6.2429600000e+02
m_decerr_c048_lsb = 8.5166090000e+02
m_decerr_c056_lsb = 6.0232030000e+02
m_code_max = 9.9000000000e+02
m_code_min = 3.3000000000e+01
m_vref_droop_mv = 1.9530000000e+00
Note: Simulation executed from .control section 

Warning: m=xx on .subckt line will override multiplier m hierarchy!

Note: Starting dynamic gmin stepping
Warning: Dynamic gmin stepping failed
Note: Starting true gmin stepping
Note: True gmin stepping completed
