
Note: Compatibility modes selected: hs a


Circuit: * comparator-offset-gof @ tt_27c_3.30v -- generated by sim/harness, do not edit

Reset re-loads circuit * comparator-offset-gof @ tt_27c_3.30v -- generated by sim/harness, do not edit

Circuit: * comparator-offset-gof @ tt_27c_3.30v -- generated by sim/harness, do not edit

Doing analysis at TEMP = 27.000000 and TNOM = 27.000000

Using SPARSE 1.3 as Direct Linear Solver

No. of Data Rows : 2
voa = 4.5577692665e-04
Reset re-loads circuit * comparator-offset-gof @ tt_27c_3.30v -- generated by sim/harness, do not edit

Circuit: * comparator-offset-gof @ tt_27c_3.30v -- generated by sim/harness, do not edit

Doing analysis at TEMP = 27.000000 and TNOM = 27.000000

Using SPARSE 1.3 as Direct Linear Solver

No. of Data Rows : 2
voa = -5.087805374e-04
Reset re-loads circuit * comparator-offset-gof @ tt_27c_3.30v -- generated by sim/harness, do not edit

Circuit: * comparator-offset-gof @ tt_27c_3.30v -- generated by sim/harness, do not edit

Doing analysis at TEMP = 27.000000 and TNOM = 27.000000

Using SPARSE 1.3 as Direct Linear Solver

No. of Data Rows : 2
voa = 1.5443510968e-04
Reset re-loads circuit * comparator-offset-gof @ tt_27c_3.30v -- generated by sim/harness, do not edit

Circuit: * comparator-offset-gof @ tt_27c_3.30v -- generated by sim/harness, do not edit

Doing analysis at TEMP = 27.000000 and TNOM = 27.000000

Using SPARSE 1.3 as Direct Linear Solver

No. of Data Rows : 2
voa = -2.297733525e-04
Reset re-loads circuit * comparator-offset-gof @ tt_27c_3.30v -- generated by sim/harness, do not edit

Circuit: * comparator-offset-gof @ tt_27c_3.30v -- generated by sim/harness, do not edit

Doing analysis at TEMP = 27.000000 and TNOM = 27.000000

Using SPARSE 1.3 as Direct Linear Solver

No. of Data Rows : 2
voa = -1.362266644e-03
Reset re-loads circuit * comparator-offset-gof @ tt_27c_3.30v -- generated by sim/harness, do not edit

Circuit: * comparator-offset-gof @ tt_27c_3.30v -- generated by sim/harness, do not edit

Doing analysis at TEMP = 27.000000 and TNOM = 27.000000

Using SPARSE 1.3 as Direct Linear Solver
 Reference value :  0.00000e+00
No. of Data Rows : 2
voa = -9.948308607e-05
Reset re-loads circuit * comparator-offset-gof @ tt_27c_3.30v -- generated by sim/harness, do not edit

Circuit: * comparator-offset-gof @ tt_27c_3.30v -- generated by sim/harness, do not edit

Doing analysis at TEMP = 27.000000 and TNOM = 27.000000

Using SPARSE 1.3 as Direct Linear Solver

No. of Data Rows : 2
voa = 1.3309679420e-03
Reset re-loads circuit * comparator-offset-gof @ tt_27c_3.30v -- generated by sim/harness, do not edit

Circuit: * comparator-offset-gof @ tt_27c_3.30v -- generated by sim/harness, do not edit

Doing analysis at TEMP = 27.000000 and TNOM = 27.000000

Using SPARSE 1.3 as Direct Linear Solver

No. of Data Rows : 2
voa = -4.754277730e-04
Reset re-loads circuit * comparator-offset-gof @ tt_27c_3.30v -- generated by sim/harness, do not edit

Circuit: * comparator-offset-gof @ tt_27c_3.30v -- generated by sim/harness, do not edit

Doing analysis at TEMP = 27.000000 and TNOM = 27.000000

Using SPARSE 1.3 as Direct Linear Solver

No. of Data Rows : 2
voa = 2.2789776457e-05
Reset re-loads circuit * comparator-offset-gof @ tt_27c_3.30v -- generated by sim/harness, do not edit

Circuit: * comparator-offset-gof @ tt_27c_3.30v -- generated by sim/harness, do not edit

Doing analysis at TEMP = 27.000000 and TNOM = 27.000000

Using SPARSE 1.3 as Direct Linear Solver

No. of Data Rows : 2
voa = -3.744790331e-04
Reset re-loads circuit * comparator-offset-gof @ tt_27c_3.30v -- generated by sim/harness, do not edit

Circuit: * comparator-offset-gof @ tt_27c_3.30v -- generated by sim/harness, do not edit

Doing analysis at TEMP = 27.000000 and TNOM = 27.000000

Using SPARSE 1.3 as Direct Linear Solver

No. of Data Rows : 2
voa = 3.0314401095e-04
Reset re-loads circuit * comparator-offset-gof @ tt_27c_3.30v -- generated by sim/harness, do not edit

Circuit: * comparator-offset-gof @ tt_27c_3.30v -- generated by sim/harness, do not edit

Doing analysis at TEMP = 27.000000 and TNOM = 27.000000

Using SPARSE 1.3 as Direct Linear Solver

No. of Data Rows : 2
voa = -7.364752255e-05
Reset re-loads circuit * comparator-offset-gof @ tt_27c_3.30v -- generated by sim/harness, do not edit

Circuit: * comparator-offset-gof @ tt_27c_3.30v -- generated by sim/harness, do not edit

Doing analysis at TEMP = 27.000000 and TNOM = 27.000000

Using SPARSE 1.3 as Direct Linear Solver

No. of Data Rows : 2
voa = -1.722790915e-03
Reset re-loads circuit * comparator-offset-gof @ tt_27c_3.30v -- generated by sim/harness, do not edit

Circuit: * comparator-offset-gof @ tt_27c_3.30v -- generated by sim/harness, do not edit

Doing analysis at TEMP = 27.000000 and TNOM = 27.000000

Using SPARSE 1.3 as Direct Linear Solver

No. of Data Rows : 2
voa = -4.063303071e-04
Reset re-loads circuit * comparator-offset-gof @ tt_27c_3.30v -- generated by sim/harness, do not edit

Circuit: * comparator-offset-gof @ tt_27c_3.30v -- generated by sim/harness, do not edit

Doing analysis at TEMP = 27.000000 and TNOM = 27.000000

Using SPARSE 1.3 as Direct Linear Solver

No. of Data Rows : 2
voa = -3.651612031e-03
Reset re-loads circuit * comparator-offset-gof @ tt_27c_3.30v -- generated by sim/harness, do not edit

Circuit: * comparator-offset-gof @ tt_27c_3.30v -- generated by sim/harness, do not edit

Doing analysis at TEMP = 27.000000 and TNOM = 27.000000

Using SPARSE 1.3 as Direct Linear Solver

No. of Data Rows : 2
voa = -1.390477628e-03
Reset re-loads circuit * comparator-offset-gof @ tt_27c_3.30v -- generated by sim/harness, do not edit

Circuit: * comparator-offset-gof @ tt_27c_3.30v -- generated by sim/harness, do not edit

Doing analysis at TEMP = 27.000000 and TNOM = 27.000000

Using SPARSE 1.3 as Direct Linear Solver

No. of Data Rows : 2
voa = 5.8840667916e-04
Reset re-loads circuit * comparator-offset-gof @ tt_27c_3.30v -- generated by sim/harness, do not edit

Circuit: * comparator-offset-gof @ tt_27c_3.30v -- generated by sim/harness, do not edit

Doing analysis at TEMP = 27.000000 and TNOM = 27.000000

Using SPARSE 1.3 as Direct Linear Solver

No. of Data Rows : 2
voa = -8.347170016e-04
Reset re-loads circuit * comparator-offset-gof @ tt_27c_3.30v -- generated by sim/harness, do not edit

Circuit: * comparator-offset-gof @ tt_27c_3.30v -- generated by sim/harness, do not edit

Doing analysis at TEMP = 27.000000 and TNOM = 27.000000

Using SPARSE 1.3 as Direct Linear Solver

No. of Data Rows : 2
voa = -8.972076750e-04
Reset re-loads circuit * comparator-offset-gof @ tt_27c_3.30v -- generated by sim/harness, do not edit

Circuit: * comparator-offset-gof @ tt_27c_3.30v -- generated by sim/harness, do not edit

Doing analysis at TEMP = 27.000000 and TNOM = 27.000000

Using SPARSE 1.3 as Direct Linear Solver

No. of Data Rows : 2
voa = -2.020573641e-03
Reset re-loads circuit * comparator-offset-gof @ tt_27c_3.30v -- generated by sim/harness, do not edit

Circuit: * comparator-offset-gof @ tt_27c_3.30v -- generated by sim/harness, do not edit

Doing analysis at TEMP = 27.000000 and TNOM = 27.000000

Using SPARSE 1.3 as Direct Linear Solver

No. of Data Rows : 2
voa = 4.2710802199e-04
Reset re-loads circuit * comparator-offset-gof @ tt_27c_3.30v -- generated by sim/harness, do not edit

Circuit: * comparator-offset-gof @ tt_27c_3.30v -- generated by sim/harness, do not edit

Doing analysis at TEMP = 27.000000 and TNOM = 27.000000

Using SPARSE 1.3 as Direct Linear Solver

No. of Data Rows : 2
voa = 1.5368959957e-04
Reset re-loads circuit * comparator-offset-gof @ tt_27c_3.30v -- generated by sim/harness, do not edit

Circuit: * comparator-offset-gof @ tt_27c_3.30v -- generated by sim/harness, do not edit

Doing analysis at TEMP = 27.000000 and TNOM = 27.000000

Using SPARSE 1.3 as Direct Linear Solver

No. of Data Rows : 2
voa = 2.0957202666e-03
Reset re-loads circuit * comparator-offset-gof @ tt_27c_3.30v -- generated by sim/harness, do not edit

Circuit: * comparator-offset-gof @ tt_27c_3.30v -- generated by sim/harness, do not edit

Doing analysis at TEMP = 27.000000 and TNOM = 27.000000

Using SPARSE 1.3 as Direct Linear Solver

No. of Data Rows : 2
voa = 2.1368852894e-03
Reset re-loads circuit * comparator-offset-gof @ tt_27c_3.30v -- generated by sim/harness, do not edit

Circuit: * comparator-offset-gof @ tt_27c_3.30v -- generated by sim/harness, do not edit

Doing analysis at TEMP = 27.000000 and TNOM = 27.000000

Using SPARSE 1.3 as Direct Linear Solver

No. of Data Rows : 2
voa = -6.802325483e-04
Reset re-loads circuit * comparator-offset-gof @ tt_27c_3.30v -- generated by sim/harness, do not edit

Circuit: * comparator-offset-gof @ tt_27c_3.30v -- generated by sim/harness, do not edit

Doing analysis at TEMP = 27.000000 and TNOM = 27.000000

Using SPARSE 1.3 as Direct Linear Solver

No. of Data Rows : 2
voa = 1.2192118632e-03
Reset re-loads circuit * comparator-offset-gof @ tt_27c_3.30v -- generated by sim/harness, do not edit

Circuit: * comparator-offset-gof @ tt_27c_3.30v -- generated by sim/harness, do not edit

Doing analysis at TEMP = 27.000000 and TNOM = 27.000000

Using SPARSE 1.3 as Direct Linear Solver

No. of Data Rows : 2
voa = -1.934329370e-03
Reset re-loads circuit * comparator-offset-gof @ tt_27c_3.30v -- generated by sim/harness, do not edit

Circuit: * comparator-offset-gof @ tt_27c_3.30v -- generated by sim/harness, do not edit

Doing analysis at TEMP = 27.000000 and TNOM = 27.000000

Using SPARSE 1.3 as Direct Linear Solver

No. of Data Rows : 2
voa = -2.222235781e-04
Reset re-loads circuit * comparator-offset-gof @ tt_27c_3.30v -- generated by sim/harness, do not edit

Circuit: * comparator-offset-gof @ tt_27c_3.30v -- generated by sim/harness, do not edit

Doing analysis at TEMP = 27.000000 and TNOM = 27.000000

Using SPARSE 1.3 as Direct Linear Solver

No. of Data Rows : 2
voa = -2.297914238e-03
Reset re-loads circuit * comparator-offset-gof @ tt_27c_3.30v -- generated by sim/harness, do not edit

Circuit: * comparator-offset-gof @ tt_27c_3.30v -- generated by sim/harness, do not edit

Doing analysis at TEMP = 27.000000 and TNOM = 27.000000

Using SPARSE 1.3 as Direct Linear Solver

No. of Data Rows : 2
voa = 6.4398819723e-04
Reset re-loads circuit * comparator-offset-gof @ tt_27c_3.30v -- generated by sim/harness, do not edit

Circuit: * comparator-offset-gof @ tt_27c_3.30v -- generated by sim/harness, do not edit

Doing analysis at TEMP = 27.000000 and TNOM = 27.000000

Using SPARSE 1.3 as Direct Linear Solver

No. of Data Rows : 2
voa = 1.2600175926e-03
Reset re-loads circuit * comparator-offset-gof @ tt_27c_3.30v -- generated by sim/harness, do not edit

Circuit: * comparator-offset-gof @ tt_27c_3.30v -- generated by sim/harness, do not edit

Doing analysis at TEMP = 27.000000 and TNOM = 27.000000

Using SPARSE 1.3 as Direct Linear Solver

No. of Data Rows : 2
voa = 5.7586456954e-04
Reset re-loads circuit * comparator-offset-gof @ tt_27c_3.30v -- generated by sim/harness, do not edit

Circuit: * comparator-offset-gof @ tt_27c_3.30v -- generated by sim/harness, do not edit

Doing analysis at TEMP = 27.000000 and TNOM = 27.000000

Using SPARSE 1.3 as Direct Linear Solver

No. of Data Rows : 2
voa = 1.6668180923e-03
Reset re-loads circuit * comparator-offset-gof @ tt_27c_3.30v -- generated by sim/harness, do not edit

Circuit: * comparator-offset-gof @ tt_27c_3.30v -- generated by sim/harness, do not edit

Doing analysis at TEMP = 27.000000 and TNOM = 27.000000

Using SPARSE 1.3 as Direct Linear Solver

No. of Data Rows : 2
voa = 8.1543631556e-05
Reset re-loads circuit * comparator-offset-gof @ tt_27c_3.30v -- generated by sim/harness, do not edit

Circuit: * comparator-offset-gof @ tt_27c_3.30v -- generated by sim/harness, do not edit

Doing analysis at TEMP = 27.000000 and TNOM = 27.000000

Using SPARSE 1.3 as Direct Linear Solver

No. of Data Rows : 2
voa = -3.569588178e-04
Reset re-loads circuit * comparator-offset-gof @ tt_27c_3.30v -- generated by sim/harness, do not edit

Circuit: * comparator-offset-gof @ tt_27c_3.30v -- generated by sim/harness, do not edit

Doing analysis at TEMP = 27.000000 and TNOM = 27.000000

Using SPARSE 1.3 as Direct Linear Solver

No. of Data Rows : 2
voa = 1.4809013382e-03
Reset re-loads circuit * comparator-offset-gof @ tt_27c_3.30v -- generated by sim/harness, do not edit

Circuit: * comparator-offset-gof @ tt_27c_3.30v -- generated by sim/harness, do not edit

Doing analysis at TEMP = 27.000000 and TNOM = 27.000000

Using SPARSE 1.3 as Direct Linear Solver
 Reference value :  0.00000e+00
No. of Data Rows : 2
voa = 8.8948161758e-04
Reset re-loads circuit * comparator-offset-gof @ tt_27c_3.30v -- generated by sim/harness, do not edit

Circuit: * comparator-offset-gof @ tt_27c_3.30v -- generated by sim/harness, do not edit

Doing analysis at TEMP = 27.000000 and TNOM = 27.000000

Using SPARSE 1.3 as Direct Linear Solver

No. of Data Rows : 2
voa = 1.0791663698e-03
Reset re-loads circuit * comparator-offset-gof @ tt_27c_3.30v -- generated by sim/harness, do not edit

Circuit: * comparator-offset-gof @ tt_27c_3.30v -- generated by sim/harness, do not edit

Doing analysis at TEMP = 27.000000 and TNOM = 27.000000

Using SPARSE 1.3 as Direct Linear Solver

No. of Data Rows : 2
voa = -8.977953596e-04
Reset re-loads circuit * comparator-offset-gof @ tt_27c_3.30v -- generated by sim/harness, do not edit

Circuit: * comparator-offset-gof @ tt_27c_3.30v -- generated by sim/harness, do not edit

Doing analysis at TEMP = 27.000000 and TNOM = 27.000000

Using SPARSE 1.3 as Direct Linear Solver

No. of Data Rows : 2
voa = 2.0427629856e-03
Reset re-loads circuit * comparator-offset-gof @ tt_27c_3.30v -- generated by sim/harness, do not edit

Circuit: * comparator-offset-gof @ tt_27c_3.30v -- generated by sim/harness, do not edit

Doing analysis at TEMP = 27.000000 and TNOM = 27.000000

Using SPARSE 1.3 as Direct Linear Solver

No. of Data Rows : 2
voa = 1.7123251909e-03
Reset re-loads circuit * comparator-offset-gof @ tt_27c_3.30v -- generated by sim/harness, do not edit

Circuit: * comparator-offset-gof @ tt_27c_3.30v -- generated by sim/harness, do not edit

Doing analysis at TEMP = 27.000000 and TNOM = 27.000000

Using SPARSE 1.3 as Direct Linear Solver

No. of Data Rows : 2
voa = -1.308964411e-03
Reset re-loads circuit * comparator-offset-gof @ tt_27c_3.30v -- generated by sim/harness, do not edit

Circuit: * comparator-offset-gof @ tt_27c_3.30v -- generated by sim/harness, do not edit

Doing analysis at TEMP = 27.000000 and TNOM = 27.000000

Using SPARSE 1.3 as Direct Linear Solver

No. of Data Rows : 2
voa = 1.0776412228e-03
Reset re-loads circuit * comparator-offset-gof @ tt_27c_3.30v -- generated by sim/harness, do not edit

Circuit: * comparator-offset-gof @ tt_27c_3.30v -- generated by sim/harness, do not edit

Doing analysis at TEMP = 27.000000 and TNOM = 27.000000

Using SPARSE 1.3 as Direct Linear Solver

No. of Data Rows : 2
voa = -2.635717189e-04
Reset re-loads circuit * comparator-offset-gof @ tt_27c_3.30v -- generated by sim/harness, do not edit

Circuit: * comparator-offset-gof @ tt_27c_3.30v -- generated by sim/harness, do not edit

Doing analysis at TEMP = 27.000000 and TNOM = 27.000000

Using SPARSE 1.3 as Direct Linear Solver

No. of Data Rows : 2
voa = 2.3195510064e-04
Reset re-loads circuit * comparator-offset-gof @ tt_27c_3.30v -- generated by sim/harness, do not edit

Circuit: * comparator-offset-gof @ tt_27c_3.30v -- generated by sim/harness, do not edit

Doing analysis at TEMP = 27.000000 and TNOM = 27.000000

Using SPARSE 1.3 as Direct Linear Solver

No. of Data Rows : 2
voa = -3.003100183e-04
Reset re-loads circuit * comparator-offset-gof @ tt_27c_3.30v -- generated by sim/harness, do not edit

Circuit: * comparator-offset-gof @ tt_27c_3.30v -- generated by sim/harness, do not edit

Doing analysis at TEMP = 27.000000 and TNOM = 27.000000

Using SPARSE 1.3 as Direct Linear Solver

No. of Data Rows : 2
voa = 6.5216707769e-04
Reset re-loads circuit * comparator-offset-gof @ tt_27c_3.30v -- generated by sim/harness, do not edit

Circuit: * comparator-offset-gof @ tt_27c_3.30v -- generated by sim/harness, do not edit

Doing analysis at TEMP = 27.000000 and TNOM = 27.000000

Using SPARSE 1.3 as Direct Linear Solver

No. of Data Rows : 2
voa = -3.297789257e-03
Reset re-loads circuit * comparator-offset-gof @ tt_27c_3.30v -- generated by sim/harness, do not edit

Circuit: * comparator-offset-gof @ tt_27c_3.30v -- generated by sim/harness, do not edit

Doing analysis at TEMP = 27.000000 and TNOM = 27.000000

Using SPARSE 1.3 as Direct Linear Solver

No. of Data Rows : 2
voa = 4.2970855689e-04
Reset re-loads circuit * comparator-offset-gof @ tt_27c_3.30v -- generated by sim/harness, do not edit

Circuit: * comparator-offset-gof @ tt_27c_3.30v -- generated by sim/harness, do not edit

Doing analysis at TEMP = 27.000000 and TNOM = 27.000000

Using SPARSE 1.3 as Direct Linear Solver

No. of Data Rows : 2
voa = 1.7160105390e-04
Reset re-loads circuit * comparator-offset-gof @ tt_27c_3.30v -- generated by sim/harness, do not edit

Circuit: * comparator-offset-gof @ tt_27c_3.30v -- generated by sim/harness, do not edit

Doing analysis at TEMP = 27.000000 and TNOM = 27.000000

Using SPARSE 1.3 as Direct Linear Solver

No. of Data Rows : 2
voa = -1.422267711e-03
Reset re-loads circuit * comparator-offset-gof @ tt_27c_3.30v -- generated by sim/harness, do not edit

Circuit: * comparator-offset-gof @ tt_27c_3.30v -- generated by sim/harness, do not edit

Doing analysis at TEMP = 27.000000 and TNOM = 27.000000

Using SPARSE 1.3 as Direct Linear Solver

No. of Data Rows : 2
voa = 6.9923964228e-04
Reset re-loads circuit * comparator-offset-gof @ tt_27c_3.30v -- generated by sim/harness, do not edit

Circuit: * comparator-offset-gof @ tt_27c_3.30v -- generated by sim/harness, do not edit

Doing analysis at TEMP = 27.000000 and TNOM = 27.000000

Using SPARSE 1.3 as Direct Linear Solver

No. of Data Rows : 2
voa = -3.789057878e-04
Reset re-loads circuit * comparator-offset-gof @ tt_27c_3.30v -- generated by sim/harness, do not edit

Circuit: * comparator-offset-gof @ tt_27c_3.30v -- generated by sim/harness, do not edit

Doing analysis at TEMP = 27.000000 and TNOM = 27.000000

Using SPARSE 1.3 as Direct Linear Solver

No. of Data Rows : 2
voa = 1.0826131797e-03
Reset re-loads circuit * comparator-offset-gof @ tt_27c_3.30v -- generated by sim/harness, do not edit

Circuit: * comparator-offset-gof @ tt_27c_3.30v -- generated by sim/harness, do not edit

Doing analysis at TEMP = 27.000000 and TNOM = 27.000000

Using SPARSE 1.3 as Direct Linear Solver

No. of Data Rows : 2
voa = -7.141361114e-04
Reset re-loads circuit * comparator-offset-gof @ tt_27c_3.30v -- generated by sim/harness, do not edit

Circuit: * comparator-offset-gof @ tt_27c_3.30v -- generated by sim/harness, do not edit

Doing analysis at TEMP = 27.000000 and TNOM = 27.000000

Using SPARSE 1.3 as Direct Linear Solver

No. of Data Rows : 2
voa = -2.487270715e-06
Reset re-loads circuit * comparator-offset-gof @ tt_27c_3.30v -- generated by sim/harness, do not edit

Circuit: * comparator-offset-gof @ tt_27c_3.30v -- generated by sim/harness, do not edit

Doing analysis at TEMP = 27.000000 and TNOM = 27.000000

Using SPARSE 1.3 as Direct Linear Solver

No. of Data Rows : 2
voa = -3.148222139e-03
Reset re-loads circuit * comparator-offset-gof @ tt_27c_3.30v -- generated by sim/harness, do not edit

Circuit: * comparator-offset-gof @ tt_27c_3.30v -- generated by sim/harness, do not edit

Doing analysis at TEMP = 27.000000 and TNOM = 27.000000

Using SPARSE 1.3 as Direct Linear Solver

No. of Data Rows : 2
voa = 8.2915191271e-04
Reset re-loads circuit * comparator-offset-gof @ tt_27c_3.30v -- generated by sim/harness, do not edit

Circuit: * comparator-offset-gof @ tt_27c_3.30v -- generated by sim/harness, do not edit

Doing analysis at TEMP = 27.000000 and TNOM = 27.000000

Using SPARSE 1.3 as Direct Linear Solver

No. of Data Rows : 2
voa = -4.837335372e-04
Reset re-loads circuit * comparator-offset-gof @ tt_27c_3.30v -- generated by sim/harness, do not edit

Circuit: * comparator-offset-gof @ tt_27c_3.30v -- generated by sim/harness, do not edit

Doing analysis at TEMP = 27.000000 and TNOM = 27.000000

Using SPARSE 1.3 as Direct Linear Solver

No. of Data Rows : 2
voa = -3.232126410e-03
Reset re-loads circuit * comparator-offset-gof @ tt_27c_3.30v -- generated by sim/harness, do not edit

Circuit: * comparator-offset-gof @ tt_27c_3.30v -- generated by sim/harness, do not edit

Doing analysis at TEMP = 27.000000 and TNOM = 27.000000

Using SPARSE 1.3 as Direct Linear Solver

No. of Data Rows : 2
voa = -1.832230942e-03
Reset re-loads circuit * comparator-offset-gof @ tt_27c_3.30v -- generated by sim/harness, do not edit

Circuit: * comparator-offset-gof @ tt_27c_3.30v -- generated by sim/harness, do not edit

Doing analysis at TEMP = 27.000000 and TNOM = 27.000000

Using SPARSE 1.3 as Direct Linear Solver

No. of Data Rows : 2
voa = -7.747003909e-04
Reset re-loads circuit * comparator-offset-gof @ tt_27c_3.30v -- generated by sim/harness, do not edit

Circuit: * comparator-offset-gof @ tt_27c_3.30v -- generated by sim/harness, do not edit

Doing analysis at TEMP = 27.000000 and TNOM = 27.000000

Using SPARSE 1.3 as Direct Linear Solver

No. of Data Rows : 2
voa = 9.9199592276e-04
Reset re-loads circuit * comparator-offset-gof @ tt_27c_3.30v -- generated by sim/harness, do not edit

Circuit: * comparator-offset-gof @ tt_27c_3.30v -- generated by sim/harness, do not edit

Doing analysis at TEMP = 27.000000 and TNOM = 27.000000

Using SPARSE 1.3 as Direct Linear Solver

No. of Data Rows : 2
voa = -6.250253509e-04
Reset re-loads circuit * comparator-offset-gof @ tt_27c_3.30v -- generated by sim/harness, do not edit

Circuit: * comparator-offset-gof @ tt_27c_3.30v -- generated by sim/harness, do not edit

Doing analysis at TEMP = 27.000000 and TNOM = 27.000000

Using SPARSE 1.3 as Direct Linear Solver

No. of Data Rows : 2
voa = 1.7234432717e-03
Reset re-loads circuit * comparator-offset-gof @ tt_27c_3.30v -- generated by sim/harness, do not edit

Circuit: * comparator-offset-gof @ tt_27c_3.30v -- generated by sim/harness, do not edit

Doing analysis at TEMP = 27.000000 and TNOM = 27.000000

Using SPARSE 1.3 as Direct Linear Solver
 Reference value :  0.00000e+00
No. of Data Rows : 2
voa = 1.2049743881e-03
Reset re-loads circuit * comparator-offset-gof @ tt_27c_3.30v -- generated by sim/harness, do not edit

Circuit: * comparator-offset-gof @ tt_27c_3.30v -- generated by sim/harness, do not edit

Doing analysis at TEMP = 27.000000 and TNOM = 27.000000

Using SPARSE 1.3 as Direct Linear Solver

No. of Data Rows : 2
voa = -6.530579832e-04
Reset re-loads circuit * comparator-offset-gof @ tt_27c_3.30v -- generated by sim/harness, do not edit

Circuit: * comparator-offset-gof @ tt_27c_3.30v -- generated by sim/harness, do not edit

Doing analysis at TEMP = 27.000000 and TNOM = 27.000000

Using SPARSE 1.3 as Direct Linear Solver

No. of Data Rows : 2
voa = -6.902784004e-04
Reset re-loads circuit * comparator-offset-gof @ tt_27c_3.30v -- generated by sim/harness, do not edit

Circuit: * comparator-offset-gof @ tt_27c_3.30v -- generated by sim/harness, do not edit

Doing analysis at TEMP = 27.000000 and TNOM = 27.000000

Using SPARSE 1.3 as Direct Linear Solver

No. of Data Rows : 2
voa = 1.2683819758e-03
Reset re-loads circuit * comparator-offset-gof @ tt_27c_3.30v -- generated by sim/harness, do not edit

Circuit: * comparator-offset-gof @ tt_27c_3.30v -- generated by sim/harness, do not edit

Doing analysis at TEMP = 27.000000 and TNOM = 27.000000

Using SPARSE 1.3 as Direct Linear Solver

No. of Data Rows : 2
voa = 9.3486105496e-04
Reset re-loads circuit * comparator-offset-gof @ tt_27c_3.30v -- generated by sim/harness, do not edit

Circuit: * comparator-offset-gof @ tt_27c_3.30v -- generated by sim/harness, do not edit

Doing analysis at TEMP = 27.000000 and TNOM = 27.000000

Using SPARSE 1.3 as Direct Linear Solver

No. of Data Rows : 2
voa = -1.027595908e-03
Reset re-loads circuit * comparator-offset-gof @ tt_27c_3.30v -- generated by sim/harness, do not edit

Circuit: * comparator-offset-gof @ tt_27c_3.30v -- generated by sim/harness, do not edit

Doing analysis at TEMP = 27.000000 and TNOM = 27.000000

Using SPARSE 1.3 as Direct Linear Solver

No. of Data Rows : 2
voa = 1.6354622584e-03
Reset re-loads circuit * comparator-offset-gof @ tt_27c_3.30v -- generated by sim/harness, do not edit

Circuit: * comparator-offset-gof @ tt_27c_3.30v -- generated by sim/harness, do not edit

Doing analysis at TEMP = 27.000000 and TNOM = 27.000000

Using SPARSE 1.3 as Direct Linear Solver

No. of Data Rows : 2
voa = 8.9745421864e-04
Reset re-loads circuit * comparator-offset-gof @ tt_27c_3.30v -- generated by sim/harness, do not edit

Circuit: * comparator-offset-gof @ tt_27c_3.30v -- generated by sim/harness, do not edit

Doing analysis at TEMP = 27.000000 and TNOM = 27.000000

Using SPARSE 1.3 as Direct Linear Solver

No. of Data Rows : 2
voa = 1.8133477404e-03
Reset re-loads circuit * comparator-offset-gof @ tt_27c_3.30v -- generated by sim/harness, do not edit

Circuit: * comparator-offset-gof @ tt_27c_3.30v -- generated by sim/harness, do not edit

Doing analysis at TEMP = 27.000000 and TNOM = 27.000000

Using SPARSE 1.3 as Direct Linear Solver

No. of Data Rows : 2
voa = -1.184176267e-03
Reset re-loads circuit * comparator-offset-gof @ tt_27c_3.30v -- generated by sim/harness, do not edit

Circuit: * comparator-offset-gof @ tt_27c_3.30v -- generated by sim/harness, do not edit

Doing analysis at TEMP = 27.000000 and TNOM = 27.000000

Using SPARSE 1.3 as Direct Linear Solver

No. of Data Rows : 2
voa = 1.8270414369e-03
Reset re-loads circuit * comparator-offset-gof @ tt_27c_3.30v -- generated by sim/harness, do not edit

Circuit: * comparator-offset-gof @ tt_27c_3.30v -- generated by sim/harness, do not edit

Doing analysis at TEMP = 27.000000 and TNOM = 27.000000

Using SPARSE 1.3 as Direct Linear Solver

No. of Data Rows : 2
voa = -4.568327591e-04
Reset re-loads circuit * comparator-offset-gof @ tt_27c_3.30v -- generated by sim/harness, do not edit

Circuit: * comparator-offset-gof @ tt_27c_3.30v -- generated by sim/harness, do not edit

Doing analysis at TEMP = 27.000000 and TNOM = 27.000000

Using SPARSE 1.3 as Direct Linear Solver

No. of Data Rows : 2
voa = -1.501984511e-03
Reset re-loads circuit * comparator-offset-gof @ tt_27c_3.30v -- generated by sim/harness, do not edit

Circuit: * comparator-offset-gof @ tt_27c_3.30v -- generated by sim/harness, do not edit

Doing analysis at TEMP = 27.000000 and TNOM = 27.000000

Using SPARSE 1.3 as Direct Linear Solver

No. of Data Rows : 2
voa = -1.205949667e-04
Reset re-loads circuit * comparator-offset-gof @ tt_27c_3.30v -- generated by sim/harness, do not edit

Circuit: * comparator-offset-gof @ tt_27c_3.30v -- generated by sim/harness, do not edit

Doing analysis at TEMP = 27.000000 and TNOM = 27.000000

Using SPARSE 1.3 as Direct Linear Solver

No. of Data Rows : 2
voa = 4.4538368695e-04
Reset re-loads circuit * comparator-offset-gof @ tt_27c_3.30v -- generated by sim/harness, do not edit

Circuit: * comparator-offset-gof @ tt_27c_3.30v -- generated by sim/harness, do not edit

Doing analysis at TEMP = 27.000000 and TNOM = 27.000000

Using SPARSE 1.3 as Direct Linear Solver

No. of Data Rows : 2
voa = 2.4524583164e-04
Reset re-loads circuit * comparator-offset-gof @ tt_27c_3.30v -- generated by sim/harness, do not edit

Circuit: * comparator-offset-gof @ tt_27c_3.30v -- generated by sim/harness, do not edit

Doing analysis at TEMP = 27.000000 and TNOM = 27.000000

Using SPARSE 1.3 as Direct Linear Solver

No. of Data Rows : 2
voa = 1.1440722952e-03
Reset re-loads circuit * comparator-offset-gof @ tt_27c_3.30v -- generated by sim/harness, do not edit

Circuit: * comparator-offset-gof @ tt_27c_3.30v -- generated by sim/harness, do not edit

Doing analysis at TEMP = 27.000000 and TNOM = 27.000000

Using SPARSE 1.3 as Direct Linear Solver

No. of Data Rows : 2
voa = -2.463686587e-03
Reset re-loads circuit * comparator-offset-gof @ tt_27c_3.30v -- generated by sim/harness, do not edit

Circuit: * comparator-offset-gof @ tt_27c_3.30v -- generated by sim/harness, do not edit

Doing analysis at TEMP = 27.000000 and TNOM = 27.000000

Using SPARSE 1.3 as Direct Linear Solver

No. of Data Rows : 2
voa = -7.779104062e-04
Reset re-loads circuit * comparator-offset-gof @ tt_27c_3.30v -- generated by sim/harness, do not edit

Circuit: * comparator-offset-gof @ tt_27c_3.30v -- generated by sim/harness, do not edit

Doing analysis at TEMP = 27.000000 and TNOM = 27.000000

Using SPARSE 1.3 as Direct Linear Solver

No. of Data Rows : 2
voa = -6.997996971e-04
Reset re-loads circuit * comparator-offset-gof @ tt_27c_3.30v -- generated by sim/harness, do not edit

Circuit: * comparator-offset-gof @ tt_27c_3.30v -- generated by sim/harness, do not edit

Doing analysis at TEMP = 27.000000 and TNOM = 27.000000

Using SPARSE 1.3 as Direct Linear Solver

No. of Data Rows : 2
voa = 1.7964048315e-03
Reset re-loads circuit * comparator-offset-gof @ tt_27c_3.30v -- generated by sim/harness, do not edit

Circuit: * comparator-offset-gof @ tt_27c_3.30v -- generated by sim/harness, do not edit

Doing analysis at TEMP = 27.000000 and TNOM = 27.000000

Using SPARSE 1.3 as Direct Linear Solver

No. of Data Rows : 2
voa = -6.015850873e-04
Reset re-loads circuit * comparator-offset-gof @ tt_27c_3.30v -- generated by sim/harness, do not edit

Circuit: * comparator-offset-gof @ tt_27c_3.30v -- generated by sim/harness, do not edit

Doing analysis at TEMP = 27.000000 and TNOM = 27.000000

Using SPARSE 1.3 as Direct Linear Solver

No. of Data Rows : 2
voa = 9.8067620352e-04
Reset re-loads circuit * comparator-offset-gof @ tt_27c_3.30v -- generated by sim/harness, do not edit

Circuit: * comparator-offset-gof @ tt_27c_3.30v -- generated by sim/harness, do not edit

Doing analysis at TEMP = 27.000000 and TNOM = 27.000000

Using SPARSE 1.3 as Direct Linear Solver

No. of Data Rows : 2
voa = -7.707722666e-04
Reset re-loads circuit * comparator-offset-gof @ tt_27c_3.30v -- generated by sim/harness, do not edit

Circuit: * comparator-offset-gof @ tt_27c_3.30v -- generated by sim/harness, do not edit

Doing analysis at TEMP = 27.000000 and TNOM = 27.000000

Using SPARSE 1.3 as Direct Linear Solver

No. of Data Rows : 2
voa = 2.8058926237e-03
Reset re-loads circuit * comparator-offset-gof @ tt_27c_3.30v -- generated by sim/harness, do not edit

Circuit: * comparator-offset-gof @ tt_27c_3.30v -- generated by sim/harness, do not edit

Doing analysis at TEMP = 27.000000 and TNOM = 27.000000

Using SPARSE 1.3 as Direct Linear Solver

No. of Data Rows : 2
voa = -1.004454854e-03
Reset re-loads circuit * comparator-offset-gof @ tt_27c_3.30v -- generated by sim/harness, do not edit

Circuit: * comparator-offset-gof @ tt_27c_3.30v -- generated by sim/harness, do not edit

Doing analysis at TEMP = 27.000000 and TNOM = 27.000000

Using SPARSE 1.3 as Direct Linear Solver
 Reference value :  0.00000e+00
No. of Data Rows : 2
voa = -3.089160528e-03
Reset re-loads circuit * comparator-offset-gof @ tt_27c_3.30v -- generated by sim/harness, do not edit

Circuit: * comparator-offset-gof @ tt_27c_3.30v -- generated by sim/harness, do not edit

Doing analysis at TEMP = 27.000000 and TNOM = 27.000000

Using SPARSE 1.3 as Direct Linear Solver

No. of Data Rows : 2
voa = -2.426082140e-03
Reset re-loads circuit * comparator-offset-gof @ tt_27c_3.30v -- generated by sim/harness, do not edit

Circuit: * comparator-offset-gof @ tt_27c_3.30v -- generated by sim/harness, do not edit

Doing analysis at TEMP = 27.000000 and TNOM = 27.000000

Using SPARSE 1.3 as Direct Linear Solver

No. of Data Rows : 2
voa = -2.026507739e-03
Reset re-loads circuit * comparator-offset-gof @ tt_27c_3.30v -- generated by sim/harness, do not edit

Circuit: * comparator-offset-gof @ tt_27c_3.30v -- generated by sim/harness, do not edit

Doing analysis at TEMP = 27.000000 and TNOM = 27.000000

Using SPARSE 1.3 as Direct Linear Solver

No. of Data Rows : 2
voa = 1.1365111362e-04
Reset re-loads circuit * comparator-offset-gof @ tt_27c_3.30v -- generated by sim/harness, do not edit

Circuit: * comparator-offset-gof @ tt_27c_3.30v -- generated by sim/harness, do not edit

Doing analysis at TEMP = 27.000000 and TNOM = 27.000000

Using SPARSE 1.3 as Direct Linear Solver

No. of Data Rows : 2
voa = -1.158080979e-04
Reset re-loads circuit * comparator-offset-gof @ tt_27c_3.30v -- generated by sim/harness, do not edit

Circuit: * comparator-offset-gof @ tt_27c_3.30v -- generated by sim/harness, do not edit

Doing analysis at TEMP = 27.000000 and TNOM = 27.000000

Using SPARSE 1.3 as Direct Linear Solver

No. of Data Rows : 2
voa = -2.900317173e-03
Reset re-loads circuit * comparator-offset-gof @ tt_27c_3.30v -- generated by sim/harness, do not edit

Circuit: * comparator-offset-gof @ tt_27c_3.30v -- generated by sim/harness, do not edit

Doing analysis at TEMP = 27.000000 and TNOM = 27.000000

Using SPARSE 1.3 as Direct Linear Solver

No. of Data Rows : 2
voa = 2.2908845707e-03
Reset re-loads circuit * comparator-offset-gof @ tt_27c_3.30v -- generated by sim/harness, do not edit

Circuit: * comparator-offset-gof @ tt_27c_3.30v -- generated by sim/harness, do not edit

Doing analysis at TEMP = 27.000000 and TNOM = 27.000000

Using SPARSE 1.3 as Direct Linear Solver

No. of Data Rows : 2
voa = 3.0088122604e-04
Reset re-loads circuit * comparator-offset-gof @ tt_27c_3.30v -- generated by sim/harness, do not edit

Circuit: * comparator-offset-gof @ tt_27c_3.30v -- generated by sim/harness, do not edit

Doing analysis at TEMP = 27.000000 and TNOM = 27.000000

Using SPARSE 1.3 as Direct Linear Solver

No. of Data Rows : 2
voa = -1.059911877e-04
Reset re-loads circuit * comparator-offset-gof @ tt_27c_3.30v -- generated by sim/harness, do not edit

Circuit: * comparator-offset-gof @ tt_27c_3.30v -- generated by sim/harness, do not edit

Doing analysis at TEMP = 27.000000 and TNOM = 27.000000

Using SPARSE 1.3 as Direct Linear Solver

No. of Data Rows : 2
voa = -2.899677621e-04
Reset re-loads circuit * comparator-offset-gof @ tt_27c_3.30v -- generated by sim/harness, do not edit

Circuit: * comparator-offset-gof @ tt_27c_3.30v -- generated by sim/harness, do not edit

Doing analysis at TEMP = 27.000000 and TNOM = 27.000000

Using SPARSE 1.3 as Direct Linear Solver

No. of Data Rows : 2
voa = -3.691184781e-04
Reset re-loads circuit * comparator-offset-gof @ tt_27c_3.30v -- generated by sim/harness, do not edit

Circuit: * comparator-offset-gof @ tt_27c_3.30v -- generated by sim/harness, do not edit

Doing analysis at TEMP = 27.000000 and TNOM = 27.000000

Using SPARSE 1.3 as Direct Linear Solver

No. of Data Rows : 2
voa = -1.159513440e-03
Reset re-loads circuit * comparator-offset-gof @ tt_27c_3.30v -- generated by sim/harness, do not edit

Circuit: * comparator-offset-gof @ tt_27c_3.30v -- generated by sim/harness, do not edit

Doing analysis at TEMP = 27.000000 and TNOM = 27.000000

Using SPARSE 1.3 as Direct Linear Solver

No. of Data Rows : 2
voa = -6.631956660e-04
Reset re-loads circuit * comparator-offset-gof @ tt_27c_3.30v -- generated by sim/harness, do not edit

Circuit: * comparator-offset-gof @ tt_27c_3.30v -- generated by sim/harness, do not edit

Doing analysis at TEMP = 27.000000 and TNOM = 27.000000

Using SPARSE 1.3 as Direct Linear Solver

No. of Data Rows : 2
voa = 1.3355544716e-03
Reset re-loads circuit * comparator-offset-gof @ tt_27c_3.30v -- generated by sim/harness, do not edit

Circuit: * comparator-offset-gof @ tt_27c_3.30v -- generated by sim/harness, do not edit

Doing analysis at TEMP = 27.000000 and TNOM = 27.000000

Using SPARSE 1.3 as Direct Linear Solver

No. of Data Rows : 2
voa = 7.5424717381e-05
Reset re-loads circuit * comparator-offset-gof @ tt_27c_3.30v -- generated by sim/harness, do not edit

Circuit: * comparator-offset-gof @ tt_27c_3.30v -- generated by sim/harness, do not edit

Doing analysis at TEMP = 27.000000 and TNOM = 27.000000

Using SPARSE 1.3 as Direct Linear Solver

No. of Data Rows : 2
voa = -2.368130727e-03
Reset re-loads circuit * comparator-offset-gof @ tt_27c_3.30v -- generated by sim/harness, do not edit

Circuit: * comparator-offset-gof @ tt_27c_3.30v -- generated by sim/harness, do not edit

Doing analysis at TEMP = 27.000000 and TNOM = 27.000000

Using SPARSE 1.3 as Direct Linear Solver

No. of Data Rows : 2
voa = 1.3090747751e-05
Reset re-loads circuit * comparator-offset-gof @ tt_27c_3.30v -- generated by sim/harness, do not edit

Circuit: * comparator-offset-gof @ tt_27c_3.30v -- generated by sim/harness, do not edit

Doing analysis at TEMP = 27.000000 and TNOM = 27.000000

Using SPARSE 1.3 as Direct Linear Solver

No. of Data Rows : 2
voa = -4.382970857e-04
Reset re-loads circuit * comparator-offset-gof @ tt_27c_3.30v -- generated by sim/harness, do not edit

Circuit: * comparator-offset-gof @ tt_27c_3.30v -- generated by sim/harness, do not edit

Doing analysis at TEMP = 27.000000 and TNOM = 27.000000

Using SPARSE 1.3 as Direct Linear Solver

No. of Data Rows : 2
voa = 5.0819354149e-06
Reset re-loads circuit * comparator-offset-gof @ tt_27c_3.30v -- generated by sim/harness, do not edit

Circuit: * comparator-offset-gof @ tt_27c_3.30v -- generated by sim/harness, do not edit

Doing analysis at TEMP = 27.000000 and TNOM = 27.000000

Using SPARSE 1.3 as Direct Linear Solver

No. of Data Rows : 2
voa = -1.095985563e-03
Reset re-loads circuit * comparator-offset-gof @ tt_27c_3.30v -- generated by sim/harness, do not edit

Circuit: * comparator-offset-gof @ tt_27c_3.30v -- generated by sim/harness, do not edit

Doing analysis at TEMP = 27.000000 and TNOM = 27.000000

Using SPARSE 1.3 as Direct Linear Solver

No. of Data Rows : 2
voa = 1.0805993842e-03
Reset re-loads circuit * comparator-offset-gof @ tt_27c_3.30v -- generated by sim/harness, do not edit

Circuit: * comparator-offset-gof @ tt_27c_3.30v -- generated by sim/harness, do not edit

Doing analysis at TEMP = 27.000000 and TNOM = 27.000000

Using SPARSE 1.3 as Direct Linear Solver

No. of Data Rows : 2
voa = 7.0343863506e-04
Reset re-loads circuit * comparator-offset-gof @ tt_27c_3.30v -- generated by sim/harness, do not edit

Circuit: * comparator-offset-gof @ tt_27c_3.30v -- generated by sim/harness, do not edit

Doing analysis at TEMP = 27.000000 and TNOM = 27.000000

Using SPARSE 1.3 as Direct Linear Solver

No. of Data Rows : 2
voa = -3.763924774e-04
Reset re-loads circuit * comparator-offset-gof @ tt_27c_3.30v -- generated by sim/harness, do not edit

Circuit: * comparator-offset-gof @ tt_27c_3.30v -- generated by sim/harness, do not edit

Doing analysis at TEMP = 27.000000 and TNOM = 27.000000

Using SPARSE 1.3 as Direct Linear Solver

No. of Data Rows : 2
voa = 4.6471292721e-04
Reset re-loads circuit * comparator-offset-gof @ tt_27c_3.30v -- generated by sim/harness, do not edit

Circuit: * comparator-offset-gof @ tt_27c_3.30v -- generated by sim/harness, do not edit

Doing analysis at TEMP = 27.000000 and TNOM = 27.000000

Using SPARSE 1.3 as Direct Linear Solver
 Reference value :  0.00000e+00
No. of Data Rows : 2
voa = 1.3751120281e-04
Reset re-loads circuit * comparator-offset-gof @ tt_27c_3.30v -- generated by sim/harness, do not edit

Circuit: * comparator-offset-gof @ tt_27c_3.30v -- generated by sim/harness, do not edit

Doing analysis at TEMP = 27.000000 and TNOM = 27.000000

Using SPARSE 1.3 as Direct Linear Solver

No. of Data Rows : 2
voa = 9.5490884775e-04
Reset re-loads circuit * comparator-offset-gof @ tt_27c_3.30v -- generated by sim/harness, do not edit

Circuit: * comparator-offset-gof @ tt_27c_3.30v -- generated by sim/harness, do not edit

Doing analysis at TEMP = 27.000000 and TNOM = 27.000000

Using SPARSE 1.3 as Direct Linear Solver

No. of Data Rows : 2
voa = 1.1690611569e-03
Reset re-loads circuit * comparator-offset-gof @ tt_27c_3.30v -- generated by sim/harness, do not edit

Circuit: * comparator-offset-gof @ tt_27c_3.30v -- generated by sim/harness, do not edit

Doing analysis at TEMP = 27.000000 and TNOM = 27.000000

Using SPARSE 1.3 as Direct Linear Solver

No. of Data Rows : 2
voa = 4.9042163859e-04
Reset re-loads circuit * comparator-offset-gof @ tt_27c_3.30v -- generated by sim/harness, do not edit

Circuit: * comparator-offset-gof @ tt_27c_3.30v -- generated by sim/harness, do not edit

Doing analysis at TEMP = 27.000000 and TNOM = 27.000000

Using SPARSE 1.3 as Direct Linear Solver

No. of Data Rows : 2
voa = 4.1308853292e-04
Reset re-loads circuit * comparator-offset-gof @ tt_27c_3.30v -- generated by sim/harness, do not edit

Circuit: * comparator-offset-gof @ tt_27c_3.30v -- generated by sim/harness, do not edit

Doing analysis at TEMP = 27.000000 and TNOM = 27.000000

Using SPARSE 1.3 as Direct Linear Solver

No. of Data Rows : 2
voa = 3.2494361122e-05
Reset re-loads circuit * comparator-offset-gof @ tt_27c_3.30v -- generated by sim/harness, do not edit

Circuit: * comparator-offset-gof @ tt_27c_3.30v -- generated by sim/harness, do not edit

Doing analysis at TEMP = 27.000000 and TNOM = 27.000000

Using SPARSE 1.3 as Direct Linear Solver

No. of Data Rows : 2
voa = 7.2198516776e-04
Reset re-loads circuit * comparator-offset-gof @ tt_27c_3.30v -- generated by sim/harness, do not edit

Circuit: * comparator-offset-gof @ tt_27c_3.30v -- generated by sim/harness, do not edit

Doing analysis at TEMP = 27.000000 and TNOM = 27.000000

Using SPARSE 1.3 as Direct Linear Solver

No. of Data Rows : 2
voa = 6.7692369973e-04
Reset re-loads circuit * comparator-offset-gof @ tt_27c_3.30v -- generated by sim/harness, do not edit

Circuit: * comparator-offset-gof @ tt_27c_3.30v -- generated by sim/harness, do not edit

Doing analysis at TEMP = 27.000000 and TNOM = 27.000000

Using SPARSE 1.3 as Direct Linear Solver

No. of Data Rows : 2
voa = -2.690218381e-03
Reset re-loads circuit * comparator-offset-gof @ tt_27c_3.30v -- generated by sim/harness, do not edit

Circuit: * comparator-offset-gof @ tt_27c_3.30v -- generated by sim/harness, do not edit

Doing analysis at TEMP = 27.000000 and TNOM = 27.000000

Using SPARSE 1.3 as Direct Linear Solver

No. of Data Rows : 2
voa = 4.6043865527e-04
Reset re-loads circuit * comparator-offset-gof @ tt_27c_3.30v -- generated by sim/harness, do not edit

Circuit: * comparator-offset-gof @ tt_27c_3.30v -- generated by sim/harness, do not edit

Doing analysis at TEMP = 27.000000 and TNOM = 27.000000

Using SPARSE 1.3 as Direct Linear Solver

No. of Data Rows : 2
voa = 1.5470851752e-03
Reset re-loads circuit * comparator-offset-gof @ tt_27c_3.30v -- generated by sim/harness, do not edit

Circuit: * comparator-offset-gof @ tt_27c_3.30v -- generated by sim/harness, do not edit

Doing analysis at TEMP = 27.000000 and TNOM = 27.000000

Using SPARSE 1.3 as Direct Linear Solver

No. of Data Rows : 2
voa = -5.865520212e-04
Reset re-loads circuit * comparator-offset-gof @ tt_27c_3.30v -- generated by sim/harness, do not edit

Circuit: * comparator-offset-gof @ tt_27c_3.30v -- generated by sim/harness, do not edit

Doing analysis at TEMP = 27.000000 and TNOM = 27.000000

Using SPARSE 1.3 as Direct Linear Solver

No. of Data Rows : 2
voa = -1.016712152e-03
Reset re-loads circuit * comparator-offset-gof @ tt_27c_3.30v -- generated by sim/harness, do not edit

Circuit: * comparator-offset-gof @ tt_27c_3.30v -- generated by sim/harness, do not edit

Doing analysis at TEMP = 27.000000 and TNOM = 27.000000

Using SPARSE 1.3 as Direct Linear Solver

No. of Data Rows : 2
voa = 2.4168138141e-03
Reset re-loads circuit * comparator-offset-gof @ tt_27c_3.30v -- generated by sim/harness, do not edit

Circuit: * comparator-offset-gof @ tt_27c_3.30v -- generated by sim/harness, do not edit

Doing analysis at TEMP = 27.000000 and TNOM = 27.000000

Using SPARSE 1.3 as Direct Linear Solver

No. of Data Rows : 2
voa = 9.7275310644e-04
Reset re-loads circuit * comparator-offset-gof @ tt_27c_3.30v -- generated by sim/harness, do not edit

Circuit: * comparator-offset-gof @ tt_27c_3.30v -- generated by sim/harness, do not edit

Doing analysis at TEMP = 27.000000 and TNOM = 27.000000

Using SPARSE 1.3 as Direct Linear Solver

No. of Data Rows : 2
voa = 6.7923961431e-04
Reset re-loads circuit * comparator-offset-gof @ tt_27c_3.30v -- generated by sim/harness, do not edit

Circuit: * comparator-offset-gof @ tt_27c_3.30v -- generated by sim/harness, do not edit

Doing analysis at TEMP = 27.000000 and TNOM = 27.000000

Using SPARSE 1.3 as Direct Linear Solver

No. of Data Rows : 2
voa = 2.3552237836e-03
Reset re-loads circuit * comparator-offset-gof @ tt_27c_3.30v -- generated by sim/harness, do not edit

Circuit: * comparator-offset-gof @ tt_27c_3.30v -- generated by sim/harness, do not edit

Doing analysis at TEMP = 27.000000 and TNOM = 27.000000

Using SPARSE 1.3 as Direct Linear Solver

No. of Data Rows : 2
voa = -1.327935785e-03
Reset re-loads circuit * comparator-offset-gof @ tt_27c_3.30v -- generated by sim/harness, do not edit

Circuit: * comparator-offset-gof @ tt_27c_3.30v -- generated by sim/harness, do not edit

Doing analysis at TEMP = 27.000000 and TNOM = 27.000000

Using SPARSE 1.3 as Direct Linear Solver

No. of Data Rows : 2
voa = 8.5885550889e-04
Reset re-loads circuit * comparator-offset-gof @ tt_27c_3.30v -- generated by sim/harness, do not edit

Circuit: * comparator-offset-gof @ tt_27c_3.30v -- generated by sim/harness, do not edit

Doing analysis at TEMP = 27.000000 and TNOM = 27.000000

Using SPARSE 1.3 as Direct Linear Solver

No. of Data Rows : 2
voa = -2.166751479e-04
Reset re-loads circuit * comparator-offset-gof @ tt_27c_3.30v -- generated by sim/harness, do not edit

Circuit: * comparator-offset-gof @ tt_27c_3.30v -- generated by sim/harness, do not edit

Doing analysis at TEMP = 27.000000 and TNOM = 27.000000

Using SPARSE 1.3 as Direct Linear Solver

No. of Data Rows : 2
voa = -2.152426988e-04
Reset re-loads circuit * comparator-offset-gof @ tt_27c_3.30v -- generated by sim/harness, do not edit

Circuit: * comparator-offset-gof @ tt_27c_3.30v -- generated by sim/harness, do not edit

Doing analysis at TEMP = 27.000000 and TNOM = 27.000000

Using SPARSE 1.3 as Direct Linear Solver

No. of Data Rows : 2
voa = -9.905930303e-04
Reset re-loads circuit * comparator-offset-gof @ tt_27c_3.30v -- generated by sim/harness, do not edit

Circuit: * comparator-offset-gof @ tt_27c_3.30v -- generated by sim/harness, do not edit

Doing analysis at TEMP = 27.000000 and TNOM = 27.000000

Using SPARSE 1.3 as Direct Linear Solver

No. of Data Rows : 2
voa = 1.6285957159e-03
Reset re-loads circuit * comparator-offset-gof @ tt_27c_3.30v -- generated by sim/harness, do not edit

Circuit: * comparator-offset-gof @ tt_27c_3.30v -- generated by sim/harness, do not edit

Doing analysis at TEMP = 27.000000 and TNOM = 27.000000

Using SPARSE 1.3 as Direct Linear Solver

No. of Data Rows : 2
voa = -7.007530827e-04
Reset re-loads circuit * comparator-offset-gof @ tt_27c_3.30v -- generated by sim/harness, do not edit

Circuit: * comparator-offset-gof @ tt_27c_3.30v -- generated by sim/harness, do not edit

Doing analysis at TEMP = 27.000000 and TNOM = 27.000000

Using SPARSE 1.3 as Direct Linear Solver
 Reference value :  0.00000e+00
No. of Data Rows : 2
voa = -2.263470715e-04
Reset re-loads circuit * comparator-offset-gof @ tt_27c_3.30v -- generated by sim/harness, do not edit

Circuit: * comparator-offset-gof @ tt_27c_3.30v -- generated by sim/harness, do not edit

Doing analysis at TEMP = 27.000000 and TNOM = 27.000000

Using SPARSE 1.3 as Direct Linear Solver

No. of Data Rows : 2
voa = 5.4321299505e-04
Reset re-loads circuit * comparator-offset-gof @ tt_27c_3.30v -- generated by sim/harness, do not edit

Circuit: * comparator-offset-gof @ tt_27c_3.30v -- generated by sim/harness, do not edit

Doing analysis at TEMP = 27.000000 and TNOM = 27.000000

Using SPARSE 1.3 as Direct Linear Solver

No. of Data Rows : 2
voa = -2.545526658e-04
Reset re-loads circuit * comparator-offset-gof @ tt_27c_3.30v -- generated by sim/harness, do not edit

Circuit: * comparator-offset-gof @ tt_27c_3.30v -- generated by sim/harness, do not edit

Doing analysis at TEMP = 27.000000 and TNOM = 27.000000

Using SPARSE 1.3 as Direct Linear Solver

No. of Data Rows : 2
voa = 2.5476573730e-04
Reset re-loads circuit * comparator-offset-gof @ tt_27c_3.30v -- generated by sim/harness, do not edit

Circuit: * comparator-offset-gof @ tt_27c_3.30v -- generated by sim/harness, do not edit

Doing analysis at TEMP = 27.000000 and TNOM = 27.000000

Using SPARSE 1.3 as Direct Linear Solver

No. of Data Rows : 2
voa = -1.053619825e-06
Reset re-loads circuit * comparator-offset-gof @ tt_27c_3.30v -- generated by sim/harness, do not edit

Circuit: * comparator-offset-gof @ tt_27c_3.30v -- generated by sim/harness, do not edit

Doing analysis at TEMP = 27.000000 and TNOM = 27.000000

Using SPARSE 1.3 as Direct Linear Solver

No. of Data Rows : 2
voa = -2.336306934e-04
Reset re-loads circuit * comparator-offset-gof @ tt_27c_3.30v -- generated by sim/harness, do not edit

Circuit: * comparator-offset-gof @ tt_27c_3.30v -- generated by sim/harness, do not edit

Doing analysis at TEMP = 27.000000 and TNOM = 27.000000

Using SPARSE 1.3 as Direct Linear Solver

No. of Data Rows : 2
voa = -4.643710079e-04
Reset re-loads circuit * comparator-offset-gof @ tt_27c_3.30v -- generated by sim/harness, do not edit

Circuit: * comparator-offset-gof @ tt_27c_3.30v -- generated by sim/harness, do not edit

Doing analysis at TEMP = 27.000000 and TNOM = 27.000000

Using SPARSE 1.3 as Direct Linear Solver

No. of Data Rows : 2
voa = 1.0082115021e-04
Reset re-loads circuit * comparator-offset-gof @ tt_27c_3.30v -- generated by sim/harness, do not edit

Circuit: * comparator-offset-gof @ tt_27c_3.30v -- generated by sim/harness, do not edit

Doing analysis at TEMP = 27.000000 and TNOM = 27.000000

Using SPARSE 1.3 as Direct Linear Solver

No. of Data Rows : 2
voa = 4.1237346879e-04
Reset re-loads circuit * comparator-offset-gof @ tt_27c_3.30v -- generated by sim/harness, do not edit

Circuit: * comparator-offset-gof @ tt_27c_3.30v -- generated by sim/harness, do not edit

Doing analysis at TEMP = 27.000000 and TNOM = 27.000000

Using SPARSE 1.3 as Direct Linear Solver

No. of Data Rows : 2
voa = 2.2864133166e-03
Reset re-loads circuit * comparator-offset-gof @ tt_27c_3.30v -- generated by sim/harness, do not edit

Circuit: * comparator-offset-gof @ tt_27c_3.30v -- generated by sim/harness, do not edit

Doing analysis at TEMP = 27.000000 and TNOM = 27.000000

Using SPARSE 1.3 as Direct Linear Solver

No. of Data Rows : 2
voa = 1.2186209887e-03
Reset re-loads circuit * comparator-offset-gof @ tt_27c_3.30v -- generated by sim/harness, do not edit

Circuit: * comparator-offset-gof @ tt_27c_3.30v -- generated by sim/harness, do not edit

Doing analysis at TEMP = 27.000000 and TNOM = 27.000000

Using SPARSE 1.3 as Direct Linear Solver

No. of Data Rows : 2
voa = 3.6541077933e-04
Reset re-loads circuit * comparator-offset-gof @ tt_27c_3.30v -- generated by sim/harness, do not edit

Circuit: * comparator-offset-gof @ tt_27c_3.30v -- generated by sim/harness, do not edit

Doing analysis at TEMP = 27.000000 and TNOM = 27.000000

Using SPARSE 1.3 as Direct Linear Solver

No. of Data Rows : 2
voa = 5.9886459081e-04
Reset re-loads circuit * comparator-offset-gof @ tt_27c_3.30v -- generated by sim/harness, do not edit

Circuit: * comparator-offset-gof @ tt_27c_3.30v -- generated by sim/harness, do not edit

Doing analysis at TEMP = 27.000000 and TNOM = 27.000000

Using SPARSE 1.3 as Direct Linear Solver

No. of Data Rows : 2
voa = -2.496577210e-04
Reset re-loads circuit * comparator-offset-gof @ tt_27c_3.30v -- generated by sim/harness, do not edit

Circuit: * comparator-offset-gof @ tt_27c_3.30v -- generated by sim/harness, do not edit

Doing analysis at TEMP = 27.000000 and TNOM = 27.000000

Using SPARSE 1.3 as Direct Linear Solver

No. of Data Rows : 2
voa = 1.6185197415e-03
Reset re-loads circuit * comparator-offset-gof @ tt_27c_3.30v -- generated by sim/harness, do not edit

Circuit: * comparator-offset-gof @ tt_27c_3.30v -- generated by sim/harness, do not edit

Doing analysis at TEMP = 27.000000 and TNOM = 27.000000

Using SPARSE 1.3 as Direct Linear Solver

No. of Data Rows : 2
voa = 7.4702237779e-04
Reset re-loads circuit * comparator-offset-gof @ tt_27c_3.30v -- generated by sim/harness, do not edit

Circuit: * comparator-offset-gof @ tt_27c_3.30v -- generated by sim/harness, do not edit

Doing analysis at TEMP = 27.000000 and TNOM = 27.000000

Using SPARSE 1.3 as Direct Linear Solver

No. of Data Rows : 2
voa = 1.2924324494e-03
Reset re-loads circuit * comparator-offset-gof @ tt_27c_3.30v -- generated by sim/harness, do not edit

Circuit: * comparator-offset-gof @ tt_27c_3.30v -- generated by sim/harness, do not edit

Doing analysis at TEMP = 27.000000 and TNOM = 27.000000

Using SPARSE 1.3 as Direct Linear Solver

No. of Data Rows : 2
voa = 2.8422192892e-04
Reset re-loads circuit * comparator-offset-gof @ tt_27c_3.30v -- generated by sim/harness, do not edit

Circuit: * comparator-offset-gof @ tt_27c_3.30v -- generated by sim/harness, do not edit

Doing analysis at TEMP = 27.000000 and TNOM = 27.000000

Using SPARSE 1.3 as Direct Linear Solver

No. of Data Rows : 2
voa = 3.4031347189e-04
Reset re-loads circuit * comparator-offset-gof @ tt_27c_3.30v -- generated by sim/harness, do not edit

Circuit: * comparator-offset-gof @ tt_27c_3.30v -- generated by sim/harness, do not edit

Doing analysis at TEMP = 27.000000 and TNOM = 27.000000

Using SPARSE 1.3 as Direct Linear Solver

No. of Data Rows : 2
voa = -3.332065788e-04
Reset re-loads circuit * comparator-offset-gof @ tt_27c_3.30v -- generated by sim/harness, do not edit

Circuit: * comparator-offset-gof @ tt_27c_3.30v -- generated by sim/harness, do not edit

Doing analysis at TEMP = 27.000000 and TNOM = 27.000000

Using SPARSE 1.3 as Direct Linear Solver
 Reference value :  0.00000e+00
No. of Data Rows : 2
voa = 8.4447786889e-04
Reset re-loads circuit * comparator-offset-gof @ tt_27c_3.30v -- generated by sim/harness, do not edit

Circuit: * comparator-offset-gof @ tt_27c_3.30v -- generated by sim/harness, do not edit

Doing analysis at TEMP = 27.000000 and TNOM = 27.000000

Using SPARSE 1.3 as Direct Linear Solver

No. of Data Rows : 2
voa = -1.435674468e-03
Reset re-loads circuit * comparator-offset-gof @ tt_27c_3.30v -- generated by sim/harness, do not edit

Circuit: * comparator-offset-gof @ tt_27c_3.30v -- generated by sim/harness, do not edit

Doing analysis at TEMP = 27.000000 and TNOM = 27.000000

Using SPARSE 1.3 as Direct Linear Solver

No. of Data Rows : 2
voa = -9.188885596e-04
Reset re-loads circuit * comparator-offset-gof @ tt_27c_3.30v -- generated by sim/harness, do not edit

Circuit: * comparator-offset-gof @ tt_27c_3.30v -- generated by sim/harness, do not edit

Doing analysis at TEMP = 27.000000 and TNOM = 27.000000

Using SPARSE 1.3 as Direct Linear Solver

No. of Data Rows : 2
voa = 1.3196981625e-03
Reset re-loads circuit * comparator-offset-gof @ tt_27c_3.30v -- generated by sim/harness, do not edit

Circuit: * comparator-offset-gof @ tt_27c_3.30v -- generated by sim/harness, do not edit

Doing analysis at TEMP = 27.000000 and TNOM = 27.000000

Using SPARSE 1.3 as Direct Linear Solver

No. of Data Rows : 2
voa = 1.6657230110e-04
Reset re-loads circuit * comparator-offset-gof @ tt_27c_3.30v -- generated by sim/harness, do not edit

Circuit: * comparator-offset-gof @ tt_27c_3.30v -- generated by sim/harness, do not edit

Doing analysis at TEMP = 27.000000 and TNOM = 27.000000

Using SPARSE 1.3 as Direct Linear Solver

No. of Data Rows : 2
voa = 7.1311014978e-04
Reset re-loads circuit * comparator-offset-gof @ tt_27c_3.30v -- generated by sim/harness, do not edit

Circuit: * comparator-offset-gof @ tt_27c_3.30v -- generated by sim/harness, do not edit

Doing analysis at TEMP = 27.000000 and TNOM = 27.000000

Using SPARSE 1.3 as Direct Linear Solver

No. of Data Rows : 2
voa = -1.595785137e-03
Reset re-loads circuit * comparator-offset-gof @ tt_27c_3.30v -- generated by sim/harness, do not edit

Circuit: * comparator-offset-gof @ tt_27c_3.30v -- generated by sim/harness, do not edit

Doing analysis at TEMP = 27.000000 and TNOM = 27.000000

Using SPARSE 1.3 as Direct Linear Solver

No. of Data Rows : 2
voa = 1.2200085788e-03
Reset re-loads circuit * comparator-offset-gof @ tt_27c_3.30v -- generated by sim/harness, do not edit

Circuit: * comparator-offset-gof @ tt_27c_3.30v -- generated by sim/harness, do not edit

Doing analysis at TEMP = 27.000000 and TNOM = 27.000000

Using SPARSE 1.3 as Direct Linear Solver

No. of Data Rows : 2
voa = -1.873443367e-04
Reset re-loads circuit * comparator-offset-gof @ tt_27c_3.30v -- generated by sim/harness, do not edit

Circuit: * comparator-offset-gof @ tt_27c_3.30v -- generated by sim/harness, do not edit

Doing analysis at TEMP = 27.000000 and TNOM = 27.000000

Using SPARSE 1.3 as Direct Linear Solver

No. of Data Rows : 2
voa = 3.1215271669e-04
Reset re-loads circuit * comparator-offset-gof @ tt_27c_3.30v -- generated by sim/harness, do not edit

Circuit: * comparator-offset-gof @ tt_27c_3.30v -- generated by sim/harness, do not edit

Doing analysis at TEMP = 27.000000 and TNOM = 27.000000

Using SPARSE 1.3 as Direct Linear Solver

No. of Data Rows : 2
voa = 1.7765679902e-03
Reset re-loads circuit * comparator-offset-gof @ tt_27c_3.30v -- generated by sim/harness, do not edit

Circuit: * comparator-offset-gof @ tt_27c_3.30v -- generated by sim/harness, do not edit

Doing analysis at TEMP = 27.000000 and TNOM = 27.000000

Using SPARSE 1.3 as Direct Linear Solver

No. of Data Rows : 2
voa = 1.8432282783e-03
Reset re-loads circuit * comparator-offset-gof @ tt_27c_3.30v -- generated by sim/harness, do not edit

Circuit: * comparator-offset-gof @ tt_27c_3.30v -- generated by sim/harness, do not edit

Doing analysis at TEMP = 27.000000 and TNOM = 27.000000

Using SPARSE 1.3 as Direct Linear Solver

No. of Data Rows : 2
voa = -8.437478406e-04
Reset re-loads circuit * comparator-offset-gof @ tt_27c_3.30v -- generated by sim/harness, do not edit

Circuit: * comparator-offset-gof @ tt_27c_3.30v -- generated by sim/harness, do not edit

Doing analysis at TEMP = 27.000000 and TNOM = 27.000000

Using SPARSE 1.3 as Direct Linear Solver

No. of Data Rows : 2
voa = -3.560892371e-04
Reset re-loads circuit * comparator-offset-gof @ tt_27c_3.30v -- generated by sim/harness, do not edit

Circuit: * comparator-offset-gof @ tt_27c_3.30v -- generated by sim/harness, do not edit

Doing analysis at TEMP = 27.000000 and TNOM = 27.000000

Using SPARSE 1.3 as Direct Linear Solver

No. of Data Rows : 2
voa = 5.3131579609e-04
Reset re-loads circuit * comparator-offset-gof @ tt_27c_3.30v -- generated by sim/harness, do not edit

Circuit: * comparator-offset-gof @ tt_27c_3.30v -- generated by sim/harness, do not edit

Doing analysis at TEMP = 27.000000 and TNOM = 27.000000

Using SPARSE 1.3 as Direct Linear Solver

No. of Data Rows : 2
voa = 2.0109582475e-03
Reset re-loads circuit * comparator-offset-gof @ tt_27c_3.30v -- generated by sim/harness, do not edit

Circuit: * comparator-offset-gof @ tt_27c_3.30v -- generated by sim/harness, do not edit

Doing analysis at TEMP = 27.000000 and TNOM = 27.000000

Using SPARSE 1.3 as Direct Linear Solver

No. of Data Rows : 2
voa = 2.0692647603e-04
Reset re-loads circuit * comparator-offset-gof @ tt_27c_3.30v -- generated by sim/harness, do not edit

Circuit: * comparator-offset-gof @ tt_27c_3.30v -- generated by sim/harness, do not edit

Doing analysis at TEMP = 27.000000 and TNOM = 27.000000

Using SPARSE 1.3 as Direct Linear Solver

No. of Data Rows : 2
voa = 3.2613253525e-05
Reset re-loads circuit * comparator-offset-gof @ tt_27c_3.30v -- generated by sim/harness, do not edit

Circuit: * comparator-offset-gof @ tt_27c_3.30v -- generated by sim/harness, do not edit

Doing analysis at TEMP = 27.000000 and TNOM = 27.000000

Using SPARSE 1.3 as Direct Linear Solver

No. of Data Rows : 2
voa = 6.3836917790e-04
Reset re-loads circuit * comparator-offset-gof @ tt_27c_3.30v -- generated by sim/harness, do not edit

Circuit: * comparator-offset-gof @ tt_27c_3.30v -- generated by sim/harness, do not edit

Doing analysis at TEMP = 27.000000 and TNOM = 27.000000

Using SPARSE 1.3 as Direct Linear Solver
 Reference value :  0.00000e+00
No. of Data Rows : 2
voa = -2.149212838e-04
Reset re-loads circuit * comparator-offset-gof @ tt_27c_3.30v -- generated by sim/harness, do not edit

Circuit: * comparator-offset-gof @ tt_27c_3.30v -- generated by sim/harness, do not edit

Doing analysis at TEMP = 27.000000 and TNOM = 27.000000

Using SPARSE 1.3 as Direct Linear Solver

No. of Data Rows : 2
voa = 1.3463925355e-04
Reset re-loads circuit * comparator-offset-gof @ tt_27c_3.30v -- generated by sim/harness, do not edit

Circuit: * comparator-offset-gof @ tt_27c_3.30v -- generated by sim/harness, do not edit

Doing analysis at TEMP = 27.000000 and TNOM = 27.000000

Using SPARSE 1.3 as Direct Linear Solver

No. of Data Rows : 2
voa = 8.4742114651e-04
Reset re-loads circuit * comparator-offset-gof @ tt_27c_3.30v -- generated by sim/harness, do not edit

Circuit: * comparator-offset-gof @ tt_27c_3.30v -- generated by sim/harness, do not edit

Doing analysis at TEMP = 27.000000 and TNOM = 27.000000

Using SPARSE 1.3 as Direct Linear Solver

No. of Data Rows : 2
voa = 1.3915371071e-03
Reset re-loads circuit * comparator-offset-gof @ tt_27c_3.30v -- generated by sim/harness, do not edit

Circuit: * comparator-offset-gof @ tt_27c_3.30v -- generated by sim/harness, do not edit

Doing analysis at TEMP = 27.000000 and TNOM = 27.000000

Using SPARSE 1.3 as Direct Linear Solver

No. of Data Rows : 2
voa = 8.4019320624e-04
Reset re-loads circuit * comparator-offset-gof @ tt_27c_3.30v -- generated by sim/harness, do not edit

Circuit: * comparator-offset-gof @ tt_27c_3.30v -- generated by sim/harness, do not edit

Doing analysis at TEMP = 27.000000 and TNOM = 27.000000

Using SPARSE 1.3 as Direct Linear Solver

No. of Data Rows : 2
voa = 1.6847027368e-03
Reset re-loads circuit * comparator-offset-gof @ tt_27c_3.30v -- generated by sim/harness, do not edit

Circuit: * comparator-offset-gof @ tt_27c_3.30v -- generated by sim/harness, do not edit

Doing analysis at TEMP = 27.000000 and TNOM = 27.000000

Using SPARSE 1.3 as Direct Linear Solver

No. of Data Rows : 2
voa = 4.1814231007e-04
Reset re-loads circuit * comparator-offset-gof @ tt_27c_3.30v -- generated by sim/harness, do not edit

Circuit: * comparator-offset-gof @ tt_27c_3.30v -- generated by sim/harness, do not edit

Doing analysis at TEMP = 27.000000 and TNOM = 27.000000

Using SPARSE 1.3 as Direct Linear Solver

No. of Data Rows : 2
voa = 6.0139613464e-05
Reset re-loads circuit * comparator-offset-gof @ tt_27c_3.30v -- generated by sim/harness, do not edit

Circuit: * comparator-offset-gof @ tt_27c_3.30v -- generated by sim/harness, do not edit

Doing analysis at TEMP = 27.000000 and TNOM = 27.000000

Using SPARSE 1.3 as Direct Linear Solver

No. of Data Rows : 2
voa = 1.6239529342e-03
Reset re-loads circuit * comparator-offset-gof @ tt_27c_3.30v -- generated by sim/harness, do not edit

Circuit: * comparator-offset-gof @ tt_27c_3.30v -- generated by sim/harness, do not edit

Doing analysis at TEMP = 27.000000 and TNOM = 27.000000

Using SPARSE 1.3 as Direct Linear Solver

No. of Data Rows : 2
voa = 5.2925610946e-04
Reset re-loads circuit * comparator-offset-gof @ tt_27c_3.30v -- generated by sim/harness, do not edit

Circuit: * comparator-offset-gof @ tt_27c_3.30v -- generated by sim/harness, do not edit

Doing analysis at TEMP = 27.000000 and TNOM = 27.000000

Using SPARSE 1.3 as Direct Linear Solver

No. of Data Rows : 2
voa = -7.119744278e-04
Reset re-loads circuit * comparator-offset-gof @ tt_27c_3.30v -- generated by sim/harness, do not edit

Circuit: * comparator-offset-gof @ tt_27c_3.30v -- generated by sim/harness, do not edit

Doing analysis at TEMP = 27.000000 and TNOM = 27.000000

Using SPARSE 1.3 as Direct Linear Solver

No. of Data Rows : 2
voa = -4.539569599e-04
Reset re-loads circuit * comparator-offset-gof @ tt_27c_3.30v -- generated by sim/harness, do not edit

Circuit: * comparator-offset-gof @ tt_27c_3.30v -- generated by sim/harness, do not edit

Doing analysis at TEMP = 27.000000 and TNOM = 27.000000

Using SPARSE 1.3 as Direct Linear Solver

No. of Data Rows : 2
voa = 1.0215932891e-04
Reset re-loads circuit * comparator-offset-gof @ tt_27c_3.30v -- generated by sim/harness, do not edit

Circuit: * comparator-offset-gof @ tt_27c_3.30v -- generated by sim/harness, do not edit

Doing analysis at TEMP = 27.000000 and TNOM = 27.000000

Using SPARSE 1.3 as Direct Linear Solver

No. of Data Rows : 2
voa = -2.248711024e-04
Reset re-loads circuit * comparator-offset-gof @ tt_27c_3.30v -- generated by sim/harness, do not edit

Circuit: * comparator-offset-gof @ tt_27c_3.30v -- generated by sim/harness, do not edit

Doing analysis at TEMP = 27.000000 and TNOM = 27.000000

Using SPARSE 1.3 as Direct Linear Solver

No. of Data Rows : 2
voa = 7.8999194318e-04
Reset re-loads circuit * comparator-offset-gof @ tt_27c_3.30v -- generated by sim/harness, do not edit

Circuit: * comparator-offset-gof @ tt_27c_3.30v -- generated by sim/harness, do not edit

Doing analysis at TEMP = 27.000000 and TNOM = 27.000000

Using SPARSE 1.3 as Direct Linear Solver

No. of Data Rows : 2
voa = 9.9689219475e-04
Reset re-loads circuit * comparator-offset-gof @ tt_27c_3.30v -- generated by sim/harness, do not edit

Circuit: * comparator-offset-gof @ tt_27c_3.30v -- generated by sim/harness, do not edit

Doing analysis at TEMP = 27.000000 and TNOM = 27.000000

Using SPARSE 1.3 as Direct Linear Solver

No. of Data Rows : 2
voa = -3.488494570e-04
Reset re-loads circuit * comparator-offset-gof @ tt_27c_3.30v -- generated by sim/harness, do not edit

Circuit: * comparator-offset-gof @ tt_27c_3.30v -- generated by sim/harness, do not edit

Doing analysis at TEMP = 27.000000 and TNOM = 27.000000

Using SPARSE 1.3 as Direct Linear Solver

No. of Data Rows : 2
voa = -2.534235017e-04
Reset re-loads circuit * comparator-offset-gof @ tt_27c_3.30v -- generated by sim/harness, do not edit

Circuit: * comparator-offset-gof @ tt_27c_3.30v -- generated by sim/harness, do not edit

Doing analysis at TEMP = 27.000000 and TNOM = 27.000000

Using SPARSE 1.3 as Direct Linear Solver

No. of Data Rows : 2
voa = -1.673485365e-03
Reset re-loads circuit * comparator-offset-gof @ tt_27c_3.30v -- generated by sim/harness, do not edit

Circuit: * comparator-offset-gof @ tt_27c_3.30v -- generated by sim/harness, do not edit

Doing analysis at TEMP = 27.000000 and TNOM = 27.000000

Using SPARSE 1.3 as Direct Linear Solver

No. of Data Rows : 2
voa = 1.5714957192e-04
Reset re-loads circuit * comparator-offset-gof @ tt_27c_3.30v -- generated by sim/harness, do not edit

Circuit: * comparator-offset-gof @ tt_27c_3.30v -- generated by sim/harness, do not edit

Doing analysis at TEMP = 27.000000 and TNOM = 27.000000

Using SPARSE 1.3 as Direct Linear Solver
 Reference value :  0.00000e+00
No. of Data Rows : 2
voa = -9.363134915e-04
Reset re-loads circuit * comparator-offset-gof @ tt_27c_3.30v -- generated by sim/harness, do not edit

Circuit: * comparator-offset-gof @ tt_27c_3.30v -- generated by sim/harness, do not edit

Doing analysis at TEMP = 27.000000 and TNOM = 27.000000

Using SPARSE 1.3 as Direct Linear Solver

No. of Data Rows : 2
voa = -3.462777386e-04
Reset re-loads circuit * comparator-offset-gof @ tt_27c_3.30v -- generated by sim/harness, do not edit

Circuit: * comparator-offset-gof @ tt_27c_3.30v -- generated by sim/harness, do not edit

Doing analysis at TEMP = 27.000000 and TNOM = 27.000000

Using SPARSE 1.3 as Direct Linear Solver

No. of Data Rows : 2
voa = -1.231315183e-03
Reset re-loads circuit * comparator-offset-gof @ tt_27c_3.30v -- generated by sim/harness, do not edit

Circuit: * comparator-offset-gof @ tt_27c_3.30v -- generated by sim/harness, do not edit

Doing analysis at TEMP = 27.000000 and TNOM = 27.000000

Using SPARSE 1.3 as Direct Linear Solver

No. of Data Rows : 2
voa = -1.014630213e-03
Reset re-loads circuit * comparator-offset-gof @ tt_27c_3.30v -- generated by sim/harness, do not edit

Circuit: * comparator-offset-gof @ tt_27c_3.30v -- generated by sim/harness, do not edit

Doing analysis at TEMP = 27.000000 and TNOM = 27.000000

Using SPARSE 1.3 as Direct Linear Solver

No. of Data Rows : 2
voa = 5.6507415083e-04
Reset re-loads circuit * comparator-offset-gof @ tt_27c_3.30v -- generated by sim/harness, do not edit

Circuit: * comparator-offset-gof @ tt_27c_3.30v -- generated by sim/harness, do not edit

Doing analysis at TEMP = 27.000000 and TNOM = 27.000000

Using SPARSE 1.3 as Direct Linear Solver

No. of Data Rows : 2
voa = -1.713967141e-03
Reset re-loads circuit * comparator-offset-gof @ tt_27c_3.30v -- generated by sim/harness, do not edit

Circuit: * comparator-offset-gof @ tt_27c_3.30v -- generated by sim/harness, do not edit

Doing analysis at TEMP = 27.000000 and TNOM = 27.000000

Using SPARSE 1.3 as Direct Linear Solver

No. of Data Rows : 2
voa = -5.721177823e-04
Reset re-loads circuit * comparator-offset-gof @ tt_27c_3.30v -- generated by sim/harness, do not edit

Circuit: * comparator-offset-gof @ tt_27c_3.30v -- generated by sim/harness, do not edit

Doing analysis at TEMP = 27.000000 and TNOM = 27.000000

Using SPARSE 1.3 as Direct Linear Solver

No. of Data Rows : 2
voa = 6.7004842942e-04
Reset re-loads circuit * comparator-offset-gof @ tt_27c_3.30v -- generated by sim/harness, do not edit

Circuit: * comparator-offset-gof @ tt_27c_3.30v -- generated by sim/harness, do not edit

Doing analysis at TEMP = 27.000000 and TNOM = 27.000000

Using SPARSE 1.3 as Direct Linear Solver

No. of Data Rows : 2
voa = 1.8289576471e-03
Reset re-loads circuit * comparator-offset-gof @ tt_27c_3.30v -- generated by sim/harness, do not edit

Circuit: * comparator-offset-gof @ tt_27c_3.30v -- generated by sim/harness, do not edit

Doing analysis at TEMP = 27.000000 and TNOM = 27.000000

Using SPARSE 1.3 as Direct Linear Solver

No. of Data Rows : 2
voa = 3.2475663329e-04
Reset re-loads circuit * comparator-offset-gof @ tt_27c_3.30v -- generated by sim/harness, do not edit

Circuit: * comparator-offset-gof @ tt_27c_3.30v -- generated by sim/harness, do not edit

Doing analysis at TEMP = 27.000000 and TNOM = 27.000000

Using SPARSE 1.3 as Direct Linear Solver

No. of Data Rows : 2
voa = 1.6746086799e-03
Reset re-loads circuit * comparator-offset-gof @ tt_27c_3.30v -- generated by sim/harness, do not edit

Circuit: * comparator-offset-gof @ tt_27c_3.30v -- generated by sim/harness, do not edit

Doing analysis at TEMP = 27.000000 and TNOM = 27.000000

Using SPARSE 1.3 as Direct Linear Solver

No. of Data Rows : 2
voa = 1.1114999458e-03
Reset re-loads circuit * comparator-offset-gof @ tt_27c_3.30v -- generated by sim/harness, do not edit

Circuit: * comparator-offset-gof @ tt_27c_3.30v -- generated by sim/harness, do not edit

Doing analysis at TEMP = 27.000000 and TNOM = 27.000000

Using SPARSE 1.3 as Direct Linear Solver

No. of Data Rows : 2
voa = 6.0838350464e-04
Reset re-loads circuit * comparator-offset-gof @ tt_27c_3.30v -- generated by sim/harness, do not edit

Circuit: * comparator-offset-gof @ tt_27c_3.30v -- generated by sim/harness, do not edit

Doing analysis at TEMP = 27.000000 and TNOM = 27.000000

Using SPARSE 1.3 as Direct Linear Solver

No. of Data Rows : 2
voa = 8.8736519643e-04
Reset re-loads circuit * comparator-offset-gof @ tt_27c_3.30v -- generated by sim/harness, do not edit

Circuit: * comparator-offset-gof @ tt_27c_3.30v -- generated by sim/harness, do not edit

Doing analysis at TEMP = 27.000000 and TNOM = 27.000000

Using SPARSE 1.3 as Direct Linear Solver

No. of Data Rows : 2
voa = 8.5541141523e-04
Reset re-loads circuit * comparator-offset-gof @ tt_27c_3.30v -- generated by sim/harness, do not edit

Circuit: * comparator-offset-gof @ tt_27c_3.30v -- generated by sim/harness, do not edit

Doing analysis at TEMP = 27.000000 and TNOM = 27.000000

Using SPARSE 1.3 as Direct Linear Solver

No. of Data Rows : 2
voa = -5.622539797e-04
Reset re-loads circuit * comparator-offset-gof @ tt_27c_3.30v -- generated by sim/harness, do not edit

Circuit: * comparator-offset-gof @ tt_27c_3.30v -- generated by sim/harness, do not edit

Doing analysis at TEMP = 27.000000 and TNOM = 27.000000

Using SPARSE 1.3 as Direct Linear Solver

No. of Data Rows : 2
voa = 1.2401405706e-04
Reset re-loads circuit * comparator-offset-gof @ tt_27c_3.30v -- generated by sim/harness, do not edit

Circuit: * comparator-offset-gof @ tt_27c_3.30v -- generated by sim/harness, do not edit

Doing analysis at TEMP = 27.000000 and TNOM = 27.000000

Using SPARSE 1.3 as Direct Linear Solver
 Reference value :  0.00000e+00
No. of Data Rows : 2
voa = -1.339279240e-03
Reset re-loads circuit * comparator-offset-gof @ tt_27c_3.30v -- generated by sim/harness, do not edit

Circuit: * comparator-offset-gof @ tt_27c_3.30v -- generated by sim/harness, do not edit

Doing analysis at TEMP = 27.000000 and TNOM = 27.000000

Using SPARSE 1.3 as Direct Linear Solver

No. of Data Rows : 2
voa = 1.2754782568e-04
Reset re-loads circuit * comparator-offset-gof @ tt_27c_3.30v -- generated by sim/harness, do not edit

Circuit: * comparator-offset-gof @ tt_27c_3.30v -- generated by sim/harness, do not edit

Doing analysis at TEMP = 27.000000 and TNOM = 27.000000

Using SPARSE 1.3 as Direct Linear Solver

No. of Data Rows : 2
voa = 2.9502002106e-03
Reset re-loads circuit * comparator-offset-gof @ tt_27c_3.30v -- generated by sim/harness, do not edit

Circuit: * comparator-offset-gof @ tt_27c_3.30v -- generated by sim/harness, do not edit

Doing analysis at TEMP = 27.000000 and TNOM = 27.000000

Using SPARSE 1.3 as Direct Linear Solver

No. of Data Rows : 2
voa = -2.764366391e-04
Reset re-loads circuit * comparator-offset-gof @ tt_27c_3.30v -- generated by sim/harness, do not edit

Circuit: * comparator-offset-gof @ tt_27c_3.30v -- generated by sim/harness, do not edit

Doing analysis at TEMP = 27.000000 and TNOM = 27.000000

Using SPARSE 1.3 as Direct Linear Solver

No. of Data Rows : 2
voa = 2.6549430332e-03
Reset re-loads circuit * comparator-offset-gof @ tt_27c_3.30v -- generated by sim/harness, do not edit

Circuit: * comparator-offset-gof @ tt_27c_3.30v -- generated by sim/harness, do not edit

Doing analysis at TEMP = 27.000000 and TNOM = 27.000000

Using SPARSE 1.3 as Direct Linear Solver

No. of Data Rows : 2
voa = -1.395864799e-04
Reset re-loads circuit * comparator-offset-gof @ tt_27c_3.30v -- generated by sim/harness, do not edit

Circuit: * comparator-offset-gof @ tt_27c_3.30v -- generated by sim/harness, do not edit

Doing analysis at TEMP = 27.000000 and TNOM = 27.000000

Using SPARSE 1.3 as Direct Linear Solver

No. of Data Rows : 2
voa = -1.405245500e-03
Reset re-loads circuit * comparator-offset-gof @ tt_27c_3.30v -- generated by sim/harness, do not edit

Circuit: * comparator-offset-gof @ tt_27c_3.30v -- generated by sim/harness, do not edit

Doing analysis at TEMP = 27.000000 and TNOM = 27.000000

Using SPARSE 1.3 as Direct Linear Solver

No. of Data Rows : 2
voa = -6.972872045e-04
Reset re-loads circuit * comparator-offset-gof @ tt_27c_3.30v -- generated by sim/harness, do not edit

Circuit: * comparator-offset-gof @ tt_27c_3.30v -- generated by sim/harness, do not edit

Doing analysis at TEMP = 27.000000 and TNOM = 27.000000

Using SPARSE 1.3 as Direct Linear Solver

No. of Data Rows : 2
voa = -9.145885144e-04
Reset re-loads circuit * comparator-offset-gof @ tt_27c_3.30v -- generated by sim/harness, do not edit

Circuit: * comparator-offset-gof @ tt_27c_3.30v -- generated by sim/harness, do not edit

Doing analysis at TEMP = 27.000000 and TNOM = 27.000000

Using SPARSE 1.3 as Direct Linear Solver

No. of Data Rows : 2
voa = 5.3217306723e-04
Reset re-loads circuit * comparator-offset-gof @ tt_27c_3.30v -- generated by sim/harness, do not edit

Circuit: * comparator-offset-gof @ tt_27c_3.30v -- generated by sim/harness, do not edit

Doing analysis at TEMP = 27.000000 and TNOM = 27.000000

Using SPARSE 1.3 as Direct Linear Solver

No. of Data Rows : 2
voa = -7.627524249e-04
Reset re-loads circuit * comparator-offset-gof @ tt_27c_3.30v -- generated by sim/harness, do not edit

Circuit: * comparator-offset-gof @ tt_27c_3.30v -- generated by sim/harness, do not edit

Doing analysis at TEMP = 27.000000 and TNOM = 27.000000

Using SPARSE 1.3 as Direct Linear Solver

No. of Data Rows : 2
voa = 1.4860550050e-03
Reset re-loads circuit * comparator-offset-gof @ tt_27c_3.30v -- generated by sim/harness, do not edit

Circuit: * comparator-offset-gof @ tt_27c_3.30v -- generated by sim/harness, do not edit

Doing analysis at TEMP = 27.000000 and TNOM = 27.000000

Using SPARSE 1.3 as Direct Linear Solver

No. of Data Rows : 2
voa = -3.234771959e-04
Reset re-loads circuit * comparator-offset-gof @ tt_27c_3.30v -- generated by sim/harness, do not edit

Circuit: * comparator-offset-gof @ tt_27c_3.30v -- generated by sim/harness, do not edit

Doing analysis at TEMP = 27.000000 and TNOM = 27.000000

Using SPARSE 1.3 as Direct Linear Solver

No. of Data Rows : 2
voa = -1.251497545e-03
Reset re-loads circuit * comparator-offset-gof @ tt_27c_3.30v -- generated by sim/harness, do not edit

Circuit: * comparator-offset-gof @ tt_27c_3.30v -- generated by sim/harness, do not edit

Doing analysis at TEMP = 27.000000 and TNOM = 27.000000

Using SPARSE 1.3 as Direct Linear Solver

No. of Data Rows : 2
voa = -1.118477340e-03
Reset re-loads circuit * comparator-offset-gof @ tt_27c_3.30v -- generated by sim/harness, do not edit

Circuit: * comparator-offset-gof @ tt_27c_3.30v -- generated by sim/harness, do not edit

Doing analysis at TEMP = 27.000000 and TNOM = 27.000000

Using SPARSE 1.3 as Direct Linear Solver

No. of Data Rows : 2
voa = 2.5241439981e-04
Reset re-loads circuit * comparator-offset-gof @ tt_27c_3.30v -- generated by sim/harness, do not edit

Circuit: * comparator-offset-gof @ tt_27c_3.30v -- generated by sim/harness, do not edit

Doing analysis at TEMP = 27.000000 and TNOM = 27.000000

Using SPARSE 1.3 as Direct Linear Solver

No. of Data Rows : 2
voa = 5.5272302905e-07
Reset re-loads circuit * comparator-offset-gof @ tt_27c_3.30v -- generated by sim/harness, do not edit

Circuit: * comparator-offset-gof @ tt_27c_3.30v -- generated by sim/harness, do not edit

Doing analysis at TEMP = 27.000000 and TNOM = 27.000000

Using SPARSE 1.3 as Direct Linear Solver
 Reference value :  0.00000e+00
No. of Data Rows : 2
voa = -1.136374265e-03
Reset re-loads circuit * comparator-offset-gof @ tt_27c_3.30v -- generated by sim/harness, do not edit

Circuit: * comparator-offset-gof @ tt_27c_3.30v -- generated by sim/harness, do not edit

Doing analysis at TEMP = 27.000000 and TNOM = 27.000000

Using SPARSE 1.3 as Direct Linear Solver

No. of Data Rows : 2
voa = -1.511185322e-03
Reset re-loads circuit * comparator-offset-gof @ tt_27c_3.30v -- generated by sim/harness, do not edit

Circuit: * comparator-offset-gof @ tt_27c_3.30v -- generated by sim/harness, do not edit

Doing analysis at TEMP = 27.000000 and TNOM = 27.000000

Using SPARSE 1.3 as Direct Linear Solver

No. of Data Rows : 2
voa = -1.353782023e-03
Reset re-loads circuit * comparator-offset-gof @ tt_27c_3.30v -- generated by sim/harness, do not edit

Circuit: * comparator-offset-gof @ tt_27c_3.30v -- generated by sim/harness, do not edit

Doing analysis at TEMP = 27.000000 and TNOM = 27.000000

Using SPARSE 1.3 as Direct Linear Solver

No. of Data Rows : 2
voa = 1.4131243079e-04
Reset re-loads circuit * comparator-offset-gof @ tt_27c_3.30v -- generated by sim/harness, do not edit

Circuit: * comparator-offset-gof @ tt_27c_3.30v -- generated by sim/harness, do not edit

Doing analysis at TEMP = 27.000000 and TNOM = 27.000000

Using SPARSE 1.3 as Direct Linear Solver

No. of Data Rows : 2
voa = 5.8983328152e-04
Reset re-loads circuit * comparator-offset-gof @ tt_27c_3.30v -- generated by sim/harness, do not edit

Circuit: * comparator-offset-gof @ tt_27c_3.30v -- generated by sim/harness, do not edit

Doing analysis at TEMP = 27.000000 and TNOM = 27.000000

Using SPARSE 1.3 as Direct Linear Solver

No. of Data Rows : 2
voa = -1.422630564e-03
Reset re-loads circuit * comparator-offset-gof @ tt_27c_3.30v -- generated by sim/harness, do not edit

Circuit: * comparator-offset-gof @ tt_27c_3.30v -- generated by sim/harness, do not edit

Doing analysis at TEMP = 27.000000 and TNOM = 27.000000

Using SPARSE 1.3 as Direct Linear Solver

No. of Data Rows : 2
voa = -1.546577665e-03
Reset re-loads circuit * comparator-offset-gof @ tt_27c_3.30v -- generated by sim/harness, do not edit

Circuit: * comparator-offset-gof @ tt_27c_3.30v -- generated by sim/harness, do not edit

Doing analysis at TEMP = 27.000000 and TNOM = 27.000000

Using SPARSE 1.3 as Direct Linear Solver

No. of Data Rows : 2
voa = 1.1345041824e-04
Reset re-loads circuit * comparator-offset-gof @ tt_27c_3.30v -- generated by sim/harness, do not edit

Circuit: * comparator-offset-gof @ tt_27c_3.30v -- generated by sim/harness, do not edit

Doing analysis at TEMP = 27.000000 and TNOM = 27.000000

Using SPARSE 1.3 as Direct Linear Solver

No. of Data Rows : 2
voa = 8.7605816490e-05
Reset re-loads circuit * comparator-offset-gof @ tt_27c_3.30v -- generated by sim/harness, do not edit

Circuit: * comparator-offset-gof @ tt_27c_3.30v -- generated by sim/harness, do not edit

Doing analysis at TEMP = 27.000000 and TNOM = 27.000000

Using SPARSE 1.3 as Direct Linear Solver

No. of Data Rows : 2
voa = 1.4892057930e-03
Reset re-loads circuit * comparator-offset-gof @ tt_27c_3.30v -- generated by sim/harness, do not edit

Circuit: * comparator-offset-gof @ tt_27c_3.30v -- generated by sim/harness, do not edit

Doing analysis at TEMP = 27.000000 and TNOM = 27.000000

Using SPARSE 1.3 as Direct Linear Solver

No. of Data Rows : 2
voa = -1.189943767e-03
Reset re-loads circuit * comparator-offset-gof @ tt_27c_3.30v -- generated by sim/harness, do not edit

Circuit: * comparator-offset-gof @ tt_27c_3.30v -- generated by sim/harness, do not edit

Doing analysis at TEMP = 27.000000 and TNOM = 27.000000

Using SPARSE 1.3 as Direct Linear Solver

No. of Data Rows : 2
voa = -2.211491891e-04
Reset re-loads circuit * comparator-offset-gof @ tt_27c_3.30v -- generated by sim/harness, do not edit

Circuit: * comparator-offset-gof @ tt_27c_3.30v -- generated by sim/harness, do not edit

Doing analysis at TEMP = 27.000000 and TNOM = 27.000000

Using SPARSE 1.3 as Direct Linear Solver

No. of Data Rows : 2
voa = 7.3153388593e-04
Reset re-loads circuit * comparator-offset-gof @ tt_27c_3.30v -- generated by sim/harness, do not edit

Circuit: * comparator-offset-gof @ tt_27c_3.30v -- generated by sim/harness, do not edit

Doing analysis at TEMP = 27.000000 and TNOM = 27.000000

Using SPARSE 1.3 as Direct Linear Solver

No. of Data Rows : 2
voa = -3.687203785e-04
Reset re-loads circuit * comparator-offset-gof @ tt_27c_3.30v -- generated by sim/harness, do not edit

Circuit: * comparator-offset-gof @ tt_27c_3.30v -- generated by sim/harness, do not edit

Doing analysis at TEMP = 27.000000 and TNOM = 27.000000

Using SPARSE 1.3 as Direct Linear Solver

No. of Data Rows : 2
voa = 6.4365205088e-05
Reset re-loads circuit * comparator-offset-gof @ tt_27c_3.30v -- generated by sim/harness, do not edit

Circuit: * comparator-offset-gof @ tt_27c_3.30v -- generated by sim/harness, do not edit

Doing analysis at TEMP = 27.000000 and TNOM = 27.000000

Using SPARSE 1.3 as Direct Linear Solver

No. of Data Rows : 2
voa = -1.047849017e-03
Reset re-loads circuit * comparator-offset-gof @ tt_27c_3.30v -- generated by sim/harness, do not edit

Circuit: * comparator-offset-gof @ tt_27c_3.30v -- generated by sim/harness, do not edit

Doing analysis at TEMP = 27.000000 and TNOM = 27.000000

Using SPARSE 1.3 as Direct Linear Solver
 Reference value :  0.00000e+00
No. of Data Rows : 2
voa = -1.664799137e-03
Reset re-loads circuit * comparator-offset-gof @ tt_27c_3.30v -- generated by sim/harness, do not edit

Circuit: * comparator-offset-gof @ tt_27c_3.30v -- generated by sim/harness, do not edit

Doing analysis at TEMP = 27.000000 and TNOM = 27.000000

Using SPARSE 1.3 as Direct Linear Solver

No. of Data Rows : 2
voa = 3.9553343322e-04
Reset re-loads circuit * comparator-offset-gof @ tt_27c_3.30v -- generated by sim/harness, do not edit

Circuit: * comparator-offset-gof @ tt_27c_3.30v -- generated by sim/harness, do not edit

Doing analysis at TEMP = 27.000000 and TNOM = 27.000000

Using SPARSE 1.3 as Direct Linear Solver

No. of Data Rows : 2
voa = 9.8262748163e-04
Reset re-loads circuit * comparator-offset-gof @ tt_27c_3.30v -- generated by sim/harness, do not edit

Circuit: * comparator-offset-gof @ tt_27c_3.30v -- generated by sim/harness, do not edit

Doing analysis at TEMP = 27.000000 and TNOM = 27.000000

Using SPARSE 1.3 as Direct Linear Solver

No. of Data Rows : 2
voa = 1.7618427796e-03
Reset re-loads circuit * comparator-offset-gof @ tt_27c_3.30v -- generated by sim/harness, do not edit

Circuit: * comparator-offset-gof @ tt_27c_3.30v -- generated by sim/harness, do not edit

Doing analysis at TEMP = 27.000000 and TNOM = 27.000000

Using SPARSE 1.3 as Direct Linear Solver

No. of Data Rows : 2
voa = 5.8505035275e-06
Reset re-loads circuit * comparator-offset-gof @ tt_27c_3.30v -- generated by sim/harness, do not edit

Circuit: * comparator-offset-gof @ tt_27c_3.30v -- generated by sim/harness, do not edit

Doing analysis at TEMP = 27.000000 and TNOM = 27.000000

Using SPARSE 1.3 as Direct Linear Solver

No. of Data Rows : 2
voa = -3.508079615e-04
Reset re-loads circuit * comparator-offset-gof @ tt_27c_3.30v -- generated by sim/harness, do not edit

Circuit: * comparator-offset-gof @ tt_27c_3.30v -- generated by sim/harness, do not edit

Doing analysis at TEMP = 27.000000 and TNOM = 27.000000

Using SPARSE 1.3 as Direct Linear Solver

No. of Data Rows : 2
voa = 6.7318267450e-04
Reset re-loads circuit * comparator-offset-gof @ tt_27c_3.30v -- generated by sim/harness, do not edit

Circuit: * comparator-offset-gof @ tt_27c_3.30v -- generated by sim/harness, do not edit

Doing analysis at TEMP = 27.000000 and TNOM = 27.000000

Using SPARSE 1.3 as Direct Linear Solver

No. of Data Rows : 2
voa = -1.022866828e-03
Reset re-loads circuit * comparator-offset-gof @ tt_27c_3.30v -- generated by sim/harness, do not edit

Circuit: * comparator-offset-gof @ tt_27c_3.30v -- generated by sim/harness, do not edit

Doing analysis at TEMP = 27.000000 and TNOM = 27.000000

Using SPARSE 1.3 as Direct Linear Solver

No. of Data Rows : 2
voa = 5.0598231559e-04
Reset re-loads circuit * comparator-offset-gof @ tt_27c_3.30v -- generated by sim/harness, do not edit

Circuit: * comparator-offset-gof @ tt_27c_3.30v -- generated by sim/harness, do not edit

Doing analysis at TEMP = 27.000000 and TNOM = 27.000000

Using SPARSE 1.3 as Direct Linear Solver

No. of Data Rows : 2
voa = -4.032465603e-04
Reset re-loads circuit * comparator-offset-gof @ tt_27c_3.30v -- generated by sim/harness, do not edit

Circuit: * comparator-offset-gof @ tt_27c_3.30v -- generated by sim/harness, do not edit

Doing analysis at TEMP = 27.000000 and TNOM = 27.000000

Using SPARSE 1.3 as Direct Linear Solver

No. of Data Rows : 2
voa = 7.6425141439e-04
Reset re-loads circuit * comparator-offset-gof @ tt_27c_3.30v -- generated by sim/harness, do not edit

Circuit: * comparator-offset-gof @ tt_27c_3.30v -- generated by sim/harness, do not edit

Doing analysis at TEMP = 27.000000 and TNOM = 27.000000

Using SPARSE 1.3 as Direct Linear Solver

No. of Data Rows : 2
voa = 2.3062252493e-04
Reset re-loads circuit * comparator-offset-gof @ tt_27c_3.30v -- generated by sim/harness, do not edit

Circuit: * comparator-offset-gof @ tt_27c_3.30v -- generated by sim/harness, do not edit

Doing analysis at TEMP = 27.000000 and TNOM = 27.000000

Using SPARSE 1.3 as Direct Linear Solver

No. of Data Rows : 2
voa = -9.051325383e-04
Reset re-loads circuit * comparator-offset-gof @ tt_27c_3.30v -- generated by sim/harness, do not edit

Circuit: * comparator-offset-gof @ tt_27c_3.30v -- generated by sim/harness, do not edit

Doing analysis at TEMP = 27.000000 and TNOM = 27.000000

Using SPARSE 1.3 as Direct Linear Solver

No. of Data Rows : 2
voa = 3.6059403112e-04
Reset re-loads circuit * comparator-offset-gof @ tt_27c_3.30v -- generated by sim/harness, do not edit

Circuit: * comparator-offset-gof @ tt_27c_3.30v -- generated by sim/harness, do not edit

Doing analysis at TEMP = 27.000000 and TNOM = 27.000000

Using SPARSE 1.3 as Direct Linear Solver

No. of Data Rows : 2
voa = 7.5876461345e-04
Reset re-loads circuit * comparator-offset-gof @ tt_27c_3.30v -- generated by sim/harness, do not edit

Circuit: * comparator-offset-gof @ tt_27c_3.30v -- generated by sim/harness, do not edit

Doing analysis at TEMP = 27.000000 and TNOM = 27.000000

Using SPARSE 1.3 as Direct Linear Solver
 Reference value :  0.00000e+00
No. of Data Rows : 2
voa = 1.5958176111e-03
Reset re-loads circuit * comparator-offset-gof @ tt_27c_3.30v -- generated by sim/harness, do not edit

Circuit: * comparator-offset-gof @ tt_27c_3.30v -- generated by sim/harness, do not edit

Doing analysis at TEMP = 27.000000 and TNOM = 27.000000

Using SPARSE 1.3 as Direct Linear Solver

No. of Data Rows : 2
voa = 2.1996394639e-03
Reset re-loads circuit * comparator-offset-gof @ tt_27c_3.30v -- generated by sim/harness, do not edit

Circuit: * comparator-offset-gof @ tt_27c_3.30v -- generated by sim/harness, do not edit

Doing analysis at TEMP = 27.000000 and TNOM = 27.000000

Using SPARSE 1.3 as Direct Linear Solver

No. of Data Rows : 2
voa = 3.7532072885e-03
Reset re-loads circuit * comparator-offset-gof @ tt_27c_3.30v -- generated by sim/harness, do not edit

Circuit: * comparator-offset-gof @ tt_27c_3.30v -- generated by sim/harness, do not edit

Doing analysis at TEMP = 27.000000 and TNOM = 27.000000

Using SPARSE 1.3 as Direct Linear Solver

No. of Data Rows : 2
voa = 5.0591512966e-04
Reset re-loads circuit * comparator-offset-gof @ tt_27c_3.30v -- generated by sim/harness, do not edit

Circuit: * comparator-offset-gof @ tt_27c_3.30v -- generated by sim/harness, do not edit

Doing analysis at TEMP = 27.000000 and TNOM = 27.000000

Using SPARSE 1.3 as Direct Linear Solver

No. of Data Rows : 2
voa = -3.803889921e-04
Reset re-loads circuit * comparator-offset-gof @ tt_27c_3.30v -- generated by sim/harness, do not edit

Circuit: * comparator-offset-gof @ tt_27c_3.30v -- generated by sim/harness, do not edit

Doing analysis at TEMP = 27.000000 and TNOM = 27.000000

Using SPARSE 1.3 as Direct Linear Solver

No. of Data Rows : 2
voa = 1.0027990559e-03
Reset re-loads circuit * comparator-offset-gof @ tt_27c_3.30v -- generated by sim/harness, do not edit

Circuit: * comparator-offset-gof @ tt_27c_3.30v -- generated by sim/harness, do not edit

Doing analysis at TEMP = 27.000000 and TNOM = 27.000000

Using SPARSE 1.3 as Direct Linear Solver

No. of Data Rows : 2
voa = -3.316726943e-04
Reset re-loads circuit * comparator-offset-gof @ tt_27c_3.30v -- generated by sim/harness, do not edit

Circuit: * comparator-offset-gof @ tt_27c_3.30v -- generated by sim/harness, do not edit

Doing analysis at TEMP = 27.000000 and TNOM = 27.000000

Using SPARSE 1.3 as Direct Linear Solver

No. of Data Rows : 2
voa = 1.4304217902e-03
Reset re-loads circuit * comparator-offset-gof @ tt_27c_3.30v -- generated by sim/harness, do not edit

Circuit: * comparator-offset-gof @ tt_27c_3.30v -- generated by sim/harness, do not edit

Doing analysis at TEMP = 27.000000 and TNOM = 27.000000

Using SPARSE 1.3 as Direct Linear Solver

No. of Data Rows : 2
voa = 1.4615070405e-03
Reset re-loads circuit * comparator-offset-gof @ tt_27c_3.30v -- generated by sim/harness, do not edit

Circuit: * comparator-offset-gof @ tt_27c_3.30v -- generated by sim/harness, do not edit

Doing analysis at TEMP = 27.000000 and TNOM = 27.000000

Using SPARSE 1.3 as Direct Linear Solver

No. of Data Rows : 2
voa = 2.9754350957e-03
Reset re-loads circuit * comparator-offset-gof @ tt_27c_3.30v -- generated by sim/harness, do not edit

Circuit: * comparator-offset-gof @ tt_27c_3.30v -- generated by sim/harness, do not edit

Doing analysis at TEMP = 27.000000 and TNOM = 27.000000

Using SPARSE 1.3 as Direct Linear Solver

No. of Data Rows : 2
voa = 5.8065157529e-05
Reset re-loads circuit * comparator-offset-gof @ tt_27c_3.30v -- generated by sim/harness, do not edit

Circuit: * comparator-offset-gof @ tt_27c_3.30v -- generated by sim/harness, do not edit

Doing analysis at TEMP = 27.000000 and TNOM = 27.000000

Using SPARSE 1.3 as Direct Linear Solver

No. of Data Rows : 2
voa = -9.711687528e-04
Reset re-loads circuit * comparator-offset-gof @ tt_27c_3.30v -- generated by sim/harness, do not edit

Circuit: * comparator-offset-gof @ tt_27c_3.30v -- generated by sim/harness, do not edit

Doing analysis at TEMP = 27.000000 and TNOM = 27.000000

Using SPARSE 1.3 as Direct Linear Solver

No. of Data Rows : 2
voa = -1.802105723e-03
Reset re-loads circuit * comparator-offset-gof @ tt_27c_3.30v -- generated by sim/harness, do not edit

Circuit: * comparator-offset-gof @ tt_27c_3.30v -- generated by sim/harness, do not edit

Doing analysis at TEMP = 27.000000 and TNOM = 27.000000

Using SPARSE 1.3 as Direct Linear Solver

No. of Data Rows : 2
voa = 1.3615151811e-03
Reset re-loads circuit * comparator-offset-gof @ tt_27c_3.30v -- generated by sim/harness, do not edit

Circuit: * comparator-offset-gof @ tt_27c_3.30v -- generated by sim/harness, do not edit

Doing analysis at TEMP = 27.000000 and TNOM = 27.000000

Using SPARSE 1.3 as Direct Linear Solver

No. of Data Rows : 2
voa = -7.020647437e-04
Reset re-loads circuit * comparator-offset-gof @ tt_27c_3.30v -- generated by sim/harness, do not edit

Circuit: * comparator-offset-gof @ tt_27c_3.30v -- generated by sim/harness, do not edit

Doing analysis at TEMP = 27.000000 and TNOM = 27.000000

Using SPARSE 1.3 as Direct Linear Solver
 Reference value :  0.00000e+00
No. of Data Rows : 2
voa = -1.454441340e-04
Reset re-loads circuit * comparator-offset-gof @ tt_27c_3.30v -- generated by sim/harness, do not edit

Circuit: * comparator-offset-gof @ tt_27c_3.30v -- generated by sim/harness, do not edit

Doing analysis at TEMP = 27.000000 and TNOM = 27.000000

Using SPARSE 1.3 as Direct Linear Solver

No. of Data Rows : 2
voa = 1.0720523410e-03
Reset re-loads circuit * comparator-offset-gof @ tt_27c_3.30v -- generated by sim/harness, do not edit

Circuit: * comparator-offset-gof @ tt_27c_3.30v -- generated by sim/harness, do not edit

Doing analysis at TEMP = 27.000000 and TNOM = 27.000000

Using SPARSE 1.3 as Direct Linear Solver

No. of Data Rows : 2
voa = 1.0847665497e-03
Reset re-loads circuit * comparator-offset-gof @ tt_27c_3.30v -- generated by sim/harness, do not edit

Circuit: * comparator-offset-gof @ tt_27c_3.30v -- generated by sim/harness, do not edit

Doing analysis at TEMP = 27.000000 and TNOM = 27.000000

Using SPARSE 1.3 as Direct Linear Solver

No. of Data Rows : 2
voa = -1.231830688e-03
Reset re-loads circuit * comparator-offset-gof @ tt_27c_3.30v -- generated by sim/harness, do not edit

Circuit: * comparator-offset-gof @ tt_27c_3.30v -- generated by sim/harness, do not edit

Doing analysis at TEMP = 27.000000 and TNOM = 27.000000

Using SPARSE 1.3 as Direct Linear Solver

No. of Data Rows : 2
voa = 4.7905242505e-05
Reset re-loads circuit * comparator-offset-gof @ tt_27c_3.30v -- generated by sim/harness, do not edit

Circuit: * comparator-offset-gof @ tt_27c_3.30v -- generated by sim/harness, do not edit

Doing analysis at TEMP = 27.000000 and TNOM = 27.000000

Using SPARSE 1.3 as Direct Linear Solver

No. of Data Rows : 2
voa = -1.717507226e-03
Reset re-loads circuit * comparator-offset-gof @ tt_27c_3.30v -- generated by sim/harness, do not edit

Circuit: * comparator-offset-gof @ tt_27c_3.30v -- generated by sim/harness, do not edit

Doing analysis at TEMP = 27.000000 and TNOM = 27.000000

Using SPARSE 1.3 as Direct Linear Solver

No. of Data Rows : 2
voa = 1.4474263073e-03
Reset re-loads circuit * comparator-offset-gof @ tt_27c_3.30v -- generated by sim/harness, do not edit

Circuit: * comparator-offset-gof @ tt_27c_3.30v -- generated by sim/harness, do not edit

Doing analysis at TEMP = 27.000000 and TNOM = 27.000000

Using SPARSE 1.3 as Direct Linear Solver

No. of Data Rows : 2
voa = 5.9585926583e-04
Reset re-loads circuit * comparator-offset-gof @ tt_27c_3.30v -- generated by sim/harness, do not edit

Circuit: * comparator-offset-gof @ tt_27c_3.30v -- generated by sim/harness, do not edit

Doing analysis at TEMP = 27.000000 and TNOM = 27.000000

Using SPARSE 1.3 as Direct Linear Solver

No. of Data Rows : 2
voa = 1.1009808018e-03
Reset re-loads circuit * comparator-offset-gof @ tt_27c_3.30v -- generated by sim/harness, do not edit

Circuit: * comparator-offset-gof @ tt_27c_3.30v -- generated by sim/harness, do not edit

Doing analysis at TEMP = 27.000000 and TNOM = 27.000000

Using SPARSE 1.3 as Direct Linear Solver

No. of Data Rows : 2
voa = 2.0665554795e-04
Reset re-loads circuit * comparator-offset-gof @ tt_27c_3.30v -- generated by sim/harness, do not edit

Circuit: * comparator-offset-gof @ tt_27c_3.30v -- generated by sim/harness, do not edit

Doing analysis at TEMP = 27.000000 and TNOM = 27.000000

Using SPARSE 1.3 as Direct Linear Solver

No. of Data Rows : 2
voa = 2.1806631090e-03
Reset re-loads circuit * comparator-offset-gof @ tt_27c_3.30v -- generated by sim/harness, do not edit

Circuit: * comparator-offset-gof @ tt_27c_3.30v -- generated by sim/harness, do not edit

Doing analysis at TEMP = 27.000000 and TNOM = 27.000000

Using SPARSE 1.3 as Direct Linear Solver

No. of Data Rows : 2
voa = -1.295580022e-03
Reset re-loads circuit * comparator-offset-gof @ tt_27c_3.30v -- generated by sim/harness, do not edit

Circuit: * comparator-offset-gof @ tt_27c_3.30v -- generated by sim/harness, do not edit

Doing analysis at TEMP = 27.000000 and TNOM = 27.000000

Using SPARSE 1.3 as Direct Linear Solver

No. of Data Rows : 2
voa = 2.0944095864e-04
Reset re-loads circuit * comparator-offset-gof @ tt_27c_3.30v -- generated by sim/harness, do not edit

Circuit: * comparator-offset-gof @ tt_27c_3.30v -- generated by sim/harness, do not edit

Doing analysis at TEMP = 27.000000 and TNOM = 27.000000

Using SPARSE 1.3 as Direct Linear Solver

No. of Data Rows : 2
voa = 1.2549473410e-03
Reset re-loads circuit * comparator-offset-gof @ tt_27c_3.30v -- generated by sim/harness, do not edit

Circuit: * comparator-offset-gof @ tt_27c_3.30v -- generated by sim/harness, do not edit

Doing analysis at TEMP = 27.000000 and TNOM = 27.000000

Using SPARSE 1.3 as Direct Linear Solver

No. of Data Rows : 2
voa = 5.0993336774e-04
Reset re-loads circuit * comparator-offset-gof @ tt_27c_3.30v -- generated by sim/harness, do not edit

Circuit: * comparator-offset-gof @ tt_27c_3.30v -- generated by sim/harness, do not edit

Doing analysis at TEMP = 27.000000 and TNOM = 27.000000

Using SPARSE 1.3 as Direct Linear Solver
 Reference value :  0.00000e+00
No. of Data Rows : 2
voa = 1.3492558556e-03
Reset re-loads circuit * comparator-offset-gof @ tt_27c_3.30v -- generated by sim/harness, do not edit

Circuit: * comparator-offset-gof @ tt_27c_3.30v -- generated by sim/harness, do not edit

Doing analysis at TEMP = 27.000000 and TNOM = 27.000000

Using SPARSE 1.3 as Direct Linear Solver

No. of Data Rows : 2
voa = -4.433716170e-04
Reset re-loads circuit * comparator-offset-gof @ tt_27c_3.30v -- generated by sim/harness, do not edit

Circuit: * comparator-offset-gof @ tt_27c_3.30v -- generated by sim/harness, do not edit

Doing analysis at TEMP = 27.000000 and TNOM = 27.000000

Using SPARSE 1.3 as Direct Linear Solver

No. of Data Rows : 2
voa = -5.769924652e-05
Reset re-loads circuit * comparator-offset-gof @ tt_27c_3.30v -- generated by sim/harness, do not edit

Circuit: * comparator-offset-gof @ tt_27c_3.30v -- generated by sim/harness, do not edit

Doing analysis at TEMP = 27.000000 and TNOM = 27.000000

Using SPARSE 1.3 as Direct Linear Solver

No. of Data Rows : 2
voa = 1.4109789053e-03
Reset re-loads circuit * comparator-offset-gof @ tt_27c_3.30v -- generated by sim/harness, do not edit

Circuit: * comparator-offset-gof @ tt_27c_3.30v -- generated by sim/harness, do not edit

Doing analysis at TEMP = 27.000000 and TNOM = 27.000000

Using SPARSE 1.3 as Direct Linear Solver

No. of Data Rows : 2
voa = 9.0652115895e-04
Reset re-loads circuit * comparator-offset-gof @ tt_27c_3.30v -- generated by sim/harness, do not edit

Circuit: * comparator-offset-gof @ tt_27c_3.30v -- generated by sim/harness, do not edit

Doing analysis at TEMP = 27.000000 and TNOM = 27.000000

Using SPARSE 1.3 as Direct Linear Solver

No. of Data Rows : 2
voa = 1.2516501268e-03
Reset re-loads circuit * comparator-offset-gof @ tt_27c_3.30v -- generated by sim/harness, do not edit

Circuit: * comparator-offset-gof @ tt_27c_3.30v -- generated by sim/harness, do not edit

Doing analysis at TEMP = 27.000000 and TNOM = 27.000000

Using SPARSE 1.3 as Direct Linear Solver

No. of Data Rows : 2
voa = 5.1770289116e-04
m_n_samples = 3.0000000000e+02
m_sig_vos_mv = 1.1893396449e+00
m_mean_vos_uv = 1.0670210318e+02
m_vos_3sig_mv = 3.5680189348e+00
m_vos_3sig_lsb = 1.1071520572e+00
m_av_mean = 1.6030164905e+01
m_av_sigma_pct = 1.3513769912e+00
Note: Simulation executed from .control section 

Warning: m=xx on .subckt line will override multiplier m hierarchy!

