
Note: Compatibility modes selected: hs a


Circuit: * adc-enob-fft @ ss_125c_3.63v -- generated by sim/harness, do not edit

Reducing trtol to 1 for xspice 'A' devices
Doing analysis at TEMP = 125.000000 and TNOM = 27.000000

Using SPARSE 1.3 as Direct Linear Solver

Initial Transient Solution
--------------------------

Node                                   Voltage
----                                   -------
clk                                          0
cmpclk                                       0
cmpclkb                                   3.63
vddt                                      3.63
vddd                                      3.63
vddc                                      3.63
vrefs                                     3.63
vrefn                                     3.63
vcmn                                     1.815
se_vinp                                  1.815
se_vinn                                  1.815
se_start                                     0
se_mode                                      0
se_cmp                                 1.51866
se_samp_tp_n                                 0
se_sel_in_n                                  0
se_drdy                                   3.63
se_c9                                        0
se_c8                                        0
se_c7                                        0
se_c6                                        0
se_c5                                        0
se_c4                                        0
se_c3                                        0
se_c2                                        0
se_c1                                        0
se_c0                                        0
se_rel_n_256p                             3.63
se_sel_hi_n_256p                             0
se_sel_lo_n_256p                             0
se_rel_n_128p                             3.63
se_sel_hi_n_128p                             0
se_sel_lo_n_128p                             0
se_rel_n_64p                              3.63
se_sel_hi_n_64p                              0
se_sel_lo_n_64p                              0
se_rel_n_32p                              3.63
se_sel_hi_n_32p                              0
se_sel_lo_n_32p                              0
se_rel_n_16p                              3.63
se_sel_hi_n_16p                              0
se_sel_lo_n_16p                              0
se_rel_n_8p                               3.63
se_sel_hi_n_8p                               0
se_sel_lo_n_8p                               0
se_rel_n_4p                               3.63
se_sel_hi_n_4p                               0
se_sel_lo_n_4p                               0
se_rel_n_2p                               3.63
se_sel_hi_n_2p                               0
se_sel_lo_n_2p                               0
se_rel_n_1p                               3.63
se_sel_hi_n_1p                               0
se_sel_lo_n_1p                               0
se_rel_n_256n                             3.63
se_sel_hi_n_256n                             0
se_sel_lo_n_256n                             0
se_rel_n_128n                             3.63
se_sel_hi_n_128n                             0
se_sel_lo_n_128n                             0
se_rel_n_64n                              3.63
se_sel_hi_n_64n                              0
se_sel_lo_n_64n                              0
se_rel_n_32n                              3.63
se_sel_hi_n_32n                              0
se_sel_lo_n_32n                              0
se_rel_n_16n                              3.63
se_sel_hi_n_16n                              0
se_sel_lo_n_16n                              0
se_rel_n_8n                               3.63
se_sel_hi_n_8n                               0
se_sel_lo_n_8n                               0
se_rel_n_4n                               3.63
se_sel_hi_n_4n                               0
se_sel_lo_n_4n                               0
se_rel_n_2n                               3.63
se_sel_hi_n_2n                               0
se_sel_lo_n_2n                               0
se_rel_n_1n                               3.63
se_sel_hi_n_1n                               0
se_sel_lo_n_1n                               0
se_pinp                                  1.815
se_pinn                                  1.815
xsetswp.gp                                3.63
se_topp                                1.81501
xsetswn.gp                                3.63
se_topn                                1.81501
xsearrp.x256.bp                          1.815
xsearrp.x256.gp_in                        3.63
xsearrp.x256.gp_rel                3.59154e-09
xsearrp.x256.gp_hi                        3.63
xsearrp.x256.gp_lo                        3.63
xsearrp.x128.bp                          1.815
xsearrp.x128.gp_in                        3.63
xsearrp.x128.gp_rel                3.59154e-09
xsearrp.x128.gp_hi                        3.63
xsearrp.x128.gp_lo                        3.63
xsearrp.x64.bp                           1.815
xsearrp.x64.gp_in                         3.63
xsearrp.x64.gp_rel                 3.59154e-09
xsearrp.x64.gp_hi                         3.63
xsearrp.x64.gp_lo                         3.63
xsearrp.x32.bp                           1.815
xsearrp.x32.gp_in                         3.63
xsearrp.x32.gp_rel                 3.59154e-09
xsearrp.x32.gp_hi                         3.63
xsearrp.x32.gp_lo                         3.63
xsearrp.x16.bp                           1.815
xsearrp.x16.gp_in                         3.63
xsearrp.x16.gp_rel                 3.59154e-09
xsearrp.x16.gp_hi                         3.63
xsearrp.x16.gp_lo                         3.63
xsearrp.x8.bp                            1.815
xsearrp.x8.gp_in                          3.63
xsearrp.x8.gp_rel                  3.59154e-09
xsearrp.x8.gp_hi                          3.63
xsearrp.x8.gp_lo                          3.63
xsearrp.x4.bp                            1.815
xsearrp.x4.gp_in                          3.63
xsearrp.x4.gp_rel                  3.59154e-09
xsearrp.x4.gp_hi                          3.63
xsearrp.x4.gp_lo                          3.63
xsearrp.x2.bp                            1.815
xsearrp.x2.gp_in                          3.63
xsearrp.x2.gp_rel                  3.59154e-09
xsearrp.x2.gp_hi                          3.63
xsearrp.x2.gp_lo                          3.63
xsearrp.x1.bp                            1.815
xsearrp.x1.gp_in                          3.63
xsearrp.x1.gp_rel                  3.59154e-09
xsearrp.x1.gp_hi                          3.63
xsearrp.x1.gp_lo                          3.63
xsearrn.x256.bp                          1.815
xsearrn.x256.gp_in                        3.63
xsearrn.x256.gp_rel                3.59154e-09
xsearrn.x256.gp_hi                        3.63
xsearrn.x256.gp_lo                        3.63
xsearrn.x128.bp                          1.815
xsearrn.x128.gp_in                        3.63
xsearrn.x128.gp_rel                3.59154e-09
xsearrn.x128.gp_hi                        3.63
xsearrn.x128.gp_lo                        3.63
xsearrn.x64.bp                           1.815
xsearrn.x64.gp_in                         3.63
xsearrn.x64.gp_rel                 3.59154e-09
xsearrn.x64.gp_hi                         3.63
xsearrn.x64.gp_lo                         3.63
xsearrn.x32.bp                           1.815
xsearrn.x32.gp_in                         3.63
xsearrn.x32.gp_rel                 3.59154e-09
xsearrn.x32.gp_hi                         3.63
xsearrn.x32.gp_lo                         3.63
xsearrn.x16.bp                           1.815
xsearrn.x16.gp_in                         3.63
xsearrn.x16.gp_rel                 3.59154e-09
xsearrn.x16.gp_hi                         3.63
xsearrn.x16.gp_lo                         3.63
xsearrn.x8.bp                            1.815
xsearrn.x8.gp_in                          3.63
xsearrn.x8.gp_rel                  3.59154e-09
xsearrn.x8.gp_hi                          3.63
xsearrn.x8.gp_lo                          3.63
xsearrn.x4.bp                            1.815
xsearrn.x4.gp_in                          3.63
xsearrn.x4.gp_rel                  3.59154e-09
xsearrn.x4.gp_hi                          3.63
xsearrn.x4.gp_lo                          3.63
xsearrn.x2.bp                            1.815
xsearrn.x2.gp_in                          3.63
xsearrn.x2.gp_rel                  3.59154e-09
xsearrn.x2.gp_hi                          3.63
xsearrn.x2.gp_lo                          3.63
xsearrn.x1.bp                            1.815
xsearrn.x1.gp_in                          3.63
xsearrn.x1.gp_rel                  3.59154e-09
xsearrn.x1.gp_hi                          3.63
xsearrn.x1.gp_lo                          3.63
se_ibias                              0.792214
xsecmp.xpre.ptail                     0.868532
xsecmp.pon                             2.80589
xsecmp.preamp_in1                      1.81501
xsecmp.pop                             2.80589
xsecmp.preamp_in2                      1.81501
xsecmp.xpre.xrlp.11                    3.62987
xsecmp.xpre.xrlp.21                    2.80602
xsecmp.xpre.xrln.11                    3.62987
xsecmp.xpre.xrln.21                    2.80602
xsecmp.xlat.ltail                      2.11583
xsecmp.xlat.dip                           3.63
xsecmp.xlat.din                           3.63
xsecmp.outn                               3.63
xsecmp.outp                               3.63
xsecmp.sset                        1.06027e-08
xsecmp.srst                        1.06027e-08
xsecmp.xno1.ps                         3.39175
se_cmpb                                1.51866
xsecmp.xno2.ps                         3.39175
se_dacp                           -1.11022e-16
se_dacn                           -1.11022e-16
se_di                                        0
se_err                            -6.69443e-15
se_aerrh                                     0
se_code                                      0
seph                                      3.63
bseph#branch                                 0
bsecode#branch                               0
bseea#branch                                 0
bsee#branch                                  0
bsedi#branch                                 0
bsedacn#branch                               0
bsedacp#branch                               0
lref#branch                        2.24118e-10
v.xsecmp.vpn#branch               -8.50932e-28
v.xsecmp.vpp#branch               -9.13287e-28
vsemode#branch                               0
vsestart#branch                              0
vsevinn#branch                     1.11978e-16
vsein#branch                       1.11978e-16
vcms#branch                       -1.75915e-09
vrefs#branch                      -2.24118e-10
vddc#branch                        -0.00054743
vddd#branch                       -1.49805e-09
vddt#branch                       -4.76806e-11
vcmpclkb#branch                              0
vcmpclk#branch                               0
vclk#branch                                  0
a.xsectrl.a_gn#branch_1_0                    0
a.xsectrl.a_gn#branch_1_1                    0
a.xsectrl.a_gn#branch_1_2                    0
a.xsectrl.a_gn#branch_1_3                    0
a.xsectrl.a_gn#branch_1_4                    0
a.xsectrl.a_gn#branch_1_5                    0
a.xsectrl.a_gn#branch_1_6                    0
a.xsectrl.a_gn#branch_1_7                    0
a.xsectrl.a_gn#branch_1_8                    0
a.xsectrl.a_gn#branch_1_9                    0
a.xsectrl.a_gn#branch_1_10                   0
a.xsectrl.a_gn#branch_1_11                   0
a.xsectrl.a_gn#branch_1_12                   0
a.xsectrl.a_gn#branch_1_13                   0
a.xsectrl.a_gn#branch_1_14                   0
a.xsectrl.a_gn#branch_1_15                   0
a.xsectrl.a_gn#branch_1_16                   0
a.xsectrl.a_gn#branch_1_17                   0
a.xsectrl.a_gn#branch_1_18                   0
a.xsectrl.a_gn#branch_1_19                   0
a.xsectrl.a_gn#branch_1_20                   0
a.xsectrl.a_gn#branch_1_21                   0
a.xsectrl.a_gn#branch_1_22                   0
a.xsectrl.a_gn#branch_1_23                   0
a.xsectrl.a_gn#branch_1_24                   0
a.xsectrl.a_gn#branch_1_25                   0
a.xsectrl.a_gn#branch_1_26                   0
a.xsectrl.a_gn#branch_1_27                   0
a.xsectrl.a_gn#branch_1_28                   0
a.xsectrl.a_gn#branch_1_29                   0
a.xsectrl.a_gn#branch_1_30                   0
a.xsectrl.a_gn#branch_1_31                   0
a.xsectrl.a_gn#branch_1_32                   0
a.xsectrl.a_gn#branch_1_33                   0
a.xsectrl.a_gn#branch_1_34                   0
a.xsectrl.a_gn#branch_1_35                   0
a.xsectrl.a_gn#branch_1_36                   0
a.xsectrl.a_gn#branch_1_37                   0
a.xsectrl.a_gn#branch_1_38                   0
a.xsectrl.a_gn#branch_1_39                   0
a.xsectrl.a_gn#branch_1_40                   0
a.xsectrl.a_gn#branch_1_41                   0
a.xsectrl.a_gn#branch_1_42                   0
a.xsectrl.a_gn#branch_1_43                   0
a.xsectrl.a_gn#branch_1_44                   0
a.xsectrl.a_gn#branch_1_45                   0
a.xsectrl.a_gn#branch_1_46                   0
a.xsectrl.a_gn#branch_1_47                   0
a.xsectrl.a_gn#branch_1_48                   0
a.xsectrl.a_gn#branch_1_49                   0
a.xsectrl.a_gn#branch_1_50                   0
a.xsectrl.a_gn#branch_1_51                   0
a.xsectrl.a_gn#branch_1_52                   0
a.xsectrl.a_gn#branch_1_53                   0
a.xsectrl.a_dout#branch_1_0                  0
a.xsectrl.a_dout#branch_1_1                  0
a.xsectrl.a_dout#branch_1_2                  0
a.xsectrl.a_dout#branch_1_3                  0
a.xsectrl.a_dout#branch_1_4                  0
a.xsectrl.a_dout#branch_1_5                  0
a.xsectrl.a_dout#branch_1_6                  0
a.xsectrl.a_dout#branch_1_7                  0
a.xsectrl.a_dout#branch_1_8                  0
a.xsectrl.a_dout#branch_1_9                  0
a.xsectrl.a_dout#branch_1_10                 0
a.xsectrl.a_dout#branch_1_11                 0
a.xsectrl.a_dout#branch_1_12                 0

 Reference value :  0.00000e+00
 Reference value :  3.10986e-09
 Reference value :  3.15259e-08
 Reference value :  6.25650e-08
 Reference value :  9.38507e-08
 Reference value :  9.44223e-08
 Reference value :  1.25190e-07
 Reference value :  1.56407e-07
 Reference value :  1.57658e-07
 Reference value :  1.89847e-07
 Reference value :  2.18958e-07
 Reference value :  2.19835e-07
 Reference value :  2.50539e-07
 Reference value :  2.81337e-07
 Reference value :  2.82385e-07
 Reference value :  3.13432e-07
 Reference value :  3.43819e-07
 Reference value :  3.75010e-07
 Reference value :  3.77535e-07
 Reference value :  4.06591e-07
 Reference value :  4.38319e-07
 Reference value :  4.68811e-07
 Reference value :  5.00190e-07
 Reference value :  5.02823e-07
 Reference value :  5.31899e-07
 Reference value :  5.64766e-07
 Reference value :  5.93850e-07
 Reference value :  6.25353e-07
 Reference value :  6.45931e-07
 Reference value :  6.87530e-07
 Reference value :  6.90089e-07
 Reference value :  7.19228e-07
 Reference value :  7.51721e-07
 Reference value :  7.81361e-07
 Reference value :  8.12701e-07
 Reference value :  8.22477e-07
 Reference value :  8.51127e-07
 Reference value :  8.77489e-07
 Reference value :  9.06352e-07
 Reference value :  9.37679e-07
 Reference value :  9.68923e-07
 Reference value :  1.00007e-06
 Reference value :  1.00267e-06
 Reference value :  1.03144e-06
 Reference value :  1.05034e-06
 Reference value :  1.09379e-06
 Reference value :  1.09476e-06
 Reference value :  1.12554e-06
 Reference value :  1.15672e-06
 Reference value :  1.18766e-06
 Reference value :  1.20731e-06
 Reference value :  1.21978e-06
 Reference value :  1.25049e-06
 Reference value :  1.28135e-06
 Reference value :  1.28265e-06
 Reference value :  1.31477e-06
 Reference value :  1.34384e-06
 Reference value :  1.37520e-06
 Reference value :  1.37786e-06
 Reference value :  1.40850e-06
 Reference value :  1.43987e-06
 Reference value :  1.46895e-06
 Reference value :  1.50044e-06
 Reference value :  1.50958e-06
 Reference value :  1.55825e-06
 Reference value :  1.56500e-06
 Reference value :  1.59396e-06
 Reference value :  1.62569e-06
 Reference value :  1.65630e-06
 Reference value :  1.68764e-06
 Reference value :  1.69032e-06
 Reference value :  1.72006e-06
 Reference value :  1.75240e-06
 Reference value :  1.78145e-06
 Reference value :  1.81297e-06
 Reference value :  1.84379e-06
 Reference value :  1.87510e-06
 Reference value :  1.87761e-06
 Reference value :  1.90653e-06
 Reference value :  1.93793e-06
 Reference value :  1.96912e-06
 Reference value :  2.00001e-06
 Reference value :  2.00252e-06
 Reference value :  2.03135e-06
 Reference value :  2.06250e-06
 Reference value :  2.09381e-06
 Reference value :  2.12514e-06
 Reference value :  2.15642e-06
 Reference value :  2.18790e-06
 Reference value :  2.21878e-06
 Reference value :  2.25012e-06
 Reference value :  2.25301e-06
 Reference value :  2.28177e-06
 Reference value :  2.31304e-06
 Reference value :  2.32736e-06
 Reference value :  2.34453e-06
 Reference value :  2.37595e-06
 Reference value :  2.40633e-06
 Reference value :  2.43753e-06
 Reference value :  2.44005e-06
 Reference value :  2.46901e-06
 Reference value :  2.50058e-06
 Reference value :  2.53004e-06
 Reference value :  2.55543e-06
 Reference value :  2.56499e-06
 Reference value :  2.59395e-06
 Reference value :  2.62520e-06
 Reference value :  2.62763e-06
 Reference value :  2.65678e-06
 Reference value :  2.68977e-06
 Reference value :  2.71887e-06
 Reference value :  2.75020e-06
 Reference value :  2.75993e-06
 Reference value :  2.78427e-06
 Reference value :  2.81477e-06
 Reference value :  2.84391e-06
 Reference value :  2.87519e-06
 Reference value :  2.87781e-06
 Reference value :  2.90670e-06
 Reference value :  2.93785e-06
 Reference value :  2.96896e-06
 Reference value :  3.00055e-06
 Reference value :  3.00291e-06
 Reference value :  3.03142e-06
 Reference value :  3.06270e-06
 Reference value :  3.09386e-06
 Reference value :  3.12514e-06
 Reference value :  3.15633e-06
 Reference value :  3.18760e-06
 Reference value :  3.19000e-06
 Reference value :  3.21895e-06
 Reference value :  3.25021e-06
 Reference value :  3.25300e-06
 Reference value :  3.28153e-06
 Reference value :  3.31263e-06
 Reference value :  3.31499e-06
 Reference value :  3.34384e-06
 Reference value :  3.36597e-06
 Reference value :  3.37727e-06
 Reference value :  3.40632e-06
 Reference value :  3.41162e-06
 Reference value :  3.43905e-06
 Reference value :  3.46257e-06
 Reference value :  3.46942e-06
 Reference value :  3.50053e-06
 Reference value :  3.50437e-06
 Reference value :  3.53176e-06
 Reference value :  3.56271e-06
 Reference value :  3.56522e-06
 Reference value :  3.59402e-06
 Reference value :  3.62543e-06
 Reference value :  3.63198e-06
 Reference value :  3.65686e-06
 Reference value :  3.68777e-06
 Reference value :  3.70010e-06
 Reference value :  3.71940e-06
 Reference value :  3.75046e-06
 Reference value :  3.75445e-06
 Reference value :  3.78190e-06
 Reference value :  3.81305e-06
 Reference value :  3.83883e-06
 Reference value :  3.84441e-06
 Reference value :  3.87543e-06
 Reference value :  3.87787e-06
 Reference value :  3.90645e-06
 Reference value :  3.93762e-06
 Reference value :  3.96310e-06
 Reference value :  3.98767e-06
 Reference value :  4.00238e-06
 Reference value :  4.00303e-06
 Reference value :  4.03155e-06
 Reference value :  4.06285e-06
 Reference value :  4.09395e-06
 Reference value :  4.12521e-06
 Reference value :  4.15638e-06
 Reference value :  4.18768e-06
 Reference value :  4.19011e-06
 Reference value :  4.21926e-06
 Reference value :  4.25055e-06
 Reference value :  4.26448e-06
 Reference value :  4.28181e-06
 Reference value :  4.31285e-06
 Reference value :  4.31551e-06
 Reference value :  4.34403e-06
 Reference value :  4.37513e-06
 Reference value :  4.37754e-06
 Reference value :  4.40644e-06
 Reference value :  4.43764e-06
 Reference value :  4.44028e-06
 Reference value :  4.46926e-06
 Reference value :  4.50048e-06
 Reference value :  4.51692e-06
 Reference value :  4.56253e-06
 Reference value :  4.56515e-06
 Reference value :  4.59442e-06
 Reference value :  4.62727e-06
 Reference value :  4.65635e-06
 Reference value :  4.68753e-06
 Reference value :  4.69005e-06
 Reference value :  4.71908e-06
 Reference value :  4.75020e-06
 Reference value :  4.75352e-06
 Reference value :  4.78550e-06
 Reference value :  4.81495e-06
 Reference value :  4.84403e-06
 Reference value :  4.87520e-06
 Reference value :  4.87788e-06
 Reference value :  4.90669e-06
 Reference value :  4.93840e-06
 Reference value :  4.97100e-06
 Reference value :  5.00235e-06
 Reference value :  5.00822e-06
 Reference value :  5.04393e-06
 Reference value :  5.09377e-06
 Reference value :  5.12510e-06
 Reference value :  5.15636e-06
 Reference value :  5.18771e-06
 Reference value :  5.21885e-06
 Reference value :  5.25033e-06
 Reference value :  5.27352e-06
 Reference value :  5.28221e-06
 Reference value :  5.31477e-06
 Reference value :  5.34385e-06
 Reference value :  5.37510e-06
 Reference value :  5.37758e-06
 Reference value :  5.40676e-06
 Reference value :  5.43891e-06
 Reference value :  5.46882e-06
 Reference value :  5.50003e-06
 Reference value :  5.50257e-06
 Reference value :  5.53150e-06
 Reference value :  5.56270e-06
 Reference value :  5.56527e-06
 Reference value :  5.59429e-06
 Reference value :  5.62552e-06
 Reference value :  5.65626e-06
 Reference value :  5.68760e-06
 Reference value :  5.69011e-06
 Reference value :  5.71938e-06
 Reference value :  5.75227e-06
 Reference value :  5.78144e-06
 Reference value :  5.81270e-06
 Reference value :  5.81544e-06
 Reference value :  5.84726e-06
 Reference value :  5.87752e-06
 Reference value :  5.90635e-06
 Reference value :  5.93756e-06
 Reference value :  5.96878e-06
 Reference value :  6.00014e-06
 Reference value :  6.00267e-06
 Reference value :  6.03136e-06
 Reference value :  6.06274e-06
 Reference value :  6.09414e-06
 Reference value :  6.12747e-06
 Reference value :  6.17622e-06
 Reference value :  6.19003e-06
 Reference value :  6.21934e-06
 Reference value :  6.25267e-06
 Reference value :  6.28136e-06
 Reference value :  6.31264e-06
 Reference value :  6.31516e-06
 Reference value :  6.34425e-06
 Reference value :  6.37551e-06
 Reference value :  6.40628e-06
 Reference value :  6.43764e-06
 Reference value :  6.44052e-06
 Reference value :  6.46960e-06
 Reference value :  6.50231e-06
 Reference value :  6.53135e-06
 Reference value :  6.56264e-06
 Reference value :  6.56522e-06
 Reference value :  6.59434e-06
 Reference value :  6.62546e-06
 Reference value :  6.64823e-06
 Reference value :  6.65730e-06
 Reference value :  6.68991e-06
 Reference value :  6.71902e-06
 Reference value :  6.75072e-06
 Reference value :  6.78136e-06
 Reference value :  6.81253e-06
 Reference value :  6.81507e-06
 Reference value :  6.84428e-06
 Reference value :  6.87540e-06
 Reference value :  6.88047e-06
 Reference value :  6.90789e-06
 Reference value :  6.94598e-06
 Reference value :  6.99394e-06
 Reference value :  7.00247e-06
 Reference value :  7.01419e-06
 Reference value :  7.05484e-06
 Reference value :  7.09383e-06
 Reference value :  7.12518e-06
 Reference value :  7.15642e-06
 Reference value :  7.18793e-06
 Reference value :  7.21880e-06
 Reference value :  7.25014e-06
 Reference value :  7.25334e-06
 Reference value :  7.28330e-06
 Reference value :  7.31496e-06
 Reference value :  7.34395e-06
 Reference value :  7.37519e-06
 Reference value :  7.37777e-06
 Reference value :  7.40724e-06
 Reference value :  7.43987e-06
 Reference value :  7.46893e-06
 Reference value :  7.50047e-06
 Reference value :  7.51934e-06
 Reference value :  7.56253e-06
 Reference value :  7.56508e-06
 Reference value :  7.62507e-06
 Reference value :  7.62760e-06
 Reference value :  7.65687e-06
 Reference value :  7.68977e-06
 Reference value :  7.71887e-06
 Reference value :  7.75024e-06
 Reference value :  7.77208e-06
 Reference value :  7.79995e-06
 Reference value :  7.81501e-06
 Reference value :  7.84415e-06
 Reference value :  7.87520e-06
 Reference value :  7.87928e-06
 Reference value :  7.90687e-06
 Reference value :  7.93957e-06
 Reference value :  7.96976e-06
 Reference value :  8.00243e-06
 Reference value :  8.01462e-06
 Reference value :  8.03196e-06
 Reference value :  8.06324e-06
 Reference value :  8.09778e-06
 Reference value :  8.15629e-06
 Reference value :  8.18762e-06
 Reference value :  8.19070e-06
 Reference value :  8.24383e-06
 Reference value :  8.25289e-06
 Reference value :  8.28151e-06
 Reference value :  8.31317e-06
 Reference value :  8.34379e-06
 Reference value :  8.35887e-06
 Reference value :  8.37743e-06
 Reference value :  8.40638e-06
 Reference value :  8.43785e-06
 Reference value :  8.44159e-06
 Reference value :  8.47851e-06
 Reference value :  8.50245e-06
 Reference value :  8.53145e-06
 Reference value :  8.56266e-06
 Reference value :  8.56516e-06
 Reference value :  8.59428e-06
 Reference value :  8.62607e-06
 Reference value :  8.65633e-06
 Reference value :  8.68753e-06
 Reference value :  8.68995e-06
 Reference value :  8.71885e-06
 Reference value :  8.75013e-06
 Reference value :  8.75257e-06
 Reference value :  8.78173e-06
 Reference value :  8.81326e-06
 Reference value :  8.84385e-06
 Reference value :  8.87514e-06
 Reference value :  8.87771e-06
 Reference value :  8.90651e-06
 Reference value :  8.93770e-06
 Reference value :  8.96885e-06
 Reference value :  9.00033e-06
 Reference value :  9.00291e-06
 Reference value :  9.03163e-06
 Reference value :  9.06270e-06
 Reference value :  9.09395e-06
 Reference value :  9.12551e-06
 Reference value :  9.15720e-06
 Reference value :  9.18991e-06
 Reference value :  9.21906e-06
 Reference value :  9.25071e-06
 Reference value :  9.28135e-06
 Reference value :  9.31280e-06
 Reference value :  9.32225e-06
 Reference value :  9.34452e-06
 Reference value :  9.37653e-06
 Reference value :  9.40627e-06
 Reference value :  9.43761e-06
 Reference value :  9.44039e-06
 Reference value :  9.46931e-06
 Reference value :  9.50061e-06
 Reference value :  9.53127e-06
 Reference value :  9.53306e-06
 Reference value :  9.56484e-06
 Reference value :  9.59388e-06
 Reference value :  9.62513e-06
 Reference value :  9.62759e-06
 Reference value :  9.65692e-06
 Reference value :  9.68977e-06
 Reference value :  9.71885e-06
 Reference value :  9.75020e-06
 Reference value :  9.76515e-06
 Reference value :  9.79008e-06
 Reference value :  9.81498e-06
 Reference value :  9.84410e-06
 Reference value :  9.87518e-06
 Reference value :  9.87779e-06
 Reference value :  9.90648e-06
 Reference value :  9.93772e-06
 Reference value :  9.96890e-06
 Reference value :  1.00004e-05
 Reference value :  1.00029e-05
 Reference value :  1.00317e-05
 Reference value :  1.00627e-05
 Reference value :  1.00939e-05
 Reference value :  1.01254e-05
 Reference value :  1.01568e-05
 Reference value :  1.01898e-05
 Reference value :  1.02189e-05
 Reference value :  1.02506e-05
 Reference value :  1.02813e-05
 Reference value :  1.03127e-05
 Reference value :  1.03159e-05
 Reference value :  1.03443e-05
 Reference value :  1.03757e-05
 Reference value :  1.04046e-05
 Reference value :  1.04072e-05
 Reference value :  1.04398e-05
 Reference value :  1.04689e-05
 Reference value :  1.05001e-05
 Reference value :  1.05027e-05
 Reference value :  1.05318e-05
 Reference value :  1.05648e-05
 Reference value :  1.05939e-05
 Reference value :  1.06252e-05
 Reference value :  1.06394e-05
 Reference value :  1.06569e-05
 Reference value :  1.06901e-05
 Reference value :  1.07192e-05
 Reference value :  1.07523e-05
 Reference value :  1.07815e-05
 Reference value :  1.08127e-05
 Reference value :  1.08152e-05
 Reference value :  1.08447e-05
 Reference value :  1.08774e-05
 Reference value :  1.09063e-05
 Reference value :  1.09376e-05
 Reference value :  1.09688e-05
 Reference value :  1.10002e-05
 Reference value :  1.10027e-05
 Reference value :  1.10313e-05
 Reference value :  1.10627e-05
 Reference value :  1.10940e-05
 Reference value :  1.11252e-05
 Reference value :  1.11565e-05
 Reference value :  1.11881e-05
 Reference value :  1.12189e-05
 Reference value :  1.12503e-05
 Reference value :  1.12793e-05
 Reference value :  1.13126e-05
 Reference value :  1.13151e-05
 Reference value :  1.13440e-05
 Reference value :  1.13753e-05
 Reference value :  1.13898e-05
 Reference value :  1.14121e-05
 Reference value :  1.14399e-05
 Reference value :  1.14689e-05
 Reference value :  1.15000e-05
 Reference value :  1.15025e-05
 Reference value :  1.15316e-05
 Reference value :  1.15627e-05
 Reference value :  1.15703e-05
 Reference value :  1.16231e-05
 Reference value :  1.16275e-05
 Reference value :  1.16567e-05
 Reference value :  1.16886e-05
 Reference value :  1.17189e-05
 Reference value :  1.17500e-05
 Reference value :  1.17525e-05
 Reference value :  1.17817e-05
 Reference value :  1.18133e-05
 Reference value :  1.18439e-05
 Reference value :  1.18752e-05
 Reference value :  1.18786e-05
 Reference value :  1.19068e-05
 Reference value :  1.19382e-05
 Reference value :  1.19695e-05
 Reference value :  1.20023e-05
 Reference value :  1.20032e-05
 Reference value :  1.20324e-05
 Reference value :  1.20938e-05
 Reference value :  1.20954e-05
 Reference value :  1.21454e-05
 Reference value :  1.21875e-05
 Reference value :  1.21901e-05
 Reference value :  1.22213e-05
 Reference value :  1.22528e-05
 Reference value :  1.22816e-05
 Reference value :  1.23134e-05
 Reference value :  1.23438e-05
 Reference value :  1.23585e-05
 Reference value :  1.23775e-05
 Reference value :  1.24065e-05
 Reference value :  1.24377e-05
 Reference value :  1.24405e-05
 Reference value :  1.24700e-05
 Reference value :  1.25023e-05
 Reference value :  1.25314e-05
 Reference value :  1.25628e-05
 Reference value :  1.25682e-05
 Reference value :  1.25945e-05
 Reference value :  1.26273e-05
 Reference value :  1.26564e-05
 Reference value :  1.26877e-05
 Reference value :  1.27061e-05
 Reference value :  1.27344e-05
 Reference value :  1.27525e-05
 Reference value :  1.27817e-05
 Reference value :  1.28129e-05
 Reference value :  1.28438e-05
 Reference value :  1.28448e-05
 Reference value :  1.28773e-05
 Reference value :  1.29063e-05
 Reference value :  1.29375e-05
 Reference value :  1.29688e-05
 Reference value :  1.30001e-05
 Reference value :  1.30025e-05
 Reference value :  1.30201e-05
 Reference value :  1.30488e-05
 Reference value :  1.30938e-05
 Reference value :  1.31209e-05
 Reference value :  1.31563e-05
 Reference value :  1.31877e-05
 Reference value :  1.32000e-05
 Reference value :  1.32501e-05
 Reference value :  1.32529e-05
 Reference value :  1.32818e-05
 Reference value :  1.33148e-05
 Reference value :  1.33438e-05
 Reference value :  1.33752e-05
 Reference value :  1.33836e-05
 Reference value :  1.34069e-05
 Reference value :  1.34385e-05
 Reference value :  1.34688e-05
 Reference value :  1.35002e-05
 Reference value :  1.35031e-05
 Reference value :  1.35320e-05
 Reference value :  1.35649e-05
 Reference value :  1.35939e-05
 Reference value :  1.36254e-05
 Reference value :  1.36562e-05
 Reference value :  1.36584e-05
 Reference value :  1.36899e-05
 Reference value :  1.37191e-05
 Reference value :  1.37502e-05
 Reference value :  1.37812e-05
 Reference value :  1.37822e-05
 Reference value :  1.38148e-05
 Reference value :  1.38439e-05
 Reference value :  1.38752e-05
 Reference value :  1.38782e-05
 Reference value :  1.39070e-05
 Reference value :  1.39401e-05
 Reference value :  1.39860e-05
 Reference value :  1.40025e-05
 Reference value :  1.40225e-05
 Reference value :  1.40609e-05
 Reference value :  1.40938e-05
 Reference value :  1.41151e-05
 Reference value :  1.41563e-05
 Reference value :  1.41877e-05
 Reference value :  1.42188e-05
 Reference value :  1.42501e-05
 Reference value :  1.42534e-05
 Reference value :  1.42892e-05
 Reference value :  1.43149e-05
 Reference value :  1.43440e-05
 Reference value :  1.43755e-05
 Reference value :  1.44063e-05
 Reference value :  1.44153e-05
 Reference value :  1.44399e-05
 Reference value :  1.44689e-05
 Reference value :  1.45003e-05
 Reference value :  1.45122e-05
 Reference value :  1.45319e-05
 Reference value :  1.45650e-05
 Reference value :  1.45940e-05
 Reference value :  1.46255e-05
 Reference value :  1.46563e-05
 Reference value :  1.46751e-05
 Reference value :  1.46900e-05
 Reference value :  1.47190e-05
 Reference value :  1.47507e-05
 Reference value :  1.47814e-05
 Reference value :  1.48127e-05
 Reference value :  1.48205e-05
 Reference value :  1.48479e-05
 Reference value :  1.48775e-05
 Reference value :  1.49064e-05
 Reference value :  1.49376e-05
 Reference value :  1.49688e-05
 Reference value :  1.50002e-05
 Reference value :  1.50027e-05
 Reference value :  1.50313e-05
 Reference value :  1.50627e-05
 Reference value :  1.50939e-05
 Reference value :  1.51251e-05
 Reference value :  1.51564e-05
 Reference value :  1.51877e-05
 Reference value :  1.52188e-05
 Reference value :  1.52501e-05
 Reference value :  1.52530e-05
 Reference value :  1.52819e-05
 Reference value :  1.53148e-05
 Reference value :  1.53439e-05
 Reference value :  1.53754e-05
 Reference value :  1.53867e-05
 Reference value :  1.54073e-05
 Reference value :  1.54398e-05
 Reference value :  1.54688e-05
 Reference value :  1.55000e-05
 Reference value :  1.55025e-05
 Reference value :  1.55315e-05
 Reference value :  1.55627e-05
 Reference value :  1.55656e-05
 Reference value :  1.55943e-05
 Reference value :  1.56257e-05
 Reference value :  1.56563e-05
 Reference value :  1.56616e-05
 Reference value :  1.56900e-05
 Reference value :  1.57192e-05
 Reference value :  1.57508e-05
 Reference value :  1.57814e-05
 Reference value :  1.58126e-05
 Reference value :  1.58151e-05
 Reference value :  1.58442e-05
 Reference value :  1.58763e-05
 Reference value :  1.59063e-05
 Reference value :  1.59376e-05
 Reference value :  1.59688e-05
 Reference value :  1.60003e-05
 Reference value :  1.60028e-05
 Reference value :  1.60314e-05
 Reference value :  1.60629e-05
 Reference value :  1.60941e-05
 Reference value :  1.61252e-05
 Reference value :  1.61565e-05
 Reference value :  1.61880e-05
 Reference value :  1.62188e-05
 Reference value :  1.62502e-05
 Reference value :  1.62535e-05
 Reference value :  1.62976e-05
 Reference value :  1.63150e-05
 Reference value :  1.63440e-05
 Reference value :  1.63756e-05
 Reference value :  1.64033e-05
 Reference value :  1.64075e-05
 Reference value :  1.64398e-05
 Reference value :  1.64689e-05
 Reference value :  1.65001e-05
 Reference value :  1.65026e-05
 Reference value :  1.65316e-05
 Reference value :  1.65636e-05
 Reference value :  1.65938e-05
 Reference value :  1.66252e-05
 Reference value :  1.66281e-05
 Reference value :  1.66568e-05
 Reference value :  1.66880e-05
 Reference value :  1.67188e-05
 Reference value :  1.67501e-05
 Reference value :  1.67528e-05
 Reference value :  1.67819e-05
 Reference value :  1.68129e-05
 Reference value :  1.68290e-05
 Reference value :  1.68444e-05
 Reference value :  1.68753e-05
 Reference value :  1.68780e-05
 Reference value :  1.69067e-05
 Reference value :  1.69377e-05
 Reference value :  1.69688e-05
 Reference value :  1.70001e-05
 Reference value :  1.70025e-05
 Reference value :  1.70067e-05
 Reference value :  1.70319e-05
 Reference value :  1.70633e-05
 Reference value :  1.70942e-05
 Reference value :  1.71252e-05
 Reference value :  1.71564e-05
 Reference value :  1.71876e-05
 Reference value :  1.71901e-05
 Reference value :  1.72193e-05
 Reference value :  1.72506e-05
 Reference value :  1.72681e-05
 Reference value :  1.72907e-05
 Reference value :  1.73148e-05
 Reference value :  1.73438e-05
 Reference value :  1.73751e-05
 Reference value :  1.73775e-05
 Reference value :  1.74064e-05
 Reference value :  1.74377e-05
 Reference value :  1.74401e-05
 Reference value :  1.74690e-05
 Reference value :  1.75002e-05
 Reference value :  1.75026e-05
 Reference value :  1.75314e-05
 Reference value :  1.75627e-05
 Reference value :  1.75654e-05
 Reference value :  1.75942e-05
 Reference value :  1.76255e-05
 Reference value :  1.76373e-05
 Reference value :  1.76568e-05
 Reference value :  1.76879e-05
 Reference value :  1.76904e-05
 Reference value :  1.77191e-05
 Reference value :  1.77505e-05
 Reference value :  1.77752e-05
 Reference value :  1.77829e-05
 Reference value :  1.78148e-05
 Reference value :  1.78438e-05
 Reference value :  1.78447e-05
 Reference value :  1.78757e-05
 Reference value :  1.78875e-05
 Reference value :  1.79068e-05
 Reference value :  1.79379e-05
 Reference value :  1.79689e-05
 Reference value :  1.80002e-05
 Reference value :  1.80026e-05
 Reference value :  1.80313e-05
 Reference value :  1.80388e-05
 Reference value :  1.80838e-05
 Reference value :  1.80944e-05
 Reference value :  1.81254e-05
 Reference value :  1.81565e-05
 Reference value :  1.81877e-05
 Reference value :  1.81903e-05
 Reference value :  1.82196e-05
 Reference value :  1.82509e-05
 Reference value :  1.82813e-05
 Reference value :  1.83125e-05
 Reference value :  1.83150e-05
 Reference value :  1.83439e-05
 Reference value :  1.83752e-05
 Reference value :  1.83776e-05
 Reference value :  1.84065e-05
 Reference value :  1.84378e-05
 Reference value :  1.84405e-05
 Reference value :  1.84692e-05
 Reference value :  1.85002e-05
 Reference value :  1.85028e-05
 Reference value :  1.85316e-05
 Reference value :  1.85626e-05
 Reference value :  1.85650e-05
 Reference value :  1.85939e-05
 Reference value :  1.86250e-05
 Reference value :  1.86274e-05
 Reference value :  1.86564e-05
 Reference value :  1.86876e-05
 Reference value :  1.86900e-05
 Reference value :  1.87190e-05
 Reference value :  1.87501e-05
 Reference value :  1.87525e-05
 Reference value :  1.87814e-05
 Reference value :  1.88127e-05
 Reference value :  1.88152e-05
 Reference value :  1.88442e-05
 Reference value :  1.88752e-05
 Reference value :  1.88776e-05
 Reference value :  1.89064e-05
 Reference value :  1.89376e-05
 Reference value :  1.89583e-05
 Reference value :  1.89896e-05
 Reference value :  1.90024e-05
 Reference value :  1.90030e-05
 Reference value :  1.90314e-05
 Reference value :  1.90627e-05
 Reference value :  1.90939e-05
 Reference value :  1.91193e-05
 Reference value :  1.91480e-05
 Reference value :  1.91573e-05
 Reference value :  1.91888e-05
 Reference value :  1.92188e-05
 Reference value :  1.92502e-05
 Reference value :  1.92530e-05
 Reference value :  1.92815e-05
 Reference value :  1.93128e-05
 Reference value :  1.93152e-05
 Reference value :  1.93441e-05
 Reference value :  1.93754e-05
 Reference value :  1.93788e-05
 Reference value :  1.94068e-05
 Reference value :  1.94381e-05
 Reference value :  1.94426e-05
 Reference value :  1.94692e-05
 Reference value :  1.95002e-05
 Reference value :  1.95025e-05
 Reference value :  1.95314e-05
 Reference value :  1.95626e-05
 Reference value :  1.95650e-05
 Reference value :  1.95939e-05
 Reference value :  1.96252e-05
 Reference value :  1.96276e-05
 Reference value :  1.96566e-05
 Reference value :  1.96879e-05
 Reference value :  1.97188e-05
 Reference value :  1.97194e-05
 Reference value :  1.97505e-05
 Reference value :  1.97640e-05
 Reference value :  1.97819e-05
 Reference value :  1.98128e-05
 Reference value :  1.98155e-05
 Reference value :  1.98443e-05
 Reference value :  1.98752e-05
 Reference value :  1.98776e-05
 Reference value :  1.99064e-05
 Reference value :  1.99376e-05
 Reference value :  1.99531e-05
 Reference value :  1.99760e-05
 Reference value :  2.00023e-05
 Reference value :  2.00030e-05
 Reference value :  2.00315e-05
 Reference value :  2.00627e-05
 Reference value :  2.00939e-05
 Reference value :  2.01252e-05
 Reference value :  2.01564e-05
 Reference value :  2.01701e-05
 Reference value :  2.01898e-05
 Reference value :  2.02189e-05
 Reference value :  2.02502e-05
 Reference value :  2.02530e-05
 Reference value :  2.02815e-05
 Reference value :  2.03129e-05
 Reference value :  2.03191e-05
 Reference value :  2.03453e-05
 Reference value :  2.03762e-05
 Reference value :  2.04063e-05
 Reference value :  2.04375e-05
 Reference value :  2.04399e-05
 Reference value :  2.04688e-05
 Reference value :  2.05001e-05
 Reference value :  2.05025e-05
 Reference value :  2.05314e-05
 Reference value :  2.05626e-05
 Reference value :  2.05650e-05
 Reference value :  2.05939e-05
 Reference value :  2.06252e-05
 Reference value :  2.06277e-05
 Reference value :  2.06567e-05
 Reference value :  2.06877e-05
 Reference value :  2.06900e-05
 Reference value :  2.07189e-05
 Reference value :  2.07500e-05
 Reference value :  2.07524e-05
 Reference value :  2.07815e-05
 Reference value :  2.08125e-05
 Reference value :  2.08149e-05
 Reference value :  2.08439e-05
 Reference value :  2.08569e-05
 Reference value :  2.08773e-05
 Reference value :  2.09063e-05
 Reference value :  2.09070e-05
 Reference value :  2.09380e-05
 Reference value :  2.09689e-05
 Reference value :  2.10002e-05
 Reference value :  2.10026e-05
 Reference value :  2.10194e-05
 Reference value :  2.10358e-05
 Reference value :  2.10718e-05
 Reference value :  2.10945e-05
 Reference value :  2.11257e-05
 Reference value :  2.11567e-05
 Reference value :  2.11876e-05
 Reference value :  2.11901e-05
 Reference value :  2.12190e-05
 Reference value :  2.12504e-05
 Reference value :  2.12640e-05
 Reference value :  2.12865e-05
 Reference value :  2.13139e-05
 Reference value :  2.13438e-05
 Reference value :  2.13592e-05
 Reference value :  2.13773e-05
 Reference value :  2.14063e-05
 Reference value :  2.14376e-05
 Reference value :  2.14399e-05
 Reference value :  2.14688e-05
 Reference value :  2.15000e-05
 Reference value :  2.15025e-05
 Reference value :  2.15314e-05
 Reference value :  2.15421e-05
 Reference value :  2.15648e-05
 Reference value :  2.15938e-05
 Reference value :  2.15945e-05
 Reference value :  2.16255e-05
 Reference value :  2.16292e-05
 Reference value :  2.16568e-05
 Reference value :  2.16877e-05
 Reference value :  2.16901e-05
 Reference value :  2.17190e-05
 Reference value :  2.17501e-05
 Reference value :  2.17525e-05
 Reference value :  2.17814e-05
 Reference value :  2.18024e-05
 Reference value :  2.18148e-05
 Reference value :  2.18438e-05
 Reference value :  2.18467e-05
 Reference value :  2.18762e-05
 Reference value :  2.19063e-05
 Reference value :  2.19235e-05
 Reference value :  2.19400e-05
 Reference value :  2.19694e-05
 Reference value :  2.20006e-05
 Reference value :  2.20029e-05
 Reference value :  2.20314e-05
 Reference value :  2.20626e-05
 Reference value :  2.20938e-05
 Reference value :  2.21250e-05
 Reference value :  2.21563e-05
 Reference value :  2.21721e-05
 Reference value :  2.21899e-05
 Reference value :  2.22189e-05
 Reference value :  2.22445e-05
 Reference value :  2.22527e-05
 Reference value :  2.22813e-05
 Reference value :  2.23126e-05
 Reference value :  2.23150e-05
 Reference value :  2.23439e-05
 Reference value :  2.23752e-05
 Reference value :  2.23777e-05
 Reference value :  2.24065e-05
 Reference value :  2.24379e-05
 Reference value :  2.24407e-05
 Reference value :  2.24693e-05
 Reference value :  2.25005e-05
 Reference value :  2.25036e-05
 Reference value :  2.25317e-05
 Reference value :  2.25627e-05
 Reference value :  2.25650e-05
 Reference value :  2.25939e-05
 Reference value :  2.26227e-05
 Reference value :  2.26273e-05
 Reference value :  2.26563e-05
 Reference value :  2.26876e-05
 Reference value :  2.26900e-05
 Reference value :  2.27190e-05
 Reference value :  2.27502e-05
 Reference value :  2.27528e-05
 Reference value :  2.27818e-05
 Reference value :  2.28127e-05
 Reference value :  2.28152e-05
 Reference value :  2.28441e-05
 Reference value :  2.28753e-05
 Reference value :  2.28784e-05
 Reference value :  2.29067e-05
 Reference value :  2.29377e-05
 Reference value :  2.29688e-05
 Reference value :  2.30001e-05
 Reference value :  2.30025e-05
 Reference value :  2.30037e-05
 Reference value :  2.30316e-05
 Reference value :  2.30630e-05
 Reference value :  2.30941e-05
 Reference value :  2.31253e-05
 Reference value :  2.31564e-05
 Reference value :  2.31877e-05
 Reference value :  2.31902e-05
 Reference value :  2.32192e-05
 Reference value :  2.32502e-05
 Reference value :  2.32530e-05
 Reference value :  2.32815e-05
 Reference value :  2.33127e-05
 Reference value :  2.33151e-05
 Reference value :  2.33441e-05
 Reference value :  2.33754e-05
 Reference value :  2.33787e-05
 Reference value :  2.34068e-05
 Reference value :  2.34381e-05
 Reference value :  2.34446e-05
 Reference value :  2.34696e-05
 Reference value :  2.35010e-05
 Reference value :  2.35158e-05
 Reference value :  2.35319e-05
 Reference value :  2.35627e-05
 Reference value :  2.35651e-05
 Reference value :  2.35941e-05
 Reference value :  2.36252e-05
 Reference value :  2.36275e-05
 Reference value :  2.36564e-05
 Reference value :  2.36877e-05
 Reference value :  2.36901e-05
 Reference value :  2.37190e-05
 Reference value :  2.37502e-05
 Reference value :  2.37534e-05
 Reference value :  2.37818e-05
 Reference value :  2.38130e-05
 Reference value :  2.38388e-05
 Reference value :  2.38445e-05
 Reference value :  2.38754e-05
 Reference value :  2.38778e-05
 Reference value :  2.39066e-05
 Reference value :  2.39377e-05
 Reference value :  2.39688e-05
 Reference value :  2.40000e-05
 Reference value :  2.40024e-05
 Reference value :  2.40032e-05
 Reference value :  2.40315e-05
 Reference value :  2.40629e-05
 Reference value :  2.40939e-05
 Reference value :  2.41252e-05
 Reference value :  2.41564e-05
 Reference value :  2.41876e-05
 Reference value :  2.41901e-05
 Reference value :  2.42191e-05
 Reference value :  2.42505e-05
 Reference value :  2.42799e-05
 Reference value :  2.42819e-05
 Reference value :  2.43130e-05
 Reference value :  2.43203e-05
 Reference value :  2.43450e-05
 Reference value :  2.43773e-05
 Reference value :  2.44063e-05
 Reference value :  2.44375e-05
 Reference value :  2.44399e-05
 Reference value :  2.44688e-05
 Reference value :  2.45001e-05
 Reference value :  2.45025e-05
 Reference value :  2.45314e-05
 Reference value :  2.45483e-05
 Reference value :  2.45648e-05
 Reference value :  2.45938e-05
 Reference value :  2.46105e-05
 Reference value :  2.46273e-05
 Reference value :  2.46563e-05
 Reference value :  2.46876e-05
 Reference value :  2.46899e-05
 Reference value :  2.47189e-05
 Reference value :  2.47502e-05
 Reference value :  2.47526e-05
 Reference value :  2.47818e-05
 Reference value :  2.48127e-05
 Reference value :  2.48152e-05
 Reference value :  2.48442e-05
 Reference value :  2.48754e-05
 Reference value :  2.48844e-05
 Reference value :  2.49068e-05
 Reference value :  2.49378e-05
 Reference value :  2.49689e-05
 Reference value :  2.50002e-05
 Reference value :  2.50025e-05
 Reference value :  2.50114e-05
 Reference value :  2.50350e-05
 Reference value :  2.50661e-05
 Reference value :  2.50945e-05
 Reference value :  2.51261e-05
 Reference value :  2.51569e-05
 Reference value :  2.51884e-05
 Reference value :  2.52188e-05
 Reference value :  2.52501e-05
 Reference value :  2.52531e-05
 Reference value :  2.52818e-05
 Reference value :  2.53131e-05
 Reference value :  2.53438e-05
 Reference value :  2.53752e-05
 Reference value :  2.53806e-05
 Reference value :  2.54275e-05
 Reference value :  2.54400e-05
 Reference value :  2.54689e-05
 Reference value :  2.55004e-05
 Reference value :  2.55173e-05
 Reference value :  2.55320e-05
 Reference value :  2.55648e-05
 Reference value :  2.55938e-05
 Reference value :  2.56207e-05
 Reference value :  2.56275e-05
 Reference value :  2.56565e-05
 Reference value :  2.56876e-05
 Reference value :  2.56901e-05
 Reference value :  2.57193e-05
 Reference value :  2.57505e-05
 Reference value :  2.57813e-05
 Reference value :  2.57821e-05
 Reference value :  2.58148e-05
 Reference value :  2.58439e-05
 Reference value :  2.58751e-05
 Reference value :  2.58777e-05
 Reference value :  2.59068e-05
 Reference value :  2.59401e-05
 Reference value :  2.59880e-05
 Reference value :  2.60025e-05
 Reference value :  2.60101e-05
 Reference value :  2.60321e-05
 Reference value :  2.60899e-05
 Reference value :  2.61251e-05
 Reference value :  2.61564e-05
 Reference value :  2.61877e-05
 Reference value :  2.62113e-05
 Reference value :  2.62501e-05
 Reference value :  2.62531e-05
 Reference value :  2.62818e-05
 Reference value :  2.63131e-05
 Reference value :  2.63438e-05
 Reference value :  2.63752e-05
 Reference value :  2.63783e-05
 Reference value :  2.64172e-05
 Reference value :  2.64399e-05
 Reference value :  2.64689e-05
 Reference value :  2.65004e-05
 Reference value :  2.65313e-05
 Reference value :  2.65523e-05
 Reference value :  2.65650e-05
 Reference value :  2.65940e-05
 Reference value :  2.66258e-05
 Reference value :  2.66563e-05
 Reference value :  2.66774e-05
 Reference value :  2.66899e-05
 Reference value :  2.67191e-05
 Reference value :  2.67502e-05
 Reference value :  2.67574e-05
 Reference value :  2.67821e-05
 Reference value :  2.68131e-05
 Reference value :  2.68438e-05
 Reference value :  2.68739e-05
 Reference value :  2.68775e-05
 Reference value :  2.69065e-05
 Reference value :  2.69377e-05
 Reference value :  2.69689e-05
 Reference value :  2.70003e-05
 Reference value :  2.70029e-05
 Reference value :  2.70314e-05
 Reference value :  2.70630e-05
 Reference value :  2.70944e-05
 Reference value :  2.71442e-05
 Reference value :  2.71856e-05
 Reference value :  2.71901e-05
 Reference value :  2.72247e-05
 Reference value :  2.72528e-05
 Reference value :  2.72814e-05
 Reference value :  2.73127e-05
 Reference value :  2.73176e-05
 Reference value :  2.73550e-05
 Reference value :  2.73774e-05
 Reference value :  2.74064e-05
 Reference value :  2.74379e-05
 Reference value :  2.74456e-05
 Reference value :  2.74694e-05
 Reference value :  2.75006e-05
 Reference value :  2.75313e-05
 Reference value :  2.75462e-05
 Reference value :  2.75650e-05
 Reference value :  2.75939e-05
 Reference value :  2.76254e-05
 Reference value :  2.76548e-05
 Reference value :  2.76879e-05
 Reference value :  2.77188e-05
 Reference value :  2.77210e-05
 Reference value :  2.77523e-05
 Reference value :  2.77815e-05
 Reference value :  2.78129e-05
 Reference value :  2.78438e-05
 Reference value :  2.78487e-05
 Reference value :  2.78774e-05
 Reference value :  2.79064e-05
 Reference value :  2.79379e-05
 Reference value :  2.79690e-05
 Reference value :  2.80007e-05
 Reference value :  2.80030e-05
 Reference value :  2.80320e-05
 Reference value :  2.80879e-05
 Reference value :  2.81251e-05
 Reference value :  2.81564e-05
 Reference value :  2.81877e-05
 Reference value :  2.82188e-05
 Reference value :  2.82501e-05
 Reference value :  2.82532e-05
 Reference value :  2.82818e-05
 Reference value :  2.83132e-05
 Reference value :  2.83439e-05
 Reference value :  2.83754e-05
 Reference value :  2.84003e-05
 Reference value :  2.84377e-05
 Reference value :  2.84404e-05
 Reference value :  2.84693e-05
 Reference value :  2.85011e-05
 Reference value :  2.85313e-05
 Reference value :  2.85420e-05
 Reference value :  2.85649e-05
 Reference value :  2.85939e-05
 Reference value :  2.86251e-05
 Reference value :  2.86277e-05
 Reference value :  2.86573e-05
 Reference value :  2.86900e-05
 Reference value :  2.87190e-05
 Reference value :  2.87503e-05
 Reference value :  2.87813e-05
 Reference value :  2.87825e-05
 Reference value :  2.88149e-05
 Reference value :  2.88441e-05
 Reference value :  2.88752e-05
 Reference value :  2.88779e-05
 Reference value :  2.89084e-05
 Reference value :  2.89547e-05
 Reference value :  2.90001e-05
 Reference value :  2.90026e-05
 Reference value :  2.90313e-05
 Reference value :  2.90626e-05
 Reference value :  2.90939e-05
 Reference value :  2.91254e-05
 Reference value :  2.91568e-05
 Reference value :  2.91898e-05
 Reference value :  2.92189e-05
 Reference value :  2.92506e-05
 Reference value :  2.92813e-05
 Reference value :  2.93104e-05
 Reference value :  2.93150e-05
 Reference value :  2.93440e-05
 Reference value :  2.93757e-05
 Reference value :  2.93924e-05
 Reference value :  2.94376e-05
 Reference value :  2.94402e-05
 Reference value :  2.94693e-05
 Reference value :  2.95006e-05
 Reference value :  2.95313e-05
 Reference value :  2.95626e-05
 Reference value :  2.95654e-05
 Reference value :  2.95948e-05
 Reference value :  2.96273e-05
 Reference value :  2.96564e-05
 Reference value :  2.96876e-05
 Reference value :  2.96901e-05
 Reference value :  2.97194e-05
 Reference value :  2.97523e-05
 Reference value :  2.97814e-05
 Reference value :  2.98126e-05
 Reference value :  2.98151e-05
 Reference value :  2.98444e-05
 Reference value :  2.98754e-05
 Reference value :  2.98913e-05
 Reference value :  2.99376e-05
 Reference value :  2.99688e-05
 Reference value :  3.00002e-05
 Reference value :  3.00027e-05
 Reference value :  3.00314e-05
 Reference value :  3.00629e-05
 Reference value :  3.00942e-05
 Reference value :  3.01287e-05
 Reference value :  3.01799e-05
 Reference value :  3.01900e-05
 Reference value :  3.02196e-05
 Reference value :  3.02527e-05
 Reference value :  3.02814e-05
 Reference value :  3.03127e-05
 Reference value :  3.03155e-05
 Reference value :  3.03447e-05
 Reference value :  3.03773e-05
 Reference value :  3.04064e-05
 Reference value :  3.04376e-05
 Reference value :  3.04401e-05
 Reference value :  3.04692e-05
 Reference value :  3.05004e-05
 Reference value :  3.05108e-05
 Reference value :  3.05625e-05
 Reference value :  3.05651e-05
 Reference value :  3.05941e-05
 Reference value :  3.06257e-05
 Reference value :  3.06563e-05
 Reference value :  3.06862e-05
 Reference value :  3.06900e-05
 Reference value :  3.07190e-05
 Reference value :  3.07505e-05
 Reference value :  3.07813e-05
 Reference value :  3.08125e-05
 Reference value :  3.08150e-05
 Reference value :  3.08443e-05
 Reference value :  3.08753e-05
 Reference value :  3.08792e-05
 Reference value :  3.09192e-05
 Reference value :  3.09551e-05
 Reference value :  3.10000e-05
 Reference value :  3.10025e-05
 Reference value :  3.10313e-05
 Reference value :  3.10627e-05
 Reference value :  3.10940e-05
 Reference value :  3.11255e-05
 Reference value :  3.11568e-05
 Reference value :  3.11883e-05
 Reference value :  3.12188e-05
 Reference value :  3.12501e-05
 Reference value :  3.12530e-05
 Reference value :  3.12817e-05
 Reference value :  3.13129e-05
 Reference value :  3.13247e-05
 Reference value :  3.13613e-05
 Reference value :  3.13774e-05
 Reference value :  3.14064e-05
 Reference value :  3.14376e-05
 Reference value :  3.14400e-05
 Reference value :  3.14689e-05
 Reference value :  3.15000e-05
 Reference value :  3.15024e-05
 Reference value :  3.15313e-05
 Reference value :  3.15360e-05
 Reference value :  3.15638e-05
 Reference value :  3.15938e-05
 Reference value :  3.15946e-05
 Reference value :  3.16255e-05
 Reference value :  3.16334e-05
 Reference value :  3.16568e-05
 Reference value :  3.16878e-05
 Reference value :  3.16902e-05
 Reference value :  3.17192e-05
 Reference value :  3.17505e-05
 Reference value :  3.17761e-05
 Reference value :  3.17823e-05
 Reference value :  3.18136e-05
 Reference value :  3.18438e-05
 Reference value :  3.18445e-05
 Reference value :  3.18755e-05
 Reference value :  3.18793e-05
 Reference value :  3.19068e-05
 Reference value :  3.19381e-05
 Reference value :  3.19690e-05
 Reference value :  3.20004e-05
 Reference value :  3.20028e-05
 Reference value :  3.20314e-05
 Reference value :  3.20626e-05
 Reference value :  3.20938e-05
 Reference value :  3.21251e-05
 Reference value :  3.21563e-05
 Reference value :  3.21876e-05
 Reference value :  3.21900e-05
 Reference value :  3.22190e-05
 Reference value :  3.22504e-05
 Reference value :  3.22543e-05
 Reference value :  3.22818e-05
 Reference value :  3.23127e-05
 Reference value :  3.23151e-05
 Reference value :  3.23440e-05
 Reference value :  3.23754e-05
 Reference value :  3.24063e-05
 Reference value :  3.24074e-05
 Reference value :  3.24381e-05
 Reference value :  3.24430e-05
 Reference value :  3.24705e-05
 Reference value :  3.25020e-05
 Reference value :  3.25312e-05
 Reference value :  3.25319e-05
 Reference value :  3.25630e-05
 Reference value :  3.25674e-05
 Reference value :  3.25944e-05
 Reference value :  3.26252e-05
 Reference value :  3.26276e-05
 Reference value :  3.26565e-05
 Reference value :  3.26876e-05
 Reference value :  3.26900e-05
 Reference value :  3.27189e-05
 Reference value :  3.27502e-05
 Reference value :  3.27526e-05
 Reference value :  3.27816e-05
 Reference value :  3.28129e-05
 Reference value :  3.28188e-05
 Reference value :  3.28443e-05
 Reference value :  3.28755e-05
 Reference value :  3.28802e-05
 Reference value :  3.29068e-05
 Reference value :  3.29381e-05
 Reference value :  3.29690e-05
 Reference value :  3.30003e-05
 Reference value :  3.30028e-05
 Reference value :  3.30313e-05
 Reference value :  3.30626e-05
 Reference value :  3.30939e-05
 Reference value :  3.31252e-05
 Reference value :  3.31565e-05
 Reference value :  3.31882e-05
 Reference value :  3.32189e-05
 Reference value :  3.32503e-05
 Reference value :  3.32657e-05
 Reference value :  3.32822e-05
 Reference value :  3.33148e-05
 Reference value :  3.33438e-05
 Reference value :  3.33752e-05
 Reference value :  3.33791e-05
 Reference value :  3.34068e-05
 Reference value :  3.34381e-05
 Reference value :  3.34688e-05
 Reference value :  3.35001e-05
 Reference value :  3.35026e-05
 Reference value :  3.35317e-05
 Reference value :  3.35643e-05
 Reference value :  3.35938e-05
 Reference value :  3.36252e-05
 Reference value :  3.36294e-05
 Reference value :  3.36569e-05
 Reference value :  3.36881e-05
 Reference value :  3.37188e-05
 Reference value :  3.37220e-05
 Reference value :  3.37523e-05
 Reference value :  3.37814e-05
 Reference value :  3.38127e-05
 Reference value :  3.38388e-05
 Reference value :  3.38613e-05
 Reference value :  3.38775e-05
 Reference value :  3.39064e-05
 Reference value :  3.39376e-05
 Reference value :  3.39688e-05
 Reference value :  3.40002e-05
 Reference value :  3.40027e-05
 Reference value :  3.40314e-05
 Reference value :  3.40629e-05
 Reference value :  3.40941e-05
 Reference value :  3.41259e-05
 Reference value :  3.41683e-05
 Reference value :  3.41900e-05
 Reference value :  3.42192e-05
 Reference value :  3.42510e-05
 Reference value :  3.42813e-05
 Reference value :  3.43126e-05
 Reference value :  3.43159e-05
 Reference value :  3.43443e-05
 Reference value :  3.43755e-05
 Reference value :  3.44051e-05
 Reference value :  3.44072e-05
 Reference value :  3.44398e-05
 Reference value :  3.44688e-05
 Reference value :  3.45002e-05
 Reference value :  3.45031e-05
 Reference value :  3.45319e-05
 Reference value :  3.45648e-05
 Reference value :  3.45939e-05
 Reference value :  3.46251e-05
 Reference value :  3.46276e-05
 Reference value :  3.46570e-05
 Reference value :  3.46899e-05
 Reference value :  3.47189e-05
 Reference value :  3.47504e-05
 Reference value :  3.47813e-05
 Reference value :  3.48125e-05
 Reference value :  3.48151e-05
 Reference value :  3.48443e-05
 Reference value :  3.48767e-05
 Reference value :  3.49063e-05
 Reference value :  3.49304e-05
 Reference value :  3.49611e-05
 Reference value :  3.50001e-05
 Reference value :  3.50025e-05
 Reference value :  3.50313e-05
 Reference value :  3.50626e-05
 Reference value :  3.50939e-05
 Reference value :  3.51254e-05
 Reference value :  3.51568e-05
 Reference value :  3.51898e-05
 Reference value :  3.52189e-05
 Reference value :  3.52505e-05
 Reference value :  3.52813e-05
 Reference value :  3.52925e-05
 Reference value :  3.53149e-05
 Reference value :  3.53439e-05
 Reference value :  3.53752e-05
 Reference value :  3.53778e-05
 Reference value :  3.54068e-05
 Reference value :  3.54380e-05
 Reference value :  3.54615e-05
 Reference value :  3.54697e-05
 Reference value :  3.55024e-05
 Reference value :  3.55314e-05
 Reference value :  3.55627e-05
 Reference value :  3.55677e-05
 Reference value :  3.56177e-05
 Reference value :  3.56275e-05
 Reference value :  3.56566e-05
 Reference value :  3.56877e-05
 Reference value :  3.56902e-05
 Reference value :  3.57193e-05
 Reference value :  3.57505e-05
 Reference value :  3.57813e-05
 Reference value :  3.58114e-05
 Reference value :  3.58151e-05
 Reference value :  3.58443e-05
 Reference value :  3.58755e-05
 Reference value :  3.59015e-05
 Reference value :  3.59375e-05
 Reference value :  3.59688e-05
 Reference value :  3.60002e-05
 Reference value :  3.60027e-05
 Reference value :  3.60314e-05
 Reference value :  3.60629e-05
 Reference value :  3.60941e-05
 Reference value :  3.61259e-05
 Reference value :  3.61643e-05
 Reference value :  3.61900e-05
 Reference value :  3.62191e-05
 Reference value :  3.62507e-05
 Reference value :  3.62813e-05
 Reference value :  3.63126e-05
 Reference value :  3.63150e-05
 Reference value :  3.63440e-05
 Reference value :  3.63752e-05
 Reference value :  3.63786e-05
 Reference value :  3.64068e-05
 Reference value :  3.64380e-05
 Reference value :  3.64664e-05
 Reference value :  3.64737e-05
 Reference value :  3.65024e-05
 Reference value :  3.65313e-05
 Reference value :  3.65627e-05
 Reference value :  3.65664e-05
 Reference value :  3.66251e-05
 Reference value :  3.66278e-05
 Reference value :  3.66568e-05
 Reference value :  3.66880e-05
 Reference value :  3.67188e-05
 Reference value :  3.67200e-05
 Reference value :  3.67523e-05
 Reference value :  3.67814e-05
 Reference value :  3.68127e-05
 Reference value :  3.68408e-05
 Reference value :  3.68447e-05
 Reference value :  3.68773e-05
 Reference value :  3.69063e-05
 Reference value :  3.69376e-05
 Reference value :  3.69688e-05
 Reference value :  3.70003e-05
 Reference value :  3.70029e-05
 Reference value :  3.70315e-05
 Reference value :  3.70630e-05
 Reference value :  3.70944e-05
 Reference value :  3.71381e-05
 Reference value :  3.71842e-05
 Reference value :  3.71901e-05
 Reference value :  3.72195e-05
 Reference value :  3.72527e-05
 Reference value :  3.72814e-05
 Reference value :  3.73127e-05
 Reference value :  3.73152e-05
 Reference value :  3.73443e-05
 Reference value :  3.73755e-05
 Reference value :  3.73814e-05
 Reference value :  3.74256e-05
 Reference value :  3.74400e-05
 Reference value :  3.74689e-05
 Reference value :  3.75002e-05
 Reference value :  3.75030e-05
 Reference value :  3.75318e-05
 Reference value :  3.75629e-05
 Reference value :  3.75685e-05
 Reference value :  3.75944e-05
 Reference value :  3.76260e-05
 Reference value :  3.76563e-05
 Reference value :  3.76876e-05
 Reference value :  3.76902e-05
 Reference value :  3.77194e-05
 Reference value :  3.77506e-05
 Reference value :  3.77813e-05
 Reference value :  3.77820e-05
 Reference value :  3.78132e-05
 Reference value :  3.78438e-05
 Reference value :  3.78751e-05
 Reference value :  3.78776e-05
 Reference value :  3.79064e-05
 Reference value :  3.79376e-05
 Reference value :  3.79688e-05
 Reference value :  3.80002e-05
 Reference value :  3.80027e-05
 Reference value :  3.80313e-05
 Reference value :  3.80627e-05
 Reference value :  3.80940e-05
 Reference value :  3.81257e-05
 Reference value :  3.81570e-05
 Reference value :  3.81899e-05
 Reference value :  3.82191e-05
 Reference value :  3.82507e-05
 Reference value :  3.82813e-05
 Reference value :  3.83125e-05
 Reference value :  3.83150e-05
 Reference value :  3.83440e-05
 Reference value :  3.83753e-05
 Reference value :  3.83856e-05
 Reference value :  3.84335e-05
 Reference value :  3.84400e-05
 Reference value :  3.84689e-05
 Reference value :  3.85004e-05
 Reference value :  3.85230e-05
 Reference value :  3.85322e-05
 Reference value :  3.85648e-05
 Reference value :  3.85938e-05
 Reference value :  3.86250e-05
 Reference value :  3.86275e-05
 Reference value :  3.86565e-05
 Reference value :  3.86877e-05
 Reference value :  3.86904e-05
 Reference value :  3.87215e-05
 Reference value :  3.87524e-05
 Reference value :  3.87815e-05
 Reference value :  3.88126e-05
 Reference value :  3.88438e-05
 Reference value :  3.88488e-05
 Reference value :  3.88774e-05
 Reference value :  3.89063e-05
 Reference value :  3.89377e-05
 Reference value :  3.89688e-05
 Reference value :  3.90002e-05
 Reference value :  3.90029e-05
 Reference value :  3.90315e-05
 Reference value :  3.90631e-05
 Reference value :  3.90946e-05
 Reference value :  3.91461e-05
 Reference value :  3.91875e-05
 Reference value :  3.91900e-05
 Reference value :  3.92194e-05
 Reference value :  3.92527e-05
 Reference value :  3.92814e-05
 Reference value :  3.93127e-05
 Reference value :  3.93242e-05
 Reference value :  3.93448e-05
 Reference value :  3.93773e-05
 Reference value :  3.94063e-05
 Reference value :  3.94377e-05
 Reference value :  3.94609e-05
 Reference value :  3.95001e-05
 Reference value :  3.95026e-05
 Reference value :  3.95315e-05
 Reference value :  3.95648e-05
 Reference value :  3.95939e-05
 Reference value :  3.96256e-05
 Reference value :  3.96563e-05
 Reference value :  3.96876e-05
 Reference value :  3.96902e-05
 Reference value :  3.97195e-05
 Reference value :  3.97524e-05
 Reference value :  3.97816e-05
 Reference value :  3.98131e-05
 Reference value :  3.98438e-05
 Reference value :  3.98668e-05
 Reference value :  3.98775e-05
 Reference value :  3.99064e-05
 Reference value :  3.99377e-05
 Reference value :  3.99689e-05
 Reference value :  4.00004e-05
 Reference value :  4.00029e-05
 Reference value :  4.00318e-05
 Reference value :  4.00630e-05
 Reference value :  4.00944e-05
 Reference value :  4.01563e-05
 Reference value :  4.01877e-05
 Reference value :  4.02188e-05
 Reference value :  4.02504e-05
 Reference value :  4.02813e-05
 Reference value :  4.03129e-05
 Reference value :  4.03438e-05
 Reference value :  4.03667e-05
 Reference value :  4.03776e-05
 Reference value :  4.04068e-05
 Reference value :  4.04399e-05
 Reference value :  4.04689e-05
 Reference value :  4.05006e-05
 Reference value :  4.05313e-05
 Reference value :  4.05403e-05
 Reference value :  4.05649e-05
 Reference value :  4.05939e-05
 Reference value :  4.06254e-05
 Reference value :  4.06474e-05
 Reference value :  4.06571e-05
 Reference value :  4.06898e-05
 Reference value :  4.07189e-05
 Reference value :  4.07502e-05
 Reference value :  4.07659e-05
 Reference value :  4.07996e-05
 Reference value :  4.08150e-05
 Reference value :  4.08442e-05
 Reference value :  4.08773e-05
 Reference value :  4.09063e-05
 Reference value :  4.09376e-05
 Reference value :  4.09688e-05
 Reference value :  4.10003e-05
 Reference value :  4.10029e-05
 Reference value :  4.10319e-05
 Reference value :  4.10631e-05
 Reference value :  4.11136e-05
 Reference value :  4.11564e-05
 Reference value :  4.11879e-05
 Reference value :  4.12188e-05
 Reference value :  4.12502e-05
 Reference value :  4.12813e-05
 Reference value :  4.13127e-05
 Reference value :  4.13360e-05
 Reference value :  4.13751e-05
 Reference value :  4.13778e-05
 Reference value :  4.14071e-05
 Reference value :  4.14399e-05
 Reference value :  4.14691e-05
 Reference value :  4.15004e-05
 Reference value :  4.15313e-05
 Reference value :  4.15530e-05
 Reference value :  4.15650e-05
 Reference value :  4.15942e-05
 Reference value :  4.16254e-05
 Reference value :  4.16434e-05
 Reference value :  4.16875e-05
 Reference value :  4.16901e-05
 Reference value :  4.17191e-05
 Reference value :  4.17517e-05
 Reference value :  4.17814e-05
 Reference value :  4.18127e-05
 Reference value :  4.18228e-05
 Reference value :  4.18445e-05
 Reference value :  4.18759e-05
 Reference value :  4.18922e-05
 Reference value :  4.19073e-05
 Reference value :  4.19407e-05
 Reference value :  4.19916e-05
 Reference value :  4.20025e-05
 Reference value :  4.20169e-05
 Reference value :  4.20539e-05
 Reference value :  4.20938e-05
 Reference value :  4.21095e-05
 Reference value :  4.21563e-05
 Reference value :  4.21876e-05
 Reference value :  4.21904e-05
 Reference value :  4.22362e-05
 Reference value :  4.22529e-05
 Reference value :  4.22817e-05
 Reference value :  4.23146e-05
 Reference value :  4.23438e-05
 Reference value :  4.23750e-05
 Reference value :  4.23775e-05
 Reference value :  4.24064e-05
 Reference value :  4.24377e-05
 Reference value :  4.24404e-05
 Reference value :  4.24693e-05
 Reference value :  4.25005e-05
 Reference value :  4.25246e-05
 Reference value :  4.25625e-05
 Reference value :  4.25651e-05
 Reference value :  4.25942e-05
 Reference value :  4.26263e-05
 Reference value :  4.26564e-05
 Reference value :  4.26876e-05
 Reference value :  4.26900e-05
 Reference value :  4.27192e-05
 Reference value :  4.27523e-05
 Reference value :  4.27814e-05
 Reference value :  4.28126e-05
 Reference value :  4.28156e-05
 Reference value :  4.28463e-05
 Reference value :  4.28775e-05
 Reference value :  4.29064e-05
 Reference value :  4.29377e-05
 Reference value :  4.29689e-05
 Reference value :  4.30005e-05
 Reference value :  4.30030e-05
 Reference value :  4.30321e-05
 Reference value :  4.30938e-05
 Reference value :  4.30991e-05
 Reference value :  4.31563e-05
 Reference value :  4.31877e-05
 Reference value :  4.32137e-05
 Reference value :  4.32501e-05
 Reference value :  4.32530e-05
 Reference value :  4.32818e-05
 Reference value :  4.33149e-05
 Reference value :  4.33439e-05
 Reference value :  4.33752e-05
 Reference value :  4.33778e-05
 Reference value :  4.34068e-05
 Reference value :  4.34381e-05
 Reference value :  4.34688e-05
 Reference value :  4.34720e-05
 Reference value :  4.35023e-05
 Reference value :  4.35314e-05
 Reference value :  4.35626e-05
 Reference value :  4.35651e-05
 Reference value :  4.35941e-05
 Reference value :  4.36261e-05
 Reference value :  4.36563e-05
 Reference value :  4.36876e-05
 Reference value :  4.36917e-05
 Reference value :  4.37194e-05
 Reference value :  4.37507e-05
 Reference value :  4.37813e-05
 Reference value :  4.38127e-05
 Reference value :  4.38154e-05
 Reference value :  4.38451e-05
 Reference value :  4.38774e-05
 Reference value :  4.39064e-05
 Reference value :  4.39376e-05
 Reference value :  4.39688e-05
 Reference value :  4.40001e-05
 Reference value :  4.40026e-05
 Reference value :  4.40313e-05
 Reference value :  4.40626e-05
 Reference value :  4.40939e-05
 Reference value :  4.41251e-05
 Reference value :  4.41564e-05
 Reference value :  4.41877e-05
 Reference value :  4.42080e-05
 Reference value :  4.42500e-05
 Reference value :  4.42530e-05
 Reference value :  4.42818e-05
 Reference value :  4.43142e-05
 Reference value :  4.43438e-05
 Reference value :  4.43722e-05
 Reference value :  4.43775e-05
 Reference value :  4.44065e-05
 Reference value :  4.44377e-05
 Reference value :  4.44407e-05
 Reference value :  4.44782e-05
 Reference value :  4.45025e-05
 Reference value :  4.45313e-05
 Reference value :  4.45627e-05
 Reference value :  4.45695e-05
 Reference value :  4.45944e-05
 Reference value :  4.46263e-05
 Reference value :  4.46564e-05
 Reference value :  4.46877e-05
 Reference value :  4.46944e-05
 Reference value :  4.47224e-05
 Reference value :  4.47525e-05
 Reference value :  4.47816e-05
 Reference value :  4.48128e-05
 Reference value :  4.48353e-05
 Reference value :  4.48614e-05
 Reference value :  4.48776e-05
 Reference value :  4.49069e-05
 Reference value :  4.49411e-05
 Reference value :  4.49920e-05
 Reference value :  4.50025e-05
 Reference value :  4.50313e-05
 Reference value :  4.50626e-05
 Reference value :  4.50939e-05
 Reference value :  4.51251e-05
 Reference value :  4.51563e-05
 Reference value :  4.51879e-05
 Reference value :  4.52188e-05
 Reference value :  4.52502e-05
 Reference value :  4.52813e-05
 Reference value :  4.53126e-05
 Reference value :  4.53151e-05
 Reference value :  4.53442e-05
 Reference value :  4.53773e-05
 Reference value :  4.54064e-05
 Reference value :  4.54378e-05
 Reference value :  4.54538e-05
 Reference value :  4.55001e-05
 Reference value :  4.55026e-05
 Reference value :  4.55325e-05
 Reference value :  4.55649e-05
 Reference value :  4.55939e-05
 Reference value :  4.56253e-05
 Reference value :  4.56441e-05
 Reference value :  4.56570e-05
 Reference value :  4.56898e-05
 Reference value :  4.57189e-05
 Reference value :  4.57502e-05
 Reference value :  4.57651e-05
 Reference value :  4.58002e-05
 Reference value :  4.58150e-05
 Reference value :  4.58442e-05
 Reference value :  4.58752e-05
 Reference value :  4.58778e-05
 Reference value :  4.59067e-05
 Reference value :  4.59379e-05
 Reference value :  4.59693e-05
 Reference value :  4.60023e-05
 Reference value :  4.60041e-05
 Reference value :  4.60625e-05
 Reference value :  4.60939e-05
 Reference value :  4.61250e-05
 Reference value :  4.61563e-05
 Reference value :  4.61877e-05
 Reference value :  4.61927e-05
 Reference value :  4.62381e-05
 Reference value :  4.62531e-05
 Reference value :  4.63045e-05
 Reference value :  4.63150e-05
 Reference value :  4.63443e-05
 Reference value :  4.63773e-05
 Reference value :  4.64063e-05
 Reference value :  4.64376e-05
 Reference value :  4.64401e-05
 Reference value :  4.64690e-05
 Reference value :  4.65007e-05
 Reference value :  4.65317e-05
 Reference value :  4.65631e-05
 Reference value :  4.65939e-05
 Reference value :  4.66252e-05
 Reference value :  4.66563e-05
 Reference value :  4.66875e-05
 Reference value :  4.66900e-05
 Reference value :  4.67190e-05
 Reference value :  4.67507e-05
 Reference value :  4.67813e-05
 Reference value :  4.68127e-05
 Reference value :  4.68188e-05
 Reference value :  4.68446e-05
 Reference value :  4.68758e-05
 Reference value :  4.69063e-05
 Reference value :  4.69377e-05
 Reference value :  4.69689e-05
 Reference value :  4.70003e-05
 Reference value :  4.70029e-05
 Reference value :  4.70315e-05
 Reference value :  4.70631e-05
 Reference value :  4.70943e-05
 Reference value :  4.71255e-05
 Reference value :  4.71568e-05
 Reference value :  4.71898e-05
 Reference value :  4.72189e-05
 Reference value :  4.72504e-05
 Reference value :  4.72796e-05
 Reference value :  4.73126e-05
 Reference value :  4.73151e-05
 Reference value :  4.73442e-05
 Reference value :  4.73764e-05
 Reference value :  4.74063e-05
 Reference value :  4.74375e-05
 Reference value :  4.74400e-05
 Reference value :  4.74690e-05
 Reference value :  4.75002e-05
 Reference value :  4.75039e-05
 Reference value :  4.75320e-05
 Reference value :  4.75636e-05
 Reference value :  4.75938e-05
 Reference value :  4.76239e-05
 Reference value :  4.76275e-05
 Reference value :  4.76565e-05
 Reference value :  4.76877e-05
 Reference value :  4.77188e-05
 Reference value :  4.77502e-05
 Reference value :  4.77813e-05
 Reference value :  4.78096e-05
 Reference value :  4.78154e-05
 Reference value :  4.78451e-05
 Reference value :  4.78774e-05
 Reference value :  4.79064e-05
 Reference value :  4.79378e-05
 Reference value :  4.79690e-05
 Reference value :  4.80024e-05
 Reference value :  4.80075e-05
 Reference value :  4.80626e-05
 Reference value :  4.80939e-05
 Reference value :  4.81252e-05
 Reference value :  4.81565e-05
 Reference value :  4.81880e-05
 Reference value :  4.82188e-05
 Reference value :  4.82502e-05
 Reference value :  4.82533e-05
 Reference value :  4.83125e-05
 Reference value :  4.83151e-05
 Reference value :  4.83690e-05
 Reference value :  4.83775e-05
 Reference value :  4.84068e-05
 Reference value :  4.84380e-05
 Reference value :  4.84687e-05
 Reference value :  4.84756e-05
 Reference value :  4.85024e-05
 Reference value :  4.85314e-05
 Reference value :  4.85633e-05
 Reference value :  4.85940e-05
 Reference value :  4.86256e-05
 Reference value :  4.86564e-05
 Reference value :  4.86876e-05
 Reference value :  4.86900e-05
 Reference value :  4.87191e-05
 Reference value :  4.87508e-05
 Reference value :  4.87815e-05
 Reference value :  4.88129e-05
 Reference value :  4.88439e-05
 Reference value :  4.88752e-05
 Reference value :  4.88899e-05
 Reference value :  4.89375e-05
 Reference value :  4.89688e-05
 Reference value :  4.90001e-05
 Reference value :  4.90026e-05
 Reference value :  4.90314e-05
 Reference value :  4.90629e-05
 Reference value :  4.90944e-05
 Reference value :  4.91257e-05
 Reference value :  4.91876e-05
 Reference value :  4.91903e-05
 Reference value :  4.92349e-05
 Reference value :  4.92529e-05
 Reference value :  4.92815e-05
 Reference value :  4.93132e-05
 Reference value :  4.93438e-05
 Reference value :  4.93754e-05
 Reference value :  4.93831e-05
 Reference value :  4.94376e-05
 Reference value :  4.94404e-05
 Reference value :  4.94699e-05
 Reference value :  4.95023e-05
 Reference value :  4.95313e-05
 Reference value :  4.95627e-05
 Reference value :  4.95728e-05
 Reference value :  4.96112e-05
 Reference value :  4.96275e-05
 Reference value :  4.96565e-05
 Reference value :  4.96876e-05
 Reference value :  4.96900e-05
 Reference value :  4.97191e-05
 Reference value :  4.97509e-05
 Reference value :  4.97813e-05
 Reference value :  4.98125e-05
 Reference value :  4.98150e-05
 Reference value :  4.98441e-05
 Reference value :  4.98752e-05
 Reference value :  4.98795e-05
 Reference value :  4.99068e-05
 Reference value :  4.99394e-05
 Reference value :  4.99774e-05
 Reference value :  5.00024e-05
 Reference value :  5.00107e-05
 Reference value :  5.00492e-05
 Reference value :  5.00938e-05
 Reference value :  5.01073e-05
 Reference value :  5.01563e-05
 Reference value :  5.01876e-05
 Reference value :  5.01901e-05
 Reference value :  5.02198e-05
 Reference value :  5.02509e-05
 Reference value :  5.02813e-05
 Reference value :  5.03126e-05
 Reference value :  5.03150e-05
 Reference value :  5.03439e-05
 Reference value :  5.03752e-05
 Reference value :  5.03778e-05
 Reference value :  5.04068e-05
 Reference value :  5.04382e-05
 Reference value :  5.04579e-05
 Reference value :  5.04694e-05
 Reference value :  5.05005e-05
 Reference value :  5.05155e-05
 Reference value :  5.05319e-05
 Reference value :  5.05636e-05
 Reference value :  5.05938e-05
 Reference value :  5.05969e-05
 Reference value :  5.06273e-05
 Reference value :  5.06563e-05
 Reference value :  5.06776e-05
 Reference value :  5.06900e-05
 Reference value :  5.07189e-05
 Reference value :  5.07501e-05
 Reference value :  5.07525e-05
 Reference value :  5.07814e-05
 Reference value :  5.08127e-05
 Reference value :  5.08155e-05
 Reference value :  5.08445e-05
 Reference value :  5.08752e-05
 Reference value :  5.08776e-05
 Reference value :  5.09065e-05
 Reference value :  5.09376e-05
 Reference value :  5.09688e-05
 Reference value :  5.10001e-05
 Reference value :  5.10025e-05
 Reference value :  5.10055e-05
 Reference value :  5.10318e-05
 Reference value :  5.10632e-05
 Reference value :  5.10942e-05
 Reference value :  5.11252e-05
 Reference value :  5.11564e-05
 Reference value :  5.11876e-05
 Reference value :  5.11901e-05
 Reference value :  5.12194e-05
 Reference value :  5.12506e-05
 Reference value :  5.12725e-05
 Reference value :  5.12960e-05
 Reference value :  5.13148e-05
 Reference value :  5.13438e-05
 Reference value :  5.13751e-05
 Reference value :  5.13776e-05
 Reference value :  5.14064e-05
 Reference value :  5.14378e-05
 Reference value :  5.14403e-05
 Reference value :  5.14690e-05
 Reference value :  5.15001e-05
 Reference value :  5.15025e-05
 Reference value :  5.15314e-05
 Reference value :  5.15626e-05
 Reference value :  5.15650e-05
 Reference value :  5.15939e-05
 Reference value :  5.16252e-05
 Reference value :  5.16285e-05
 Reference value :  5.16569e-05
 Reference value :  5.16883e-05
 Reference value :  5.17177e-05
 Reference value :  5.17194e-05
 Reference value :  5.17505e-05
 Reference value :  5.17731e-05
 Reference value :  5.17819e-05
 Reference value :  5.18130e-05
 Reference value :  5.18373e-05
 Reference value :  5.18444e-05
 Reference value :  5.18754e-05
 Reference value :  5.18781e-05
 Reference value :  5.19067e-05
 Reference value :  5.19378e-05
 Reference value :  5.19689e-05
 Reference value :  5.20002e-05
 Reference value :  5.20026e-05
 Reference value :  5.20201e-05
 Reference value :  5.20378e-05
 Reference value :  5.20898e-05
 Reference value :  5.20979e-05
 Reference value :  5.21323e-05
 Reference value :  5.21569e-05
 Reference value :  5.21879e-05
 Reference value :  5.22187e-05
 Reference value :  5.22384e-05
 Reference value :  5.22528e-05
 Reference value :  5.22814e-05
 Reference value :  5.23127e-05
 Reference value :  5.23151e-05
 Reference value :  5.23440e-05
 Reference value :  5.23755e-05
 Reference value :  5.23831e-05
 Reference value :  5.24197e-05
 Reference value :  5.24398e-05
 Reference value :  5.24688e-05
 Reference value :  5.25001e-05
 Reference value :  5.25026e-05
 Reference value :  5.25315e-05
 Reference value :  5.25627e-05
 Reference value :  5.25652e-05
 Reference value :  5.25943e-05
 Reference value :  5.26257e-05
 Reference value :  5.26533e-05
 Reference value :  5.26569e-05
 Reference value :  5.26880e-05
 Reference value :  5.27017e-05
 Reference value :  5.27193e-05
 Reference value :  5.27502e-05
 Reference value :  5.27527e-05
 Reference value :  5.27817e-05
 Reference value :  5.28127e-05
 Reference value :  5.28151e-05
 Reference value :  5.28442e-05
 Reference value :  5.28751e-05
 Reference value :  5.28776e-05
 Reference value :  5.29064e-05
 Reference value :  5.29376e-05
 Reference value :  5.29688e-05
 Reference value :  5.30000e-05
 Reference value :  5.30024e-05
 Reference value :  5.30034e-05
 Reference value :  5.30316e-05
 Reference value :  5.30630e-05
 Reference value :  5.30941e-05
 Reference value :  5.31254e-05
 Reference value :  5.31564e-05
 Reference value :  5.31876e-05
 Reference value :  5.31900e-05
 Reference value :  5.32191e-05
 Reference value :  5.32507e-05
 Reference value :  5.32812e-05
 Reference value :  5.33126e-05
 Reference value :  5.33150e-05
 Reference value :  5.33440e-05
 Reference value :  5.33754e-05
 Reference value :  5.33796e-05
 Reference value :  5.34376e-05
 Reference value :  5.34688e-05
 Reference value :  5.35001e-05
 Reference value :  5.35026e-05
 Reference value :  5.35315e-05
 Reference value :  5.35626e-05
 Reference value :  5.35650e-05
 Reference value :  5.35940e-05
 Reference value :  5.36251e-05
 Reference value :  5.36274e-05
 Reference value :  5.36564e-05
 Reference value :  5.36875e-05
 Reference value :  5.36899e-05
 Reference value :  5.37189e-05
 Reference value :  5.37313e-05
 Reference value :  5.37523e-05
 Reference value :  5.37814e-05
 Reference value :  5.37983e-05
 Reference value :  5.38148e-05
 Reference value :  5.38439e-05
 Reference value :  5.38570e-05
 Reference value :  5.38773e-05
 Reference value :  5.39063e-05
 Reference value :  5.39376e-05
 Reference value :  5.39688e-05
 Reference value :  5.40001e-05
 Reference value :  5.40025e-05
 Reference value :  5.40080e-05
 Reference value :  5.40319e-05
 Reference value :  5.40633e-05
 Reference value :  5.40942e-05
 Reference value :  5.41255e-05
 Reference value :  5.41875e-05
 Reference value :  5.41901e-05
 Reference value :  5.42192e-05
 Reference value :  5.42502e-05
 Reference value :  5.42531e-05
 Reference value :  5.42820e-05
 Reference value :  5.43133e-05
 Reference value :  5.43339e-05
 Reference value :  5.43550e-05
 Reference value :  5.43773e-05
 Reference value :  5.44064e-05
 Reference value :  5.44377e-05
 Reference value :  5.44403e-05
 Reference value :  5.44690e-05
 Reference value :  5.45005e-05
 Reference value :  5.45228e-05
 Reference value :  5.45326e-05
 Reference value :  5.45648e-05
 Reference value :  5.45939e-05
 Reference value :  5.46252e-05
 Reference value :  5.46276e-05
 Reference value :  5.46566e-05
 Reference value :  5.46879e-05
 Reference value :  5.47188e-05
 Reference value :  5.47335e-05
 Reference value :  5.47525e-05
 Reference value :  5.47814e-05
 Reference value :  5.48126e-05
 Reference value :  5.48151e-05
 Reference value :  5.48442e-05
 Reference value :  5.48755e-05
 Reference value :  5.48893e-05
 Reference value :  5.49068e-05
 Reference value :  5.49381e-05
 Reference value :  5.49690e-05
 Reference value :  5.50008e-05
 Reference value :  5.50030e-05
 Reference value :  5.50318e-05
 Reference value :  5.50677e-05
 Reference value :  5.51063e-05
 Reference value :  5.51563e-05
 Reference value :  5.51876e-05
 Reference value :  5.51974e-05
 Reference value :  5.52194e-05
 Reference value :  5.52520e-05
 Reference value :  5.52814e-05
 Reference value :  5.53129e-05
 Reference value :  5.53354e-05
 Reference value :  5.53751e-05
 Reference value :  5.53777e-05
 Reference value :  5.54071e-05
 Reference value :  5.54399e-05
 Reference value :  5.54689e-05
 Reference value :  5.55004e-05
 Reference value :  5.55270e-05
 Reference value :  5.55326e-05
 Reference value :  5.55648e-05
 Reference value :  5.55942e-05
 Reference value :  5.56257e-05
 Reference value :  5.56563e-05
 Reference value :  5.56877e-05
 Reference value :  5.56970e-05
 Reference value :  5.57402e-05
 Reference value :  5.57525e-05
 Reference value :  5.57817e-05
 Reference value :  5.58138e-05
 Reference value :  5.58439e-05
 Reference value :  5.58750e-05
 Reference value :  5.58776e-05
 Reference value :  5.59065e-05
 Reference value :  5.59378e-05
 Reference value :  5.59690e-05
 Reference value :  5.60007e-05
 Reference value :  5.60030e-05
 Reference value :  5.60317e-05
 Reference value :  5.60642e-05
 Reference value :  5.61047e-05
 Reference value :  5.61563e-05
 Reference value :  5.61876e-05
 Reference value :  5.61954e-05
 Reference value :  5.62321e-05
 Reference value :  5.62529e-05
 Reference value :  5.62815e-05
 Reference value :  5.63128e-05
 Reference value :  5.63316e-05
 Reference value :  5.63751e-05
 Reference value :  5.63776e-05
 Reference value :  5.64069e-05
 Reference value :  5.64398e-05
 Reference value :  5.64688e-05
 Reference value :  5.65003e-05
 Reference value :  5.65048e-05
 Reference value :  5.65319e-05
 Reference value :  5.65632e-05
 Reference value :  5.65938e-05
 Reference value :  5.66106e-05
 Reference value :  5.66275e-05
 Reference value :  5.66564e-05
 Reference value :  5.66879e-05
 Reference value :  5.67173e-05
 Reference value :  5.67404e-05
 Reference value :  5.67525e-05
 Reference value :  5.67818e-05
 Reference value :  5.68129e-05
 Reference value :  5.68438e-05
 Reference value :  5.68751e-05
 Reference value :  5.68776e-05
 Reference value :  5.69067e-05
 Reference value :  5.69380e-05
 Reference value :  5.69692e-05
 Reference value :  5.70014e-05
 Reference value :  5.70031e-05
 Reference value :  5.70319e-05
 Reference value :  5.70717e-05
 Reference value :  5.71094e-05
 Reference value :  5.71563e-05
 Reference value :  5.71877e-05
 Reference value :  5.72034e-05
 Reference value :  5.72500e-05
 Reference value :  5.72530e-05
 Reference value :  5.72818e-05
 Reference value :  5.73130e-05
 Reference value :  5.73438e-05
 Reference value :  5.73752e-05
 Reference value :  5.74064e-05
 Reference value :  5.74379e-05
 Reference value :  5.74427e-05
 Reference value :  5.74877e-05
 Reference value :  5.75026e-05
 Reference value :  5.75315e-05
 Reference value :  5.75627e-05
 Reference value :  5.75713e-05
 Reference value :  5.75944e-05
 Reference value :  5.76257e-05
 Reference value :  5.76563e-05
 Reference value :  5.76831e-05
 Reference value :  5.76900e-05
 Reference value :  5.77193e-05
 Reference value :  5.77504e-05
 Reference value :  5.77813e-05
 Reference value :  5.77836e-05
 Reference value :  5.78151e-05
 Reference value :  5.78443e-05
 Reference value :  5.78754e-05
 Reference value :  5.78880e-05
 Reference value :  5.79229e-05
 Reference value :  5.79688e-05
 Reference value :  5.80001e-05
 Reference value :  5.80026e-05
 Reference value :  5.80313e-05
 Reference value :  5.80626e-05
 Reference value :  5.80939e-05
 Reference value :  5.81254e-05
 Reference value :  5.81568e-05
 Reference value :  5.81898e-05
 Reference value :  5.82190e-05
 Reference value :  5.82507e-05
 Reference value :  5.82813e-05
 Reference value :  5.83126e-05
 Reference value :  5.83151e-05
 Reference value :  5.83443e-05
 Reference value :  5.83773e-05
 Reference value :  5.84064e-05
 Reference value :  5.84379e-05
 Reference value :  5.84522e-05
 Reference value :  5.84962e-05
 Reference value :  5.85026e-05
 Reference value :  5.85317e-05
 Reference value :  5.85629e-05
 Reference value :  5.85777e-05
 Reference value :  5.86232e-05
 Reference value :  5.86275e-05
 Reference value :  5.86566e-05
 Reference value :  5.86879e-05
 Reference value :  5.87018e-05
 Reference value :  5.87195e-05
 Reference value :  5.87523e-05
 Reference value :  5.87814e-05
 Reference value :  5.88127e-05
 Reference value :  5.88328e-05
 Reference value :  5.88446e-05
 Reference value :  5.88773e-05
 Reference value :  5.89063e-05
 Reference value :  5.89377e-05
 Reference value :  5.89690e-05
 Reference value :  5.90007e-05
 Reference value :  5.90030e-05
 Reference value :  5.90318e-05
 Reference value :  5.90739e-05
 Reference value :  5.91213e-05
 Reference value :  5.91563e-05
 Reference value :  5.91877e-05
 Reference value :  5.92053e-05
 Reference value :  5.92501e-05
 Reference value :  5.92531e-05
 Reference value :  5.92818e-05
 Reference value :  5.93132e-05
 Reference value :  5.93438e-05
 Reference value :  5.93752e-05
 Reference value :  5.93841e-05
 Reference value :  5.94375e-05
 Reference value :  5.94400e-05
 Reference value :  5.94689e-05
 Reference value :  5.95002e-05
 Reference value :  5.95027e-05
 Reference value :  5.95318e-05
 Reference value :  5.95630e-05
 Reference value :  5.95938e-05
 Reference value :  5.96251e-05
 Reference value :  5.96278e-05
 Reference value :  5.96578e-05
 Reference value :  5.96899e-05
 Reference value :  5.97189e-05
 Reference value :  5.97502e-05
 Reference value :  5.97529e-05
 Reference value :  5.97820e-05
 Reference value :  5.98131e-05
 Reference value :  5.98438e-05
 Reference value :  5.98751e-05
 Reference value :  5.98776e-05
 Reference value :  5.99066e-05
 Reference value :  5.99379e-05
 Reference value :  5.99690e-05
 Reference value :  6.00007e-05
 Reference value :  6.00030e-05
 Reference value :  6.00315e-05
 Reference value :  6.00636e-05
 Reference value :  6.01014e-05
 Reference value :  6.01563e-05
 Reference value :  6.01876e-05
 Reference value :  6.01911e-05
 Reference value :  6.02437e-05
 Reference value :  6.02529e-05
 Reference value :  6.02817e-05
 Reference value :  6.03129e-05
 Reference value :  6.03420e-05
 Reference value :  6.03751e-05
 Reference value :  6.03777e-05
 Reference value :  6.04068e-05
 Reference value :  6.04398e-05
 Reference value :  6.04688e-05
 Reference value :  6.05001e-05
 Reference value :  6.05026e-05
 Reference value :  6.05318e-05
 Reference value :  6.05630e-05
 Reference value :  6.05786e-05
 Reference value :  6.05945e-05
 Reference value :  6.06273e-05
 Reference value :  6.06564e-05
 Reference value :  6.06877e-05
 Reference value :  6.06959e-05
 Reference value :  6.07195e-05
 Reference value :  6.07523e-05
 Reference value :  6.07814e-05
 Reference value :  6.08126e-05
 Reference value :  6.08153e-05
 Reference value :  6.08444e-05
 Reference value :  6.08757e-05
 Reference value :  6.09063e-05
 Reference value :  6.09376e-05
 Reference value :  6.09689e-05
 Reference value :  6.10004e-05
 Reference value :  6.10029e-05
 Reference value :  6.10316e-05
 Reference value :  6.10638e-05
 Reference value :  6.11058e-05
 Reference value :  6.11563e-05
 Reference value :  6.11877e-05
 Reference value :  6.11993e-05
 Reference value :  6.12501e-05
 Reference value :  6.12530e-05
 Reference value :  6.12818e-05
 Reference value :  6.13130e-05
 Reference value :  6.13423e-05
 Reference value :  6.13751e-05
 Reference value :  6.13776e-05
 Reference value :  6.14065e-05
 Reference value :  6.14384e-05
 Reference value :  6.14688e-05
 Reference value :  6.15000e-05
 Reference value :  6.15025e-05
 Reference value :  6.15315e-05
 Reference value :  6.15645e-05
 Reference value :  6.15939e-05
 Reference value :  6.16252e-05
 Reference value :  6.16358e-05
 Reference value :  6.16570e-05
 Reference value :  6.16898e-05
 Reference value :  6.17189e-05
 Reference value :  6.17503e-05
 Reference value :  6.17781e-05
 Reference value :  6.17823e-05
 Reference value :  6.18148e-05
 Reference value :  6.18439e-05
 Reference value :  6.18751e-05
 Reference value :  6.18776e-05
 Reference value :  6.19066e-05
 Reference value :  6.19399e-05
 Reference value :  6.19794e-05
 Reference value :  6.20024e-05
 Reference value :  6.20252e-05
 Reference value :  6.20625e-05
 Reference value :  6.20939e-05
 Reference value :  6.21253e-05
 Reference value :  6.21571e-05
 Reference value :  6.22188e-05
 Reference value :  6.22502e-05
 Reference value :  6.22564e-05
 Reference value :  6.22943e-05
 Reference value :  6.23149e-05
 Reference value :  6.23442e-05
 Reference value :  6.23775e-05
 Reference value :  6.24065e-05
 Reference value :  6.24377e-05
 Reference value :  6.24407e-05
 Reference value :  6.24693e-05
 Reference value :  6.25006e-05
 Reference value :  6.25312e-05
 Reference value :  6.25626e-05
 Reference value :  6.25651e-05
 Reference value :  6.25944e-05
 Reference value :  6.26273e-05
 Reference value :  6.26564e-05
 Reference value :  6.26876e-05
 Reference value :  6.26901e-05
 Reference value :  6.27195e-05
 Reference value :  6.27524e-05
 Reference value :  6.27815e-05
 Reference value :  6.28130e-05
 Reference value :  6.28438e-05
 Reference value :  6.28472e-05
 Reference value :  6.28775e-05
 Reference value :  6.29064e-05
 Reference value :  6.29380e-05
 Reference value :  6.29692e-05
 Reference value :  6.30009e-05
 Reference value :  6.30031e-05
 Reference value :  6.30319e-05
 Reference value :  6.30839e-05
 Reference value :  6.31251e-05
 Reference value :  6.31564e-05
 Reference value :  6.31878e-05
 Reference value :  6.32188e-05
 Reference value :  6.32501e-05
 Reference value :  6.32680e-05
 Reference value :  6.33130e-05
 Reference value :  6.33439e-05
 Reference value :  6.33753e-05
 Reference value :  6.33974e-05
 Reference value :  6.34131e-05
 Reference value :  6.34399e-05
 Reference value :  6.34689e-05
 Reference value :  6.35001e-05
 Reference value :  6.35027e-05
 Reference value :  6.35318e-05
 Reference value :  6.35631e-05
 Reference value :  6.35938e-05
 Reference value :  6.36046e-05
 Reference value :  6.36274e-05
 Reference value :  6.36565e-05
 Reference value :  6.36877e-05
 Reference value :  6.36924e-05
 Reference value :  6.37280e-05
 Reference value :  6.37525e-05
 Reference value :  6.37818e-05
 Reference value :  6.38133e-05
 Reference value :  6.38438e-05
 Reference value :  6.38750e-05
 Reference value :  6.38776e-05
 Reference value :  6.39065e-05
 Reference value :  6.39381e-05
 Reference value :  6.39694e-05
 Reference value :  6.40023e-05
 Reference value :  6.40081e-05
 Reference value :  6.40477e-05
 Reference value :  6.40938e-05
 Reference value :  6.41251e-05
 Reference value :  6.41564e-05
 Reference value :  6.41879e-05
 Reference value :  6.42188e-05
 Reference value :  6.42502e-05
 Reference value :  6.42582e-05
 Reference value :  6.42819e-05
 Reference value :  6.43140e-05
 Reference value :  6.43438e-05
 Reference value :  6.43752e-05
 Reference value :  6.43810e-05
 Reference value :  6.44069e-05
 Reference value :  6.44386e-05
 Reference value :  6.44688e-05
 Reference value :  6.45002e-05
 Reference value :  6.45046e-05
 Reference value :  6.45319e-05
 Reference value :  6.45638e-05
 Reference value :  6.45938e-05
 Reference value :  6.46206e-05
 Reference value :  6.46275e-05
 Reference value :  6.46566e-05
 Reference value :  6.46879e-05
 Reference value :  6.47018e-05
 Reference value :  6.47442e-05
 Reference value :  6.47526e-05
 Reference value :  6.47817e-05
 Reference value :  6.48134e-05
 Reference value :  6.48439e-05
 Reference value :  6.48751e-05
 Reference value :  6.48776e-05
 Reference value :  6.49066e-05
 Reference value :  6.49379e-05
 Reference value :  6.49691e-05
 Reference value :  6.50010e-05
 Reference value :  6.50031e-05
 Reference value :  6.50319e-05
 Reference value :  6.50857e-05
 Reference value :  6.51250e-05
 Reference value :  6.51564e-05
 Reference value :  6.51877e-05
 Reference value :  6.52188e-05
 Reference value :  6.52501e-05
 Reference value :  6.52531e-05
 Reference value :  6.52818e-05
 Reference value :  6.53131e-05
 Reference value :  6.53438e-05
 Reference value :  6.53751e-05
 Reference value :  6.53777e-05
 Reference value :  6.54068e-05
 Reference value :  6.54382e-05
 Reference value :  6.54688e-05
 Reference value :  6.55002e-05
 Reference value :  6.55029e-05
 Reference value :  6.55323e-05
 Reference value :  6.55657e-05
 Reference value :  6.56040e-05
 Reference value :  6.56499e-05
 Reference value :  6.56631e-05
 Reference value :  6.56900e-05
 Reference value :  6.57192e-05
 Reference value :  6.57504e-05
 Reference value :  6.57814e-05
 Reference value :  6.58133e-05
 Reference value :  6.58439e-05
 Reference value :  6.58750e-05
 Reference value :  6.58776e-05
 Reference value :  6.59067e-05
 Reference value :  6.59397e-05
 Reference value :  6.59768e-05
No. of Data Rows : 167370
s000                =  7.36000e+02
s001                =  3.29000e+02
s002                =  6.49000e+02
s003                =  4.19000e+02
s004                =  5.57000e+02
s005                =  5.13000e+02
s006                =  4.63000e+02
s007                =  6.06000e+02
s008                =  3.71000e+02
s009                =  6.96000e+02
s010                =  2.85000e+02
s011                =  7.79000e+02
s012                =  2.07000e+02
s013                =  8.51000e+02
s014                =  1.41000e+02
s015                =  9.10000e+02
s016                =  8.90000e+01
s017                =  9.54000e+02
s018                =  5.30000e+01
s019                =  9.81000e+02
s020                =  3.50000e+01
s021                =  9.90000e+02
s022                =  3.50000e+01
s023                =  9.81000e+02
s024                =  5.30000e+01
s025                =  9.53000e+02
s026                =  9.00000e+01
s027                =  9.09000e+02
s028                =  1.42000e+02
s029                =  8.49000e+02
s030                =  2.08000e+02
s031                =  7.76000e+02
s032                =  2.87000e+02
s033                =  6.93000e+02
s034                =  3.74000e+02
s035                =  6.04000e+02
s036                =  4.66000e+02
s037                =  5.10000e+02
s038                =  5.60000e+02
s039                =  4.17000e+02
s040                =  6.52000e+02
s041                =  3.27000e+02
s042                =  7.39000e+02
s043                =  2.45000e+02
s044                =  8.17000e+02
s045                =  1.72000e+02
s046                =  8.83000e+02
s047                =  1.13000e+02
s048                =  9.34000e+02
s049                =  6.90000e+01
s050                =  9.70000e+02
s051                =  4.20000e+01
s052                =  9.88000e+02
s053                =  3.30000e+01
s054                =  9.88000e+02
s055                =  4.20000e+01
s056                =  9.69000e+02
s057                =  6.90000e+01
s058                =  9.33000e+02
s059                =  1.14000e+02
s060                =  8.81000e+02
s061                =  1.74000e+02
s062                =  8.14000e+02
s063                =  2.46000e+02
cmax                =  9.90000e+02 at=  2.49396e-05
cmin                =  3.30000e+01 at=  5.69396e-05
d000                =  2.56957e+02 at=  2.50013e-06
d008                =  6.21499e+02 at=  1.07816e-05
d016                =  8.50013e+02 at=  1.88751e-05
d024                =  6.03617e+02 at=  2.68751e-05
d032                =  2.56449e+02 at=  3.45001e-05
d040                =  6.21786e+02 at=  4.27816e-05
d048                =  8.50191e+02 at=  5.08751e-05
d056                =  6.03309e+02 at=  5.88751e-05
vrefhi              =  3.63106e+00 at=  6.31198e-05
vreflo              =  3.62901e+00 at=  6.40661e-05
m_code_s000 = 7.3600000000e+02
m_code_s001 = 3.2900000000e+02
m_code_s002 = 6.4900000000e+02
m_code_s003 = 4.1900000000e+02
m_code_s004 = 5.5700000000e+02
m_code_s005 = 5.1300000000e+02
m_code_s006 = 4.6300000000e+02
m_code_s007 = 6.0600000000e+02
m_code_s008 = 3.7100000000e+02
m_code_s009 = 6.9600000000e+02
m_code_s010 = 2.8500000000e+02
m_code_s011 = 7.7900000000e+02
m_code_s012 = 2.0700000000e+02
m_code_s013 = 8.5100000000e+02
m_code_s014 = 1.4100000000e+02
m_code_s015 = 9.1000000000e+02
m_code_s016 = 8.9000000000e+01
m_code_s017 = 9.5400000000e+02
m_code_s018 = 5.3000000000e+01
m_code_s019 = 9.8100000000e+02
m_code_s020 = 3.5000000000e+01
m_code_s021 = 9.9000000000e+02
m_code_s022 = 3.5000000000e+01
m_code_s023 = 9.8100000000e+02
m_code_s024 = 5.3000000000e+01
m_code_s025 = 9.5300000000e+02
m_code_s026 = 9.0000000000e+01
m_code_s027 = 9.0900000000e+02
m_code_s028 = 1.4200000000e+02
m_code_s029 = 8.4900000000e+02
m_code_s030 = 2.0800000000e+02
m_code_s031 = 7.7600000000e+02
m_code_s032 = 2.8700000000e+02
m_code_s033 = 6.9300000000e+02
m_code_s034 = 3.7400000000e+02
m_code_s035 = 6.0400000000e+02
m_code_s036 = 4.6600000000e+02
m_code_s037 = 5.1000000000e+02
m_code_s038 = 5.6000000000e+02
m_code_s039 = 4.1700000000e+02
m_code_s040 = 6.5200000000e+02
m_code_s041 = 3.2700000000e+02
m_code_s042 = 7.3900000000e+02
m_code_s043 = 2.4500000000e+02
m_code_s044 = 8.1700000000e+02
m_code_s045 = 1.7200000000e+02
m_code_s046 = 8.8300000000e+02
m_code_s047 = 1.1300000000e+02
m_code_s048 = 9.3400000000e+02
m_code_s049 = 6.9000000000e+01
m_code_s050 = 9.7000000000e+02
m_code_s051 = 4.2000000000e+01
m_code_s052 = 9.8800000000e+02
m_code_s053 = 3.3000000000e+01
m_code_s054 = 9.8800000000e+02
m_code_s055 = 4.2000000000e+01
m_code_s056 = 9.6900000000e+02
m_code_s057 = 6.9000000000e+01
m_code_s058 = 9.3300000000e+02
m_code_s059 = 1.1400000000e+02
m_code_s060 = 8.8100000000e+02
m_code_s061 = 1.7400000000e+02
m_code_s062 = 8.1400000000e+02
m_code_s063 = 2.4600000000e+02
m_decerr_c000_lsb = 2.5695670000e+02
m_decerr_c008_lsb = 6.2149870000e+02
m_decerr_c016_lsb = 8.5001290000e+02
m_decerr_c024_lsb = 6.0361700000e+02
m_decerr_c032_lsb = 2.5644880000e+02
m_decerr_c040_lsb = 6.2178640000e+02
m_decerr_c048_lsb = 8.5019110000e+02
m_decerr_c056_lsb = 6.0330940000e+02
m_code_max = 9.9000000000e+02
m_code_min = 3.3000000000e+01
m_vref_droop_mv = 2.0490000000e+00
Note: Simulation executed from .control section 

Warning: m=xx on .subckt line will override multiplier m hierarchy!

