
Note: No compatibility mode selected!


Circuit: * adc-inl-dnl @ ff_125c_3.30v -- generated by sim/harness, do not edit

Reducing trtol to 1 for xspice 'A' devices
Doing analysis at TEMP = 125.000000 and TNOM = 27.000000

Using SPARSE 1.3 as Direct Linear Solver

Initial Transient Solution
--------------------------

Node                                   Voltage
----                                   -------
clk                                          0
cmpclk                                       0
cmpclkb                                    3.3
vddt                                       3.3
vddd                                       3.3
vddc                                       3.3
vrefs                                      3.3
vrefn                                      3.3
vcmn                                      1.65
se_vinp                             0.00402832
se_vinn                                   1.65
se_start                                     0
se_mode                                      0
se_cmp                                 1.34355
se_samp_tp_n                                 0
se_sel_in_n                                  0
se_drdy                                    3.3
se_c9                                        0
se_c8                                        0
se_c7                                        0
se_c6                                        0
se_c5                                        0
se_c4                                        0
se_c3                                        0
se_c2                                        0
se_c1                                        0
se_c0                                        0
se_rel_n_256p                              3.3
se_sel_hi_n_256p                             0
se_sel_lo_n_256p                             0
se_rel_n_128p                              3.3
se_sel_hi_n_128p                             0
se_sel_lo_n_128p                             0
se_rel_n_64p                               3.3
se_sel_hi_n_64p                              0
se_sel_lo_n_64p                              0
se_rel_n_32p                               3.3
se_sel_hi_n_32p                              0
se_sel_lo_n_32p                              0
se_rel_n_16p                               3.3
se_sel_hi_n_16p                              0
se_sel_lo_n_16p                              0
se_rel_n_8p                                3.3
se_sel_hi_n_8p                               0
se_sel_lo_n_8p                               0
se_rel_n_4p                                3.3
se_sel_hi_n_4p                               0
se_sel_lo_n_4p                               0
se_rel_n_2p                                3.3
se_sel_hi_n_2p                               0
se_sel_lo_n_2p                               0
se_rel_n_1p                                3.3
se_sel_hi_n_1p                               0
se_sel_lo_n_1p                               0
se_rel_n_256n                              3.3
se_sel_hi_n_256n                             0
se_sel_lo_n_256n                             0
se_rel_n_128n                              3.3
se_sel_hi_n_128n                             0
se_sel_lo_n_128n                             0
se_rel_n_64n                               3.3
se_sel_hi_n_64n                              0
se_sel_lo_n_64n                              0
se_rel_n_32n                               3.3
se_sel_hi_n_32n                              0
se_sel_lo_n_32n                              0
se_rel_n_16n                               3.3
se_sel_hi_n_16n                              0
se_sel_lo_n_16n                              0
se_rel_n_8n                                3.3
se_sel_hi_n_8n                               0
se_sel_lo_n_8n                               0
se_rel_n_4n                                3.3
se_sel_hi_n_4n                               0
se_sel_lo_n_4n                               0
se_rel_n_2n                                3.3
se_sel_hi_n_2n                               0
se_sel_lo_n_2n                               0
se_rel_n_1n                                3.3
se_sel_hi_n_1n                               0
se_sel_lo_n_1n                               0
se_pinp                             0.00402975
se_pinn                                   1.65
xdut.\$5__t0                               3.3
xdut.sel_in__t0                              0
xdut.vss__t0                       4.61708e-08
xdut.vss__t110                     1.41546e-09
xdut.\$7__t2                       8.88462e-08
xdut.rel_256_p__t2                         3.3
xdut.vss__t46                      6.51717e-09
xdut.vss__t111                     7.74801e-17
xdut.\$9__t2                               3.3
xdut.hi_256_p__t2                            0
xdut.vss__t45                      4.48926e-08
xdut.vss__t112                     1.37627e-09
xdut.\$11__t2                              3.3
xdut.lo_256_p__t2                            0
xdut.vss__t44                      4.42536e-08
xdut.vss__t113                     1.35668e-09
xdut.vinp__t0                        0.0040317
xdut.sel_in__t1                              0
xdut.\$12__t0                          1.64999
xdut.vss__t184                     1.33674e-10
xdut.vcm__t27                             1.65
xdut.rel_256_p__t1                         3.3
xdut.\$12__t262                        1.64999
xdut.vss__t185                     2.42767e-10
xdut.vref__t21                             3.3
xdut.hi_256_p__t1                            0
xdut.\$12__t261                        1.64999
xdut.vss__t186                     3.04472e-10
xdut.vss__t24                      2.75562e-07
xdut.lo_256_p__t1                            0
xdut.\$12__t263                        1.64999
xdut.vss__t187                     1.22495e-10
xdut.\$17__t2                              3.3
xdut.sel_in__t50                             0
xdut.vss__t94                      3.56885e-08
xdut.vss__t114                      1.0941e-09
xdut.\$19__t2                      8.73461e-08
xdut.rel_128_p__t2                         3.3
xdut.vss__t109                     5.01706e-09
xdut.vss__t115                     5.77695e-17
xdut.\$21__t2                              3.3
xdut.hi_128_p__t2                            0
xdut.vss__t96                      3.44143e-08
xdut.vss__t116                     1.05504e-09
xdut.\$23__t2                              3.3
xdut.lo_128_p__t2                            0
xdut.vss__t99                      3.37774e-08
xdut.vss__t117                     1.03551e-09
xdut.vinp__t12                      0.00403124
xdut.sel_in__t25                             0
xdut.\$24__t132                           1.65
xdut.vss__t188                     1.01476e-10
xdut.vcm__t30                             1.65
xdut.rel_128_p__t1                         3.3
xdut.\$24__t133                           1.65
xdut.vss__t189                     1.83451e-10
xdut.vref__t23                             3.3
xdut.hi_128_p__t1                            0
xdut.\$24__t134                           1.65
xdut.vss__t190                     2.28995e-10
xdut.vss__t25                      2.06241e-07
xdut.lo_128_p__t1                            0
xdut.\$24__t135                           1.65
xdut.vss__t191                     9.16798e-11
xdut.\$25__t2                              3.3
xdut.sel_in__t52                             0
xdut.vss__t102                     2.52559e-08
xdut.vss__t118                     7.74271e-10
xdut.\$27__t2                      8.58536e-08
xdut.rel_64_p__t2                          3.3
xdut.vss__t103                      3.5245e-09
xdut.vss__t119                     3.92715e-17
xdut.\$29__t2                              3.3
xdut.hi_64_p__t2                             0
xdut.vss__t104                     2.39918e-08
xdut.vss__t120                     7.35516e-10
xdut.\$31__t2                              3.3
xdut.lo_64_p__t2                             0
xdut.vss__t105                     2.33605e-08
xdut.vss__t121                     7.16163e-10
xdut.vinp__t13                      0.00403078
xdut.sel_in__t26                             0
xdut.\$32__t68                            1.65
xdut.vss__t192                      6.9418e-11
xdut.vcm__t31                             1.65
xdut.rel_64_p__t1                          3.3
xdut.\$32__t69                            1.65
xdut.vss__t193                      1.2441e-10
xdut.vref__t32                             3.3
xdut.hi_64_p__t1                             0
xdut.\$32__t71                            1.65
xdut.vss__t194                     1.53889e-10
xdut.vss__t29                      1.37284e-07
xdut.lo_64_p__t1                             0
xdut.\$32__t70                            1.65
xdut.vss__t195                     6.10263e-11
xdut.\$33__t2                              3.3
xdut.sel_in__t46                             0
xdut.vss__t76                      1.49773e-08
xdut.vss__t122                     4.59159e-10
xdut.\$35__t2                       8.4385e-08
xdut.rel_32_p__t2                          3.3
xdut.vss__t75                      2.05594e-09
xdut.vss__t123                     2.21554e-17
xdut.\$37__t2                              3.3
xdut.hi_32_p__t2                             0
xdut.vss__t65                      1.37526e-08
xdut.vss__t124                     4.21614e-10
xdut.\$39__t2                              3.3
xdut.lo_32_p__t2                             0
xdut.vss__t70                      1.31446e-08
xdut.vss__t125                     4.02972e-10
xdut.vinp__t16                      0.00403033
xdut.sel_in__t31                             0
xdut.\$40__t37                            1.65
xdut.vss__t196                     3.78589e-11
xdut.vcm__t35                             1.65
xdut.rel_32_p__t1                          3.3
xdut.\$40__t38                            1.65
xdut.vss__t197                     6.63809e-11
xdut.vref__t30                             3.3
xdut.hi_32_p__t1                             0
xdut.\$40__t39                            1.65
xdut.vss__t198                     8.02089e-11
xdut.vss__t28                      6.97805e-08
xdut.lo_32_p__t1                             0
xdut.\$40__t36                            1.65
xdut.vss__t199                     3.10192e-11
xdut.\$41__t2                              3.3
xdut.sel_in__t45                             0
xdut.vss__t71                      5.74832e-09
xdut.vss__t126                     1.76226e-10
xdut.\$43__t2                      8.30942e-08
xdut.rel_16_p__t2                          3.3
xdut.vss__t72                       7.6513e-10
xdut.vss__t127                     7.99901e-18
xdut.\$45__t2                              3.3
xdut.hi_16_p__t2                             0
xdut.vss__t73                      4.99303e-09
xdut.vss__t128                     1.53071e-10
xdut.\$47__t2                              3.3
xdut.lo_16_p__t2                             0
xdut.vss__t74                      4.70217e-09
xdut.vss__t129                     1.44154e-10
xdut.vinp__t17                      0.00402987
xdut.sel_in__t32                             0
xdut.\$48__t23                            1.65
xdut.vss__t200                     1.18562e-11
xdut.vcm__t33                             1.65
xdut.rel_16_p__t1                          3.3
xdut.\$48__t20                            1.65
xdut.vss__t201                      2.0978e-11
xdut.vref__t29                             3.3
xdut.hi_16_p__t1                             0
xdut.\$48__t21                            1.65
xdut.vss__t202                     2.63304e-11
xdut.vss__t32                      2.45539e-08
xdut.lo_16_p__t1                             0
xdut.\$48__t22                            1.65
xdut.vss__t203                     1.09148e-11
xdut.\$49__t2                              3.3
xdut.sel_in__t38                             0
xdut.vss__t41                      8.00202e-09
xdut.vss__t130                     2.45318e-10
xdut.\$51__t2                      8.35529e-08
xdut.rel_8_p__t2                           3.3
xdut.vss__t67                      1.22378e-09
xdut.vss__t131                     1.29339e-17
xdut.\$53__t2                              3.3
xdut.hi_8_p__t2                              0
xdut.vss__t83                      9.10997e-09
xdut.vss__t132                     2.79284e-10
xdut.\$55__t2                              3.3
xdut.lo_8_p__t2                              0
xdut.vss__t38                      9.68027e-09
xdut.vss__t133                     2.96768e-10
xdut.vinp__t11                       0.0040301
xdut.sel_in__t24                             0
xdut.\$56__t12                            1.65
xdut.vss__t204                       3.067e-11
xdut.vcm__t26                             1.65
xdut.rel_8_p__t1                           3.3
xdut.\$56__t13                            1.65
xdut.vss__t205                     5.98229e-11
xdut.vref__t20                             3.3
xdut.hi_8_p__t1                              0
xdut.\$56__t14                            1.65
xdut.vss__t206                     8.03826e-11
xdut.vss__t22                      7.77663e-08
xdut.lo_8_p__t1                              0
xdut.\$56__t15                            1.65
xdut.vss__t207                     3.45691e-11
xdut.\$57__t2                              3.3
xdut.sel_in__t51                             0
xdut.vss__t101                     1.78126e-08
xdut.vss__t134                     5.46079e-10
xdut.\$59__t2                      8.49679e-08
xdut.rel_4_p__t2                           3.3
xdut.vss__t100                     2.63885e-09
xdut.vss__t135                     2.88206e-17
xdut.\$61__t2                              3.3
xdut.hi_4_p__t2                              0
xdut.vss__t98                      1.90609e-08
xdut.vss__t136                      5.8435e-10
xdut.\$63__t2                              3.3
xdut.lo_4_p__t2                              0
xdut.vss__t97                      1.96868e-08
xdut.vss__t137                     6.03538e-10
xdut.vinp__t14                      0.00403055
xdut.sel_in__t28                             0
xdut.\$64__t11                            1.65
xdut.vss__t208                     6.19157e-11
xdut.vcm__t28                             1.65
xdut.rel_4_p__t1                           3.3
xdut.\$64__t10                            1.65
xdut.vss__t209                     1.17569e-10
xdut.vref__t22                             3.3
xdut.hi_4_p__t1                              0
xdut.\$64__t9                             1.65
xdut.vss__t210                      1.5407e-10
xdut.vss__t23                      1.45614e-07
xdut.lo_4_p__t1                              0
xdut.\$64__t8                             1.65
xdut.vss__t211                     6.47292e-11
xdut.\$65__t2                              3.3
xdut.sel_in__t49                             0
xdut.vss__t93                      2.81568e-08
xdut.vss__t138                     8.63204e-10
xdut.\$67__t2                      8.64501e-08
xdut.rel_2_p__t2                           3.3
xdut.vss__t92                      4.12106e-09
xdut.vss__t139                     4.65317e-17
xdut.\$69__t2                              3.3
xdut.hi_2_p__t2                              0
xdut.vss__t85                      2.94264e-08
xdut.vss__t140                     9.02123e-10
xdut.\$71__t2                              3.3
xdut.lo_2_p__t2                              0
xdut.vss__t84                      3.00616e-08
xdut.vss__t141                     9.21597e-10
xdut.vinp__t10                      0.00403101
xdut.sel_in__t23                             0
xdut.\$72__t6                          1.64999
xdut.vss__t212                     9.39114e-11
xdut.vcm__t32                             1.65
xdut.rel_2_p__t1                           3.3
xdut.\$72__t7                             1.65
xdut.vss__t213                     1.76554e-10
xdut.vref__t27                             3.3
xdut.hi_2_p__t1                              0
xdut.\$72__t8                             1.65
xdut.vss__t214                     2.29177e-10
xdut.vss__t30                      2.14639e-07
xdut.lo_2_p__t1                              0
xdut.\$72__t9                          1.64999
xdut.vss__t215                     9.54132e-11
xdut.\$73__t2                              3.3
xdut.sel_in__t39                             0
xdut.vss__t48                      3.86082e-08
xdut.vss__t142                     1.18361e-09
xdut.\$75__t2                      8.79466e-08
xdut.rel_1_p__t2                           3.3
xdut.vss__t47                      5.61751e-09
xdut.vss__t143                     6.55243e-17
xdut.\$77__t2                              3.3
xdut.hi_1_p__t2                              0
xdut.vss__t43                      3.98844e-08
xdut.vss__t144                     1.22274e-09
xdut.\$79__t2                              3.3
xdut.lo_1_p__t2                              0
xdut.vss__t42                      4.05227e-08
xdut.vss__t145                      1.2423e-09
xdut.vinp__t15                      0.00403147
xdut.sel_in__t30                             0
xdut.\$80__t8                          1.64999
xdut.vss__t216                     1.26088e-10
xdut.vcm__t34                             1.65
xdut.rel_1_p__t1                           3.3
xdut.\$80__t7                             1.65
xdut.vss__t217                      2.3585e-10
xdut.vref__t28                             3.3
xdut.hi_1_p__t1                              0
xdut.\$80__t6                          1.64999
xdut.vss__t218                     3.04656e-10
xdut.vss__t21                      2.83985e-07
xdut.lo_1_p__t1                              0
xdut.\$80__t5                          1.64999
xdut.vss__t219                      1.2624e-10
xdut.\$127__t2                             3.3
xdut.sel_in__t53                             0
xdut.vss__t107                     4.60725e-08
xdut.vss__t146                     1.41245e-09
xdut.\$129__t2                     8.88319e-08
xdut.rel_256_n__t2                         3.3
xdut.vss__t108                     6.50291e-09
xdut.vss__t147                     7.72875e-17
xdut.\$92__t2                              3.3
xdut.hi_256_n__t2                            0
xdut.vss__t95                      4.47915e-08
xdut.vss__t148                     1.37317e-09
xdut.\$94__t2                              3.3
xdut.lo_256_n__t2                            0
xdut.vss__t55                      4.41511e-08
xdut.vss__t149                     1.35354e-09
xdut.vinn__t13                            1.65
xdut.sel_in__t29                             0
xdut.\$81__t261                           1.65
xdut.vss__t220                     2.46337e-10
xdut.vcm__t41                             1.65
xdut.rel_256_n__t1                         3.3
xdut.\$81__t263                           1.65
xdut.vss__t221                     2.42806e-10
xdut.vref__t26                             3.3
xdut.hi_256_n__t1                            0
xdut.\$81__t260                           1.65
xdut.vss__t222                     3.04523e-10
xdut.vss__t31                       2.7561e-07
xdut.lo_256_n__t1                            0
xdut.\$81__t262                           1.65
xdut.vss__t223                     1.22517e-10
xdut.\$130__t2                             3.3
xdut.sel_in__t43                             0
xdut.vss__t62                      3.55613e-08
xdut.vss__t150                      1.0902e-09
xdut.\$132__t2                     8.73276e-08
xdut.rel_128_n__t2                         3.3
xdut.vss__t63                      4.99853e-09
xdut.vss__t151                     5.75329e-17
xdut.\$96__t2                              3.3
xdut.hi_128_n__t2                            0
xdut.vss__t64                      3.42823e-08
xdut.vss__t152                     1.05099e-09
xdut.\$98__t2                              3.3
xdut.lo_128_n__t2                            0
xdut.vss__t106                      3.3643e-08
xdut.vss__t153                     1.03139e-09
xdut.vinn__t17                            1.65
xdut.sel_in__t36                             0
xdut.\$83__t135                           1.65
xdut.vss__t224                     1.87024e-10
xdut.vcm__t40                             1.65
xdut.rel_128_n__t1                         3.3
xdut.\$83__t134                           1.65
xdut.vss__t225                     1.83503e-10
xdut.vref__t31                             3.3
xdut.hi_128_n__t1                            0
xdut.\$83__t133                           1.65
xdut.vss__t226                     2.29062e-10
xdut.vss__t33                      2.06304e-07
xdut.lo_128_n__t1                            0
xdut.\$83__t132                           1.65
xdut.vss__t227                     9.17082e-11
xdut.\$133__t2                             3.3
xdut.sel_in__t42                             0
xdut.vss__t56                      2.50759e-08
xdut.vss__t154                     7.68751e-10
xdut.\$135__t2                     8.58271e-08
xdut.rel_64_n__t2                          3.3
xdut.vss__t59                      3.49806e-09
xdut.vss__t155                     3.89539e-17
xdut.\$100__t2                             3.3
xdut.hi_64_n__t2                             0
xdut.vss__t60                      2.38022e-08
xdut.vss__t156                     7.29702e-10
xdut.\$102__t2                             3.3
xdut.lo_64_n__t2                             0
xdut.vss__t61                      2.31657e-08
xdut.vss__t157                     7.10191e-10
xdut.vinn__t14                            1.65
xdut.sel_in__t33                             0
xdut.\$84__t71                            1.65
xdut.vss__t228                     1.27981e-10
xdut.vcm__t36                             1.65
xdut.rel_64_n__t1                          3.3
xdut.\$84__t70                            1.65
xdut.vss__t229                     1.24487e-10
xdut.vref__t25                             3.3
xdut.hi_64_n__t1                             0
xdut.\$84__t68                            1.65
xdut.vss__t230                      1.5399e-10
xdut.vss__t26                      1.37379e-07
xdut.lo_64_n__t1                             0
xdut.\$84__t69                            1.65
xdut.vss__t231                     6.10688e-11
xdut.\$136__t2                             3.3
xdut.sel_in__t47                             0
xdut.vss__t77                      1.46716e-08
xdut.vss__t158                     4.49789e-10
xdut.\$138__t2                     8.43394e-08
xdut.rel_32_n__t2                          3.3
xdut.vss__t78                      2.01028e-09
xdut.vss__t159                     2.16405e-17
xdut.\$104__t2                             3.3
xdut.hi_32_n__t2                             0
xdut.vss__t79                      1.34191e-08
xdut.vss__t160                     4.11389e-10
xdut.\$106__t2                             3.3
xdut.lo_32_n__t2                             0
xdut.vss__t80                      1.27952e-08
xdut.vss__t161                     3.92261e-10
xdut.vinn__t12                            1.65
xdut.sel_in__t27                             0
xdut.\$85__t39                            1.65
xdut.vss__t232                      6.9894e-11
xdut.vcm__t29                             1.65
xdut.rel_32_n__t1                          3.3
xdut.\$85__t37                            1.65
xdut.vss__t233                     6.65251e-11
xdut.vref__t24                             3.3
xdut.hi_32_n__t1                             0
xdut.\$85__t38                            1.65
xdut.vss__t234                     8.04021e-11
xdut.vss__t20                      6.99679e-08
xdut.lo_32_n__t1                             0
xdut.\$85__t36                            1.65
xdut.vss__t235                     3.11026e-11
xdut.\$139__t2                             3.3
xdut.sel_in__t44                             0
xdut.vss__t66                      4.89698e-09
xdut.vss__t162                     1.50127e-10
xdut.\$141__t2                     8.29614e-08
xdut.rel_16_n__t2                          3.3
xdut.vss__t81                      6.32258e-10
xdut.vss__t163                     6.58896e-18
xdut.\$108__t2                             3.3
xdut.hi_16_n__t2                             0
xdut.vss__t68                      3.98341e-09
xdut.vss__t164                     1.22119e-10
xdut.\$110__t2                             3.3
xdut.lo_16_n__t2                             0
xdut.vss__t69                      3.61215e-09
xdut.vss__t165                     1.10738e-10
xdut.vinn__t9                             1.65
xdut.sel_in__t20                             0
xdut.\$86__t22                            1.65
xdut.vss__t236                     2.22799e-11
xdut.vcm__t23                             1.65
xdut.rel_16_n__t1                          3.3
xdut.\$86__t20                            1.65
xdut.vss__t237                     2.14297e-11
xdut.vref__t18                             3.3
xdut.hi_16_n__t1                             0
xdut.\$86__t21                            1.65
xdut.vss__t238                     2.69131e-11
xdut.vss__t27                      2.50813e-08
xdut.lo_16_n__t1                             0
xdut.\$86__t23                            1.65
xdut.vss__t239                     1.11493e-11
xdut.\$142__t2                             3.3
xdut.sel_in__t48                             0
xdut.vss__t82                      7.41415e-09
xdut.vss__t166                     2.27295e-10
xdut.\$144__t2                     8.34745e-08
xdut.rel_8_n__t2                           3.3
xdut.vss__t91                      1.14541e-09
xdut.vss__t167                     1.20832e-17
xdut.\$112__t2                             3.3
xdut.hi_8_n__t2                              0
xdut.vss__t90                      8.59818e-09
xdut.vss__t168                     2.63594e-10
xdut.\$114__t2                             3.3
xdut.lo_8_n__t2                              0
xdut.vss__t89                      9.20026e-09
xdut.vss__t169                     2.82052e-10
xdut.vinn__t16                            1.65
xdut.sel_in__t35                             0
xdut.\$87__t15                            1.65
xdut.vss__t240                     5.66804e-11
xdut.vcm__t39                             1.65
xdut.rel_8_n__t1                           3.3
xdut.\$87__t14                            1.65
xdut.vss__t241                     5.99828e-11
xdut.vref__t35                             3.3
xdut.hi_8_n__t1                              0
xdut.\$87__t13                            1.65
xdut.vss__t242                     8.05753e-11
xdut.vss__t36                      7.79345e-08
xdut.lo_8_n__t1                              0
xdut.\$87__t12                            1.65
xdut.vss__t243                     3.46439e-11
xdut.\$145__t2                             3.3
xdut.sel_in__t41                             0
xdut.vss__t54                      1.75563e-08
xdut.vss__t170                     5.38224e-10
xdut.\$147__t2                     8.49325e-08
xdut.rel_4_n__t2                           3.3
xdut.vss__t88                      2.60343e-09
xdut.vss__t171                     2.84107e-17
xdut.\$116__t2                             3.3
xdut.hi_4_n__t2                              0
xdut.vss__t87                      1.88217e-08
xdut.vss__t172                     5.77016e-10
xdut.\$118__t2                             3.3
xdut.lo_4_n__t2                              0
xdut.vss__t86                      1.94553e-08
xdut.vss__t173                      5.9644e-10
xdut.vinn__t10                            1.65
xdut.sel_in__t21                             0
xdut.\$88__t11                            1.65
xdut.vss__t244                     1.14167e-10
xdut.vcm__t25                             1.65
xdut.rel_4_n__t1                           3.3
xdut.\$88__t10                            1.65
xdut.vss__t245                     1.17651e-10
xdut.vref__t19                             3.3
xdut.hi_4_n__t1                              0
xdut.\$88__t9                             1.65
xdut.vss__t246                     1.54171e-10
xdut.vss__t19                      1.45704e-07
xdut.lo_4_n__t1                              0
xdut.\$88__t8                             1.65
xdut.vss__t247                     6.47693e-11
xdut.\$148__t2                             3.3
xdut.sel_in__t37                             0
xdut.vss__t37                      2.79954e-08
xdut.vss__t174                     8.58256e-10
xdut.\$150__t2                     8.64275e-08
xdut.rel_2_n__t2                           3.3
xdut.vss__t53                      4.09847e-09
xdut.vss__t175                     4.62535e-17
xdut.\$120__t2                             3.3
xdut.hi_2_n__t2                              0
xdut.vss__t40                       2.9272e-08
xdut.vss__t176                      8.9739e-10
xdut.\$122__t2                             3.3
xdut.lo_2_n__t2                              0
xdut.vss__t39                      2.99105e-08
xdut.vss__t177                     9.16965e-10
xdut.vinn__t11                            1.65
xdut.sel_in__t22                             0
xdut.\$89__t6                             1.65
xdut.vss__t248                     1.73091e-10
xdut.vcm__t38                             1.65
xdut.rel_2_n__t1                           3.3
xdut.\$89__t9                             1.65
xdut.vss__t249                     1.76608e-10
xdut.vref__t34                             3.3
xdut.hi_2_n__t1                              0
xdut.\$89__t8                             1.65
xdut.vss__t250                     2.29245e-10
xdut.vss__t35                      2.14701e-07
xdut.lo_2_n__t1                              0
xdut.\$89__t7                             1.65
xdut.vss__t251                     9.54405e-11
xdut.\$151__t2                             3.3
xdut.sel_in__t40                             0
xdut.vss__t49                      3.84907e-08
xdut.vss__t178                     1.18001e-09
xdut.\$153__t2                       8.793e-08
xdut.rel_1_n__t2                           3.3
xdut.vss__t50                      5.60096e-09
xdut.vss__t179                     6.53082e-17
xdut.\$124__t2                             3.3
xdut.hi_1_n__t2                              0
xdut.vss__t51                      3.97707e-08
xdut.vss__t180                     1.21925e-09
xdut.\$126__t2                             3.3
xdut.lo_1_n__t2                              0
xdut.vss__t52                      4.04108e-08
xdut.vss__t181                     1.23887e-09
xdut.vinn__t15                            1.65
xdut.sel_in__t34                             0
xdut.\$90__t8                             1.65
xdut.vss__t252                     2.32361e-10
xdut.vcm__t37                             1.65
xdut.rel_1_n__t1                           3.3
xdut.\$90__t7                             1.65
xdut.vss__t253                     2.35891e-10
xdut.vref__t33                             3.3
xdut.hi_1_n__t1                              0
xdut.\$90__t6                             1.65
xdut.vss__t254                     3.04707e-10
xdut.vss__t34                      2.84031e-07
xdut.lo_1_n__t1                              0
xdut.\$90__t5                             1.65
xdut.vss__t255                      1.2626e-10
xdut.\$157__t2                             3.3
xdut.tp_gn__t4                               0
xdut.vss__t57                      5.14766e-08
xdut.vss__t182                     1.57812e-09
xdut.vcm__t24                             1.65
xdut.tp_gn__t3                               0
xdut.topp__t513                        3.01505
xdut.vss__t256                     3.61786e-10
xdut.\$158__t2                             3.3
xdut.tp_gn__t5                               0
xdut.vss__t58                      5.43478e-08
xdut.vss__t183                     1.66614e-09
xdut.vcm__t22                             1.65
xdut.tp_gn__t2                               0
xdut.topn__t513                        1.86032
xdut.vss__t257                     3.22321e-10
xdut.\$5__t1                               3.3
xdut.sel_in__t2                              0
xdut.vdd__t0                               3.3
xdut.vdd__t1                               3.3
xdut.\$7__t1                       1.13777e-07
xdut.rel_256_p__t0                         3.3
xdut.vdd__t209                             3.3
xdut.vdd__t136                             3.3
xdut.\$9__t1                               3.3
xdut.hi_256_p__t0                            0
xdut.vdd__t208                             3.3
xdut.vdd__t135                             3.3
xdut.\$11__t1                              3.3
xdut.lo_256_p__t0                            0
xdut.vdd__t218                             3.3
xdut.vdd__t145                             3.3
xdut.vinp__t1                       0.00402975
xdut.\$5__t2                               3.3
xdut.\$12__t1                          1.64999
xdut.vdd__t2                               3.3
xdut.vcm__t21                             1.65
xdut.\$7__t0                       1.09354e-07
xdut.\$12__t260                        1.64999
xdut.vdd__t74                              3.3
xdut.vref__t3                              3.3
xdut.\$9__t0                               3.3
xdut.\$12__t258                        1.64999
xdut.vdd__t13                              3.3
xdut.vss__t5                       2.72604e-10
xdut.\$11__t0                              3.3
xdut.\$12__t259                        1.64999
xdut.vdd__t22                              3.3
xdut.\$17__t1                              3.3
xdut.sel_in__t19                             0
xdut.vdd__t220                             3.3
xdut.vdd__t147                             3.3
xdut.\$19__t1                      1.12277e-07
xdut.rel_128_p__t0                         3.3
xdut.vdd__t219                             3.3
xdut.vdd__t146                             3.3
xdut.\$21__t1                              3.3
xdut.hi_128_p__t0                            0
xdut.vdd__t206                             3.3
xdut.vdd__t133                             3.3
xdut.\$23__t1                              3.3
xdut.lo_128_p__t0                            0
xdut.vdd__t207                             3.3
xdut.vdd__t134                             3.3
xdut.vinp__t6                       0.00402975
xdut.\$17__t0                              3.3
xdut.\$24__t131                           1.65
xdut.vdd__t43                              3.3
xdut.vcm__t6                              1.65
xdut.\$19__t0                      1.07854e-07
xdut.\$24__t130                           1.65
xdut.vdd__t17                              3.3
xdut.vref__t4                              3.3
xdut.\$21__t0                              3.3
xdut.\$24__t129                           1.65
xdut.vdd__t16                              3.3
xdut.vss__t2                       1.93821e-10
xdut.\$23__t0                              3.3
xdut.\$24__t128                           1.65
xdut.vdd__t15                              3.3
xdut.\$25__t1                              3.3
xdut.sel_in__t16                             0
xdut.vdd__t210                             3.3
xdut.vdd__t137                             3.3
xdut.\$27__t1                      1.10784e-07
xdut.rel_64_p__t0                          3.3
xdut.vdd__t201                             3.3
xdut.vdd__t128                             3.3
xdut.\$29__t1                              3.3
xdut.hi_64_p__t0                             0
xdut.vdd__t217                             3.3
xdut.vdd__t144                             3.3
xdut.\$31__t1                              3.3
xdut.lo_64_p__t0                             0
xdut.vdd__t151                             3.3
xdut.vdd__t78                              3.3
xdut.vinp__t9                       0.00402975
xdut.\$25__t0                              3.3
xdut.\$32__t67                            1.65
xdut.vdd__t75                              3.3
xdut.vcm__t18                             1.65
xdut.\$27__t0                      1.06361e-07
xdut.\$32__t66                            1.65
xdut.vdd__t66                              3.3
xdut.vref__t15                             3.3
xdut.\$29__t0                              3.3
xdut.\$32__t65                            1.65
xdut.vdd__t64                              3.3
xdut.vss__t4                       1.15419e-10
xdut.\$31__t0                              3.3
xdut.\$32__t64                            1.65
xdut.vdd__t19                              3.3
xdut.\$33__t1                              3.3
xdut.sel_in__t4                              0
xdut.vdd__t156                             3.3
xdut.vdd__t83                              3.3
xdut.\$35__t1                      1.09316e-07
xdut.rel_32_p__t0                          3.3
xdut.vdd__t158                             3.3
xdut.vdd__t85                              3.3
xdut.\$37__t1                              3.3
xdut.hi_32_p__t0                             0
xdut.vdd__t160                             3.3
xdut.vdd__t87                              3.3
xdut.\$39__t1                              3.3
xdut.lo_32_p__t0                             0
xdut.vdd__t161                             3.3
xdut.vdd__t88                              3.3
xdut.vinp__t3                       0.00402975
xdut.\$33__t0                              3.3
xdut.\$40__t32                            1.65
xdut.vdd__t11                              3.3
xdut.vcm__t13                             1.65
xdut.\$35__t0                      1.04892e-07
xdut.\$40__t33                            1.65
xdut.vdd__t44                              3.3
xdut.vref__t10                             3.3
xdut.\$37__t0                              3.3
xdut.\$40__t34                            1.65
xdut.vdd__t45                              3.3
xdut.vss__t12                      3.97279e-11
xdut.\$39__t0                              3.3
xdut.\$40__t35                            1.65
xdut.vdd__t46                              3.3
xdut.\$41__t1                              3.3
xdut.sel_in__t18                             0
xdut.vdd__t215                             3.3
xdut.vdd__t142                             3.3
xdut.\$43__t1                      1.08025e-07
xdut.rel_16_p__t0                          3.3
xdut.vdd__t216                             3.3
xdut.vdd__t143                             3.3
xdut.\$45__t1                              3.3
xdut.hi_16_p__t0                             0
xdut.vdd__t154                             3.3
xdut.vdd__t81                              3.3
xdut.\$47__t1                              3.3
xdut.lo_16_p__t0                             0
xdut.vdd__t155                             3.3
xdut.vdd__t82                              3.3
xdut.vinp__t7                       0.00402975
xdut.\$41__t0                              3.3
xdut.\$48__t19                            1.65
xdut.vdd__t47                              3.3
xdut.vcm__t4                              1.65
xdut.\$43__t0                      1.03602e-07
xdut.\$48__t16                            1.65
xdut.vdd__t5                               3.3
xdut.vref__t2                              3.3
xdut.\$45__t0                              3.3
xdut.\$48__t17                            1.65
xdut.vdd__t12                              3.3
xdut.vss__t6                       4.83399e-11
xdut.\$47__t0                              3.3
xdut.\$48__t18                            1.65
xdut.vdd__t23                              3.3
xdut.\$49__t1                              3.3
xdut.sel_in__t14                             0
xdut.vdd__t198                             3.3
xdut.vdd__t125                             3.3
xdut.\$51__t1                      1.08483e-07
xdut.rel_8_p__t0                           3.3
xdut.vdd__t199                             3.3
xdut.vdd__t126                             3.3
xdut.\$53__t1                              3.3
xdut.hi_8_p__t0                              0
xdut.vdd__t191                             3.3
xdut.vdd__t118                             3.3
xdut.\$55__t1                              3.3
xdut.lo_8_p__t0                              0
xdut.vdd__t167                             3.3
xdut.vdd__t94                              3.3
xdut.vinp__t4                       0.00402975
xdut.\$49__t0                              3.3
xdut.\$56__t8                             1.65
xdut.vdd__t14                              3.3
xdut.vcm__t12                             1.65
xdut.\$51__t0                       1.0406e-07
xdut.\$56__t9                             1.65
xdut.vdd__t38                              3.3
xdut.vref__t9                              3.3
xdut.\$53__t0                              3.3
xdut.\$56__t10                            1.65
xdut.vdd__t39                              3.3
xdut.vss__t11                      1.24887e-10
xdut.\$55__t0                              3.3
xdut.\$56__t11                            1.65
xdut.vdd__t40                              3.3
xdut.\$57__t1                              3.3
xdut.sel_in__t11                             0
xdut.vdd__t186                             3.3
xdut.vdd__t113                             3.3
xdut.\$59__t1                      1.09898e-07
xdut.rel_4_p__t0                           3.3
xdut.vdd__t187                             3.3
xdut.vdd__t114                             3.3
xdut.\$61__t1                              3.3
xdut.hi_4_p__t0                              0
xdut.vdd__t188                             3.3
xdut.vdd__t115                             3.3
xdut.\$63__t1                              3.3
xdut.lo_4_p__t0                              0
xdut.vdd__t189                             3.3
xdut.vdd__t116                             3.3
xdut.vinp__t2                       0.00402975
xdut.\$57__t0                              3.3
xdut.\$64__t4                             1.65
xdut.vdd__t7                               3.3
xdut.vcm__t5                              1.65
xdut.\$59__t0                      1.05475e-07
xdut.\$64__t5                             1.65
xdut.vdd__t8                               3.3
xdut.vref__t1                              3.3
xdut.\$61__t0                              3.3
xdut.\$64__t6                             1.65
xdut.vdd__t9                               3.3
xdut.vss__t1                       2.03368e-10
xdut.\$63__t0                              3.3
xdut.\$64__t7                             1.65
xdut.vdd__t10                              3.3
xdut.\$65__t1                              3.3
xdut.sel_in__t10                             0
xdut.vdd__t183                             3.3
xdut.vdd__t110                             3.3
xdut.\$67__t1                      1.11381e-07
xdut.rel_2_p__t0                           3.3
xdut.vdd__t179                             3.3
xdut.vdd__t106                             3.3
xdut.\$69__t1                              3.3
xdut.hi_2_p__t0                              0
xdut.vdd__t180                             3.3
xdut.vdd__t107                             3.3
xdut.\$71__t1                              3.3
xdut.lo_2_p__t0                              0
xdut.vdd__t181                             3.3
xdut.vdd__t108                             3.3
xdut.vinp__t8                       0.00402975
xdut.\$65__t0                              3.3
xdut.\$72__t2                             1.65
xdut.vdd__t48                              3.3
xdut.vcm__t14                             1.65
xdut.\$67__t0                      1.06958e-07
xdut.\$72__t3                             1.65
xdut.vdd__t49                              3.3
xdut.vref__t11                             3.3
xdut.\$69__t0                              3.3
xdut.\$72__t4                             1.65
xdut.vdd__t50                              3.3
xdut.vss__t13                      2.82174e-10
xdut.\$71__t0                              3.3
xdut.\$72__t5                             1.65
xdut.vdd__t51                              3.3
xdut.\$73__t1                              3.3
xdut.sel_in__t9                              0
xdut.vdd__t182                             3.3
xdut.vdd__t109                             3.3
xdut.\$75__t1                      1.12877e-07
xdut.rel_1_p__t0                           3.3
xdut.vdd__t202                             3.3
xdut.vdd__t129                             3.3
xdut.\$77__t1                              3.3
xdut.hi_1_p__t0                              0
xdut.vdd__t168                             3.3
xdut.vdd__t95                              3.3
xdut.\$79__t1                              3.3
xdut.lo_1_p__t0                              0
xdut.vdd__t169                             3.3
xdut.vdd__t96                              3.3
xdut.vinp__t5                       0.00402976
xdut.\$73__t0                              3.3
xdut.\$80__t1                          1.64999
xdut.vdd__t20                              3.3
xdut.vcm__t7                              1.65
xdut.\$75__t0                      1.08454e-07
xdut.\$80__t2                             1.65
xdut.vdd__t21                              3.3
xdut.vref__t12                             3.3
xdut.\$77__t0                              3.3
xdut.\$80__t3                          1.64999
xdut.vdd__t52                              3.3
xdut.vss__t16                      3.61092e-10
xdut.\$79__t0                              3.3
xdut.\$80__t4                          1.64999
xdut.vdd__t63                              3.3
xdut.\$127__t1                             3.3
xdut.sel_in__t17                             0
xdut.vdd__t214                             3.3
xdut.vdd__t141                             3.3
xdut.\$129__t1                     1.13762e-07
xdut.rel_256_n__t0                         3.3
xdut.vdd__t213                             3.3
xdut.vdd__t140                             3.3
xdut.\$92__t1                              3.3
xdut.hi_256_n__t0                            0
xdut.vdd__t212                             3.3
xdut.vdd__t139                             3.3
xdut.\$94__t1                              3.3
xdut.lo_256_n__t0                            0
xdut.vdd__t211                             3.3
xdut.vdd__t138                             3.3
xdut.vinn__t7                             1.65
xdut.\$127__t0                             3.3
xdut.\$81__t256                           1.65
xdut.vdd__t65                              3.3
xdut.vcm__t19                             1.65
xdut.\$129__t0                     1.09339e-07
xdut.\$81__t257                           1.65
xdut.vdd__t67                              3.3
xdut.vref__t16                             3.3
xdut.\$92__t0                              3.3
xdut.\$81__t258                           1.65
xdut.vdd__t68                              3.3
xdut.vss__t17                      2.74322e-10
xdut.\$94__t0                              3.3
xdut.\$81__t259                           1.65
xdut.vdd__t69                              3.3
xdut.\$130__t1                             3.3
xdut.sel_in__t15                             0
xdut.vdd__t205                             3.3
xdut.vdd__t132                             3.3
xdut.\$132__t1                     1.12258e-07
xdut.rel_128_n__t0                         3.3
xdut.vdd__t204                             3.3
xdut.vdd__t131                             3.3
xdut.\$96__t1                              3.3
xdut.hi_128_n__t0                            0
xdut.vdd__t203                             3.3
xdut.vdd__t130                             3.3
xdut.\$98__t1                              3.3
xdut.lo_128_n__t0                            0
xdut.vdd__t221                             3.3
xdut.vdd__t148                             3.3
xdut.vinn__t8                             1.65
xdut.\$130__t0                             3.3
xdut.\$83__t128                           1.65
xdut.vdd__t70                              3.3
xdut.vcm__t20                             1.65
xdut.\$132__t0                     1.07835e-07
xdut.\$83__t129                           1.65
xdut.vdd__t71                              3.3
xdut.vref__t17                             3.3
xdut.\$96__t0                              3.3
xdut.\$83__t130                           1.65
xdut.vdd__t72                              3.3
xdut.vss__t18                      1.96229e-10
xdut.\$98__t0                              3.3
xdut.\$83__t131                           1.65
xdut.vdd__t73                              3.3
xdut.\$133__t1                             3.3
xdut.sel_in__t7                              0
xdut.vdd__t174                             3.3
xdut.vdd__t101                             3.3
xdut.\$135__t1                     1.10758e-07
xdut.rel_64_n__t0                          3.3
xdut.vdd__t153                             3.3
xdut.vdd__t80                              3.3
xdut.\$100__t1                             3.3
xdut.hi_64_n__t0                             0
xdut.vdd__t159                             3.3
xdut.vdd__t86                              3.3
xdut.\$102__t1                             3.3
xdut.lo_64_n__t0                             0
xdut.vdd__t162                             3.3
xdut.vdd__t89                              3.3
xdut.vinn__t6                             1.65
xdut.\$133__t0                             3.3
xdut.\$84__t67                            1.65
xdut.vdd__t61                              3.3
xdut.vcm__t16                             1.65
xdut.\$135__t0                     1.06335e-07
xdut.\$84__t66                            1.65
xdut.vdd__t60                              3.3
xdut.vref__t14                             3.3
xdut.\$100__t0                             3.3
xdut.\$84__t65                            1.65
xdut.vdd__t59                              3.3
xdut.vss__t15                      1.19419e-10
xdut.\$102__t0                             3.3
xdut.\$84__t64                            1.65
xdut.vdd__t58                              3.3
xdut.\$136__t1                             3.3
xdut.sel_in__t3                              0
xdut.vdd__t149                             3.3
xdut.vdd__t76                              3.3
xdut.\$138__t1                      1.0927e-07
xdut.rel_32_n__t0                          3.3
xdut.vdd__t152                             3.3
xdut.vdd__t79                              3.3
xdut.\$104__t1                             3.3
xdut.hi_32_n__t0                             0
xdut.vdd__t150                             3.3
xdut.vdd__t77                              3.3
xdut.\$106__t1                             3.3
xdut.lo_32_n__t0                             0
xdut.vdd__t166                             3.3
xdut.vdd__t93                              3.3
xdut.vinn__t5                             1.65
xdut.\$136__t0                             3.3
xdut.\$85__t35                            1.65
xdut.vdd__t57                              3.3
xdut.vcm__t15                             1.65
xdut.\$138__t0                     1.04847e-07
xdut.\$85__t34                            1.65
xdut.vdd__t56                              3.3
xdut.vref__t13                             3.3
xdut.\$104__t0                             3.3
xdut.\$85__t33                            1.65
xdut.vdd__t55                              3.3
xdut.vss__t14                      5.01773e-11
xdut.\$106__t0                             3.3
xdut.\$85__t32                            1.65
xdut.vdd__t54                              3.3
xdut.\$139__t1                             3.3
xdut.sel_in__t5                              0
xdut.vdd__t165                             3.3
xdut.vdd__t92                              3.3
xdut.\$141__t1                     1.07892e-07
xdut.rel_16_n__t0                          3.3
xdut.vdd__t164                             3.3
xdut.vdd__t91                              3.3
xdut.\$108__t1                             3.3
xdut.hi_16_n__t0                             0
xdut.vdd__t163                             3.3
xdut.vdd__t90                              3.3
xdut.\$110__t1                             3.3
xdut.lo_16_n__t0                             0
xdut.vdd__t157                             3.3
xdut.vdd__t84                              3.3
xdut.vinn__t4                             1.65
xdut.\$139__t0                             3.3
xdut.\$86__t18                            1.65
xdut.vdd__t53                              3.3
xdut.vcm__t17                             1.65
xdut.\$141__t0                     1.03469e-07
xdut.\$86__t19                            1.65
xdut.vdd__t62                              3.3
xdut.vref__t0                              3.3
xdut.\$108__t0                             3.3
xdut.\$86__t16                            1.65
xdut.vdd__t6                               3.3
xdut.vss__t9                       5.72381e-11
xdut.\$110__t0                             3.3
xdut.\$86__t17                            1.65
xdut.vdd__t32                              3.3
xdut.\$142__t1                             3.3
xdut.sel_in__t12                             0
xdut.vdd__t190                             3.3
xdut.vdd__t117                             3.3
xdut.\$144__t1                     1.08405e-07
xdut.rel_8_n__t0                           3.3
xdut.vdd__t200                             3.3
xdut.vdd__t127                             3.3
xdut.\$112__t1                             3.3
xdut.hi_8_n__t0                              0
xdut.vdd__t192                             3.3
xdut.vdd__t119                             3.3
xdut.\$114__t1                             3.3
xdut.lo_8_n__t0                              0
xdut.vdd__t193                             3.3
xdut.vdd__t120                             3.3
xdut.vinn__t2                             1.65
xdut.\$142__t0                             3.3
xdut.\$87__t11                            1.65
xdut.vdd__t41                              3.3
xdut.vcm__t11                             1.65
xdut.\$144__t0                     1.03982e-07
xdut.\$87__t10                            1.65
xdut.vdd__t37                              3.3
xdut.vref__t8                              3.3
xdut.\$112__t0                             3.3
xdut.\$87__t9                             1.65
xdut.vdd__t36                              3.3
xdut.vss__t3                       1.28594e-10
xdut.\$114__t0                             3.3
xdut.\$87__t8                             1.65
xdut.vdd__t18                              3.3
xdut.\$145__t1                             3.3
xdut.sel_in__t13                             0
xdut.vdd__t194                             3.3
xdut.vdd__t121                             3.3
xdut.\$147__t1                     1.09863e-07
xdut.rel_4_n__t0                           3.3
xdut.vdd__t195                             3.3
xdut.vdd__t122                             3.3
xdut.\$116__t1                             3.3
xdut.hi_4_n__t0                              0
xdut.vdd__t196                             3.3
xdut.vdd__t123                             3.3
xdut.\$118__t1                             3.3
xdut.lo_4_n__t0                              0
xdut.vdd__t197                             3.3
xdut.vdd__t124                             3.3
xdut.vinn__t0                             1.65
xdut.\$145__t0                             3.3
xdut.\$88__t4                             1.65
xdut.vdd__t24                              3.3
xdut.vcm__t8                              1.65
xdut.\$147__t0                      1.0544e-07
xdut.\$88__t5                             1.65
xdut.vdd__t25                              3.3
xdut.vref__t5                              3.3
xdut.\$116__t0                             3.3
xdut.\$88__t6                             1.65
xdut.vdd__t26                              3.3
xdut.vss__t7                       2.05665e-10
xdut.\$118__t0                             3.3
xdut.\$88__t7                             1.65
xdut.vdd__t27                              3.3
xdut.\$148__t1                             3.3
xdut.sel_in__t6                              0
xdut.vdd__t170                             3.3
xdut.vdd__t97                              3.3
xdut.\$150__t1                     1.11358e-07
xdut.rel_2_n__t0                           3.3
xdut.vdd__t171                             3.3
xdut.vdd__t98                              3.3
xdut.\$120__t1                             3.3
xdut.hi_2_n__t0                              0
xdut.vdd__t172                             3.3
xdut.vdd__t99                              3.3
xdut.\$122__t1                             3.3
xdut.lo_2_n__t0                              0
xdut.vdd__t173                             3.3
xdut.vdd__t100                             3.3
xdut.vinn__t1                             1.65
xdut.\$148__t0                             3.3
xdut.\$89__t2                             1.65
xdut.vdd__t28                              3.3
xdut.vcm__t9                              1.65
xdut.\$150__t0                     1.06935e-07
xdut.\$89__t3                             1.65
xdut.vdd__t29                              3.3
xdut.vref__t6                              3.3
xdut.\$120__t0                             3.3
xdut.\$89__t4                             1.65
xdut.vdd__t30                              3.3
xdut.vss__t8                       2.83834e-10
xdut.\$122__t0                             3.3
xdut.\$89__t5                             1.65
xdut.vdd__t31                              3.3
xdut.\$151__t1                             3.3
xdut.sel_in__t8                              0
xdut.vdd__t175                             3.3
xdut.vdd__t102                             3.3
xdut.\$153__t1                     1.12861e-07
xdut.rel_1_n__t0                           3.3
xdut.vdd__t176                             3.3
xdut.vdd__t103                             3.3
xdut.\$124__t1                             3.3
xdut.hi_1_n__t0                              0
xdut.vdd__t177                             3.3
xdut.vdd__t104                             3.3
xdut.\$126__t1                             3.3
xdut.lo_1_n__t0                              0
xdut.vdd__t178                             3.3
xdut.vdd__t105                             3.3
xdut.vinn__t3                             1.65
xdut.\$151__t0                             3.3
xdut.\$90__t4                             1.65
xdut.vdd__t42                              3.3
xdut.vcm__t10                             1.65
xdut.\$153__t0                     1.08437e-07
xdut.\$90__t1                             1.65
xdut.vdd__t33                              3.3
xdut.vref__t7                              3.3
xdut.\$124__t0                             3.3
xdut.\$90__t2                             1.65
xdut.vdd__t34                              3.3
xdut.vss__t10                       3.6239e-10
xdut.\$126__t0                             3.3
xdut.\$90__t3                             1.65
xdut.vdd__t35                              3.3
xdut.\$157__t1                             3.3
xdut.tp_gn__t0                               0
xdut.vdd__t184                             3.3
xdut.vdd__t111                             3.3
xdut.vcm__t3                              1.65
xdut.\$157__t0                             3.3
xdut.topp__t512                        3.01505
xdut.vdd__t4                               3.3
xdut.\$158__t1                             3.3
xdut.tp_gn__t1                               0
xdut.vdd__t185                             3.3
xdut.vdd__t112                             3.3
xdut.vcm__t2                              1.65
xdut.\$158__t0                             3.3
xdut.topn__t512                        1.86032
xdut.vdd__t3                               3.3
xdut.\$12__t248                        1.64999
xdut.topp__t0                          3.01505
xdut.\$72__t1                             1.65
xdut.topp__t494                        3.01505
xdut.\$12__t247                        1.64999
xdut.topp__t493                        3.01505
xdut.\$64__t3                             1.65
xdut.topp__t492                        3.01505
xdut.\$12__t246                        1.64999
xdut.topp__t491                        3.01505
xdut.\$56__t7                             1.65
xdut.topp__t490                        3.01505
xdut.\$12__t245                        1.64999
xdut.topp__t489                        3.01505
xdut.\$56__t6                             1.65
xdut.topp__t488                        3.01505
xdut.\$12__t244                        1.64999
xdut.topp__t487                        3.01505
xdut.\$48__t15                            1.65
xdut.topp__t486                        3.01505
xdut.\$12__t243                        1.64999
xdut.topp__t485                        3.01505
xdut.\$48__t14                            1.65
xdut.topp__t484                        3.01505
xdut.\$12__t242                        1.64999
xdut.topp__t483                        3.01505
xdut.\$48__t13                            1.65
xdut.topp__t482                        3.01505
xdut.\$12__t249                        1.64999
xdut.topp__t496                        3.01505
xdut.\$48__t12                            1.65
xdut.topp__t450                        3.01505
xdut.\$12__t257                        1.64999
xdut.topp__t511                        3.01505
xdut.\$40__t30                            1.65
xdut.topp__t495                        3.01505
xdut.\$12__t198                        1.64999
xdut.topp__t392                        3.01505
xdut.\$40__t27                            1.65
xdut.topp__t476                        3.01505
xdut.\$12__t233                        1.64999
xdut.topp__t462                        3.01505
xdut.\$40__t25                            1.65
xdut.topp__t461                        3.01505
xdut.\$12__t232                        1.64999
xdut.topp__t460                        3.01505
xdut.\$40__t24                            1.65
xdut.topp__t459                        3.01505
xdut.\$12__t231                        1.64999
xdut.topp__t458                        3.01505
xdut.\$40__t26                            1.65
xdut.topp__t471                        3.01505
xdut.\$12__t256                        1.64999
xdut.topp__t510                        3.01505
xdut.\$40__t31                            1.65
xdut.topp__t497                        3.01505
xdut.\$12__t241                        1.64999
xdut.topp__t480                        3.01505
xdut.\$40__t29                            1.65
xdut.topp__t479                        3.01505
xdut.\$12__t240                        1.64999
xdut.topp__t478                        3.01505
xdut.\$40__t28                            1.65
xdut.topp__t477                        3.01505
xdut.\$81__t252                           1.65
xdut.topn__t506                        1.86032
xdut.\$89__t1                             1.65
xdut.topn__t505                        1.86032
xdut.\$81__t173                           1.65
xdut.topn__t346                        1.86032
xdut.\$88__t3                             1.65
xdut.topn__t345                        1.86032
xdut.\$81__t172                           1.65
xdut.topn__t344                        1.86032
xdut.\$87__t7                             1.65
xdut.topn__t343                        1.86032
xdut.\$81__t171                           1.65
xdut.topn__t342                        1.86032
xdut.\$87__t6                             1.65
xdut.topn__t341                        1.86032
xdut.\$81__t170                           1.65
xdut.topn__t340                        1.86032
xdut.\$86__t9                             1.65
xdut.topn__t339                        1.86032
xdut.\$81__t169                           1.65
xdut.topn__t338                        1.86032
xdut.\$86__t12                            1.65
xdut.topn__t385                        1.86032
xdut.\$81__t199                           1.65
xdut.topn__t400                        1.86032
xdut.\$86__t7                             1.65
xdut.topn__t211                        1.86032
xdut.\$81__t176                           1.65
xdut.topn__t352                        1.86032
xdut.\$86__t10                            1.65
xdut.topn__t351                        1.86032
xdut.\$81__t175                           1.65
xdut.topn__t350                        1.86032
xdut.\$85__t22                            1.65
xdut.topn__t349                        1.86032
xdut.\$81__t174                           1.65
xdut.topn__t348                        1.86032
xdut.\$85__t21                            1.65
xdut.topn__t347                        1.86032
xdut.\$81__t137                           1.65
xdut.topn__t277                        1.86032
xdut.\$85__t15                            1.65
xdut.topn__t214                        1.86032
xdut.\$81__t113                           1.65
xdut.topn__t230                        1.86032
xdut.\$85__t19                            1.65
xdut.topn__t229                        1.86032
xdut.\$81__t112                           1.65
xdut.topn__t228                        1.86032
xdut.\$85__t18                            1.65
xdut.topn__t227                        1.86032
xdut.\$81__t111                           1.65
xdut.topn__t226                        1.86032
xdut.\$85__t20                            1.65
xdut.topn__t241                        1.86032
xdut.\$81__t109                           1.65
xdut.topn__t224                        1.86032
xdut.\$85__t17                            1.65
xdut.topn__t218                        1.86032
xdut.\$81__t105                           1.65
xdut.topn__t216                        1.86032
xdut.\$85__t16                            1.65
xdut.topn__t215                        1.86032
xdut.\$12__t229                        1.64999
xdut.topp__t456                        3.01505
xdut.\$32__t50                            1.65
xdut.topp__t455                        3.01505
xdut.\$12__t228                        1.64999
xdut.topp__t454                        3.01505
xdut.\$32__t49                            1.65
xdut.topp__t453                        3.01505
xdut.\$12__t227                        1.64999
xdut.topp__t452                        3.01505
xdut.\$32__t48                            1.65
xdut.topp__t451                        3.01505
xdut.\$12__t250                        1.64999
xdut.topp__t498                        3.01505
xdut.\$32__t58                            1.65
xdut.topp__t499                        3.01505
xdut.\$12__t251                        1.64999
xdut.topp__t500                        3.01505
xdut.\$32__t59                            1.65
xdut.topp__t501                        3.01505
xdut.\$12__t252                        1.64999
xdut.topp__t502                        3.01505
xdut.\$32__t60                            1.65
xdut.topp__t503                        3.01505
xdut.\$12__t253                        1.64999
xdut.topp__t504                        3.01505
xdut.\$32__t61                            1.65
xdut.topp__t505                        3.01505
xdut.\$12__t254                        1.64999
xdut.topp__t506                        3.01505
xdut.\$32__t62                            1.65
xdut.topp__t507                        3.01505
xdut.\$12__t255                        1.64999
xdut.topp__t508                        3.01505
xdut.\$32__t63                            1.65
xdut.topp__t509                        3.01505
xdut.\$12__t197                        1.64999
xdut.topp__t391                        3.01505
xdut.\$32__t56                            1.65
xdut.topp__t475                        3.01505
xdut.\$12__t239                        1.64999
xdut.topp__t474                        3.01505
xdut.\$32__t55                            1.65
xdut.topp__t473                        3.01505
xdut.\$12__t238                        1.64999
xdut.topp__t472                        3.01505
xdut.\$32__t57                            1.65
xdut.topp__t481                        3.01505
xdut.\$12__t237                        1.64999
xdut.topp__t470                        3.01505
xdut.\$32__t54                            1.65
xdut.topp__t469                        3.01505
xdut.\$12__t236                        1.64999
xdut.topp__t468                        3.01505
xdut.\$32__t53                            1.65
xdut.topp__t467                        3.01505
xdut.\$12__t235                        1.64999
xdut.topp__t466                        3.01505
xdut.\$32__t52                            1.65
xdut.topp__t465                        3.01505
xdut.\$12__t234                        1.64999
xdut.topp__t464                        3.01505
xdut.\$32__t51                            1.65
xdut.topp__t463                        3.01505
xdut.\$81__t251                           1.65
xdut.topn__t504                        1.86032
xdut.\$84__t63                            1.65
xdut.topn__t503                        1.86032
xdut.\$81__t103                           1.65
xdut.topn__t210                        1.86032
xdut.\$84__t31                            1.65
xdut.topn__t321                        1.86032
xdut.\$81__t184                           1.65
xdut.topn__t368                        1.86032
xdut.\$84__t38                            1.65
xdut.topn__t367                        1.86032
xdut.\$81__t183                           1.65
xdut.topn__t366                        1.86032
xdut.\$84__t37                            1.65
xdut.topn__t365                        1.86032
xdut.\$81__t182                           1.65
xdut.topn__t364                        1.86032
xdut.\$84__t36                            1.65
xdut.topn__t363                        1.86032
xdut.\$81__t181                           1.65
xdut.topn__t362                        1.86032
xdut.\$84__t35                            1.65
xdut.topn__t361                        1.86032
xdut.\$81__t180                           1.65
xdut.topn__t360                        1.86032
xdut.\$84__t34                            1.65
xdut.topn__t359                        1.86032
xdut.\$81__t179                           1.65
xdut.topn__t358                        1.86032
xdut.\$84__t33                            1.65
xdut.topn__t357                        1.86032
xdut.\$81__t178                           1.65
xdut.topn__t356                        1.86032
xdut.\$84__t32                            1.65
xdut.topn__t355                        1.86032
xdut.\$81__t177                           1.65
xdut.topn__t354                        1.86032
xdut.\$84__t39                            1.65
xdut.topn__t369                        1.86032
xdut.\$81__t136                           1.65
xdut.topn__t276                        1.86032
xdut.\$84__t17                            1.65
xdut.topn__t213                        1.86032
xdut.\$81__t104                           1.65
xdut.topn__t212                        1.86032
xdut.\$84__t25                            1.65
xdut.topn__t239                        1.86032
xdut.\$81__t117                           1.65
xdut.topn__t238                        1.86032
xdut.\$84__t24                            1.65
xdut.topn__t237                        1.86032
xdut.\$81__t116                           1.65
xdut.topn__t236                        1.86032
xdut.\$84__t23                            1.65
xdut.topn__t235                        1.86032
xdut.\$81__t115                           1.65
xdut.topn__t234                        1.86032
xdut.\$84__t22                            1.65
xdut.topn__t233                        1.86032
xdut.\$81__t114                           1.65
xdut.topn__t232                        1.86032
xdut.\$84__t21                            1.65
xdut.topn__t231                        1.86032
xdut.\$12__t168                        1.64999
xdut.topp__t335                        3.01505
xdut.\$24__t91                            1.65
xdut.topp__t336                        3.01505
xdut.\$12__t169                        1.64999
xdut.topp__t337                        3.01505
xdut.\$24__t92                            1.65
xdut.topp__t338                        3.01505
xdut.\$12__t170                        1.64999
xdut.topp__t339                        3.01505
xdut.\$24__t93                            1.65
xdut.topp__t340                        3.01505
xdut.\$12__t171                        1.64999
xdut.topp__t341                        3.01505
xdut.\$24__t94                            1.65
xdut.topp__t342                        3.01505
xdut.\$12__t172                        1.64999
xdut.topp__t343                        3.01505
xdut.\$24__t95                            1.65
xdut.topp__t344                        3.01505
xdut.\$12__t173                        1.64999
xdut.topp__t345                        3.01505
xdut.\$24__t96                            1.65
xdut.topp__t346                        3.01505
xdut.\$12__t174                        1.64999
xdut.topp__t347                        3.01505
xdut.\$24__t97                            1.65
xdut.topp__t348                        3.01505
xdut.\$12__t175                        1.64999
xdut.topp__t349                        3.01505
xdut.\$24__t106                           1.65
xdut.topp__t366                        3.01505
xdut.\$12__t176                        1.64999
xdut.topp__t351                        3.01505
xdut.\$24__t99                            1.65
xdut.topp__t352                        3.01505
xdut.\$12__t177                        1.64999
xdut.topp__t353                        3.01505
xdut.\$24__t100                           1.65
xdut.topp__t354                        3.01505
xdut.\$12__t178                        1.64999
xdut.topp__t355                        3.01505
xdut.\$24__t101                           1.65
xdut.topp__t356                        3.01505
xdut.\$12__t179                        1.64999
xdut.topp__t357                        3.01505
xdut.\$24__t102                           1.65
xdut.topp__t358                        3.01505
xdut.\$12__t180                        1.64999
xdut.topp__t359                        3.01505
xdut.\$24__t103                           1.65
xdut.topp__t360                        3.01505
xdut.\$12__t181                        1.64999
xdut.topp__t361                        3.01505
xdut.\$24__t104                           1.65
xdut.topp__t362                        3.01505
xdut.\$12__t182                        1.64999
xdut.topp__t363                        3.01505
xdut.\$24__t105                           1.65
xdut.topp__t364                        3.01505
xdut.\$12__t183                        1.64999
xdut.topp__t365                        3.01505
xdut.\$24__t98                            1.65
xdut.topp__t350                        3.01505
xdut.\$81__t153                           1.65
xdut.topn__t306                        1.86032
xdut.\$83__t81                            1.65
xdut.topn__t307                        1.86032
xdut.\$81__t154                           1.65
xdut.topn__t308                        1.86032
xdut.\$83__t82                            1.65
xdut.topn__t309                        1.86032
xdut.\$81__t155                           1.65
xdut.topn__t310                        1.86032
xdut.\$83__t83                            1.65
xdut.topn__t311                        1.86032
xdut.\$81__t156                           1.65
xdut.topn__t312                        1.86032
xdut.\$83__t84                            1.65
xdut.topn__t313                        1.86032
xdut.\$81__t157                           1.65
xdut.topn__t314                        1.86032
xdut.\$83__t85                            1.65
xdut.topn__t315                        1.86032
xdut.\$81__t158                           1.65
xdut.topn__t316                        1.86032
xdut.\$83__t86                            1.65
xdut.topn__t317                        1.86032
xdut.\$81__t159                           1.65
xdut.topn__t318                        1.86032
xdut.\$83__t87                            1.65
xdut.topn__t319                        1.86032
xdut.\$81__t160                           1.65
xdut.topn__t320                        1.86032
xdut.\$83__t95                            1.65
xdut.topn__t337                        1.86032
xdut.\$81__t161                           1.65
xdut.topn__t322                        1.86032
xdut.\$83__t88                            1.65
xdut.topn__t323                        1.86032
xdut.\$81__t162                           1.65
xdut.topn__t324                        1.86032
xdut.\$83__t89                            1.65
xdut.topn__t325                        1.86032
xdut.\$81__t163                           1.65
xdut.topn__t326                        1.86032
xdut.\$83__t90                            1.65
xdut.topn__t327                        1.86032
xdut.\$81__t164                           1.65
xdut.topn__t328                        1.86032
xdut.\$83__t91                            1.65
xdut.topn__t329                        1.86032
xdut.\$81__t165                           1.65
xdut.topn__t330                        1.86032
xdut.\$83__t92                            1.65
xdut.topn__t331                        1.86032
xdut.\$81__t166                           1.65
xdut.topn__t332                        1.86032
xdut.\$83__t93                            1.65
xdut.topn__t333                        1.86032
xdut.\$81__t167                           1.65
xdut.topn__t334                        1.86032
xdut.\$83__t94                            1.65
xdut.topn__t335                        1.86032
xdut.\$81__t168                           1.65
xdut.topn__t336                        1.86032
xdut.\$83__t96                            1.65
xdut.topn__t353                        1.86032
xdut.\$12__t66                         1.64999
xdut.topp__t129                        3.01505
xdut.\$24__t34                            1.65
xdut.topp__t128                        3.01505
xdut.\$12__t67                         1.64999
xdut.topp__t131                        3.01505
xdut.\$24__t35                            1.65
xdut.topp__t130                        3.01505
xdut.\$12__t65                         1.64999
xdut.topp__t127                        3.01505
xdut.\$24__t33                            1.65
xdut.topp__t126                        3.01505
xdut.\$12__t92                         1.64999
xdut.topp__t182                        3.01505
xdut.\$24__t36                            1.65
xdut.topp__t133                        3.01505
xdut.\$12__t68                         1.64999
xdut.topp__t132                        3.01505
xdut.\$24__t53                            1.65
xdut.topp__t190                        3.01505
xdut.\$12__t87                         1.64999
xdut.topp__t170                        3.01505
xdut.\$24__t42                            1.65
xdut.topp__t164                        3.01505
xdut.\$12__t81                         1.64999
xdut.topp__t158                        3.01505
xdut.\$24__t46                            1.65
xdut.topp__t171                        3.01505
xdut.\$12__t84                         1.64999
xdut.topp__t163                        3.01505
xdut.\$24__t41                            1.65
xdut.topp__t162                        3.01505
xdut.\$12__t83                         1.64999
xdut.topp__t161                        3.01505
xdut.\$24__t40                            1.65
xdut.topp__t160                        3.01505
xdut.\$12__t136                        1.64999
xdut.topp__t273                        3.01505
xdut.\$24__t117                           1.65
xdut.topp__t414                        3.01505
xdut.\$12__t199                        1.64999
xdut.topp__t394                        3.01505
xdut.\$24__t112                           1.65
xdut.topp__t393                        3.01505
xdut.\$12__t218                        1.64999
xdut.topp__t433                        3.01505
xdut.\$24__t126                           1.65
xdut.topp__t445                        3.01505
xdut.\$12__t223                        1.64999
xdut.topp__t444                        3.01505
xdut.\$24__t125                           1.65
xdut.topp__t443                        3.01505
xdut.\$12__t194                        1.64999
xdut.topp__t386                        3.01505
xdut.\$24__t109                           1.65
xdut.topp__t385                        3.01505
xdut.\$12__t193                        1.64999
xdut.topp__t384                        3.01505
xdut.\$24__t108                           1.65
xdut.topp__t383                        3.01505
xdut.\$12__t192                        1.64999
xdut.topp__t382                        3.01505
xdut.\$24__t107                           1.65
xdut.topp__t381                        3.01505
xdut.\$81__t202                           1.65
xdut.topn__t406                        1.86032
xdut.\$83__t99                            1.65
xdut.topn__t405                        1.86032
xdut.\$81__t56                            1.65
xdut.topn__t115                        1.86032
xdut.\$83__t29                            1.65
xdut.topn__t87                         1.86032
xdut.\$81__t58                            1.65
xdut.topn__t118                        1.86032
xdut.\$83__t14                            1.65
xdut.topn__t34                         1.86032
xdut.\$81__t51                            1.65
xdut.topn__t106                        1.86032
xdut.\$83__t35                            1.65
xdut.topn__t116                        1.86032
xdut.\$81__t50                            1.65
xdut.topn__t104                        1.86032
xdut.\$83__t36                            1.65
xdut.topn__t135                        1.86032
xdut.\$81__t57                            1.65
xdut.topn__t117                        1.86032
xdut.\$83__t112                           1.65
xdut.topn__t433                        1.86032
xdut.\$81__t11                            1.65
xdut.topn__t23                         1.86032
xdut.\$83__t8                             1.65
xdut.topn__t22                         1.86032
xdut.\$81__t10                            1.65
xdut.topn__t21                         1.86032
xdut.\$83__t10                            1.65
xdut.topn__t27                         1.86032
xdut.\$81__t13                            1.65
xdut.topn__t26                         1.86032
xdut.\$83__t9                             1.65
xdut.topn__t25                         1.86032
xdut.\$81__t12                            1.65
xdut.topn__t24                         1.86032
xdut.\$83__t17                            1.65
xdut.topn__t39                         1.86032
xdut.\$81__t185                           1.65
xdut.topn__t370                        1.86032
xdut.\$83__t19                            1.65
xdut.topn__t43                         1.86032
xdut.\$81__t20                            1.65
xdut.topn__t42                         1.86032
xdut.\$83__t18                            1.65
xdut.topn__t41                         1.86032
xdut.\$81__t19                            1.65
xdut.topn__t40                         1.86032
xdut.\$83__t37                            1.65
xdut.topn__t136                        1.86032
xdut.\$81__t84                            1.65
xdut.topn__t170                        1.86032
xdut.\$83__t43                            1.65
xdut.topn__t169                        1.86032
xdut.\$81__t83                            1.65
xdut.topn__t168                        1.86032
xdut.\$83__t22                            1.65
xdut.topn__t57                         1.86032
xdut.\$81__t26                            1.65
xdut.topn__t56                         1.86032
xdut.\$83__t20                            1.65
xdut.topn__t44                         1.86032
xdut.\$24__t0                             1.65
xdut.topp__t181                        3.01505
xdut.\$12__t91                         1.64999
xdut.topp__t180                        3.01505
xdut.\$24__t51                            1.65
xdut.topp__t179                        3.01505
xdut.\$12__t90                         1.64999
xdut.topp__t178                        3.01505
xdut.\$24__t50                            1.65
xdut.topp__t177                        3.01505
xdut.\$12__t89                         1.64999
xdut.topp__t176                        3.01505
xdut.\$24__t49                            1.65
xdut.topp__t175                        3.01505
xdut.\$12__t88                         1.64999
xdut.topp__t174                        3.01505
xdut.\$24__t48                            1.65
xdut.topp__t173                        3.01505
xdut.\$12__t94                         1.64999
xdut.topp__t186                        3.01505
xdut.\$24__t39                            1.65
xdut.topp__t157                        3.01505
xdut.\$12__t80                         1.64999
xdut.topp__t156                        3.01505
xdut.\$24__t38                            1.65
xdut.topp__t155                        3.01505
xdut.\$12__t79                         1.64999
xdut.topp__t154                        3.01505
xdut.\$24__t43                            1.65
xdut.topp__t165                        3.01505
xdut.\$12__t82                         1.64999
xdut.topp__t159                        3.01505
xdut.\$24__t52                            1.65
xdut.topp__t183                        3.01505
xdut.\$12__t85                         1.64999
xdut.topp__t166                        3.01505
xdut.\$24__t90                            1.65
xdut.topp__t308                        3.01505
xdut.\$12__t208                        1.64999
xdut.topp__t415                        3.01505
xdut.\$24__t124                           1.65
xdut.topp__t442                        3.01505
xdut.\$12__t222                        1.64999
xdut.topp__t441                        3.01505
xdut.\$24__t123                           1.65
xdut.topp__t440                        3.01505
xdut.\$12__t191                        1.64999
xdut.topp__t380                        3.01505
xdut.\$24__t111                           1.65
xdut.topp__t390                        3.01505
xdut.\$12__t190                        1.64999
xdut.topp__t379                        3.01505
xdut.\$24__t122                           1.65
xdut.topp__t426                        3.01505
xdut.\$12__t214                        1.64999
xdut.topp__t425                        3.01505
xdut.\$24__t121                           1.65
xdut.topp__t424                        3.01505
xdut.\$12__t213                        1.64999
xdut.topp__t423                        3.01505
xdut.\$24__t120                           1.65
xdut.topp__t422                        3.01505
xdut.\$12__t212                        1.64999
xdut.topp__t421                        3.01505
xdut.\$83__t113                           1.65
xdut.topn__t444                        1.86032
xdut.\$81__t203                           1.65
xdut.topn__t407                        1.86032
xdut.\$83__t34                            1.65
xdut.topn__t114                        1.86032
xdut.\$81__t55                            1.65
xdut.topn__t113                        1.86032
xdut.\$83__t33                            1.65
xdut.topn__t112                        1.86032
xdut.\$81__t54                            1.65
xdut.topn__t111                        1.86032
xdut.\$83__t32                            1.65
xdut.topn__t110                        1.86032
xdut.\$81__t53                            1.65
xdut.topn__t109                        1.86032
xdut.\$83__t31                            1.65
xdut.topn__t108                        1.86032
xdut.\$81__t52                            1.65
xdut.topn__t107                        1.86032
xdut.\$83__t30                            1.65
xdut.topn__t105                        1.86032
xdut.\$81__t217                           1.65
xdut.topn__t434                        1.86032
xdut.\$83__t7                             1.65
xdut.topn__t20                         1.86032
xdut.\$81__t9                             1.65
xdut.topn__t19                         1.86032
xdut.\$83__t6                             1.65
xdut.topn__t18                         1.86032
xdut.\$81__t4                             1.65
xdut.topn__t9                          1.86032
xdut.\$83__t21                            1.65
xdut.topn__t55                         1.86032
xdut.\$81__t33                            1.65
xdut.topn__t70                         1.86032
xdut.\$83__t28                            1.65
xdut.topn__t69                         1.86032
xdut.\$81__t14                            1.65
xdut.topn__t28                         1.86032
xdut.\$83__t97                            1.65
xdut.topn__t371                        1.86032
xdut.\$81__t82                            1.65
xdut.topn__t167                        1.86032
xdut.\$83__t42                            1.65
xdut.topn__t166                        1.86032
xdut.\$81__t81                            1.65
xdut.topn__t165                        1.86032
xdut.\$83__t41                            1.65
xdut.topn__t164                        1.86032
xdut.\$81__t80                            1.65
xdut.topn__t163                        1.86032
xdut.\$83__t40                            1.65
xdut.topn__t141                        1.86032
xdut.\$81__t86                            1.65
xdut.topn__t174                        1.86032
xdut.\$83__t44                            1.65
xdut.topn__t175                        1.86032
xdut.\$81__t28                            1.65
xdut.topn__t60                         1.86032
xdut.\$83__t23                            1.65
xdut.topn__t59                         1.86032
xdut.\$81__t27                            1.65
xdut.topn__t58                         1.86032
xdut.\$24__t47                            1.65
xdut.topp__t172                        3.01505
xdut.\$12__t69                         1.64999
xdut.topp__t134                        3.01505
xdut.\$24__t32                            1.65
xdut.topp__t125                        3.01505
xdut.\$12__t64                         1.64999
xdut.topp__t124                        3.01505
xdut.\$24__t31                            1.65
xdut.topp__t123                        3.01505
xdut.\$12__t63                         1.64999
xdut.topp__t122                        3.01505
xdut.\$24__t30                            1.65
xdut.topp__t121                        3.01505
xdut.\$12__t62                         1.64999
xdut.topp__t120                        3.01505
xdut.\$24__t44                            1.65
xdut.topp__t167                        3.01505
xdut.\$12__t95                         1.64999
xdut.topp__t187                        3.01505
xdut.\$24__t45                            1.65
xdut.topp__t169                        3.01505
xdut.\$12__t86                         1.64999
xdut.topp__t168                        3.01505
xdut.\$24__t37                            1.65
xdut.topp__t153                        3.01505
xdut.\$12__t78                         1.64999
xdut.topp__t152                        3.01505
xdut.\$24__t119                           1.65
xdut.topp__t419                        3.01505
xdut.\$12__t230                        1.64999
xdut.topp__t457                        3.01505
xdut.\$24__t118                           1.65
xdut.topp__t418                        3.01505
xdut.\$12__t210                        1.64999
xdut.topp__t417                        3.01505
xdut.\$24__t74                            1.65
xdut.topp__t271                        3.01505
xdut.\$12__t225                        1.64999
xdut.topp__t448                        3.01505
xdut.\$24__t127                           1.65
xdut.topp__t447                        3.01505
xdut.\$12__t224                        1.64999
xdut.topp__t446                        3.01505
xdut.\$24__t115                           1.65
xdut.topp__t400                        3.01505
xdut.\$12__t202                        1.64999
xdut.topp__t399                        3.01505
xdut.\$24__t114                           1.65
xdut.topp__t398                        3.01505
xdut.\$12__t201                        1.64999
xdut.topp__t397                        3.01505
xdut.\$24__t113                           1.65
xdut.topp__t396                        3.01505
xdut.\$12__t200                        1.64999
xdut.topp__t395                        3.01505
xdut.\$24__t116                           1.65
xdut.topp__t406                        3.01505
xdut.\$12__t196                        1.64999
xdut.topp__t389                        3.01505
xdut.\$24__t110                           1.65
xdut.topp__t388                        3.01505
xdut.\$12__t195                        1.64999
xdut.topp__t387                        3.01505
xdut.\$83__t100                           1.65
xdut.topn__t409                        1.86032
xdut.\$81__t204                           1.65
xdut.topn__t408                        1.86032
xdut.\$83__t16                            1.65
xdut.topn__t38                         1.86032
xdut.\$81__t18                            1.65
xdut.topn__t37                         1.86032
xdut.\$83__t15                            1.65
xdut.topn__t36                         1.86032
xdut.\$81__t17                            1.65
xdut.topn__t35                         1.86032
xdut.\$83__t13                            1.65
xdut.topn__t33                         1.86032
xdut.\$81__t16                            1.65
xdut.topn__t32                         1.86032
xdut.\$83__t12                            1.65
xdut.topn__t31                         1.86032
xdut.\$81__t15                            1.65
xdut.topn__t30                         1.86032
xdut.\$83__t11                            1.65
xdut.topn__t29                         1.86032
xdut.\$81__t218                           1.65
xdut.topn__t435                        1.86032
xdut.\$83__t5                             1.65
xdut.topn__t17                         1.86032
xdut.\$81__t8                             1.65
xdut.topn__t16                         1.86032
xdut.\$83__t4                             1.65
xdut.topn__t15                         1.86032
xdut.\$81__t7                             1.65
xdut.topn__t14                         1.86032
xdut.\$83__t3                             1.65
xdut.topn__t13                         1.86032
xdut.\$81__t6                             1.65
xdut.topn__t12                         1.86032
xdut.\$83__t2                             1.65
xdut.topn__t11                         1.86032
xdut.\$81__t5                             1.65
xdut.topn__t10                         1.86032
xdut.\$83__t98                            1.65
xdut.topn__t372                        1.86032
xdut.\$81__t87                            1.65
xdut.topn__t176                        1.86032
xdut.\$83__t45                            1.65
xdut.topn__t177                        1.86032
xdut.\$81__t88                            1.65
xdut.topn__t178                        1.86032
xdut.\$83__t27                            1.65
xdut.topn__t68                         1.86032
xdut.\$81__t32                            1.65
xdut.topn__t67                         1.86032
xdut.\$83__t26                            1.65
xdut.topn__t66                         1.86032
xdut.\$81__t31                            1.65
xdut.topn__t65                         1.86032
xdut.\$83__t25                            1.65
xdut.topn__t64                         1.86032
xdut.\$81__t30                            1.65
xdut.topn__t63                         1.86032
xdut.\$83__t24                            1.65
xdut.topn__t62                         1.86032
xdut.\$81__t29                            1.65
xdut.topn__t61                         1.86032
xdut.\$32__t19                            1.65
xdut.topp__t147                        3.01505
xdut.\$12__t75                         1.64999
xdut.topp__t146                        3.01505
xdut.\$32__t18                            1.65
xdut.topp__t145                        3.01505
xdut.\$12__t74                         1.64999
xdut.topp__t144                        3.01505
xdut.\$32__t17                            1.65
xdut.topp__t143                        3.01505
xdut.\$12__t73                         1.64999
xdut.topp__t142                        3.01505
xdut.\$32__t16                            1.65
xdut.topp__t141                        3.01505
xdut.\$12__t72                         1.64999
xdut.topp__t140                        3.01505
xdut.\$32__t15                            1.65
xdut.topp__t139                        3.01505
xdut.\$12__t96                         1.64999
xdut.topp__t188                        3.01505
xdut.\$32__t22                            1.65
xdut.topp__t228                        3.01505
xdut.\$12__t118                        1.64999
xdut.topp__t231                        3.01505
xdut.\$32__t23                            1.65
xdut.topp__t234                        3.01505
xdut.\$12__t116                        1.64999
xdut.topp__t229                        3.01505
xdut.\$32__t21                            1.65
xdut.topp__t227                        3.01505
xdut.\$12__t115                        1.64999
xdut.topp__t226                        3.01505
xdut.\$32__t20                            1.65
xdut.topp__t185                        3.01505
xdut.\$12__t93                         1.64999
xdut.topp__t184                        3.01505
xdut.\$32__t28                            1.65
xdut.topp__t277                        3.01505
xdut.\$12__t221                        1.64999
xdut.topp__t439                        3.01505
xdut.\$32__t47                            1.65
xdut.topp__t438                        3.01505
xdut.\$12__t220                        1.64999
xdut.topp__t437                        3.01505
xdut.\$32__t46                            1.65
xdut.topp__t436                        3.01505
xdut.\$12__t219                        1.64999
xdut.topp__t435                        3.01505
xdut.\$32__t45                            1.65
xdut.topp__t434                        3.01505
xdut.\$12__t226                        1.64999
xdut.topp__t449                        3.01505
xdut.\$32__t44                            1.65
xdut.topp__t432                        3.01505
xdut.\$12__t217                        1.64999
xdut.topp__t431                        3.01505
xdut.\$32__t43                            1.65
xdut.topp__t430                        3.01505
xdut.\$12__t216                        1.64999
xdut.topp__t429                        3.01505
xdut.\$32__t42                            1.65
xdut.topp__t428                        3.01505
xdut.\$12__t215                        1.64999
xdut.topp__t427                        3.01505
xdut.\$84__t53                            1.65
xdut.topn__t446                        1.86032
xdut.\$81__t224                           1.65
xdut.topn__t445                        1.86032
xdut.\$84__t4                             1.65
xdut.topn__t77                         1.86032
xdut.\$81__t37                            1.65
xdut.topn__t76                         1.86032
xdut.\$84__t3                             1.65
xdut.topn__t75                         1.86032
xdut.\$81__t36                            1.65
xdut.topn__t74                         1.86032
xdut.\$84__t2                             1.65
xdut.topn__t73                         1.86032
xdut.\$81__t35                            1.65
xdut.topn__t72                         1.86032
xdut.\$84__t8                             1.65
xdut.topn__t119                        1.86032
xdut.\$81__t66                            1.65
xdut.topn__t134                        1.86032
xdut.\$84__t9                             1.65
xdut.topn__t133                        1.86032
xdut.\$81__t219                           1.65
xdut.topn__t436                        1.86032
xdut.\$84__t0                             1.65
xdut.topn__t0                          1.86032
xdut.\$81__t48                            1.65
xdut.topn__t102                        1.86032
xdut.\$84__t7                             1.65
xdut.topn__t101                        1.86032
xdut.\$81__t47                            1.65
xdut.topn__t100                        1.86032
xdut.\$84__t6                             1.65
xdut.topn__t99                         1.86032
xdut.\$81__t46                            1.65
xdut.topn__t98                         1.86032
xdut.\$84__t5                             1.65
xdut.topn__t97                         1.86032
xdut.\$81__t45                            1.65
xdut.topn__t96                         1.86032
xdut.\$84__t40                            1.65
xdut.topn__t373                        1.86032
xdut.\$81__t79                            1.65
xdut.topn__t162                        1.86032
xdut.\$84__t14                            1.65
xdut.topn__t161                        1.86032
xdut.\$81__t78                            1.65
xdut.topn__t160                        1.86032
xdut.\$84__t13                            1.65
xdut.topn__t159                        1.86032
xdut.\$81__t77                            1.65
xdut.topn__t158                        1.86032
xdut.\$84__t12                            1.65
xdut.topn__t147                        1.86032
xdut.\$81__t71                            1.65
xdut.topn__t146                        1.86032
xdut.\$84__t11                            1.65
xdut.topn__t145                        1.86032
xdut.\$81__t70                            1.65
xdut.topn__t144                        1.86032
xdut.\$84__t10                            1.65
xdut.topn__t143                        1.86032
xdut.\$81__t69                            1.65
xdut.topn__t142                        1.86032
xdut.\$40__t10                            1.65
xdut.topp__t199                        3.01505
xdut.\$12__t77                         1.64999
xdut.topp__t150                        3.01505
xdut.\$40__t9                             1.65
xdut.topp__t149                        3.01505
xdut.\$12__t76                         1.64999
xdut.topp__t148                        3.01505
xdut.\$40__t8                             1.65
xdut.topp__t138                        3.01505
xdut.\$12__t111                        1.64999
xdut.topp__t220                        3.01505
xdut.\$40__t12                            1.65
xdut.topp__t219                        3.01505
xdut.\$12__t110                        1.64999
xdut.topp__t218                        3.01505
xdut.\$40__t11                            1.65
xdut.topp__t217                        3.01505
xdut.\$12__t97                         1.64999
xdut.topp__t189                        3.01505
xdut.\$40__t13                            1.65
xdut.topp__t233                        3.01505
xdut.\$12__t119                        1.64999
xdut.topp__t232                        3.01505
xdut.\$40__t16                            1.65
xdut.topp__t247                        3.01505
xdut.\$12__t117                        1.64999
xdut.topp__t230                        3.01505
xdut.\$40__t15                            1.65
xdut.topp__t246                        3.01505
xdut.\$12__t125                        1.64999
xdut.topp__t245                        3.01505
xdut.\$48__t7                             1.65
xdut.topp__t244                        3.01505
xdut.\$12__t124                        1.64999
xdut.topp__t243                        3.01505
xdut.\$48__t9                             1.65
xdut.topp__t274                        3.01505
xdut.\$12__t189                        1.64999
xdut.topp__t378                        3.01505
xdut.\$48__t11                            1.65
xdut.topp__t377                        3.01505
xdut.\$12__t188                        1.64999
xdut.topp__t376                        3.01505
xdut.\$48__t10                            1.65
xdut.topp__t375                        3.01505
xdut.\$12__t187                        1.64999
xdut.topp__t374                        3.01505
xdut.\$56__t5                             1.65
xdut.topp__t373                        3.01505
xdut.\$12__t186                        1.64999
xdut.topp__t372                        3.01505
xdut.\$56__t4                             1.65
xdut.topp__t371                        3.01505
xdut.\$12__t185                        1.64999
xdut.topp__t370                        3.01505
xdut.\$64__t2                             1.65
xdut.topp__t369                        3.01505
xdut.\$12__t184                        1.64999
xdut.topp__t368                        3.01505
xdut.\$80__t0                          1.64999
xdut.topp__t367                        3.01505
xdut.\$12__t209                        1.64999
xdut.topp__t416                        3.01505
xdut.\$85__t24                            1.65
xdut.topn__t443                        1.86032
xdut.\$81__t223                           1.65
xdut.topn__t442                        1.86032
xdut.\$85__t8                             1.65
xdut.topn__t123                        1.86032
xdut.\$81__t60                            1.65
xdut.topn__t122                        1.86032
xdut.\$85__t7                             1.65
xdut.topn__t121                        1.86032
xdut.\$81__t59                            1.65
xdut.topn__t120                        1.86032
xdut.\$85__t3                             1.65
xdut.topn__t82                         1.86032
xdut.\$81__t39                            1.65
xdut.topn__t81                         1.86032
xdut.\$85__t2                             1.65
xdut.topn__t80                         1.86032
xdut.\$81__t38                            1.65
xdut.topn__t79                         1.86032
xdut.\$85__t1                             1.65
xdut.topn__t78                         1.86032
xdut.\$81__t220                           1.65
xdut.topn__t437                        1.86032
xdut.\$85__t5                             1.65
xdut.topn__t94                         1.86032
xdut.\$81__t44                            1.65
xdut.topn__t93                         1.86032
xdut.\$85__t4                             1.65
xdut.topn__t92                         1.86032
xdut.\$81__t43                            1.65
xdut.topn__t91                         1.86032
xdut.\$86__t4                             1.65
xdut.topn__t90                         1.86032
xdut.\$81__t42                            1.65
xdut.topn__t89                         1.86032
xdut.\$86__t3                             1.65
xdut.topn__t88                         1.86032
xdut.\$81__t49                            1.65
xdut.topn__t103                        1.86032
xdut.\$86__t11                            1.65
xdut.topn__t374                        1.86032
xdut.\$81__t34                            1.65
xdut.topn__t71                         1.86032
xdut.\$86__t0                             1.65
xdut.topn__t54                         1.86032
xdut.\$81__t25                            1.65
xdut.topn__t53                         1.86032
xdut.\$87__t1                             1.65
xdut.topn__t52                         1.86032
xdut.\$81__t24                            1.65
xdut.topn__t51                         1.86032
xdut.\$87__t0                             1.65
xdut.topn__t50                         1.86032
xdut.\$81__t23                            1.65
xdut.topn__t49                         1.86032
xdut.\$88__t0                             1.65
xdut.topn__t48                         1.86032
xdut.\$81__t22                            1.65
xdut.topn__t47                         1.86032
xdut.\$90__t0                             1.65
xdut.topn__t46                         1.86032
xdut.\$81__t21                            1.65
xdut.topn__t45                         1.86032
xdut.\$12__t112                        1.64999
xdut.topp__t222                        3.01505
xdut.vcm__t0                              1.65
xdut.topp__t221                        3.01505
xdut.\$12__t109                        1.64999
xdut.topp__t216                        3.01505
xdut.\$64__t1                             1.65
xdut.topp__t137                        3.01505
xdut.\$12__t71                         1.64999
xdut.topp__t136                        3.01505
xdut.\$56__t2                             1.65
xdut.topp__t151                        3.01505
xdut.\$12__t114                        1.64999
xdut.topp__t225                        3.01505
xdut.\$56__t3                             1.65
xdut.topp__t224                        3.01505
xdut.\$12__t113                        1.64999
xdut.topp__t223                        3.01505
xdut.\$48__t3                             1.65
xdut.topp__t191                        3.01505
xdut.\$12__t123                        1.64999
xdut.topp__t242                        3.01505
xdut.\$48__t6                             1.65
xdut.topp__t241                        3.01505
xdut.\$12__t122                        1.64999
xdut.topp__t240                        3.01505
xdut.\$48__t5                             1.65
xdut.topp__t239                        3.01505
xdut.\$12__t121                        1.64999
xdut.topp__t238                        3.01505
xdut.\$48__t4                             1.65
xdut.topp__t237                        3.01505
xdut.\$12__t120                        1.64999
xdut.topp__t236                        3.01505
xdut.\$40__t14                            1.65
xdut.topp__t235                        3.01505
xdut.\$12__t135                        1.64999
xdut.topp__t269                        3.01505
xdut.\$40__t23                            1.65
xdut.topp__t413                        3.01505
xdut.\$12__t207                        1.64999
xdut.topp__t412                        3.01505
xdut.\$40__t22                            1.65
xdut.topp__t411                        3.01505
xdut.\$12__t206                        1.64999
xdut.topp__t410                        3.01505
xdut.\$40__t21                            1.65
xdut.topp__t409                        3.01505
xdut.\$12__t205                        1.64999
xdut.topp__t408                        3.01505
xdut.\$40__t20                            1.65
xdut.topp__t407                        3.01505
xdut.\$12__t211                        1.64999
xdut.topp__t420                        3.01505
xdut.\$40__t19                            1.65
xdut.topp__t405                        3.01505
xdut.\$12__t204                        1.64999
xdut.topp__t404                        3.01505
xdut.\$40__t18                            1.65
xdut.topp__t403                        3.01505
xdut.\$12__t203                        1.64999
xdut.topp__t402                        3.01505
xdut.\$40__t17                            1.65
xdut.topp__t401                        3.01505
xdut.\$81__t222                           1.65
xdut.topn__t441                        1.86032
xdut.vcm__t1                              1.65
xdut.topn__t440                        1.86032
xdut.\$81__t65                            1.65
xdut.topn__t132                        1.86032
xdut.\$88__t1                             1.65
xdut.topn__t131                        1.86032
xdut.\$81__t64                            1.65
xdut.topn__t130                        1.86032
xdut.\$87__t3                             1.65
xdut.topn__t129                        1.86032
xdut.\$81__t63                            1.65
xdut.topn__t128                        1.86032
xdut.\$87__t2                             1.65
xdut.topn__t127                        1.86032
xdut.\$81__t62                            1.65
xdut.topn__t126                        1.86032
xdut.\$86__t5                             1.65
xdut.topn__t125                        1.86032
xdut.\$81__t61                            1.65
xdut.topn__t124                        1.86032
xdut.\$86__t13                            1.65
xdut.topn__t438                        1.86032
xdut.\$81__t41                            1.65
xdut.topn__t85                         1.86032
xdut.\$86__t1                             1.65
xdut.topn__t84                         1.86032
xdut.\$81__t40                            1.65
xdut.topn__t83                         1.86032
xdut.\$86__t2                             1.65
xdut.topn__t86                         1.86032
xdut.\$81__t212                           1.65
xdut.topn__t423                        1.86032
xdut.\$85__t23                            1.65
xdut.topn__t402                        1.86032
xdut.\$81__t200                           1.65
xdut.topn__t403                        1.86032
xdut.\$85__t6                             1.65
xdut.topn__t95                         1.86032
xdut.\$81__t186                           1.65
xdut.topn__t375                        1.86032
xdut.\$85__t13                            1.65
xdut.topn__t157                        1.86032
xdut.\$81__t76                            1.65
xdut.topn__t156                        1.86032
xdut.\$85__t14                            1.65
xdut.topn__t171                        1.86032
xdut.\$81__t75                            1.65
xdut.topn__t155                        1.86032
xdut.\$85__t12                            1.65
xdut.topn__t154                        1.86032
xdut.\$81__t74                            1.65
xdut.topn__t153                        1.86032
xdut.\$85__t11                            1.65
xdut.topn__t152                        1.86032
xdut.\$81__t73                            1.65
xdut.topn__t151                        1.86032
xdut.\$85__t10                            1.65
xdut.topn__t150                        1.86032
xdut.\$81__t72                            1.65
xdut.topn__t149                        1.86032
xdut.\$85__t9                             1.65
xdut.topn__t148                        1.86032
xdut.\$12__t134                        1.64999
xdut.topp__t267                        3.01505
xdut.\$32__t26                            1.65
xdut.topp__t266                        3.01505
xdut.\$12__t133                        1.64999
xdut.topp__t265                        3.01505
xdut.\$32__t25                            1.65
xdut.topp__t264                        3.01505
xdut.\$12__t139                        1.64999
xdut.topp__t279                        3.01505
xdut.\$32__t24                            1.65
xdut.topp__t263                        3.01505
xdut.\$12__t161                        1.64999
xdut.topp__t322                        3.01505
xdut.\$32__t36                            1.65
xdut.topp__t323                        3.01505
xdut.\$12__t162                        1.64999
xdut.topp__t324                        3.01505
xdut.\$32__t41                            1.65
xdut.topp__t334                        3.01505
xdut.\$12__t164                        1.64999
xdut.topp__t326                        3.01505
xdut.\$32__t37                            1.65
xdut.topp__t327                        3.01505
xdut.\$12__t165                        1.64999
xdut.topp__t328                        3.01505
xdut.\$32__t38                            1.65
xdut.topp__t329                        3.01505
xdut.\$12__t166                        1.64999
xdut.topp__t330                        3.01505
xdut.\$32__t39                            1.65
xdut.topp__t331                        3.01505
xdut.\$12__t167                        1.64999
xdut.topp__t332                        3.01505
xdut.\$32__t40                            1.65
xdut.topp__t333                        3.01505
xdut.\$12__t163                        1.64999
xdut.topp__t325                        3.01505
xdut.\$32__t35                            1.65
xdut.topp__t321                        3.01505
xdut.\$12__t160                        1.64999
xdut.topp__t320                        3.01505
xdut.\$32__t34                            1.65
xdut.topp__t319                        3.01505
xdut.\$12__t159                        1.64999
xdut.topp__t318                        3.01505
xdut.\$32__t33                            1.65
xdut.topp__t317                        3.01505
xdut.\$12__t158                        1.64999
xdut.topp__t316                        3.01505
xdut.\$32__t32                            1.65
xdut.topp__t315                        3.01505
xdut.\$12__t157                        1.64999
xdut.topp__t314                        3.01505
xdut.\$32__t31                            1.65
xdut.topp__t313                        3.01505
xdut.\$12__t156                        1.64999
xdut.topp__t312                        3.01505
xdut.\$32__t30                            1.65
xdut.topp__t311                        3.01505
xdut.\$12__t155                        1.64999
xdut.topp__t310                        3.01505
xdut.\$32__t29                            1.65
xdut.topp__t309                        3.01505
xdut.\$81__t85                            1.65
xdut.topn__t173                        1.86032
xdut.\$84__t15                            1.65
xdut.topn__t172                        1.86032
xdut.\$81__t187                           1.65
xdut.topn__t376                        1.86032
xdut.\$84__t41                            1.65
xdut.topn__t377                        1.86032
xdut.\$81__t188                           1.65
xdut.topn__t378                        1.86032
xdut.\$84__t42                            1.65
xdut.topn__t379                        1.86032
xdut.\$81__t189                           1.65
xdut.topn__t380                        1.86032
xdut.\$84__t43                            1.65
xdut.topn__t381                        1.86032
xdut.\$81__t190                           1.65
xdut.topn__t382                        1.86032
xdut.\$84__t44                            1.65
xdut.topn__t383                        1.86032
xdut.\$81__t191                           1.65
xdut.topn__t384                        1.86032
xdut.\$84__t52                            1.65
xdut.topn__t401                        1.86032
xdut.\$81__t192                           1.65
xdut.topn__t386                        1.86032
xdut.\$84__t45                            1.65
xdut.topn__t387                        1.86032
xdut.\$81__t193                           1.65
xdut.topn__t388                        1.86032
xdut.\$84__t46                            1.65
xdut.topn__t389                        1.86032
xdut.\$81__t194                           1.65
xdut.topn__t390                        1.86032
xdut.\$84__t47                            1.65
xdut.topn__t391                        1.86032
xdut.\$81__t195                           1.65
xdut.topn__t392                        1.86032
xdut.\$84__t48                            1.65
xdut.topn__t393                        1.86032
xdut.\$81__t196                           1.65
xdut.topn__t394                        1.86032
xdut.\$84__t49                            1.65
xdut.topn__t395                        1.86032
xdut.\$81__t197                           1.65
xdut.topn__t396                        1.86032
xdut.\$84__t50                            1.65
xdut.topn__t397                        1.86032
xdut.\$81__t198                           1.65
xdut.topn__t398                        1.86032
xdut.\$84__t51                            1.65
xdut.topn__t399                        1.86032
xdut.\$81__t106                           1.65
xdut.topn__t217                        1.86032
xdut.\$84__t18                            1.65
xdut.topn__t219                        1.86032
xdut.\$81__t107                           1.65
xdut.topn__t220                        1.86032
xdut.\$84__t19                            1.65
xdut.topn__t221                        1.86032
xdut.\$81__t108                           1.65
xdut.topn__t222                        1.86032
xdut.\$84__t20                            1.65
xdut.topn__t223                        1.86032
xdut.\$12__t19                         1.64999
xdut.topp__t36                         3.01505
xdut.\$24__t63                            1.65
xdut.topp__t210                        3.01505
xdut.\$12__t105                        1.64999
xdut.topp__t209                        3.01505
xdut.\$24__t62                            1.65
xdut.topp__t208                        3.01505
xdut.\$12__t22                         1.64999
xdut.topp__t41                         3.01505
xdut.\$24__t10                            1.65
xdut.topp__t40                         3.01505
xdut.\$12__t21                         1.64999
xdut.topp__t39                         3.01505
xdut.\$24__t9                             1.65
xdut.topp__t38                         3.01505
xdut.\$12__t20                         1.64999
xdut.topp__t37                         3.01505
xdut.\$24__t26                            1.65
xdut.topp__t110                        3.01505
xdut.\$12__t104                        1.64999
xdut.topp__t207                        3.01505
xdut.\$24__t61                            1.65
xdut.topp__t205                        3.01505
xdut.\$12__t102                        1.64999
xdut.topp__t204                        3.01505
xdut.\$24__t60                            1.65
xdut.topp__t203                        3.01505
xdut.\$12__t103                        1.64999
xdut.topp__t206                        3.01505
xdut.\$24__t58                            1.65
xdut.topp__t201                        3.01505
xdut.\$12__t101                        1.64999
xdut.topp__t200                        3.01505
xdut.\$24__t54                            1.65
xdut.topp__t193                        3.01505
xdut.\$12__t138                        1.64999
xdut.topp__t278                        3.01505
xdut.\$24__t27                            1.65
xdut.topp__t112                        3.01505
xdut.\$12__t132                        1.64999
xdut.topp__t262                        3.01505
xdut.\$24__t89                            1.65
xdut.topp__t307                        3.01505
xdut.\$12__t147                        1.64999
xdut.topp__t293                        3.01505
xdut.\$24__t82                            1.65
xdut.topp__t292                        3.01505
xdut.\$12__t146                        1.64999
xdut.topp__t291                        3.01505
xdut.\$24__t17                            1.65
xdut.topp__t89                         3.01505
xdut.\$12__t45                         1.64999
xdut.topp__t88                         3.01505
xdut.\$24__t15                            1.65
xdut.topp__t74                         3.01505
xdut.\$12__t38                         1.64999
xdut.topp__t73                         3.01505
xdut.\$24__t29                            1.65
xdut.topp__t115                        3.01505
xdut.\$12__t58                         1.64999
xdut.topp__t114                        3.01505
xdut.\$24__t28                            1.65
xdut.topp__t113                        3.01505
xdut.\$81__t2                             1.65
xdut.topn__t6                          1.86032
xdut.\$83__t1                             1.65
xdut.topn__t5                          1.86032
xdut.\$81__t233                           1.65
xdut.topn__t465                        1.86032
xdut.\$83__t118                           1.65
xdut.topn__t466                        1.86032
xdut.\$81__t234                           1.65
xdut.topn__t467                        1.86032
xdut.\$83__t119                           1.65
xdut.topn__t468                        1.86032
xdut.\$81__t235                           1.65
xdut.topn__t469                        1.86032
xdut.\$83__t120                           1.65
xdut.topn__t470                        1.86032
xdut.\$81__t206                           1.65
xdut.topn__t412                        1.86032
xdut.\$83__t101                           1.65
xdut.topn__t410                        1.86032
xdut.\$81__t205                           1.65
xdut.topn__t411                        1.86032
xdut.\$83__t72                            1.65
xdut.topn__t273                        1.86032
xdut.\$81__t216                           1.65
xdut.topn__t431                        1.86032
xdut.\$83__t111                           1.65
xdut.topn__t432                        1.86032
xdut.\$81__t221                           1.65
xdut.topn__t439                        1.86032
xdut.\$83__t107                           1.65
xdut.topn__t424                        1.86032
xdut.\$81__t213                           1.65
xdut.topn__t425                        1.86032
xdut.\$83__t108                           1.65
xdut.topn__t426                        1.86032
xdut.\$81__t214                           1.65
xdut.topn__t427                        1.86032
xdut.\$83__t109                           1.65
xdut.topn__t428                        1.86032
xdut.\$81__t118                           1.65
xdut.topn__t240                        1.86032
xdut.\$83__t51                            1.65
xdut.topn__t189                        1.86032
xdut.\$81__t97                            1.65
xdut.topn__t201                        1.86032
xdut.\$83__t74                            1.65
xdut.topn__t279                        1.86032
xdut.\$81__t145                           1.65
xdut.topn__t291                        1.86032
xdut.\$83__t79                            1.65
xdut.topn__t303                        1.86032
xdut.\$81__t89                            1.65
xdut.topn__t183                        1.86032
xdut.\$83__t48                            1.65
xdut.topn__t184                        1.86032
xdut.\$81__t90                            1.65
xdut.topn__t185                        1.86032
xdut.\$83__t49                            1.65
xdut.topn__t186                        1.86032
xdut.\$81__t91                            1.65
xdut.topn__t187                        1.86032
xdut.\$83__t50                            1.65
xdut.topn__t188                        1.86032
xdut.\$12__t18                         1.64999
xdut.topp__t35                         3.01505
xdut.\$24__t8                             1.65
xdut.topp__t34                         3.01505
xdut.\$12__t17                         1.64999
xdut.topp__t33                         3.01505
xdut.\$24__t7                             1.65
xdut.topp__t32                         3.01505
xdut.\$12__t70                         1.64999
xdut.topp__t135                        3.01505
xdut.\$24__t65                            1.65
xdut.topp__t214                        3.01505
xdut.\$12__t107                        1.64999
xdut.topp__t213                        3.01505
xdut.\$24__t64                            1.65
xdut.topp__t212                        3.01505
xdut.\$12__t106                        1.64999
xdut.topp__t211                        3.01505
xdut.\$24__t6                             1.65
xdut.topp__t29                         3.01505
xdut.\$12__t108                        1.64999
xdut.topp__t215                        3.01505
xdut.\$24__t57                            1.65
xdut.topp__t198                        3.01505
xdut.\$12__t100                        1.64999
xdut.topp__t197                        3.01505
xdut.\$24__t56                            1.65
xdut.topp__t196                        3.01505
xdut.\$12__t99                         1.64999
xdut.topp__t195                        3.01505
xdut.\$24__t55                            1.65
xdut.topp__t194                        3.01505
xdut.\$12__t98                         1.64999
xdut.topp__t192                        3.01505
xdut.\$24__t59                            1.65
xdut.topp__t202                        3.01505
xdut.\$12__t137                        1.64999
xdut.topp__t276                        3.01505
xdut.\$24__t73                            1.65
xdut.topp__t261                        3.01505
xdut.\$12__t131                        1.64999
xdut.topp__t260                        3.01505
xdut.\$24__t72                            1.65
xdut.topp__t259                        3.01505
xdut.\$12__t130                        1.64999
xdut.topp__t258                        3.01505
xdut.\$24__t71                            1.65
xdut.topp__t257                        3.01505
xdut.\$12__t129                        1.64999
xdut.topp__t256                        3.01505
xdut.\$24__t70                            1.65
xdut.topp__t255                        3.01505
xdut.\$12__t128                        1.64999
xdut.topp__t254                        3.01505
xdut.\$24__t69                            1.65
xdut.topp__t253                        3.01505
xdut.\$12__t127                        1.64999
xdut.topp__t252                        3.01505
xdut.\$24__t68                            1.65
xdut.topp__t251                        3.01505
xdut.\$12__t126                        1.64999
xdut.topp__t250                        3.01505
xdut.\$24__t67                            1.65
xdut.topp__t249                        3.01505
xdut.\$81__t68                            1.65
xdut.topn__t138                        1.86032
xdut.\$83__t38                            1.65
xdut.topn__t139                        1.86032
xdut.\$81__t207                           1.65
xdut.topn__t413                        1.86032
xdut.\$83__t102                           1.65
xdut.topn__t414                        1.86032
xdut.\$81__t208                           1.65
xdut.topn__t415                        1.86032
xdut.\$83__t103                           1.65
xdut.topn__t416                        1.86032
xdut.\$81__t253                           1.65
xdut.topn__t507                        1.86032
xdut.\$83__t126                           1.65
xdut.topn__t508                        1.86032
xdut.\$81__t254                           1.65
xdut.topn__t509                        1.86032
xdut.\$83__t127                           1.65
xdut.topn__t511                        1.86032
xdut.\$81__t201                           1.65
xdut.topn__t404                        1.86032
xdut.\$83__t65                            1.65
xdut.topn__t259                        1.86032
xdut.\$81__t209                           1.65
xdut.topn__t417                        1.86032
xdut.\$83__t104                           1.65
xdut.topn__t418                        1.86032
xdut.\$81__t210                           1.65
xdut.topn__t419                        1.86032
xdut.\$83__t105                           1.65
xdut.topn__t420                        1.86032
xdut.\$81__t211                           1.65
xdut.topn__t421                        1.86032
xdut.\$83__t106                           1.65
xdut.topn__t422                        1.86032
xdut.\$81__t215                           1.65
xdut.topn__t429                        1.86032
xdut.\$83__t110                           1.65
xdut.topn__t430                        1.86032
xdut.\$81__t110                           1.65
xdut.topn__t225                        1.86032
xdut.\$83__t52                            1.65
xdut.topn__t190                        1.86032
xdut.\$81__t92                            1.65
xdut.topn__t191                        1.86032
xdut.\$83__t53                            1.65
xdut.topn__t192                        1.86032
xdut.\$81__t102                           1.65
xdut.topn__t209                        1.86032
xdut.\$83__t54                            1.65
xdut.topn__t194                        1.86032
xdut.\$81__t94                            1.65
xdut.topn__t195                        1.86032
xdut.\$83__t55                            1.65
xdut.topn__t196                        1.86032
xdut.\$81__t95                            1.65
xdut.topn__t197                        1.86032
xdut.\$83__t56                            1.65
xdut.topn__t198                        1.86032
xdut.\$81__t96                            1.65
xdut.topn__t199                        1.86032
xdut.\$83__t57                            1.65
xdut.topn__t200                        1.86032
xdut.\$24__t25                            1.65
xdut.topp__t108                        3.01505
xdut.\$12__t61                         1.64999
xdut.topp__t119                        3.01505
xdut.\$24__t24                            1.65
xdut.topp__t106                        3.01505
xdut.\$12__t55                         1.64999
xdut.topp__t105                        3.01505
xdut.\$24__t23                            1.65
xdut.topp__t104                        3.01505
xdut.\$12__t54                         1.64999
xdut.topp__t103                        3.01505
xdut.\$24__t22                            1.65
xdut.topp__t102                        3.01505
xdut.\$12__t53                         1.64999
xdut.topp__t101                        3.01505
xdut.\$24__t21                            1.65
xdut.topp__t100                        3.01505
xdut.\$12__t52                         1.64999
xdut.topp__t99                         3.01505
xdut.\$24__t20                            1.65
xdut.topp__t98                         3.01505
xdut.\$12__t51                         1.64999
xdut.topp__t97                         3.01505
xdut.\$24__t19                            1.65
xdut.topp__t96                         3.01505
xdut.\$12__t50                         1.64999
xdut.topp__t95                         3.01505
xdut.\$24__t18                            1.65
xdut.topp__t94                         3.01505
xdut.\$12__t49                         1.64999
xdut.topp__t93                         3.01505
xdut.\$24__t16                            1.65
xdut.topp__t77                         3.01505
xdut.\$12__t16                         1.64999
xdut.topp__t30                         3.01505
xdut.\$24__t76                            1.65
xdut.topp__t275                        3.01505
xdut.\$12__t154                        1.64999
xdut.topp__t306                        3.01505
xdut.\$24__t88                            1.65
xdut.topp__t305                        3.01505
xdut.\$12__t153                        1.64999
xdut.topp__t304                        3.01505
xdut.\$24__t87                            1.65
xdut.topp__t303                        3.01505
xdut.\$12__t152                        1.64999
xdut.topp__t302                        3.01505
xdut.\$24__t86                            1.65
xdut.topp__t301                        3.01505
xdut.\$12__t151                        1.64999
xdut.topp__t300                        3.01505
xdut.\$24__t85                            1.65
xdut.topp__t299                        3.01505
xdut.\$12__t150                        1.64999
xdut.topp__t298                        3.01505
xdut.\$24__t84                            1.65
xdut.topp__t297                        3.01505
xdut.\$12__t149                        1.64999
xdut.topp__t296                        3.01505
xdut.\$24__t83                            1.65
xdut.topp__t295                        3.01505
xdut.\$12__t148                        1.64999
xdut.topp__t294                        3.01505
xdut.\$83__t39                            1.65
xdut.topn__t140                        1.86032
xdut.\$81__t67                            1.65
xdut.topn__t137                        1.86032
xdut.\$83__t66                            1.65
xdut.topn__t262                        1.86032
xdut.\$81__t130                           1.65
xdut.topn__t263                        1.86032
xdut.\$83__t67                            1.65
xdut.topn__t264                        1.86032
xdut.\$81__t131                           1.65
xdut.topn__t265                        1.86032
xdut.\$83__t68                            1.65
xdut.topn__t266                        1.86032
xdut.\$81__t132                           1.65
xdut.topn__t267                        1.86032
xdut.\$83__t69                            1.65
xdut.topn__t268                        1.86032
xdut.\$81__t133                           1.65
xdut.topn__t269                        1.86032
xdut.\$83__t70                            1.65
xdut.topn__t270                        1.86032
xdut.\$81__t134                           1.65
xdut.topn__t271                        1.86032
xdut.\$83__t71                            1.65
xdut.topn__t272                        1.86032
xdut.\$81__t93                            1.65
xdut.topn__t193                        1.86032
xdut.\$83__t61                            1.65
xdut.topn__t251                        1.86032
xdut.\$81__t124                           1.65
xdut.topn__t252                        1.86032
xdut.\$83__t62                            1.65
xdut.topn__t253                        1.86032
xdut.\$81__t125                           1.65
xdut.topn__t254                        1.86032
xdut.\$83__t63                            1.65
xdut.topn__t255                        1.86032
xdut.\$81__t126                           1.65
xdut.topn__t256                        1.86032
xdut.\$83__t46                            1.65
xdut.topn__t179                        1.86032
xdut.\$81__t98                            1.65
xdut.topn__t202                        1.86032
xdut.\$83__t58                            1.65
xdut.topn__t203                        1.86032
xdut.\$81__t99                            1.65
xdut.topn__t204                        1.86032
xdut.\$83__t59                            1.65
xdut.topn__t205                        1.86032
xdut.\$81__t100                           1.65
xdut.topn__t206                        1.86032
xdut.\$83__t60                            1.65
xdut.topn__t207                        1.86032
xdut.\$81__t101                           1.65
xdut.topn__t208                        1.86032
xdut.\$83__t64                            1.65
xdut.topn__t257                        1.86032
xdut.\$81__t135                           1.65
xdut.topn__t274                        1.86032
xdut.\$83__t73                            1.65
xdut.topn__t275                        1.86032
xdut.\$81__t138                           1.65
xdut.topn__t278                        1.86032
xdut.\$24__t11                            1.65
xdut.topp__t43                         3.01505
xdut.\$12__t23                         1.64999
xdut.topp__t42                         3.01505
xdut.\$24__t12                            1.65
xdut.topp__t44                         3.01505
xdut.\$12__t3                          1.64999
xdut.topp__t5                          3.01505
xdut.\$24__t1                             1.65
xdut.topp__t4                          3.01505
xdut.\$12__t26                         1.64999
xdut.topp__t48                         3.01505
xdut.\$24__t14                            1.65
xdut.topp__t63                         3.01505
xdut.\$12__t24                         1.64999
xdut.topp__t46                         3.01505
xdut.\$24__t13                            1.65
xdut.topp__t45                         3.01505
xdut.\$12__t57                         1.64999
xdut.topp__t111                        3.01505
xdut.\$24__t4                             1.65
xdut.topp__t26                         3.01505
xdut.\$12__t14                         1.64999
xdut.topp__t25                         3.01505
xdut.\$24__t3                             1.65
xdut.topp__t16                         3.01505
xdut.\$12__t5                          1.64999
xdut.topp__t8                          3.01505
xdut.\$24__t2                             1.65
xdut.topp__t7                          3.01505
xdut.\$12__t4                          1.64999
xdut.topp__t6                          3.01505
xdut.\$24__t5                             1.65
xdut.topp__t28                         3.01505
xdut.\$12__t15                         1.64999
xdut.topp__t27                         3.01505
xdut.\$24__t75                            1.65
xdut.topp__t272                        3.01505
xdut.\$12__t145                        1.64999
xdut.topp__t290                        3.01505
xdut.\$24__t81                            1.65
xdut.topp__t289                        3.01505
xdut.\$12__t144                        1.64999
xdut.topp__t288                        3.01505
xdut.\$24__t80                            1.65
xdut.topp__t287                        3.01505
xdut.\$12__t143                        1.64999
xdut.topp__t286                        3.01505
xdut.\$24__t79                            1.65
xdut.topp__t285                        3.01505
xdut.\$12__t142                        1.64999
xdut.topp__t284                        3.01505
xdut.\$24__t78                            1.65
xdut.topp__t283                        3.01505
xdut.\$12__t141                        1.64999
xdut.topp__t282                        3.01505
xdut.\$24__t77                            1.65
xdut.topp__t281                        3.01505
xdut.\$12__t140                        1.64999
xdut.topp__t280                        3.01505
xdut.\$24__t66                            1.65
xdut.topp__t248                        3.01505
xdut.\$12__t46                         1.64999
xdut.topp__t90                         3.01505
xdut.\$83__t0                             1.65
xdut.topn__t4                          1.86032
xdut.\$81__t1                             1.65
xdut.topn__t3                          1.86032
xdut.\$83__t121                           1.65
xdut.topn__t471                        1.86032
xdut.\$81__t228                           1.65
xdut.topn__t454                        1.86032
xdut.\$83__t114                           1.65
xdut.topn__t455                        1.86032
xdut.\$81__t229                           1.65
xdut.topn__t456                        1.86032
xdut.\$83__t115                           1.65
xdut.topn__t457                        1.86032
xdut.\$81__t230                           1.65
xdut.topn__t458                        1.86032
xdut.\$83__t116                           1.65
xdut.topn__t459                        1.86032
xdut.\$81__t231                           1.65
xdut.topn__t460                        1.86032
xdut.\$83__t117                           1.65
xdut.topn__t461                        1.86032
xdut.\$81__t127                           1.65
xdut.topn__t258                        1.86032
xdut.\$83__t124                           1.65
xdut.topn__t488                        1.86032
xdut.\$81__t245                           1.65
xdut.topn__t489                        1.86032
xdut.\$83__t122                           1.65
xdut.topn__t474                        1.86032
xdut.\$81__t241                           1.65
xdut.topn__t483                        1.86032
xdut.\$83__t123                           1.65
xdut.topn__t484                        1.86032
xdut.\$81__t242                           1.65
xdut.topn__t485                        1.86032
xdut.\$83__t125                           1.65
xdut.topn__t502                        1.86032
xdut.\$81__t244                           1.65
xdut.topn__t487                        1.86032
xdut.\$83__t47                            1.65
xdut.topn__t180                        1.86032
xdut.\$81__t139                           1.65
xdut.topn__t280                        1.86032
xdut.\$83__t75                            1.65
xdut.topn__t281                        1.86032
xdut.\$81__t140                           1.65
xdut.topn__t282                        1.86032
xdut.\$83__t76                            1.65
xdut.topn__t283                        1.86032
xdut.\$81__t141                           1.65
xdut.topn__t284                        1.86032
xdut.\$83__t77                            1.65
xdut.topn__t285                        1.86032
xdut.\$81__t142                           1.65
xdut.topn__t286                        1.86032
xdut.\$83__t78                            1.65
xdut.topn__t287                        1.86032
xdut.\$81__t143                           1.65
xdut.topn__t288                        1.86032
xdut.\$83__t80                            1.65
xdut.topn__t305                        1.86032
xdut.\$81__t144                           1.65
xdut.topn__t290                        1.86032
xdut.\$32__t0                             1.65
xdut.topp__t3                          3.01505
xdut.\$12__t2                          1.64999
xdut.topp__t2                          3.01505
xdut.\$32__t8                             1.65
xdut.topp__t55                         3.01505
xdut.\$12__t29                         1.64999
xdut.topp__t54                         3.01505
xdut.\$32__t7                             1.65
xdut.topp__t53                         3.01505
xdut.\$12__t28                         1.64999
xdut.topp__t52                         3.01505
xdut.\$32__t6                             1.65
xdut.topp__t51                         3.01505
xdut.\$12__t27                         1.64999
xdut.topp__t50                         3.01505
xdut.\$32__t5                             1.65
xdut.topp__t49                         3.01505
xdut.\$12__t56                         1.64999
xdut.topp__t109                        3.01505
xdut.\$32__t4                             1.65
xdut.topp__t24                         3.01505
xdut.\$12__t13                         1.64999
xdut.topp__t23                         3.01505
xdut.\$32__t3                             1.65
xdut.topp__t22                         3.01505
xdut.\$12__t12                         1.64999
xdut.topp__t21                         3.01505
xdut.\$32__t2                             1.65
xdut.topp__t20                         3.01505
xdut.\$12__t11                         1.64999
xdut.topp__t19                         3.01505
xdut.\$32__t1                             1.65
xdut.topp__t18                         3.01505
xdut.\$12__t10                         1.64999
xdut.topp__t17                         3.01505
xdut.\$32__t27                            1.65
xdut.topp__t270                        3.01505
xdut.\$12__t44                         1.64999
xdut.topp__t87                         3.01505
xdut.\$32__t14                            1.65
xdut.topp__t86                         3.01505
xdut.\$12__t43                         1.64999
xdut.topp__t85                         3.01505
xdut.\$32__t13                            1.65
xdut.topp__t84                         3.01505
xdut.\$12__t42                         1.64999
xdut.topp__t83                         3.01505
xdut.\$32__t12                            1.65
xdut.topp__t82                         3.01505
xdut.\$12__t41                         1.64999
xdut.topp__t81                         3.01505
xdut.\$32__t11                            1.65
xdut.topp__t80                         3.01505
xdut.\$12__t40                         1.64999
xdut.topp__t79                         3.01505
xdut.\$32__t10                            1.65
xdut.topp__t78                         3.01505
xdut.\$12__t47                         1.64999
xdut.topp__t91                         3.01505
xdut.\$32__t9                             1.65
xdut.topp__t76                         3.01505
xdut.\$12__t39                         1.64999
xdut.topp__t75                         3.01505
xdut.\$84__t1                             1.65
xdut.topn__t2                          1.86032
xdut.\$81__t0                             1.65
xdut.topn__t1                          1.86032
xdut.\$84__t62                            1.65
xdut.topn__t501                        1.86032
xdut.\$81__t243                           1.65
xdut.topn__t486                        1.86032
xdut.\$84__t54                            1.65
xdut.topn__t447                        1.86032
xdut.\$81__t225                           1.65
xdut.topn__t448                        1.86032
xdut.\$84__t55                            1.65
xdut.topn__t449                        1.86032
xdut.\$81__t226                           1.65
xdut.topn__t450                        1.86032
xdut.\$84__t56                            1.65
xdut.topn__t451                        1.86032
xdut.\$81__t227                           1.65
xdut.topn__t452                        1.86032
xdut.\$84__t57                            1.65
xdut.topn__t453                        1.86032
xdut.\$81__t128                           1.65
xdut.topn__t260                        1.86032
xdut.\$84__t59                            1.65
xdut.topn__t490                        1.86032
xdut.\$81__t246                           1.65
xdut.topn__t491                        1.86032
xdut.\$84__t60                            1.65
xdut.topn__t492                        1.86032
xdut.\$81__t247                           1.65
xdut.topn__t493                        1.86032
xdut.\$84__t61                            1.65
xdut.topn__t494                        1.86032
xdut.\$81__t255                           1.65
xdut.topn__t510                        1.86032
xdut.\$84__t58                            1.65
xdut.topn__t472                        1.86032
xdut.\$81__t236                           1.65
xdut.topn__t473                        1.86032
xdut.\$84__t16                            1.65
xdut.topn__t181                        1.86032
xdut.\$81__t146                           1.65
xdut.topn__t292                        1.86032
xdut.\$84__t26                            1.65
xdut.topn__t293                        1.86032
xdut.\$81__t147                           1.65
xdut.topn__t294                        1.86032
xdut.\$84__t27                            1.65
xdut.topn__t295                        1.86032
xdut.\$81__t148                           1.65
xdut.topn__t296                        1.86032
xdut.\$84__t28                            1.65
xdut.topn__t297                        1.86032
xdut.\$81__t149                           1.65
xdut.topn__t298                        1.86032
xdut.\$84__t29                            1.65
xdut.topn__t299                        1.86032
xdut.\$81__t150                           1.65
xdut.topn__t300                        1.86032
xdut.\$84__t30                            1.65
xdut.topn__t301                        1.86032
xdut.\$81__t151                           1.65
xdut.topn__t302                        1.86032
xdut.\$40__t0                             1.65
xdut.topp__t1                          3.01505
xdut.\$12__t25                         1.64999
xdut.topp__t47                         3.01505
xdut.\$40__t7                             1.65
xdut.topp__t62                         3.01505
xdut.\$12__t32                         1.64999
xdut.topp__t61                         3.01505
xdut.\$40__t6                             1.65
xdut.topp__t60                         3.01505
xdut.\$12__t31                         1.64999
xdut.topp__t59                         3.01505
xdut.\$40__t5                             1.65
xdut.topp__t58                         3.01505
xdut.\$12__t30                         1.64999
xdut.topp__t57                         3.01505
xdut.\$40__t4                             1.65
xdut.topp__t56                         3.01505
xdut.\$12__t48                         1.64999
xdut.topp__t92                         3.01505
xdut.\$40__t3                             1.65
xdut.topp__t31                         3.01505
xdut.\$12__t9                          1.64999
xdut.topp__t15                         3.01505
xdut.\$40__t2                             1.65
xdut.topp__t14                         3.01505
xdut.\$12__t8                          1.64999
xdut.topp__t13                         3.01505
xdut.\$40__t1                             1.65
xdut.topp__t12                         3.01505
xdut.\$12__t7                          1.64999
xdut.topp__t11                         3.01505
xdut.\$48__t0                             1.65
xdut.topp__t10                         3.01505
xdut.\$12__t6                          1.64999
xdut.topp__t9                          3.01505
xdut.\$48__t8                             1.65
xdut.topp__t268                        3.01505
xdut.\$12__t37                         1.64999
xdut.topp__t72                         3.01505
xdut.\$48__t2                             1.65
xdut.topp__t71                         3.01505
xdut.\$12__t36                         1.64999
xdut.topp__t70                         3.01505
xdut.\$48__t1                             1.65
xdut.topp__t69                         3.01505
xdut.\$12__t35                         1.64999
xdut.topp__t68                         3.01505
xdut.\$56__t1                             1.65
xdut.topp__t67                         3.01505
xdut.\$12__t34                         1.64999
xdut.topp__t66                         3.01505
xdut.\$56__t0                             1.65
xdut.topp__t65                         3.01505
xdut.\$12__t33                         1.64999
xdut.topp__t64                         3.01505
xdut.\$64__t0                             1.65
xdut.topp__t107                        3.01505
xdut.\$12__t60                         1.64999
xdut.topp__t118                        3.01505
xdut.\$72__t0                             1.65
xdut.topp__t117                        3.01505
xdut.\$12__t59                         1.64999
xdut.topp__t116                        3.01505
xdut.\$85__t0                             1.65
xdut.topn__t8                          1.86032
xdut.\$81__t3                             1.65
xdut.topn__t7                          1.86032
xdut.\$85__t25                            1.65
xdut.topn__t462                        1.86032
xdut.\$81__t232                           1.65
xdut.topn__t463                        1.86032
xdut.\$85__t26                            1.65
xdut.topn__t464                        1.86032
xdut.\$81__t248                           1.65
xdut.topn__t495                        1.86032
xdut.\$85__t29                            1.65
xdut.topn__t496                        1.86032
xdut.\$81__t249                           1.65
xdut.topn__t497                        1.86032
xdut.\$85__t30                            1.65
xdut.topn__t498                        1.86032
xdut.\$81__t250                           1.65
xdut.topn__t499                        1.86032
xdut.\$85__t31                            1.65
xdut.topn__t500                        1.86032
xdut.\$81__t129                           1.65
xdut.topn__t261                        1.86032
xdut.\$85__t27                            1.65
xdut.topn__t475                        1.86032
xdut.\$81__t237                           1.65
xdut.topn__t476                        1.86032
xdut.\$85__t28                            1.65
xdut.topn__t477                        1.86032
xdut.\$81__t238                           1.65
xdut.topn__t478                        1.86032
xdut.\$86__t14                            1.65
xdut.topn__t479                        1.86032
xdut.\$81__t239                           1.65
xdut.topn__t480                        1.86032
xdut.\$86__t15                            1.65
xdut.topn__t481                        1.86032
xdut.\$81__t240                           1.65
xdut.topn__t482                        1.86032
xdut.\$86__t6                             1.65
xdut.topn__t182                        1.86032
xdut.\$81__t152                           1.65
xdut.topn__t304                        1.86032
xdut.\$86__t8                             1.65
xdut.topn__t289                        1.86032
xdut.\$81__t119                           1.65
xdut.topn__t242                        1.86032
xdut.\$87__t4                             1.65
xdut.topn__t243                        1.86032
xdut.\$81__t120                           1.65
xdut.topn__t244                        1.86032
xdut.\$87__t5                             1.65
xdut.topn__t245                        1.86032
xdut.\$81__t121                           1.65
xdut.topn__t246                        1.86032
xdut.\$88__t2                             1.65
xdut.topn__t247                        1.86032
xdut.\$81__t122                           1.65
xdut.topn__t248                        1.86032
xdut.\$89__t0                             1.65
xdut.topn__t249                        1.86032
xdut.\$81__t123                           1.65
xdut.topn__t250                        1.86032
xdut.\$100                                 3.3
xdut.vsubs                                   0
xdut.\$102                                 3.3
xdut.\$104                                 3.3
xdut.\$106                                 3.3
xdut.\$108                                 3.3
xdut.\$11                                  3.3
xdut.\$110                                 3.3
xdut.\$112                                 3.3
xdut.\$114                                 3.3
xdut.\$116                                 3.3
xdut.\$118                                 3.3
xdut.\$12                              1.64999
xdut.\$120                                 3.3
xdut.\$122                                 3.3
xdut.\$124                                 3.3
xdut.\$126                                 3.3
xdut.\$127                                 3.3
xdut.\$129                         1.09339e-07
xdut.\$130                                 3.3
xdut.\$132                         1.07835e-07
xdut.\$133                                 3.3
xdut.\$135                         1.06335e-07
xdut.\$136                                 3.3
xdut.\$138                         1.04847e-07
xdut.\$139                                 3.3
xdut.\$141                         1.03469e-07
xdut.\$142                                 3.3
xdut.\$144                         1.03982e-07
xdut.\$145                                 3.3
xdut.\$147                          1.0544e-07
xdut.\$148                                 3.3
xdut.\$150                         1.06935e-07
xdut.\$151                                 3.3
xdut.\$153                         1.08437e-07
xdut.\$157                                 3.3
xdut.\$158                                 3.3
xdut.\$17                                  3.3
xdut.\$19                          1.07854e-07
xdut.\$21                                  3.3
xdut.\$23                                  3.3
xdut.\$24                                 1.65
xdut.\$25                                  3.3
xdut.\$27                          1.06361e-07
xdut.\$29                                  3.3
xdut.\$31                                  3.3
xdut.\$32                                 1.65
xdut.\$33                                  3.3
xdut.\$35                          1.04892e-07
xdut.\$37                                  3.3
xdut.\$39                                  3.3
xdut.\$40                                 1.65
xdut.\$41                                  3.3
xdut.\$43                          1.03602e-07
xdut.\$45                                  3.3
xdut.\$47                                  3.3
xdut.\$48                                 1.65
xdut.\$49                                  3.3
xdut.\$5                                   3.3
xdut.\$51                           1.0406e-07
xdut.\$53                                  3.3
xdut.\$55                                  3.3
xdut.\$56                                 1.65
xdut.\$57                                  3.3
xdut.\$59                          1.05475e-07
xdut.\$61                                  3.3
xdut.\$63                                  3.3
xdut.\$64                                 1.65
xdut.\$65                                  3.3
xdut.\$67                          1.06958e-07
xdut.\$69                                  3.3
xdut.\$7                           1.09354e-07
xdut.\$71                                  3.3
xdut.\$72                                 1.65
xdut.\$73                                  3.3
xdut.\$75                          1.08454e-07
xdut.\$77                                  3.3
xdut.\$79                                  3.3
xdut.\$80                              1.64999
xdut.\$81                                 1.65
xdut.\$83                                 1.65
xdut.\$84                                 1.65
xdut.\$85                                 1.65
xdut.\$86                                 1.65
xdut.\$87                                 1.65
xdut.\$88                                 1.65
xdut.\$89                                 1.65
xdut.\$9                                   3.3
xdut.\$90                                 1.65
xdut.\$92                                  3.3
xdut.\$94                                  3.3
xdut.\$96                                  3.3
xdut.\$98                                  3.3
se_topn                                1.86032
se_topp                                3.01505
se_ibias                              0.563892
xsecmp.xpre.ptail                       2.0026
xsecmp.pon                             2.11366
xsecmp.preamp_in1                      3.01505
xsecmp.pop                                 3.3
xsecmp.preamp_in2                      1.86032
xsecmp.xpre.xrlp.11                        3.3
xsecmp.xpre.xrlp.21                        3.3
xsecmp.xpre.xrln.11                    3.29943
xsecmp.xpre.xrln.21                    2.11424
xsecmp.xlat.ltail                      2.58041
xsecmp.xlat.dip                        3.29999
xsecmp.xlat.din                            3.3
xsecmp.outn                                3.3
xsecmp.outp                                3.3
xsecmp.sset                        1.05744e-07
xsecmp.srst                        1.05744e-07
xsecmp.xno1.ps                         3.02452
se_cmpb                                1.34355
xsecmp.xno2.ps                         3.02452
se_code                                      0
se_dacp                            1.11022e-16
se_dacn                            1.11022e-16
se_di                                  1.64597
se_err                                 152.431
se_aerrh                                     0
bseea#branch                                 0
bsee#branch                                  0
bsedi#branch                                 0
bsedacn#branch                               0
bsedacp#branch                               0
bsecode#branch                               0
lref#branch                        1.86819e-08
v.xsecmp.vpn#branch               -1.74622e-28
v.xsecmp.vpp#branch               -2.92914e-27
vsemode#branch                               0
vsestart#branch                              0
vsevinn#branch                     1.06528e-11
vsevinp#branch                     5.72968e-08
vcms#branch                       -1.66199e-07
vrefs#branch                      -1.86819e-08
vddc#branch                       -0.000719657
vddd#branch                       -6.53508e-08
vddt#branch                                  0
vcmpclkb#branch                              0
vcmpclk#branch                               0
vclk#branch                                  0
a.xsectrl.a_gn#branch_1_0         -6.93889e-18
a.xsectrl.a_gn#branch_1_1                    0
a.xsectrl.a_gn#branch_1_2                    0
a.xsectrl.a_gn#branch_1_3         -6.93889e-18
a.xsectrl.a_gn#branch_1_4                    0
a.xsectrl.a_gn#branch_1_5                    0
a.xsectrl.a_gn#branch_1_6         -6.93889e-18
a.xsectrl.a_gn#branch_1_7                    0
a.xsectrl.a_gn#branch_1_8                    0
a.xsectrl.a_gn#branch_1_9         -6.93889e-18
a.xsectrl.a_gn#branch_1_10                   0
a.xsectrl.a_gn#branch_1_11                   0
a.xsectrl.a_gn#branch_1_12        -6.93889e-18
a.xsectrl.a_gn#branch_1_13                   0
a.xsectrl.a_gn#branch_1_14                   0
a.xsectrl.a_gn#branch_1_15        -6.93889e-18
a.xsectrl.a_gn#branch_1_16                   0
a.xsectrl.a_gn#branch_1_17                   0
a.xsectrl.a_gn#branch_1_18        -6.93889e-18
a.xsectrl.a_gn#branch_1_19                   0
a.xsectrl.a_gn#branch_1_20                   0
a.xsectrl.a_gn#branch_1_21        -6.93889e-18
a.xsectrl.a_gn#branch_1_22                   0
a.xsectrl.a_gn#branch_1_23                   0
a.xsectrl.a_gn#branch_1_24        -6.93889e-18
a.xsectrl.a_gn#branch_1_25                   0
a.xsectrl.a_gn#branch_1_26                   0
a.xsectrl.a_gn#branch_1_27        -6.93889e-18
a.xsectrl.a_gn#branch_1_28                   0
a.xsectrl.a_gn#branch_1_29                   0
a.xsectrl.a_gn#branch_1_30        -6.93889e-18
a.xsectrl.a_gn#branch_1_31                   0
a.xsectrl.a_gn#branch_1_32                   0
a.xsectrl.a_gn#branch_1_33        -6.93889e-18
a.xsectrl.a_gn#branch_1_34                   0
a.xsectrl.a_gn#branch_1_35                   0
a.xsectrl.a_gn#branch_1_36        -6.93889e-18
a.xsectrl.a_gn#branch_1_37                   0
a.xsectrl.a_gn#branch_1_38                   0
a.xsectrl.a_gn#branch_1_39        -6.93889e-18
a.xsectrl.a_gn#branch_1_40                   0
a.xsectrl.a_gn#branch_1_41                   0
a.xsectrl.a_gn#branch_1_42        -6.93889e-18
a.xsectrl.a_gn#branch_1_43                   0
a.xsectrl.a_gn#branch_1_44                   0
a.xsectrl.a_gn#branch_1_45        -6.93889e-18
a.xsectrl.a_gn#branch_1_46                   0
a.xsectrl.a_gn#branch_1_47                   0
a.xsectrl.a_gn#branch_1_48        -6.93889e-18
a.xsectrl.a_gn#branch_1_49                   0
a.xsectrl.a_gn#branch_1_50                   0
a.xsectrl.a_gn#branch_1_51        -6.93889e-18
a.xsectrl.a_gn#branch_1_52                   0
a.xsectrl.a_gn#branch_1_53                   0
a.xsectrl.a_dout#branch_1_0                  0
a.xsectrl.a_dout#branch_1_1                  0
a.xsectrl.a_dout#branch_1_2                  0
a.xsectrl.a_dout#branch_1_3                  0
a.xsectrl.a_dout#branch_1_4                  0
a.xsectrl.a_dout#branch_1_5                  0
a.xsectrl.a_dout#branch_1_6                  0
a.xsectrl.a_dout#branch_1_7                  0
a.xsectrl.a_dout#branch_1_8                  0
a.xsectrl.a_dout#branch_1_9                  0
a.xsectrl.a_dout#branch_1_10                 0
a.xsectrl.a_dout#branch_1_11                 0
a.xsectrl.a_dout#branch_1_12                 0

 Reference value :  0.00000e+00
 Reference value :  2.96917e-09
 Reference value :  3.15374e-08
 Reference value :  8.18700e-08
 Reference value :  1.25030e-07
 Reference value :  1.56383e-07
 Reference value :  1.87752e-07
 Reference value :  2.18802e-07
 Reference value :  2.50134e-07
 Reference value :  2.54137e-07
 Reference value :  2.82172e-07
 Reference value :  3.14784e-07
 Reference value :  3.43952e-07
 Reference value :  3.76583e-07
 Reference value :  4.06336e-07
 Reference value :  4.37815e-07
 Reference value :  4.68750e-07
 Reference value :  5.00123e-07
 Reference value :  5.13704e-07
 Reference value :  5.62530e-07
 Reference value :  5.65194e-07
 Reference value :  5.94868e-07
 Reference value :  6.27551e-07
 Reference value :  6.56753e-07
 Reference value :  6.89928e-07
 Reference value :  7.19039e-07
 Reference value :  7.52273e-07
 Reference value :  7.81453e-07
 Reference value :  8.12702e-07
 Reference value :  8.18441e-07
 Reference value :  8.44858e-07
 Reference value :  8.77442e-07
 Reference value :  9.06344e-07
 Reference value :  9.37846e-07
 Reference value :  9.69171e-07
 Reference value :  1.00231e-06
 Reference value :  1.01631e-06
 Reference value :  1.04248e-06
 Reference value :  1.09383e-06
 Reference value :  1.12520e-06
 Reference value :  1.15672e-06
 Reference value :  1.18977e-06
 Reference value :  1.21895e-06
 Reference value :  1.25025e-06
 Reference value :  1.28127e-06
 Reference value :  1.31262e-06
 Reference value :  1.31556e-06
 Reference value :  1.36887e-06
 Reference value :  1.37782e-06
 Reference value :  1.40812e-06
 Reference value :  1.44002e-06
 Reference value :  1.46923e-06
 Reference value :  1.50233e-06
 Reference value :  1.53139e-06
 Reference value :  1.56320e-06
 Reference value :  1.59383e-06
 Reference value :  1.62536e-06
 Reference value :  1.65632e-06
 Reference value :  1.68770e-06
 Reference value :  1.71876e-06
 Reference value :  1.75011e-06
 Reference value :  1.75327e-06
 Reference value :  1.78186e-06
 Reference value :  1.81477e-06
 Reference value :  1.84393e-06
 Reference value :  1.87521e-06
 Reference value :  1.88020e-06
 Reference value :  1.93751e-06
 Reference value :  1.96883e-06
 Reference value :  2.00035e-06
 Reference value :  2.00312e-06
 Reference value :  2.03172e-06
 Reference value :  2.06339e-06
 Reference value :  2.11094e-06
 Reference value :  2.15637e-06
 Reference value :  2.18786e-06
 Reference value :  2.21889e-06
 Reference value :  2.25025e-06
 Reference value :  2.28126e-06
 Reference value :  2.31251e-06
 Reference value :  2.31515e-06
 Reference value :  2.34502e-06
 Reference value :  2.37760e-06
 Reference value :  2.40706e-06
 Reference value :  2.44003e-06
 Reference value :  2.46913e-06
 Reference value :  2.50231e-06
 Reference value :  2.53138e-06
 Reference value :  2.56310e-06
 Reference value :  2.59383e-06
 Reference value :  2.62564e-06
 Reference value :  2.65638e-06
 Reference value :  2.68820e-06
 Reference value :  2.71895e-06
 Reference value :  2.75229e-06
 Reference value :  2.78152e-06
 Reference value :  2.81278e-06
 Reference value :  2.83805e-06
 Reference value :  2.87143e-06
 Reference value :  2.87764e-06
 Reference value :  2.90671e-06
 Reference value :  2.94684e-06
 Reference value :  3.00003e-06
 Reference value :  3.00265e-06
 Reference value :  3.03133e-06
 Reference value :  3.06263e-06
 Reference value :  3.09400e-06
 Reference value :  3.12564e-06
 Reference value :  3.15723e-06
 Reference value :  3.19007e-06
 Reference value :  3.21942e-06
 Reference value :  3.25292e-06
 Reference value :  3.28158e-06
 Reference value :  3.31296e-06
 Reference value :  3.34380e-06
 Reference value :  3.37520e-06
 Reference value :  3.38375e-06
 Reference value :  3.43756e-06
 Reference value :  3.44197e-06
 Reference value :  3.48770e-06
 Reference value :  3.50262e-06
 Reference value :  3.53202e-06
 Reference value :  3.56503e-06
 Reference value :  3.59430e-06
 Reference value :  3.62746e-06
 Reference value :  3.65658e-06
 Reference value :  3.68978e-06
 Reference value :  3.71895e-06
 Reference value :  3.75060e-06
 Reference value :  3.78131e-06
 Reference value :  3.81253e-06
 Reference value :  3.81509e-06
 Reference value :  3.84413e-06
 Reference value :  3.87727e-06
 Reference value :  3.90636e-06
 Reference value :  3.93769e-06
 Reference value :  3.96888e-06
 Reference value :  4.00046e-06
 Reference value :  4.00314e-06
 Reference value :  4.03171e-06
 Reference value :  4.07744e-06
 Reference value :  4.12254e-06
 Reference value :  4.15634e-06
 Reference value :  4.18770e-06
 Reference value :  4.21880e-06
 Reference value :  4.25013e-06
 Reference value :  4.25435e-06
 Reference value :  4.30126e-06
 Reference value :  4.31518e-06
 Reference value :  4.34502e-06
 Reference value :  4.37747e-06
 Reference value :  4.40646e-06
 Reference value :  4.43782e-06
 Reference value :  4.46875e-06
 Reference value :  4.49882e-06
 Reference value :  4.50258e-06
 Reference value :  4.53167e-06
 Reference value :  4.56487e-06
 Reference value :  4.59398e-06
 Reference value :  4.62752e-06
 Reference value :  4.65702e-06
 Reference value :  4.69010e-06
 Reference value :  4.71961e-06
 Reference value :  4.75255e-06
 Reference value :  4.78162e-06
 Reference value :  4.81479e-06
 Reference value :  4.84410e-06
 Reference value :  4.87734e-06
 Reference value :  4.90639e-06
 Reference value :  4.93828e-06
 Reference value :  4.97194e-06
 Reference value :  5.00253e-06
 Reference value :  5.03132e-06
 Reference value :  5.06270e-06
 Reference value :  5.09414e-06
 Reference value :  5.12844e-06
 Reference value :  5.15705e-06
 Reference value :  5.19006e-06
 Reference value :  5.21967e-06
 Reference value :  5.25296e-06
 Reference value :  5.28163e-06
 Reference value :  5.31304e-06
 Reference value :  5.34385e-06
 Reference value :  5.37554e-06
 Reference value :  5.40632e-06
 Reference value :  5.43760e-06
 Reference value :  5.44084e-06
 Reference value :  5.46932e-06
 Reference value :  5.50227e-06
 Reference value :  5.53136e-06
 Reference value :  5.56296e-06
 Reference value :  5.59381e-06
 Reference value :  5.62536e-06
 Reference value :  5.65630e-06
 Reference value :  5.68769e-06
 Reference value :  5.71689e-06
 Reference value :  5.75010e-06
 Reference value :  5.75316e-06
 Reference value :  5.78197e-06
 Reference value :  5.81477e-06
 Reference value :  5.84386e-06
 Reference value :  5.87519e-06
 Reference value :  5.88291e-06
 Reference value :  5.93224e-06
 Reference value :  5.96880e-06
 Reference value :  6.00020e-06
 Reference value :  6.00297e-06
 Reference value :  6.03151e-06
 Reference value :  6.08143e-06
 Reference value :  6.12503e-06
 Reference value :  6.15642e-06
 Reference value :  6.18807e-06
 Reference value :  6.21887e-06
 Reference value :  6.25046e-06
 Reference value :  6.28130e-06
 Reference value :  6.31270e-06
 Reference value :  6.34191e-06
 Reference value :  6.37510e-06
 Reference value :  6.37840e-06
 Reference value :  6.40672e-06
 Reference value :  6.43857e-06
 Reference value :  6.46883e-06
 Reference value :  6.50028e-06
 Reference value :  6.53125e-06
 Reference value :  6.56265e-06
 Reference value :  6.57122e-06
 Reference value :  6.62510e-06
 Reference value :  6.62863e-06
 Reference value :  6.68750e-06
 Reference value :  6.69026e-06
 Reference value :  6.72813e-06
 Reference value :  6.75258e-06
 Reference value :  6.78180e-06
 Reference value :  6.81478e-06
 Reference value :  6.84385e-06
 Reference value :  6.87532e-06
 Reference value :  6.88607e-06
 Reference value :  6.90701e-06
 Reference value :  6.93906e-06
 Reference value :  6.96923e-06
 Reference value :  7.00128e-06
 Reference value :  7.00390e-06
 Reference value :  7.03152e-06
 Reference value :  7.06268e-06
 Reference value :  7.09385e-06
 Reference value :  7.12511e-06
 Reference value :  7.15676e-06
 Reference value :  7.18771e-06
 Reference value :  7.21877e-06
 Reference value :  7.21955e-06
 Reference value :  7.25271e-06
 Reference value :  7.28136e-06
 Reference value :  7.31262e-06
 Reference value :  7.31510e-06
 Reference value :  7.34389e-06
 Reference value :  7.37500e-06
 Reference value :  7.37751e-06
 Reference value :  7.40640e-06
 Reference value :  7.43769e-06
 Reference value :  7.44017e-06
 Reference value :  7.46896e-06
 Reference value :  7.50035e-06
 Reference value :  7.52888e-06
 Reference value :  7.55524e-06
 Reference value :  7.56496e-06
 Reference value :  7.59388e-06
 Reference value :  7.62536e-06
 Reference value :  7.63105e-06
 Reference value :  7.66011e-06
 Reference value :  7.69002e-06
 Reference value :  7.71888e-06
 Reference value :  7.75021e-06
 Reference value :  7.75870e-06
 Reference value :  7.78229e-06
 Reference value :  7.81477e-06
 Reference value :  7.84383e-06
 Reference value :  7.87510e-06
 Reference value :  7.87771e-06
 Reference value :  7.90648e-06
 Reference value :  7.93815e-06
 Reference value :  7.96923e-06
 Reference value :  8.00128e-06
 Reference value :  8.00305e-06
 Reference value :  8.03147e-06
 Reference value :  8.06270e-06
 Reference value :  8.09395e-06
 Reference value :  8.12521e-06
 Reference value :  8.15661e-06
 Reference value :  8.18761e-06
 Reference value :  8.19026e-06
 Reference value :  8.21922e-06
 Reference value :  8.25017e-06
 Reference value :  8.25319e-06
 Reference value :  8.28167e-06
 Reference value :  8.31311e-06
 Reference value :  8.34381e-06
 Reference value :  8.36490e-06
 Reference value :  8.37750e-06
 Reference value :  8.40638e-06
 Reference value :  8.43768e-06
 Reference value :  8.44020e-06
 Reference value :  8.46919e-06
 Reference value :  8.50139e-06
 Reference value :  8.53131e-06
 Reference value :  8.56263e-06
 Reference value :  8.56563e-06
 Reference value :  8.59524e-06
 Reference value :  8.62734e-06
 Reference value :  8.65635e-06
 Reference value :  8.68786e-06
 Reference value :  8.71876e-06
 Reference value :  8.75003e-06
 Reference value :  8.75273e-06
 Reference value :  8.78162e-06
 Reference value :  8.81356e-06
 Reference value :  8.84384e-06
 Reference value :  8.87510e-06
 Reference value :  8.87760e-06
 Reference value :  8.90642e-06
 Reference value :  8.93761e-06
 Reference value :  8.95711e-06
 Reference value :  9.00000e-06
 Reference value :  9.00252e-06
 Reference value :  9.03129e-06
 Reference value :  9.06260e-06
 Reference value :  9.09385e-06
 Reference value :  9.12518e-06
 Reference value :  9.15636e-06
 Reference value :  9.18770e-06
 Reference value :  9.20180e-06
 Reference value :  9.22928e-06
 Reference value :  9.25287e-06
 Reference value :  9.28138e-06
 Reference value :  9.31294e-06
 Reference value :  9.34378e-06
 Reference value :  9.37262e-06
 Reference value :  9.37753e-06
 Reference value :  9.40657e-06
 Reference value :  9.43977e-06
 Reference value :  9.46885e-06
 Reference value :  9.50017e-06
 Reference value :  9.50429e-06
 Reference value :  9.54564e-06
 Reference value :  9.56506e-06
 Reference value :  9.59436e-06
 Reference value :  9.62746e-06
 Reference value :  9.65679e-06
 Reference value :  9.69004e-06
 Reference value :  9.71929e-06
 Reference value :  9.75244e-06
 Reference value :  9.78162e-06
 Reference value :  9.81495e-06
 Reference value :  9.84412e-06
 Reference value :  9.87731e-06
 Reference value :  9.90635e-06
 Reference value :  9.93794e-06
 Reference value :  9.96931e-06
 Reference value :  1.00024e-05
 Reference value :  1.00313e-05
 Reference value :  1.00627e-05
 Reference value :  1.00941e-05
 Reference value :  1.01344e-05
 Reference value :  1.01706e-05
 Reference value :  1.01902e-05
 Reference value :  1.02253e-05
 Reference value :  1.02530e-05
 Reference value :  1.02821e-05
 Reference value :  1.03150e-05
 Reference value :  1.03439e-05
 Reference value :  1.03753e-05
 Reference value :  1.04045e-05
 Reference value :  1.04376e-05
 Reference value :  1.04497e-05
 Reference value :  1.05001e-05
 Reference value :  1.05036e-05
 Reference value :  1.05392e-05
 Reference value :  1.05651e-05
 Reference value :  1.05944e-05
 Reference value :  1.06275e-05
 Reference value :  1.06566e-05
 Reference value :  1.06899e-05
 Reference value :  1.07190e-05
 Reference value :  1.07521e-05
 Reference value :  1.07815e-05
 Reference value :  1.08136e-05
 Reference value :  1.08438e-05
 Reference value :  1.08752e-05
 Reference value :  1.09025e-05
 Reference value :  1.09198e-05
 Reference value :  1.09688e-05
 Reference value :  1.10001e-05
 Reference value :  1.10027e-05
 Reference value :  1.10315e-05
 Reference value :  1.10630e-05
 Reference value :  1.10945e-05
 Reference value :  1.11563e-05
 Reference value :  1.11855e-05
 Reference value :  1.11903e-05
 Reference value :  1.12196e-05
 Reference value :  1.12527e-05
 Reference value :  1.12814e-05
 Reference value :  1.13130e-05
 Reference value :  1.13438e-05
 Reference value :  1.13751e-05
 Reference value :  1.13776e-05
 Reference value :  1.14064e-05
 Reference value :  1.14381e-05
 Reference value :  1.14687e-05
 Reference value :  1.15001e-05
 Reference value :  1.15026e-05
 Reference value :  1.15315e-05
 Reference value :  1.15631e-05
 Reference value :  1.15938e-05
 Reference value :  1.16251e-05
 Reference value :  1.16276e-05
 Reference value :  1.16565e-05
 Reference value :  1.16881e-05
 Reference value :  1.17188e-05
 Reference value :  1.17502e-05
 Reference value :  1.17576e-05
 Reference value :  1.17950e-05
 Reference value :  1.18151e-05
 Reference value :  1.18441e-05
 Reference value :  1.18761e-05
 Reference value :  1.19063e-05
 Reference value :  1.19183e-05
 Reference value :  1.19688e-05
 Reference value :  1.20000e-05
 Reference value :  1.20026e-05
 Reference value :  1.20313e-05
 Reference value :  1.20323e-05
 Reference value :  1.20800e-05
 Reference value :  1.21105e-05
 Reference value :  1.21563e-05
 Reference value :  1.21675e-05
 Reference value :  1.21900e-05
 Reference value :  1.22189e-05
 Reference value :  1.22362e-05
 Reference value :  1.22528e-05
 Reference value :  1.22813e-05
 Reference value :  1.23126e-05
 Reference value :  1.23151e-05
 Reference value :  1.23439e-05
 Reference value :  1.23752e-05
 Reference value :  1.23777e-05
 Reference value :  1.24065e-05
 Reference value :  1.24381e-05
 Reference value :  1.24586e-05
 Reference value :  1.24705e-05
 Reference value :  1.25017e-05
 Reference value :  1.25313e-05
 Reference value :  1.25626e-05
 Reference value :  1.25652e-05
 Reference value :  1.25943e-05
 Reference value :  1.26274e-05
 Reference value :  1.26564e-05
 Reference value :  1.26898e-05
 Reference value :  1.27189e-05
 Reference value :  1.27505e-05
 Reference value :  1.27813e-05
 Reference value :  1.28127e-05
 Reference value :  1.28330e-05
 Reference value :  1.28459e-05
 Reference value :  1.28775e-05
 Reference value :  1.29066e-05
 Reference value :  1.29400e-05
 Reference value :  1.29839e-05
 Reference value :  1.30025e-05
 Reference value :  1.30229e-05
 Reference value :  1.30317e-05
 Reference value :  1.30639e-05
 Reference value :  1.30956e-05
 Reference value :  1.31563e-05
 Reference value :  1.31626e-05
 Reference value :  1.31899e-05
 Reference value :  1.32189e-05
 Reference value :  1.32502e-05
 Reference value :  1.32530e-05
 Reference value :  1.32814e-05
 Reference value :  1.33127e-05
 Reference value :  1.33157e-05
 Reference value :  1.33439e-05
 Reference value :  1.33752e-05
 Reference value :  1.33776e-05
 Reference value :  1.34064e-05
 Reference value :  1.34314e-05
 Reference value :  1.34401e-05
 Reference value :  1.34691e-05
 Reference value :  1.35004e-05
 Reference value :  1.35313e-05
 Reference value :  1.35626e-05
 Reference value :  1.35661e-05
 Reference value :  1.35960e-05
 Reference value :  1.36275e-05
 Reference value :  1.36565e-05
 Reference value :  1.36898e-05
 Reference value :  1.37189e-05
 Reference value :  1.37506e-05
 Reference value :  1.37813e-05
 Reference value :  1.38127e-05
 Reference value :  1.38438e-05
 Reference value :  1.38751e-05
 Reference value :  1.38785e-05
 Reference value :  1.39067e-05
 Reference value :  1.39386e-05
 Reference value :  1.39718e-05
 Reference value :  1.40025e-05
 Reference value :  1.40313e-05
 Reference value :  1.40613e-05
 Reference value :  1.40938e-05
 Reference value :  1.41255e-05
 Reference value :  1.41572e-05
 Reference value :  1.41901e-05
 Reference value :  1.42195e-05
 Reference value :  1.42529e-05
 Reference value :  1.42816e-05
 Reference value :  1.43130e-05
 Reference value :  1.43438e-05
 Reference value :  1.43651e-05
 Reference value :  1.43776e-05
 Reference value :  1.44066e-05
 Reference value :  1.44381e-05
 Reference value :  1.44688e-05
 Reference value :  1.45003e-05
 Reference value :  1.45313e-05
 Reference value :  1.45627e-05
 Reference value :  1.45938e-05
 Reference value :  1.46252e-05
 Reference value :  1.46534e-05
 Reference value :  1.46877e-05
 Reference value :  1.47006e-05
 Reference value :  1.47500e-05
 Reference value :  1.47528e-05
 Reference value :  1.47839e-05
 Reference value :  1.48150e-05
 Reference value :  1.48441e-05
 Reference value :  1.48754e-05
 Reference value :  1.49063e-05
 Reference value :  1.49376e-05
 Reference value :  1.49688e-05
 Reference value :  1.50004e-05
 Reference value :  1.50034e-05
 Reference value :  1.50318e-05
 Reference value :  1.50719e-05
 Reference value :  1.51088e-05
 Reference value :  1.51563e-05
 Reference value :  1.51876e-05
 Reference value :  1.52098e-05
 Reference value :  1.52242e-05
 Reference value :  1.52530e-05
 Reference value :  1.52816e-05
 Reference value :  1.53130e-05
 Reference value :  1.53438e-05
 Reference value :  1.53752e-05
 Reference value :  1.54045e-05
 Reference value :  1.54375e-05
 Reference value :  1.54403e-05
 Reference value :  1.54693e-05
 Reference value :  1.55025e-05
 Reference value :  1.55314e-05
 Reference value :  1.55631e-05
 Reference value :  1.55938e-05
 Reference value :  1.56252e-05
 Reference value :  1.56406e-05
 Reference value :  1.56876e-05
 Reference value :  1.56908e-05
 Reference value :  1.57347e-05
 Reference value :  1.57526e-05
 Reference value :  1.57818e-05
 Reference value :  1.58149e-05
 Reference value :  1.58441e-05
 Reference value :  1.58773e-05
 Reference value :  1.59064e-05
 Reference value :  1.59377e-05
 Reference value :  1.59689e-05
 Reference value :  1.60007e-05
 Reference value :  1.60062e-05
 Reference value :  1.60320e-05
 Reference value :  1.60938e-05
 Reference value :  1.61251e-05
 Reference value :  1.61565e-05
 Reference value :  1.61879e-05
 Reference value :  1.62188e-05
 Reference value :  1.62502e-05
 Reference value :  1.62570e-05
 Reference value :  1.62829e-05
 Reference value :  1.63149e-05
 Reference value :  1.63440e-05
 Reference value :  1.63764e-05
 Reference value :  1.64063e-05
 Reference value :  1.64376e-05
 Reference value :  1.64404e-05
 Reference value :  1.64693e-05
 Reference value :  1.65024e-05
 Reference value :  1.65314e-05
 Reference value :  1.65629e-05
 Reference value :  1.65815e-05
 Reference value :  1.66251e-05
 Reference value :  1.66285e-05
 Reference value :  1.66875e-05
 Reference value :  1.66903e-05
 Reference value :  1.67196e-05
 Reference value :  1.67525e-05
 Reference value :  1.67816e-05
 Reference value :  1.68136e-05
 Reference value :  1.68439e-05
 Reference value :  1.68753e-05
 Reference value :  1.69063e-05
 Reference value :  1.69375e-05
 Reference value :  1.69688e-05
 Reference value :  1.70003e-05
 Reference value :  1.70030e-05
 Reference value :  1.70317e-05
 Reference value :  1.70631e-05
 Reference value :  1.70993e-05
 Reference value :  1.71563e-05
 Reference value :  1.71877e-05
 Reference value :  1.72188e-05
 Reference value :  1.72502e-05
 Reference value :  1.72693e-05
 Reference value :  1.72882e-05
 Reference value :  1.73150e-05
 Reference value :  1.73441e-05
 Reference value :  1.73773e-05
 Reference value :  1.74065e-05
 Reference value :  1.74377e-05
 Reference value :  1.74489e-05
 Reference value :  1.74796e-05
 Reference value :  1.75025e-05
 Reference value :  1.75316e-05
 Reference value :  1.75649e-05
 Reference value :  1.75939e-05
 Reference value :  1.76273e-05
 Reference value :  1.76564e-05
 Reference value :  1.76882e-05
 Reference value :  1.77188e-05
 Reference value :  1.77505e-05
 Reference value :  1.77813e-05
 Reference value :  1.78127e-05
 Reference value :  1.78166e-05
 Reference value :  1.78544e-05
 Reference value :  1.78776e-05
 Reference value :  1.79067e-05
 Reference value :  1.79510e-05
 Reference value :  1.80001e-05
 Reference value :  1.80029e-05
 Reference value :  1.80315e-05
 Reference value :  1.80629e-05
 Reference value :  1.80944e-05
 Reference value :  1.81563e-05
 Reference value :  1.81877e-05
 Reference value :  1.82188e-05
 Reference value :  1.82502e-05
 Reference value :  1.82581e-05
 Reference value :  1.82993e-05
 Reference value :  1.83151e-05
 Reference value :  1.83447e-05
 Reference value :  1.83776e-05
 Reference value :  1.84081e-05
 Reference value :  1.84400e-05
 Reference value :  1.84693e-05
 Reference value :  1.85025e-05
 Reference value :  1.85315e-05
 Reference value :  1.85649e-05
 Reference value :  1.85940e-05
 Reference value :  1.86275e-05
 Reference value :  1.86567e-05
 Reference value :  1.86900e-05
 Reference value :  1.87192e-05
 Reference value :  1.87524e-05
 Reference value :  1.87814e-05
 Reference value :  1.88127e-05
 Reference value :  1.88438e-05
 Reference value :  1.88528e-05
 Reference value :  1.88775e-05
 Reference value :  1.89066e-05
 Reference value :  1.89510e-05
 Reference value :  1.90001e-05
 Reference value :  1.90029e-05
 Reference value :  1.90315e-05
 Reference value :  1.90629e-05
 Reference value :  1.90942e-05
 Reference value :  1.91563e-05
 Reference value :  1.91875e-05
 Reference value :  1.92078e-05
 Reference value :  1.92316e-05
 Reference value :  1.92530e-05
 Reference value :  1.92817e-05
 Reference value :  1.93148e-05
 Reference value :  1.93439e-05
 Reference value :  1.93773e-05
 Reference value :  1.94065e-05
 Reference value :  1.94398e-05
 Reference value :  1.94689e-05
 Reference value :  1.95014e-05
 Reference value :  1.95314e-05
 Reference value :  1.95631e-05
 Reference value :  1.95938e-05
 Reference value :  1.96256e-05
 Reference value :  1.96564e-05
 Reference value :  1.96898e-05
 Reference value :  1.97189e-05
 Reference value :  1.97523e-05
 Reference value :  1.97814e-05
 Reference value :  1.98131e-05
 Reference value :  1.98439e-05
 Reference value :  1.98751e-05
 Reference value :  1.98847e-05
 Reference value :  1.99272e-05
 Reference value :  1.99688e-05
No. of Data Rows : 48971
e1                  =  1.02035e+00
x1                  =  1.19937e+01 at=  2.28141e-06
cd1                 =  2.00000e+00
e2                  =  9.75159e-01
x2                  =  1.19654e+01 at=  3.28141e-06
cd2                 =  3.00000e+00
e128                =  5.99413e-01
x128                =  8.59632e+00 at=  4.28142e-06
cd128               =  1.28000e+02
e129                =  7.74768e-01
x129                =  8.67423e+00 at=  5.28142e-06
cd129               =  1.30000e+02
e255                =  3.32748e-01
x255                =  5.47736e+00 at=  6.28145e-06
cd255               =  2.55000e+02
e256                =  4.67272e-01
x256                =  5.55977e+00 at=  7.28145e-06
cd256               =  2.56000e+02
e257                =  5.10156e-01
x257                =  5.53766e+00 at=  8.28145e-06
cd257               =  2.57000e+02
e384                =  1.27778e-01
x384                =  2.75951e+00 at=  9.31263e-06
cd384               =  3.84000e+02
e511                =  -1.21454e-01
x511                =  5.19347e+00 at=  1.03751e-05
cd511               =  5.11000e+02
e512                =  -1.61008e-03
x512                =  5.12103e+00 at=  1.13440e-05
cd512               =  5.12000e+02
e513                =  5.70547e-02
x513                =  5.11759e+00 at=  1.23440e-05
cd513               =  5.13000e+02
e640                =  -3.16817e-01
x640                =  2.96216e+00 at=  1.33126e-05
cd640               =  6.40000e+02
e767                =  -5.80785e-01
x767                =  5.66848e+00 at=  1.43126e-05
cd767               =  7.66000e+02
e768                =  -4.45286e-01
x768                =  5.58553e+00 at=  1.53126e-05
cd768               =  7.68000e+02
e769                =  -4.06825e-01
x769                =  5.60689e+00 at=  1.63126e-05
cd769               =  7.68000e+02
e896                =  -8.46360e-01
x896                =  8.44280e+00 at=  1.73126e-05
cd896               =  8.95000e+02
e1022               =  -1.04921e+00
x1022               =  1.12030e+01 at=  1.83126e-05
cd1022              =  1.02100e+03
e1023               =  -9.79112e-01
x1023               =  1.11219e+01 at=  1.93126e-05
cd1023              =  1.02200e+03
vrefhi              =  3.30027e+00 at=  1.73149e-05
vreflo              =  3.29973e+00 at=  1.65699e-05
m_terr_t1_lsb = 1.0203480000e+00
m_decerr_t1_lsb = 1.1993740000e+01
m_code_t1 = 2.0000000000e+00
m_terr_t2_lsb = 9.7515890000e-01
m_decerr_t2_lsb = 1.1965390000e+01
m_code_t2 = 3.0000000000e+00
m_terr_t128_lsb = 5.9941310000e-01
m_decerr_t128_lsb = 8.5963240000e+00
m_code_t128 = 1.2800000000e+02
m_terr_t129_lsb = 7.7476790000e-01
m_decerr_t129_lsb = 8.6742310000e+00
m_code_t129 = 1.3000000000e+02
m_terr_t255_lsb = 3.3274820000e-01
m_decerr_t255_lsb = 5.4773640000e+00
m_code_t255 = 2.5500000000e+02
m_terr_t256_lsb = 4.6727210000e-01
m_decerr_t256_lsb = 5.5597710000e+00
m_code_t256 = 2.5600000000e+02
m_terr_t257_lsb = 5.1015560000e-01
m_decerr_t257_lsb = 5.5376650000e+00
m_code_t257 = 2.5700000000e+02
m_terr_t384_lsb = 1.2777780000e-01
m_decerr_t384_lsb = 2.7595150000e+00
m_code_t384 = 3.8400000000e+02
m_terr_t511_lsb = -1.214542000e-01
m_decerr_t511_lsb = 5.1934690000e+00
m_code_t511 = 5.1100000000e+02
m_terr_t512_lsb = -1.610077000e-03
m_decerr_t512_lsb = 5.1210270000e+00
m_code_t512 = 5.1200000000e+02
m_terr_t513_lsb = 5.7054690000e-02
m_decerr_t513_lsb = 5.1175950000e+00
m_code_t513 = 5.1300000000e+02
m_terr_t640_lsb = -3.168172000e-01
m_decerr_t640_lsb = 2.9621640000e+00
m_code_t640 = 6.4000000000e+02
m_terr_t767_lsb = -5.807848000e-01
m_decerr_t767_lsb = 5.6684840000e+00
m_code_t767 = 7.6600000000e+02
m_terr_t768_lsb = -4.452860000e-01
m_decerr_t768_lsb = 5.5855260000e+00
m_code_t768 = 7.6800000000e+02
m_terr_t769_lsb = -4.068253000e-01
m_decerr_t769_lsb = 5.6068880000e+00
m_code_t769 = 7.6800000000e+02
m_terr_t896_lsb = -8.463595000e-01
m_decerr_t896_lsb = 8.4428020000e+00
m_code_t896 = 8.9500000000e+02
m_terr_t1022_lsb = -1.049207000e+00
m_decerr_t1022_lsb = 1.1203000000e+01
m_code_t1022 = 1.0210000000e+03
m_terr_t1023_lsb = -9.791117000e-01
m_decerr_t1023_lsb = 1.1121920000e+01
m_code_t1023 = 1.0220000000e+03
m_inl_t1_lsb = 0.0000000000e+00
m_inl_t2_lsb = -4.323268151e-02
m_inl_t128_lsb = -1.724697514e-01
m_inl_t129_lsb = 4.8414671233e-03
m_inl_t255_lsb = -1.906695027e-01
m_inl_t256_lsb = -5.418918425e-02
m_inl_t257_lsb = -9.349265753e-03
m_inl_t384_lsb = -1.432619171e-01
m_inl_t511_lsb = -1.440287685e-01
m_inl_t512_lsb = -2.222822700e-02
m_inl_t513_lsb = 3.8392958493e-02
m_inl_t640_lsb = -8.701378288e-02
m_inl_t767_lsb = -1.025162342e-01
m_inl_t768_lsb = 3.4938984247e-02
m_inl_t769_lsb = 7.5356102740e-02
m_inl_t896_lsb = -1.157129486e-01
m_inl_t1022_lsb = -7.205171849e-02
m_inl_t1023_lsb = 0.0000000000e+00
m_dnl_t1_t2_lsb = -4.518910000e-02
m_dnl_t128_t129_lsb = 1.7535480000e-01
m_dnl_t255_t256_lsb = 1.3452390000e-01
m_dnl_t256_t257_lsb = 4.2883500000e-02
m_dnl_t511_t512_lsb = 1.1984412300e-01
m_dnl_t512_t513_lsb = 5.8664767000e-02
m_dnl_t767_t768_lsb = 1.3549880000e-01
m_dnl_t768_t769_lsb = 3.8460700000e-02
m_dnl_t1022_t1023_lsb = 7.0095300000e-02
m_gain_err_lsb = -2.001416118e+00
m_vref_droop_mv = 5.4700000000e-01
Note: Simulation executed from .control section 

