
Note: No compatibility mode selected!


Circuit: * adc-inl-dnl @ ss_125c_3.30v -- generated by sim/harness, do not edit

Reducing trtol to 1 for xspice 'A' devices
Doing analysis at TEMP = 125.000000 and TNOM = 27.000000

Using SPARSE 1.3 as Direct Linear Solver

Initial Transient Solution
--------------------------

Node                                   Voltage
----                                   -------
clk                                          0
cmpclk                                       0
cmpclkb                                    3.3
vddt                                       3.3
vddd                                       3.3
vddc                                       3.3
vrefs                                      3.3
vrefn                                      3.3
vcmn                                      1.65
se_vinp                             0.00402832
se_vinn                                   1.65
se_start                                     0
se_mode                                      0
se_cmp                                 1.38783
se_samp_tp_n                                 0
se_sel_in_n                                  0
se_drdy                                    3.3
se_c9                                        0
se_c8                                        0
se_c7                                        0
se_c6                                        0
se_c5                                        0
se_c4                                        0
se_c3                                        0
se_c2                                        0
se_c1                                        0
se_c0                                        0
se_rel_n_256p                              3.3
se_sel_hi_n_256p                             0
se_sel_lo_n_256p                             0
se_rel_n_128p                              3.3
se_sel_hi_n_128p                             0
se_sel_lo_n_128p                             0
se_rel_n_64p                               3.3
se_sel_hi_n_64p                              0
se_sel_lo_n_64p                              0
se_rel_n_32p                               3.3
se_sel_hi_n_32p                              0
se_sel_lo_n_32p                              0
se_rel_n_16p                               3.3
se_sel_hi_n_16p                              0
se_sel_lo_n_16p                              0
se_rel_n_8p                                3.3
se_sel_hi_n_8p                               0
se_sel_lo_n_8p                               0
se_rel_n_4p                                3.3
se_sel_hi_n_4p                               0
se_sel_lo_n_4p                               0
se_rel_n_2p                                3.3
se_sel_hi_n_2p                               0
se_sel_lo_n_2p                               0
se_rel_n_1p                                3.3
se_sel_hi_n_1p                               0
se_sel_lo_n_1p                               0
se_rel_n_256n                              3.3
se_sel_hi_n_256n                             0
se_sel_lo_n_256n                             0
se_rel_n_128n                              3.3
se_sel_hi_n_128n                             0
se_sel_lo_n_128n                             0
se_rel_n_64n                               3.3
se_sel_hi_n_64n                              0
se_sel_lo_n_64n                              0
se_rel_n_32n                               3.3
se_sel_hi_n_32n                              0
se_sel_lo_n_32n                              0
se_rel_n_16n                               3.3
se_sel_hi_n_16n                              0
se_sel_lo_n_16n                              0
se_rel_n_8n                                3.3
se_sel_hi_n_8n                               0
se_sel_lo_n_8n                               0
se_rel_n_4n                                3.3
se_sel_hi_n_4n                               0
se_sel_lo_n_4n                               0
se_rel_n_2n                                3.3
se_sel_hi_n_2n                               0
se_sel_lo_n_2n                               0
se_rel_n_1n                                3.3
se_sel_hi_n_1n                               0
se_sel_lo_n_1n                               0
se_pinp                             0.00402834
se_pinn                                   1.65
xdut.\$5__t0                               3.3
xdut.sel_in__t0                              0
xdut.vss__t0                       6.14878e-10
xdut.vss__t110                     1.84364e-10
xdut.\$7__t2                       4.14557e-09
xdut.rel_256_p__t2                         3.3
xdut.vss__t46                      2.57023e-10
xdut.vss__t111                     3.58318e-18
xdut.\$9__t2                               3.3
xdut.hi_256_p__t2                            0
xdut.vss__t45                      5.97855e-10
xdut.vss__t112                      1.7926e-10
xdut.\$11__t2                              3.3
xdut.lo_256_p__t2                            0
xdut.vss__t44                      5.89345e-10
xdut.vss__t113                     1.76708e-10
xdut.vinp__t0                       0.00402837
xdut.sel_in__t1                              0
xdut.\$12__t0                             1.65
xdut.vss__t184                      1.2958e-10
xdut.vcm__t27                             1.65
xdut.rel_256_p__t1                         3.3
xdut.\$12__t262                           1.65
xdut.vss__t185                     2.42859e-10
xdut.vref__t21                             3.3
xdut.hi_256_p__t1                            0
xdut.\$12__t261                           1.65
xdut.vss__t186                     3.04414e-10
xdut.vss__t24                      3.74608e-09
xdut.lo_256_p__t1                            0
xdut.\$12__t263                           1.65
xdut.vss__t187                     1.17955e-10
xdut.\$17__t2                              3.3
xdut.sel_in__t50                             0
xdut.vss__t94                       4.7528e-10
xdut.vss__t114                     1.42507e-10
xdut.\$19__t2                      4.08641e-09
xdut.rel_128_p__t2                         3.3
xdut.vss__t109                     1.97862e-10
xdut.vss__t115                     2.68428e-18
xdut.\$21__t2                              3.3
xdut.hi_128_p__t2                            0
xdut.vss__t96                       4.5831e-10
xdut.vss__t116                     1.37419e-10
xdut.\$23__t2                              3.3
xdut.lo_128_p__t2                            0
xdut.vss__t99                      4.49829e-10
xdut.vss__t117                     1.34876e-10
xdut.vinp__t12                      0.00402836
xdut.sel_in__t25                             0
xdut.\$24__t132                           1.65
xdut.vss__t188                     9.83682e-11
xdut.vcm__t30                             1.65
xdut.rel_128_p__t1                         3.3
xdut.\$24__t133                           1.65
xdut.vss__t189                     1.83521e-10
xdut.vref__t23                             3.3
xdut.hi_128_p__t1                            0
xdut.\$24__t134                           1.65
xdut.vss__t190                     2.28951e-10
xdut.vss__t25                      2.80369e-09
xdut.lo_128_p__t1                            0
xdut.\$24__t135                           1.65
xdut.vss__t191                     8.82814e-11
xdut.\$25__t2                              3.3
xdut.sel_in__t52                             0
xdut.vss__t102                     3.36345e-10
xdut.vss__t118                     1.00849e-10
xdut.\$27__t2                      4.02755e-09
xdut.rel_64_p__t2                          3.3
xdut.vss__t103                     1.38999e-10
xdut.vss__t119                     1.83389e-18
xdut.\$29__t2                              3.3
xdut.hi_64_p__t2                             0
xdut.vss__t104                     3.19509e-10
xdut.vss__t120                     9.58011e-11
xdut.\$31__t2                              3.3
xdut.lo_64_p__t2                             0
xdut.vss__t105                     3.11102e-10
xdut.vss__t121                     9.32804e-11
xdut.vinp__t13                      0.00402836
xdut.sel_in__t26                             0
xdut.\$32__t68                            1.65
xdut.vss__t192                     6.72925e-11
xdut.vcm__t31                             1.65
xdut.rel_64_p__t1                          3.3
xdut.\$32__t69                            1.65
xdut.vss__t193                     1.24457e-10
xdut.vref__t32                             3.3
xdut.hi_64_p__t1                             0
xdut.\$32__t71                            1.65
xdut.vss__t194                      1.5386e-10
xdut.vss__t29                      1.86627e-09
xdut.lo_64_p__t1                             0
xdut.\$32__t70                            1.65
xdut.vss__t195                     5.87642e-11
xdut.\$33__t2                              3.3
xdut.sel_in__t46                             0
xdut.vss__t76                       1.9946e-10
xdut.vss__t122                     5.98056e-11
xdut.\$35__t2                      3.96963e-09
xdut.rel_32_p__t2                          3.3
xdut.vss__t75                      8.10821e-11
xdut.vss__t123                     1.04002e-18
xdut.\$37__t2                              3.3
xdut.hi_32_p__t2                             0
xdut.vss__t65                       1.8315e-10
xdut.vss__t124                     5.49154e-11
xdut.\$39__t2                              3.3
xdut.lo_32_p__t2                             0
xdut.vss__t70                      1.75052e-10
xdut.vss__t125                     5.24872e-11
xdut.vinp__t16                      0.00402835
xdut.sel_in__t31                             0
xdut.\$40__t37                            1.65
xdut.vss__t196                     3.66998e-11
xdut.vcm__t35                             1.65
xdut.rel_32_p__t1                          3.3
xdut.\$40__t38                            1.65
xdut.vss__t197                     6.64061e-11
xdut.vref__t30                             3.3
xdut.hi_32_p__t1                             0
xdut.\$40__t39                            1.65
xdut.vss__t198                     8.01935e-11
xdut.vss__t28                      9.48612e-10
xdut.lo_32_p__t1                             0
xdut.\$40__t36                            1.65
xdut.vss__t199                     2.98694e-11
xdut.\$41__t2                              3.3
xdut.sel_in__t45                             0
xdut.vss__t71                      7.65529e-11
xdut.vss__t126                     2.29535e-11
xdut.\$43__t2                      3.91872e-09
xdut.rel_16_p__t2                          3.3
xdut.vss__t72                      3.01751e-11
xdut.vss__t127                     3.77322e-19
xdut.\$45__t2                              3.3
xdut.hi_16_p__t2                             0
xdut.vss__t73                      6.64944e-11
xdut.vss__t128                     1.99376e-11
xdut.\$47__t2                              3.3
xdut.lo_16_p__t2                             0
xdut.vss__t74                      6.26209e-11
xdut.vss__t129                     1.87761e-11
xdut.vinp__t17                      0.00402834
xdut.sel_in__t32                             0
xdut.\$48__t23                            1.65
xdut.vss__t200                     1.14933e-11
xdut.vcm__t33                             1.65
xdut.rel_16_p__t1                          3.3
xdut.\$48__t20                            1.65
xdut.vss__t201                     2.09859e-11
xdut.vref__t29                             3.3
xdut.hi_16_p__t1                             0
xdut.\$48__t21                            1.65
xdut.vss__t202                     2.63254e-11
xdut.vss__t32                      3.33791e-10
xdut.lo_16_p__t1                             0
xdut.\$48__t22                            1.65
xdut.vss__t203                     1.05102e-11
xdut.\$49__t2                              3.3
xdut.sel_in__t38                             0
xdut.vss__t41                      1.06566e-10
xdut.vss__t130                     3.19527e-11
xdut.\$51__t2                      3.93681e-09
xdut.rel_8_p__t2                           3.3
xdut.vss__t67                      4.82633e-11
xdut.vss__t131                     6.09033e-19
xdut.\$53__t2                              3.3
xdut.hi_8_p__t2                              0
xdut.vss__t83                      1.21321e-10
xdut.vss__t132                     3.63768e-11
xdut.\$55__t2                              3.3
xdut.lo_8_p__t2                              0
xdut.vss__t38                      1.28916e-10
xdut.vss__t133                     3.86541e-11
xdut.vinp__t11                      0.00402835
xdut.sel_in__t24                             0
xdut.\$56__t12                            1.65
xdut.vss__t204                     2.97311e-11
xdut.vcm__t26                             1.65
xdut.rel_8_p__t1                           3.3
xdut.\$56__t13                            1.65
xdut.vss__t205                     5.98456e-11
xdut.vref__t20                             3.3
xdut.hi_8_p__t1                              0
xdut.\$56__t14                            1.65
xdut.vss__t206                     8.03671e-11
xdut.vss__t22                      1.05717e-09
xdut.lo_8_p__t1                              0
xdut.\$56__t15                            1.65
xdut.vss__t207                     3.32877e-11
xdut.\$57__t2                              3.3
xdut.sel_in__t51                             0
xdut.vss__t101                     2.37218e-10
xdut.vss__t134                      7.1127e-11
xdut.\$59__t2                      3.99262e-09
xdut.rel_4_p__t2                           3.3
xdut.vss__t100                     1.04071e-10
xdut.vss__t135                     1.35005e-18
xdut.\$61__t2                              3.3
xdut.hi_4_p__t2                              0
xdut.vss__t98                      2.53843e-10
xdut.vss__t136                     7.61118e-11
xdut.\$63__t2                              3.3
xdut.lo_4_p__t2                              0
xdut.vss__t97                      2.62178e-10
xdut.vss__t137                      7.8611e-11
xdut.vinp__t14                      0.00402835
xdut.sel_in__t28                             0
xdut.\$64__t11                            1.65
xdut.vss__t208                       6.002e-11
xdut.vcm__t28                             1.65
xdut.rel_4_p__t1                           3.3
xdut.\$64__t10                            1.65
xdut.vss__t209                     1.17614e-10
xdut.vref__t22                             3.3
xdut.hi_4_p__t1                              0
xdut.\$64__t9                             1.65
xdut.vss__t210                     1.54041e-10
xdut.vss__t23                      1.97951e-09
xdut.lo_4_p__t1                              0
xdut.\$64__t8                             1.65
xdut.vss__t211                     6.23298e-11
xdut.\$65__t2                              3.3
xdut.sel_in__t49                             0
xdut.vss__t93                      3.74977e-10
xdut.vss__t138                     1.12433e-10
xdut.\$67__t2                      4.05107e-09
xdut.rel_2_p__t2                           3.3
xdut.vss__t92                      1.62526e-10
xdut.vss__t139                     2.16852e-18
xdut.\$69__t2                              3.3
xdut.hi_2_p__t2                              0
xdut.vss__t85                      3.91884e-10
xdut.vss__t140                     1.17502e-10
xdut.\$71__t2                              3.3
xdut.lo_2_p__t2                              0
xdut.vss__t84                      4.00344e-10
xdut.vss__t141                     1.20038e-10
xdut.vinp__t10                      0.00402836
xdut.sel_in__t23                             0
xdut.\$72__t6                             1.65
xdut.vss__t212                     9.10357e-11
xdut.vcm__t32                             1.65
xdut.rel_2_p__t1                           3.3
xdut.\$72__t7                             1.65
xdut.vss__t213                     1.76621e-10
xdut.vref__t27                             3.3
xdut.hi_2_p__t1                              0
xdut.\$72__t8                             1.65
xdut.vss__t214                     2.29133e-10
xdut.vss__t30                      2.91787e-09
xdut.lo_2_p__t1                              0
xdut.\$72__t9                             1.65
xdut.vss__t215                     9.18764e-11
xdut.\$73__t2                              3.3
xdut.sel_in__t39                             0
xdut.vss__t48                      5.14163e-10
xdut.vss__t142                     1.54166e-10
xdut.\$75__t2                      4.11009e-09
xdut.rel_1_p__t2                           3.3
xdut.vss__t47                      2.21543e-10
xdut.vss__t143                     3.03876e-18
xdut.\$77__t2                              3.3
xdut.hi_1_p__t2                              0
xdut.vss__t43                      5.31159e-10
xdut.vss__t144                     1.59262e-10
xdut.\$79__t2                              3.3
xdut.lo_1_p__t2                              0
xdut.vss__t42                       5.3966e-10
xdut.vss__t145                     1.61811e-10
xdut.vinp__t15                      0.00402836
xdut.sel_in__t30                             0
xdut.\$80__t8                             1.65
xdut.vss__t216                     1.22226e-10
xdut.vcm__t34                             1.65
xdut.rel_1_p__t1                           3.3
xdut.\$80__t7                             1.65
xdut.vss__t217                     2.35939e-10
xdut.vref__t28                             3.3
xdut.hi_1_p__t1                              0
xdut.\$80__t6                             1.65
xdut.vss__t218                     3.04597e-10
xdut.vss__t21                      3.86058e-09
xdut.lo_1_p__t1                              0
xdut.\$80__t5                             1.65
xdut.vss__t219                      1.2156e-10
xdut.\$127__t2                             3.3
xdut.sel_in__t53                             0
xdut.vss__t107                     6.13569e-10
xdut.vss__t146                     1.83972e-10
xdut.\$129__t2                     4.14501e-09
xdut.rel_256_n__t2                         3.3
xdut.vss__t108                     2.56461e-10
xdut.vss__t147                     3.57443e-18
xdut.\$92__t2                              3.3
xdut.hi_256_n__t2                            0
xdut.vss__t95                      5.96509e-10
xdut.vss__t148                     1.78856e-10
xdut.\$94__t2                              3.3
xdut.lo_256_n__t2                            0
xdut.vss__t55                       5.8798e-10
xdut.vss__t149                     1.76299e-10
xdut.vinn__t13                            1.65
xdut.sel_in__t29                             0
xdut.\$81__t261                           1.65
xdut.vss__t220                      2.4643e-10
xdut.vcm__t41                             1.65
xdut.rel_256_n__t1                         3.3
xdut.\$81__t263                           1.65
xdut.vss__t221                     2.42899e-10
xdut.vref__t26                             3.3
xdut.hi_256_n__t1                            0
xdut.\$81__t260                           1.65
xdut.vss__t222                     3.04465e-10
xdut.vss__t31                      3.74672e-09
xdut.lo_256_n__t1                            0
xdut.\$81__t262                           1.65
xdut.vss__t223                     1.17975e-10
xdut.\$130__t2                             3.3
xdut.sel_in__t43                             0
xdut.vss__t62                      4.73586e-10
xdut.vss__t150                     1.41999e-10
xdut.\$132__t2                     4.08568e-09
xdut.rel_128_n__t2                         3.3
xdut.vss__t63                      1.97131e-10
xdut.vss__t151                     2.67345e-18
xdut.\$96__t2                              3.3
xdut.hi_128_n__t2                            0
xdut.vss__t64                      4.56553e-10
xdut.vss__t152                     1.36892e-10
xdut.\$98__t2                              3.3
xdut.lo_128_n__t2                            0
xdut.vss__t106                     4.48039e-10
xdut.vss__t153                     1.34339e-10
xdut.vinn__t17                            1.65
xdut.sel_in__t36                             0
xdut.\$83__t135                           1.65
xdut.vss__t224                     1.87095e-10
xdut.vcm__t40                             1.65
xdut.rel_128_n__t1                         3.3
xdut.\$83__t134                           1.65
xdut.vss__t225                     1.83573e-10
xdut.vref__t31                             3.3
xdut.hi_128_n__t1                            0
xdut.\$83__t133                           1.65
xdut.vss__t226                     2.29018e-10
xdut.vss__t33                      2.80456e-09
xdut.lo_128_n__t1                            0
xdut.\$83__t132                           1.65
xdut.vss__t227                     8.83085e-11
xdut.\$133__t2                             3.3
xdut.sel_in__t42                             0
xdut.vss__t56                      3.33947e-10
xdut.vss__t154                      1.0013e-10
xdut.\$135__t2                      4.0265e-09
xdut.rel_64_n__t2                          3.3
xdut.vss__t59                      1.37956e-10
xdut.vss__t155                     1.81923e-18
xdut.\$100__t2                             3.3
xdut.hi_64_n__t2                             0
xdut.vss__t60                      3.16984e-10
xdut.vss__t156                     9.50439e-11
xdut.\$102__t2                             3.3
xdut.lo_64_n__t2                             0
xdut.vss__t61                      3.08508e-10
xdut.vss__t157                     9.25026e-11
xdut.vinn__t14                            1.65
xdut.sel_in__t33                             0
xdut.\$84__t71                            1.65
xdut.vss__t228                     1.28029e-10
xdut.vcm__t36                             1.65
xdut.rel_64_n__t1                          3.3
xdut.\$84__t70                            1.65
xdut.vss__t229                     1.24534e-10
xdut.vref__t25                             3.3
xdut.hi_64_n__t1                             0
xdut.\$84__t68                            1.65
xdut.vss__t230                      1.5396e-10
xdut.vss__t26                      1.86757e-09
xdut.lo_64_n__t1                             0
xdut.\$84__t69                            1.65
xdut.vss__t231                      5.8805e-11
xdut.\$136__t2                             3.3
xdut.sel_in__t47                             0
xdut.vss__t77                      1.95389e-10
xdut.vss__t158                     5.85851e-11
xdut.\$138__t2                     3.96783e-09
xdut.rel_32_n__t2                          3.3
xdut.vss__t78                      7.92812e-11
xdut.vss__t159                     1.01602e-18
xdut.\$104__t2                             3.3
xdut.hi_32_n__t2                             0
xdut.vss__t79                      1.78708e-10
xdut.vss__t160                     5.35835e-11
xdut.\$106__t2                             3.3
xdut.lo_32_n__t2                             0
xdut.vss__t80                      1.70399e-10
xdut.vss__t161                     5.10921e-11
xdut.vinn__t12                            1.65
xdut.sel_in__t27                             0
xdut.\$85__t39                            1.65
xdut.vss__t232                     6.99205e-11
xdut.vcm__t29                             1.65
xdut.rel_32_n__t1                          3.3
xdut.\$85__t37                            1.65
xdut.vss__t233                     6.65503e-11
xdut.vref__t24                             3.3
xdut.hi_32_n__t1                             0
xdut.\$85__t38                            1.65
xdut.vss__t234                     8.03866e-11
xdut.vss__t20                      9.51159e-10
xdut.lo_32_n__t1                             0
xdut.\$85__t36                            1.65
xdut.vss__t235                     2.99496e-11
xdut.\$139__t2                             3.3
xdut.sel_in__t44                             0
xdut.vss__t66                      6.52153e-11
xdut.vss__t162                      1.9554e-11
xdut.\$141__t2                     3.91348e-09
xdut.rel_16_n__t2                          3.3
xdut.vss__t81                      2.49349e-11
xdut.vss__t163                     3.10969e-19
xdut.\$108__t2                             3.3
xdut.hi_16_n__t2                             0
xdut.vss__t68                      5.30489e-11
xdut.vss__t164                     1.59061e-11
xdut.\$110__t2                             3.3
xdut.lo_16_n__t2                             0
xdut.vss__t69                      4.81047e-11
xdut.vss__t165                     1.44236e-11
xdut.vinn__t9                             1.65
xdut.sel_in__t20                             0
xdut.\$86__t22                            1.65
xdut.vss__t236                     2.22883e-11
xdut.vcm__t23                             1.65
xdut.rel_16_n__t1                          3.3
xdut.\$86__t20                            1.65
xdut.vss__t237                     2.14378e-11
xdut.vref__t18                             3.3
xdut.hi_16_n__t1                             0
xdut.\$86__t21                            1.65
xdut.vss__t238                     2.69079e-11
xdut.vss__t27                      3.40961e-10
xdut.lo_16_n__t1                             0
xdut.\$86__t23                            1.65
xdut.vss__t239                      1.0736e-11
xdut.\$142__t2                             3.3
xdut.sel_in__t48                             0
xdut.vss__t82                      9.87375e-11
xdut.vss__t166                     2.96053e-11
xdut.\$144__t2                     3.93372e-09
xdut.rel_8_n__t2                           3.3
xdut.vss__t91                      4.51725e-11
xdut.vss__t167                     5.69146e-19
xdut.\$112__t2                             3.3
xdut.hi_8_n__t2                              0
xdut.vss__t90                      1.14506e-10
xdut.vss__t168                     3.43332e-11
xdut.\$114__t2                             3.3
xdut.lo_8_n__t2                              0
xdut.vss__t89                      1.22524e-10
xdut.vss__t169                     3.67374e-11
xdut.vinn__t16                            1.65
xdut.sel_in__t35                             0
xdut.\$87__t15                            1.65
xdut.vss__t240                     5.67019e-11
xdut.vcm__t39                             1.65
xdut.rel_8_n__t1                           3.3
xdut.\$87__t14                            1.65
xdut.vss__t241                     6.00055e-11
xdut.vref__t35                             3.3
xdut.hi_8_n__t1                              0
xdut.\$87__t13                            1.65
xdut.vss__t242                     8.05598e-11
xdut.vss__t36                      1.05946e-09
xdut.lo_8_n__t1                              0
xdut.\$87__t12                            1.65
xdut.vss__t243                     3.33597e-11
xdut.\$145__t2                             3.3
xdut.sel_in__t41                             0
xdut.vss__t54                      2.33805e-10
xdut.vss__t170                     7.01038e-11
xdut.\$147__t2                     3.99122e-09
xdut.rel_4_n__t2                           3.3
xdut.vss__t88                      1.02674e-10
xdut.vss__t171                     1.33102e-18
xdut.\$116__t2                             3.3
xdut.hi_4_n__t2                              0
xdut.vss__t87                      2.50657e-10
xdut.vss__t172                     7.51565e-11
xdut.\$118__t2                             3.3
xdut.lo_4_n__t2                              0
xdut.vss__t86                      2.59095e-10
xdut.vss__t173                     7.76865e-11
xdut.vinn__t10                            1.65
xdut.sel_in__t21                             0
xdut.\$88__t11                            1.65
xdut.vss__t244                      1.1421e-10
xdut.vcm__t25                             1.65
xdut.rel_4_n__t1                           3.3
xdut.\$88__t10                            1.65
xdut.vss__t245                     1.17695e-10
xdut.vref__t19                             3.3
xdut.hi_4_n__t1                              0
xdut.\$88__t9                             1.65
xdut.vss__t246                     1.54141e-10
xdut.vss__t19                      1.98073e-09
xdut.lo_4_n__t1                              0
xdut.\$88__t8                             1.65
xdut.vss__t247                     6.23683e-11
xdut.\$148__t2                             3.3
xdut.sel_in__t37                             0
xdut.vss__t37                      3.72828e-10
xdut.vss__t174                     1.11788e-10
xdut.\$150__t2                     4.05018e-09
xdut.rel_2_n__t2                           3.3
xdut.vss__t53                      1.61635e-10
xdut.vss__t175                     2.15572e-18
xdut.\$120__t2                             3.3
xdut.hi_2_n__t2                              0
xdut.vss__t40                      3.89828e-10
xdut.vss__t176                     1.16885e-10
xdut.\$122__t2                             3.3
xdut.lo_2_n__t2                              0
xdut.vss__t39                      3.98331e-10
xdut.vss__t177                     1.19435e-10
xdut.vinn__t11                            1.65
xdut.sel_in__t22                             0
xdut.\$89__t6                             1.65
xdut.vss__t248                     1.73156e-10
xdut.vcm__t38                             1.65
xdut.rel_2_n__t1                           3.3
xdut.\$89__t9                             1.65
xdut.vss__t249                     1.76675e-10
xdut.vref__t34                             3.3
xdut.hi_2_n__t1                              0
xdut.\$89__t8                             1.65
xdut.vss__t250                     2.29201e-10
xdut.vss__t35                       2.9187e-09
xdut.lo_2_n__t1                              0
xdut.\$89__t7                             1.65
xdut.vss__t251                     9.19025e-11
xdut.\$151__t2                             3.3
xdut.sel_in__t40                             0
xdut.vss__t49                      5.12598e-10
xdut.vss__t178                     1.53696e-10
xdut.\$153__t2                     4.10944e-09
xdut.rel_1_n__t2                           3.3
xdut.vss__t50                       2.2089e-10
xdut.vss__t179                      3.0289e-18
xdut.\$124__t2                             3.3
xdut.hi_1_n__t2                              0
xdut.vss__t51                      5.29644e-10
xdut.vss__t180                     1.58808e-10
xdut.\$126__t2                             3.3
xdut.lo_1_n__t2                              0
xdut.vss__t52                      5.38169e-10
xdut.vss__t181                     1.61363e-10
xdut.vinn__t15                            1.65
xdut.sel_in__t34                             0
xdut.\$90__t8                             1.65
xdut.vss__t252                     2.32449e-10
xdut.vcm__t37                             1.65
xdut.rel_1_n__t1                           3.3
xdut.\$90__t7                             1.65
xdut.vss__t253                      2.3598e-10
xdut.vref__t33                             3.3
xdut.hi_1_n__t1                              0
xdut.\$90__t6                             1.65
xdut.vss__t254                     3.04648e-10
xdut.vss__t34                      3.86121e-09
xdut.lo_1_n__t1                              0
xdut.\$90__t5                             1.65
xdut.vss__t255                      1.2158e-10
xdut.\$157__t2                             3.3
xdut.tp_gn__t4                               0
xdut.vss__t57                      6.85538e-10
xdut.vss__t182                     2.05551e-10
xdut.vcm__t24                             1.65
xdut.tp_gn__t3                               0
xdut.topp__t513                        3.14353
xdut.vss__t256                     3.68139e-10
xdut.\$158__t2                             3.3
xdut.tp_gn__t5                               0
xdut.vss__t58                      7.23774e-10
xdut.vss__t183                     2.17015e-10
xdut.vcm__t22                             1.65
xdut.tp_gn__t2                               0
xdut.topn__t513                        1.86037
xdut.vss__t257                     3.22442e-10
xdut.\$5__t1                               3.3
xdut.sel_in__t2                              0
xdut.vdd__t0                               3.3
xdut.vdd__t1                               3.3
xdut.\$7__t1                       5.12878e-09
xdut.rel_256_p__t0                         3.3
xdut.vdd__t209                             3.3
xdut.vdd__t136                             3.3
xdut.\$9__t1                               3.3
xdut.hi_256_p__t0                            0
xdut.vdd__t208                             3.3
xdut.vdd__t135                             3.3
xdut.\$11__t1                              3.3
xdut.lo_256_p__t0                            0
xdut.vdd__t218                             3.3
xdut.vdd__t145                             3.3
xdut.vinp__t1                       0.00402834
xdut.\$5__t2                               3.3
xdut.\$12__t1                             1.65
xdut.vdd__t2                               3.3
xdut.vcm__t21                             1.65
xdut.\$7__t0                       4.95434e-09
xdut.\$12__t260                           1.65
xdut.vdd__t74                              3.3
xdut.vref__t3                              3.3
xdut.\$9__t0                               3.3
xdut.\$12__t258                           1.65
xdut.vdd__t13                              3.3
xdut.vss__t5                       2.23605e-10
xdut.\$11__t0                              3.3
xdut.\$12__t259                           1.65
xdut.vdd__t22                              3.3
xdut.\$17__t1                              3.3
xdut.sel_in__t19                             0
xdut.vdd__t220                             3.3
xdut.vdd__t147                             3.3
xdut.\$19__t1                      5.06962e-09
xdut.rel_128_p__t0                         3.3
xdut.vdd__t219                             3.3
xdut.vdd__t146                             3.3
xdut.\$21__t1                              3.3
xdut.hi_128_p__t0                            0
xdut.vdd__t206                             3.3
xdut.vdd__t133                             3.3
xdut.\$23__t1                              3.3
xdut.lo_128_p__t0                            0
xdut.vdd__t207                             3.3
xdut.vdd__t134                             3.3
xdut.vinp__t6                       0.00402834
xdut.\$17__t0                              3.3
xdut.\$24__t131                           1.65
xdut.vdd__t43                              3.3
xdut.vcm__t6                              1.65
xdut.\$19__t0                      4.89518e-09
xdut.\$24__t130                           1.65
xdut.vdd__t17                              3.3
xdut.vref__t4                              3.3
xdut.\$21__t0                              3.3
xdut.\$24__t129                           1.65
xdut.vdd__t16                              3.3
xdut.vss__t2                       1.58983e-10
xdut.\$23__t0                              3.3
xdut.\$24__t128                           1.65
xdut.vdd__t15                              3.3
xdut.\$25__t1                              3.3
xdut.sel_in__t16                             0
xdut.vdd__t210                             3.3
xdut.vdd__t137                             3.3
xdut.\$27__t1                      5.01075e-09
xdut.rel_64_p__t0                          3.3
xdut.vdd__t201                             3.3
xdut.vdd__t128                             3.3
xdut.\$29__t1                              3.3
xdut.hi_64_p__t0                             0
xdut.vdd__t217                             3.3
xdut.vdd__t144                             3.3
xdut.\$31__t1                              3.3
xdut.lo_64_p__t0                             0
xdut.vdd__t151                             3.3
xdut.vdd__t78                              3.3
xdut.vinp__t9                       0.00402834
xdut.\$25__t0                              3.3
xdut.\$32__t67                            1.65
xdut.vdd__t75                              3.3
xdut.vcm__t18                             1.65
xdut.\$27__t0                      4.83632e-09
xdut.\$32__t66                            1.65
xdut.vdd__t66                              3.3
xdut.vref__t15                             3.3
xdut.\$29__t0                              3.3
xdut.\$32__t65                            1.65
xdut.vdd__t64                              3.3
xdut.vss__t4                       9.46732e-11
xdut.\$31__t0                              3.3
xdut.\$32__t64                            1.65
xdut.vdd__t19                              3.3
xdut.\$33__t1                              3.3
xdut.sel_in__t4                              0
xdut.vdd__t156                             3.3
xdut.vdd__t83                              3.3
xdut.\$35__t1                      4.95284e-09
xdut.rel_32_p__t0                          3.3
xdut.vdd__t158                             3.3
xdut.vdd__t85                              3.3
xdut.\$37__t1                              3.3
xdut.hi_32_p__t0                             0
xdut.vdd__t160                             3.3
xdut.vdd__t87                              3.3
xdut.\$39__t1                              3.3
xdut.lo_32_p__t0                             0
xdut.vdd__t161                             3.3
xdut.vdd__t88                              3.3
xdut.vinp__t3                       0.00402834
xdut.\$33__t0                              3.3
xdut.\$40__t32                            1.65
xdut.vdd__t11                              3.3
xdut.vcm__t13                             1.65
xdut.\$35__t0                       4.7784e-09
xdut.\$40__t33                            1.65
xdut.vdd__t44                              3.3
xdut.vref__t10                             3.3
xdut.\$37__t0                              3.3
xdut.\$40__t34                            1.65
xdut.vdd__t45                              3.3
xdut.vss__t12                      3.25871e-11
xdut.\$39__t0                              3.3
xdut.\$40__t35                            1.65
xdut.vdd__t46                              3.3
xdut.\$41__t1                              3.3
xdut.sel_in__t18                             0
xdut.vdd__t215                             3.3
xdut.vdd__t142                             3.3
xdut.\$43__t1                      4.90193e-09
xdut.rel_16_p__t0                          3.3
xdut.vdd__t216                             3.3
xdut.vdd__t143                             3.3
xdut.\$45__t1                              3.3
xdut.hi_16_p__t0                             0
xdut.vdd__t154                             3.3
xdut.vdd__t81                              3.3
xdut.\$47__t1                              3.3
xdut.lo_16_p__t0                             0
xdut.vdd__t155                             3.3
xdut.vdd__t82                              3.3
xdut.vinp__t7                       0.00402834
xdut.\$41__t0                              3.3
xdut.\$48__t19                            1.65
xdut.vdd__t47                              3.3
xdut.vcm__t4                              1.65
xdut.\$43__t0                      4.72749e-09
xdut.\$48__t16                            1.65
xdut.vdd__t5                               3.3
xdut.vref__t2                              3.3
xdut.\$45__t0                              3.3
xdut.\$48__t17                            1.65
xdut.vdd__t12                              3.3
xdut.vss__t6                       3.96511e-11
xdut.\$47__t0                              3.3
xdut.\$48__t18                            1.65
xdut.vdd__t23                              3.3
xdut.\$49__t1                              3.3
xdut.sel_in__t14                             0
xdut.vdd__t198                             3.3
xdut.vdd__t125                             3.3
xdut.\$51__t1                      4.92002e-09
xdut.rel_8_p__t0                           3.3
xdut.vdd__t199                             3.3
xdut.vdd__t126                             3.3
xdut.\$53__t1                              3.3
xdut.hi_8_p__t0                              0
xdut.vdd__t191                             3.3
xdut.vdd__t118                             3.3
xdut.\$55__t1                              3.3
xdut.lo_8_p__t0                              0
xdut.vdd__t167                             3.3
xdut.vdd__t94                              3.3
xdut.vinp__t4                       0.00402834
xdut.\$49__t0                              3.3
xdut.\$56__t8                             1.65
xdut.vdd__t14                              3.3
xdut.vcm__t12                             1.65
xdut.\$51__t0                      4.74558e-09
xdut.\$56__t9                             1.65
xdut.vdd__t38                              3.3
xdut.vref__t9                              3.3
xdut.\$53__t0                              3.3
xdut.\$56__t10                            1.65
xdut.vdd__t39                              3.3
xdut.vss__t11                       1.0244e-10
xdut.\$55__t0                              3.3
xdut.\$56__t11                            1.65
xdut.vdd__t40                              3.3
xdut.\$57__t1                              3.3
xdut.sel_in__t11                             0
xdut.vdd__t186                             3.3
xdut.vdd__t113                             3.3
xdut.\$59__t1                      4.97583e-09
xdut.rel_4_p__t0                           3.3
xdut.vdd__t187                             3.3
xdut.vdd__t114                             3.3
xdut.\$61__t1                              3.3
xdut.hi_4_p__t0                              0
xdut.vdd__t188                             3.3
xdut.vdd__t115                             3.3
xdut.\$63__t1                              3.3
xdut.lo_4_p__t0                              0
xdut.vdd__t189                             3.3
xdut.vdd__t116                             3.3
xdut.vinp__t2                       0.00402834
xdut.\$57__t0                              3.3
xdut.\$64__t4                             1.65
xdut.vdd__t7                               3.3
xdut.vcm__t5                              1.65
xdut.\$59__t0                      4.80139e-09
xdut.\$64__t5                             1.65
xdut.vdd__t8                               3.3
xdut.vref__t1                              3.3
xdut.\$61__t0                              3.3
xdut.\$64__t6                             1.65
xdut.vdd__t9                               3.3
xdut.vss__t1                       1.66814e-10
xdut.\$63__t0                              3.3
xdut.\$64__t7                             1.65
xdut.vdd__t10                              3.3
xdut.\$65__t1                              3.3
xdut.sel_in__t10                             0
xdut.vdd__t183                             3.3
xdut.vdd__t110                             3.3
xdut.\$67__t1                      5.03428e-09
xdut.rel_2_p__t0                           3.3
xdut.vdd__t179                             3.3
xdut.vdd__t106                             3.3
xdut.\$69__t1                              3.3
xdut.hi_2_p__t0                              0
xdut.vdd__t180                             3.3
xdut.vdd__t107                             3.3
xdut.\$71__t1                              3.3
xdut.lo_2_p__t0                              0
xdut.vdd__t181                             3.3
xdut.vdd__t108                             3.3
xdut.vinp__t8                       0.00402834
xdut.\$65__t0                              3.3
xdut.\$72__t2                             1.65
xdut.vdd__t48                              3.3
xdut.vcm__t14                             1.65
xdut.\$67__t0                      4.85984e-09
xdut.\$72__t3                             1.65
xdut.vdd__t49                              3.3
xdut.vref__t11                             3.3
xdut.\$69__t0                              3.3
xdut.\$72__t4                             1.65
xdut.vdd__t50                              3.3
xdut.vss__t13                      2.31455e-10
xdut.\$71__t0                              3.3
xdut.\$72__t5                             1.65
xdut.vdd__t51                              3.3
xdut.\$73__t1                              3.3
xdut.sel_in__t9                              0
xdut.vdd__t182                             3.3
xdut.vdd__t109                             3.3
xdut.\$75__t1                       5.0933e-09
xdut.rel_1_p__t0                           3.3
xdut.vdd__t202                             3.3
xdut.vdd__t129                             3.3
xdut.\$77__t1                              3.3
xdut.hi_1_p__t0                              0
xdut.vdd__t168                             3.3
xdut.vdd__t95                              3.3
xdut.\$79__t1                              3.3
xdut.lo_1_p__t0                              0
xdut.vdd__t169                             3.3
xdut.vdd__t96                              3.3
xdut.vinp__t5                       0.00402834
xdut.\$73__t0                              3.3
xdut.\$80__t1                             1.65
xdut.vdd__t20                              3.3
xdut.vcm__t7                              1.65
xdut.\$75__t0                      4.91886e-09
xdut.\$80__t2                             1.65
xdut.vdd__t21                              3.3
xdut.vref__t12                             3.3
xdut.\$77__t0                              3.3
xdut.\$80__t3                             1.65
xdut.vdd__t52                              3.3
xdut.vss__t16                      2.96188e-10
xdut.\$79__t0                              3.3
xdut.\$80__t4                             1.65
xdut.vdd__t63                              3.3
xdut.\$127__t1                             3.3
xdut.sel_in__t17                             0
xdut.vdd__t214                             3.3
xdut.vdd__t141                             3.3
xdut.\$129__t1                     5.12822e-09
xdut.rel_256_n__t0                         3.3
xdut.vdd__t213                             3.3
xdut.vdd__t140                             3.3
xdut.\$92__t1                              3.3
xdut.hi_256_n__t0                            0
xdut.vdd__t212                             3.3
xdut.vdd__t139                             3.3
xdut.\$94__t1                              3.3
xdut.lo_256_n__t0                            0
xdut.vdd__t211                             3.3
xdut.vdd__t138                             3.3
xdut.vinn__t7                             1.65
xdut.\$127__t0                             3.3
xdut.\$81__t256                           1.65
xdut.vdd__t65                              3.3
xdut.vcm__t19                             1.65
xdut.\$129__t0                     4.95378e-09
xdut.\$81__t257                           1.65
xdut.vdd__t67                              3.3
xdut.vref__t16                             3.3
xdut.\$92__t0                              3.3
xdut.\$81__t258                           1.65
xdut.vdd__t68                              3.3
xdut.vss__t17                      2.25014e-10
xdut.\$94__t0                              3.3
xdut.\$81__t259                           1.65
xdut.vdd__t69                              3.3
xdut.\$130__t1                             3.3
xdut.sel_in__t15                             0
xdut.vdd__t205                             3.3
xdut.vdd__t132                             3.3
xdut.\$132__t1                     5.06889e-09
xdut.rel_128_n__t0                         3.3
xdut.vdd__t204                             3.3
xdut.vdd__t131                             3.3
xdut.\$96__t1                              3.3
xdut.hi_128_n__t0                            0
xdut.vdd__t203                             3.3
xdut.vdd__t130                             3.3
xdut.\$98__t1                              3.3
xdut.lo_128_n__t0                            0
xdut.vdd__t221                             3.3
xdut.vdd__t148                             3.3
xdut.vinn__t8                             1.65
xdut.\$130__t0                             3.3
xdut.\$83__t128                           1.65
xdut.vdd__t70                              3.3
xdut.vcm__t20                             1.65
xdut.\$132__t0                     4.89445e-09
xdut.\$83__t129                           1.65
xdut.vdd__t71                              3.3
xdut.vref__t17                             3.3
xdut.\$96__t0                              3.3
xdut.\$83__t130                           1.65
xdut.vdd__t72                              3.3
xdut.vss__t18                      1.60958e-10
xdut.\$98__t0                              3.3
xdut.\$83__t131                           1.65
xdut.vdd__t73                              3.3
xdut.\$133__t1                             3.3
xdut.sel_in__t7                              0
xdut.vdd__t174                             3.3
xdut.vdd__t101                             3.3
xdut.\$135__t1                     5.00971e-09
xdut.rel_64_n__t0                          3.3
xdut.vdd__t153                             3.3
xdut.vdd__t80                              3.3
xdut.\$100__t1                             3.3
xdut.hi_64_n__t0                             0
xdut.vdd__t159                             3.3
xdut.vdd__t86                              3.3
xdut.\$102__t1                             3.3
xdut.lo_64_n__t0                             0
xdut.vdd__t162                             3.3
xdut.vdd__t89                              3.3
xdut.vinn__t6                             1.65
xdut.\$133__t0                             3.3
xdut.\$84__t67                            1.65
xdut.vdd__t61                              3.3
xdut.vcm__t16                             1.65
xdut.\$135__t0                     4.83527e-09
xdut.\$84__t66                            1.65
xdut.vdd__t60                              3.3
xdut.vref__t14                             3.3
xdut.\$100__t0                             3.3
xdut.\$84__t65                            1.65
xdut.vdd__t59                              3.3
xdut.vss__t15                      9.79546e-11
xdut.\$102__t0                             3.3
xdut.\$84__t64                            1.65
xdut.vdd__t58                              3.3
xdut.\$136__t1                             3.3
xdut.sel_in__t3                              0
xdut.vdd__t149                             3.3
xdut.vdd__t76                              3.3
xdut.\$138__t1                     4.95104e-09
xdut.rel_32_n__t0                          3.3
xdut.vdd__t152                             3.3
xdut.vdd__t79                              3.3
xdut.\$104__t1                             3.3
xdut.hi_32_n__t0                             0
xdut.vdd__t150                             3.3
xdut.vdd__t77                              3.3
xdut.\$106__t1                             3.3
xdut.lo_32_n__t0                             0
xdut.vdd__t166                             3.3
xdut.vdd__t93                              3.3
xdut.vinn__t5                             1.65
xdut.\$136__t0                             3.3
xdut.\$85__t35                            1.65
xdut.vdd__t57                              3.3
xdut.vcm__t15                             1.65
xdut.\$138__t0                      4.7766e-09
xdut.\$85__t34                            1.65
xdut.vdd__t56                              3.3
xdut.vref__t13                             3.3
xdut.\$104__t0                             3.3
xdut.\$85__t33                            1.65
xdut.vdd__t55                              3.3
xdut.vss__t14                      4.11583e-11
xdut.\$106__t0                             3.3
xdut.\$85__t32                            1.65
xdut.vdd__t54                              3.3
xdut.\$139__t1                             3.3
xdut.sel_in__t5                              0
xdut.vdd__t165                             3.3
xdut.vdd__t92                              3.3
xdut.\$141__t1                     4.89669e-09
xdut.rel_16_n__t0                          3.3
xdut.vdd__t164                             3.3
xdut.vdd__t91                              3.3
xdut.\$108__t1                             3.3
xdut.hi_16_n__t0                             0
xdut.vdd__t163                             3.3
xdut.vdd__t90                              3.3
xdut.\$110__t1                             3.3
xdut.lo_16_n__t0                             0
xdut.vdd__t157                             3.3
xdut.vdd__t84                              3.3
xdut.vinn__t4                             1.65
xdut.\$139__t0                             3.3
xdut.\$86__t18                            1.65
xdut.vdd__t53                              3.3
xdut.vcm__t17                             1.65
xdut.\$141__t0                     4.72225e-09
xdut.\$86__t19                            1.65
xdut.vdd__t62                              3.3
xdut.vref__t0                              3.3
xdut.\$108__t0                             3.3
xdut.\$86__t16                            1.65
xdut.vdd__t6                               3.3
xdut.vss__t9                       4.69499e-11
xdut.\$110__t0                             3.3
xdut.\$86__t17                            1.65
xdut.vdd__t32                              3.3
xdut.\$142__t1                             3.3
xdut.sel_in__t12                             0
xdut.vdd__t190                             3.3
xdut.vdd__t117                             3.3
xdut.\$144__t1                     4.91693e-09
xdut.rel_8_n__t0                           3.3
xdut.vdd__t200                             3.3
xdut.vdd__t127                             3.3
xdut.\$112__t1                             3.3
xdut.hi_8_n__t0                              0
xdut.vdd__t192                             3.3
xdut.vdd__t119                             3.3
xdut.\$114__t1                             3.3
xdut.lo_8_n__t0                              0
xdut.vdd__t193                             3.3
xdut.vdd__t120                             3.3
xdut.vinn__t2                             1.65
xdut.\$142__t0                             3.3
xdut.\$87__t11                            1.65
xdut.vdd__t41                              3.3
xdut.vcm__t11                             1.65
xdut.\$144__t0                     4.74249e-09
xdut.\$87__t10                            1.65
xdut.vdd__t37                              3.3
xdut.vref__t8                              3.3
xdut.\$112__t0                             3.3
xdut.\$87__t9                             1.65
xdut.vdd__t36                              3.3
xdut.vss__t3                        1.0548e-10
xdut.\$114__t0                             3.3
xdut.\$87__t8                             1.65
xdut.vdd__t18                              3.3
xdut.\$145__t1                             3.3
xdut.sel_in__t13                             0
xdut.vdd__t194                             3.3
xdut.vdd__t121                             3.3
xdut.\$147__t1                     4.97443e-09
xdut.rel_4_n__t0                           3.3
xdut.vdd__t195                             3.3
xdut.vdd__t122                             3.3
xdut.\$116__t1                             3.3
xdut.hi_4_n__t0                              0
xdut.vdd__t196                             3.3
xdut.vdd__t123                             3.3
xdut.\$118__t1                             3.3
xdut.lo_4_n__t0                              0
xdut.vdd__t197                             3.3
xdut.vdd__t124                             3.3
xdut.vinn__t0                             1.65
xdut.\$145__t0                             3.3
xdut.\$88__t4                             1.65
xdut.vdd__t24                              3.3
xdut.vcm__t8                              1.65
xdut.\$147__t0                     4.79999e-09
xdut.\$88__t5                             1.65
xdut.vdd__t25                              3.3
xdut.vref__t5                              3.3
xdut.\$116__t0                             3.3
xdut.\$88__t6                             1.65
xdut.vdd__t26                              3.3
xdut.vss__t7                       1.68698e-10
xdut.\$118__t0                             3.3
xdut.\$88__t7                             1.65
xdut.vdd__t27                              3.3
xdut.\$148__t1                             3.3
xdut.sel_in__t6                              0
xdut.vdd__t170                             3.3
xdut.vdd__t97                              3.3
xdut.\$150__t1                     5.03339e-09
xdut.rel_2_n__t0                           3.3
xdut.vdd__t171                             3.3
xdut.vdd__t98                              3.3
xdut.\$120__t1                             3.3
xdut.hi_2_n__t0                              0
xdut.vdd__t172                             3.3
xdut.vdd__t99                              3.3
xdut.\$122__t1                             3.3
xdut.lo_2_n__t0                              0
xdut.vdd__t173                             3.3
xdut.vdd__t100                             3.3
xdut.vinn__t1                             1.65
xdut.\$148__t0                             3.3
xdut.\$89__t2                             1.65
xdut.vdd__t28                              3.3
xdut.vcm__t9                              1.65
xdut.\$150__t0                     4.85895e-09
xdut.\$89__t3                             1.65
xdut.vdd__t29                              3.3
xdut.vref__t6                              3.3
xdut.\$120__t0                             3.3
xdut.\$89__t4                             1.65
xdut.vdd__t30                              3.3
xdut.vss__t8                       2.32816e-10
xdut.\$122__t0                             3.3
xdut.\$89__t5                             1.65
xdut.vdd__t31                              3.3
xdut.\$151__t1                             3.3
xdut.sel_in__t8                              0
xdut.vdd__t175                             3.3
xdut.vdd__t102                             3.3
xdut.\$153__t1                     5.09264e-09
xdut.rel_1_n__t0                           3.3
xdut.vdd__t176                             3.3
xdut.vdd__t103                             3.3
xdut.\$124__t1                             3.3
xdut.hi_1_n__t0                              0
xdut.vdd__t177                             3.3
xdut.vdd__t104                             3.3
xdut.\$126__t1                             3.3
xdut.lo_1_n__t0                              0
xdut.vdd__t178                             3.3
xdut.vdd__t105                             3.3
xdut.vinn__t3                             1.65
xdut.\$151__t0                             3.3
xdut.\$90__t4                             1.65
xdut.vdd__t42                              3.3
xdut.vcm__t10                             1.65
xdut.\$153__t0                     4.91821e-09
xdut.\$90__t1                             1.65
xdut.vdd__t33                              3.3
xdut.vref__t7                              3.3
xdut.\$124__t0                             3.3
xdut.\$90__t2                             1.65
xdut.vdd__t34                              3.3
xdut.vss__t10                      2.97253e-10
xdut.\$126__t0                             3.3
xdut.\$90__t3                             1.65
xdut.vdd__t35                              3.3
xdut.\$157__t1                             3.3
xdut.tp_gn__t0                               0
xdut.vdd__t184                             3.3
xdut.vdd__t111                             3.3
xdut.vcm__t3                              1.65
xdut.\$157__t0                             3.3
xdut.topp__t512                        3.14353
xdut.vdd__t4                               3.3
xdut.\$158__t1                             3.3
xdut.tp_gn__t1                               0
xdut.vdd__t185                             3.3
xdut.vdd__t112                             3.3
xdut.vcm__t2                              1.65
xdut.\$158__t0                             3.3
xdut.topn__t512                        1.86037
xdut.vdd__t3                               3.3
xdut.\$12__t248                           1.65
xdut.topp__t0                          3.14353
xdut.\$72__t1                             1.65
xdut.topp__t494                        3.14353
xdut.\$12__t247                           1.65
xdut.topp__t493                        3.14353
xdut.\$64__t3                             1.65
xdut.topp__t492                        3.14353
xdut.\$12__t246                           1.65
xdut.topp__t491                        3.14353
xdut.\$56__t7                             1.65
xdut.topp__t490                        3.14353
xdut.\$12__t245                           1.65
xdut.topp__t489                        3.14353
xdut.\$56__t6                             1.65
xdut.topp__t488                        3.14353
xdut.\$12__t244                           1.65
xdut.topp__t487                        3.14353
xdut.\$48__t15                            1.65
xdut.topp__t486                        3.14353
xdut.\$12__t243                           1.65
xdut.topp__t485                        3.14353
xdut.\$48__t14                            1.65
xdut.topp__t484                        3.14353
xdut.\$12__t242                           1.65
xdut.topp__t483                        3.14353
xdut.\$48__t13                            1.65
xdut.topp__t482                        3.14353
xdut.\$12__t249                           1.65
xdut.topp__t496                        3.14353
xdut.\$48__t12                            1.65
xdut.topp__t450                        3.14353
xdut.\$12__t257                           1.65
xdut.topp__t511                        3.14353
xdut.\$40__t30                            1.65
xdut.topp__t495                        3.14353
xdut.\$12__t198                           1.65
xdut.topp__t392                        3.14353
xdut.\$40__t27                            1.65
xdut.topp__t476                        3.14353
xdut.\$12__t233                           1.65
xdut.topp__t462                        3.14353
xdut.\$40__t25                            1.65
xdut.topp__t461                        3.14353
xdut.\$12__t232                           1.65
xdut.topp__t460                        3.14353
xdut.\$40__t24                            1.65
xdut.topp__t459                        3.14353
xdut.\$12__t231                           1.65
xdut.topp__t458                        3.14353
xdut.\$40__t26                            1.65
xdut.topp__t471                        3.14353
xdut.\$12__t256                           1.65
xdut.topp__t510                        3.14353
xdut.\$40__t31                            1.65
xdut.topp__t497                        3.14353
xdut.\$12__t241                           1.65
xdut.topp__t480                        3.14353
xdut.\$40__t29                            1.65
xdut.topp__t479                        3.14353
xdut.\$12__t240                           1.65
xdut.topp__t478                        3.14353
xdut.\$40__t28                            1.65
xdut.topp__t477                        3.14353
xdut.\$81__t252                           1.65
xdut.topn__t506                        1.86037
xdut.\$89__t1                             1.65
xdut.topn__t505                        1.86037
xdut.\$81__t173                           1.65
xdut.topn__t346                        1.86037
xdut.\$88__t3                             1.65
xdut.topn__t345                        1.86037
xdut.\$81__t172                           1.65
xdut.topn__t344                        1.86037
xdut.\$87__t7                             1.65
xdut.topn__t343                        1.86037
xdut.\$81__t171                           1.65
xdut.topn__t342                        1.86037
xdut.\$87__t6                             1.65
xdut.topn__t341                        1.86037
xdut.\$81__t170                           1.65
xdut.topn__t340                        1.86037
xdut.\$86__t9                             1.65
xdut.topn__t339                        1.86037
xdut.\$81__t169                           1.65
xdut.topn__t338                        1.86037
xdut.\$86__t12                            1.65
xdut.topn__t385                        1.86037
xdut.\$81__t199                           1.65
xdut.topn__t400                        1.86037
xdut.\$86__t7                             1.65
xdut.topn__t211                        1.86037
xdut.\$81__t176                           1.65
xdut.topn__t352                        1.86037
xdut.\$86__t10                            1.65
xdut.topn__t351                        1.86037
xdut.\$81__t175                           1.65
xdut.topn__t350                        1.86037
xdut.\$85__t22                            1.65
xdut.topn__t349                        1.86037
xdut.\$81__t174                           1.65
xdut.topn__t348                        1.86037
xdut.\$85__t21                            1.65
xdut.topn__t347                        1.86037
xdut.\$81__t137                           1.65
xdut.topn__t277                        1.86037
xdut.\$85__t15                            1.65
xdut.topn__t214                        1.86037
xdut.\$81__t113                           1.65
xdut.topn__t230                        1.86037
xdut.\$85__t19                            1.65
xdut.topn__t229                        1.86037
xdut.\$81__t112                           1.65
xdut.topn__t228                        1.86037
xdut.\$85__t18                            1.65
xdut.topn__t227                        1.86037
xdut.\$81__t111                           1.65
xdut.topn__t226                        1.86037
xdut.\$85__t20                            1.65
xdut.topn__t241                        1.86037
xdut.\$81__t109                           1.65
xdut.topn__t224                        1.86037
xdut.\$85__t17                            1.65
xdut.topn__t218                        1.86037
xdut.\$81__t105                           1.65
xdut.topn__t216                        1.86037
xdut.\$85__t16                            1.65
xdut.topn__t215                        1.86037
xdut.\$12__t229                           1.65
xdut.topp__t456                        3.14353
xdut.\$32__t50                            1.65
xdut.topp__t455                        3.14353
xdut.\$12__t228                           1.65
xdut.topp__t454                        3.14353
xdut.\$32__t49                            1.65
xdut.topp__t453                        3.14353
xdut.\$12__t227                           1.65
xdut.topp__t452                        3.14353
xdut.\$32__t48                            1.65
xdut.topp__t451                        3.14353
xdut.\$12__t250                           1.65
xdut.topp__t498                        3.14353
xdut.\$32__t58                            1.65
xdut.topp__t499                        3.14353
xdut.\$12__t251                           1.65
xdut.topp__t500                        3.14353
xdut.\$32__t59                            1.65
xdut.topp__t501                        3.14353
xdut.\$12__t252                           1.65
xdut.topp__t502                        3.14353
xdut.\$32__t60                            1.65
xdut.topp__t503                        3.14353
xdut.\$12__t253                           1.65
xdut.topp__t504                        3.14353
xdut.\$32__t61                            1.65
xdut.topp__t505                        3.14353
xdut.\$12__t254                           1.65
xdut.topp__t506                        3.14353
xdut.\$32__t62                            1.65
xdut.topp__t507                        3.14353
xdut.\$12__t255                           1.65
xdut.topp__t508                        3.14353
xdut.\$32__t63                            1.65
xdut.topp__t509                        3.14353
xdut.\$12__t197                           1.65
xdut.topp__t391                        3.14353
xdut.\$32__t56                            1.65
xdut.topp__t475                        3.14353
xdut.\$12__t239                           1.65
xdut.topp__t474                        3.14353
xdut.\$32__t55                            1.65
xdut.topp__t473                        3.14353
xdut.\$12__t238                           1.65
xdut.topp__t472                        3.14353
xdut.\$32__t57                            1.65
xdut.topp__t481                        3.14353
xdut.\$12__t237                           1.65
xdut.topp__t470                        3.14353
xdut.\$32__t54                            1.65
xdut.topp__t469                        3.14353
xdut.\$12__t236                           1.65
xdut.topp__t468                        3.14353
xdut.\$32__t53                            1.65
xdut.topp__t467                        3.14353
xdut.\$12__t235                           1.65
xdut.topp__t466                        3.14353
xdut.\$32__t52                            1.65
xdut.topp__t465                        3.14353
xdut.\$12__t234                           1.65
xdut.topp__t464                        3.14353
xdut.\$32__t51                            1.65
xdut.topp__t463                        3.14353
xdut.\$81__t251                           1.65
xdut.topn__t504                        1.86037
xdut.\$84__t63                            1.65
xdut.topn__t503                        1.86037
xdut.\$81__t103                           1.65
xdut.topn__t210                        1.86037
xdut.\$84__t31                            1.65
xdut.topn__t321                        1.86037
xdut.\$81__t184                           1.65
xdut.topn__t368                        1.86037
xdut.\$84__t38                            1.65
xdut.topn__t367                        1.86037
xdut.\$81__t183                           1.65
xdut.topn__t366                        1.86037
xdut.\$84__t37                            1.65
xdut.topn__t365                        1.86037
xdut.\$81__t182                           1.65
xdut.topn__t364                        1.86037
xdut.\$84__t36                            1.65
xdut.topn__t363                        1.86037
xdut.\$81__t181                           1.65
xdut.topn__t362                        1.86037
xdut.\$84__t35                            1.65
xdut.topn__t361                        1.86037
xdut.\$81__t180                           1.65
xdut.topn__t360                        1.86037
xdut.\$84__t34                            1.65
xdut.topn__t359                        1.86037
xdut.\$81__t179                           1.65
xdut.topn__t358                        1.86037
xdut.\$84__t33                            1.65
xdut.topn__t357                        1.86037
xdut.\$81__t178                           1.65
xdut.topn__t356                        1.86037
xdut.\$84__t32                            1.65
xdut.topn__t355                        1.86037
xdut.\$81__t177                           1.65
xdut.topn__t354                        1.86037
xdut.\$84__t39                            1.65
xdut.topn__t369                        1.86037
xdut.\$81__t136                           1.65
xdut.topn__t276                        1.86037
xdut.\$84__t17                            1.65
xdut.topn__t213                        1.86037
xdut.\$81__t104                           1.65
xdut.topn__t212                        1.86037
xdut.\$84__t25                            1.65
xdut.topn__t239                        1.86037
xdut.\$81__t117                           1.65
xdut.topn__t238                        1.86037
xdut.\$84__t24                            1.65
xdut.topn__t237                        1.86037
xdut.\$81__t116                           1.65
xdut.topn__t236                        1.86037
xdut.\$84__t23                            1.65
xdut.topn__t235                        1.86037
xdut.\$81__t115                           1.65
xdut.topn__t234                        1.86037
xdut.\$84__t22                            1.65
xdut.topn__t233                        1.86037
xdut.\$81__t114                           1.65
xdut.topn__t232                        1.86037
xdut.\$84__t21                            1.65
xdut.topn__t231                        1.86037
xdut.\$12__t168                           1.65
xdut.topp__t335                        3.14353
xdut.\$24__t91                            1.65
xdut.topp__t336                        3.14353
xdut.\$12__t169                           1.65
xdut.topp__t337                        3.14353
xdut.\$24__t92                            1.65
xdut.topp__t338                        3.14353
xdut.\$12__t170                           1.65
xdut.topp__t339                        3.14353
xdut.\$24__t93                            1.65
xdut.topp__t340                        3.14353
xdut.\$12__t171                           1.65
xdut.topp__t341                        3.14353
xdut.\$24__t94                            1.65
xdut.topp__t342                        3.14353
xdut.\$12__t172                           1.65
xdut.topp__t343                        3.14353
xdut.\$24__t95                            1.65
xdut.topp__t344                        3.14353
xdut.\$12__t173                           1.65
xdut.topp__t345                        3.14353
xdut.\$24__t96                            1.65
xdut.topp__t346                        3.14353
xdut.\$12__t174                           1.65
xdut.topp__t347                        3.14353
xdut.\$24__t97                            1.65
xdut.topp__t348                        3.14353
xdut.\$12__t175                           1.65
xdut.topp__t349                        3.14353
xdut.\$24__t106                           1.65
xdut.topp__t366                        3.14353
xdut.\$12__t176                           1.65
xdut.topp__t351                        3.14353
xdut.\$24__t99                            1.65
xdut.topp__t352                        3.14353
xdut.\$12__t177                           1.65
xdut.topp__t353                        3.14353
xdut.\$24__t100                           1.65
xdut.topp__t354                        3.14353
xdut.\$12__t178                           1.65
xdut.topp__t355                        3.14353
xdut.\$24__t101                           1.65
xdut.topp__t356                        3.14353
xdut.\$12__t179                           1.65
xdut.topp__t357                        3.14353
xdut.\$24__t102                           1.65
xdut.topp__t358                        3.14353
xdut.\$12__t180                           1.65
xdut.topp__t359                        3.14353
xdut.\$24__t103                           1.65
xdut.topp__t360                        3.14353
xdut.\$12__t181                           1.65
xdut.topp__t361                        3.14353
xdut.\$24__t104                           1.65
xdut.topp__t362                        3.14353
xdut.\$12__t182                           1.65
xdut.topp__t363                        3.14353
xdut.\$24__t105                           1.65
xdut.topp__t364                        3.14353
xdut.\$12__t183                           1.65
xdut.topp__t365                        3.14353
xdut.\$24__t98                            1.65
xdut.topp__t350                        3.14353
xdut.\$81__t153                           1.65
xdut.topn__t306                        1.86037
xdut.\$83__t81                            1.65
xdut.topn__t307                        1.86037
xdut.\$81__t154                           1.65
xdut.topn__t308                        1.86037
xdut.\$83__t82                            1.65
xdut.topn__t309                        1.86037
xdut.\$81__t155                           1.65
xdut.topn__t310                        1.86037
xdut.\$83__t83                            1.65
xdut.topn__t311                        1.86037
xdut.\$81__t156                           1.65
xdut.topn__t312                        1.86037
xdut.\$83__t84                            1.65
xdut.topn__t313                        1.86037
xdut.\$81__t157                           1.65
xdut.topn__t314                        1.86037
xdut.\$83__t85                            1.65
xdut.topn__t315                        1.86037
xdut.\$81__t158                           1.65
xdut.topn__t316                        1.86037
xdut.\$83__t86                            1.65
xdut.topn__t317                        1.86037
xdut.\$81__t159                           1.65
xdut.topn__t318                        1.86037
xdut.\$83__t87                            1.65
xdut.topn__t319                        1.86037
xdut.\$81__t160                           1.65
xdut.topn__t320                        1.86037
xdut.\$83__t95                            1.65
xdut.topn__t337                        1.86037
xdut.\$81__t161                           1.65
xdut.topn__t322                        1.86037
xdut.\$83__t88                            1.65
xdut.topn__t323                        1.86037
xdut.\$81__t162                           1.65
xdut.topn__t324                        1.86037
xdut.\$83__t89                            1.65
xdut.topn__t325                        1.86037
xdut.\$81__t163                           1.65
xdut.topn__t326                        1.86037
xdut.\$83__t90                            1.65
xdut.topn__t327                        1.86037
xdut.\$81__t164                           1.65
xdut.topn__t328                        1.86037
xdut.\$83__t91                            1.65
xdut.topn__t329                        1.86037
xdut.\$81__t165                           1.65
xdut.topn__t330                        1.86037
xdut.\$83__t92                            1.65
xdut.topn__t331                        1.86037
xdut.\$81__t166                           1.65
xdut.topn__t332                        1.86037
xdut.\$83__t93                            1.65
xdut.topn__t333                        1.86037
xdut.\$81__t167                           1.65
xdut.topn__t334                        1.86037
xdut.\$83__t94                            1.65
xdut.topn__t335                        1.86037
xdut.\$81__t168                           1.65
xdut.topn__t336                        1.86037
xdut.\$83__t96                            1.65
xdut.topn__t353                        1.86037
xdut.\$12__t66                            1.65
xdut.topp__t129                        3.14353
xdut.\$24__t34                            1.65
xdut.topp__t128                        3.14353
xdut.\$12__t67                            1.65
xdut.topp__t131                        3.14353
xdut.\$24__t35                            1.65
xdut.topp__t130                        3.14353
xdut.\$12__t65                            1.65
xdut.topp__t127                        3.14353
xdut.\$24__t33                            1.65
xdut.topp__t126                        3.14353
xdut.\$12__t92                            1.65
xdut.topp__t182                        3.14353
xdut.\$24__t36                            1.65
xdut.topp__t133                        3.14353
xdut.\$12__t68                            1.65
xdut.topp__t132                        3.14353
xdut.\$24__t53                            1.65
xdut.topp__t190                        3.14353
xdut.\$12__t87                            1.65
xdut.topp__t170                        3.14353
xdut.\$24__t42                            1.65
xdut.topp__t164                        3.14353
xdut.\$12__t81                            1.65
xdut.topp__t158                        3.14353
xdut.\$24__t46                            1.65
xdut.topp__t171                        3.14353
xdut.\$12__t84                            1.65
xdut.topp__t163                        3.14353
xdut.\$24__t41                            1.65
xdut.topp__t162                        3.14353
xdut.\$12__t83                            1.65
xdut.topp__t161                        3.14353
xdut.\$24__t40                            1.65
xdut.topp__t160                        3.14353
xdut.\$12__t136                           1.65
xdut.topp__t273                        3.14353
xdut.\$24__t117                           1.65
xdut.topp__t414                        3.14353
xdut.\$12__t199                           1.65
xdut.topp__t394                        3.14353
xdut.\$24__t112                           1.65
xdut.topp__t393                        3.14353
xdut.\$12__t218                           1.65
xdut.topp__t433                        3.14353
xdut.\$24__t126                           1.65
xdut.topp__t445                        3.14353
xdut.\$12__t223                           1.65
xdut.topp__t444                        3.14353
xdut.\$24__t125                           1.65
xdut.topp__t443                        3.14353
xdut.\$12__t194                           1.65
xdut.topp__t386                        3.14353
xdut.\$24__t109                           1.65
xdut.topp__t385                        3.14353
xdut.\$12__t193                           1.65
xdut.topp__t384                        3.14353
xdut.\$24__t108                           1.65
xdut.topp__t383                        3.14353
xdut.\$12__t192                           1.65
xdut.topp__t382                        3.14353
xdut.\$24__t107                           1.65
xdut.topp__t381                        3.14353
xdut.\$81__t202                           1.65
xdut.topn__t406                        1.86037
xdut.\$83__t99                            1.65
xdut.topn__t405                        1.86037
xdut.\$81__t56                            1.65
xdut.topn__t115                        1.86037
xdut.\$83__t29                            1.65
xdut.topn__t87                         1.86037
xdut.\$81__t58                            1.65
xdut.topn__t118                        1.86037
xdut.\$83__t14                            1.65
xdut.topn__t34                         1.86037
xdut.\$81__t51                            1.65
xdut.topn__t106                        1.86037
xdut.\$83__t35                            1.65
xdut.topn__t116                        1.86037
xdut.\$81__t50                            1.65
xdut.topn__t104                        1.86037
xdut.\$83__t36                            1.65
xdut.topn__t135                        1.86037
xdut.\$81__t57                            1.65
xdut.topn__t117                        1.86037
xdut.\$83__t112                           1.65
xdut.topn__t433                        1.86037
xdut.\$81__t11                            1.65
xdut.topn__t23                         1.86037
xdut.\$83__t8                             1.65
xdut.topn__t22                         1.86037
xdut.\$81__t10                            1.65
xdut.topn__t21                         1.86037
xdut.\$83__t10                            1.65
xdut.topn__t27                         1.86037
xdut.\$81__t13                            1.65
xdut.topn__t26                         1.86037
xdut.\$83__t9                             1.65
xdut.topn__t25                         1.86037
xdut.\$81__t12                            1.65
xdut.topn__t24                         1.86037
xdut.\$83__t17                            1.65
xdut.topn__t39                         1.86037
xdut.\$81__t185                           1.65
xdut.topn__t370                        1.86037
xdut.\$83__t19                            1.65
xdut.topn__t43                         1.86037
xdut.\$81__t20                            1.65
xdut.topn__t42                         1.86037
xdut.\$83__t18                            1.65
xdut.topn__t41                         1.86037
xdut.\$81__t19                            1.65
xdut.topn__t40                         1.86037
xdut.\$83__t37                            1.65
xdut.topn__t136                        1.86037
xdut.\$81__t84                            1.65
xdut.topn__t170                        1.86037
xdut.\$83__t43                            1.65
xdut.topn__t169                        1.86037
xdut.\$81__t83                            1.65
xdut.topn__t168                        1.86037
xdut.\$83__t22                            1.65
xdut.topn__t57                         1.86037
xdut.\$81__t26                            1.65
xdut.topn__t56                         1.86037
xdut.\$83__t20                            1.65
xdut.topn__t44                         1.86037
xdut.\$24__t0                             1.65
xdut.topp__t181                        3.14353
xdut.\$12__t91                            1.65
xdut.topp__t180                        3.14353
xdut.\$24__t51                            1.65
xdut.topp__t179                        3.14353
xdut.\$12__t90                            1.65
xdut.topp__t178                        3.14353
xdut.\$24__t50                            1.65
xdut.topp__t177                        3.14353
xdut.\$12__t89                            1.65
xdut.topp__t176                        3.14353
xdut.\$24__t49                            1.65
xdut.topp__t175                        3.14353
xdut.\$12__t88                            1.65
xdut.topp__t174                        3.14353
xdut.\$24__t48                            1.65
xdut.topp__t173                        3.14353
xdut.\$12__t94                            1.65
xdut.topp__t186                        3.14353
xdut.\$24__t39                            1.65
xdut.topp__t157                        3.14353
xdut.\$12__t80                            1.65
xdut.topp__t156                        3.14353
xdut.\$24__t38                            1.65
xdut.topp__t155                        3.14353
xdut.\$12__t79                            1.65
xdut.topp__t154                        3.14353
xdut.\$24__t43                            1.65
xdut.topp__t165                        3.14353
xdut.\$12__t82                            1.65
xdut.topp__t159                        3.14353
xdut.\$24__t52                            1.65
xdut.topp__t183                        3.14353
xdut.\$12__t85                            1.65
xdut.topp__t166                        3.14353
xdut.\$24__t90                            1.65
xdut.topp__t308                        3.14353
xdut.\$12__t208                           1.65
xdut.topp__t415                        3.14353
xdut.\$24__t124                           1.65
xdut.topp__t442                        3.14353
xdut.\$12__t222                           1.65
xdut.topp__t441                        3.14353
xdut.\$24__t123                           1.65
xdut.topp__t440                        3.14353
xdut.\$12__t191                           1.65
xdut.topp__t380                        3.14353
xdut.\$24__t111                           1.65
xdut.topp__t390                        3.14353
xdut.\$12__t190                           1.65
xdut.topp__t379                        3.14353
xdut.\$24__t122                           1.65
xdut.topp__t426                        3.14353
xdut.\$12__t214                           1.65
xdut.topp__t425                        3.14353
xdut.\$24__t121                           1.65
xdut.topp__t424                        3.14353
xdut.\$12__t213                           1.65
xdut.topp__t423                        3.14353
xdut.\$24__t120                           1.65
xdut.topp__t422                        3.14353
xdut.\$12__t212                           1.65
xdut.topp__t421                        3.14353
xdut.\$83__t113                           1.65
xdut.topn__t444                        1.86037
xdut.\$81__t203                           1.65
xdut.topn__t407                        1.86037
xdut.\$83__t34                            1.65
xdut.topn__t114                        1.86037
xdut.\$81__t55                            1.65
xdut.topn__t113                        1.86037
xdut.\$83__t33                            1.65
xdut.topn__t112                        1.86037
xdut.\$81__t54                            1.65
xdut.topn__t111                        1.86037
xdut.\$83__t32                            1.65
xdut.topn__t110                        1.86037
xdut.\$81__t53                            1.65
xdut.topn__t109                        1.86037
xdut.\$83__t31                            1.65
xdut.topn__t108                        1.86037
xdut.\$81__t52                            1.65
xdut.topn__t107                        1.86037
xdut.\$83__t30                            1.65
xdut.topn__t105                        1.86037
xdut.\$81__t217                           1.65
xdut.topn__t434                        1.86037
xdut.\$83__t7                             1.65
xdut.topn__t20                         1.86037
xdut.\$81__t9                             1.65
xdut.topn__t19                         1.86037
xdut.\$83__t6                             1.65
xdut.topn__t18                         1.86037
xdut.\$81__t4                             1.65
xdut.topn__t9                          1.86037
xdut.\$83__t21                            1.65
xdut.topn__t55                         1.86037
xdut.\$81__t33                            1.65
xdut.topn__t70                         1.86037
xdut.\$83__t28                            1.65
xdut.topn__t69                         1.86037
xdut.\$81__t14                            1.65
xdut.topn__t28                         1.86037
xdut.\$83__t97                            1.65
xdut.topn__t371                        1.86037
xdut.\$81__t82                            1.65
xdut.topn__t167                        1.86037
xdut.\$83__t42                            1.65
xdut.topn__t166                        1.86037
xdut.\$81__t81                            1.65
xdut.topn__t165                        1.86037
xdut.\$83__t41                            1.65
xdut.topn__t164                        1.86037
xdut.\$81__t80                            1.65
xdut.topn__t163                        1.86037
xdut.\$83__t40                            1.65
xdut.topn__t141                        1.86037
xdut.\$81__t86                            1.65
xdut.topn__t174                        1.86037
xdut.\$83__t44                            1.65
xdut.topn__t175                        1.86037
xdut.\$81__t28                            1.65
xdut.topn__t60                         1.86037
xdut.\$83__t23                            1.65
xdut.topn__t59                         1.86037
xdut.\$81__t27                            1.65
xdut.topn__t58                         1.86037
xdut.\$24__t47                            1.65
xdut.topp__t172                        3.14353
xdut.\$12__t69                            1.65
xdut.topp__t134                        3.14353
xdut.\$24__t32                            1.65
xdut.topp__t125                        3.14353
xdut.\$12__t64                            1.65
xdut.topp__t124                        3.14353
xdut.\$24__t31                            1.65
xdut.topp__t123                        3.14353
xdut.\$12__t63                            1.65
xdut.topp__t122                        3.14353
xdut.\$24__t30                            1.65
xdut.topp__t121                        3.14353
xdut.\$12__t62                            1.65
xdut.topp__t120                        3.14353
xdut.\$24__t44                            1.65
xdut.topp__t167                        3.14353
xdut.\$12__t95                            1.65
xdut.topp__t187                        3.14353
xdut.\$24__t45                            1.65
xdut.topp__t169                        3.14353
xdut.\$12__t86                            1.65
xdut.topp__t168                        3.14353
xdut.\$24__t37                            1.65
xdut.topp__t153                        3.14353
xdut.\$12__t78                            1.65
xdut.topp__t152                        3.14353
xdut.\$24__t119                           1.65
xdut.topp__t419                        3.14353
xdut.\$12__t230                           1.65
xdut.topp__t457                        3.14353
xdut.\$24__t118                           1.65
xdut.topp__t418                        3.14353
xdut.\$12__t210                           1.65
xdut.topp__t417                        3.14353
xdut.\$24__t74                            1.65
xdut.topp__t271                        3.14353
xdut.\$12__t225                           1.65
xdut.topp__t448                        3.14353
xdut.\$24__t127                           1.65
xdut.topp__t447                        3.14353
xdut.\$12__t224                           1.65
xdut.topp__t446                        3.14353
xdut.\$24__t115                           1.65
xdut.topp__t400                        3.14353
xdut.\$12__t202                           1.65
xdut.topp__t399                        3.14353
xdut.\$24__t114                           1.65
xdut.topp__t398                        3.14353
xdut.\$12__t201                           1.65
xdut.topp__t397                        3.14353
xdut.\$24__t113                           1.65
xdut.topp__t396                        3.14353
xdut.\$12__t200                           1.65
xdut.topp__t395                        3.14353
xdut.\$24__t116                           1.65
xdut.topp__t406                        3.14353
xdut.\$12__t196                           1.65
xdut.topp__t389                        3.14353
xdut.\$24__t110                           1.65
xdut.topp__t388                        3.14353
xdut.\$12__t195                           1.65
xdut.topp__t387                        3.14353
xdut.\$83__t100                           1.65
xdut.topn__t409                        1.86037
xdut.\$81__t204                           1.65
xdut.topn__t408                        1.86037
xdut.\$83__t16                            1.65
xdut.topn__t38                         1.86037
xdut.\$81__t18                            1.65
xdut.topn__t37                         1.86037
xdut.\$83__t15                            1.65
xdut.topn__t36                         1.86037
xdut.\$81__t17                            1.65
xdut.topn__t35                         1.86037
xdut.\$83__t13                            1.65
xdut.topn__t33                         1.86037
xdut.\$81__t16                            1.65
xdut.topn__t32                         1.86037
xdut.\$83__t12                            1.65
xdut.topn__t31                         1.86037
xdut.\$81__t15                            1.65
xdut.topn__t30                         1.86037
xdut.\$83__t11                            1.65
xdut.topn__t29                         1.86037
xdut.\$81__t218                           1.65
xdut.topn__t435                        1.86037
xdut.\$83__t5                             1.65
xdut.topn__t17                         1.86037
xdut.\$81__t8                             1.65
xdut.topn__t16                         1.86037
xdut.\$83__t4                             1.65
xdut.topn__t15                         1.86037
xdut.\$81__t7                             1.65
xdut.topn__t14                         1.86037
xdut.\$83__t3                             1.65
xdut.topn__t13                         1.86037
xdut.\$81__t6                             1.65
xdut.topn__t12                         1.86037
xdut.\$83__t2                             1.65
xdut.topn__t11                         1.86037
xdut.\$81__t5                             1.65
xdut.topn__t10                         1.86037
xdut.\$83__t98                            1.65
xdut.topn__t372                        1.86037
xdut.\$81__t87                            1.65
xdut.topn__t176                        1.86037
xdut.\$83__t45                            1.65
xdut.topn__t177                        1.86037
xdut.\$81__t88                            1.65
xdut.topn__t178                        1.86037
xdut.\$83__t27                            1.65
xdut.topn__t68                         1.86037
xdut.\$81__t32                            1.65
xdut.topn__t67                         1.86037
xdut.\$83__t26                            1.65
xdut.topn__t66                         1.86037
xdut.\$81__t31                            1.65
xdut.topn__t65                         1.86037
xdut.\$83__t25                            1.65
xdut.topn__t64                         1.86037
xdut.\$81__t30                            1.65
xdut.topn__t63                         1.86037
xdut.\$83__t24                            1.65
xdut.topn__t62                         1.86037
xdut.\$81__t29                            1.65
xdut.topn__t61                         1.86037
xdut.\$32__t19                            1.65
xdut.topp__t147                        3.14353
xdut.\$12__t75                            1.65
xdut.topp__t146                        3.14353
xdut.\$32__t18                            1.65
xdut.topp__t145                        3.14353
xdut.\$12__t74                            1.65
xdut.topp__t144                        3.14353
xdut.\$32__t17                            1.65
xdut.topp__t143                        3.14353
xdut.\$12__t73                            1.65
xdut.topp__t142                        3.14353
xdut.\$32__t16                            1.65
xdut.topp__t141                        3.14353
xdut.\$12__t72                            1.65
xdut.topp__t140                        3.14353
xdut.\$32__t15                            1.65
xdut.topp__t139                        3.14353
xdut.\$12__t96                            1.65
xdut.topp__t188                        3.14353
xdut.\$32__t22                            1.65
xdut.topp__t228                        3.14353
xdut.\$12__t118                           1.65
xdut.topp__t231                        3.14353
xdut.\$32__t23                            1.65
xdut.topp__t234                        3.14353
xdut.\$12__t116                           1.65
xdut.topp__t229                        3.14353
xdut.\$32__t21                            1.65
xdut.topp__t227                        3.14353
xdut.\$12__t115                           1.65
xdut.topp__t226                        3.14353
xdut.\$32__t20                            1.65
xdut.topp__t185                        3.14353
xdut.\$12__t93                            1.65
xdut.topp__t184                        3.14353
xdut.\$32__t28                            1.65
xdut.topp__t277                        3.14353
xdut.\$12__t221                           1.65
xdut.topp__t439                        3.14353
xdut.\$32__t47                            1.65
xdut.topp__t438                        3.14353
xdut.\$12__t220                           1.65
xdut.topp__t437                        3.14353
xdut.\$32__t46                            1.65
xdut.topp__t436                        3.14353
xdut.\$12__t219                           1.65
xdut.topp__t435                        3.14353
xdut.\$32__t45                            1.65
xdut.topp__t434                        3.14353
xdut.\$12__t226                           1.65
xdut.topp__t449                        3.14353
xdut.\$32__t44                            1.65
xdut.topp__t432                        3.14353
xdut.\$12__t217                           1.65
xdut.topp__t431                        3.14353
xdut.\$32__t43                            1.65
xdut.topp__t430                        3.14353
xdut.\$12__t216                           1.65
xdut.topp__t429                        3.14353
xdut.\$32__t42                            1.65
xdut.topp__t428                        3.14353
xdut.\$12__t215                           1.65
xdut.topp__t427                        3.14353
xdut.\$84__t53                            1.65
xdut.topn__t446                        1.86037
xdut.\$81__t224                           1.65
xdut.topn__t445                        1.86037
xdut.\$84__t4                             1.65
xdut.topn__t77                         1.86037
xdut.\$81__t37                            1.65
xdut.topn__t76                         1.86037
xdut.\$84__t3                             1.65
xdut.topn__t75                         1.86037
xdut.\$81__t36                            1.65
xdut.topn__t74                         1.86037
xdut.\$84__t2                             1.65
xdut.topn__t73                         1.86037
xdut.\$81__t35                            1.65
xdut.topn__t72                         1.86037
xdut.\$84__t8                             1.65
xdut.topn__t119                        1.86037
xdut.\$81__t66                            1.65
xdut.topn__t134                        1.86037
xdut.\$84__t9                             1.65
xdut.topn__t133                        1.86037
xdut.\$81__t219                           1.65
xdut.topn__t436                        1.86037
xdut.\$84__t0                             1.65
xdut.topn__t0                          1.86037
xdut.\$81__t48                            1.65
xdut.topn__t102                        1.86037
xdut.\$84__t7                             1.65
xdut.topn__t101                        1.86037
xdut.\$81__t47                            1.65
xdut.topn__t100                        1.86037
xdut.\$84__t6                             1.65
xdut.topn__t99                         1.86037
xdut.\$81__t46                            1.65
xdut.topn__t98                         1.86037
xdut.\$84__t5                             1.65
xdut.topn__t97                         1.86037
xdut.\$81__t45                            1.65
xdut.topn__t96                         1.86037
xdut.\$84__t40                            1.65
xdut.topn__t373                        1.86037
xdut.\$81__t79                            1.65
xdut.topn__t162                        1.86037
xdut.\$84__t14                            1.65
xdut.topn__t161                        1.86037
xdut.\$81__t78                            1.65
xdut.topn__t160                        1.86037
xdut.\$84__t13                            1.65
xdut.topn__t159                        1.86037
xdut.\$81__t77                            1.65
xdut.topn__t158                        1.86037
xdut.\$84__t12                            1.65
xdut.topn__t147                        1.86037
xdut.\$81__t71                            1.65
xdut.topn__t146                        1.86037
xdut.\$84__t11                            1.65
xdut.topn__t145                        1.86037
xdut.\$81__t70                            1.65
xdut.topn__t144                        1.86037
xdut.\$84__t10                            1.65
xdut.topn__t143                        1.86037
xdut.\$81__t69                            1.65
xdut.topn__t142                        1.86037
xdut.\$40__t10                            1.65
xdut.topp__t199                        3.14353
xdut.\$12__t77                            1.65
xdut.topp__t150                        3.14353
xdut.\$40__t9                             1.65
xdut.topp__t149                        3.14353
xdut.\$12__t76                            1.65
xdut.topp__t148                        3.14353
xdut.\$40__t8                             1.65
xdut.topp__t138                        3.14353
xdut.\$12__t111                           1.65
xdut.topp__t220                        3.14353
xdut.\$40__t12                            1.65
xdut.topp__t219                        3.14353
xdut.\$12__t110                           1.65
xdut.topp__t218                        3.14353
xdut.\$40__t11                            1.65
xdut.topp__t217                        3.14353
xdut.\$12__t97                            1.65
xdut.topp__t189                        3.14353
xdut.\$40__t13                            1.65
xdut.topp__t233                        3.14353
xdut.\$12__t119                           1.65
xdut.topp__t232                        3.14353
xdut.\$40__t16                            1.65
xdut.topp__t247                        3.14353
xdut.\$12__t117                           1.65
xdut.topp__t230                        3.14353
xdut.\$40__t15                            1.65
xdut.topp__t246                        3.14353
xdut.\$12__t125                           1.65
xdut.topp__t245                        3.14353
xdut.\$48__t7                             1.65
xdut.topp__t244                        3.14353
xdut.\$12__t124                           1.65
xdut.topp__t243                        3.14353
xdut.\$48__t9                             1.65
xdut.topp__t274                        3.14353
xdut.\$12__t189                           1.65
xdut.topp__t378                        3.14353
xdut.\$48__t11                            1.65
xdut.topp__t377                        3.14353
xdut.\$12__t188                           1.65
xdut.topp__t376                        3.14353
xdut.\$48__t10                            1.65
xdut.topp__t375                        3.14353
xdut.\$12__t187                           1.65
xdut.topp__t374                        3.14353
xdut.\$56__t5                             1.65
xdut.topp__t373                        3.14353
xdut.\$12__t186                           1.65
xdut.topp__t372                        3.14353
xdut.\$56__t4                             1.65
xdut.topp__t371                        3.14353
xdut.\$12__t185                           1.65
xdut.topp__t370                        3.14353
xdut.\$64__t2                             1.65
xdut.topp__t369                        3.14353
xdut.\$12__t184                           1.65
xdut.topp__t368                        3.14353
xdut.\$80__t0                             1.65
xdut.topp__t367                        3.14353
xdut.\$12__t209                           1.65
xdut.topp__t416                        3.14353
xdut.\$85__t24                            1.65
xdut.topn__t443                        1.86037
xdut.\$81__t223                           1.65
xdut.topn__t442                        1.86037
xdut.\$85__t8                             1.65
xdut.topn__t123                        1.86037
xdut.\$81__t60                            1.65
xdut.topn__t122                        1.86037
xdut.\$85__t7                             1.65
xdut.topn__t121                        1.86037
xdut.\$81__t59                            1.65
xdut.topn__t120                        1.86037
xdut.\$85__t3                             1.65
xdut.topn__t82                         1.86037
xdut.\$81__t39                            1.65
xdut.topn__t81                         1.86037
xdut.\$85__t2                             1.65
xdut.topn__t80                         1.86037
xdut.\$81__t38                            1.65
xdut.topn__t79                         1.86037
xdut.\$85__t1                             1.65
xdut.topn__t78                         1.86037
xdut.\$81__t220                           1.65
xdut.topn__t437                        1.86037
xdut.\$85__t5                             1.65
xdut.topn__t94                         1.86037
xdut.\$81__t44                            1.65
xdut.topn__t93                         1.86037
xdut.\$85__t4                             1.65
xdut.topn__t92                         1.86037
xdut.\$81__t43                            1.65
xdut.topn__t91                         1.86037
xdut.\$86__t4                             1.65
xdut.topn__t90                         1.86037
xdut.\$81__t42                            1.65
xdut.topn__t89                         1.86037
xdut.\$86__t3                             1.65
xdut.topn__t88                         1.86037
xdut.\$81__t49                            1.65
xdut.topn__t103                        1.86037
xdut.\$86__t11                            1.65
xdut.topn__t374                        1.86037
xdut.\$81__t34                            1.65
xdut.topn__t71                         1.86037
xdut.\$86__t0                             1.65
xdut.topn__t54                         1.86037
xdut.\$81__t25                            1.65
xdut.topn__t53                         1.86037
xdut.\$87__t1                             1.65
xdut.topn__t52                         1.86037
xdut.\$81__t24                            1.65
xdut.topn__t51                         1.86037
xdut.\$87__t0                             1.65
xdut.topn__t50                         1.86037
xdut.\$81__t23                            1.65
xdut.topn__t49                         1.86037
xdut.\$88__t0                             1.65
xdut.topn__t48                         1.86037
xdut.\$81__t22                            1.65
xdut.topn__t47                         1.86037
xdut.\$90__t0                             1.65
xdut.topn__t46                         1.86037
xdut.\$81__t21                            1.65
xdut.topn__t45                         1.86037
xdut.\$12__t112                           1.65
xdut.topp__t222                        3.14353
xdut.vcm__t0                              1.65
xdut.topp__t221                        3.14353
xdut.\$12__t109                           1.65
xdut.topp__t216                        3.14353
xdut.\$64__t1                             1.65
xdut.topp__t137                        3.14353
xdut.\$12__t71                            1.65
xdut.topp__t136                        3.14353
xdut.\$56__t2                             1.65
xdut.topp__t151                        3.14353
xdut.\$12__t114                           1.65
xdut.topp__t225                        3.14353
xdut.\$56__t3                             1.65
xdut.topp__t224                        3.14353
xdut.\$12__t113                           1.65
xdut.topp__t223                        3.14353
xdut.\$48__t3                             1.65
xdut.topp__t191                        3.14353
xdut.\$12__t123                           1.65
xdut.topp__t242                        3.14353
xdut.\$48__t6                             1.65
xdut.topp__t241                        3.14353
xdut.\$12__t122                           1.65
xdut.topp__t240                        3.14353
xdut.\$48__t5                             1.65
xdut.topp__t239                        3.14353
xdut.\$12__t121                           1.65
xdut.topp__t238                        3.14353
xdut.\$48__t4                             1.65
xdut.topp__t237                        3.14353
xdut.\$12__t120                           1.65
xdut.topp__t236                        3.14353
xdut.\$40__t14                            1.65
xdut.topp__t235                        3.14353
xdut.\$12__t135                           1.65
xdut.topp__t269                        3.14353
xdut.\$40__t23                            1.65
xdut.topp__t413                        3.14353
xdut.\$12__t207                           1.65
xdut.topp__t412                        3.14353
xdut.\$40__t22                            1.65
xdut.topp__t411                        3.14353
xdut.\$12__t206                           1.65
xdut.topp__t410                        3.14353
xdut.\$40__t21                            1.65
xdut.topp__t409                        3.14353
xdut.\$12__t205                           1.65
xdut.topp__t408                        3.14353
xdut.\$40__t20                            1.65
xdut.topp__t407                        3.14353
xdut.\$12__t211                           1.65
xdut.topp__t420                        3.14353
xdut.\$40__t19                            1.65
xdut.topp__t405                        3.14353
xdut.\$12__t204                           1.65
xdut.topp__t404                        3.14353
xdut.\$40__t18                            1.65
xdut.topp__t403                        3.14353
xdut.\$12__t203                           1.65
xdut.topp__t402                        3.14353
xdut.\$40__t17                            1.65
xdut.topp__t401                        3.14353
xdut.\$81__t222                           1.65
xdut.topn__t441                        1.86037
xdut.vcm__t1                              1.65
xdut.topn__t440                        1.86037
xdut.\$81__t65                            1.65
xdut.topn__t132                        1.86037
xdut.\$88__t1                             1.65
xdut.topn__t131                        1.86037
xdut.\$81__t64                            1.65
xdut.topn__t130                        1.86037
xdut.\$87__t3                             1.65
xdut.topn__t129                        1.86037
xdut.\$81__t63                            1.65
xdut.topn__t128                        1.86037
xdut.\$87__t2                             1.65
xdut.topn__t127                        1.86037
xdut.\$81__t62                            1.65
xdut.topn__t126                        1.86037
xdut.\$86__t5                             1.65
xdut.topn__t125                        1.86037
xdut.\$81__t61                            1.65
xdut.topn__t124                        1.86037
xdut.\$86__t13                            1.65
xdut.topn__t438                        1.86037
xdut.\$81__t41                            1.65
xdut.topn__t85                         1.86037
xdut.\$86__t1                             1.65
xdut.topn__t84                         1.86037
xdut.\$81__t40                            1.65
xdut.topn__t83                         1.86037
xdut.\$86__t2                             1.65
xdut.topn__t86                         1.86037
xdut.\$81__t212                           1.65
xdut.topn__t423                        1.86037
xdut.\$85__t23                            1.65
xdut.topn__t402                        1.86037
xdut.\$81__t200                           1.65
xdut.topn__t403                        1.86037
xdut.\$85__t6                             1.65
xdut.topn__t95                         1.86037
xdut.\$81__t186                           1.65
xdut.topn__t375                        1.86037
xdut.\$85__t13                            1.65
xdut.topn__t157                        1.86037
xdut.\$81__t76                            1.65
xdut.topn__t156                        1.86037
xdut.\$85__t14                            1.65
xdut.topn__t171                        1.86037
xdut.\$81__t75                            1.65
xdut.topn__t155                        1.86037
xdut.\$85__t12                            1.65
xdut.topn__t154                        1.86037
xdut.\$81__t74                            1.65
xdut.topn__t153                        1.86037
xdut.\$85__t11                            1.65
xdut.topn__t152                        1.86037
xdut.\$81__t73                            1.65
xdut.topn__t151                        1.86037
xdut.\$85__t10                            1.65
xdut.topn__t150                        1.86037
xdut.\$81__t72                            1.65
xdut.topn__t149                        1.86037
xdut.\$85__t9                             1.65
xdut.topn__t148                        1.86037
xdut.\$12__t134                           1.65
xdut.topp__t267                        3.14353
xdut.\$32__t26                            1.65
xdut.topp__t266                        3.14353
xdut.\$12__t133                           1.65
xdut.topp__t265                        3.14353
xdut.\$32__t25                            1.65
xdut.topp__t264                        3.14353
xdut.\$12__t139                           1.65
xdut.topp__t279                        3.14353
xdut.\$32__t24                            1.65
xdut.topp__t263                        3.14353
xdut.\$12__t161                           1.65
xdut.topp__t322                        3.14353
xdut.\$32__t36                            1.65
xdut.topp__t323                        3.14353
xdut.\$12__t162                           1.65
xdut.topp__t324                        3.14353
xdut.\$32__t41                            1.65
xdut.topp__t334                        3.14353
xdut.\$12__t164                           1.65
xdut.topp__t326                        3.14353
xdut.\$32__t37                            1.65
xdut.topp__t327                        3.14353
xdut.\$12__t165                           1.65
xdut.topp__t328                        3.14353
xdut.\$32__t38                            1.65
xdut.topp__t329                        3.14353
xdut.\$12__t166                           1.65
xdut.topp__t330                        3.14353
xdut.\$32__t39                            1.65
xdut.topp__t331                        3.14353
xdut.\$12__t167                           1.65
xdut.topp__t332                        3.14353
xdut.\$32__t40                            1.65
xdut.topp__t333                        3.14353
xdut.\$12__t163                           1.65
xdut.topp__t325                        3.14353
xdut.\$32__t35                            1.65
xdut.topp__t321                        3.14353
xdut.\$12__t160                           1.65
xdut.topp__t320                        3.14353
xdut.\$32__t34                            1.65
xdut.topp__t319                        3.14353
xdut.\$12__t159                           1.65
xdut.topp__t318                        3.14353
xdut.\$32__t33                            1.65
xdut.topp__t317                        3.14353
xdut.\$12__t158                           1.65
xdut.topp__t316                        3.14353
xdut.\$32__t32                            1.65
xdut.topp__t315                        3.14353
xdut.\$12__t157                           1.65
xdut.topp__t314                        3.14353
xdut.\$32__t31                            1.65
xdut.topp__t313                        3.14353
xdut.\$12__t156                           1.65
xdut.topp__t312                        3.14353
xdut.\$32__t30                            1.65
xdut.topp__t311                        3.14353
xdut.\$12__t155                           1.65
xdut.topp__t310                        3.14353
xdut.\$32__t29                            1.65
xdut.topp__t309                        3.14353
xdut.\$81__t85                            1.65
xdut.topn__t173                        1.86037
xdut.\$84__t15                            1.65
xdut.topn__t172                        1.86037
xdut.\$81__t187                           1.65
xdut.topn__t376                        1.86037
xdut.\$84__t41                            1.65
xdut.topn__t377                        1.86037
xdut.\$81__t188                           1.65
xdut.topn__t378                        1.86037
xdut.\$84__t42                            1.65
xdut.topn__t379                        1.86037
xdut.\$81__t189                           1.65
xdut.topn__t380                        1.86037
xdut.\$84__t43                            1.65
xdut.topn__t381                        1.86037
xdut.\$81__t190                           1.65
xdut.topn__t382                        1.86037
xdut.\$84__t44                            1.65
xdut.topn__t383                        1.86037
xdut.\$81__t191                           1.65
xdut.topn__t384                        1.86037
xdut.\$84__t52                            1.65
xdut.topn__t401                        1.86037
xdut.\$81__t192                           1.65
xdut.topn__t386                        1.86037
xdut.\$84__t45                            1.65
xdut.topn__t387                        1.86037
xdut.\$81__t193                           1.65
xdut.topn__t388                        1.86037
xdut.\$84__t46                            1.65
xdut.topn__t389                        1.86037
xdut.\$81__t194                           1.65
xdut.topn__t390                        1.86037
xdut.\$84__t47                            1.65
xdut.topn__t391                        1.86037
xdut.\$81__t195                           1.65
xdut.topn__t392                        1.86037
xdut.\$84__t48                            1.65
xdut.topn__t393                        1.86037
xdut.\$81__t196                           1.65
xdut.topn__t394                        1.86037
xdut.\$84__t49                            1.65
xdut.topn__t395                        1.86037
xdut.\$81__t197                           1.65
xdut.topn__t396                        1.86037
xdut.\$84__t50                            1.65
xdut.topn__t397                        1.86037
xdut.\$81__t198                           1.65
xdut.topn__t398                        1.86037
xdut.\$84__t51                            1.65
xdut.topn__t399                        1.86037
xdut.\$81__t106                           1.65
xdut.topn__t217                        1.86037
xdut.\$84__t18                            1.65
xdut.topn__t219                        1.86037
xdut.\$81__t107                           1.65
xdut.topn__t220                        1.86037
xdut.\$84__t19                            1.65
xdut.topn__t221                        1.86037
xdut.\$81__t108                           1.65
xdut.topn__t222                        1.86037
xdut.\$84__t20                            1.65
xdut.topn__t223                        1.86037
xdut.\$12__t19                            1.65
xdut.topp__t36                         3.14353
xdut.\$24__t63                            1.65
xdut.topp__t210                        3.14353
xdut.\$12__t105                           1.65
xdut.topp__t209                        3.14353
xdut.\$24__t62                            1.65
xdut.topp__t208                        3.14353
xdut.\$12__t22                            1.65
xdut.topp__t41                         3.14353
xdut.\$24__t10                            1.65
xdut.topp__t40                         3.14353
xdut.\$12__t21                            1.65
xdut.topp__t39                         3.14353
xdut.\$24__t9                             1.65
xdut.topp__t38                         3.14353
xdut.\$12__t20                            1.65
xdut.topp__t37                         3.14353
xdut.\$24__t26                            1.65
xdut.topp__t110                        3.14353
xdut.\$12__t104                           1.65
xdut.topp__t207                        3.14353
xdut.\$24__t61                            1.65
xdut.topp__t205                        3.14353
xdut.\$12__t102                           1.65
xdut.topp__t204                        3.14353
xdut.\$24__t60                            1.65
xdut.topp__t203                        3.14353
xdut.\$12__t103                           1.65
xdut.topp__t206                        3.14353
xdut.\$24__t58                            1.65
xdut.topp__t201                        3.14353
xdut.\$12__t101                           1.65
xdut.topp__t200                        3.14353
xdut.\$24__t54                            1.65
xdut.topp__t193                        3.14353
xdut.\$12__t138                           1.65
xdut.topp__t278                        3.14353
xdut.\$24__t27                            1.65
xdut.topp__t112                        3.14353
xdut.\$12__t132                           1.65
xdut.topp__t262                        3.14353
xdut.\$24__t89                            1.65
xdut.topp__t307                        3.14353
xdut.\$12__t147                           1.65
xdut.topp__t293                        3.14353
xdut.\$24__t82                            1.65
xdut.topp__t292                        3.14353
xdut.\$12__t146                           1.65
xdut.topp__t291                        3.14353
xdut.\$24__t17                            1.65
xdut.topp__t89                         3.14353
xdut.\$12__t45                            1.65
xdut.topp__t88                         3.14353
xdut.\$24__t15                            1.65
xdut.topp__t74                         3.14353
xdut.\$12__t38                            1.65
xdut.topp__t73                         3.14353
xdut.\$24__t29                            1.65
xdut.topp__t115                        3.14353
xdut.\$12__t58                            1.65
xdut.topp__t114                        3.14353
xdut.\$24__t28                            1.65
xdut.topp__t113                        3.14353
xdut.\$81__t2                             1.65
xdut.topn__t6                          1.86037
xdut.\$83__t1                             1.65
xdut.topn__t5                          1.86037
xdut.\$81__t233                           1.65
xdut.topn__t465                        1.86037
xdut.\$83__t118                           1.65
xdut.topn__t466                        1.86037
xdut.\$81__t234                           1.65
xdut.topn__t467                        1.86037
xdut.\$83__t119                           1.65
xdut.topn__t468                        1.86037
xdut.\$81__t235                           1.65
xdut.topn__t469                        1.86037
xdut.\$83__t120                           1.65
xdut.topn__t470                        1.86037
xdut.\$81__t206                           1.65
xdut.topn__t412                        1.86037
xdut.\$83__t101                           1.65
xdut.topn__t410                        1.86037
xdut.\$81__t205                           1.65
xdut.topn__t411                        1.86037
xdut.\$83__t72                            1.65
xdut.topn__t273                        1.86037
xdut.\$81__t216                           1.65
xdut.topn__t431                        1.86037
xdut.\$83__t111                           1.65
xdut.topn__t432                        1.86037
xdut.\$81__t221                           1.65
xdut.topn__t439                        1.86037
xdut.\$83__t107                           1.65
xdut.topn__t424                        1.86037
xdut.\$81__t213                           1.65
xdut.topn__t425                        1.86037
xdut.\$83__t108                           1.65
xdut.topn__t426                        1.86037
xdut.\$81__t214                           1.65
xdut.topn__t427                        1.86037
xdut.\$83__t109                           1.65
xdut.topn__t428                        1.86037
xdut.\$81__t118                           1.65
xdut.topn__t240                        1.86037
xdut.\$83__t51                            1.65
xdut.topn__t189                        1.86037
xdut.\$81__t97                            1.65
xdut.topn__t201                        1.86037
xdut.\$83__t74                            1.65
xdut.topn__t279                        1.86037
xdut.\$81__t145                           1.65
xdut.topn__t291                        1.86037
xdut.\$83__t79                            1.65
xdut.topn__t303                        1.86037
xdut.\$81__t89                            1.65
xdut.topn__t183                        1.86037
xdut.\$83__t48                            1.65
xdut.topn__t184                        1.86037
xdut.\$81__t90                            1.65
xdut.topn__t185                        1.86037
xdut.\$83__t49                            1.65
xdut.topn__t186                        1.86037
xdut.\$81__t91                            1.65
xdut.topn__t187                        1.86037
xdut.\$83__t50                            1.65
xdut.topn__t188                        1.86037
xdut.\$12__t18                            1.65
xdut.topp__t35                         3.14353
xdut.\$24__t8                             1.65
xdut.topp__t34                         3.14353
xdut.\$12__t17                            1.65
xdut.topp__t33                         3.14353
xdut.\$24__t7                             1.65
xdut.topp__t32                         3.14353
xdut.\$12__t70                            1.65
xdut.topp__t135                        3.14353
xdut.\$24__t65                            1.65
xdut.topp__t214                        3.14353
xdut.\$12__t107                           1.65
xdut.topp__t213                        3.14353
xdut.\$24__t64                            1.65
xdut.topp__t212                        3.14353
xdut.\$12__t106                           1.65
xdut.topp__t211                        3.14353
xdut.\$24__t6                             1.65
xdut.topp__t29                         3.14353
xdut.\$12__t108                           1.65
xdut.topp__t215                        3.14353
xdut.\$24__t57                            1.65
xdut.topp__t198                        3.14353
xdut.\$12__t100                           1.65
xdut.topp__t197                        3.14353
xdut.\$24__t56                            1.65
xdut.topp__t196                        3.14353
xdut.\$12__t99                            1.65
xdut.topp__t195                        3.14353
xdut.\$24__t55                            1.65
xdut.topp__t194                        3.14353
xdut.\$12__t98                            1.65
xdut.topp__t192                        3.14353
xdut.\$24__t59                            1.65
xdut.topp__t202                        3.14353
xdut.\$12__t137                           1.65
xdut.topp__t276                        3.14353
xdut.\$24__t73                            1.65
xdut.topp__t261                        3.14353
xdut.\$12__t131                           1.65
xdut.topp__t260                        3.14353
xdut.\$24__t72                            1.65
xdut.topp__t259                        3.14353
xdut.\$12__t130                           1.65
xdut.topp__t258                        3.14353
xdut.\$24__t71                            1.65
xdut.topp__t257                        3.14353
xdut.\$12__t129                           1.65
xdut.topp__t256                        3.14353
xdut.\$24__t70                            1.65
xdut.topp__t255                        3.14353
xdut.\$12__t128                           1.65
xdut.topp__t254                        3.14353
xdut.\$24__t69                            1.65
xdut.topp__t253                        3.14353
xdut.\$12__t127                           1.65
xdut.topp__t252                        3.14353
xdut.\$24__t68                            1.65
xdut.topp__t251                        3.14353
xdut.\$12__t126                           1.65
xdut.topp__t250                        3.14353
xdut.\$24__t67                            1.65
xdut.topp__t249                        3.14353
xdut.\$81__t68                            1.65
xdut.topn__t138                        1.86037
xdut.\$83__t38                            1.65
xdut.topn__t139                        1.86037
xdut.\$81__t207                           1.65
xdut.topn__t413                        1.86037
xdut.\$83__t102                           1.65
xdut.topn__t414                        1.86037
xdut.\$81__t208                           1.65
xdut.topn__t415                        1.86037
xdut.\$83__t103                           1.65
xdut.topn__t416                        1.86037
xdut.\$81__t253                           1.65
xdut.topn__t507                        1.86037
xdut.\$83__t126                           1.65
xdut.topn__t508                        1.86037
xdut.\$81__t254                           1.65
xdut.topn__t509                        1.86037
xdut.\$83__t127                           1.65
xdut.topn__t511                        1.86037
xdut.\$81__t201                           1.65
xdut.topn__t404                        1.86037
xdut.\$83__t65                            1.65
xdut.topn__t259                        1.86037
xdut.\$81__t209                           1.65
xdut.topn__t417                        1.86037
xdut.\$83__t104                           1.65
xdut.topn__t418                        1.86037
xdut.\$81__t210                           1.65
xdut.topn__t419                        1.86037
xdut.\$83__t105                           1.65
xdut.topn__t420                        1.86037
xdut.\$81__t211                           1.65
xdut.topn__t421                        1.86037
xdut.\$83__t106                           1.65
xdut.topn__t422                        1.86037
xdut.\$81__t215                           1.65
xdut.topn__t429                        1.86037
xdut.\$83__t110                           1.65
xdut.topn__t430                        1.86037
xdut.\$81__t110                           1.65
xdut.topn__t225                        1.86037
xdut.\$83__t52                            1.65
xdut.topn__t190                        1.86037
xdut.\$81__t92                            1.65
xdut.topn__t191                        1.86037
xdut.\$83__t53                            1.65
xdut.topn__t192                        1.86037
xdut.\$81__t102                           1.65
xdut.topn__t209                        1.86037
xdut.\$83__t54                            1.65
xdut.topn__t194                        1.86037
xdut.\$81__t94                            1.65
xdut.topn__t195                        1.86037
xdut.\$83__t55                            1.65
xdut.topn__t196                        1.86037
xdut.\$81__t95                            1.65
xdut.topn__t197                        1.86037
xdut.\$83__t56                            1.65
xdut.topn__t198                        1.86037
xdut.\$81__t96                            1.65
xdut.topn__t199                        1.86037
xdut.\$83__t57                            1.65
xdut.topn__t200                        1.86037
xdut.\$24__t25                            1.65
xdut.topp__t108                        3.14353
xdut.\$12__t61                            1.65
xdut.topp__t119                        3.14353
xdut.\$24__t24                            1.65
xdut.topp__t106                        3.14353
xdut.\$12__t55                            1.65
xdut.topp__t105                        3.14353
xdut.\$24__t23                            1.65
xdut.topp__t104                        3.14353
xdut.\$12__t54                            1.65
xdut.topp__t103                        3.14353
xdut.\$24__t22                            1.65
xdut.topp__t102                        3.14353
xdut.\$12__t53                            1.65
xdut.topp__t101                        3.14353
xdut.\$24__t21                            1.65
xdut.topp__t100                        3.14353
xdut.\$12__t52                            1.65
xdut.topp__t99                         3.14353
xdut.\$24__t20                            1.65
xdut.topp__t98                         3.14353
xdut.\$12__t51                            1.65
xdut.topp__t97                         3.14353
xdut.\$24__t19                            1.65
xdut.topp__t96                         3.14353
xdut.\$12__t50                            1.65
xdut.topp__t95                         3.14353
xdut.\$24__t18                            1.65
xdut.topp__t94                         3.14353
xdut.\$12__t49                            1.65
xdut.topp__t93                         3.14353
xdut.\$24__t16                            1.65
xdut.topp__t77                         3.14353
xdut.\$12__t16                            1.65
xdut.topp__t30                         3.14353
xdut.\$24__t76                            1.65
xdut.topp__t275                        3.14353
xdut.\$12__t154                           1.65
xdut.topp__t306                        3.14353
xdut.\$24__t88                            1.65
xdut.topp__t305                        3.14353
xdut.\$12__t153                           1.65
xdut.topp__t304                        3.14353
xdut.\$24__t87                            1.65
xdut.topp__t303                        3.14353
xdut.\$12__t152                           1.65
xdut.topp__t302                        3.14353
xdut.\$24__t86                            1.65
xdut.topp__t301                        3.14353
xdut.\$12__t151                           1.65
xdut.topp__t300                        3.14353
xdut.\$24__t85                            1.65
xdut.topp__t299                        3.14353
xdut.\$12__t150                           1.65
xdut.topp__t298                        3.14353
xdut.\$24__t84                            1.65
xdut.topp__t297                        3.14353
xdut.\$12__t149                           1.65
xdut.topp__t296                        3.14353
xdut.\$24__t83                            1.65
xdut.topp__t295                        3.14353
xdut.\$12__t148                           1.65
xdut.topp__t294                        3.14353
xdut.\$83__t39                            1.65
xdut.topn__t140                        1.86037
xdut.\$81__t67                            1.65
xdut.topn__t137                        1.86037
xdut.\$83__t66                            1.65
xdut.topn__t262                        1.86037
xdut.\$81__t130                           1.65
xdut.topn__t263                        1.86037
xdut.\$83__t67                            1.65
xdut.topn__t264                        1.86037
xdut.\$81__t131                           1.65
xdut.topn__t265                        1.86037
xdut.\$83__t68                            1.65
xdut.topn__t266                        1.86037
xdut.\$81__t132                           1.65
xdut.topn__t267                        1.86037
xdut.\$83__t69                            1.65
xdut.topn__t268                        1.86037
xdut.\$81__t133                           1.65
xdut.topn__t269                        1.86037
xdut.\$83__t70                            1.65
xdut.topn__t270                        1.86037
xdut.\$81__t134                           1.65
xdut.topn__t271                        1.86037
xdut.\$83__t71                            1.65
xdut.topn__t272                        1.86037
xdut.\$81__t93                            1.65
xdut.topn__t193                        1.86037
xdut.\$83__t61                            1.65
xdut.topn__t251                        1.86037
xdut.\$81__t124                           1.65
xdut.topn__t252                        1.86037
xdut.\$83__t62                            1.65
xdut.topn__t253                        1.86037
xdut.\$81__t125                           1.65
xdut.topn__t254                        1.86037
xdut.\$83__t63                            1.65
xdut.topn__t255                        1.86037
xdut.\$81__t126                           1.65
xdut.topn__t256                        1.86037
xdut.\$83__t46                            1.65
xdut.topn__t179                        1.86037
xdut.\$81__t98                            1.65
xdut.topn__t202                        1.86037
xdut.\$83__t58                            1.65
xdut.topn__t203                        1.86037
xdut.\$81__t99                            1.65
xdut.topn__t204                        1.86037
xdut.\$83__t59                            1.65
xdut.topn__t205                        1.86037
xdut.\$81__t100                           1.65
xdut.topn__t206                        1.86037
xdut.\$83__t60                            1.65
xdut.topn__t207                        1.86037
xdut.\$81__t101                           1.65
xdut.topn__t208                        1.86037
xdut.\$83__t64                            1.65
xdut.topn__t257                        1.86037
xdut.\$81__t135                           1.65
xdut.topn__t274                        1.86037
xdut.\$83__t73                            1.65
xdut.topn__t275                        1.86037
xdut.\$81__t138                           1.65
xdut.topn__t278                        1.86037
xdut.\$24__t11                            1.65
xdut.topp__t43                         3.14353
xdut.\$12__t23                            1.65
xdut.topp__t42                         3.14353
xdut.\$24__t12                            1.65
xdut.topp__t44                         3.14353
xdut.\$12__t3                             1.65
xdut.topp__t5                          3.14353
xdut.\$24__t1                             1.65
xdut.topp__t4                          3.14353
xdut.\$12__t26                            1.65
xdut.topp__t48                         3.14353
xdut.\$24__t14                            1.65
xdut.topp__t63                         3.14353
xdut.\$12__t24                            1.65
xdut.topp__t46                         3.14353
xdut.\$24__t13                            1.65
xdut.topp__t45                         3.14353
xdut.\$12__t57                            1.65
xdut.topp__t111                        3.14353
xdut.\$24__t4                             1.65
xdut.topp__t26                         3.14353
xdut.\$12__t14                            1.65
xdut.topp__t25                         3.14353
xdut.\$24__t3                             1.65
xdut.topp__t16                         3.14353
xdut.\$12__t5                             1.65
xdut.topp__t8                          3.14353
xdut.\$24__t2                             1.65
xdut.topp__t7                          3.14353
xdut.\$12__t4                             1.65
xdut.topp__t6                          3.14353
xdut.\$24__t5                             1.65
xdut.topp__t28                         3.14353
xdut.\$12__t15                            1.65
xdut.topp__t27                         3.14353
xdut.\$24__t75                            1.65
xdut.topp__t272                        3.14353
xdut.\$12__t145                           1.65
xdut.topp__t290                        3.14353
xdut.\$24__t81                            1.65
xdut.topp__t289                        3.14353
xdut.\$12__t144                           1.65
xdut.topp__t288                        3.14353
xdut.\$24__t80                            1.65
xdut.topp__t287                        3.14353
xdut.\$12__t143                           1.65
xdut.topp__t286                        3.14353
xdut.\$24__t79                            1.65
xdut.topp__t285                        3.14353
xdut.\$12__t142                           1.65
xdut.topp__t284                        3.14353
xdut.\$24__t78                            1.65
xdut.topp__t283                        3.14353
xdut.\$12__t141                           1.65
xdut.topp__t282                        3.14353
xdut.\$24__t77                            1.65
xdut.topp__t281                        3.14353
xdut.\$12__t140                           1.65
xdut.topp__t280                        3.14353
xdut.\$24__t66                            1.65
xdut.topp__t248                        3.14353
xdut.\$12__t46                            1.65
xdut.topp__t90                         3.14353
xdut.\$83__t0                             1.65
xdut.topn__t4                          1.86037
xdut.\$81__t1                             1.65
xdut.topn__t3                          1.86037
xdut.\$83__t121                           1.65
xdut.topn__t471                        1.86037
xdut.\$81__t228                           1.65
xdut.topn__t454                        1.86037
xdut.\$83__t114                           1.65
xdut.topn__t455                        1.86037
xdut.\$81__t229                           1.65
xdut.topn__t456                        1.86037
xdut.\$83__t115                           1.65
xdut.topn__t457                        1.86037
xdut.\$81__t230                           1.65
xdut.topn__t458                        1.86037
xdut.\$83__t116                           1.65
xdut.topn__t459                        1.86037
xdut.\$81__t231                           1.65
xdut.topn__t460                        1.86037
xdut.\$83__t117                           1.65
xdut.topn__t461                        1.86037
xdut.\$81__t127                           1.65
xdut.topn__t258                        1.86037
xdut.\$83__t124                           1.65
xdut.topn__t488                        1.86037
xdut.\$81__t245                           1.65
xdut.topn__t489                        1.86037
xdut.\$83__t122                           1.65
xdut.topn__t474                        1.86037
xdut.\$81__t241                           1.65
xdut.topn__t483                        1.86037
xdut.\$83__t123                           1.65
xdut.topn__t484                        1.86037
xdut.\$81__t242                           1.65
xdut.topn__t485                        1.86037
xdut.\$83__t125                           1.65
xdut.topn__t502                        1.86037
xdut.\$81__t244                           1.65
xdut.topn__t487                        1.86037
xdut.\$83__t47                            1.65
xdut.topn__t180                        1.86037
xdut.\$81__t139                           1.65
xdut.topn__t280                        1.86037
xdut.\$83__t75                            1.65
xdut.topn__t281                        1.86037
xdut.\$81__t140                           1.65
xdut.topn__t282                        1.86037
xdut.\$83__t76                            1.65
xdut.topn__t283                        1.86037
xdut.\$81__t141                           1.65
xdut.topn__t284                        1.86037
xdut.\$83__t77                            1.65
xdut.topn__t285                        1.86037
xdut.\$81__t142                           1.65
xdut.topn__t286                        1.86037
xdut.\$83__t78                            1.65
xdut.topn__t287                        1.86037
xdut.\$81__t143                           1.65
xdut.topn__t288                        1.86037
xdut.\$83__t80                            1.65
xdut.topn__t305                        1.86037
xdut.\$81__t144                           1.65
xdut.topn__t290                        1.86037
xdut.\$32__t0                             1.65
xdut.topp__t3                          3.14353
xdut.\$12__t2                             1.65
xdut.topp__t2                          3.14353
xdut.\$32__t8                             1.65
xdut.topp__t55                         3.14353
xdut.\$12__t29                            1.65
xdut.topp__t54                         3.14353
xdut.\$32__t7                             1.65
xdut.topp__t53                         3.14353
xdut.\$12__t28                            1.65
xdut.topp__t52                         3.14353
xdut.\$32__t6                             1.65
xdut.topp__t51                         3.14353
xdut.\$12__t27                            1.65
xdut.topp__t50                         3.14353
xdut.\$32__t5                             1.65
xdut.topp__t49                         3.14353
xdut.\$12__t56                            1.65
xdut.topp__t109                        3.14353
xdut.\$32__t4                             1.65
xdut.topp__t24                         3.14353
xdut.\$12__t13                            1.65
xdut.topp__t23                         3.14353
xdut.\$32__t3                             1.65
xdut.topp__t22                         3.14353
xdut.\$12__t12                            1.65
xdut.topp__t21                         3.14353
xdut.\$32__t2                             1.65
xdut.topp__t20                         3.14353
xdut.\$12__t11                            1.65
xdut.topp__t19                         3.14353
xdut.\$32__t1                             1.65
xdut.topp__t18                         3.14353
xdut.\$12__t10                            1.65
xdut.topp__t17                         3.14353
xdut.\$32__t27                            1.65
xdut.topp__t270                        3.14353
xdut.\$12__t44                            1.65
xdut.topp__t87                         3.14353
xdut.\$32__t14                            1.65
xdut.topp__t86                         3.14353
xdut.\$12__t43                            1.65
xdut.topp__t85                         3.14353
xdut.\$32__t13                            1.65
xdut.topp__t84                         3.14353
xdut.\$12__t42                            1.65
xdut.topp__t83                         3.14353
xdut.\$32__t12                            1.65
xdut.topp__t82                         3.14353
xdut.\$12__t41                            1.65
xdut.topp__t81                         3.14353
xdut.\$32__t11                            1.65
xdut.topp__t80                         3.14353
xdut.\$12__t40                            1.65
xdut.topp__t79                         3.14353
xdut.\$32__t10                            1.65
xdut.topp__t78                         3.14353
xdut.\$12__t47                            1.65
xdut.topp__t91                         3.14353
xdut.\$32__t9                             1.65
xdut.topp__t76                         3.14353
xdut.\$12__t39                            1.65
xdut.topp__t75                         3.14353
xdut.\$84__t1                             1.65
xdut.topn__t2                          1.86037
xdut.\$81__t0                             1.65
xdut.topn__t1                          1.86037
xdut.\$84__t62                            1.65
xdut.topn__t501                        1.86037
xdut.\$81__t243                           1.65
xdut.topn__t486                        1.86037
xdut.\$84__t54                            1.65
xdut.topn__t447                        1.86037
xdut.\$81__t225                           1.65
xdut.topn__t448                        1.86037
xdut.\$84__t55                            1.65
xdut.topn__t449                        1.86037
xdut.\$81__t226                           1.65
xdut.topn__t450                        1.86037
xdut.\$84__t56                            1.65
xdut.topn__t451                        1.86037
xdut.\$81__t227                           1.65
xdut.topn__t452                        1.86037
xdut.\$84__t57                            1.65
xdut.topn__t453                        1.86037
xdut.\$81__t128                           1.65
xdut.topn__t260                        1.86037
xdut.\$84__t59                            1.65
xdut.topn__t490                        1.86037
xdut.\$81__t246                           1.65
xdut.topn__t491                        1.86037
xdut.\$84__t60                            1.65
xdut.topn__t492                        1.86037
xdut.\$81__t247                           1.65
xdut.topn__t493                        1.86037
xdut.\$84__t61                            1.65
xdut.topn__t494                        1.86037
xdut.\$81__t255                           1.65
xdut.topn__t510                        1.86037
xdut.\$84__t58                            1.65
xdut.topn__t472                        1.86037
xdut.\$81__t236                           1.65
xdut.topn__t473                        1.86037
xdut.\$84__t16                            1.65
xdut.topn__t181                        1.86037
xdut.\$81__t146                           1.65
xdut.topn__t292                        1.86037
xdut.\$84__t26                            1.65
xdut.topn__t293                        1.86037
xdut.\$81__t147                           1.65
xdut.topn__t294                        1.86037
xdut.\$84__t27                            1.65
xdut.topn__t295                        1.86037
xdut.\$81__t148                           1.65
xdut.topn__t296                        1.86037
xdut.\$84__t28                            1.65
xdut.topn__t297                        1.86037
xdut.\$81__t149                           1.65
xdut.topn__t298                        1.86037
xdut.\$84__t29                            1.65
xdut.topn__t299                        1.86037
xdut.\$81__t150                           1.65
xdut.topn__t300                        1.86037
xdut.\$84__t30                            1.65
xdut.topn__t301                        1.86037
xdut.\$81__t151                           1.65
xdut.topn__t302                        1.86037
xdut.\$40__t0                             1.65
xdut.topp__t1                          3.14353
xdut.\$12__t25                            1.65
xdut.topp__t47                         3.14353
xdut.\$40__t7                             1.65
xdut.topp__t62                         3.14353
xdut.\$12__t32                            1.65
xdut.topp__t61                         3.14353
xdut.\$40__t6                             1.65
xdut.topp__t60                         3.14353
xdut.\$12__t31                            1.65
xdut.topp__t59                         3.14353
xdut.\$40__t5                             1.65
xdut.topp__t58                         3.14353
xdut.\$12__t30                            1.65
xdut.topp__t57                         3.14353
xdut.\$40__t4                             1.65
xdut.topp__t56                         3.14353
xdut.\$12__t48                            1.65
xdut.topp__t92                         3.14353
xdut.\$40__t3                             1.65
xdut.topp__t31                         3.14353
xdut.\$12__t9                             1.65
xdut.topp__t15                         3.14353
xdut.\$40__t2                             1.65
xdut.topp__t14                         3.14353
xdut.\$12__t8                             1.65
xdut.topp__t13                         3.14353
xdut.\$40__t1                             1.65
xdut.topp__t12                         3.14353
xdut.\$12__t7                             1.65
xdut.topp__t11                         3.14353
xdut.\$48__t0                             1.65
xdut.topp__t10                         3.14353
xdut.\$12__t6                             1.65
xdut.topp__t9                          3.14353
xdut.\$48__t8                             1.65
xdut.topp__t268                        3.14353
xdut.\$12__t37                            1.65
xdut.topp__t72                         3.14353
xdut.\$48__t2                             1.65
xdut.topp__t71                         3.14353
xdut.\$12__t36                            1.65
xdut.topp__t70                         3.14353
xdut.\$48__t1                             1.65
xdut.topp__t69                         3.14353
xdut.\$12__t35                            1.65
xdut.topp__t68                         3.14353
xdut.\$56__t1                             1.65
xdut.topp__t67                         3.14353
xdut.\$12__t34                            1.65
xdut.topp__t66                         3.14353
xdut.\$56__t0                             1.65
xdut.topp__t65                         3.14353
xdut.\$12__t33                            1.65
xdut.topp__t64                         3.14353
xdut.\$64__t0                             1.65
xdut.topp__t107                        3.14353
xdut.\$12__t60                            1.65
xdut.topp__t118                        3.14353
xdut.\$72__t0                             1.65
xdut.topp__t117                        3.14353
xdut.\$12__t59                            1.65
xdut.topp__t116                        3.14353
xdut.\$85__t0                             1.65
xdut.topn__t8                          1.86037
xdut.\$81__t3                             1.65
xdut.topn__t7                          1.86037
xdut.\$85__t25                            1.65
xdut.topn__t462                        1.86037
xdut.\$81__t232                           1.65
xdut.topn__t463                        1.86037
xdut.\$85__t26                            1.65
xdut.topn__t464                        1.86037
xdut.\$81__t248                           1.65
xdut.topn__t495                        1.86037
xdut.\$85__t29                            1.65
xdut.topn__t496                        1.86037
xdut.\$81__t249                           1.65
xdut.topn__t497                        1.86037
xdut.\$85__t30                            1.65
xdut.topn__t498                        1.86037
xdut.\$81__t250                           1.65
xdut.topn__t499                        1.86037
xdut.\$85__t31                            1.65
xdut.topn__t500                        1.86037
xdut.\$81__t129                           1.65
xdut.topn__t261                        1.86037
xdut.\$85__t27                            1.65
xdut.topn__t475                        1.86037
xdut.\$81__t237                           1.65
xdut.topn__t476                        1.86037
xdut.\$85__t28                            1.65
xdut.topn__t477                        1.86037
xdut.\$81__t238                           1.65
xdut.topn__t478                        1.86037
xdut.\$86__t14                            1.65
xdut.topn__t479                        1.86037
xdut.\$81__t239                           1.65
xdut.topn__t480                        1.86037
xdut.\$86__t15                            1.65
xdut.topn__t481                        1.86037
xdut.\$81__t240                           1.65
xdut.topn__t482                        1.86037
xdut.\$86__t6                             1.65
xdut.topn__t182                        1.86037
xdut.\$81__t152                           1.65
xdut.topn__t304                        1.86037
xdut.\$86__t8                             1.65
xdut.topn__t289                        1.86037
xdut.\$81__t119                           1.65
xdut.topn__t242                        1.86037
xdut.\$87__t4                             1.65
xdut.topn__t243                        1.86037
xdut.\$81__t120                           1.65
xdut.topn__t244                        1.86037
xdut.\$87__t5                             1.65
xdut.topn__t245                        1.86037
xdut.\$81__t121                           1.65
xdut.topn__t246                        1.86037
xdut.\$88__t2                             1.65
xdut.topn__t247                        1.86037
xdut.\$81__t122                           1.65
xdut.topn__t248                        1.86037
xdut.\$89__t0                             1.65
xdut.topn__t249                        1.86037
xdut.\$81__t123                           1.65
xdut.topn__t250                        1.86037
xdut.\$100                                 3.3
xdut.vsubs                                   0
xdut.\$102                                 3.3
xdut.\$104                                 3.3
xdut.\$106                                 3.3
xdut.\$108                                 3.3
xdut.\$11                                  3.3
xdut.\$110                                 3.3
xdut.\$112                                 3.3
xdut.\$114                                 3.3
xdut.\$116                                 3.3
xdut.\$118                                 3.3
xdut.\$12                                 1.65
xdut.\$120                                 3.3
xdut.\$122                                 3.3
xdut.\$124                                 3.3
xdut.\$126                                 3.3
xdut.\$127                                 3.3
xdut.\$129                         4.95378e-09
xdut.\$130                                 3.3
xdut.\$132                         4.89445e-09
xdut.\$133                                 3.3
xdut.\$135                         4.83527e-09
xdut.\$136                                 3.3
xdut.\$138                          4.7766e-09
xdut.\$139                                 3.3
xdut.\$141                         4.72225e-09
xdut.\$142                                 3.3
xdut.\$144                         4.74249e-09
xdut.\$145                                 3.3
xdut.\$147                         4.79999e-09
xdut.\$148                                 3.3
xdut.\$150                         4.85895e-09
xdut.\$151                                 3.3
xdut.\$153                         4.91821e-09
xdut.\$157                                 3.3
xdut.\$158                                 3.3
xdut.\$17                                  3.3
xdut.\$19                          4.89518e-09
xdut.\$21                                  3.3
xdut.\$23                                  3.3
xdut.\$24                                 1.65
xdut.\$25                                  3.3
xdut.\$27                          4.83632e-09
xdut.\$29                                  3.3
xdut.\$31                                  3.3
xdut.\$32                                 1.65
xdut.\$33                                  3.3
xdut.\$35                           4.7784e-09
xdut.\$37                                  3.3
xdut.\$39                                  3.3
xdut.\$40                                 1.65
xdut.\$41                                  3.3
xdut.\$43                          4.72749e-09
xdut.\$45                                  3.3
xdut.\$47                                  3.3
xdut.\$48                                 1.65
xdut.\$49                                  3.3
xdut.\$5                                   3.3
xdut.\$51                          4.74558e-09
xdut.\$53                                  3.3
xdut.\$55                                  3.3
xdut.\$56                                 1.65
xdut.\$57                                  3.3
xdut.\$59                          4.80139e-09
xdut.\$61                                  3.3
xdut.\$63                                  3.3
xdut.\$64                                 1.65
xdut.\$65                                  3.3
xdut.\$67                          4.85984e-09
xdut.\$69                                  3.3
xdut.\$7                           4.95434e-09
xdut.\$71                                  3.3
xdut.\$72                                 1.65
xdut.\$73                                  3.3
xdut.\$75                          4.91886e-09
xdut.\$77                                  3.3
xdut.\$79                                  3.3
xdut.\$80                                 1.65
xdut.\$81                                 1.65
xdut.\$83                                 1.65
xdut.\$84                                 1.65
xdut.\$85                                 1.65
xdut.\$86                                 1.65
xdut.\$87                                 1.65
xdut.\$88                                 1.65
xdut.\$89                                 1.65
xdut.\$9                                   3.3
xdut.\$90                                 1.65
xdut.\$92                                  3.3
xdut.\$94                                  3.3
xdut.\$96                                  3.3
xdut.\$98                                  3.3
se_topn                                1.86037
se_topp                                3.14353
se_ibias                              0.792214
xsecmp.xpre.ptail                      1.53956
xsecmp.pon                             1.54663
xsecmp.preamp_in1                      3.14353
xsecmp.pop                                 3.3
xsecmp.preamp_in2                      1.86037
xsecmp.xpre.xrlp.11                        3.3
xsecmp.xpre.xrlp.21                        3.3
xsecmp.xpre.xrln.11                    3.29943
xsecmp.xpre.xrln.21                    1.54719
xsecmp.xlat.ltail                      2.49752
xsecmp.xlat.dip                            3.3
xsecmp.xlat.din                            3.3
xsecmp.outn                                3.3
xsecmp.outp                                3.3
xsecmp.sset                        9.98276e-09
xsecmp.srst                        9.98276e-09
xsecmp.xno1.ps                         3.10331
se_cmpb                                1.38783
xsecmp.xno2.ps                         3.10331
se_code                                      0
se_dacp                            1.11022e-16
se_dacn                            1.11022e-16
se_di                                  1.64597
se_err                                 112.582
se_aerrh                                     0
bseea#branch                                 0
bsee#branch                                  0
bsedi#branch                                 0
bsedacn#branch                               0
bsedacp#branch                               0
bsecode#branch                               0
lref#branch                        2.34845e-10
v.xsecmp.vpn#branch               -2.64429e-28
v.xsecmp.vpp#branch                8.40901e-28
vsemode#branch                               0
vsestart#branch                              0
vsevinn#branch                     1.06542e-11
vsevinp#branch                     8.33702e-10
vcms#branch                       -2.25201e-09
vrefs#branch                      -2.34845e-10
vddc#branch                       -0.000426159
vddd#branch                       -1.76017e-09
vddt#branch                                  0
vcmpclkb#branch                              0
vcmpclk#branch                               0
vclk#branch                                  0
a.xsectrl.a_gn#branch_1_0         -6.93889e-18
a.xsectrl.a_gn#branch_1_1                    0
a.xsectrl.a_gn#branch_1_2                    0
a.xsectrl.a_gn#branch_1_3         -6.93889e-18
a.xsectrl.a_gn#branch_1_4                    0
a.xsectrl.a_gn#branch_1_5                    0
a.xsectrl.a_gn#branch_1_6         -6.93889e-18
a.xsectrl.a_gn#branch_1_7                    0
a.xsectrl.a_gn#branch_1_8                    0
a.xsectrl.a_gn#branch_1_9         -6.93889e-18
a.xsectrl.a_gn#branch_1_10                   0
a.xsectrl.a_gn#branch_1_11                   0
a.xsectrl.a_gn#branch_1_12        -6.93889e-18
a.xsectrl.a_gn#branch_1_13                   0
a.xsectrl.a_gn#branch_1_14                   0
a.xsectrl.a_gn#branch_1_15        -6.93889e-18
a.xsectrl.a_gn#branch_1_16                   0
a.xsectrl.a_gn#branch_1_17                   0
a.xsectrl.a_gn#branch_1_18        -6.93889e-18
a.xsectrl.a_gn#branch_1_19                   0
a.xsectrl.a_gn#branch_1_20                   0
a.xsectrl.a_gn#branch_1_21        -6.93889e-18
a.xsectrl.a_gn#branch_1_22                   0
a.xsectrl.a_gn#branch_1_23                   0
a.xsectrl.a_gn#branch_1_24        -6.93889e-18
a.xsectrl.a_gn#branch_1_25                   0
a.xsectrl.a_gn#branch_1_26                   0
a.xsectrl.a_gn#branch_1_27        -6.93889e-18
a.xsectrl.a_gn#branch_1_28                   0
a.xsectrl.a_gn#branch_1_29                   0
a.xsectrl.a_gn#branch_1_30        -6.93889e-18
a.xsectrl.a_gn#branch_1_31                   0
a.xsectrl.a_gn#branch_1_32                   0
a.xsectrl.a_gn#branch_1_33        -6.93889e-18
a.xsectrl.a_gn#branch_1_34                   0
a.xsectrl.a_gn#branch_1_35                   0
a.xsectrl.a_gn#branch_1_36        -6.93889e-18
a.xsectrl.a_gn#branch_1_37                   0
a.xsectrl.a_gn#branch_1_38                   0
a.xsectrl.a_gn#branch_1_39        -6.93889e-18
a.xsectrl.a_gn#branch_1_40                   0
a.xsectrl.a_gn#branch_1_41                   0
a.xsectrl.a_gn#branch_1_42        -6.93889e-18
a.xsectrl.a_gn#branch_1_43                   0
a.xsectrl.a_gn#branch_1_44                   0
a.xsectrl.a_gn#branch_1_45        -6.93889e-18
a.xsectrl.a_gn#branch_1_46                   0
a.xsectrl.a_gn#branch_1_47                   0
a.xsectrl.a_gn#branch_1_48        -6.93889e-18
a.xsectrl.a_gn#branch_1_49                   0
a.xsectrl.a_gn#branch_1_50                   0
a.xsectrl.a_gn#branch_1_51        -6.93889e-18
a.xsectrl.a_gn#branch_1_52                   0
a.xsectrl.a_gn#branch_1_53                   0
a.xsectrl.a_dout#branch_1_0                  0
a.xsectrl.a_dout#branch_1_1                  0
a.xsectrl.a_dout#branch_1_2                  0
a.xsectrl.a_dout#branch_1_3                  0
a.xsectrl.a_dout#branch_1_4                  0
a.xsectrl.a_dout#branch_1_5                  0
a.xsectrl.a_dout#branch_1_6                  0
a.xsectrl.a_dout#branch_1_7                  0
a.xsectrl.a_dout#branch_1_8                  0
a.xsectrl.a_dout#branch_1_9                  0
a.xsectrl.a_dout#branch_1_10                 0
a.xsectrl.a_dout#branch_1_11                 0
a.xsectrl.a_dout#branch_1_12                 0

 Reference value :  0.00000e+00
 Reference value :  3.30726e-09
 Reference value :  3.45572e-08
 Reference value :  9.38191e-08
 Reference value :  1.25200e-07
 Reference value :  1.56819e-07
 Reference value :  1.89301e-07
 Reference value :  2.18929e-07
 Reference value :  2.50380e-07
 Reference value :  2.81300e-07
 Reference value :  3.12614e-07
 Reference value :  3.15603e-07
 Reference value :  3.60453e-07
 Reference value :  3.77608e-07
 Reference value :  4.21831e-07
 Reference value :  4.40081e-07
 Reference value :  4.70969e-07
 Reference value :  5.02624e-07
 Reference value :  5.43648e-07
 Reference value :  5.65108e-07
 Reference value :  5.94623e-07
 Reference value :  6.27386e-07
 Reference value :  6.56557e-07
 Reference value :  6.89795e-07
 Reference value :  7.19096e-07
 Reference value :  7.51140e-07
 Reference value :  7.81457e-07
 Reference value :  8.12880e-07
 Reference value :  8.43832e-07
 Reference value :  8.75200e-07
 Reference value :  8.78777e-07
 Reference value :  9.30388e-07
 Reference value :  9.68800e-07
 Reference value :  1.00020e-06
 Reference value :  1.00297e-06
 Reference value :  1.03187e-06
 Reference value :  1.06315e-06
 Reference value :  1.10042e-06
 Reference value :  1.15635e-06
 Reference value :  1.18770e-06
 Reference value :  1.21758e-06
 Reference value :  1.22765e-06
 Reference value :  1.25297e-06
 Reference value :  1.28178e-06
 Reference value :  1.31331e-06
 Reference value :  1.34387e-06
 Reference value :  1.37551e-06
 Reference value :  1.40626e-06
 Reference value :  1.43764e-06
 Reference value :  1.44082e-06
 Reference value :  1.48428e-06
 Reference value :  1.50259e-06
 Reference value :  1.53203e-06
 Reference value :  1.56496e-06
 Reference value :  1.59410e-06
 Reference value :  1.62607e-06
 Reference value :  1.65644e-06
 Reference value :  1.68821e-06
 Reference value :  1.71902e-06
 Reference value :  1.75070e-06
 Reference value :  1.78135e-06
 Reference value :  1.81266e-06
 Reference value :  1.83637e-06
 Reference value :  1.85212e-06
 Reference value :  1.87757e-06
 Reference value :  1.90662e-06
 Reference value :  1.94333e-06
 Reference value :  2.00010e-06
 Reference value :  2.00283e-06
 Reference value :  2.03166e-06
 Reference value :  2.06292e-06
 Reference value :  2.09456e-06
 Reference value :  2.15475e-06
 Reference value :  2.18760e-06
 Reference value :  2.19281e-06
 Reference value :  2.23765e-06
 Reference value :  2.25329e-06
 Reference value :  2.28222e-06
 Reference value :  2.31505e-06
 Reference value :  2.34460e-06
 Reference value :  2.37755e-06
 Reference value :  2.40663e-06
 Reference value :  2.43977e-06
 Reference value :  2.46895e-06
 Reference value :  2.50135e-06
 Reference value :  2.53136e-06
 Reference value :  2.56302e-06
 Reference value :  2.59382e-06
 Reference value :  2.62521e-06
 Reference value :  2.65522e-06
 Reference value :  2.68762e-06
 Reference value :  2.69340e-06
 Reference value :  2.75003e-06
 Reference value :  2.75282e-06
 Reference value :  2.78208e-06
 Reference value :  2.81484e-06
 Reference value :  2.84420e-06
 Reference value :  2.87550e-06
 Reference value :  2.90627e-06
 Reference value :  2.93765e-06
 Reference value :  2.96899e-06
 Reference value :  3.00101e-06
 Reference value :  3.03126e-06
 Reference value :  3.06117e-06
 Reference value :  3.09386e-06
 Reference value :  3.12543e-06
 Reference value :  3.15706e-06
 Reference value :  3.18982e-06
 Reference value :  3.21898e-06
 Reference value :  3.25070e-06
 Reference value :  3.28133e-06
 Reference value :  3.31262e-06
 Reference value :  3.31856e-06
 Reference value :  3.37058e-06
 Reference value :  3.37801e-06
 Reference value :  3.41983e-06
 Reference value :  3.44015e-06
 Reference value :  3.46994e-06
 Reference value :  3.50249e-06
 Reference value :  3.53174e-06
 Reference value :  3.56489e-06
 Reference value :  3.59406e-06
 Reference value :  3.62727e-06
 Reference value :  3.65645e-06
 Reference value :  3.68821e-06
 Reference value :  3.71889e-06
 Reference value :  3.75047e-06
 Reference value :  3.78132e-06
 Reference value :  3.81264e-06
 Reference value :  3.82633e-06
 Reference value :  3.87503e-06
 Reference value :  3.87776e-06
 Reference value :  3.90680e-06
 Reference value :  3.93816e-06
 Reference value :  3.96960e-06
 Reference value :  4.00245e-06
 Reference value :  4.03136e-06
 Reference value :  4.06296e-06
 Reference value :  4.10036e-06
 Reference value :  4.15635e-06
 Reference value :  4.18788e-06
 Reference value :  4.21883e-06
 Reference value :  4.25038e-06
 Reference value :  4.27629e-06
 Reference value :  4.31266e-06
 Reference value :  4.32489e-06
 Reference value :  4.37510e-06
 Reference value :  4.37972e-06
 Reference value :  4.40713e-06
 Reference value :  4.44004e-06
 Reference value :  4.46933e-06
 Reference value :  4.50227e-06
 Reference value :  4.53144e-06
 Reference value :  4.56327e-06
 Reference value :  4.59388e-06
 Reference value :  4.62548e-06
 Reference value :  4.65632e-06
 Reference value :  4.68769e-06
 Reference value :  4.70970e-06
 Reference value :  4.75011e-06
 Reference value :  4.75337e-06
 Reference value :  4.79184e-06
 Reference value :  4.81507e-06
 Reference value :  4.84507e-06
 Reference value :  4.87751e-06
 Reference value :  4.90683e-06
 Reference value :  4.94198e-06
 Reference value :  4.99850e-06
 Reference value :  5.00264e-06
 Reference value :  5.03138e-06
 Reference value :  5.06270e-06
 Reference value :  5.09429e-06
 Reference value :  5.14326e-06
 Reference value :  5.17455e-06
 Reference value :  5.19015e-06
 Reference value :  5.21981e-06
 Reference value :  5.25293e-06
 Reference value :  5.28151e-06
 Reference value :  5.31303e-06
 Reference value :  5.34383e-06
 Reference value :  5.37521e-06
 Reference value :  5.40625e-06
 Reference value :  5.41790e-06
 Reference value :  5.44006e-06
 Reference value :  5.46930e-06
 Reference value :  5.50058e-06
 Reference value :  5.53129e-06
 Reference value :  5.56270e-06
 Reference value :  5.57803e-06
 Reference value :  5.62510e-06
 Reference value :  5.62874e-06
 Reference value :  5.68633e-06
 Reference value :  5.69053e-06
 Reference value :  5.73218e-06
 Reference value :  5.75259e-06
 Reference value :  5.78221e-06
 Reference value :  5.81505e-06
 Reference value :  5.84443e-06
 Reference value :  5.87588e-06
 Reference value :  5.90641e-06
 Reference value :  5.93771e-06
 Reference value :  5.96898e-06
 Reference value :  6.00097e-06
 Reference value :  6.00623e-06
 Reference value :  6.06253e-06
 Reference value :  6.09387e-06
 Reference value :  6.12547e-06
 Reference value :  6.15740e-06
 Reference value :  6.19007e-06
 Reference value :  6.21932e-06
 Reference value :  6.25286e-06
 Reference value :  6.28159e-06
 Reference value :  6.31477e-06
 Reference value :  6.34392e-06
 Reference value :  6.37570e-06
 Reference value :  6.40635e-06
 Reference value :  6.43769e-06
 Reference value :  6.44644e-06
 Reference value :  6.50015e-06
 Reference value :  6.51405e-06
 Reference value :  6.56260e-06
 Reference value :  6.56569e-06
 Reference value :  6.60205e-06
 Reference value :  6.62775e-06
 Reference value :  6.65849e-06
 Reference value :  6.69006e-06
 Reference value :  6.71949e-06
 Reference value :  6.75249e-06
 Reference value :  6.78153e-06
 Reference value :  6.81435e-06
 Reference value :  6.84393e-06
 Reference value :  6.87558e-06
 Reference value :  6.90628e-06
 Reference value :  6.93753e-06
 Reference value :  6.96884e-06
 Reference value :  7.00035e-06
 Reference value :  7.00307e-06
 Reference value :  7.03192e-06
 Reference value :  7.06324e-06
 Reference value :  7.09563e-06
 Reference value :  7.15631e-06
 Reference value :  7.18760e-06
 Reference value :  7.19127e-06
 Reference value :  7.21986e-06
 Reference value :  7.25294e-06
 Reference value :  7.28177e-06
 Reference value :  7.31303e-06
 Reference value :  7.34378e-06
 Reference value :  7.36215e-06
 Reference value :  7.37783e-06
 Reference value :  7.40684e-06
 Reference value :  7.43879e-06
 Reference value :  7.46885e-06
 Reference value :  7.50038e-06
 Reference value :  7.53125e-06
 Reference value :  7.56268e-06
 Reference value :  7.56659e-06
 Reference value :  7.61405e-06
 Reference value :  7.62773e-06
 Reference value :  7.65748e-06
 Reference value :  7.69006e-06
 Reference value :  7.71936e-06
 Reference value :  7.75228e-06
 Reference value :  7.78149e-06
 Reference value :  7.81477e-06
 Reference value :  7.84395e-06
 Reference value :  7.87562e-06
 Reference value :  7.90635e-06
 Reference value :  7.93801e-06
 Reference value :  7.96946e-06
 Reference value :  8.00255e-06
 Reference value :  8.03135e-06
 Reference value :  8.06264e-06
 Reference value :  8.09396e-06
 Reference value :  8.12570e-06
 Reference value :  8.15806e-06
 Reference value :  8.19009e-06
 Reference value :  8.21941e-06
 Reference value :  8.25081e-06
 Reference value :  8.28153e-06
 Reference value :  8.31311e-06
 Reference value :  8.34386e-06
 Reference value :  8.37519e-06
 Reference value :  8.40625e-06
 Reference value :  8.42845e-06
 Reference value :  8.44007e-06
 Reference value :  8.47084e-06
 Reference value :  8.50257e-06
 Reference value :  8.53190e-06
 Reference value :  8.56483e-06
 Reference value :  8.59394e-06
 Reference value :  8.62565e-06
 Reference value :  8.65634e-06
 Reference value :  8.68793e-06
 Reference value :  8.71882e-06
 Reference value :  8.75024e-06
 Reference value :  8.78131e-06
 Reference value :  8.81274e-06
 Reference value :  8.84378e-06
 Reference value :  8.87057e-06
 Reference value :  8.87766e-06
 Reference value :  8.90679e-06
 Reference value :  8.93878e-06
 Reference value :  8.98213e-06
 Reference value :  9.00257e-06
 Reference value :  9.03133e-06
 Reference value :  9.06270e-06
 Reference value :  9.09410e-06
 Reference value :  9.12638e-06
 Reference value :  9.18286e-06
 Reference value :  9.19042e-06
 Reference value :  9.22547e-06
 Reference value :  9.25297e-06
 Reference value :  9.28206e-06
 Reference value :  9.31493e-06
 Reference value :  9.34421e-06
 Reference value :  9.37559e-06
 Reference value :  9.40634e-06
 Reference value :  9.43772e-06
 Reference value :  9.46876e-06
 Reference value :  9.50020e-06
 Reference value :  9.50921e-06
 Reference value :  9.56262e-06
 Reference value :  9.56677e-06
 Reference value :  9.62507e-06
 Reference value :  9.62862e-06
 Reference value :  9.67787e-06
 Reference value :  9.69021e-06
 Reference value :  9.72172e-06
 Reference value :  9.75260e-06
 Reference value :  9.78195e-06
 Reference value :  9.81483e-06
 Reference value :  9.84418e-06
 Reference value :  9.87682e-06
 Reference value :  9.90631e-06
 Reference value :  9.93770e-06
 Reference value :  9.96905e-06
 Reference value :  1.00008e-05
 Reference value :  1.00048e-05
 Reference value :  1.00626e-05
 Reference value :  1.00939e-05
 Reference value :  1.01255e-05
 Reference value :  1.01572e-05
 Reference value :  1.01899e-05
 Reference value :  1.02191e-05
 Reference value :  1.02510e-05
 Reference value :  1.02814e-05
 Reference value :  1.03131e-05
 Reference value :  1.03438e-05
 Reference value :  1.03752e-05
 Reference value :  1.04063e-05
 Reference value :  1.04378e-05
 Reference value :  1.04688e-05
 Reference value :  1.05002e-05
 Reference value :  1.05121e-05
 Reference value :  1.05626e-05
 Reference value :  1.05670e-05
 Reference value :  1.06250e-05
 Reference value :  1.06285e-05
 Reference value :  1.06815e-05
 Reference value :  1.06903e-05
 Reference value :  1.07352e-05
 Reference value :  1.07526e-05
 Reference value :  1.07822e-05
 Reference value :  1.08150e-05
 Reference value :  1.08447e-05
 Reference value :  1.08777e-05
 Reference value :  1.09070e-05
 Reference value :  1.09541e-05
 Reference value :  1.09702e-05
 Reference value :  1.10025e-05
 Reference value :  1.10313e-05
 Reference value :  1.10630e-05
 Reference value :  1.10948e-05
 Reference value :  1.11563e-05
 Reference value :  1.11875e-05
 Reference value :  1.11903e-05
 Reference value :  1.12195e-05
 Reference value :  1.12527e-05
 Reference value :  1.12814e-05
 Reference value :  1.13127e-05
 Reference value :  1.13438e-05
 Reference value :  1.13751e-05
 Reference value :  1.13779e-05
 Reference value :  1.14259e-05
 Reference value :  1.14401e-05
 Reference value :  1.14695e-05
 Reference value :  1.15024e-05
 Reference value :  1.15319e-05
 Reference value :  1.15649e-05
 Reference value :  1.15940e-05
 Reference value :  1.16257e-05
 Reference value :  1.16563e-05
 Reference value :  1.16877e-05
 Reference value :  1.17176e-05
 Reference value :  1.17501e-05
 Reference value :  1.17746e-05
 Reference value :  1.18125e-05
 Reference value :  1.18153e-05
 Reference value :  1.18479e-05
 Reference value :  1.18776e-05
 Reference value :  1.19067e-05
 Reference value :  1.19398e-05
 Reference value :  1.19695e-05
 Reference value :  1.20013e-05
 Reference value :  1.20313e-05
 Reference value :  1.20625e-05
 Reference value :  1.20938e-05
 Reference value :  1.21252e-05
 Reference value :  1.21569e-05
 Reference value :  1.21893e-05
 Reference value :  1.22189e-05
 Reference value :  1.22503e-05
 Reference value :  1.22813e-05
 Reference value :  1.23125e-05
 Reference value :  1.23162e-05
 Reference value :  1.23450e-05
 Reference value :  1.23775e-05
 Reference value :  1.24066e-05
 Reference value :  1.24398e-05
 Reference value :  1.24689e-05
 Reference value :  1.25005e-05
 Reference value :  1.25313e-05
 Reference value :  1.25629e-05
 Reference value :  1.25938e-05
 Reference value :  1.26252e-05
 Reference value :  1.26530e-05
 Reference value :  1.26876e-05
 Reference value :  1.26988e-05
 Reference value :  1.27501e-05
 Reference value :  1.27540e-05
 Reference value :  1.28125e-05
 Reference value :  1.28152e-05
 Reference value :  1.28445e-05
 Reference value :  1.28773e-05
 Reference value :  1.29065e-05
 Reference value :  1.29378e-05
 Reference value :  1.29690e-05
 Reference value :  1.30002e-05
 Reference value :  1.30029e-05
 Reference value :  1.30318e-05
 Reference value :  1.30631e-05
 Reference value :  1.31028e-05
 Reference value :  1.31563e-05
 Reference value :  1.31877e-05
 Reference value :  1.32188e-05
 Reference value :  1.32501e-05
 Reference value :  1.32538e-05
 Reference value :  1.32857e-05
 Reference value :  1.33150e-05
 Reference value :  1.33443e-05
 Reference value :  1.33756e-05
 Reference value :  1.34063e-05
 Reference value :  1.34241e-05
 Reference value :  1.34401e-05
 Reference value :  1.34692e-05
 Reference value :  1.35005e-05
 Reference value :  1.35158e-05
 Reference value :  1.35626e-05
 Reference value :  1.35656e-05
 Reference value :  1.36081e-05
 Reference value :  1.36276e-05
 Reference value :  1.36568e-05
 Reference value :  1.36898e-05
 Reference value :  1.37190e-05
 Reference value :  1.37509e-05
 Reference value :  1.37814e-05
 Reference value :  1.38129e-05
 Reference value :  1.38438e-05
 Reference value :  1.38752e-05
 Reference value :  1.38825e-05
 Reference value :  1.39075e-05
 Reference value :  1.39563e-05
 Reference value :  1.40001e-05
 Reference value :  1.40027e-05
 Reference value :  1.40315e-05
 Reference value :  1.40630e-05
 Reference value :  1.40952e-05
 Reference value :  1.41563e-05
 Reference value :  1.41877e-05
 Reference value :  1.42145e-05
 Reference value :  1.42500e-05
 Reference value :  1.42530e-05
 Reference value :  1.42818e-05
 Reference value :  1.43133e-05
 Reference value :  1.43438e-05
 Reference value :  1.43755e-05
 Reference value :  1.44063e-05
 Reference value :  1.44375e-05
 Reference value :  1.44401e-05
 Reference value :  1.44698e-05
 Reference value :  1.45025e-05
 Reference value :  1.45316e-05
 Reference value :  1.45636e-05
 Reference value :  1.45939e-05
 Reference value :  1.46254e-05
 Reference value :  1.46563e-05
 Reference value :  1.46877e-05
 Reference value :  1.46914e-05
 Reference value :  1.47455e-05
 Reference value :  1.47526e-05
 Reference value :  1.47825e-05
 Reference value :  1.48150e-05
 Reference value :  1.48441e-05
 Reference value :  1.48761e-05
 Reference value :  1.49063e-05
 Reference value :  1.49375e-05
 Reference value :  1.49688e-05
 Reference value :  1.50002e-05
 Reference value :  1.50031e-05
 Reference value :  1.50319e-05
 Reference value :  1.50641e-05
 Reference value :  1.51164e-05
 Reference value :  1.51564e-05
 Reference value :  1.51877e-05
 Reference value :  1.52188e-05
 Reference value :  1.52437e-05
 Reference value :  1.52530e-05
 Reference value :  1.52819e-05
 Reference value :  1.53135e-05
 Reference value :  1.53439e-05
 Reference value :  1.53755e-05
 Reference value :  1.54063e-05
 Reference value :  1.54376e-05
 Reference value :  1.54403e-05
 Reference value :  1.54697e-05
 Reference value :  1.55024e-05
 Reference value :  1.55315e-05
 Reference value :  1.55635e-05
 Reference value :  1.55939e-05
 Reference value :  1.56257e-05
 Reference value :  1.56563e-05
 Reference value :  1.56879e-05
 Reference value :  1.57188e-05
 Reference value :  1.57502e-05
 Reference value :  1.57813e-05
 Reference value :  1.58127e-05
 Reference value :  1.58269e-05
 Reference value :  1.58750e-05
 Reference value :  1.58778e-05
 Reference value :  1.59068e-05
 Reference value :  1.59388e-05
 Reference value :  1.59970e-05
 Reference value :  1.60027e-05
 Reference value :  1.60314e-05
 Reference value :  1.60627e-05
 Reference value :  1.60940e-05
 Reference value :  1.61256e-05
 Reference value :  1.61573e-05
 Reference value :  1.61900e-05
 Reference value :  1.62193e-05
 Reference value :  1.62506e-05
 Reference value :  1.62813e-05
 Reference value :  1.63125e-05
 Reference value :  1.63152e-05
 Reference value :  1.63466e-05
 Reference value :  1.63776e-05
 Reference value :  1.64068e-05
 Reference value :  1.64382e-05
 Reference value :  1.64688e-05
 Reference value :  1.65005e-05
 Reference value :  1.65313e-05
 Reference value :  1.65627e-05
 Reference value :  1.65660e-05
 Reference value :  1.66021e-05
 Reference value :  1.66276e-05
 Reference value :  1.66568e-05
 Reference value :  1.66898e-05
 Reference value :  1.67191e-05
 Reference value :  1.67519e-05
 Reference value :  1.67814e-05
 Reference value :  1.68130e-05
 Reference value :  1.68438e-05
 Reference value :  1.68751e-05
 Reference value :  1.68794e-05
 Reference value :  1.69070e-05
 Reference value :  1.69549e-05
 Reference value :  1.70001e-05
 Reference value :  1.70028e-05
 Reference value :  1.70315e-05
 Reference value :  1.70630e-05
 Reference value :  1.70950e-05
 Reference value :  1.71563e-05
 Reference value :  1.71876e-05
 Reference value :  1.72176e-05
 Reference value :  1.72501e-05
 Reference value :  1.72539e-05
 Reference value :  1.72821e-05
 Reference value :  1.73148e-05
 Reference value :  1.73440e-05
 Reference value :  1.73773e-05
 Reference value :  1.74065e-05
 Reference value :  1.74377e-05
 Reference value :  1.74520e-05
 Reference value :  1.74830e-05
 Reference value :  1.75024e-05
 Reference value :  1.75315e-05
 Reference value :  1.75633e-05
 Reference value :  1.75939e-05
 Reference value :  1.76257e-05
 Reference value :  1.76564e-05
 Reference value :  1.76881e-05
 Reference value :  1.77189e-05
 Reference value :  1.77505e-05
 Reference value :  1.77813e-05
 Reference value :  1.78127e-05
 Reference value :  1.78388e-05
 Reference value :  1.78751e-05
 Reference value :  1.78778e-05
 Reference value :  1.79075e-05
 Reference value :  1.79504e-05
 Reference value :  1.80001e-05
 Reference value :  1.80028e-05
 Reference value :  1.80316e-05
 Reference value :  1.80631e-05
 Reference value :  1.80968e-05
 Reference value :  1.81563e-05
 Reference value :  1.81877e-05
 Reference value :  1.82188e-05
 Reference value :  1.82500e-05
 Reference value :  1.82531e-05
 Reference value :  1.82818e-05
 Reference value :  1.83132e-05
 Reference value :  1.83439e-05
 Reference value :  1.83757e-05
 Reference value :  1.84063e-05
 Reference value :  1.84379e-05
 Reference value :  1.84689e-05
 Reference value :  1.85005e-05
 Reference value :  1.85313e-05
 Reference value :  1.85627e-05
 Reference value :  1.85938e-05
 Reference value :  1.86252e-05
 Reference value :  1.86312e-05
 Reference value :  1.86812e-05
 Reference value :  1.86902e-05
 Reference value :  1.87195e-05
 Reference value :  1.87524e-05
 Reference value :  1.87814e-05
 Reference value :  1.88127e-05
 Reference value :  1.88438e-05
 Reference value :  1.88580e-05
 Reference value :  1.88776e-05
 Reference value :  1.89067e-05
 Reference value :  1.89406e-05
 Reference value :  1.89985e-05
 Reference value :  1.90026e-05
 Reference value :  1.90313e-05
 Reference value :  1.90626e-05
 Reference value :  1.90940e-05
 Reference value :  1.91257e-05
 Reference value :  1.91575e-05
 Reference value :  1.91901e-05
 Reference value :  1.92194e-05
 Reference value :  1.92527e-05
 Reference value :  1.92814e-05
 Reference value :  1.93127e-05
 Reference value :  1.93260e-05
 Reference value :  1.93751e-05
 Reference value :  1.93785e-05
 Reference value :  1.94375e-05
 Reference value :  1.94402e-05
 Reference value :  1.94712e-05
 Reference value :  1.95025e-05
 Reference value :  1.95316e-05
 Reference value :  1.95649e-05
 Reference value :  1.95943e-05
 Reference value :  1.96275e-05
 Reference value :  1.96569e-05
 Reference value :  1.96899e-05
 Reference value :  1.97190e-05
 Reference value :  1.97506e-05
 Reference value :  1.97813e-05
 Reference value :  1.98127e-05
 Reference value :  1.98438e-05
 Reference value :  1.98721e-05
 Reference value :  1.98777e-05
 Reference value :  1.99068e-05
 Reference value :  1.99383e-05
 Reference value :  1.99744e-05
No. of Data Rows : 49771
e1                  =  1.01604e+00
x1                  =  1.04127e+01 at=  2.28151e-06
cd1                 =  2.00000e+00
e2                  =  9.72348e-01
x2                  =  1.03889e+01 at=  3.28151e-06
cd2                 =  3.00000e+00
e128                =  5.32355e-01
x128                =  7.42721e+00 at=  4.28156e-06
cd128               =  1.28000e+02
e129                =  7.37091e-01
x129                =  7.58163e+00 at=  5.28156e-06
cd129               =  1.29000e+02
e255                =  2.67407e-01
x255                =  4.77396e+00 at=  6.28163e-06
cd255               =  2.55000e+02
e256                =  4.70434e-01
x256                =  4.93778e+00 at=  7.28163e-06
cd256               =  2.56000e+02
e257                =  5.08679e-01
x257                =  4.91816e+00 at=  8.28163e-06
cd257               =  2.57000e+02
e384                =  4.12013e-02
x384                =  2.37363e+00 at=  9.31265e-06
cd384               =  3.84000e+02
e511                =  -1.90959e-01
x511                =  4.57683e+00 at=  1.03751e-05
cd511               =  5.11000e+02
e512                =  -3.51096e-03
x512                =  4.79852e+00 at=  1.13441e-05
cd512               =  5.12000e+02
e513                =  4.95423e-02
x513                =  4.79731e+00 at=  1.23441e-05
cd513               =  5.13000e+02
e640                =  -2.86711e-01
x640                =  2.74248e+00 at=  1.33126e-05
cd640               =  6.40000e+02
e767                =  -5.76332e-01
x767                =  5.08068e+00 at=  1.43126e-05
cd767               =  7.68000e+02
e768                =  -1.11208e-01
x768                =  4.89395e+00 at=  1.53126e-05
cd768               =  7.68000e+02
e769                =  -4.24498e-01
x769                =  4.91227e+00 at=  1.63126e-05
cd769               =  7.68000e+02
e896                =  -1.12230e+00
x896                =  7.44682e+00 at=  1.73126e-05
cd896               =  8.95000e+02
e1022               =  -1.13371e+00
x1022               =  9.80562e+00 at=  1.83126e-05
cd1022              =  1.02100e+03
e1023               =  -9.78509e-01
x1023               =  9.64455e+00 at=  1.93126e-05
cd1023              =  1.02200e+03
vrefhi              =  3.30029e+00 at=  1.73150e-05
vreflo              =  3.29971e+00 at=  1.25166e-05
m_terr_t1_lsb = 1.0160410000e+00
m_decerr_t1_lsb = 1.0412670000e+01
m_code_t1 = 2.0000000000e+00
m_terr_t2_lsb = 9.7234760000e-01
m_decerr_t2_lsb = 1.0388890000e+01
m_code_t2 = 3.0000000000e+00
m_terr_t128_lsb = 5.3235550000e-01
m_decerr_t128_lsb = 7.4272060000e+00
m_code_t128 = 1.2800000000e+02
m_terr_t129_lsb = 7.3709080000e-01
m_decerr_t129_lsb = 7.5816340000e+00
m_code_t129 = 1.2900000000e+02
m_terr_t255_lsb = 2.6740730000e-01
m_decerr_t255_lsb = 4.7739610000e+00
m_code_t255 = 2.5500000000e+02
m_terr_t256_lsb = 4.7043390000e-01
m_decerr_t256_lsb = 4.9377820000e+00
m_code_t256 = 2.5600000000e+02
m_terr_t257_lsb = 5.0867910000e-01
m_decerr_t257_lsb = 4.9181600000e+00
m_code_t257 = 2.5700000000e+02
m_terr_t384_lsb = 4.1201350000e-02
m_decerr_t384_lsb = 2.3736320000e+00
m_code_t384 = 3.8400000000e+02
m_terr_t511_lsb = -1.909590000e-01
m_decerr_t511_lsb = 4.5768290000e+00
m_code_t511 = 5.1100000000e+02
m_terr_t512_lsb = -3.510963000e-03
m_decerr_t512_lsb = 4.7985180000e+00
m_code_t512 = 5.1200000000e+02
m_terr_t513_lsb = 4.9542300000e-02
m_decerr_t513_lsb = 4.7973070000e+00
m_code_t513 = 5.1300000000e+02
m_terr_t640_lsb = -2.867109000e-01
m_decerr_t640_lsb = 2.7424840000e+00
m_code_t640 = 6.4000000000e+02
m_terr_t767_lsb = -5.763322000e-01
m_decerr_t767_lsb = 5.0806780000e+00
m_code_t767 = 7.6800000000e+02
m_terr_t768_lsb = -1.112078000e-01
m_decerr_t768_lsb = 4.8939530000e+00
m_code_t768 = 7.6800000000e+02
m_terr_t769_lsb = -4.244984000e-01
m_decerr_t769_lsb = 4.9122680000e+00
m_code_t769 = 7.6800000000e+02
m_terr_t896_lsb = -1.122304000e+00
m_decerr_t896_lsb = 7.4468160000e+00
m_code_t896 = 8.9500000000e+02
m_terr_t1022_lsb = -1.133706000e+00
m_decerr_t1022_lsb = 9.8056150000e+00
m_code_t1022 = 1.0210000000e+03
m_terr_t1023_lsb = -9.785092000e-01
m_decerr_t1023_lsb = 9.6445520000e+00
m_code_t1023 = 1.0220000000e+03
m_inl_t1_lsb = 0.0000000000e+00
m_inl_t2_lsb = -4.174178532e-02
m_inl_t128_lsb = -2.358304360e-01
m_inl_t129_lsb = -2.914352133e-02
m_inl_t255_lsb = -2.529235720e-01
m_inl_t256_lsb = -4.794535734e-02
m_inl_t257_lsb = -7.748542661e-03
m_inl_t384_lsb = -2.273712287e-01
m_inl_t511_lsb = -2.116765147e-01
m_inl_t512_lsb = -2.227686300e-02
m_inl_t513_lsb = 3.2728014677e-02
m_inl_t640_lsb = -5.567012133e-02
m_inl_t767_lsb = -9.743635734e-02
m_inl_t768_lsb = 3.6963965734e-01
m_inl_t769_lsb = 5.8300672016e-02
m_inl_t896_lsb = -3.916498640e-01
m_inl_t1022_lsb = -1.571484147e-01
m_inl_t1023_lsb = -1.110223025e-16
m_dnl_t1_t2_lsb = -4.369340000e-02
m_dnl_t128_t129_lsb = 2.0473530000e-01
m_dnl_t255_t256_lsb = 2.0302660000e-01
m_dnl_t256_t257_lsb = 3.8245200000e-02
m_dnl_t511_t512_lsb = 1.8744803700e-01
m_dnl_t512_t513_lsb = 5.3053263000e-02
m_dnl_t767_t768_lsb = 4.6512440000e-01
m_dnl_t768_t769_lsb = -3.132906000e-01
m_dnl_t1022_t1023_lsb = 1.5519680000e-01
m_gain_err_lsb = -1.996501815e+00
m_vref_droop_mv = 5.7700000000e-01
Note: Simulation executed from .control section 

