
Note: No compatibility mode selected!


Circuit: * adc-inl-dnl @ tt_-40c_3.30v -- generated by sim/harness, do not edit

Reducing trtol to 1 for xspice 'A' devices
Doing analysis at TEMP = -40.000000 and TNOM = 27.000000

Using SPARSE 1.3 as Direct Linear Solver

Initial Transient Solution
--------------------------

Node                                   Voltage
----                                   -------
clk                                          0
cmpclk                                       0
cmpclkb                                    3.3
vddt                                       3.3
vddd                                       3.3
vddc                                       3.3
vrefs                                      3.3
vrefn                                      3.3
vcmn                                      1.65
se_vinp                             0.00402832
se_vinn                                   1.65
se_start                                     0
se_mode                                      0
se_cmp                                 1.37235
se_samp_tp_n                                 0
se_sel_in_n                                  0
se_drdy                                    3.3
se_c9                                        0
se_c8                                        0
se_c7                                        0
se_c6                                        0
se_c5                                        0
se_c4                                        0
se_c3                                        0
se_c2                                        0
se_c1                                        0
se_c0                                        0
se_rel_n_256p                              3.3
se_sel_hi_n_256p                             0
se_sel_lo_n_256p                             0
se_rel_n_128p                              3.3
se_sel_hi_n_128p                             0
se_sel_lo_n_128p                             0
se_rel_n_64p                               3.3
se_sel_hi_n_64p                              0
se_sel_lo_n_64p                              0
se_rel_n_32p                               3.3
se_sel_hi_n_32p                              0
se_sel_lo_n_32p                              0
se_rel_n_16p                               3.3
se_sel_hi_n_16p                              0
se_sel_lo_n_16p                              0
se_rel_n_8p                                3.3
se_sel_hi_n_8p                               0
se_sel_lo_n_8p                               0
se_rel_n_4p                                3.3
se_sel_hi_n_4p                               0
se_sel_lo_n_4p                               0
se_rel_n_2p                                3.3
se_sel_hi_n_2p                               0
se_sel_lo_n_2p                               0
se_rel_n_1p                                3.3
se_sel_hi_n_1p                               0
se_sel_lo_n_1p                               0
se_rel_n_256n                              3.3
se_sel_hi_n_256n                             0
se_sel_lo_n_256n                             0
se_rel_n_128n                              3.3
se_sel_hi_n_128n                             0
se_sel_lo_n_128n                             0
se_rel_n_64n                               3.3
se_sel_hi_n_64n                              0
se_sel_lo_n_64n                              0
se_rel_n_32n                               3.3
se_sel_hi_n_32n                              0
se_sel_lo_n_32n                              0
se_rel_n_16n                               3.3
se_sel_hi_n_16n                              0
se_sel_lo_n_16n                              0
se_rel_n_8n                                3.3
se_sel_hi_n_8n                               0
se_sel_lo_n_8n                               0
se_rel_n_4n                                3.3
se_sel_hi_n_4n                               0
se_sel_lo_n_4n                               0
se_rel_n_2n                                3.3
se_sel_hi_n_2n                               0
se_sel_lo_n_2n                               0
se_rel_n_1n                                3.3
se_sel_hi_n_1n                               0
se_sel_lo_n_1n                               0
se_pinp                             0.00402832
se_pinn                                   1.65
xdut.\$5__t0                               3.3
xdut.sel_in__t0                              0
xdut.vss__t0                       8.87638e-15
xdut.vss__t110                     1.42013e-10
xdut.\$7__t2                       1.55454e-09
xdut.rel_256_p__t2                         3.3
xdut.vss__t46                      1.61071e-10
xdut.vss__t111                      7.2793e-20
xdut.\$9__t2                               3.3
xdut.hi_256_p__t2                            0
xdut.vss__t45                      8.63063e-15
xdut.vss__t112                     1.38082e-10
xdut.\$11__t2                              3.3
xdut.lo_256_p__t2                            0
xdut.vss__t44                      8.50779e-15
xdut.vss__t113                     1.36116e-10
xdut.vinp__t0                       0.00402832
xdut.sel_in__t1                              0
xdut.\$12__t0                             1.65
xdut.vss__t184                     6.71451e-11
xdut.vcm__t27                             1.65
xdut.rel_256_p__t1                         3.3
xdut.\$12__t262                           1.65
xdut.vss__t185                     1.32043e-10
xdut.vref__t21                             3.3
xdut.hi_256_p__t1                            0
xdut.\$12__t261                           1.65
xdut.vss__t186                      1.9525e-10
xdut.vss__t24                      9.04862e-14
xdut.lo_256_p__t1                            0
xdut.\$12__t263                           1.65
xdut.vss__t187                      6.4101e-11
xdut.\$17__t2                              3.3
xdut.sel_in__t50                             0
xdut.vss__t94                      6.86114e-15
xdut.vss__t114                     1.09772e-10
xdut.\$19__t2                      1.51746e-09
xdut.rel_128_p__t2                         3.3
xdut.vss__t109                     1.23996e-10
xdut.vss__t115                     5.36157e-20
xdut.\$21__t2                              3.3
xdut.hi_128_p__t2                            0
xdut.vss__t96                      6.61617e-15
xdut.vss__t116                     1.05852e-10
xdut.\$23__t2                              3.3
xdut.lo_128_p__t2                            0
xdut.vss__t99                      6.49373e-15
xdut.vss__t117                     1.03893e-10
xdut.vinp__t12                      0.00402832
xdut.sel_in__t25                             0
xdut.\$24__t132                           1.65
xdut.vss__t188                     5.09719e-11
xdut.vcm__t30                             1.65
xdut.rel_128_p__t1                         3.3
xdut.\$24__t133                           1.65
xdut.vss__t189                     9.97802e-11
xdut.vref__t23                             3.3
xdut.hi_128_p__t1                            0
xdut.\$24__t134                           1.65
xdut.vss__t190                     1.46848e-10
xdut.vss__t25                       6.7723e-14
xdut.lo_128_p__t1                            0
xdut.\$24__t135                           1.65
xdut.vss__t191                     4.79755e-11
xdut.\$25__t2                              3.3
xdut.sel_in__t52                             0
xdut.vss__t102                     4.85547e-15
xdut.vss__t118                     7.76828e-11
xdut.\$27__t2                      1.48058e-09
xdut.rel_64_p__t2                          3.3
xdut.vss__t103                     8.71076e-11
xdut.vss__t119                     3.59722e-20
xdut.\$29__t2                              3.3
xdut.hi_64_p__t2                             0
xdut.vss__t104                     4.61244e-15
xdut.vss__t120                     7.37945e-11
xdut.\$31__t2                              3.3
xdut.lo_64_p__t2                             0
xdut.vss__t105                     4.49107e-15
xdut.vss__t121                     7.18528e-11
xdut.vinp__t13                      0.00402832
xdut.sel_in__t26                             0
xdut.\$32__t68                            1.65
xdut.vss__t192                     3.48693e-11
xdut.vcm__t31                             1.65
xdut.rel_64_p__t1                          3.3
xdut.\$32__t69                            1.65
xdut.vss__t193                     6.76674e-11
xdut.vref__t32                             3.3
xdut.hi_64_p__t1                             0
xdut.\$32__t71                            1.65
xdut.vss__t194                     9.86851e-11
xdut.vss__t29                      4.50796e-14
xdut.lo_64_p__t1                             0
xdut.\$32__t70                            1.65
xdut.vss__t195                     3.19347e-11
xdut.\$33__t2                              3.3
xdut.sel_in__t46                             0
xdut.vss__t76                       2.8794e-15
xdut.vss__t122                     4.60676e-11
xdut.\$35__t2                      1.44428e-09
xdut.rel_32_p__t2                          3.3
xdut.vss__t75                      5.08124e-11
xdut.vss__t123                      2.0012e-20
xdut.\$37__t2                              3.3
xdut.hi_32_p__t2                             0
xdut.vss__t65                      2.64395e-15
xdut.vss__t124                     4.23007e-11
xdut.\$39__t2                              3.3
xdut.lo_32_p__t2                             0
xdut.vss__t70                      2.52705e-15
xdut.vss__t125                     4.04303e-11
xdut.vinp__t16                      0.00402832
xdut.sel_in__t31                             0
xdut.\$40__t37                            1.65
xdut.vss__t196                     1.90169e-11
xdut.vcm__t35                             1.65
xdut.rel_32_p__t1                          3.3
xdut.\$40__t38                            1.65
xdut.vss__t197                      3.6105e-11
xdut.vref__t30                             3.3
xdut.hi_32_p__t1                             0
xdut.\$40__t39                            1.65
xdut.vss__t198                     5.14359e-11
xdut.vss__t28                      2.29136e-14
xdut.lo_32_p__t1                             0
xdut.\$40__t36                            1.65
xdut.vss__t199                     1.62322e-11
xdut.\$41__t2                              3.3
xdut.sel_in__t45                             0
xdut.vss__t71                      1.10512e-15
xdut.vss__t126                     1.76808e-11
xdut.\$43__t2                      1.41238e-09
xdut.rel_16_p__t2                          3.3
xdut.vss__t72                      1.89101e-11
xdut.vss__t127                     7.12975e-21
xdut.\$45__t2                              3.3
xdut.hi_16_p__t2                             0
xdut.vss__t73                      9.59912e-16
xdut.vss__t128                     1.53577e-11
xdut.\$47__t2                              3.3
xdut.lo_16_p__t2                             0
xdut.vss__t74                      9.03995e-16
xdut.vss__t129                      1.4463e-11
xdut.vinp__t17                      0.00402832
xdut.sel_in__t32                             0
xdut.\$48__t23                            1.65
xdut.vss__t200                     5.95553e-12
xdut.vcm__t33                             1.65
xdut.rel_16_p__t1                          3.3
xdut.\$48__t20                            1.65
xdut.vss__t201                     1.14101e-11
xdut.vref__t29                             3.3
xdut.hi_16_p__t1                             0
xdut.\$48__t21                            1.65
xdut.vss__t202                      1.6885e-11
xdut.vss__t32                      8.06268e-15
xdut.lo_16_p__t1                             0
xdut.\$48__t22                            1.65
xdut.vss__t203                     5.71166e-12
xdut.\$49__t2                              3.3
xdut.sel_in__t38                             0
xdut.vss__t41                      1.53839e-15
xdut.vss__t130                     2.46128e-11
xdut.\$51__t2                      1.42371e-09
xdut.rel_8_p__t2                           3.3
xdut.vss__t67                      3.02456e-11
xdut.vss__t131                     1.15842e-20
xdut.\$53__t2                              3.3
xdut.hi_8_p__t2                              0
xdut.vss__t83                       1.7514e-15
xdut.vss__t132                     2.80206e-11
xdut.\$55__t2                              3.3
xdut.lo_8_p__t2                              0
xdut.vss__t38                      1.86104e-15
xdut.vss__t133                     2.97748e-11
xdut.vinp__t11                      0.00402832
xdut.sel_in__t24                             0
xdut.\$56__t12                            1.65
xdut.vss__t204                     1.54059e-11
xdut.vcm__t26                             1.65
xdut.rel_8_p__t1                           3.3
xdut.\$56__t13                            1.65
xdut.vss__t205                     3.25381e-11
xdut.vref__t20                             3.3
xdut.hi_8_p__t1                              0
xdut.\$56__t14                            1.65
xdut.vss__t206                     5.15472e-11
xdut.vss__t22                      2.55359e-14
xdut.lo_8_p__t1                              0
xdut.\$56__t15                            1.65
xdut.vss__t207                     1.80898e-11
xdut.\$57__t2                              3.3
xdut.sel_in__t51                             0
xdut.vss__t101                     3.42448e-15
xdut.vss__t134                     5.47883e-11
xdut.\$59__t2                      1.45869e-09
xdut.rel_4_p__t2                           3.3
xdut.vss__t100                      6.5219e-11
xdut.vss__t135                      2.6181e-20
xdut.\$61__t2                              3.3
xdut.hi_4_p__t2                              0
xdut.vss__t98                      3.66447e-15
xdut.vss__t136                      5.8628e-11
xdut.\$63__t2                              3.3
xdut.lo_4_p__t2                              0
xdut.vss__t97                       3.7848e-15
xdut.vss__t137                     6.05532e-11
xdut.vinp__t14                      0.00402832
xdut.sel_in__t28                             0
xdut.\$64__t11                            1.65
xdut.vss__t208                     3.11009e-11
xdut.vcm__t28                             1.65
xdut.rel_4_p__t1                           3.3
xdut.\$64__t10                            1.65
xdut.vss__t209                     6.39467e-11
xdut.vref__t22                             3.3
xdut.hi_4_p__t1                              0
xdut.\$64__t9                             1.65
xdut.vss__t210                     9.88012e-11
xdut.vss__t23                      4.78149e-14
xdut.lo_4_p__t1                              0
xdut.\$64__t8                             1.65
xdut.vss__t211                     3.38724e-11
xdut.\$65__t2                              3.3
xdut.sel_in__t49                             0
xdut.vss__t93                      5.41317e-15
xdut.vss__t138                     8.66055e-11
xdut.\$67__t2                      1.49532e-09
xdut.rel_2_p__t2                           3.3
xdut.vss__t92                      1.01852e-10
xdut.vss__t139                     4.28522e-20
xdut.\$69__t2                              3.3
xdut.hi_2_p__t2                              0
xdut.vss__t85                      5.65724e-15
xdut.vss__t140                     9.05103e-11
xdut.\$71__t2                              3.3
xdut.lo_2_p__t2                              0
xdut.vss__t84                      5.77936e-15
xdut.vss__t141                     9.24642e-11
xdut.vinp__t10                      0.00402832
xdut.sel_in__t23                             0
xdut.\$72__t6                             1.65
xdut.vss__t212                     4.71724e-11
xdut.vcm__t32                             1.65
xdut.rel_2_p__t1                           3.3
xdut.\$72__t7                             1.65
xdut.vss__t213                     9.60289e-11
xdut.vref__t27                             3.3
xdut.hi_2_p__t1                              0
xdut.\$72__t8                             1.65
xdut.vss__t214                     1.46965e-10
xdut.vss__t30                      7.04808e-14
xdut.lo_2_p__t1                              0
xdut.\$72__t9                             1.65
xdut.vss__t215                     4.99291e-11
xdut.\$73__t2                              3.3
xdut.sel_in__t39                             0
xdut.vss__t48                      7.42246e-15
xdut.vss__t142                     1.18752e-10
xdut.\$75__t2                       1.5323e-09
xdut.rel_1_p__t2                           3.3
xdut.vss__t47                      1.38836e-10
xdut.vss__t143                      6.1118e-20
xdut.\$77__t2                              3.3
xdut.hi_1_p__t2                              0
xdut.vss__t43                      7.66782e-15
xdut.vss__t144                     1.22678e-10
xdut.\$79__t2                              3.3
xdut.lo_1_p__t2                              0
xdut.vss__t42                      7.79053e-15
xdut.vss__t145                     1.24641e-10
xdut.vinp__t15                      0.00402832
xdut.sel_in__t30                             0
xdut.\$80__t8                             1.65
xdut.vss__t216                     6.33345e-11
xdut.vcm__t34                             1.65
xdut.rel_1_p__t1                           3.3
xdut.\$80__t7                             1.65
xdut.vss__t217                      1.2828e-10
xdut.vref__t28                             3.3
xdut.hi_1_p__t1                              0
xdut.\$80__t6                             1.65
xdut.vss__t218                     1.95368e-10
xdut.vss__t21                       9.3252e-14
xdut.lo_1_p__t1                              0
xdut.\$80__t5                             1.65
xdut.vss__t219                     6.60604e-11
xdut.\$127__t2                             3.3
xdut.sel_in__t53                             0
xdut.vss__t107                     8.85749e-15
xdut.vss__t146                     1.41711e-10
xdut.\$129__t2                     1.55419e-09
xdut.rel_256_n__t2                         3.3
xdut.vss__t108                     1.60719e-10
xdut.vss__t147                     7.26039e-20
xdut.\$92__t2                              3.3
xdut.hi_256_n__t2                            0
xdut.vss__t95                      8.61121e-15
xdut.vss__t148                     1.37771e-10
xdut.\$94__t2                              3.3
xdut.lo_256_n__t2                            0
xdut.vss__t55                      8.48808e-15
xdut.vss__t149                     1.35801e-10
xdut.vinn__t13                            1.65
xdut.sel_in__t29                             0
xdut.\$81__t261                           1.65
xdut.vss__t220                     1.33984e-10
xdut.vcm__t41                             1.65
xdut.rel_256_n__t1                         3.3
xdut.\$81__t263                           1.65
xdut.vss__t221                     1.32064e-10
xdut.vref__t26                             3.3
xdut.hi_256_n__t1                            0
xdut.\$81__t260                           1.65
xdut.vss__t222                     1.95283e-10
xdut.vss__t31                      9.05018e-14
xdut.lo_256_n__t1                            0
xdut.\$81__t262                           1.65
xdut.vss__t223                     6.41121e-11
xdut.\$130__t2                             3.3
xdut.sel_in__t43                             0
xdut.vss__t62                      6.83669e-15
xdut.vss__t150                      1.0938e-10
xdut.\$132__t2                     1.51701e-09
xdut.rel_128_n__t2                         3.3
xdut.vss__t63                      1.23538e-10
xdut.vss__t151                     5.33878e-20
xdut.\$96__t2                              3.3
xdut.hi_128_n__t2                            0
xdut.vss__t64                       6.5908e-15
xdut.vss__t152                     1.05446e-10
xdut.\$98__t2                              3.3
xdut.lo_128_n__t2                            0
xdut.vss__t106                     6.46789e-15
xdut.vss__t153                      1.0348e-10
xdut.vinn__t17                            1.65
xdut.sel_in__t36                             0
xdut.\$83__t135                           1.65
xdut.vss__t224                     1.01723e-10
xdut.vcm__t40                             1.65
xdut.rel_128_n__t1                         3.3
xdut.\$83__t134                           1.65
xdut.vss__t225                     9.98086e-11
xdut.vref__t31                             3.3
xdut.hi_128_n__t1                            0
xdut.\$83__t133                           1.65
xdut.vss__t226                     1.46892e-10
xdut.vss__t33                      6.77438e-14
xdut.lo_128_n__t1                            0
xdut.\$83__t132                           1.65
xdut.vss__t227                     4.79902e-11
xdut.\$133__t2                             3.3
xdut.sel_in__t42                             0
xdut.vss__t56                      4.82085e-15
xdut.vss__t154                      7.7129e-11
xdut.\$135__t2                     1.47992e-09
xdut.rel_64_n__t2                          3.3
xdut.vss__t59                      8.64541e-11
xdut.vss__t155                     3.56726e-20
xdut.\$100__t2                             3.3
xdut.hi_64_n__t2                             0
xdut.vss__t60                      4.57598e-15
xdut.vss__t156                     7.32113e-11
xdut.\$102__t2                             3.3
xdut.lo_64_n__t2                             0
xdut.vss__t61                      4.45363e-15
xdut.vss__t157                     7.12537e-11
xdut.vinn__t14                            1.65
xdut.sel_in__t33                             0
xdut.\$84__t71                            1.65
xdut.vss__t228                     6.96094e-11
xdut.vcm__t36                             1.65
xdut.rel_64_n__t1                          3.3
xdut.\$84__t70                            1.65
xdut.vss__t229                     6.77092e-11
xdut.vref__t25                             3.3
xdut.hi_64_n__t1                             0
xdut.\$84__t68                            1.65
xdut.vss__t230                     9.87497e-11
xdut.vss__t26                      4.51109e-14
xdut.lo_64_n__t1                             0
xdut.\$84__t69                            1.65
xdut.vss__t231                     3.19569e-11
xdut.\$136__t2                             3.3
xdut.sel_in__t47                             0
xdut.vss__t77                      2.82063e-15
xdut.vss__t158                     4.51274e-11
xdut.\$138__t2                     1.44315e-09
xdut.rel_32_n__t2                          3.3
xdut.vss__t78                      4.96839e-11
xdut.vss__t159                      1.9538e-20
xdut.\$104__t2                             3.3
xdut.hi_32_n__t2                             0
xdut.vss__t79                      2.57983e-15
xdut.vss__t160                     4.12748e-11
xdut.\$106__t2                             3.3
xdut.lo_32_n__t2                             0
xdut.vss__t80                      2.45988e-15
xdut.vss__t161                     3.93557e-11
xdut.vinn__t12                            1.65
xdut.sel_in__t27                             0
xdut.\$85__t39                            1.65
xdut.vss__t232                     3.80158e-11
xdut.vcm__t29                             1.65
xdut.rel_32_n__t1                          3.3
xdut.\$85__t37                            1.65
xdut.vss__t233                     3.61834e-11
xdut.vref__t24                             3.3
xdut.hi_32_n__t1                             0
xdut.\$85__t38                            1.65
xdut.vss__t234                     5.15597e-11
xdut.vss__t20                      2.29752e-14
xdut.lo_32_n__t1                             0
xdut.\$85__t36                            1.65
xdut.vss__t235                     1.62758e-11
xdut.\$139__t2                             3.3
xdut.sel_in__t44                             0
xdut.vss__t66                      9.41447e-16
xdut.vss__t162                     1.50622e-11
xdut.\$141__t2                     1.40909e-09
xdut.rel_16_n__t2                          3.3
xdut.vss__t81                      1.56262e-11
xdut.vss__t163                     5.86457e-21
xdut.\$108__t2                             3.3
xdut.hi_16_n__t2                             0
xdut.vss__t68                      7.65813e-16
xdut.vss__t164                     1.22523e-11
xdut.\$110__t2                             3.3
xdut.lo_16_n__t2                             0
xdut.vss__t69                      6.94439e-16
xdut.vss__t165                     1.11103e-11
xdut.vinn__t9                             1.65
xdut.sel_in__t20                             0
xdut.\$86__t22                            1.65
xdut.vss__t236                     1.21182e-11
xdut.vcm__t23                             1.65
xdut.rel_16_n__t1                          3.3
xdut.\$86__t20                            1.65
xdut.vss__t237                     1.16557e-11
xdut.vref__t18                             3.3
xdut.hi_16_n__t1                             0
xdut.\$86__t21                            1.65
xdut.vss__t238                     1.72587e-11
xdut.vss__t27                      8.23588e-15
xdut.lo_16_n__t1                             0
xdut.\$86__t23                            1.65
xdut.vss__t239                     5.83435e-12
xdut.\$142__t2                             3.3
xdut.sel_in__t48                             0
xdut.vss__t82                      1.42537e-15
xdut.vss__t166                     2.28046e-11
xdut.\$144__t2                     1.42178e-09
xdut.rel_8_n__t2                           3.3
xdut.vss__t91                      2.83087e-11
xdut.vss__t167                     1.08135e-20
xdut.\$112__t2                             3.3
xdut.hi_8_n__t2                              0
xdut.vss__t90                      1.65301e-15
xdut.vss__t168                     2.64465e-11
xdut.\$114__t2                             3.3
xdut.lo_8_n__t2                              0
xdut.vss__t89                      1.76876e-15
xdut.vss__t169                     2.82984e-11
xdut.vinn__t16                            1.65
xdut.sel_in__t35                             0
xdut.\$87__t15                            1.65
xdut.vss__t240                     3.08288e-11
xdut.vcm__t39                             1.65
xdut.rel_8_n__t1                           3.3
xdut.\$87__t14                            1.65
xdut.vss__t241                      3.2625e-11
xdut.vref__t35                             3.3
xdut.hi_8_n__t1                              0
xdut.\$87__t13                            1.65
xdut.vss__t242                     5.16708e-11
xdut.vss__t36                      2.55911e-14
xdut.lo_8_n__t1                              0
xdut.\$87__t12                            1.65
xdut.vss__t243                     1.81289e-11
xdut.\$145__t2                             3.3
xdut.sel_in__t41                             0
xdut.vss__t54                      3.37521e-15
xdut.vss__t170                     5.40002e-11
xdut.\$147__t2                     1.45781e-09
xdut.rel_4_n__t2                           3.3
xdut.vss__t88                      6.43436e-11
xdut.vss__t171                     2.57999e-20
xdut.\$116__t2                             3.3
xdut.hi_4_n__t2                              0
xdut.vss__t87                      3.61848e-15
xdut.vss__t172                     5.78922e-11
xdut.\$118__t2                             3.3
xdut.lo_4_n__t2                              0
xdut.vss__t86                      3.74029e-15
xdut.vss__t173                      5.9841e-11
xdut.vinn__t10                            1.65
xdut.sel_in__t21                             0
xdut.\$88__t11                            1.65
xdut.vss__t244                     6.20959e-11
xdut.vcm__t25                             1.65
xdut.rel_4_n__t1                           3.3
xdut.\$88__t10                            1.65
xdut.vss__t245                      6.3991e-11
xdut.vref__t19                             3.3
xdut.hi_4_n__t1                              0
xdut.\$88__t9                             1.65
xdut.vss__t246                     9.88658e-11
xdut.vss__t19                      4.78444e-14
xdut.lo_4_n__t1                              0
xdut.\$88__t8                             1.65
xdut.vss__t247                     3.38933e-11
xdut.\$148__t2                             3.3
xdut.sel_in__t37                             0
xdut.vss__t37                      5.38214e-15
xdut.vss__t174                     8.61091e-11
xdut.\$150__t2                     1.49476e-09
xdut.rel_2_n__t2                           3.3
xdut.vss__t53                      1.01293e-10
xdut.vss__t175                     4.25875e-20
xdut.\$120__t2                             3.3
xdut.hi_2_n__t2                              0
xdut.vss__t40                      5.62756e-15
xdut.vss__t176                     9.00355e-11
xdut.\$122__t2                             3.3
xdut.lo_2_n__t2                              0
xdut.vss__t39                      5.75031e-15
xdut.vss__t177                     9.19994e-11
xdut.vinn__t11                            1.65
xdut.sel_in__t22                             0
xdut.\$89__t6                             1.65
xdut.vss__t248                     9.41451e-11
xdut.vcm__t38                             1.65
xdut.rel_2_n__t1                           3.3
xdut.\$89__t9                             1.65
xdut.vss__t249                     9.60584e-11
xdut.vref__t34                             3.3
xdut.hi_2_n__t1                              0
xdut.\$89__t8                             1.65
xdut.vss__t250                     1.47009e-10
xdut.vss__t35                      7.05009e-14
xdut.lo_2_n__t1                              0
xdut.\$89__t7                             1.65
xdut.vss__t251                     4.99433e-11
xdut.\$151__t2                             3.3
xdut.sel_in__t40                             0
xdut.vss__t49                      7.39986e-15
xdut.vss__t178                     1.18391e-10
xdut.\$153__t2                      1.5319e-09
xdut.rel_1_n__t2                           3.3
xdut.vss__t50                      1.38427e-10
xdut.vss__t179                     6.09081e-20
xdut.\$124__t2                             3.3
xdut.hi_1_n__t2                              0
xdut.vss__t51                      7.64594e-15
xdut.vss__t180                     1.22328e-10
xdut.\$126__t2                             3.3
xdut.lo_1_n__t2                              0
xdut.vss__t52                        7.769e-15
xdut.vss__t181                     1.24296e-10
xdut.vinn__t15                            1.65
xdut.sel_in__t34                             0
xdut.\$90__t8                             1.65
xdut.vss__t252                     1.26383e-10
xdut.vcm__t37                             1.65
xdut.rel_1_n__t1                           3.3
xdut.\$90__t7                             1.65
xdut.vss__t253                     1.28302e-10
xdut.vref__t33                             3.3
xdut.hi_1_n__t1                              0
xdut.\$90__t6                             1.65
xdut.vss__t254                       1.954e-10
xdut.vss__t34                      9.32671e-14
xdut.lo_1_n__t1                              0
xdut.\$90__t5                             1.65
xdut.vss__t255                     6.60711e-11
xdut.\$157__t2                             3.3
xdut.tp_gn__t4                               0
xdut.vss__t57                      9.89643e-15
xdut.vss__t182                     1.58333e-10
xdut.vcm__t24                             1.65
xdut.tp_gn__t3                               0
xdut.topp__t513                        2.38046
xdut.vss__t256                     1.96182e-10
xdut.\$158__t2                             3.3
xdut.tp_gn__t5                               0
xdut.vss__t58                      1.04484e-14
xdut.vss__t183                     1.67164e-10
xdut.vcm__t22                             1.65
xdut.tp_gn__t2                               0
xdut.topn__t513                        1.37579
xdut.vss__t257                      1.5536e-10
xdut.\$5__t1                               3.3
xdut.sel_in__t2                              0
xdut.vdd__t0                               3.3
xdut.vdd__t1                               3.3
xdut.\$7__t1                       2.17069e-09
xdut.rel_256_p__t0                         3.3
xdut.vdd__t209                             3.3
xdut.vdd__t136                             3.3
xdut.\$9__t1                               3.3
xdut.hi_256_p__t0                            0
xdut.vdd__t208                             3.3
xdut.vdd__t135                             3.3
xdut.\$11__t1                              3.3
xdut.lo_256_p__t0                            0
xdut.vdd__t218                             3.3
xdut.vdd__t145                             3.3
xdut.vinp__t1                       0.00402832
xdut.\$5__t2                               3.3
xdut.\$12__t1                             1.65
xdut.vdd__t2                               3.3
xdut.vcm__t21                             1.65
xdut.\$7__t0                       2.06138e-09
xdut.\$12__t260                           1.65
xdut.vdd__t74                              3.3
xdut.vref__t3                              3.3
xdut.\$9__t0                               3.3
xdut.\$12__t258                           1.65
xdut.vdd__t13                              3.3
xdut.vss__t5                       1.53686e-10
xdut.\$11__t0                              3.3
xdut.\$12__t259                           1.65
xdut.vdd__t22                              3.3
xdut.\$17__t1                              3.3
xdut.sel_in__t19                             0
xdut.vdd__t220                             3.3
xdut.vdd__t147                             3.3
xdut.\$19__t1                      2.13362e-09
xdut.rel_128_p__t0                         3.3
xdut.vdd__t219                             3.3
xdut.vdd__t146                             3.3
xdut.\$21__t1                              3.3
xdut.hi_128_p__t0                            0
xdut.vdd__t206                             3.3
xdut.vdd__t133                             3.3
xdut.\$23__t1                              3.3
xdut.lo_128_p__t0                            0
xdut.vdd__t207                             3.3
xdut.vdd__t134                             3.3
xdut.vinp__t6                       0.00402832
xdut.\$17__t0                              3.3
xdut.\$24__t131                           1.65
xdut.vdd__t43                              3.3
xdut.vcm__t6                              1.65
xdut.\$19__t0                       2.0243e-09
xdut.\$24__t130                           1.65
xdut.vdd__t17                              3.3
xdut.vref__t4                              3.3
xdut.\$21__t0                              3.3
xdut.\$24__t129                           1.65
xdut.vdd__t16                              3.3
xdut.vss__t2                        1.0927e-10
xdut.\$23__t0                              3.3
xdut.\$24__t128                           1.65
xdut.vdd__t15                              3.3
xdut.\$25__t1                              3.3
xdut.sel_in__t16                             0
xdut.vdd__t210                             3.3
xdut.vdd__t137                             3.3
xdut.\$27__t1                      2.09673e-09
xdut.rel_64_p__t0                          3.3
xdut.vdd__t201                             3.3
xdut.vdd__t128                             3.3
xdut.\$29__t1                              3.3
xdut.hi_64_p__t0                             0
xdut.vdd__t217                             3.3
xdut.vdd__t144                             3.3
xdut.\$31__t1                              3.3
xdut.lo_64_p__t0                             0
xdut.vdd__t151                             3.3
xdut.vdd__t78                              3.3
xdut.vinp__t9                       0.00402832
xdut.\$25__t0                              3.3
xdut.\$32__t67                            1.65
xdut.vdd__t75                              3.3
xdut.vcm__t18                             1.65
xdut.\$27__t0                      1.98741e-09
xdut.\$32__t66                            1.65
xdut.vdd__t66                              3.3
xdut.vref__t15                             3.3
xdut.\$29__t0                              3.3
xdut.\$32__t65                            1.65
xdut.vdd__t64                              3.3
xdut.vss__t4                       6.50696e-11
xdut.\$31__t0                              3.3
xdut.\$32__t64                            1.65
xdut.vdd__t19                              3.3
xdut.\$33__t1                              3.3
xdut.sel_in__t4                              0
xdut.vdd__t156                             3.3
xdut.vdd__t83                              3.3
xdut.\$35__t1                      2.06044e-09
xdut.rel_32_p__t0                          3.3
xdut.vdd__t158                             3.3
xdut.vdd__t85                              3.3
xdut.\$37__t1                              3.3
xdut.hi_32_p__t0                             0
xdut.vdd__t160                             3.3
xdut.vdd__t87                              3.3
xdut.\$39__t1                              3.3
xdut.lo_32_p__t0                             0
xdut.vdd__t161                             3.3
xdut.vdd__t88                              3.3
xdut.vinp__t3                       0.00402832
xdut.\$33__t0                              3.3
xdut.\$40__t32                            1.65
xdut.vdd__t11                              3.3
xdut.vcm__t13                             1.65
xdut.\$35__t0                      1.95112e-09
xdut.\$40__t33                            1.65
xdut.vdd__t44                              3.3
xdut.vref__t10                             3.3
xdut.\$37__t0                              3.3
xdut.\$40__t34                            1.65
xdut.vdd__t45                              3.3
xdut.vss__t12                      2.23973e-11
xdut.\$39__t0                              3.3
xdut.\$40__t35                            1.65
xdut.vdd__t46                              3.3
xdut.\$41__t1                              3.3
xdut.sel_in__t18                             0
xdut.vdd__t215                             3.3
xdut.vdd__t142                             3.3
xdut.\$43__t1                      2.02853e-09
xdut.rel_16_p__t0                          3.3
xdut.vdd__t216                             3.3
xdut.vdd__t143                             3.3
xdut.\$45__t1                              3.3
xdut.hi_16_p__t0                             0
xdut.vdd__t154                             3.3
xdut.vdd__t81                              3.3
xdut.\$47__t1                              3.3
xdut.lo_16_p__t0                             0
xdut.vdd__t155                             3.3
xdut.vdd__t82                              3.3
xdut.vinp__t7                       0.00402832
xdut.\$41__t0                              3.3
xdut.\$48__t19                            1.65
xdut.vdd__t47                              3.3
xdut.vcm__t4                              1.65
xdut.\$43__t0                      1.91922e-09
xdut.\$48__t16                            1.65
xdut.vdd__t5                               3.3
xdut.vref__t2                              3.3
xdut.\$45__t0                              3.3
xdut.\$48__t17                            1.65
xdut.vdd__t12                              3.3
xdut.vss__t6                       2.72525e-11
xdut.\$47__t0                              3.3
xdut.\$48__t18                            1.65
xdut.vdd__t23                              3.3
xdut.\$49__t1                              3.3
xdut.sel_in__t14                             0
xdut.vdd__t198                             3.3
xdut.vdd__t125                             3.3
xdut.\$51__t1                      2.03987e-09
xdut.rel_8_p__t0                           3.3
xdut.vdd__t199                             3.3
xdut.vdd__t126                             3.3
xdut.\$53__t1                              3.3
xdut.hi_8_p__t0                              0
xdut.vdd__t191                             3.3
xdut.vdd__t118                             3.3
xdut.\$55__t1                              3.3
xdut.lo_8_p__t0                              0
xdut.vdd__t167                             3.3
xdut.vdd__t94                              3.3
xdut.vinp__t4                       0.00402832
xdut.\$49__t0                              3.3
xdut.\$56__t8                             1.65
xdut.vdd__t14                              3.3
xdut.vcm__t12                             1.65
xdut.\$51__t0                      1.93055e-09
xdut.\$56__t9                             1.65
xdut.vdd__t38                              3.3
xdut.vref__t9                              3.3
xdut.\$53__t0                              3.3
xdut.\$56__t10                            1.65
xdut.vdd__t39                              3.3
xdut.vss__t11                      7.04075e-11
xdut.\$55__t0                              3.3
xdut.\$56__t11                            1.65
xdut.vdd__t40                              3.3
xdut.\$57__t1                              3.3
xdut.sel_in__t11                             0
xdut.vdd__t186                             3.3
xdut.vdd__t113                             3.3
xdut.\$59__t1                      2.07484e-09
xdut.rel_4_p__t0                           3.3
xdut.vdd__t187                             3.3
xdut.vdd__t114                             3.3
xdut.\$61__t1                              3.3
xdut.hi_4_p__t0                              0
xdut.vdd__t188                             3.3
xdut.vdd__t115                             3.3
xdut.\$63__t1                              3.3
xdut.lo_4_p__t0                              0
xdut.vdd__t189                             3.3
xdut.vdd__t116                             3.3
xdut.vinp__t2                       0.00402832
xdut.\$57__t0                              3.3
xdut.\$64__t4                             1.65
xdut.vdd__t7                               3.3
xdut.vcm__t5                              1.65
xdut.\$59__t0                      1.96553e-09
xdut.\$64__t5                             1.65
xdut.vdd__t8                               3.3
xdut.vref__t1                              3.3
xdut.\$61__t0                              3.3
xdut.\$64__t6                             1.65
xdut.vdd__t9                               3.3
xdut.vss__t1                       1.14653e-10
xdut.\$63__t0                              3.3
xdut.\$64__t7                             1.65
xdut.vdd__t10                              3.3
xdut.\$65__t1                              3.3
xdut.sel_in__t10                             0
xdut.vdd__t183                             3.3
xdut.vdd__t110                             3.3
xdut.\$67__t1                      2.11147e-09
xdut.rel_2_p__t0                           3.3
xdut.vdd__t179                             3.3
xdut.vdd__t106                             3.3
xdut.\$69__t1                              3.3
xdut.hi_2_p__t0                              0
xdut.vdd__t180                             3.3
xdut.vdd__t107                             3.3
xdut.\$71__t1                              3.3
xdut.lo_2_p__t0                              0
xdut.vdd__t181                             3.3
xdut.vdd__t108                             3.3
xdut.vinp__t8                       0.00402832
xdut.\$65__t0                              3.3
xdut.\$72__t2                             1.65
xdut.vdd__t48                              3.3
xdut.vcm__t14                             1.65
xdut.\$67__t0                      2.00216e-09
xdut.\$72__t3                             1.65
xdut.vdd__t49                              3.3
xdut.vref__t11                             3.3
xdut.\$69__t0                              3.3
xdut.\$72__t4                             1.65
xdut.vdd__t50                              3.3
xdut.vss__t13                      1.59081e-10
xdut.\$71__t0                              3.3
xdut.\$72__t5                             1.65
xdut.vdd__t51                              3.3
xdut.\$73__t1                              3.3
xdut.sel_in__t9                              0
xdut.vdd__t182                             3.3
xdut.vdd__t109                             3.3
xdut.\$75__t1                      2.14846e-09
xdut.rel_1_p__t0                           3.3
xdut.vdd__t202                             3.3
xdut.vdd__t129                             3.3
xdut.\$77__t1                              3.3
xdut.hi_1_p__t0                              0
xdut.vdd__t168                             3.3
xdut.vdd__t95                              3.3
xdut.\$79__t1                              3.3
xdut.lo_1_p__t0                              0
xdut.vdd__t169                             3.3
xdut.vdd__t96                              3.3
xdut.vinp__t5                       0.00402832
xdut.\$73__t0                              3.3
xdut.\$80__t1                             1.65
xdut.vdd__t20                              3.3
xdut.vcm__t7                              1.65
xdut.\$75__t0                      2.03914e-09
xdut.\$80__t2                             1.65
xdut.vdd__t21                              3.3
xdut.vref__t12                             3.3
xdut.\$77__t0                              3.3
xdut.\$80__t3                             1.65
xdut.vdd__t52                              3.3
xdut.vss__t16                      2.03572e-10
xdut.\$79__t0                              3.3
xdut.\$80__t4                             1.65
xdut.vdd__t63                              3.3
xdut.\$127__t1                             3.3
xdut.sel_in__t17                             0
xdut.vdd__t214                             3.3
xdut.vdd__t141                             3.3
xdut.\$129__t1                     2.17034e-09
xdut.rel_256_n__t0                         3.3
xdut.vdd__t213                             3.3
xdut.vdd__t140                             3.3
xdut.\$92__t1                              3.3
xdut.hi_256_n__t0                            0
xdut.vdd__t212                             3.3
xdut.vdd__t139                             3.3
xdut.\$94__t1                              3.3
xdut.lo_256_n__t0                            0
xdut.vdd__t211                             3.3
xdut.vdd__t138                             3.3
xdut.vinn__t7                             1.65
xdut.\$127__t0                             3.3
xdut.\$81__t256                           1.65
xdut.vdd__t65                              3.3
xdut.vcm__t19                             1.65
xdut.\$129__t0                     2.06103e-09
xdut.\$81__t257                           1.65
xdut.vdd__t67                              3.3
xdut.vref__t16                             3.3
xdut.\$92__t0                              3.3
xdut.\$81__t258                           1.65
xdut.vdd__t68                              3.3
xdut.vss__t17                      1.54654e-10
xdut.\$94__t0                              3.3
xdut.\$81__t259                           1.65
xdut.vdd__t69                              3.3
xdut.\$130__t1                             3.3
xdut.sel_in__t15                             0
xdut.vdd__t205                             3.3
xdut.vdd__t132                             3.3
xdut.\$132__t1                     2.13316e-09
xdut.rel_128_n__t0                         3.3
xdut.vdd__t204                             3.3
xdut.vdd__t131                             3.3
xdut.\$96__t1                              3.3
xdut.hi_128_n__t0                            0
xdut.vdd__t203                             3.3
xdut.vdd__t130                             3.3
xdut.\$98__t1                              3.3
xdut.lo_128_n__t0                            0
xdut.vdd__t221                             3.3
xdut.vdd__t148                             3.3
xdut.vinn__t8                             1.65
xdut.\$130__t0                             3.3
xdut.\$83__t128                           1.65
xdut.vdd__t70                              3.3
xdut.vcm__t20                             1.65
xdut.\$132__t0                     2.02384e-09
xdut.\$83__t129                           1.65
xdut.vdd__t71                              3.3
xdut.vref__t17                             3.3
xdut.\$96__t0                              3.3
xdut.\$83__t130                           1.65
xdut.vdd__t72                              3.3
xdut.vss__t18                      1.10628e-10
xdut.\$98__t0                              3.3
xdut.\$83__t131                           1.65
xdut.vdd__t73                              3.3
xdut.\$133__t1                             3.3
xdut.sel_in__t7                              0
xdut.vdd__t174                             3.3
xdut.vdd__t101                             3.3
xdut.\$135__t1                     2.09608e-09
xdut.rel_64_n__t0                          3.3
xdut.vdd__t153                             3.3
xdut.vdd__t80                              3.3
xdut.\$100__t1                             3.3
xdut.hi_64_n__t0                             0
xdut.vdd__t159                             3.3
xdut.vdd__t86                              3.3
xdut.\$102__t1                             3.3
xdut.lo_64_n__t0                             0
xdut.vdd__t162                             3.3
xdut.vdd__t89                              3.3
xdut.vinn__t6                             1.65
xdut.\$133__t0                             3.3
xdut.\$84__t67                            1.65
xdut.vdd__t61                              3.3
xdut.vcm__t16                             1.65
xdut.\$135__t0                     1.98676e-09
xdut.\$84__t66                            1.65
xdut.vdd__t60                              3.3
xdut.vref__t14                             3.3
xdut.\$100__t0                             3.3
xdut.\$84__t65                            1.65
xdut.vdd__t59                              3.3
xdut.vss__t15                      6.73249e-11
xdut.\$102__t0                             3.3
xdut.\$84__t64                            1.65
xdut.vdd__t58                              3.3
xdut.\$136__t1                             3.3
xdut.sel_in__t3                              0
xdut.vdd__t149                             3.3
xdut.vdd__t76                              3.3
xdut.\$138__t1                     2.05931e-09
xdut.rel_32_n__t0                          3.3
xdut.vdd__t152                             3.3
xdut.vdd__t79                              3.3
xdut.\$104__t1                             3.3
xdut.hi_32_n__t0                             0
xdut.vdd__t150                             3.3
xdut.vdd__t77                              3.3
xdut.\$106__t1                             3.3
xdut.lo_32_n__t0                             0
xdut.vdd__t166                             3.3
xdut.vdd__t93                              3.3
xdut.vinn__t5                             1.65
xdut.\$136__t0                             3.3
xdut.\$85__t35                            1.65
xdut.vdd__t57                              3.3
xdut.vcm__t15                             1.65
xdut.\$138__t0                     1.94999e-09
xdut.\$85__t34                            1.65
xdut.vdd__t56                              3.3
xdut.vref__t13                             3.3
xdut.\$104__t0                             3.3
xdut.\$85__t33                            1.65
xdut.vdd__t55                              3.3
xdut.vss__t14                      2.82884e-11
xdut.\$106__t0                             3.3
xdut.\$85__t32                            1.65
xdut.vdd__t54                              3.3
xdut.\$139__t1                             3.3
xdut.sel_in__t5                              0
xdut.vdd__t165                             3.3
xdut.vdd__t92                              3.3
xdut.\$141__t1                     2.02525e-09
xdut.rel_16_n__t0                          3.3
xdut.vdd__t164                             3.3
xdut.vdd__t91                              3.3
xdut.\$108__t1                             3.3
xdut.hi_16_n__t0                             0
xdut.vdd__t163                             3.3
xdut.vdd__t90                              3.3
xdut.\$110__t1                             3.3
xdut.lo_16_n__t0                             0
xdut.vdd__t157                             3.3
xdut.vdd__t84                              3.3
xdut.vinn__t4                             1.65
xdut.\$139__t0                             3.3
xdut.\$86__t18                            1.65
xdut.vdd__t53                              3.3
xdut.vcm__t17                             1.65
xdut.\$141__t0                     1.91593e-09
xdut.\$86__t19                            1.65
xdut.vdd__t62                              3.3
xdut.vref__t0                              3.3
xdut.\$108__t0                             3.3
xdut.\$86__t16                            1.65
xdut.vdd__t6                               3.3
xdut.vss__t9                        3.2269e-11
xdut.\$110__t0                             3.3
xdut.\$86__t17                            1.65
xdut.vdd__t32                              3.3
xdut.\$142__t1                             3.3
xdut.sel_in__t12                             0
xdut.vdd__t190                             3.3
xdut.vdd__t117                             3.3
xdut.\$144__t1                     2.03793e-09
xdut.rel_8_n__t0                           3.3
xdut.vdd__t200                             3.3
xdut.vdd__t127                             3.3
xdut.\$112__t1                             3.3
xdut.hi_8_n__t0                              0
xdut.vdd__t192                             3.3
xdut.vdd__t119                             3.3
xdut.\$114__t1                             3.3
xdut.lo_8_n__t0                              0
xdut.vdd__t193                             3.3
xdut.vdd__t120                             3.3
xdut.vinn__t2                             1.65
xdut.\$142__t0                             3.3
xdut.\$87__t11                            1.65
xdut.vdd__t41                              3.3
xdut.vcm__t11                             1.65
xdut.\$144__t0                     1.92862e-09
xdut.\$87__t10                            1.65
xdut.vdd__t37                              3.3
xdut.vref__t8                              3.3
xdut.\$112__t0                             3.3
xdut.\$87__t9                             1.65
xdut.vdd__t36                              3.3
xdut.vss__t3                       7.24969e-11
xdut.\$114__t0                             3.3
xdut.\$87__t8                             1.65
xdut.vdd__t18                              3.3
xdut.\$145__t1                             3.3
xdut.sel_in__t13                             0
xdut.vdd__t194                             3.3
xdut.vdd__t121                             3.3
xdut.\$147__t1                     2.07397e-09
xdut.rel_4_n__t0                           3.3
xdut.vdd__t195                             3.3
xdut.vdd__t122                             3.3
xdut.\$116__t1                             3.3
xdut.hi_4_n__t0                              0
xdut.vdd__t196                             3.3
xdut.vdd__t123                             3.3
xdut.\$118__t1                             3.3
xdut.lo_4_n__t0                              0
xdut.vdd__t197                             3.3
xdut.vdd__t124                             3.3
xdut.vinn__t0                             1.65
xdut.\$145__t0                             3.3
xdut.\$88__t4                             1.65
xdut.vdd__t24                              3.3
xdut.vcm__t8                              1.65
xdut.\$147__t0                     1.96465e-09
xdut.\$88__t5                             1.65
xdut.vdd__t25                              3.3
xdut.vref__t5                              3.3
xdut.\$116__t0                             3.3
xdut.\$88__t6                             1.65
xdut.vdd__t26                              3.3
xdut.vss__t7                       1.15947e-10
xdut.\$118__t0                             3.3
xdut.\$88__t7                             1.65
xdut.vdd__t27                              3.3
xdut.\$148__t1                             3.3
xdut.sel_in__t6                              0
xdut.vdd__t170                             3.3
xdut.vdd__t97                              3.3
xdut.\$150__t1                     2.11092e-09
xdut.rel_2_n__t0                           3.3
xdut.vdd__t171                             3.3
xdut.vdd__t98                              3.3
xdut.\$120__t1                             3.3
xdut.hi_2_n__t0                              0
xdut.vdd__t172                             3.3
xdut.vdd__t99                              3.3
xdut.\$122__t1                             3.3
xdut.lo_2_n__t0                              0
xdut.vdd__t173                             3.3
xdut.vdd__t100                             3.3
xdut.vinn__t1                             1.65
xdut.\$148__t0                             3.3
xdut.\$89__t2                             1.65
xdut.vdd__t28                              3.3
xdut.vcm__t9                              1.65
xdut.\$150__t0                      2.0016e-09
xdut.\$89__t3                             1.65
xdut.vdd__t29                              3.3
xdut.vref__t6                              3.3
xdut.\$120__t0                             3.3
xdut.\$89__t4                             1.65
xdut.vdd__t30                              3.3
xdut.vss__t8                       1.60016e-10
xdut.\$122__t0                             3.3
xdut.\$89__t5                             1.65
xdut.vdd__t31                              3.3
xdut.\$151__t1                             3.3
xdut.sel_in__t8                              0
xdut.vdd__t175                             3.3
xdut.vdd__t102                             3.3
xdut.\$153__t1                     2.14805e-09
xdut.rel_1_n__t0                           3.3
xdut.vdd__t176                             3.3
xdut.vdd__t103                             3.3
xdut.\$124__t1                             3.3
xdut.hi_1_n__t0                              0
xdut.vdd__t177                             3.3
xdut.vdd__t104                             3.3
xdut.\$126__t1                             3.3
xdut.lo_1_n__t0                              0
xdut.vdd__t178                             3.3
xdut.vdd__t105                             3.3
xdut.vinn__t3                             1.65
xdut.\$151__t0                             3.3
xdut.\$90__t4                             1.65
xdut.vdd__t42                              3.3
xdut.vcm__t10                             1.65
xdut.\$153__t0                     2.03873e-09
xdut.\$90__t1                             1.65
xdut.vdd__t33                              3.3
xdut.vref__t7                              3.3
xdut.\$124__t0                             3.3
xdut.\$90__t2                             1.65
xdut.vdd__t34                              3.3
xdut.vss__t10                      2.04304e-10
xdut.\$126__t0                             3.3
xdut.\$90__t3                             1.65
xdut.vdd__t35                              3.3
xdut.\$157__t1                             3.3
xdut.tp_gn__t0                               0
xdut.vdd__t184                             3.3
xdut.vdd__t111                             3.3
xdut.vcm__t3                              1.65
xdut.\$157__t0                             3.3
xdut.topp__t512                        2.38046
xdut.vdd__t4                               3.3
xdut.\$158__t1                             3.3
xdut.tp_gn__t1                               0
xdut.vdd__t185                             3.3
xdut.vdd__t112                             3.3
xdut.vcm__t2                              1.65
xdut.\$158__t0                             3.3
xdut.topn__t512                        1.37579
xdut.vdd__t3                               3.3
xdut.\$12__t248                           1.65
xdut.topp__t0                          2.38046
xdut.\$72__t1                             1.65
xdut.topp__t494                        2.38046
xdut.\$12__t247                           1.65
xdut.topp__t493                        2.38046
xdut.\$64__t3                             1.65
xdut.topp__t492                        2.38046
xdut.\$12__t246                           1.65
xdut.topp__t491                        2.38046
xdut.\$56__t7                             1.65
xdut.topp__t490                        2.38046
xdut.\$12__t245                           1.65
xdut.topp__t489                        2.38046
xdut.\$56__t6                             1.65
xdut.topp__t488                        2.38046
xdut.\$12__t244                           1.65
xdut.topp__t487                        2.38046
xdut.\$48__t15                            1.65
xdut.topp__t486                        2.38046
xdut.\$12__t243                           1.65
xdut.topp__t485                        2.38046
xdut.\$48__t14                            1.65
xdut.topp__t484                        2.38046
xdut.\$12__t242                           1.65
xdut.topp__t483                        2.38046
xdut.\$48__t13                            1.65
xdut.topp__t482                        2.38046
xdut.\$12__t249                           1.65
xdut.topp__t496                        2.38046
xdut.\$48__t12                            1.65
xdut.topp__t450                        2.38046
xdut.\$12__t257                           1.65
xdut.topp__t511                        2.38046
xdut.\$40__t30                            1.65
xdut.topp__t495                        2.38046
xdut.\$12__t198                           1.65
xdut.topp__t392                        2.38046
xdut.\$40__t27                            1.65
xdut.topp__t476                        2.38046
xdut.\$12__t233                           1.65
xdut.topp__t462                        2.38046
xdut.\$40__t25                            1.65
xdut.topp__t461                        2.38046
xdut.\$12__t232                           1.65
xdut.topp__t460                        2.38046
xdut.\$40__t24                            1.65
xdut.topp__t459                        2.38046
xdut.\$12__t231                           1.65
xdut.topp__t458                        2.38046
xdut.\$40__t26                            1.65
xdut.topp__t471                        2.38046
xdut.\$12__t256                           1.65
xdut.topp__t510                        2.38046
xdut.\$40__t31                            1.65
xdut.topp__t497                        2.38046
xdut.\$12__t241                           1.65
xdut.topp__t480                        2.38046
xdut.\$40__t29                            1.65
xdut.topp__t479                        2.38046
xdut.\$12__t240                           1.65
xdut.topp__t478                        2.38046
xdut.\$40__t28                            1.65
xdut.topp__t477                        2.38046
xdut.\$81__t252                           1.65
xdut.topn__t506                        1.37579
xdut.\$89__t1                             1.65
xdut.topn__t505                        1.37579
xdut.\$81__t173                           1.65
xdut.topn__t346                        1.37579
xdut.\$88__t3                             1.65
xdut.topn__t345                        1.37579
xdut.\$81__t172                           1.65
xdut.topn__t344                        1.37579
xdut.\$87__t7                             1.65
xdut.topn__t343                        1.37579
xdut.\$81__t171                           1.65
xdut.topn__t342                        1.37579
xdut.\$87__t6                             1.65
xdut.topn__t341                        1.37579
xdut.\$81__t170                           1.65
xdut.topn__t340                        1.37579
xdut.\$86__t9                             1.65
xdut.topn__t339                        1.37579
xdut.\$81__t169                           1.65
xdut.topn__t338                        1.37579
xdut.\$86__t12                            1.65
xdut.topn__t385                        1.37579
xdut.\$81__t199                           1.65
xdut.topn__t400                        1.37579
xdut.\$86__t7                             1.65
xdut.topn__t211                        1.37579
xdut.\$81__t176                           1.65
xdut.topn__t352                        1.37579
xdut.\$86__t10                            1.65
xdut.topn__t351                        1.37579
xdut.\$81__t175                           1.65
xdut.topn__t350                        1.37579
xdut.\$85__t22                            1.65
xdut.topn__t349                        1.37579
xdut.\$81__t174                           1.65
xdut.topn__t348                        1.37579
xdut.\$85__t21                            1.65
xdut.topn__t347                        1.37579
xdut.\$81__t137                           1.65
xdut.topn__t277                        1.37579
xdut.\$85__t15                            1.65
xdut.topn__t214                        1.37579
xdut.\$81__t113                           1.65
xdut.topn__t230                        1.37579
xdut.\$85__t19                            1.65
xdut.topn__t229                        1.37579
xdut.\$81__t112                           1.65
xdut.topn__t228                        1.37579
xdut.\$85__t18                            1.65
xdut.topn__t227                        1.37579
xdut.\$81__t111                           1.65
xdut.topn__t226                        1.37579
xdut.\$85__t20                            1.65
xdut.topn__t241                        1.37579
xdut.\$81__t109                           1.65
xdut.topn__t224                        1.37579
xdut.\$85__t17                            1.65
xdut.topn__t218                        1.37579
xdut.\$81__t105                           1.65
xdut.topn__t216                        1.37579
xdut.\$85__t16                            1.65
xdut.topn__t215                        1.37579
xdut.\$12__t229                           1.65
xdut.topp__t456                        2.38046
xdut.\$32__t50                            1.65
xdut.topp__t455                        2.38046
xdut.\$12__t228                           1.65
xdut.topp__t454                        2.38046
xdut.\$32__t49                            1.65
xdut.topp__t453                        2.38046
xdut.\$12__t227                           1.65
xdut.topp__t452                        2.38046
xdut.\$32__t48                            1.65
xdut.topp__t451                        2.38046
xdut.\$12__t250                           1.65
xdut.topp__t498                        2.38046
xdut.\$32__t58                            1.65
xdut.topp__t499                        2.38046
xdut.\$12__t251                           1.65
xdut.topp__t500                        2.38046
xdut.\$32__t59                            1.65
xdut.topp__t501                        2.38046
xdut.\$12__t252                           1.65
xdut.topp__t502                        2.38046
xdut.\$32__t60                            1.65
xdut.topp__t503                        2.38046
xdut.\$12__t253                           1.65
xdut.topp__t504                        2.38046
xdut.\$32__t61                            1.65
xdut.topp__t505                        2.38046
xdut.\$12__t254                           1.65
xdut.topp__t506                        2.38046
xdut.\$32__t62                            1.65
xdut.topp__t507                        2.38046
xdut.\$12__t255                           1.65
xdut.topp__t508                        2.38046
xdut.\$32__t63                            1.65
xdut.topp__t509                        2.38046
xdut.\$12__t197                           1.65
xdut.topp__t391                        2.38046
xdut.\$32__t56                            1.65
xdut.topp__t475                        2.38046
xdut.\$12__t239                           1.65
xdut.topp__t474                        2.38046
xdut.\$32__t55                            1.65
xdut.topp__t473                        2.38046
xdut.\$12__t238                           1.65
xdut.topp__t472                        2.38046
xdut.\$32__t57                            1.65
xdut.topp__t481                        2.38046
xdut.\$12__t237                           1.65
xdut.topp__t470                        2.38046
xdut.\$32__t54                            1.65
xdut.topp__t469                        2.38046
xdut.\$12__t236                           1.65
xdut.topp__t468                        2.38046
xdut.\$32__t53                            1.65
xdut.topp__t467                        2.38046
xdut.\$12__t235                           1.65
xdut.topp__t466                        2.38046
xdut.\$32__t52                            1.65
xdut.topp__t465                        2.38046
xdut.\$12__t234                           1.65
xdut.topp__t464                        2.38046
xdut.\$32__t51                            1.65
xdut.topp__t463                        2.38046
xdut.\$81__t251                           1.65
xdut.topn__t504                        1.37579
xdut.\$84__t63                            1.65
xdut.topn__t503                        1.37579
xdut.\$81__t103                           1.65
xdut.topn__t210                        1.37579
xdut.\$84__t31                            1.65
xdut.topn__t321                        1.37579
xdut.\$81__t184                           1.65
xdut.topn__t368                        1.37579
xdut.\$84__t38                            1.65
xdut.topn__t367                        1.37579
xdut.\$81__t183                           1.65
xdut.topn__t366                        1.37579
xdut.\$84__t37                            1.65
xdut.topn__t365                        1.37579
xdut.\$81__t182                           1.65
xdut.topn__t364                        1.37579
xdut.\$84__t36                            1.65
xdut.topn__t363                        1.37579
xdut.\$81__t181                           1.65
xdut.topn__t362                        1.37579
xdut.\$84__t35                            1.65
xdut.topn__t361                        1.37579
xdut.\$81__t180                           1.65
xdut.topn__t360                        1.37579
xdut.\$84__t34                            1.65
xdut.topn__t359                        1.37579
xdut.\$81__t179                           1.65
xdut.topn__t358                        1.37579
xdut.\$84__t33                            1.65
xdut.topn__t357                        1.37579
xdut.\$81__t178                           1.65
xdut.topn__t356                        1.37579
xdut.\$84__t32                            1.65
xdut.topn__t355                        1.37579
xdut.\$81__t177                           1.65
xdut.topn__t354                        1.37579
xdut.\$84__t39                            1.65
xdut.topn__t369                        1.37579
xdut.\$81__t136                           1.65
xdut.topn__t276                        1.37579
xdut.\$84__t17                            1.65
xdut.topn__t213                        1.37579
xdut.\$81__t104                           1.65
xdut.topn__t212                        1.37579
xdut.\$84__t25                            1.65
xdut.topn__t239                        1.37579
xdut.\$81__t117                           1.65
xdut.topn__t238                        1.37579
xdut.\$84__t24                            1.65
xdut.topn__t237                        1.37579
xdut.\$81__t116                           1.65
xdut.topn__t236                        1.37579
xdut.\$84__t23                            1.65
xdut.topn__t235                        1.37579
xdut.\$81__t115                           1.65
xdut.topn__t234                        1.37579
xdut.\$84__t22                            1.65
xdut.topn__t233                        1.37579
xdut.\$81__t114                           1.65
xdut.topn__t232                        1.37579
xdut.\$84__t21                            1.65
xdut.topn__t231                        1.37579
xdut.\$12__t168                           1.65
xdut.topp__t335                        2.38046
xdut.\$24__t91                            1.65
xdut.topp__t336                        2.38046
xdut.\$12__t169                           1.65
xdut.topp__t337                        2.38046
xdut.\$24__t92                            1.65
xdut.topp__t338                        2.38046
xdut.\$12__t170                           1.65
xdut.topp__t339                        2.38046
xdut.\$24__t93                            1.65
xdut.topp__t340                        2.38046
xdut.\$12__t171                           1.65
xdut.topp__t341                        2.38046
xdut.\$24__t94                            1.65
xdut.topp__t342                        2.38046
xdut.\$12__t172                           1.65
xdut.topp__t343                        2.38046
xdut.\$24__t95                            1.65
xdut.topp__t344                        2.38046
xdut.\$12__t173                           1.65
xdut.topp__t345                        2.38046
xdut.\$24__t96                            1.65
xdut.topp__t346                        2.38046
xdut.\$12__t174                           1.65
xdut.topp__t347                        2.38046
xdut.\$24__t97                            1.65
xdut.topp__t348                        2.38046
xdut.\$12__t175                           1.65
xdut.topp__t349                        2.38046
xdut.\$24__t106                           1.65
xdut.topp__t366                        2.38046
xdut.\$12__t176                           1.65
xdut.topp__t351                        2.38046
xdut.\$24__t99                            1.65
xdut.topp__t352                        2.38046
xdut.\$12__t177                           1.65
xdut.topp__t353                        2.38046
xdut.\$24__t100                           1.65
xdut.topp__t354                        2.38046
xdut.\$12__t178                           1.65
xdut.topp__t355                        2.38046
xdut.\$24__t101                           1.65
xdut.topp__t356                        2.38046
xdut.\$12__t179                           1.65
xdut.topp__t357                        2.38046
xdut.\$24__t102                           1.65
xdut.topp__t358                        2.38046
xdut.\$12__t180                           1.65
xdut.topp__t359                        2.38046
xdut.\$24__t103                           1.65
xdut.topp__t360                        2.38046
xdut.\$12__t181                           1.65
xdut.topp__t361                        2.38046
xdut.\$24__t104                           1.65
xdut.topp__t362                        2.38046
xdut.\$12__t182                           1.65
xdut.topp__t363                        2.38046
xdut.\$24__t105                           1.65
xdut.topp__t364                        2.38046
xdut.\$12__t183                           1.65
xdut.topp__t365                        2.38046
xdut.\$24__t98                            1.65
xdut.topp__t350                        2.38046
xdut.\$81__t153                           1.65
xdut.topn__t306                        1.37579
xdut.\$83__t81                            1.65
xdut.topn__t307                        1.37579
xdut.\$81__t154                           1.65
xdut.topn__t308                        1.37579
xdut.\$83__t82                            1.65
xdut.topn__t309                        1.37579
xdut.\$81__t155                           1.65
xdut.topn__t310                        1.37579
xdut.\$83__t83                            1.65
xdut.topn__t311                        1.37579
xdut.\$81__t156                           1.65
xdut.topn__t312                        1.37579
xdut.\$83__t84                            1.65
xdut.topn__t313                        1.37579
xdut.\$81__t157                           1.65
xdut.topn__t314                        1.37579
xdut.\$83__t85                            1.65
xdut.topn__t315                        1.37579
xdut.\$81__t158                           1.65
xdut.topn__t316                        1.37579
xdut.\$83__t86                            1.65
xdut.topn__t317                        1.37579
xdut.\$81__t159                           1.65
xdut.topn__t318                        1.37579
xdut.\$83__t87                            1.65
xdut.topn__t319                        1.37579
xdut.\$81__t160                           1.65
xdut.topn__t320                        1.37579
xdut.\$83__t95                            1.65
xdut.topn__t337                        1.37579
xdut.\$81__t161                           1.65
xdut.topn__t322                        1.37579
xdut.\$83__t88                            1.65
xdut.topn__t323                        1.37579
xdut.\$81__t162                           1.65
xdut.topn__t324                        1.37579
xdut.\$83__t89                            1.65
xdut.topn__t325                        1.37579
xdut.\$81__t163                           1.65
xdut.topn__t326                        1.37579
xdut.\$83__t90                            1.65
xdut.topn__t327                        1.37579
xdut.\$81__t164                           1.65
xdut.topn__t328                        1.37579
xdut.\$83__t91                            1.65
xdut.topn__t329                        1.37579
xdut.\$81__t165                           1.65
xdut.topn__t330                        1.37579
xdut.\$83__t92                            1.65
xdut.topn__t331                        1.37579
xdut.\$81__t166                           1.65
xdut.topn__t332                        1.37579
xdut.\$83__t93                            1.65
xdut.topn__t333                        1.37579
xdut.\$81__t167                           1.65
xdut.topn__t334                        1.37579
xdut.\$83__t94                            1.65
xdut.topn__t335                        1.37579
xdut.\$81__t168                           1.65
xdut.topn__t336                        1.37579
xdut.\$83__t96                            1.65
xdut.topn__t353                        1.37579
xdut.\$12__t66                            1.65
xdut.topp__t129                        2.38046
xdut.\$24__t34                            1.65
xdut.topp__t128                        2.38046
xdut.\$12__t67                            1.65
xdut.topp__t131                        2.38046
xdut.\$24__t35                            1.65
xdut.topp__t130                        2.38046
xdut.\$12__t65                            1.65
xdut.topp__t127                        2.38046
xdut.\$24__t33                            1.65
xdut.topp__t126                        2.38046
xdut.\$12__t92                            1.65
xdut.topp__t182                        2.38046
xdut.\$24__t36                            1.65
xdut.topp__t133                        2.38046
xdut.\$12__t68                            1.65
xdut.topp__t132                        2.38046
xdut.\$24__t53                            1.65
xdut.topp__t190                        2.38046
xdut.\$12__t87                            1.65
xdut.topp__t170                        2.38046
xdut.\$24__t42                            1.65
xdut.topp__t164                        2.38046
xdut.\$12__t81                            1.65
xdut.topp__t158                        2.38046
xdut.\$24__t46                            1.65
xdut.topp__t171                        2.38046
xdut.\$12__t84                            1.65
xdut.topp__t163                        2.38046
xdut.\$24__t41                            1.65
xdut.topp__t162                        2.38046
xdut.\$12__t83                            1.65
xdut.topp__t161                        2.38046
xdut.\$24__t40                            1.65
xdut.topp__t160                        2.38046
xdut.\$12__t136                           1.65
xdut.topp__t273                        2.38046
xdut.\$24__t117                           1.65
xdut.topp__t414                        2.38046
xdut.\$12__t199                           1.65
xdut.topp__t394                        2.38046
xdut.\$24__t112                           1.65
xdut.topp__t393                        2.38046
xdut.\$12__t218                           1.65
xdut.topp__t433                        2.38046
xdut.\$24__t126                           1.65
xdut.topp__t445                        2.38046
xdut.\$12__t223                           1.65
xdut.topp__t444                        2.38046
xdut.\$24__t125                           1.65
xdut.topp__t443                        2.38046
xdut.\$12__t194                           1.65
xdut.topp__t386                        2.38046
xdut.\$24__t109                           1.65
xdut.topp__t385                        2.38046
xdut.\$12__t193                           1.65
xdut.topp__t384                        2.38046
xdut.\$24__t108                           1.65
xdut.topp__t383                        2.38046
xdut.\$12__t192                           1.65
xdut.topp__t382                        2.38046
xdut.\$24__t107                           1.65
xdut.topp__t381                        2.38046
xdut.\$81__t202                           1.65
xdut.topn__t406                        1.37579
xdut.\$83__t99                            1.65
xdut.topn__t405                        1.37579
xdut.\$81__t56                            1.65
xdut.topn__t115                        1.37579
xdut.\$83__t29                            1.65
xdut.topn__t87                         1.37579
xdut.\$81__t58                            1.65
xdut.topn__t118                        1.37579
xdut.\$83__t14                            1.65
xdut.topn__t34                         1.37579
xdut.\$81__t51                            1.65
xdut.topn__t106                        1.37579
xdut.\$83__t35                            1.65
xdut.topn__t116                        1.37579
xdut.\$81__t50                            1.65
xdut.topn__t104                        1.37579
xdut.\$83__t36                            1.65
xdut.topn__t135                        1.37579
xdut.\$81__t57                            1.65
xdut.topn__t117                        1.37579
xdut.\$83__t112                           1.65
xdut.topn__t433                        1.37579
xdut.\$81__t11                            1.65
xdut.topn__t23                         1.37579
xdut.\$83__t8                             1.65
xdut.topn__t22                         1.37579
xdut.\$81__t10                            1.65
xdut.topn__t21                         1.37579
xdut.\$83__t10                            1.65
xdut.topn__t27                         1.37579
xdut.\$81__t13                            1.65
xdut.topn__t26                         1.37579
xdut.\$83__t9                             1.65
xdut.topn__t25                         1.37579
xdut.\$81__t12                            1.65
xdut.topn__t24                         1.37579
xdut.\$83__t17                            1.65
xdut.topn__t39                         1.37579
xdut.\$81__t185                           1.65
xdut.topn__t370                        1.37579
xdut.\$83__t19                            1.65
xdut.topn__t43                         1.37579
xdut.\$81__t20                            1.65
xdut.topn__t42                         1.37579
xdut.\$83__t18                            1.65
xdut.topn__t41                         1.37579
xdut.\$81__t19                            1.65
xdut.topn__t40                         1.37579
xdut.\$83__t37                            1.65
xdut.topn__t136                        1.37579
xdut.\$81__t84                            1.65
xdut.topn__t170                        1.37579
xdut.\$83__t43                            1.65
xdut.topn__t169                        1.37579
xdut.\$81__t83                            1.65
xdut.topn__t168                        1.37579
xdut.\$83__t22                            1.65
xdut.topn__t57                         1.37579
xdut.\$81__t26                            1.65
xdut.topn__t56                         1.37579
xdut.\$83__t20                            1.65
xdut.topn__t44                         1.37579
xdut.\$24__t0                             1.65
xdut.topp__t181                        2.38046
xdut.\$12__t91                            1.65
xdut.topp__t180                        2.38046
xdut.\$24__t51                            1.65
xdut.topp__t179                        2.38046
xdut.\$12__t90                            1.65
xdut.topp__t178                        2.38046
xdut.\$24__t50                            1.65
xdut.topp__t177                        2.38046
xdut.\$12__t89                            1.65
xdut.topp__t176                        2.38046
xdut.\$24__t49                            1.65
xdut.topp__t175                        2.38046
xdut.\$12__t88                            1.65
xdut.topp__t174                        2.38046
xdut.\$24__t48                            1.65
xdut.topp__t173                        2.38046
xdut.\$12__t94                            1.65
xdut.topp__t186                        2.38046
xdut.\$24__t39                            1.65
xdut.topp__t157                        2.38046
xdut.\$12__t80                            1.65
xdut.topp__t156                        2.38046
xdut.\$24__t38                            1.65
xdut.topp__t155                        2.38046
xdut.\$12__t79                            1.65
xdut.topp__t154                        2.38046
xdut.\$24__t43                            1.65
xdut.topp__t165                        2.38046
xdut.\$12__t82                            1.65
xdut.topp__t159                        2.38046
xdut.\$24__t52                            1.65
xdut.topp__t183                        2.38046
xdut.\$12__t85                            1.65
xdut.topp__t166                        2.38046
xdut.\$24__t90                            1.65
xdut.topp__t308                        2.38046
xdut.\$12__t208                           1.65
xdut.topp__t415                        2.38046
xdut.\$24__t124                           1.65
xdut.topp__t442                        2.38046
xdut.\$12__t222                           1.65
xdut.topp__t441                        2.38046
xdut.\$24__t123                           1.65
xdut.topp__t440                        2.38046
xdut.\$12__t191                           1.65
xdut.topp__t380                        2.38046
xdut.\$24__t111                           1.65
xdut.topp__t390                        2.38046
xdut.\$12__t190                           1.65
xdut.topp__t379                        2.38046
xdut.\$24__t122                           1.65
xdut.topp__t426                        2.38046
xdut.\$12__t214                           1.65
xdut.topp__t425                        2.38046
xdut.\$24__t121                           1.65
xdut.topp__t424                        2.38046
xdut.\$12__t213                           1.65
xdut.topp__t423                        2.38046
xdut.\$24__t120                           1.65
xdut.topp__t422                        2.38046
xdut.\$12__t212                           1.65
xdut.topp__t421                        2.38046
xdut.\$83__t113                           1.65
xdut.topn__t444                        1.37579
xdut.\$81__t203                           1.65
xdut.topn__t407                        1.37579
xdut.\$83__t34                            1.65
xdut.topn__t114                        1.37579
xdut.\$81__t55                            1.65
xdut.topn__t113                        1.37579
xdut.\$83__t33                            1.65
xdut.topn__t112                        1.37579
xdut.\$81__t54                            1.65
xdut.topn__t111                        1.37579
xdut.\$83__t32                            1.65
xdut.topn__t110                        1.37579
xdut.\$81__t53                            1.65
xdut.topn__t109                        1.37579
xdut.\$83__t31                            1.65
xdut.topn__t108                        1.37579
xdut.\$81__t52                            1.65
xdut.topn__t107                        1.37579
xdut.\$83__t30                            1.65
xdut.topn__t105                        1.37579
xdut.\$81__t217                           1.65
xdut.topn__t434                        1.37579
xdut.\$83__t7                             1.65
xdut.topn__t20                         1.37579
xdut.\$81__t9                             1.65
xdut.topn__t19                         1.37579
xdut.\$83__t6                             1.65
xdut.topn__t18                         1.37579
xdut.\$81__t4                             1.65
xdut.topn__t9                          1.37579
xdut.\$83__t21                            1.65
xdut.topn__t55                         1.37579
xdut.\$81__t33                            1.65
xdut.topn__t70                         1.37579
xdut.\$83__t28                            1.65
xdut.topn__t69                         1.37579
xdut.\$81__t14                            1.65
xdut.topn__t28                         1.37579
xdut.\$83__t97                            1.65
xdut.topn__t371                        1.37579
xdut.\$81__t82                            1.65
xdut.topn__t167                        1.37579
xdut.\$83__t42                            1.65
xdut.topn__t166                        1.37579
xdut.\$81__t81                            1.65
xdut.topn__t165                        1.37579
xdut.\$83__t41                            1.65
xdut.topn__t164                        1.37579
xdut.\$81__t80                            1.65
xdut.topn__t163                        1.37579
xdut.\$83__t40                            1.65
xdut.topn__t141                        1.37579
xdut.\$81__t86                            1.65
xdut.topn__t174                        1.37579
xdut.\$83__t44                            1.65
xdut.topn__t175                        1.37579
xdut.\$81__t28                            1.65
xdut.topn__t60                         1.37579
xdut.\$83__t23                            1.65
xdut.topn__t59                         1.37579
xdut.\$81__t27                            1.65
xdut.topn__t58                         1.37579
xdut.\$24__t47                            1.65
xdut.topp__t172                        2.38046
xdut.\$12__t69                            1.65
xdut.topp__t134                        2.38046
xdut.\$24__t32                            1.65
xdut.topp__t125                        2.38046
xdut.\$12__t64                            1.65
xdut.topp__t124                        2.38046
xdut.\$24__t31                            1.65
xdut.topp__t123                        2.38046
xdut.\$12__t63                            1.65
xdut.topp__t122                        2.38046
xdut.\$24__t30                            1.65
xdut.topp__t121                        2.38046
xdut.\$12__t62                            1.65
xdut.topp__t120                        2.38046
xdut.\$24__t44                            1.65
xdut.topp__t167                        2.38046
xdut.\$12__t95                            1.65
xdut.topp__t187                        2.38046
xdut.\$24__t45                            1.65
xdut.topp__t169                        2.38046
xdut.\$12__t86                            1.65
xdut.topp__t168                        2.38046
xdut.\$24__t37                            1.65
xdut.topp__t153                        2.38046
xdut.\$12__t78                            1.65
xdut.topp__t152                        2.38046
xdut.\$24__t119                           1.65
xdut.topp__t419                        2.38046
xdut.\$12__t230                           1.65
xdut.topp__t457                        2.38046
xdut.\$24__t118                           1.65
xdut.topp__t418                        2.38046
xdut.\$12__t210                           1.65
xdut.topp__t417                        2.38046
xdut.\$24__t74                            1.65
xdut.topp__t271                        2.38046
xdut.\$12__t225                           1.65
xdut.topp__t448                        2.38046
xdut.\$24__t127                           1.65
xdut.topp__t447                        2.38046
xdut.\$12__t224                           1.65
xdut.topp__t446                        2.38046
xdut.\$24__t115                           1.65
xdut.topp__t400                        2.38046
xdut.\$12__t202                           1.65
xdut.topp__t399                        2.38046
xdut.\$24__t114                           1.65
xdut.topp__t398                        2.38046
xdut.\$12__t201                           1.65
xdut.topp__t397                        2.38046
xdut.\$24__t113                           1.65
xdut.topp__t396                        2.38046
xdut.\$12__t200                           1.65
xdut.topp__t395                        2.38046
xdut.\$24__t116                           1.65
xdut.topp__t406                        2.38046
xdut.\$12__t196                           1.65
xdut.topp__t389                        2.38046
xdut.\$24__t110                           1.65
xdut.topp__t388                        2.38046
xdut.\$12__t195                           1.65
xdut.topp__t387                        2.38046
xdut.\$83__t100                           1.65
xdut.topn__t409                        1.37579
xdut.\$81__t204                           1.65
xdut.topn__t408                        1.37579
xdut.\$83__t16                            1.65
xdut.topn__t38                         1.37579
xdut.\$81__t18                            1.65
xdut.topn__t37                         1.37579
xdut.\$83__t15                            1.65
xdut.topn__t36                         1.37579
xdut.\$81__t17                            1.65
xdut.topn__t35                         1.37579
xdut.\$83__t13                            1.65
xdut.topn__t33                         1.37579
xdut.\$81__t16                            1.65
xdut.topn__t32                         1.37579
xdut.\$83__t12                            1.65
xdut.topn__t31                         1.37579
xdut.\$81__t15                            1.65
xdut.topn__t30                         1.37579
xdut.\$83__t11                            1.65
xdut.topn__t29                         1.37579
xdut.\$81__t218                           1.65
xdut.topn__t435                        1.37579
xdut.\$83__t5                             1.65
xdut.topn__t17                         1.37579
xdut.\$81__t8                             1.65
xdut.topn__t16                         1.37579
xdut.\$83__t4                             1.65
xdut.topn__t15                         1.37579
xdut.\$81__t7                             1.65
xdut.topn__t14                         1.37579
xdut.\$83__t3                             1.65
xdut.topn__t13                         1.37579
xdut.\$81__t6                             1.65
xdut.topn__t12                         1.37579
xdut.\$83__t2                             1.65
xdut.topn__t11                         1.37579
xdut.\$81__t5                             1.65
xdut.topn__t10                         1.37579
xdut.\$83__t98                            1.65
xdut.topn__t372                        1.37579
xdut.\$81__t87                            1.65
xdut.topn__t176                        1.37579
xdut.\$83__t45                            1.65
xdut.topn__t177                        1.37579
xdut.\$81__t88                            1.65
xdut.topn__t178                        1.37579
xdut.\$83__t27                            1.65
xdut.topn__t68                         1.37579
xdut.\$81__t32                            1.65
xdut.topn__t67                         1.37579
xdut.\$83__t26                            1.65
xdut.topn__t66                         1.37579
xdut.\$81__t31                            1.65
xdut.topn__t65                         1.37579
xdut.\$83__t25                            1.65
xdut.topn__t64                         1.37579
xdut.\$81__t30                            1.65
xdut.topn__t63                         1.37579
xdut.\$83__t24                            1.65
xdut.topn__t62                         1.37579
xdut.\$81__t29                            1.65
xdut.topn__t61                         1.37579
xdut.\$32__t19                            1.65
xdut.topp__t147                        2.38046
xdut.\$12__t75                            1.65
xdut.topp__t146                        2.38046
xdut.\$32__t18                            1.65
xdut.topp__t145                        2.38046
xdut.\$12__t74                            1.65
xdut.topp__t144                        2.38046
xdut.\$32__t17                            1.65
xdut.topp__t143                        2.38046
xdut.\$12__t73                            1.65
xdut.topp__t142                        2.38046
xdut.\$32__t16                            1.65
xdut.topp__t141                        2.38046
xdut.\$12__t72                            1.65
xdut.topp__t140                        2.38046
xdut.\$32__t15                            1.65
xdut.topp__t139                        2.38046
xdut.\$12__t96                            1.65
xdut.topp__t188                        2.38046
xdut.\$32__t22                            1.65
xdut.topp__t228                        2.38046
xdut.\$12__t118                           1.65
xdut.topp__t231                        2.38046
xdut.\$32__t23                            1.65
xdut.topp__t234                        2.38046
xdut.\$12__t116                           1.65
xdut.topp__t229                        2.38046
xdut.\$32__t21                            1.65
xdut.topp__t227                        2.38046
xdut.\$12__t115                           1.65
xdut.topp__t226                        2.38046
xdut.\$32__t20                            1.65
xdut.topp__t185                        2.38046
xdut.\$12__t93                            1.65
xdut.topp__t184                        2.38046
xdut.\$32__t28                            1.65
xdut.topp__t277                        2.38046
xdut.\$12__t221                           1.65
xdut.topp__t439                        2.38046
xdut.\$32__t47                            1.65
xdut.topp__t438                        2.38046
xdut.\$12__t220                           1.65
xdut.topp__t437                        2.38046
xdut.\$32__t46                            1.65
xdut.topp__t436                        2.38046
xdut.\$12__t219                           1.65
xdut.topp__t435                        2.38046
xdut.\$32__t45                            1.65
xdut.topp__t434                        2.38046
xdut.\$12__t226                           1.65
xdut.topp__t449                        2.38046
xdut.\$32__t44                            1.65
xdut.topp__t432                        2.38046
xdut.\$12__t217                           1.65
xdut.topp__t431                        2.38046
xdut.\$32__t43                            1.65
xdut.topp__t430                        2.38046
xdut.\$12__t216                           1.65
xdut.topp__t429                        2.38046
xdut.\$32__t42                            1.65
xdut.topp__t428                        2.38046
xdut.\$12__t215                           1.65
xdut.topp__t427                        2.38046
xdut.\$84__t53                            1.65
xdut.topn__t446                        1.37579
xdut.\$81__t224                           1.65
xdut.topn__t445                        1.37579
xdut.\$84__t4                             1.65
xdut.topn__t77                         1.37579
xdut.\$81__t37                            1.65
xdut.topn__t76                         1.37579
xdut.\$84__t3                             1.65
xdut.topn__t75                         1.37579
xdut.\$81__t36                            1.65
xdut.topn__t74                         1.37579
xdut.\$84__t2                             1.65
xdut.topn__t73                         1.37579
xdut.\$81__t35                            1.65
xdut.topn__t72                         1.37579
xdut.\$84__t8                             1.65
xdut.topn__t119                        1.37579
xdut.\$81__t66                            1.65
xdut.topn__t134                        1.37579
xdut.\$84__t9                             1.65
xdut.topn__t133                        1.37579
xdut.\$81__t219                           1.65
xdut.topn__t436                        1.37579
xdut.\$84__t0                             1.65
xdut.topn__t0                          1.37579
xdut.\$81__t48                            1.65
xdut.topn__t102                        1.37579
xdut.\$84__t7                             1.65
xdut.topn__t101                        1.37579
xdut.\$81__t47                            1.65
xdut.topn__t100                        1.37579
xdut.\$84__t6                             1.65
xdut.topn__t99                         1.37579
xdut.\$81__t46                            1.65
xdut.topn__t98                         1.37579
xdut.\$84__t5                             1.65
xdut.topn__t97                         1.37579
xdut.\$81__t45                            1.65
xdut.topn__t96                         1.37579
xdut.\$84__t40                            1.65
xdut.topn__t373                        1.37579
xdut.\$81__t79                            1.65
xdut.topn__t162                        1.37579
xdut.\$84__t14                            1.65
xdut.topn__t161                        1.37579
xdut.\$81__t78                            1.65
xdut.topn__t160                        1.37579
xdut.\$84__t13                            1.65
xdut.topn__t159                        1.37579
xdut.\$81__t77                            1.65
xdut.topn__t158                        1.37579
xdut.\$84__t12                            1.65
xdut.topn__t147                        1.37579
xdut.\$81__t71                            1.65
xdut.topn__t146                        1.37579
xdut.\$84__t11                            1.65
xdut.topn__t145                        1.37579
xdut.\$81__t70                            1.65
xdut.topn__t144                        1.37579
xdut.\$84__t10                            1.65
xdut.topn__t143                        1.37579
xdut.\$81__t69                            1.65
xdut.topn__t142                        1.37579
xdut.\$40__t10                            1.65
xdut.topp__t199                        2.38046
xdut.\$12__t77                            1.65
xdut.topp__t150                        2.38046
xdut.\$40__t9                             1.65
xdut.topp__t149                        2.38046
xdut.\$12__t76                            1.65
xdut.topp__t148                        2.38046
xdut.\$40__t8                             1.65
xdut.topp__t138                        2.38046
xdut.\$12__t111                           1.65
xdut.topp__t220                        2.38046
xdut.\$40__t12                            1.65
xdut.topp__t219                        2.38046
xdut.\$12__t110                           1.65
xdut.topp__t218                        2.38046
xdut.\$40__t11                            1.65
xdut.topp__t217                        2.38046
xdut.\$12__t97                            1.65
xdut.topp__t189                        2.38046
xdut.\$40__t13                            1.65
xdut.topp__t233                        2.38046
xdut.\$12__t119                           1.65
xdut.topp__t232                        2.38046
xdut.\$40__t16                            1.65
xdut.topp__t247                        2.38046
xdut.\$12__t117                           1.65
xdut.topp__t230                        2.38046
xdut.\$40__t15                            1.65
xdut.topp__t246                        2.38046
xdut.\$12__t125                           1.65
xdut.topp__t245                        2.38046
xdut.\$48__t7                             1.65
xdut.topp__t244                        2.38046
xdut.\$12__t124                           1.65
xdut.topp__t243                        2.38046
xdut.\$48__t9                             1.65
xdut.topp__t274                        2.38046
xdut.\$12__t189                           1.65
xdut.topp__t378                        2.38046
xdut.\$48__t11                            1.65
xdut.topp__t377                        2.38046
xdut.\$12__t188                           1.65
xdut.topp__t376                        2.38046
xdut.\$48__t10                            1.65
xdut.topp__t375                        2.38046
xdut.\$12__t187                           1.65
xdut.topp__t374                        2.38046
xdut.\$56__t5                             1.65
xdut.topp__t373                        2.38046
xdut.\$12__t186                           1.65
xdut.topp__t372                        2.38046
xdut.\$56__t4                             1.65
xdut.topp__t371                        2.38046
xdut.\$12__t185                           1.65
xdut.topp__t370                        2.38046
xdut.\$64__t2                             1.65
xdut.topp__t369                        2.38046
xdut.\$12__t184                           1.65
xdut.topp__t368                        2.38046
xdut.\$80__t0                             1.65
xdut.topp__t367                        2.38046
xdut.\$12__t209                           1.65
xdut.topp__t416                        2.38046
xdut.\$85__t24                            1.65
xdut.topn__t443                        1.37579
xdut.\$81__t223                           1.65
xdut.topn__t442                        1.37579
xdut.\$85__t8                             1.65
xdut.topn__t123                        1.37579
xdut.\$81__t60                            1.65
xdut.topn__t122                        1.37579
xdut.\$85__t7                             1.65
xdut.topn__t121                        1.37579
xdut.\$81__t59                            1.65
xdut.topn__t120                        1.37579
xdut.\$85__t3                             1.65
xdut.topn__t82                         1.37579
xdut.\$81__t39                            1.65
xdut.topn__t81                         1.37579
xdut.\$85__t2                             1.65
xdut.topn__t80                         1.37579
xdut.\$81__t38                            1.65
xdut.topn__t79                         1.37579
xdut.\$85__t1                             1.65
xdut.topn__t78                         1.37579
xdut.\$81__t220                           1.65
xdut.topn__t437                        1.37579
xdut.\$85__t5                             1.65
xdut.topn__t94                         1.37579
xdut.\$81__t44                            1.65
xdut.topn__t93                         1.37579
xdut.\$85__t4                             1.65
xdut.topn__t92                         1.37579
xdut.\$81__t43                            1.65
xdut.topn__t91                         1.37579
xdut.\$86__t4                             1.65
xdut.topn__t90                         1.37579
xdut.\$81__t42                            1.65
xdut.topn__t89                         1.37579
xdut.\$86__t3                             1.65
xdut.topn__t88                         1.37579
xdut.\$81__t49                            1.65
xdut.topn__t103                        1.37579
xdut.\$86__t11                            1.65
xdut.topn__t374                        1.37579
xdut.\$81__t34                            1.65
xdut.topn__t71                         1.37579
xdut.\$86__t0                             1.65
xdut.topn__t54                         1.37579
xdut.\$81__t25                            1.65
xdut.topn__t53                         1.37579
xdut.\$87__t1                             1.65
xdut.topn__t52                         1.37579
xdut.\$81__t24                            1.65
xdut.topn__t51                         1.37579
xdut.\$87__t0                             1.65
xdut.topn__t50                         1.37579
xdut.\$81__t23                            1.65
xdut.topn__t49                         1.37579
xdut.\$88__t0                             1.65
xdut.topn__t48                         1.37579
xdut.\$81__t22                            1.65
xdut.topn__t47                         1.37579
xdut.\$90__t0                             1.65
xdut.topn__t46                         1.37579
xdut.\$81__t21                            1.65
xdut.topn__t45                         1.37579
xdut.\$12__t112                           1.65
xdut.topp__t222                        2.38046
xdut.vcm__t0                              1.65
xdut.topp__t221                        2.38046
xdut.\$12__t109                           1.65
xdut.topp__t216                        2.38046
xdut.\$64__t1                             1.65
xdut.topp__t137                        2.38046
xdut.\$12__t71                            1.65
xdut.topp__t136                        2.38046
xdut.\$56__t2                             1.65
xdut.topp__t151                        2.38046
xdut.\$12__t114                           1.65
xdut.topp__t225                        2.38046
xdut.\$56__t3                             1.65
xdut.topp__t224                        2.38046
xdut.\$12__t113                           1.65
xdut.topp__t223                        2.38046
xdut.\$48__t3                             1.65
xdut.topp__t191                        2.38046
xdut.\$12__t123                           1.65
xdut.topp__t242                        2.38046
xdut.\$48__t6                             1.65
xdut.topp__t241                        2.38046
xdut.\$12__t122                           1.65
xdut.topp__t240                        2.38046
xdut.\$48__t5                             1.65
xdut.topp__t239                        2.38046
xdut.\$12__t121                           1.65
xdut.topp__t238                        2.38046
xdut.\$48__t4                             1.65
xdut.topp__t237                        2.38046
xdut.\$12__t120                           1.65
xdut.topp__t236                        2.38046
xdut.\$40__t14                            1.65
xdut.topp__t235                        2.38046
xdut.\$12__t135                           1.65
xdut.topp__t269                        2.38046
xdut.\$40__t23                            1.65
xdut.topp__t413                        2.38046
xdut.\$12__t207                           1.65
xdut.topp__t412                        2.38046
xdut.\$40__t22                            1.65
xdut.topp__t411                        2.38046
xdut.\$12__t206                           1.65
xdut.topp__t410                        2.38046
xdut.\$40__t21                            1.65
xdut.topp__t409                        2.38046
xdut.\$12__t205                           1.65
xdut.topp__t408                        2.38046
xdut.\$40__t20                            1.65
xdut.topp__t407                        2.38046
xdut.\$12__t211                           1.65
xdut.topp__t420                        2.38046
xdut.\$40__t19                            1.65
xdut.topp__t405                        2.38046
xdut.\$12__t204                           1.65
xdut.topp__t404                        2.38046
xdut.\$40__t18                            1.65
xdut.topp__t403                        2.38046
xdut.\$12__t203                           1.65
xdut.topp__t402                        2.38046
xdut.\$40__t17                            1.65
xdut.topp__t401                        2.38046
xdut.\$81__t222                           1.65
xdut.topn__t441                        1.37579
xdut.vcm__t1                              1.65
xdut.topn__t440                        1.37579
xdut.\$81__t65                            1.65
xdut.topn__t132                        1.37579
xdut.\$88__t1                             1.65
xdut.topn__t131                        1.37579
xdut.\$81__t64                            1.65
xdut.topn__t130                        1.37579
xdut.\$87__t3                             1.65
xdut.topn__t129                        1.37579
xdut.\$81__t63                            1.65
xdut.topn__t128                        1.37579
xdut.\$87__t2                             1.65
xdut.topn__t127                        1.37579
xdut.\$81__t62                            1.65
xdut.topn__t126                        1.37579
xdut.\$86__t5                             1.65
xdut.topn__t125                        1.37579
xdut.\$81__t61                            1.65
xdut.topn__t124                        1.37579
xdut.\$86__t13                            1.65
xdut.topn__t438                        1.37579
xdut.\$81__t41                            1.65
xdut.topn__t85                         1.37579
xdut.\$86__t1                             1.65
xdut.topn__t84                         1.37579
xdut.\$81__t40                            1.65
xdut.topn__t83                         1.37579
xdut.\$86__t2                             1.65
xdut.topn__t86                         1.37579
xdut.\$81__t212                           1.65
xdut.topn__t423                        1.37579
xdut.\$85__t23                            1.65
xdut.topn__t402                        1.37579
xdut.\$81__t200                           1.65
xdut.topn__t403                        1.37579
xdut.\$85__t6                             1.65
xdut.topn__t95                         1.37579
xdut.\$81__t186                           1.65
xdut.topn__t375                        1.37579
xdut.\$85__t13                            1.65
xdut.topn__t157                        1.37579
xdut.\$81__t76                            1.65
xdut.topn__t156                        1.37579
xdut.\$85__t14                            1.65
xdut.topn__t171                        1.37579
xdut.\$81__t75                            1.65
xdut.topn__t155                        1.37579
xdut.\$85__t12                            1.65
xdut.topn__t154                        1.37579
xdut.\$81__t74                            1.65
xdut.topn__t153                        1.37579
xdut.\$85__t11                            1.65
xdut.topn__t152                        1.37579
xdut.\$81__t73                            1.65
xdut.topn__t151                        1.37579
xdut.\$85__t10                            1.65
xdut.topn__t150                        1.37579
xdut.\$81__t72                            1.65
xdut.topn__t149                        1.37579
xdut.\$85__t9                             1.65
xdut.topn__t148                        1.37579
xdut.\$12__t134                           1.65
xdut.topp__t267                        2.38046
xdut.\$32__t26                            1.65
xdut.topp__t266                        2.38046
xdut.\$12__t133                           1.65
xdut.topp__t265                        2.38046
xdut.\$32__t25                            1.65
xdut.topp__t264                        2.38046
xdut.\$12__t139                           1.65
xdut.topp__t279                        2.38046
xdut.\$32__t24                            1.65
xdut.topp__t263                        2.38046
xdut.\$12__t161                           1.65
xdut.topp__t322                        2.38046
xdut.\$32__t36                            1.65
xdut.topp__t323                        2.38046
xdut.\$12__t162                           1.65
xdut.topp__t324                        2.38046
xdut.\$32__t41                            1.65
xdut.topp__t334                        2.38046
xdut.\$12__t164                           1.65
xdut.topp__t326                        2.38046
xdut.\$32__t37                            1.65
xdut.topp__t327                        2.38046
xdut.\$12__t165                           1.65
xdut.topp__t328                        2.38046
xdut.\$32__t38                            1.65
xdut.topp__t329                        2.38046
xdut.\$12__t166                           1.65
xdut.topp__t330                        2.38046
xdut.\$32__t39                            1.65
xdut.topp__t331                        2.38046
xdut.\$12__t167                           1.65
xdut.topp__t332                        2.38046
xdut.\$32__t40                            1.65
xdut.topp__t333                        2.38046
xdut.\$12__t163                           1.65
xdut.topp__t325                        2.38046
xdut.\$32__t35                            1.65
xdut.topp__t321                        2.38046
xdut.\$12__t160                           1.65
xdut.topp__t320                        2.38046
xdut.\$32__t34                            1.65
xdut.topp__t319                        2.38046
xdut.\$12__t159                           1.65
xdut.topp__t318                        2.38046
xdut.\$32__t33                            1.65
xdut.topp__t317                        2.38046
xdut.\$12__t158                           1.65
xdut.topp__t316                        2.38046
xdut.\$32__t32                            1.65
xdut.topp__t315                        2.38046
xdut.\$12__t157                           1.65
xdut.topp__t314                        2.38046
xdut.\$32__t31                            1.65
xdut.topp__t313                        2.38046
xdut.\$12__t156                           1.65
xdut.topp__t312                        2.38046
xdut.\$32__t30                            1.65
xdut.topp__t311                        2.38046
xdut.\$12__t155                           1.65
xdut.topp__t310                        2.38046
xdut.\$32__t29                            1.65
xdut.topp__t309                        2.38046
xdut.\$81__t85                            1.65
xdut.topn__t173                        1.37579
xdut.\$84__t15                            1.65
xdut.topn__t172                        1.37579
xdut.\$81__t187                           1.65
xdut.topn__t376                        1.37579
xdut.\$84__t41                            1.65
xdut.topn__t377                        1.37579
xdut.\$81__t188                           1.65
xdut.topn__t378                        1.37579
xdut.\$84__t42                            1.65
xdut.topn__t379                        1.37579
xdut.\$81__t189                           1.65
xdut.topn__t380                        1.37579
xdut.\$84__t43                            1.65
xdut.topn__t381                        1.37579
xdut.\$81__t190                           1.65
xdut.topn__t382                        1.37579
xdut.\$84__t44                            1.65
xdut.topn__t383                        1.37579
xdut.\$81__t191                           1.65
xdut.topn__t384                        1.37579
xdut.\$84__t52                            1.65
xdut.topn__t401                        1.37579
xdut.\$81__t192                           1.65
xdut.topn__t386                        1.37579
xdut.\$84__t45                            1.65
xdut.topn__t387                        1.37579
xdut.\$81__t193                           1.65
xdut.topn__t388                        1.37579
xdut.\$84__t46                            1.65
xdut.topn__t389                        1.37579
xdut.\$81__t194                           1.65
xdut.topn__t390                        1.37579
xdut.\$84__t47                            1.65
xdut.topn__t391                        1.37579
xdut.\$81__t195                           1.65
xdut.topn__t392                        1.37579
xdut.\$84__t48                            1.65
xdut.topn__t393                        1.37579
xdut.\$81__t196                           1.65
xdut.topn__t394                        1.37579
xdut.\$84__t49                            1.65
xdut.topn__t395                        1.37579
xdut.\$81__t197                           1.65
xdut.topn__t396                        1.37579
xdut.\$84__t50                            1.65
xdut.topn__t397                        1.37579
xdut.\$81__t198                           1.65
xdut.topn__t398                        1.37579
xdut.\$84__t51                            1.65
xdut.topn__t399                        1.37579
xdut.\$81__t106                           1.65
xdut.topn__t217                        1.37579
xdut.\$84__t18                            1.65
xdut.topn__t219                        1.37579
xdut.\$81__t107                           1.65
xdut.topn__t220                        1.37579
xdut.\$84__t19                            1.65
xdut.topn__t221                        1.37579
xdut.\$81__t108                           1.65
xdut.topn__t222                        1.37579
xdut.\$84__t20                            1.65
xdut.topn__t223                        1.37579
xdut.\$12__t19                            1.65
xdut.topp__t36                         2.38046
xdut.\$24__t63                            1.65
xdut.topp__t210                        2.38046
xdut.\$12__t105                           1.65
xdut.topp__t209                        2.38046
xdut.\$24__t62                            1.65
xdut.topp__t208                        2.38046
xdut.\$12__t22                            1.65
xdut.topp__t41                         2.38046
xdut.\$24__t10                            1.65
xdut.topp__t40                         2.38046
xdut.\$12__t21                            1.65
xdut.topp__t39                         2.38046
xdut.\$24__t9                             1.65
xdut.topp__t38                         2.38046
xdut.\$12__t20                            1.65
xdut.topp__t37                         2.38046
xdut.\$24__t26                            1.65
xdut.topp__t110                        2.38046
xdut.\$12__t104                           1.65
xdut.topp__t207                        2.38046
xdut.\$24__t61                            1.65
xdut.topp__t205                        2.38046
xdut.\$12__t102                           1.65
xdut.topp__t204                        2.38046
xdut.\$24__t60                            1.65
xdut.topp__t203                        2.38046
xdut.\$12__t103                           1.65
xdut.topp__t206                        2.38046
xdut.\$24__t58                            1.65
xdut.topp__t201                        2.38046
xdut.\$12__t101                           1.65
xdut.topp__t200                        2.38046
xdut.\$24__t54                            1.65
xdut.topp__t193                        2.38046
xdut.\$12__t138                           1.65
xdut.topp__t278                        2.38046
xdut.\$24__t27                            1.65
xdut.topp__t112                        2.38046
xdut.\$12__t132                           1.65
xdut.topp__t262                        2.38046
xdut.\$24__t89                            1.65
xdut.topp__t307                        2.38046
xdut.\$12__t147                           1.65
xdut.topp__t293                        2.38046
xdut.\$24__t82                            1.65
xdut.topp__t292                        2.38046
xdut.\$12__t146                           1.65
xdut.topp__t291                        2.38046
xdut.\$24__t17                            1.65
xdut.topp__t89                         2.38046
xdut.\$12__t45                            1.65
xdut.topp__t88                         2.38046
xdut.\$24__t15                            1.65
xdut.topp__t74                         2.38046
xdut.\$12__t38                            1.65
xdut.topp__t73                         2.38046
xdut.\$24__t29                            1.65
xdut.topp__t115                        2.38046
xdut.\$12__t58                            1.65
xdut.topp__t114                        2.38046
xdut.\$24__t28                            1.65
xdut.topp__t113                        2.38046
xdut.\$81__t2                             1.65
xdut.topn__t6                          1.37579
xdut.\$83__t1                             1.65
xdut.topn__t5                          1.37579
xdut.\$81__t233                           1.65
xdut.topn__t465                        1.37579
xdut.\$83__t118                           1.65
xdut.topn__t466                        1.37579
xdut.\$81__t234                           1.65
xdut.topn__t467                        1.37579
xdut.\$83__t119                           1.65
xdut.topn__t468                        1.37579
xdut.\$81__t235                           1.65
xdut.topn__t469                        1.37579
xdut.\$83__t120                           1.65
xdut.topn__t470                        1.37579
xdut.\$81__t206                           1.65
xdut.topn__t412                        1.37579
xdut.\$83__t101                           1.65
xdut.topn__t410                        1.37579
xdut.\$81__t205                           1.65
xdut.topn__t411                        1.37579
xdut.\$83__t72                            1.65
xdut.topn__t273                        1.37579
xdut.\$81__t216                           1.65
xdut.topn__t431                        1.37579
xdut.\$83__t111                           1.65
xdut.topn__t432                        1.37579
xdut.\$81__t221                           1.65
xdut.topn__t439                        1.37579
xdut.\$83__t107                           1.65
xdut.topn__t424                        1.37579
xdut.\$81__t213                           1.65
xdut.topn__t425                        1.37579
xdut.\$83__t108                           1.65
xdut.topn__t426                        1.37579
xdut.\$81__t214                           1.65
xdut.topn__t427                        1.37579
xdut.\$83__t109                           1.65
xdut.topn__t428                        1.37579
xdut.\$81__t118                           1.65
xdut.topn__t240                        1.37579
xdut.\$83__t51                            1.65
xdut.topn__t189                        1.37579
xdut.\$81__t97                            1.65
xdut.topn__t201                        1.37579
xdut.\$83__t74                            1.65
xdut.topn__t279                        1.37579
xdut.\$81__t145                           1.65
xdut.topn__t291                        1.37579
xdut.\$83__t79                            1.65
xdut.topn__t303                        1.37579
xdut.\$81__t89                            1.65
xdut.topn__t183                        1.37579
xdut.\$83__t48                            1.65
xdut.topn__t184                        1.37579
xdut.\$81__t90                            1.65
xdut.topn__t185                        1.37579
xdut.\$83__t49                            1.65
xdut.topn__t186                        1.37579
xdut.\$81__t91                            1.65
xdut.topn__t187                        1.37579
xdut.\$83__t50                            1.65
xdut.topn__t188                        1.37579
xdut.\$12__t18                            1.65
xdut.topp__t35                         2.38046
xdut.\$24__t8                             1.65
xdut.topp__t34                         2.38046
xdut.\$12__t17                            1.65
xdut.topp__t33                         2.38046
xdut.\$24__t7                             1.65
xdut.topp__t32                         2.38046
xdut.\$12__t70                            1.65
xdut.topp__t135                        2.38046
xdut.\$24__t65                            1.65
xdut.topp__t214                        2.38046
xdut.\$12__t107                           1.65
xdut.topp__t213                        2.38046
xdut.\$24__t64                            1.65
xdut.topp__t212                        2.38046
xdut.\$12__t106                           1.65
xdut.topp__t211                        2.38046
xdut.\$24__t6                             1.65
xdut.topp__t29                         2.38046
xdut.\$12__t108                           1.65
xdut.topp__t215                        2.38046
xdut.\$24__t57                            1.65
xdut.topp__t198                        2.38046
xdut.\$12__t100                           1.65
xdut.topp__t197                        2.38046
xdut.\$24__t56                            1.65
xdut.topp__t196                        2.38046
xdut.\$12__t99                            1.65
xdut.topp__t195                        2.38046
xdut.\$24__t55                            1.65
xdut.topp__t194                        2.38046
xdut.\$12__t98                            1.65
xdut.topp__t192                        2.38046
xdut.\$24__t59                            1.65
xdut.topp__t202                        2.38046
xdut.\$12__t137                           1.65
xdut.topp__t276                        2.38046
xdut.\$24__t73                            1.65
xdut.topp__t261                        2.38046
xdut.\$12__t131                           1.65
xdut.topp__t260                        2.38046
xdut.\$24__t72                            1.65
xdut.topp__t259                        2.38046
xdut.\$12__t130                           1.65
xdut.topp__t258                        2.38046
xdut.\$24__t71                            1.65
xdut.topp__t257                        2.38046
xdut.\$12__t129                           1.65
xdut.topp__t256                        2.38046
xdut.\$24__t70                            1.65
xdut.topp__t255                        2.38046
xdut.\$12__t128                           1.65
xdut.topp__t254                        2.38046
xdut.\$24__t69                            1.65
xdut.topp__t253                        2.38046
xdut.\$12__t127                           1.65
xdut.topp__t252                        2.38046
xdut.\$24__t68                            1.65
xdut.topp__t251                        2.38046
xdut.\$12__t126                           1.65
xdut.topp__t250                        2.38046
xdut.\$24__t67                            1.65
xdut.topp__t249                        2.38046
xdut.\$81__t68                            1.65
xdut.topn__t138                        1.37579
xdut.\$83__t38                            1.65
xdut.topn__t139                        1.37579
xdut.\$81__t207                           1.65
xdut.topn__t413                        1.37579
xdut.\$83__t102                           1.65
xdut.topn__t414                        1.37579
xdut.\$81__t208                           1.65
xdut.topn__t415                        1.37579
xdut.\$83__t103                           1.65
xdut.topn__t416                        1.37579
xdut.\$81__t253                           1.65
xdut.topn__t507                        1.37579
xdut.\$83__t126                           1.65
xdut.topn__t508                        1.37579
xdut.\$81__t254                           1.65
xdut.topn__t509                        1.37579
xdut.\$83__t127                           1.65
xdut.topn__t511                        1.37579
xdut.\$81__t201                           1.65
xdut.topn__t404                        1.37579
xdut.\$83__t65                            1.65
xdut.topn__t259                        1.37579
xdut.\$81__t209                           1.65
xdut.topn__t417                        1.37579
xdut.\$83__t104                           1.65
xdut.topn__t418                        1.37579
xdut.\$81__t210                           1.65
xdut.topn__t419                        1.37579
xdut.\$83__t105                           1.65
xdut.topn__t420                        1.37579
xdut.\$81__t211                           1.65
xdut.topn__t421                        1.37579
xdut.\$83__t106                           1.65
xdut.topn__t422                        1.37579
xdut.\$81__t215                           1.65
xdut.topn__t429                        1.37579
xdut.\$83__t110                           1.65
xdut.topn__t430                        1.37579
xdut.\$81__t110                           1.65
xdut.topn__t225                        1.37579
xdut.\$83__t52                            1.65
xdut.topn__t190                        1.37579
xdut.\$81__t92                            1.65
xdut.topn__t191                        1.37579
xdut.\$83__t53                            1.65
xdut.topn__t192                        1.37579
xdut.\$81__t102                           1.65
xdut.topn__t209                        1.37579
xdut.\$83__t54                            1.65
xdut.topn__t194                        1.37579
xdut.\$81__t94                            1.65
xdut.topn__t195                        1.37579
xdut.\$83__t55                            1.65
xdut.topn__t196                        1.37579
xdut.\$81__t95                            1.65
xdut.topn__t197                        1.37579
xdut.\$83__t56                            1.65
xdut.topn__t198                        1.37579
xdut.\$81__t96                            1.65
xdut.topn__t199                        1.37579
xdut.\$83__t57                            1.65
xdut.topn__t200                        1.37579
xdut.\$24__t25                            1.65
xdut.topp__t108                        2.38046
xdut.\$12__t61                            1.65
xdut.topp__t119                        2.38046
xdut.\$24__t24                            1.65
xdut.topp__t106                        2.38046
xdut.\$12__t55                            1.65
xdut.topp__t105                        2.38046
xdut.\$24__t23                            1.65
xdut.topp__t104                        2.38046
xdut.\$12__t54                            1.65
xdut.topp__t103                        2.38046
xdut.\$24__t22                            1.65
xdut.topp__t102                        2.38046
xdut.\$12__t53                            1.65
xdut.topp__t101                        2.38046
xdut.\$24__t21                            1.65
xdut.topp__t100                        2.38046
xdut.\$12__t52                            1.65
xdut.topp__t99                         2.38046
xdut.\$24__t20                            1.65
xdut.topp__t98                         2.38046
xdut.\$12__t51                            1.65
xdut.topp__t97                         2.38046
xdut.\$24__t19                            1.65
xdut.topp__t96                         2.38046
xdut.\$12__t50                            1.65
xdut.topp__t95                         2.38046
xdut.\$24__t18                            1.65
xdut.topp__t94                         2.38046
xdut.\$12__t49                            1.65
xdut.topp__t93                         2.38046
xdut.\$24__t16                            1.65
xdut.topp__t77                         2.38046
xdut.\$12__t16                            1.65
xdut.topp__t30                         2.38046
xdut.\$24__t76                            1.65
xdut.topp__t275                        2.38046
xdut.\$12__t154                           1.65
xdut.topp__t306                        2.38046
xdut.\$24__t88                            1.65
xdut.topp__t305                        2.38046
xdut.\$12__t153                           1.65
xdut.topp__t304                        2.38046
xdut.\$24__t87                            1.65
xdut.topp__t303                        2.38046
xdut.\$12__t152                           1.65
xdut.topp__t302                        2.38046
xdut.\$24__t86                            1.65
xdut.topp__t301                        2.38046
xdut.\$12__t151                           1.65
xdut.topp__t300                        2.38046
xdut.\$24__t85                            1.65
xdut.topp__t299                        2.38046
xdut.\$12__t150                           1.65
xdut.topp__t298                        2.38046
xdut.\$24__t84                            1.65
xdut.topp__t297                        2.38046
xdut.\$12__t149                           1.65
xdut.topp__t296                        2.38046
xdut.\$24__t83                            1.65
xdut.topp__t295                        2.38046
xdut.\$12__t148                           1.65
xdut.topp__t294                        2.38046
xdut.\$83__t39                            1.65
xdut.topn__t140                        1.37579
xdut.\$81__t67                            1.65
xdut.topn__t137                        1.37579
xdut.\$83__t66                            1.65
xdut.topn__t262                        1.37579
xdut.\$81__t130                           1.65
xdut.topn__t263                        1.37579
xdut.\$83__t67                            1.65
xdut.topn__t264                        1.37579
xdut.\$81__t131                           1.65
xdut.topn__t265                        1.37579
xdut.\$83__t68                            1.65
xdut.topn__t266                        1.37579
xdut.\$81__t132                           1.65
xdut.topn__t267                        1.37579
xdut.\$83__t69                            1.65
xdut.topn__t268                        1.37579
xdut.\$81__t133                           1.65
xdut.topn__t269                        1.37579
xdut.\$83__t70                            1.65
xdut.topn__t270                        1.37579
xdut.\$81__t134                           1.65
xdut.topn__t271                        1.37579
xdut.\$83__t71                            1.65
xdut.topn__t272                        1.37579
xdut.\$81__t93                            1.65
xdut.topn__t193                        1.37579
xdut.\$83__t61                            1.65
xdut.topn__t251                        1.37579
xdut.\$81__t124                           1.65
xdut.topn__t252                        1.37579
xdut.\$83__t62                            1.65
xdut.topn__t253                        1.37579
xdut.\$81__t125                           1.65
xdut.topn__t254                        1.37579
xdut.\$83__t63                            1.65
xdut.topn__t255                        1.37579
xdut.\$81__t126                           1.65
xdut.topn__t256                        1.37579
xdut.\$83__t46                            1.65
xdut.topn__t179                        1.37579
xdut.\$81__t98                            1.65
xdut.topn__t202                        1.37579
xdut.\$83__t58                            1.65
xdut.topn__t203                        1.37579
xdut.\$81__t99                            1.65
xdut.topn__t204                        1.37579
xdut.\$83__t59                            1.65
xdut.topn__t205                        1.37579
xdut.\$81__t100                           1.65
xdut.topn__t206                        1.37579
xdut.\$83__t60                            1.65
xdut.topn__t207                        1.37579
xdut.\$81__t101                           1.65
xdut.topn__t208                        1.37579
xdut.\$83__t64                            1.65
xdut.topn__t257                        1.37579
xdut.\$81__t135                           1.65
xdut.topn__t274                        1.37579
xdut.\$83__t73                            1.65
xdut.topn__t275                        1.37579
xdut.\$81__t138                           1.65
xdut.topn__t278                        1.37579
xdut.\$24__t11                            1.65
xdut.topp__t43                         2.38046
xdut.\$12__t23                            1.65
xdut.topp__t42                         2.38046
xdut.\$24__t12                            1.65
xdut.topp__t44                         2.38046
xdut.\$12__t3                             1.65
xdut.topp__t5                          2.38046
xdut.\$24__t1                             1.65
xdut.topp__t4                          2.38046
xdut.\$12__t26                            1.65
xdut.topp__t48                         2.38046
xdut.\$24__t14                            1.65
xdut.topp__t63                         2.38046
xdut.\$12__t24                            1.65
xdut.topp__t46                         2.38046
xdut.\$24__t13                            1.65
xdut.topp__t45                         2.38046
xdut.\$12__t57                            1.65
xdut.topp__t111                        2.38046
xdut.\$24__t4                             1.65
xdut.topp__t26                         2.38046
xdut.\$12__t14                            1.65
xdut.topp__t25                         2.38046
xdut.\$24__t3                             1.65
xdut.topp__t16                         2.38046
xdut.\$12__t5                             1.65
xdut.topp__t8                          2.38046
xdut.\$24__t2                             1.65
xdut.topp__t7                          2.38046
xdut.\$12__t4                             1.65
xdut.topp__t6                          2.38046
xdut.\$24__t5                             1.65
xdut.topp__t28                         2.38046
xdut.\$12__t15                            1.65
xdut.topp__t27                         2.38046
xdut.\$24__t75                            1.65
xdut.topp__t272                        2.38046
xdut.\$12__t145                           1.65
xdut.topp__t290                        2.38046
xdut.\$24__t81                            1.65
xdut.topp__t289                        2.38046
xdut.\$12__t144                           1.65
xdut.topp__t288                        2.38046
xdut.\$24__t80                            1.65
xdut.topp__t287                        2.38046
xdut.\$12__t143                           1.65
xdut.topp__t286                        2.38046
xdut.\$24__t79                            1.65
xdut.topp__t285                        2.38046
xdut.\$12__t142                           1.65
xdut.topp__t284                        2.38046
xdut.\$24__t78                            1.65
xdut.topp__t283                        2.38046
xdut.\$12__t141                           1.65
xdut.topp__t282                        2.38046
xdut.\$24__t77                            1.65
xdut.topp__t281                        2.38046
xdut.\$12__t140                           1.65
xdut.topp__t280                        2.38046
xdut.\$24__t66                            1.65
xdut.topp__t248                        2.38046
xdut.\$12__t46                            1.65
xdut.topp__t90                         2.38046
xdut.\$83__t0                             1.65
xdut.topn__t4                          1.37579
xdut.\$81__t1                             1.65
xdut.topn__t3                          1.37579
xdut.\$83__t121                           1.65
xdut.topn__t471                        1.37579
xdut.\$81__t228                           1.65
xdut.topn__t454                        1.37579
xdut.\$83__t114                           1.65
xdut.topn__t455                        1.37579
xdut.\$81__t229                           1.65
xdut.topn__t456                        1.37579
xdut.\$83__t115                           1.65
xdut.topn__t457                        1.37579
xdut.\$81__t230                           1.65
xdut.topn__t458                        1.37579
xdut.\$83__t116                           1.65
xdut.topn__t459                        1.37579
xdut.\$81__t231                           1.65
xdut.topn__t460                        1.37579
xdut.\$83__t117                           1.65
xdut.topn__t461                        1.37579
xdut.\$81__t127                           1.65
xdut.topn__t258                        1.37579
xdut.\$83__t124                           1.65
xdut.topn__t488                        1.37579
xdut.\$81__t245                           1.65
xdut.topn__t489                        1.37579
xdut.\$83__t122                           1.65
xdut.topn__t474                        1.37579
xdut.\$81__t241                           1.65
xdut.topn__t483                        1.37579
xdut.\$83__t123                           1.65
xdut.topn__t484                        1.37579
xdut.\$81__t242                           1.65
xdut.topn__t485                        1.37579
xdut.\$83__t125                           1.65
xdut.topn__t502                        1.37579
xdut.\$81__t244                           1.65
xdut.topn__t487                        1.37579
xdut.\$83__t47                            1.65
xdut.topn__t180                        1.37579
xdut.\$81__t139                           1.65
xdut.topn__t280                        1.37579
xdut.\$83__t75                            1.65
xdut.topn__t281                        1.37579
xdut.\$81__t140                           1.65
xdut.topn__t282                        1.37579
xdut.\$83__t76                            1.65
xdut.topn__t283                        1.37579
xdut.\$81__t141                           1.65
xdut.topn__t284                        1.37579
xdut.\$83__t77                            1.65
xdut.topn__t285                        1.37579
xdut.\$81__t142                           1.65
xdut.topn__t286                        1.37579
xdut.\$83__t78                            1.65
xdut.topn__t287                        1.37579
xdut.\$81__t143                           1.65
xdut.topn__t288                        1.37579
xdut.\$83__t80                            1.65
xdut.topn__t305                        1.37579
xdut.\$81__t144                           1.65
xdut.topn__t290                        1.37579
xdut.\$32__t0                             1.65
xdut.topp__t3                          2.38046
xdut.\$12__t2                             1.65
xdut.topp__t2                          2.38046
xdut.\$32__t8                             1.65
xdut.topp__t55                         2.38046
xdut.\$12__t29                            1.65
xdut.topp__t54                         2.38046
xdut.\$32__t7                             1.65
xdut.topp__t53                         2.38046
xdut.\$12__t28                            1.65
xdut.topp__t52                         2.38046
xdut.\$32__t6                             1.65
xdut.topp__t51                         2.38046
xdut.\$12__t27                            1.65
xdut.topp__t50                         2.38046
xdut.\$32__t5                             1.65
xdut.topp__t49                         2.38046
xdut.\$12__t56                            1.65
xdut.topp__t109                        2.38046
xdut.\$32__t4                             1.65
xdut.topp__t24                         2.38046
xdut.\$12__t13                            1.65
xdut.topp__t23                         2.38046
xdut.\$32__t3                             1.65
xdut.topp__t22                         2.38046
xdut.\$12__t12                            1.65
xdut.topp__t21                         2.38046
xdut.\$32__t2                             1.65
xdut.topp__t20                         2.38046
xdut.\$12__t11                            1.65
xdut.topp__t19                         2.38046
xdut.\$32__t1                             1.65
xdut.topp__t18                         2.38046
xdut.\$12__t10                            1.65
xdut.topp__t17                         2.38046
xdut.\$32__t27                            1.65
xdut.topp__t270                        2.38046
xdut.\$12__t44                            1.65
xdut.topp__t87                         2.38046
xdut.\$32__t14                            1.65
xdut.topp__t86                         2.38046
xdut.\$12__t43                            1.65
xdut.topp__t85                         2.38046
xdut.\$32__t13                            1.65
xdut.topp__t84                         2.38046
xdut.\$12__t42                            1.65
xdut.topp__t83                         2.38046
xdut.\$32__t12                            1.65
xdut.topp__t82                         2.38046
xdut.\$12__t41                            1.65
xdut.topp__t81                         2.38046
xdut.\$32__t11                            1.65
xdut.topp__t80                         2.38046
xdut.\$12__t40                            1.65
xdut.topp__t79                         2.38046
xdut.\$32__t10                            1.65
xdut.topp__t78                         2.38046
xdut.\$12__t47                            1.65
xdut.topp__t91                         2.38046
xdut.\$32__t9                             1.65
xdut.topp__t76                         2.38046
xdut.\$12__t39                            1.65
xdut.topp__t75                         2.38046
xdut.\$84__t1                             1.65
xdut.topn__t2                          1.37579
xdut.\$81__t0                             1.65
xdut.topn__t1                          1.37579
xdut.\$84__t62                            1.65
xdut.topn__t501                        1.37579
xdut.\$81__t243                           1.65
xdut.topn__t486                        1.37579
xdut.\$84__t54                            1.65
xdut.topn__t447                        1.37579
xdut.\$81__t225                           1.65
xdut.topn__t448                        1.37579
xdut.\$84__t55                            1.65
xdut.topn__t449                        1.37579
xdut.\$81__t226                           1.65
xdut.topn__t450                        1.37579
xdut.\$84__t56                            1.65
xdut.topn__t451                        1.37579
xdut.\$81__t227                           1.65
xdut.topn__t452                        1.37579
xdut.\$84__t57                            1.65
xdut.topn__t453                        1.37579
xdut.\$81__t128                           1.65
xdut.topn__t260                        1.37579
xdut.\$84__t59                            1.65
xdut.topn__t490                        1.37579
xdut.\$81__t246                           1.65
xdut.topn__t491                        1.37579
xdut.\$84__t60                            1.65
xdut.topn__t492                        1.37579
xdut.\$81__t247                           1.65
xdut.topn__t493                        1.37579
xdut.\$84__t61                            1.65
xdut.topn__t494                        1.37579
xdut.\$81__t255                           1.65
xdut.topn__t510                        1.37579
xdut.\$84__t58                            1.65
xdut.topn__t472                        1.37579
xdut.\$81__t236                           1.65
xdut.topn__t473                        1.37579
xdut.\$84__t16                            1.65
xdut.topn__t181                        1.37579
xdut.\$81__t146                           1.65
xdut.topn__t292                        1.37579
xdut.\$84__t26                            1.65
xdut.topn__t293                        1.37579
xdut.\$81__t147                           1.65
xdut.topn__t294                        1.37579
xdut.\$84__t27                            1.65
xdut.topn__t295                        1.37579
xdut.\$81__t148                           1.65
xdut.topn__t296                        1.37579
xdut.\$84__t28                            1.65
xdut.topn__t297                        1.37579
xdut.\$81__t149                           1.65
xdut.topn__t298                        1.37579
xdut.\$84__t29                            1.65
xdut.topn__t299                        1.37579
xdut.\$81__t150                           1.65
xdut.topn__t300                        1.37579
xdut.\$84__t30                            1.65
xdut.topn__t301                        1.37579
xdut.\$81__t151                           1.65
xdut.topn__t302                        1.37579
xdut.\$40__t0                             1.65
xdut.topp__t1                          2.38046
xdut.\$12__t25                            1.65
xdut.topp__t47                         2.38046
xdut.\$40__t7                             1.65
xdut.topp__t62                         2.38046
xdut.\$12__t32                            1.65
xdut.topp__t61                         2.38046
xdut.\$40__t6                             1.65
xdut.topp__t60                         2.38046
xdut.\$12__t31                            1.65
xdut.topp__t59                         2.38046
xdut.\$40__t5                             1.65
xdut.topp__t58                         2.38046
xdut.\$12__t30                            1.65
xdut.topp__t57                         2.38046
xdut.\$40__t4                             1.65
xdut.topp__t56                         2.38046
xdut.\$12__t48                            1.65
xdut.topp__t92                         2.38046
xdut.\$40__t3                             1.65
xdut.topp__t31                         2.38046
xdut.\$12__t9                             1.65
xdut.topp__t15                         2.38046
xdut.\$40__t2                             1.65
xdut.topp__t14                         2.38046
xdut.\$12__t8                             1.65
xdut.topp__t13                         2.38046
xdut.\$40__t1                             1.65
xdut.topp__t12                         2.38046
xdut.\$12__t7                             1.65
xdut.topp__t11                         2.38046
xdut.\$48__t0                             1.65
xdut.topp__t10                         2.38046
xdut.\$12__t6                             1.65
xdut.topp__t9                          2.38046
xdut.\$48__t8                             1.65
xdut.topp__t268                        2.38046
xdut.\$12__t37                            1.65
xdut.topp__t72                         2.38046
xdut.\$48__t2                             1.65
xdut.topp__t71                         2.38046
xdut.\$12__t36                            1.65
xdut.topp__t70                         2.38046
xdut.\$48__t1                             1.65
xdut.topp__t69                         2.38046
xdut.\$12__t35                            1.65
xdut.topp__t68                         2.38046
xdut.\$56__t1                             1.65
xdut.topp__t67                         2.38046
xdut.\$12__t34                            1.65
xdut.topp__t66                         2.38046
xdut.\$56__t0                             1.65
xdut.topp__t65                         2.38046
xdut.\$12__t33                            1.65
xdut.topp__t64                         2.38046
xdut.\$64__t0                             1.65
xdut.topp__t107                        2.38046
xdut.\$12__t60                            1.65
xdut.topp__t118                        2.38046
xdut.\$72__t0                             1.65
xdut.topp__t117                        2.38046
xdut.\$12__t59                            1.65
xdut.topp__t116                        2.38046
xdut.\$85__t0                             1.65
xdut.topn__t8                          1.37579
xdut.\$81__t3                             1.65
xdut.topn__t7                          1.37579
xdut.\$85__t25                            1.65
xdut.topn__t462                        1.37579
xdut.\$81__t232                           1.65
xdut.topn__t463                        1.37579
xdut.\$85__t26                            1.65
xdut.topn__t464                        1.37579
xdut.\$81__t248                           1.65
xdut.topn__t495                        1.37579
xdut.\$85__t29                            1.65
xdut.topn__t496                        1.37579
xdut.\$81__t249                           1.65
xdut.topn__t497                        1.37579
xdut.\$85__t30                            1.65
xdut.topn__t498                        1.37579
xdut.\$81__t250                           1.65
xdut.topn__t499                        1.37579
xdut.\$85__t31                            1.65
xdut.topn__t500                        1.37579
xdut.\$81__t129                           1.65
xdut.topn__t261                        1.37579
xdut.\$85__t27                            1.65
xdut.topn__t475                        1.37579
xdut.\$81__t237                           1.65
xdut.topn__t476                        1.37579
xdut.\$85__t28                            1.65
xdut.topn__t477                        1.37579
xdut.\$81__t238                           1.65
xdut.topn__t478                        1.37579
xdut.\$86__t14                            1.65
xdut.topn__t479                        1.37579
xdut.\$81__t239                           1.65
xdut.topn__t480                        1.37579
xdut.\$86__t15                            1.65
xdut.topn__t481                        1.37579
xdut.\$81__t240                           1.65
xdut.topn__t482                        1.37579
xdut.\$86__t6                             1.65
xdut.topn__t182                        1.37579
xdut.\$81__t152                           1.65
xdut.topn__t304                        1.37579
xdut.\$86__t8                             1.65
xdut.topn__t289                        1.37579
xdut.\$81__t119                           1.65
xdut.topn__t242                        1.37579
xdut.\$87__t4                             1.65
xdut.topn__t243                        1.37579
xdut.\$81__t120                           1.65
xdut.topn__t244                        1.37579
xdut.\$87__t5                             1.65
xdut.topn__t245                        1.37579
xdut.\$81__t121                           1.65
xdut.topn__t246                        1.37579
xdut.\$88__t2                             1.65
xdut.topn__t247                        1.37579
xdut.\$81__t122                           1.65
xdut.topn__t248                        1.37579
xdut.\$89__t0                             1.65
xdut.topn__t249                        1.37579
xdut.\$81__t123                           1.65
xdut.topn__t250                        1.37579
xdut.\$100                                 3.3
xdut.vsubs                                   0
xdut.\$102                                 3.3
xdut.\$104                                 3.3
xdut.\$106                                 3.3
xdut.\$108                                 3.3
xdut.\$11                                  3.3
xdut.\$110                                 3.3
xdut.\$112                                 3.3
xdut.\$114                                 3.3
xdut.\$116                                 3.3
xdut.\$118                                 3.3
xdut.\$12                                 1.65
xdut.\$120                                 3.3
xdut.\$122                                 3.3
xdut.\$124                                 3.3
xdut.\$126                                 3.3
xdut.\$127                                 3.3
xdut.\$129                         2.06103e-09
xdut.\$130                                 3.3
xdut.\$132                         2.02384e-09
xdut.\$133                                 3.3
xdut.\$135                         1.98676e-09
xdut.\$136                                 3.3
xdut.\$138                         1.94999e-09
xdut.\$139                                 3.3
xdut.\$141                         1.91593e-09
xdut.\$142                                 3.3
xdut.\$144                         1.92862e-09
xdut.\$145                                 3.3
xdut.\$147                         1.96465e-09
xdut.\$148                                 3.3
xdut.\$150                          2.0016e-09
xdut.\$151                                 3.3
xdut.\$153                         2.03873e-09
xdut.\$157                                 3.3
xdut.\$158                                 3.3
xdut.\$17                                  3.3
xdut.\$19                           2.0243e-09
xdut.\$21                                  3.3
xdut.\$23                                  3.3
xdut.\$24                                 1.65
xdut.\$25                                  3.3
xdut.\$27                          1.98741e-09
xdut.\$29                                  3.3
xdut.\$31                                  3.3
xdut.\$32                                 1.65
xdut.\$33                                  3.3
xdut.\$35                          1.95112e-09
xdut.\$37                                  3.3
xdut.\$39                                  3.3
xdut.\$40                                 1.65
xdut.\$41                                  3.3
xdut.\$43                          1.91922e-09
xdut.\$45                                  3.3
xdut.\$47                                  3.3
xdut.\$48                                 1.65
xdut.\$49                                  3.3
xdut.\$5                                   3.3
xdut.\$51                          1.93055e-09
xdut.\$53                                  3.3
xdut.\$55                                  3.3
xdut.\$56                                 1.65
xdut.\$57                                  3.3
xdut.\$59                          1.96553e-09
xdut.\$61                                  3.3
xdut.\$63                                  3.3
xdut.\$64                                 1.65
xdut.\$65                                  3.3
xdut.\$67                          2.00216e-09
xdut.\$69                                  3.3
xdut.\$7                           2.06138e-09
xdut.\$71                                  3.3
xdut.\$72                                 1.65
xdut.\$73                                  3.3
xdut.\$75                          2.03914e-09
xdut.\$77                                  3.3
xdut.\$79                                  3.3
xdut.\$80                                 1.65
xdut.\$81                                 1.65
xdut.\$83                                 1.65
xdut.\$84                                 1.65
xdut.\$85                                 1.65
xdut.\$86                                 1.65
xdut.\$87                                 1.65
xdut.\$88                                 1.65
xdut.\$89                                 1.65
xdut.\$9                                   3.3
xdut.\$90                                 1.65
xdut.\$92                                  3.3
xdut.\$94                                  3.3
xdut.\$96                                  3.3
xdut.\$98                                  3.3
se_topn                                1.37579
se_topp                                2.38046
se_ibias                              0.807378
xsecmp.xpre.ptail                      1.25717
xsecmp.pon                             1.61865
xsecmp.preamp_in1                      2.38046
xsecmp.pop                                 3.3
xsecmp.preamp_in2                      1.37579
xsecmp.xpre.xrlp.11                        3.3
xsecmp.xpre.xrlp.21                        3.3
xsecmp.xpre.xrln.11                    3.29849
xsecmp.xpre.xrln.21                    1.62016
xsecmp.xlat.ltail                      2.37133
xsecmp.xlat.dip                            3.3
xsecmp.xlat.din                            3.3
xsecmp.outn                                3.3
xsecmp.outp                                3.3
xsecmp.sset                        5.12728e-09
xsecmp.srst                        5.12728e-09
xsecmp.xno1.ps                         3.10376
se_cmpb                                1.37235
xsecmp.xno2.ps                         3.10376
se_code                                      0
se_dacp                            1.11022e-16
se_dacn                            1.11022e-16
se_di                                  1.64597
se_err                                 198.999
se_aerrh                                     0
bseea#branch                                 0
bsee#branch                                  0
bsedi#branch                                 0
bsedacn#branch                               0
bsedacp#branch                               0
bsecode#branch                               0
lref#branch                        5.94304e-11
v.xsecmp.vpn#branch                 -3.001e-28
v.xsecmp.vpp#branch               -1.29541e-27
vsemode#branch                               0
vsestart#branch                              0
vsevinn#branch                     4.39648e-14
vsevinp#branch                     4.06192e-11
vcms#branch                        4.01212e-13
vrefs#branch                      -5.94304e-11
vddc#branch                       -0.000677053
vddd#branch                       -5.45481e-10
vddt#branch                                  0
vcmpclkb#branch                              0
vcmpclk#branch                               0
vclk#branch                                  0
a.xsectrl.a_gn#branch_1_0         -6.93889e-18
a.xsectrl.a_gn#branch_1_1                    0
a.xsectrl.a_gn#branch_1_2                    0
a.xsectrl.a_gn#branch_1_3         -6.93889e-18
a.xsectrl.a_gn#branch_1_4                    0
a.xsectrl.a_gn#branch_1_5                    0
a.xsectrl.a_gn#branch_1_6         -6.93889e-18
a.xsectrl.a_gn#branch_1_7                    0
a.xsectrl.a_gn#branch_1_8                    0
a.xsectrl.a_gn#branch_1_9         -6.93889e-18
a.xsectrl.a_gn#branch_1_10                   0
a.xsectrl.a_gn#branch_1_11                   0
a.xsectrl.a_gn#branch_1_12        -6.93889e-18
a.xsectrl.a_gn#branch_1_13                   0
a.xsectrl.a_gn#branch_1_14                   0
a.xsectrl.a_gn#branch_1_15        -6.93889e-18
a.xsectrl.a_gn#branch_1_16                   0
a.xsectrl.a_gn#branch_1_17                   0
a.xsectrl.a_gn#branch_1_18        -6.93889e-18
a.xsectrl.a_gn#branch_1_19                   0
a.xsectrl.a_gn#branch_1_20                   0
a.xsectrl.a_gn#branch_1_21        -6.93889e-18
a.xsectrl.a_gn#branch_1_22                   0
a.xsectrl.a_gn#branch_1_23                   0
a.xsectrl.a_gn#branch_1_24        -6.93889e-18
a.xsectrl.a_gn#branch_1_25                   0
a.xsectrl.a_gn#branch_1_26                   0
a.xsectrl.a_gn#branch_1_27        -6.93889e-18
a.xsectrl.a_gn#branch_1_28                   0
a.xsectrl.a_gn#branch_1_29                   0
a.xsectrl.a_gn#branch_1_30        -6.93889e-18
a.xsectrl.a_gn#branch_1_31                   0
a.xsectrl.a_gn#branch_1_32                   0
a.xsectrl.a_gn#branch_1_33        -6.93889e-18
a.xsectrl.a_gn#branch_1_34                   0
a.xsectrl.a_gn#branch_1_35                   0
a.xsectrl.a_gn#branch_1_36        -6.93889e-18
a.xsectrl.a_gn#branch_1_37                   0
a.xsectrl.a_gn#branch_1_38                   0
a.xsectrl.a_gn#branch_1_39        -6.93889e-18
a.xsectrl.a_gn#branch_1_40                   0
a.xsectrl.a_gn#branch_1_41                   0
a.xsectrl.a_gn#branch_1_42        -6.93889e-18
a.xsectrl.a_gn#branch_1_43                   0
a.xsectrl.a_gn#branch_1_44                   0
a.xsectrl.a_gn#branch_1_45        -6.93889e-18
a.xsectrl.a_gn#branch_1_46                   0
a.xsectrl.a_gn#branch_1_47                   0
a.xsectrl.a_gn#branch_1_48        -6.93889e-18
a.xsectrl.a_gn#branch_1_49                   0
a.xsectrl.a_gn#branch_1_50                   0
a.xsectrl.a_gn#branch_1_51        -6.93889e-18
a.xsectrl.a_gn#branch_1_52                   0
a.xsectrl.a_gn#branch_1_53                   0
a.xsectrl.a_dout#branch_1_0                  0
a.xsectrl.a_dout#branch_1_1                  0
a.xsectrl.a_dout#branch_1_2                  0
a.xsectrl.a_dout#branch_1_3                  0
a.xsectrl.a_dout#branch_1_4                  0
a.xsectrl.a_dout#branch_1_5                  0
a.xsectrl.a_dout#branch_1_6                  0
a.xsectrl.a_dout#branch_1_7                  0
a.xsectrl.a_dout#branch_1_8                  0
a.xsectrl.a_dout#branch_1_9                  0
a.xsectrl.a_dout#branch_1_10                 0
a.xsectrl.a_dout#branch_1_11                 0
a.xsectrl.a_dout#branch_1_12                 0

 Reference value :  0.00000e+00
 Reference value :  2.96618e-09
 Reference value :  3.16322e-08
 Reference value :  8.16145e-08
 Reference value :  1.25010e-07
 Reference value :  1.56334e-07
 Reference value :  1.87676e-07
 Reference value :  2.02111e-07
 Reference value :  2.29018e-07
 Reference value :  2.52942e-07
 Reference value :  2.81465e-07
 Reference value :  3.12842e-07
 Reference value :  3.43758e-07
 Reference value :  3.75185e-07
 Reference value :  3.80166e-07
 Reference value :  4.37510e-07
 Reference value :  4.40033e-07
 Reference value :  4.69067e-07
 Reference value :  5.02266e-07
 Reference value :  5.31354e-07
 Reference value :  5.62998e-07
 Reference value :  5.93773e-07
 Reference value :  6.25114e-07
 Reference value :  6.29264e-07
 Reference value :  6.58070e-07
 Reference value :  6.89892e-07
 Reference value :  7.18918e-07
 Reference value :  7.50529e-07
 Reference value :  7.81338e-07
 Reference value :  8.12700e-07
 Reference value :  8.29497e-07
 Reference value :  8.59530e-07
 Reference value :  8.77575e-07
 Reference value :  9.06537e-07
 Reference value :  9.40007e-07
 Reference value :  9.75790e-07
 Reference value :  1.00252e-06
 Reference value :  1.03130e-06
 Reference value :  1.06253e-06
 Reference value :  1.09385e-06
 Reference value :  1.12520e-06
 Reference value :  1.15660e-06
 Reference value :  1.18806e-06
 Reference value :  1.21893e-06
 Reference value :  1.25035e-06
 Reference value :  1.28125e-06
 Reference value :  1.28581e-06
 Reference value :  1.31495e-06
 Reference value :  1.34395e-06
 Reference value :  1.37548e-06
 Reference value :  1.40630e-06
 Reference value :  1.43770e-06
 Reference value :  1.44284e-06
 Reference value :  1.50003e-06
 Reference value :  1.50268e-06
 Reference value :  1.53279e-06
 Reference value :  1.56500e-06
 Reference value :  1.59390e-06
 Reference value :  1.62551e-06
 Reference value :  1.65633e-06
 Reference value :  1.68770e-06
 Reference value :  1.70046e-06
 Reference value :  1.74101e-06
 Reference value :  1.75258e-06
 Reference value :  1.78167e-06
 Reference value :  1.81305e-06
 Reference value :  1.84383e-06
 Reference value :  1.87512e-06
 Reference value :  1.87889e-06
 Reference value :  1.93584e-06
 Reference value :  1.96883e-06
 Reference value :  2.00046e-06
 Reference value :  2.00297e-06
 Reference value :  2.03168e-06
 Reference value :  2.06305e-06
 Reference value :  2.09789e-06
 Reference value :  2.15631e-06
 Reference value :  2.16014e-06
 Reference value :  2.19006e-06
 Reference value :  2.21924e-06
 Reference value :  2.25281e-06
 Reference value :  2.28136e-06
 Reference value :  2.31269e-06
 Reference value :  2.31911e-06
 Reference value :  2.37362e-06
 Reference value :  2.37754e-06
 Reference value :  2.40643e-06
 Reference value :  2.43803e-06
 Reference value :  2.46880e-06
 Reference value :  2.50020e-06
 Reference value :  2.51025e-06
 Reference value :  2.56260e-06
 Reference value :  2.56516e-06
 Reference value :  2.59420e-06
 Reference value :  2.62741e-06
 Reference value :  2.65641e-06
 Reference value :  2.68791e-06
 Reference value :  2.71880e-06
 Reference value :  2.75020e-06
 Reference value :  2.76191e-06
 Reference value :  2.78231e-06
 Reference value :  2.81502e-06
 Reference value :  2.84415e-06
 Reference value :  2.87540e-06
 Reference value :  2.90364e-06
 Reference value :  2.93753e-06
 Reference value :  2.96881e-06
 Reference value :  3.00019e-06
 Reference value :  3.00275e-06
 Reference value :  3.03145e-06
 Reference value :  3.06280e-06
 Reference value :  3.09417e-06
 Reference value :  3.15630e-06
 Reference value :  3.18751e-06
 Reference value :  3.19012e-06
 Reference value :  3.21918e-06
 Reference value :  3.25074e-06
 Reference value :  3.28131e-06
 Reference value :  3.31116e-06
 Reference value :  3.31503e-06
 Reference value :  3.34395e-06
 Reference value :  3.37550e-06
 Reference value :  3.40628e-06
 Reference value :  3.43770e-06
 Reference value :  3.44855e-06
 Reference value :  3.50000e-06
 Reference value :  3.50253e-06
 Reference value :  3.53470e-06
 Reference value :  3.56512e-06
 Reference value :  3.60667e-06
 Reference value :  3.62788e-06
 Reference value :  3.67596e-06
 Reference value :  3.69002e-06
 Reference value :  3.71899e-06
 Reference value :  3.75091e-06
 Reference value :  3.78136e-06
 Reference value :  3.81269e-06
 Reference value :  3.81616e-06
 Reference value :  3.87500e-06
 Reference value :  3.87760e-06
 Reference value :  3.90661e-06
 Reference value :  3.93999e-06
 Reference value :  3.99020e-06
 Reference value :  4.00254e-06
 Reference value :  4.03131e-06
 Reference value :  4.06270e-06
 Reference value :  4.09401e-06
 Reference value :  4.12688e-06
 Reference value :  4.17640e-06
 Reference value :  4.19007e-06
 Reference value :  4.21911e-06
 Reference value :  4.25268e-06
 Reference value :  4.28132e-06
 Reference value :  4.31294e-06
 Reference value :  4.34382e-06
 Reference value :  4.37520e-06
 Reference value :  4.38000e-06
 Reference value :  4.40704e-06
 Reference value :  4.43996e-06
 Reference value :  4.46894e-06
 Reference value :  4.50027e-06
 Reference value :  4.51225e-06
 Reference value :  4.56260e-06
 Reference value :  4.56527e-06
 Reference value :  4.59416e-06
 Reference value :  4.62727e-06
 Reference value :  4.65633e-06
 Reference value :  4.68770e-06
 Reference value :  4.71877e-06
 Reference value :  4.75013e-06
 Reference value :  4.75295e-06
 Reference value :  4.78382e-06
 Reference value :  4.81492e-06
 Reference value :  4.84400e-06
 Reference value :  4.87552e-06
 Reference value :  4.90628e-06
 Reference value :  4.93770e-06
 Reference value :  4.96885e-06
 Reference value :  5.00025e-06
 Reference value :  5.00286e-06
 Reference value :  5.03141e-06
 Reference value :  5.06283e-06
 Reference value :  5.09542e-06
 Reference value :  5.15630e-06
 Reference value :  5.15696e-06
 Reference value :  5.19007e-06
 Reference value :  5.21923e-06
 Reference value :  5.25268e-06
 Reference value :  5.28132e-06
 Reference value :  5.31268e-06
 Reference value :  5.31648e-06
 Reference value :  5.34560e-06
 Reference value :  5.37753e-06
 Reference value :  5.40667e-06
 Reference value :  5.43978e-06
 Reference value :  5.46896e-06
 Reference value :  5.50035e-06
 Reference value :  5.53133e-06
 Reference value :  5.56307e-06
 Reference value :  5.59381e-06
 Reference value :  5.62525e-06
 Reference value :  5.65000e-06
 Reference value :  5.67525e-06
 Reference value :  5.68999e-06
 Reference value :  5.71892e-06
 Reference value :  5.75041e-06
 Reference value :  5.78128e-06
 Reference value :  5.78932e-06
 Reference value :  5.81495e-06
 Reference value :  5.84415e-06
 Reference value :  5.87549e-06
 Reference value :  5.90629e-06
 Reference value :  5.93756e-06
 Reference value :  5.96879e-06
 Reference value :  6.00019e-06
 Reference value :  6.00294e-06
 Reference value :  6.03165e-06
 Reference value :  6.09380e-06
 Reference value :  6.12536e-06
 Reference value :  6.15669e-06
 Reference value :  6.18979e-06
 Reference value :  6.21898e-06
 Reference value :  6.25045e-06
 Reference value :  6.28128e-06
 Reference value :  6.31269e-06
 Reference value :  6.31664e-06
 Reference value :  6.35520e-06
 Reference value :  6.37753e-06
 Reference value :  6.40648e-06
 Reference value :  6.43807e-06
 Reference value :  6.46883e-06
 Reference value :  6.50028e-06
 Reference value :  6.50714e-06
 Reference value :  6.54933e-06
 Reference value :  6.56495e-06
 Reference value :  6.59389e-06
 Reference value :  6.62555e-06
 Reference value :  6.65634e-06
 Reference value :  6.68780e-06
 Reference value :  6.71877e-06
 Reference value :  6.75020e-06
 Reference value :  6.75430e-06
 Reference value :  6.81250e-06
 Reference value :  6.81517e-06
 Reference value :  6.85398e-06
 Reference value :  6.87763e-06
 Reference value :  6.90655e-06
 Reference value :  6.93792e-06
 Reference value :  6.96912e-06
 Reference value :  7.00227e-06
 Reference value :  7.00791e-06
 Reference value :  7.03194e-06
 Reference value :  7.09377e-06
 Reference value :  7.12511e-06
 Reference value :  7.15637e-06
 Reference value :  7.15821e-06
 Reference value :  7.19003e-06
 Reference value :  7.21915e-06
 Reference value :  7.25030e-06
 Reference value :  7.25937e-06
 Reference value :  7.31251e-06
 Reference value :  7.31579e-06
 Reference value :  7.34420e-06
 Reference value :  7.37559e-06
 Reference value :  7.40631e-06
 Reference value :  7.43756e-06
 Reference value :  7.44009e-06
 Reference value :  7.46904e-06
 Reference value :  7.50227e-06
 Reference value :  7.53133e-06
 Reference value :  7.56293e-06
 Reference value :  7.59375e-06
 Reference value :  7.62512e-06
 Reference value :  7.62789e-06
 Reference value :  7.65689e-06
 Reference value :  7.68991e-06
 Reference value :  7.71901e-06
 Reference value :  7.75079e-06
 Reference value :  7.78135e-06
 Reference value :  7.81278e-06
 Reference value :  7.83802e-06
 Reference value :  7.86418e-06
 Reference value :  7.87770e-06
 Reference value :  7.90660e-06
 Reference value :  7.94476e-06
 Reference value :  8.00012e-06
 Reference value :  8.00276e-06
 Reference value :  8.03154e-06
 Reference value :  8.06321e-06
 Reference value :  8.10897e-06
 Reference value :  8.15632e-06
 Reference value :  8.17138e-06
 Reference value :  8.19010e-06
 Reference value :  8.21925e-06
 Reference value :  8.25038e-06
 Reference value :  8.28128e-06
 Reference value :  8.30236e-06
 Reference value :  8.31509e-06
 Reference value :  8.34413e-06
 Reference value :  8.37727e-06
 Reference value :  8.40645e-06
 Reference value :  8.43779e-06
 Reference value :  8.46879e-06
 Reference value :  8.50019e-06
 Reference value :  8.50503e-06
 Reference value :  8.55931e-06
 Reference value :  8.56522e-06
 Reference value :  8.61205e-06
 Reference value :  8.62760e-06
 Reference value :  8.65671e-06
 Reference value :  8.68998e-06
 Reference value :  8.71917e-06
 Reference value :  8.75253e-06
 Reference value :  8.78177e-06
 Reference value :  8.81490e-06
 Reference value :  8.84399e-06
 Reference value :  8.87533e-06
 Reference value :  8.88684e-06
 Reference value :  8.90887e-06
 Reference value :  8.96880e-06
 Reference value :  9.00019e-06
 Reference value :  9.00284e-06
 Reference value :  9.03140e-06
 Reference value :  9.06348e-06
 Reference value :  9.12510e-06
 Reference value :  9.15638e-06
 Reference value :  9.18799e-06
 Reference value :  9.21884e-06
 Reference value :  9.25033e-06
 Reference value :  9.26941e-06
 Reference value :  9.31260e-06
 Reference value :  9.31509e-06
 Reference value :  9.34405e-06
 Reference value :  9.37544e-06
 Reference value :  9.40631e-06
 Reference value :  9.43785e-06
 Reference value :  9.46879e-06
 Reference value :  9.50013e-06
 Reference value :  9.50418e-06
 Reference value :  9.55939e-06
 Reference value :  9.56503e-06
 Reference value :  9.59393e-06
 Reference value :  9.62560e-06
 Reference value :  9.65632e-06
 Reference value :  9.68775e-06
 Reference value :  9.71878e-06
 Reference value :  9.75019e-06
 Reference value :  9.75659e-06
 Reference value :  9.81253e-06
 Reference value :  9.81555e-06
 Reference value :  9.87503e-06
 Reference value :  9.87805e-06
 Reference value :  9.93575e-06
 Reference value :  9.96881e-06
 Reference value :  1.00003e-05
 Reference value :  1.00031e-05
 Reference value :  1.00318e-05
 Reference value :  1.00938e-05
 Reference value :  1.01253e-05
 Reference value :  1.01565e-05
 Reference value :  1.01898e-05
 Reference value :  1.02190e-05
 Reference value :  1.02509e-05
 Reference value :  1.02814e-05
 Reference value :  1.03128e-05
 Reference value :  1.03438e-05
 Reference value :  1.03750e-05
 Reference value :  1.03776e-05
 Reference value :  1.04067e-05
 Reference value :  1.04398e-05
 Reference value :  1.04688e-05
 Reference value :  1.05005e-05
 Reference value :  1.05313e-05
 Reference value :  1.05627e-05
 Reference value :  1.05938e-05
 Reference value :  1.06251e-05
 Reference value :  1.06293e-05
 Reference value :  1.06875e-05
 Reference value :  1.06902e-05
 Reference value :  1.07193e-05
 Reference value :  1.07525e-05
 Reference value :  1.07817e-05
 Reference value :  1.08148e-05
 Reference value :  1.08439e-05
 Reference value :  1.08769e-05
 Reference value :  1.09063e-05
 Reference value :  1.09330e-05
 Reference value :  1.09688e-05
 Reference value :  1.10002e-05
 Reference value :  1.10031e-05
 Reference value :  1.10626e-05
 Reference value :  1.10939e-05
 Reference value :  1.11254e-05
 Reference value :  1.11567e-05
 Reference value :  1.11884e-05
 Reference value :  1.12189e-05
 Reference value :  1.12502e-05
 Reference value :  1.12812e-05
 Reference value :  1.13125e-05
 Reference value :  1.13154e-05
 Reference value :  1.13441e-05
 Reference value :  1.13773e-05
 Reference value :  1.14064e-05
 Reference value :  1.14381e-05
 Reference value :  1.14688e-05
 Reference value :  1.15003e-05
 Reference value :  1.15168e-05
 Reference value :  1.15626e-05
 Reference value :  1.15654e-05
 Reference value :  1.15972e-05
 Reference value :  1.16275e-05
 Reference value :  1.16564e-05
 Reference value :  1.16880e-05
 Reference value :  1.17189e-05
 Reference value :  1.17507e-05
 Reference value :  1.17813e-05
 Reference value :  1.18128e-05
 Reference value :  1.18438e-05
 Reference value :  1.18751e-05
 Reference value :  1.18778e-05
 Reference value :  1.19067e-05
 Reference value :  1.19413e-05
 Reference value :  1.19692e-05
 Reference value :  1.20023e-05
 Reference value :  1.20230e-05
 Reference value :  1.20322e-05
 Reference value :  1.20938e-05
 Reference value :  1.21251e-05
 Reference value :  1.21564e-05
 Reference value :  1.21877e-05
 Reference value :  1.22188e-05
 Reference value :  1.22309e-05
 Reference value :  1.22529e-05
 Reference value :  1.22815e-05
 Reference value :  1.23128e-05
 Reference value :  1.23438e-05
 Reference value :  1.23627e-05
 Reference value :  1.23775e-05
 Reference value :  1.24070e-05
 Reference value :  1.24401e-05
 Reference value :  1.24763e-05
 Reference value :  1.25025e-05
 Reference value :  1.25314e-05
 Reference value :  1.25631e-05
 Reference value :  1.25938e-05
 Reference value :  1.26251e-05
 Reference value :  1.26285e-05
 Reference value :  1.26593e-05
 Reference value :  1.26899e-05
 Reference value :  1.27189e-05
 Reference value :  1.27504e-05
 Reference value :  1.27813e-05
 Reference value :  1.28126e-05
 Reference value :  1.28158e-05
 Reference value :  1.28443e-05
 Reference value :  1.28774e-05
 Reference value :  1.29063e-05
 Reference value :  1.29378e-05
 Reference value :  1.29689e-05
 Reference value :  1.30004e-05
 Reference value :  1.30030e-05
 Reference value :  1.30316e-05
 Reference value :  1.30631e-05
 Reference value :  1.31140e-05
 Reference value :  1.31564e-05
 Reference value :  1.31878e-05
 Reference value :  1.32188e-05
 Reference value :  1.32501e-05
 Reference value :  1.32530e-05
 Reference value :  1.32816e-05
 Reference value :  1.33131e-05
 Reference value :  1.33438e-05
 Reference value :  1.33751e-05
 Reference value :  1.33790e-05
 Reference value :  1.34068e-05
 Reference value :  1.34383e-05
 Reference value :  1.34688e-05
 Reference value :  1.35001e-05
 Reference value :  1.35026e-05
 Reference value :  1.35316e-05
 Reference value :  1.35649e-05
 Reference value :  1.35938e-05
 Reference value :  1.36254e-05
 Reference value :  1.36482e-05
 Reference value :  1.36876e-05
 Reference value :  1.36909e-05
 Reference value :  1.37347e-05
 Reference value :  1.37526e-05
 Reference value :  1.37820e-05
 Reference value :  1.38150e-05
 Reference value :  1.38442e-05
 Reference value :  1.38773e-05
 Reference value :  1.39063e-05
 Reference value :  1.39376e-05
 Reference value :  1.39688e-05
 Reference value :  1.40002e-05
 Reference value :  1.40027e-05
 Reference value :  1.40314e-05
 Reference value :  1.40628e-05
 Reference value :  1.40943e-05
 Reference value :  1.41563e-05
 Reference value :  1.41877e-05
 Reference value :  1.42188e-05
 Reference value :  1.42501e-05
 Reference value :  1.42531e-05
 Reference value :  1.42816e-05
 Reference value :  1.43134e-05
 Reference value :  1.43438e-05
 Reference value :  1.43751e-05
 Reference value :  1.43777e-05
 Reference value :  1.44066e-05
 Reference value :  1.44380e-05
 Reference value :  1.44688e-05
 Reference value :  1.45002e-05
 Reference value :  1.45301e-05
 Reference value :  1.45626e-05
 Reference value :  1.45657e-05
 Reference value :  1.46199e-05
 Reference value :  1.46286e-05
 Reference value :  1.46852e-05
 Reference value :  1.46901e-05
 Reference value :  1.47193e-05
 Reference value :  1.47523e-05
 Reference value :  1.47815e-05
 Reference value :  1.48131e-05
 Reference value :  1.48438e-05
 Reference value :  1.48751e-05
 Reference value :  1.48777e-05
 Reference value :  1.49065e-05
 Reference value :  1.49379e-05
 Reference value :  1.49691e-05
 Reference value :  1.50024e-05
 Reference value :  1.50166e-05
 Reference value :  1.50317e-05
 Reference value :  1.50667e-05
 Reference value :  1.51219e-05
 Reference value :  1.51563e-05
 Reference value :  1.51684e-05
 Reference value :  1.51901e-05
 Reference value :  1.52192e-05
 Reference value :  1.52505e-05
 Reference value :  1.52813e-05
 Reference value :  1.53125e-05
 Reference value :  1.53151e-05
 Reference value :  1.53444e-05
 Reference value :  1.53775e-05
 Reference value :  1.54065e-05
 Reference value :  1.54384e-05
 Reference value :  1.54688e-05
 Reference value :  1.55003e-05
 Reference value :  1.55092e-05
 Reference value :  1.55533e-05
 Reference value :  1.55651e-05
 Reference value :  1.55941e-05
 Reference value :  1.56273e-05
 Reference value :  1.56564e-05
 Reference value :  1.56878e-05
 Reference value :  1.57188e-05
 Reference value :  1.57502e-05
 Reference value :  1.57548e-05
 Reference value :  1.58125e-05
 Reference value :  1.58151e-05
 Reference value :  1.58442e-05
 Reference value :  1.58774e-05
 Reference value :  1.59063e-05
 Reference value :  1.59377e-05
 Reference value :  1.59689e-05
 Reference value :  1.60004e-05
 Reference value :  1.60029e-05
 Reference value :  1.60315e-05
 Reference value :  1.60628e-05
 Reference value :  1.60943e-05
 Reference value :  1.61479e-05
 Reference value :  1.61575e-05
 Reference value :  1.61900e-05
 Reference value :  1.62191e-05
 Reference value :  1.62505e-05
 Reference value :  1.62813e-05
 Reference value :  1.63112e-05
 Reference value :  1.63151e-05
 Reference value :  1.63442e-05
 Reference value :  1.63773e-05
 Reference value :  1.64064e-05
 Reference value :  1.64377e-05
 Reference value :  1.64414e-05
 Reference value :  1.64709e-05
 Reference value :  1.65025e-05
 Reference value :  1.65314e-05
 Reference value :  1.65629e-05
 Reference value :  1.65938e-05
 Reference value :  1.66252e-05
 Reference value :  1.66331e-05
 Reference value :  1.66698e-05
 Reference value :  1.66901e-05
 Reference value :  1.67192e-05
 Reference value :  1.67523e-05
 Reference value :  1.67815e-05
 Reference value :  1.68131e-05
 Reference value :  1.68438e-05
 Reference value :  1.68752e-05
 Reference value :  1.68813e-05
 Reference value :  1.69068e-05
 Reference value :  1.69451e-05
 Reference value :  1.69882e-05
 Reference value :  1.70026e-05
 Reference value :  1.70313e-05
 Reference value :  1.70402e-05
 Reference value :  1.70938e-05
 Reference value :  1.71251e-05
 Reference value :  1.71563e-05
 Reference value :  1.71877e-05
 Reference value :  1.71941e-05
 Reference value :  1.72322e-05
 Reference value :  1.72529e-05
 Reference value :  1.72814e-05
 Reference value :  1.73128e-05
 Reference value :  1.73438e-05
 Reference value :  1.73752e-05
 Reference value :  1.73830e-05
 Reference value :  1.74069e-05
 Reference value :  1.74398e-05
 Reference value :  1.74688e-05
 Reference value :  1.75002e-05
 Reference value :  1.75046e-05
 Reference value :  1.75475e-05
 Reference value :  1.75650e-05
 Reference value :  1.75939e-05
 Reference value :  1.76253e-05
 Reference value :  1.76563e-05
 Reference value :  1.76876e-05
 Reference value :  1.76902e-05
 Reference value :  1.77192e-05
 Reference value :  1.77525e-05
 Reference value :  1.77816e-05
 Reference value :  1.78148e-05
 Reference value :  1.78439e-05
 Reference value :  1.78753e-05
 Reference value :  1.78913e-05
 Reference value :  1.79376e-05
 Reference value :  1.79689e-05
 Reference value :  1.80005e-05
 Reference value :  1.80030e-05
 Reference value :  1.80316e-05
 Reference value :  1.80630e-05
 Reference value :  1.80999e-05
 Reference value :  1.81563e-05
 Reference value :  1.81878e-05
 Reference value :  1.82188e-05
 Reference value :  1.82501e-05
 Reference value :  1.82531e-05
 Reference value :  1.82816e-05
 Reference value :  1.83130e-05
 Reference value :  1.83438e-05
 Reference value :  1.83752e-05
 Reference value :  1.83781e-05
 Reference value :  1.84139e-05
 Reference value :  1.84400e-05
 Reference value :  1.84692e-05
 Reference value :  1.85024e-05
 Reference value :  1.85315e-05
 Reference value :  1.85632e-05
 Reference value :  1.85938e-05
 Reference value :  1.86252e-05
 Reference value :  1.86306e-05
 Reference value :  1.86665e-05
 Reference value :  1.86900e-05
 Reference value :  1.87191e-05
 Reference value :  1.87523e-05
 Reference value :  1.87815e-05
 Reference value :  1.88128e-05
 Reference value :  1.88438e-05
 Reference value :  1.88505e-05
 Reference value :  1.88774e-05
 Reference value :  1.89063e-05
 Reference value :  1.89379e-05
 Reference value :  1.89690e-05
 Reference value :  1.90023e-05
 Reference value :  1.90041e-05
 Reference value :  1.90320e-05
 Reference value :  1.90938e-05
 Reference value :  1.91253e-05
 Reference value :  1.91566e-05
 Reference value :  1.91899e-05
 Reference value :  1.92191e-05
 Reference value :  1.92505e-05
 Reference value :  1.92813e-05
 Reference value :  1.93126e-05
 Reference value :  1.93159e-05
 Reference value :  1.93554e-05
 Reference value :  1.93775e-05
 Reference value :  1.94065e-05
 Reference value :  1.94381e-05
 Reference value :  1.94688e-05
 Reference value :  1.95002e-05
 Reference value :  1.95065e-05
 Reference value :  1.95609e-05
 Reference value :  1.95651e-05
 Reference value :  1.95941e-05
 Reference value :  1.96274e-05
 Reference value :  1.96564e-05
 Reference value :  1.96880e-05
 Reference value :  1.97188e-05
 Reference value :  1.97502e-05
 Reference value :  1.97669e-05
 Reference value :  1.98125e-05
 Reference value :  1.98151e-05
 Reference value :  1.98441e-05
 Reference value :  1.98754e-05
 Reference value :  1.99063e-05
 Reference value :  1.99074e-05
 Reference value :  1.99525e-05
No. of Data Rows : 51601
e1                  =  1.01641e+00
x1                  =  1.10698e+01 at=  2.28141e-06
cd1                 =  2.00000e+00
e2                  =  9.69380e-01
x2                  =  1.10447e+01 at=  3.28141e-06
cd2                 =  3.00000e+00
e128                =  5.98740e-01
x128                =  7.92076e+00 at=  4.28143e-06
cd128               =  1.28000e+02
e129                =  7.35661e-01
x129                =  8.00290e+00 at=  5.28143e-06
cd129               =  1.29000e+02
e255                =  3.36821e-01
x255                =  5.06607e+00 at=  6.31263e-06
cd255               =  2.55000e+02
e256                =  4.68003e-01
x256                =  5.15408e+00 at=  7.31263e-06
cd256               =  2.56000e+02
e257                =  5.08621e-01
x257                =  5.13471e+00 at=  8.31263e-06
cd257               =  2.57000e+02
e384                =  1.20581e-01
x384                =  2.57013e+00 at=  9.31263e-06
cd384               =  3.84000e+02
e511                =  -1.20963e-01
x511                =  4.78909e+00 at=  1.03751e-05
cd511               =  5.11000e+02
e512                =  -2.71586e-03
x512                =  4.68596e+00 at=  1.13440e-05
cd512               =  5.12000e+02
e513                =  5.18036e-02
x513                =  4.68237e+00 at=  1.23440e-05
cd513               =  5.13000e+02
e640                =  -3.24470e-01
x640                =  2.77850e+00 at=  1.33126e-05
cd640               =  6.40000e+02
e767                =  -5.87370e-01
x767                =  5.27094e+00 at=  1.43126e-05
cd767               =  7.66000e+02
e768                =  -4.46332e-01
x768                =  5.17798e+00 at=  1.53126e-05
cd768               =  7.68000e+02
e769                =  -4.13407e-01
x769                =  5.19764e+00 at=  1.63126e-05
cd769               =  7.68000e+02
e896                =  -8.49274e-01
x896                =  7.82609e+00 at=  1.73126e-05
cd896               =  8.95000e+02
e1022               =  -1.04907e+00
x1022               =  1.03711e+01 at=  1.83126e-05
cd1022              =  1.02100e+03
e1023               =  -9.76147e-01
x1023               =  1.02844e+01 at=  1.93126e-05
cd1023              =  1.02200e+03
vrefhi              =  3.30028e+00 at=  1.73149e-05
vreflo              =  3.29972e+00 at=  1.65703e-05
m_terr_t1_lsb = 1.0164110000e+00
m_decerr_t1_lsb = 1.1069810000e+01
m_code_t1 = 2.0000000000e+00
m_terr_t2_lsb = 9.6938030000e-01
m_decerr_t2_lsb = 1.1044710000e+01
m_code_t2 = 3.0000000000e+00
m_terr_t128_lsb = 5.9874010000e-01
m_decerr_t128_lsb = 7.9207600000e+00
m_code_t128 = 1.2800000000e+02
m_terr_t129_lsb = 7.3566070000e-01
m_decerr_t129_lsb = 8.0029010000e+00
m_code_t129 = 1.2900000000e+02
m_terr_t255_lsb = 3.3682150000e-01
m_decerr_t255_lsb = 5.0660730000e+00
m_code_t255 = 2.5500000000e+02
m_terr_t256_lsb = 4.6800270000e-01
m_decerr_t256_lsb = 5.1540810000e+00
m_code_t256 = 2.5600000000e+02
m_terr_t257_lsb = 5.0862090000e-01
m_decerr_t257_lsb = 5.1347140000e+00
m_code_t257 = 2.5700000000e+02
m_terr_t384_lsb = 1.2058110000e-01
m_decerr_t384_lsb = 2.5701270000e+00
m_code_t384 = 3.8400000000e+02
m_terr_t511_lsb = -1.209629000e-01
m_decerr_t511_lsb = 4.7890920000e+00
m_code_t511 = 5.1100000000e+02
m_terr_t512_lsb = -2.715859000e-03
m_decerr_t512_lsb = 4.6859580000e+00
m_code_t512 = 5.1200000000e+02
m_terr_t513_lsb = 5.1803610000e-02
m_decerr_t513_lsb = 4.6823730000e+00
m_code_t513 = 5.1300000000e+02
m_terr_t640_lsb = -3.244702000e-01
m_decerr_t640_lsb = 2.7785030000e+00
m_code_t640 = 6.4000000000e+02
m_terr_t767_lsb = -5.873701000e-01
m_decerr_t767_lsb = 5.2709410000e+00
m_code_t767 = 7.6600000000e+02
m_terr_t768_lsb = -4.463315000e-01
m_decerr_t768_lsb = 5.1779800000e+00
m_code_t768 = 7.6800000000e+02
m_terr_t769_lsb = -4.134068000e-01
m_decerr_t769_lsb = 5.1976380000e+00
m_code_t769 = 7.6800000000e+02
m_terr_t896_lsb = -8.492742000e-01
m_decerr_t896_lsb = 7.8260910000e+00
m_code_t896 = 8.9500000000e+02
m_terr_t1022_lsb = -1.049070000e+00
m_decerr_t1022_lsb = 1.0371070000e+01
m_code_t1022 = 1.0210000000e+03
m_terr_t1023_lsb = -9.761466000e-01
m_decerr_t1023_lsb = 1.0284420000e+01
m_code_t1023 = 1.0220000000e+03
m_inl_t1_lsb = 0.0000000000e+00
m_inl_t2_lsb = -4.508103503e-02
m_inl_t128_lsb = -1.700634487e-01
m_inl_t129_lsb = -3.119318376e-02
m_inl_t255_lsb = -1.843745975e-01
m_inl_t256_lsb = -5.124373249e-02
m_inl_t257_lsb = -8.675867515e-03
m_inl_t384_lsb = -1.491082162e-01
m_inl_t511_lsb = -1.430447650e-01
m_inl_t512_lsb = -2.284805900e-02
m_inl_t513_lsb = 3.3621074971e-02
m_inl_t640_lsb = -9.504528376e-02
m_inl_t767_lsb = -1.103377325e-01
m_inl_t768_lsb = 3.2650532485e-02
m_inl_t769_lsb = 6.7524897456e-02
m_inl_t896_lsb = -1.207350513e-01
m_inl_t1022_lsb = -7.487306497e-02
m_inl_t1023_lsb = 0.0000000000e+00
m_dnl_t1_t2_lsb = -4.703070000e-02
m_dnl_t128_t129_lsb = 1.3692060000e-01
m_dnl_t255_t256_lsb = 1.3118120000e-01
m_dnl_t256_t257_lsb = 4.0618200000e-02
m_dnl_t511_t512_lsb = 1.1824704100e-01
m_dnl_t512_t513_lsb = 5.4519469000e-02
m_dnl_t767_t768_lsb = 1.4103860000e-01
m_dnl_t768_t769_lsb = 3.2924700000e-02
m_dnl_t1022_t1023_lsb = 7.2923400000e-02
m_gain_err_lsb = -1.994507265e+00
m_vref_droop_mv = 5.6700000000e-01
Note: Simulation executed from .control section 

Note: Starting dynamic gmin stepping
Warning: Dynamic gmin stepping failed
Note: Starting true gmin stepping
Note: True gmin stepping completed
