trial,dnl_at_256_lsb,inl_at_256_lsb,max_dnl_lsb,argmax_dnl_code,max_inl_lsb,argmax_inl_code
0,0.48563118827740936,0.24212595162538264,0.48563118827740936,256,0.33467370964422116,284
1,-0.43054628167908504,-0.2155981970669245,0.4764535275086814,128,0.5315901574907116,147
2,-0.07848550359702244,-0.0394651054726296,-0.26754492143027875,32,0.21584486053363605,90
3,0.7009896790434595,0.35046758694659275,0.724604397307246,384,0.6334661887197512,392
4,-0.3087638539234945,-0.15413458274258574,0.9578855525714403,128,-0.5978143511659937,375
5,0.37907241633070043,0.1894427495420814,0.37907241633070043,256,-0.35060535012530636,204
6,0.07753966228833065,0.03957884413546253,-0.5675156451253685,128,-0.47193625827827645,139
7,-0.08562906705375894,-0.0430419667179649,-0.40754045306783837,128,0.26674959039867474,114
8,0.2850905652899769,0.14262183606780354,0.399145715681243,128,0.39305603138706147,409
9,0.09543552445441605,0.047373214631932115,-0.27517305893792354,384,-0.2820390224868561,213
10,-0.08977832208665859,-0.04499946339825556,-0.1751629590922903,384,0.22060099934239474,83
11,-1.0592995177747753,-0.5300607986080763,-1.0592995177747753,256,0.5577526255223688,253
12,0.7019842779198484,0.3507427516506709,0.7019842779198484,256,-0.5167373768657342,240
13,0.06300726430453096,0.03164988150848558,0.4093347965155658,192,0.43982310923058776,341
14,-0.4047105911604376,-0.2025663260841668,-0.4047105911604376,256,0.410425772341398,204
15,-0.6031069735668098,-0.30137131932556827,1.0737366315369172,384,0.7643020878336699,137
16,0.1383438932278125,0.06946444605313218,0.38043713376589494,320,0.22847602623960483,448
17,-0.38586855899893635,-0.19323702428096112,-0.38586855899893635,256,0.3831557087661679,204
18,-0.06247691939256583,-0.03102257941213793,0.43117574260890024,384,0.2670073677468281,136
19,-0.3586723900230595,-0.177879983668646,0.48273349471800486,128,-0.4034333510427359,363
20,1.3683284627216779,0.6848252910847634,1.3683284627216779,256,0.7548083048455965,338
21,0.22342106373906745,0.11179086055361154,-0.3128264572220729,64,0.2774243586951002,287
22,-0.07161793340495137,-0.03615143773464524,-0.1740029390131781,288,0.17463642679751956,159
23,-0.7631900724988157,-0.3821236784715154,-0.7631900724988157,256,-0.5424548862991969,273
24,0.6044987567501892,0.3019580601594498,0.6044987567501892,256,0.40562868644610717,341
25,-0.13632974808095355,-0.06754403165760436,0.469383900026628,320,-0.3663609960302665,317
26,0.6106729510425453,0.3055156480359926,-0.6674440492812437,384,-0.6507362400713816,170
27,0.5672455510242855,0.2833546301066008,0.5672455510242855,256,-0.3160804238520143,219
28,0.4031630333915075,0.20159040860178834,0.40355796206983996,320,-0.4100268362916779,58
29,0.37104299457161005,0.18614343013868506,0.37104299457161005,256,-0.3868615981998573,225
30,0.5773140669893451,0.2894083600523345,0.5773140669893451,256,0.44744589636616183,320
31,0.9021182110329846,0.45088538418468715,0.9185858486726062,128,0.6845618950968628,384
32,1.1511960575834337,0.5750146687033748,1.1511960575834337,256,-0.6760077568661984,248
33,-0.2417484131575236,-0.1206201195564347,0.2905682418701758,384,-0.26590752821158503,333
34,-0.29602752933831766,-0.14799982723221206,-0.29602752933831766,256,0.25480924399167293,244
35,0.3075979498116226,0.15426752380039943,0.3075979498116226,256,-0.2944329089227722,214
36,0.5497849934627936,0.27393060729428953,0.5497849934627936,256,0.4415011441362253,284
37,-0.16295213970386158,-0.08183838806849053,0.33437657741411897,32,0.2600921319993077,33
38,0.5614056529360596,0.2806456751619635,0.5614056529360596,256,0.4320449283696348,331
39,-0.6511657146574805,-0.3251383130676402,-0.6511657146574805,256,-0.5804781902610898,303
40,-0.597697497218519,-0.29796116037363163,-0.597697497218519,256,0.42348497280505626,234
41,0.42786592160078385,0.21372806278458256,0.42786592160078385,256,-0.36234313750185265,216
42,-0.5171481009605827,-0.2579864161578769,-0.5171481009605827,256,0.41242860545756344,151
43,-0.21304396869365405,-0.10659535937847409,-0.21304396869365405,256,-0.2116999304375895,415
44,0.52791932114269,0.26401029172174617,0.52791932114269,256,-0.4813425355586105,198
45,0.18507896149560565,0.09269220646839926,0.30213823250170435,384,-0.335836386336382,99
46,-0.018896620871430514,-0.00870879985612305,0.19210123950173852,128,0.16792728750596098,220
47,-0.8851812153573633,-0.44246926651476315,-0.8851812153573633,256,0.5761845867741329,201
48,-0.4583172861918001,-0.22914870892850558,-0.5391508753967003,128,0.4170640495649991,103
49,0.3852961659705727,0.19307178400498515,0.3852961659705727,256,0.38270627478669894,305
50,0.402855015968953,0.20087513564016035,0.402855015968953,256,-0.32648330023823746,238
51,-0.8167058904618045,-0.40830068654020124,-0.8167058904618045,256,0.5112915176081145,111
52,-0.07973807532951582,-0.040436159811577,0.6711329436276117,128,0.3883057402800887,131
53,0.021852657505633033,0.011445741826776157,0.2535419480485217,128,0.22428828435886317,450
54,0.21664734505364436,0.10873630324499572,0.21664734505364436,256,0.2510899303313181,344
55,0.15674096693115303,0.07906568066442787,-0.32189667632866303,384,-0.2620376695443838,146
56,1.5553654575614928,0.7767300574787441,1.5553654575614928,256,-1.0037866791587078,246
57,0.6878151298681416,0.34358253610616885,0.6878151298681416,256,-0.5977070870101784,113
58,-1.1006952017510798,-0.5499516711624324,-1.1006952017510798,256,0.7319607953882041,226
59,0.3439744443258519,0.17128565081031866,0.3439744443258519,256,0.23350005774079818,322
60,0.21409086115502873,0.10722498045356588,0.35900630481586404,384,-0.3566649662226382,78
61,-0.15960833255599027,-0.0804045083669962,-0.15960833255599027,256,0.11827442678938382,187
62,0.4861602804842846,0.24273696940116452,-0.5242075143222991,128,-0.4236375206694447,197
63,-0.9405004137204571,-0.4701367148894917,-0.9405004137204571,256,0.5435114196232007,235
64,0.1391158237424861,0.06992176804897099,-0.226923161789216,128,-0.20330800356219925,148
65,-0.8883399120227295,-0.4440708899426511,-0.8883399120227295,256,0.47856121222702086,231
66,-0.5413315592781203,-0.2711360796022575,-0.5413315592781203,256,0.4284286454374069,122
67,0.4134758735443711,0.20662275723390167,0.4134758735443711,256,-0.3035778955839987,120
68,0.3233618350951417,0.1623114700526287,0.3233618350951417,256,-0.38127337472482736,200
69,0.28790018735679723,0.14355483069817865,0.6643965187704453,384,0.5655949316832789,391
70,0.6902269614340071,0.345920367068544,0.6902269614340071,256,0.4878158192212254,332
71,-0.15538875479651892,-0.07810158606787354,0.42561917798309423,448,0.40829671604394946,86
72,-0.27414905796027256,-0.136872408314332,-0.5917520108773857,128,-0.4207767938110578,429
73,-0.3971401562121173,-0.19912816387682142,-0.3971401562121173,256,-0.3291493087568824,327
74,-0.5522688303726966,-0.27634988954449113,-0.5522688303726966,256,0.3997243908065684,167
75,-0.6144259826952521,-0.30714953994205985,-0.6681841521336338,128,-0.5201375826506478,401
76,0.19619293716439756,0.09799436837460007,0.2615112219718583,128,0.19177685345022155,392
77,0.6048827115920403,0.3025138592462895,0.6048827115920403,256,-0.40827434133370843,119
78,1.012646697143225,0.5063997096940227,1.012646697143225,256,-0.6171701938192484,184
79,0.5321401065498037,0.26735288045026095,0.5321401065498037,256,0.42308389364313825,300
80,0.594146289942671,0.2972184719146185,0.594146289942671,256,0.42320138655537676,329
81,0.45121272642754207,0.22550655061570524,0.45121272642754207,256,-0.31501461968669275,94
82,-0.2714415299720372,-0.13544763408827976,0.6392895664245657,384,0.4529331845741922,133
83,-0.5452917482481325,-0.2730901649512134,-0.5452917482481325,256,0.4334821228405872,220
84,-0.5490658146028693,-0.27456941800821255,-0.5490658146028693,256,-0.40811110950988905,448
85,0.3761078819715351,0.18775831869839976,0.4199233459555103,288,-0.3517237597189933,157
86,0.5436826320658668,0.27175420344491386,0.5436826320658668,256,-0.5018132085949674,149
87,0.7687995638734151,0.3843946887574248,0.7687995638734151,256,0.4435516290787973,290
88,-0.09249412417014469,-0.045924394859639506,-0.3707147249536433,192,0.2761475704576313,61
89,-0.3808569972901239,-0.19050535592910478,-0.3808569972901239,256,0.3915075481072847,146
90,-0.17039696801745663,-0.08496162006656505,-0.3462361660421749,128,0.36819153624365697,99
91,-0.32166891215703686,-0.16082607359206236,0.5067106658391367,160,0.49060370955857024,98
92,-0.18266813310472685,-0.09240332454095324,-0.2526250556385321,384,0.202653758669328,118
93,-0.16665351144598617,-0.0832401403255858,-0.6363224330747812,384,0.41537326838840016,63
94,0.05330952255314969,0.026024035723764882,0.740992686305745,128,0.39073718388675616,386
95,-0.11271405811609725,-0.056095647068474364,0.1383458484978064,384,0.22181559082707736,186
96,-0.23514414244337445,-0.11777755764538256,0.35371108377268,192,-0.43668260235966727,279
97,-1.0242599851729324,-0.5115374703348721,-1.0242599851729324,256,-0.7576131300403404,343
98,-0.32179588029444517,-0.16104639570434642,-0.33984750288703935,448,-0.36317113695128,451
99,-0.6109996238537008,-0.3048981462578695,-0.6109996238537008,256,-0.34984044969479555,304
100,-0.44253761658939084,-0.22203285653091598,-0.44253761658939084,256,0.5002185845702343,102
101,0.2610396880281769,0.13045234296794206,-0.3597364333965629,368,-0.38264026678845653,210
102,0.1401969325543746,0.07007697196274876,0.1401969325543746,256,0.21171206069476511,342
103,0.09971692202827853,0.049105230671045774,0.22288212672435748,288,0.25219684746645044,298
104,0.00651792935380513,0.003289712334122896,0.3569932147330519,128,0.33597862084803864,455
105,-1.2345923163752275,-0.6173905985593535,-1.2345923163752275,256,0.6580759162415859,238
106,-0.39209952104158674,-0.195200729986567,-0.39209952104158674,256,-0.32219821745513855,275
107,0.06367758260810774,0.031421285762007756,0.4039010893504269,384,-0.2768597386225551,60
108,0.6694892281466593,0.3351092522165686,0.6694892281466593,256,0.46936682888951964,385
109,0.3325206541188379,0.1669181956267778,0.5433662474694074,384,0.45353619265796397,405
110,0.10698320718597643,0.05323062058062078,-0.18133883547073992,320,-0.2501080767083863,228
111,-0.17453880431733637,-0.08691519030639938,-0.4442947265382031,288,0.46120608861667733,157
112,-0.4289927060480636,-0.21517105349772692,-0.4289927060480636,256,-0.2639104176581668,281
113,-0.08555774013524342,-0.04254832959088617,-0.29713691797184083,480,0.3585607418518464,87
114,-0.1891647837180983,-0.09426410757509984,-0.4504000566133186,192,0.30073381037163927,183
115,0.7219960140559465,0.3605853096918281,0.7219960140559465,256,0.4828981832104091,338
116,0.22732222575285732,0.11351408747447067,0.22732222575285732,256,-0.21469246675985687,141
117,-0.2873042332443845,-0.14265208898353876,-0.2873042332443845,256,0.32388000601628164,188
118,-0.7300390567120303,-0.3658357814239821,-0.7300390567120303,256,0.4369459468877608,250
119,0.9698147377413875,0.4858244669920282,0.9698147377413875,256,0.6660822429464588,320
120,-0.04851197914109662,-0.025019542530571925,0.3603600464413148,32,-0.41257214698464395,413
121,0.1398722935885246,0.07069522010536389,0.3349900384202442,384,0.3391546478544001,405
122,-0.2209009013840273,-0.11009145476546678,0.3171691774139198,32,-0.27522795099343966,469
123,0.2759261656775607,0.1382806966771284,0.2759261656775607,256,-0.27847862349645425,152
124,0.07663443646515589,0.038515606871726504,0.40717455698056426,128,0.32898080492793724,407
125,0.038597428741383055,0.019251513409983545,-0.2376379804373414,160,-0.21772956054679327,40
126,-0.25133077612377974,-0.1263378563975266,0.41638745537400723,192,0.386439576478125,196
127,0.11951799544971209,0.05963824446712351,-0.5893074664554092,320,-0.4372811082302519,192
128,-0.12293477646647943,-0.0617539324659333,0.594950337475268,384,0.3619633221544518,131
129,-0.32034803069089435,-0.1601524735178259,-0.32034803069089435,256,-0.31516197979715344,334
130,0.17600532193102936,0.08763927271985494,-0.6504257033819698,128,0.5520878052034277,341
131,-0.31291630771366385,-0.15674798516181454,-0.31291630771366385,256,-0.2358227274513638,275
132,0.04201546256382471,0.022254899959420982,-0.3401468898136528,128,0.20790736754310046,351
133,0.6906670614038148,0.3449734044414754,0.6906670614038148,256,-0.395433198906332,120
134,-0.02640917753069516,-0.012708344798113558,0.29261765909427595,128,-0.23692805718786758,347
135,0.27503649611909964,0.13756300363237983,0.33026045911913116,384,0.32508245260237345,409
136,-0.9891871376331096,-0.4939126000421936,-0.9891871376331096,256,0.49391260004222204,255
137,0.04492933018485701,0.022820661793872432,-0.40463872663985967,416,-0.24437543332737732,164
138,0.3056735899470766,0.153315731716674,0.7449035963246615,384,0.48123138835006785,390
139,-0.003967370147648808,-0.00195204844123964,-0.5192216132599583,384,0.36069320008900263,121
140,-0.8730261110206072,-0.4361895324014142,-0.8730261110206072,256,0.6698920357371208,192
141,-0.4651617217909916,-0.23252430317330663,-0.4651617217909916,256,0.5569032347494272,184
142,0.12025910739771462,0.06033427936813496,0.16033005240950615,192,-0.20951352997929007,182
143,0.21141623531374876,0.10611363035317822,0.21141623531374876,256,0.20756198994820352,419
144,0.6266692039469035,0.3124439987375922,0.6266692039469035,256,-0.42716213771373646,173
145,-0.22506874579380565,-0.11102844350261876,-0.22506874579380565,256,0.3665649292933608,176
146,-0.4251680076141895,-0.21223436883784075,0.8171026927296907,384,0.5943788725052173,174
147,-0.2596219458074245,-0.12953523433975533,0.46526418695687255,128,-0.39534960912124006,313
148,-0.5329251679107472,-0.26610093063612794,-0.9222767909137559,128,0.6740188726814438,108
149,0.39152893719997905,0.19530049716985332,0.39152893719997905,256,-0.31742243986522567,168
150,-0.1499688476301344,-0.07614328730250008,0.3435303014093165,288,0.28721971096138077,161
151,-0.05941457250716553,-0.029661035003755387,0.2981762298932722,320,0.28724828489768583,210
152,-0.0649808581095499,-0.032065987660104156,0.18410451802444072,192,-0.20754976712407824,313
153,-0.2387711934023855,-0.11920547210948484,0.5805119897607653,128,-0.5622447229877707,351
154,-0.05049903569064895,-0.025534720296491287,-0.20155916296005216,320,0.23122647527526397,156
155,0.6629418900592441,0.33201018188231046,0.6629418900592441,256,-0.39227866414921664,242
156,0.22542974128197102,0.1123341667943123,0.7167253496428998,128,0.45992823777646663,388
157,0.14528962247692334,0.07205795070774457,0.14528962247692334,256,0.19644193190129045,328
158,-0.0377551784816319,-0.018974270732314835,-0.7521788988321987,384,0.48784526965745556,106
159,-0.8501177548509986,-0.426620552685506,-0.8501177548509986,256,0.48483304574574504,230
160,-0.14872747800652064,-0.07511072341304725,-0.14872747800652064,256,0.21852252753598123,170
161,0.08573130452140276,0.04301399118861582,0.1890218969898001,128,-0.19120123164384495,44
162,-0.232819282889011,-0.11576447870632478,-0.5133491483838384,384,0.49751904370606326,119
163,-0.23900336107593034,-0.11966895985554515,-0.23900336107593034,256,0.26054453513023645,231
164,0.5117106354195755,0.25631171085885285,-0.5547950592840891,192,0.5095475135773881,314
165,-0.26047563146994435,-0.12947184987189075,-0.26047563146994435,256,0.31053096564747307,202
166,-0.11276689888973124,-0.05623361957077577,0.3371164769311008,224,0.33329829628826957,50
167,0.15196757107227654,0.07733711826432454,-0.256214258063153,288,-0.36881556360123113,164
168,0.25215329833014266,0.12610019578849574,0.25215329833014266,256,-0.21512920381840672,164
169,-0.14058612661617076,-0.07036417376312443,-0.39585511680326135,384,0.4125863700008239,107
170,0.42039899347520304,0.20973486838187227,0.42039899347520304,256,0.2942690590114694,312
171,0.19325093005608096,0.09666151554594649,0.19325093005608096,256,-0.20105369534576312,84
172,0.3927515116128859,0.1968942538432259,0.3927515116128859,256,-0.33749127892227193,212
173,-0.8177469877078067,-0.4089902367564662,-0.8177469877078067,256,0.46540419693866397,246
174,0.3513894149525072,0.1753387222830156,0.3513894149525072,256,0.32264564348207614,300
175,0.06327082243120685,0.03213613823490391,-0.7773245478914532,384,-0.4598198720954656,192
176,0.20011706789770756,0.10048276359660235,-0.3778807990324822,448,-0.2576831749789932,88
177,0.4836528169444989,0.24228561280244776,0.4836528169444989,256,0.3234137625317999,281
178,0.07998770197258409,0.04033479410435348,-0.29479737496222924,192,-0.21647883556533998,97
179,-0.28621287732909195,-0.14374051930622045,0.44134290038914514,384,0.37622663019840275,226
180,0.0026238931374109598,0.0012809757826062196,-0.26754011935753397,384,-0.20058164703760895,163
181,-0.2261047361075157,-0.11360298161292803,0.452144387499402,128,0.4301172842915548,140
182,0.14429571006849073,0.07157752239089632,-0.501678704042348,64,-0.4096106116516012,88
183,-0.27387840073353686,-0.13669255472959208,-0.2906040338003777,320,0.363739989230055,186
184,0.10174503488340747,0.05096512263011732,0.2486868229473771,320,-0.22146446595895242,52
185,0.3259037320927973,0.1626067599426051,0.3259037320927973,256,0.2819318151174457,409
186,0.47483351565745124,0.2373066408449631,0.47483351565745124,256,0.44296400739898445,399
187,-0.3954959113195855,-0.19798407021443154,-0.3954959113195855,256,-0.2887221137044662,324
188,0.03682497927786699,0.0183745812204279,-0.22355451583280228,304,-0.20862422177876283,112
189,0.4089519639612149,0.2036213814342318,0.4089519639612149,256,0.2406883381299849,401
190,-0.290180527821434,-0.1457286326007079,-0.8195293573675713,384,-0.6573649390074934,411
191,-0.1982568508653344,-0.0996357420844447,-0.2119242052197592,192,-0.2022987059768866,333
192,0.4211653727925295,0.21022676894199321,-0.5675703450840501,384,-0.5916118243927144,154
193,-0.41885098010322963,-0.2089847185332303,-0.41885098010322963,256,0.2536307924566472,250
194,-0.5450711157182866,-0.27304191376117615,-0.5450711157182866,256,0.39102974507673594,223
195,1.0358004378541068,0.5176032890489068,1.0358004378541068,256,0.5318376816662749,258
196,0.22809042197414442,0.11400943059379642,0.3057130061939688,160,-0.3522765172104414,89
197,-0.6246467277626664,-0.31257654585812134,-0.6246467277626664,256,0.4530857141417073,159
198,-0.0568037786395621,-0.028497267746843136,0.6940809504640129,128,0.4223786974335155,139
199,0.44394546799671275,0.2217474626563103,0.44394546799671275,256,0.37013202146584945,325
200,-0.2863118266082836,-0.1416857894688235,-0.43186846555983394,32,0.39182980164474657,221
201,0.10705636139095986,0.05321766284220075,-0.12198876023268213,352,0.23702474164088017,274
202,-0.3325516480540216,-0.16680576146535486,-0.3325516480540216,256,-0.31692562811292646,310
203,-0.7233569031748175,-0.36209695467485403,-0.7233569031748175,256,0.45010048641722733,92
204,0.34262981718177343,0.1714854044062406,0.34262981718177343,256,-0.3062018572238685,230
205,-0.1516808123933231,-0.07572751676886469,0.43960780128327315,64,0.30337586003564354,80
206,0.16685040797301554,0.08241394402961078,0.6524976754310501,128,-0.3907032427674295,125
207,0.34296781354578343,0.17163913261967423,0.7284707886718707,128,0.4502101864925976,384
208,0.7253061024800331,0.36307469112571766,0.7253061024800331,256,-0.6360283587367235,193
209,-0.3509007322702473,-0.17580117654949845,0.45876808869741126,128,0.4691351315514112,176
210,0.2471685422736698,0.12328513450643186,0.2471685422736698,256,0.27289651831659967,331
211,-0.4801784461031957,-0.23965694895002798,-0.4801784461031957,256,0.33156413211236213,218
212,-0.7505982924728016,-0.37624797810872224,-0.7505982924728016,256,0.505841089070401,228
213,1.1342276204413224,0.5664376935794166,1.1342276204413224,256,-0.6905501652202872,250
214,-0.1200758543310485,-0.060534233116754876,0.42822169002965893,192,0.3097758634613115,208
215,0.8443662876679809,0.4220904611676133,0.8443662876679809,256,-0.5255838114753715,186
216,-0.1940039181946247,-0.09746409368949571,-0.30653737955867655,384,0.3092139583777396,113
217,0.7087476756943261,0.3539005366565675,0.7087476756943261,256,0.45476566274368224,288
218,0.64495551799439,0.3228324281738537,0.64495551799439,256,-0.4598475289788553,205
219,-0.43921535617485574,-0.219479162879054,-0.43921535617485574,256,-0.4357851006402029,332
220,0.1922678770291384,0.09522139330096024,-0.2242843614557728,224,0.21795489361306863,286
221,-0.01663106987624019,-0.007917731014458695,-0.181304164679716,384,-0.20180721249869293,408
222,0.4508846434204088,0.225212322595155,0.4508846434204088,256,-0.29404035051122435,124
223,-0.11134850663327711,-0.055147623660417366,0.14519623399395698,32,-0.20092200836364782,273
224,-0.22121341714549203,-0.11073918412407124,-0.28587055664536365,128,0.2520748303429343,61
225,-0.43549762753499976,-0.21866169271089575,-0.43549762753499976,256,-0.34782844348370645,292
226,-0.27976489180514363,-0.13939140135673256,0.35182058843224695,192,0.30696419009368014,195
227,-0.23687111611673117,-0.1183384022241114,-0.23687111611673117,256,0.3760179111162927,207
228,-0.006180919723391298,-0.002100168438886385,0.6376919237346215,128,0.34597669236808315,160
229,-0.8198728364247074,-0.41075758065733226,-0.8198728364247074,256,0.46756210662181275,250
230,-0.06655981286866108,-0.033213212489556554,-0.2909622207184839,288,0.28759576934953657,92
231,-0.2460505268122688,-0.12449920491422972,-0.2574355111304385,192,0.24481343896817265,54
232,0.09081052807559331,0.044973910181226984,0.6379778954322717,128,0.43617927674989687,428
233,0.3607596976920604,0.18052281842960838,-0.3635557480746172,192,-0.4730557726642246,212
234,0.49103866852487954,0.24543122682104013,0.49103866852487954,256,0.4750458493979295,302
235,-0.6378547047346217,-0.31806481087400584,-0.6378547047346217,256,0.3972558224956799,236
236,-0.696862607258339,-0.3486468573982222,-0.696862607258339,256,0.4532794402997524,214
237,-0.04911739044220553,-0.024337330002964563,-0.22420305918160466,32,0.23222665238532159,87
238,-0.22091008278079016,-0.11132926084371775,0.28840185252281003,64,0.3339947394449041,197
239,0.2793096162635038,0.13978565641465934,0.2793096162635038,256,-0.25664600931665404,244
240,-0.4845826685468353,-0.24218673638361565,-0.4845826685468353,256,0.5763518741094629,177
241,-1.0216463689770023,-0.5105136135372845,-1.0216463689770023,256,0.622771617980959,173
242,-0.48403494944599856,-0.24235236698385165,-0.48403494944599856,256,0.450991963658538,197
243,0.27272921766078184,0.13655718509602366,0.27272921766078184,256,0.22311427340764567,422
244,0.30154345013903594,0.15188148043753813,0.30154345013903594,256,0.19568856650647604,274
245,0.3800020314001813,0.19103269471909812,0.3800020314001813,256,-0.2499385082713843,201
246,0.007170922940304081,0.002920985850607849,-0.49399934257826317,384,0.25556860228107325,382
247,-0.3175902965373325,-0.15854205944359023,-0.3175902965373325,256,0.22419022543761002,238
248,0.4321873876974962,0.21630304640947884,0.4321873876974962,256,0.29311217810425205,330
249,0.3230220497440257,0.16190727115412074,0.3230220497440257,256,-0.26888548804561196,225
250,-0.622139809580176,-0.31080856753743547,-0.622139809580176,256,0.32141970031599953,223
251,-0.09508194228857292,-0.04697368798557022,-0.5601906553943365,128,-0.43811396951514325,472
252,-0.03411621785465968,-0.017321267183831424,0.1758530388947861,192,0.19150078031853468,203
253,-0.27212395620799157,-0.1362752614221847,0.4227929303573319,128,0.46143790310657096,177
254,0.40981151409141603,0.20526808036603938,0.40981151409141603,256,0.30351648465108383,294
255,0.31763641942418985,0.15872903027269558,-0.7015381902942863,128,-0.5840179697531198,145
256,-0.4666958352338497,-0.2339747323075585,-0.6926601451190493,128,-0.48353463636954075,385
257,-0.44916517726886696,-0.22493006483318823,-0.44916517726886696,256,0.3636019731551414,237
258,1.2279496530736083,0.6134086403829997,1.2279496530736083,256,0.8604034117154811,370
259,-0.08825220468946782,-0.044209404620374926,-0.11801513270415853,496,0.10311675687333377,111
260,0.1917052015538161,0.09570283299331095,0.23990949674401918,224,-0.2517216619325495,217
261,-0.030726985008101337,-0.015542549274925932,-0.33634117146581843,128,0.3153689900671566,105
262,-0.30260005994784933,-0.15143357329887408,-0.30260005994784933,256,0.3372293717011985,172
263,-0.38276669166398847,-0.19188741743641913,-0.38276669166398847,256,0.3768729315189887,159
264,-0.6230242189084834,-0.3116631605804514,-0.6230242189084834,256,0.4013199672079679,251
265,-0.5264147672836827,-0.26316909411576717,-0.5264147672836827,256,0.29297187139940206,253
266,1.2555630280064634,0.6275865421927733,1.2555630280064634,256,-0.7516541305645603,217
267,-1.018437763971491,-0.5088118793139529,-1.018437763971491,256,-0.6183489330831549,273
268,-0.06257978387856156,-0.03100627655581434,0.6534572141239607,128,0.3835061057693565,129
269,0.6228775624847174,0.31092725309918023,0.6228775624847174,256,0.5801193937068092,340
270,-0.4738914220126276,-0.23739303651723276,-0.4738914220126276,256,0.35519422243368126,204
271,0.5502958279807046,0.2760848619231808,0.5502958279807046,256,-0.42280237664141396,217
272,-0.5916452799919227,-0.2964054674855561,-0.5916452799919227,256,0.3655234084481833,251
273,-1.0613288306932418,-0.5301013346754928,-1.0613288306932418,256,-0.5612524393940248,391
274,0.6115481544921693,0.30544077038018713,0.6115481544921693,256,0.560761714412422,286
275,0.2655985956131417,0.13348875833287366,0.28403163825134925,288,0.2821383973374054,294
276,0.01127709980750069,0.00508148348751547,-0.18331936532005955,128,-0.15764702565121524,141
277,-0.5286043484046274,-0.2645226663144058,-0.5286043484046274,256,-0.43622632965434605,332
278,-0.709073064452781,-0.3549114453324762,-0.709073064452781,256,0.5202264792771416,198
279,-0.6316195995887313,-0.31569527301761013,-0.6316195995887313,256,-0.5465578718779511,284
280,0.5375274534945902,0.2694718364708706,0.5375274534945902,256,0.4336077968715131,342
281,-0.803277560509656,-0.40212660737975625,-0.803277560509656,256,0.4313701700614274,251
282,-0.2096958910701403,-0.1045772377732419,-0.2096958910701403,256,0.22289172385862344,199
283,-0.1279687757657939,-0.06424815275568108,0.3457453109007247,128,0.2949179886440447,149
284,-0.3876712957654149,-0.1937044216779782,0.4847785814149006,128,0.5021941609413147,139
285,-0.025337164716830785,-0.012179136792127565,0.3607411674116747,192,0.30738627566390164,197
286,-0.1400788938096298,-0.07024084925780016,-0.1400788938096298,256,0.17334911981683376,53
287,0.9017894368395503,0.4508188116541305,0.9017894368395503,256,-0.6102184867563665,222
288,-0.42238553724541816,-0.21118484078209576,-0.42238553724541816,256,0.39806344958964246,182
289,0.13557952322784672,0.06818466358527075,-0.8610301113606624,384,-0.4889295719538609,145
290,-1.0695223373694773,-0.5352784477617263,-1.0695223373694773,256,-0.5624224541983267,266
291,0.068165786825233,0.03520201613966378,-0.13151197558852346,384,-0.15708738131763766,145
292,0.4160945082760463,0.20900619623600392,0.4160945082760463,256,-0.3582589173473991,241
293,-0.5207449587787778,-0.26007650532895354,-0.5207449587787778,256,0.3820687326657435,111
294,-0.14799515579449007,-0.07419611191039621,0.25434502281223104,416,-0.3079834968689852,409
295,0.054580177301318145,0.027307567886452944,-0.5153235558262281,384,0.3987452701074403,377
296,0.27239069737470345,0.1364485632143726,-0.42859742328249695,128,-0.44878110849822406,171
297,-0.03229308227790284,-0.015972520882712615,-0.46920860742494597,448,0.3089452095265095,29
298,-0.2860645616712816,-0.14267851742448556,0.5937144630303237,320,0.4151272627403131,97
299,-0.028402261948940577,-0.014300761885294833,-0.6942881482523262,320,0.4598929018538058,185
300,0.3649885141450966,0.18300367301705478,0.3649885141450966,256,-0.3834375676185573,167
301,0.2460001178382072,0.12282524946408557,-0.4577311265427966,384,-0.39526110658627545,138
302,-0.16803149508331217,-0.08413303384344317,0.19924504146988653,64,0.2149680793098696,216
303,0.5850494131419737,0.2927221076227511,0.5850494131419737,256,-0.5032281151798372,204
304,-0.7559024622030961,-0.37819646711764676,-0.7559024622030961,256,0.5834252040104673,241
305,-0.34840887441637847,-0.1742508135215246,-0.34840887441637847,256,-0.29140701066415886,282
306,-0.20793037492637723,-0.10419981703830672,-0.6150402226159173,64,0.42976916616618155,188
307,-0.33533143957319567,-0.16796704135688856,-0.33533143957319567,256,0.33656802647226414,214
308,0.25395552369107577,0.12693457241505257,0.25395552369107577,256,-0.1857812119775133,237
309,0.29769234795554667,0.14912143302782965,0.29769234795554667,256,-0.2028291403673279,187
310,0.6139629809725022,0.30644475626888834,0.6139629809725022,256,-0.4035746965832345,125
311,0.10187355913944884,0.05119963152841933,0.25848616916971423,224,0.193591642919273,360
312,-0.3454164212759565,-0.17343597953930612,0.37067195943789955,128,0.34099928544361546,207
313,-0.12259936372549873,-0.06162457710865965,-0.3362568758854749,64,0.23675499123945087,175
314,0.6379295989208629,0.31859415334571395,0.6379295989208629,256,0.5211609071558883,423
315,0.17612641776810278,0.08786892495635357,0.2784207823603424,128,0.2086172718011312,420
316,-0.6678114252904948,-0.3329681427613025,-0.6678114252904948,256,0.4454760170615941,216
317,-0.1974566875777839,-0.0991627647013047,-0.49336960024490395,128,0.3075912148900386,117
318,0.03169596221567872,0.016009304300183658,0.22806858040411981,64,0.2471871525153233,453
319,0.7822895026263836,0.3907637361481875,0.7822895026263836,256,0.5416734566926493,314
320,-0.056020827763688885,-0.028024982663993114,0.430972457865721,384,-0.2294841514827226,383
321,0.03784530374136352,0.019110113293862696,-0.18062036441557439,480,-0.14486349267346554,106
322,0.14894540430623238,0.07258845010221648,0.44491183272259605,128,0.32362223532425105,402
323,-0.05081793770315812,-0.024959082636371477,0.4096143657073412,192,0.31693280735473195,77
324,0.21075617898688392,0.10436499924793452,-0.2440080920970331,320,0.2996101018906643,307
325,-0.5788085503911873,-0.2896175197173818,-0.5788085503911873,256,-0.5228791757077715,387
326,-0.10855083305850144,-0.0543549061240185,0.24267677761065443,64,0.2970108318436502,80
327,0.1899866144117084,0.09493124021690846,-0.4401707303093758,320,-0.36965232207126064,194
328,0.16878943800591628,0.08437241153950481,0.24121199232610024,64,0.29023786993673184,452
329,-1.129179972305792,-0.5644660580624361,-1.129179972305792,256,0.7555370165754027,109
330,0.14762043267285208,0.07365115980906012,-0.29736928812207,448,0.37574349586293465,422
331,-0.13283325736259144,-0.06597684129209824,0.24569829555275646,448,-0.2076614348674184,429
332,-0.24483393542018916,-0.1228138976582045,0.5671560652788514,128,0.506168869722643,137
333,0.36035355219405574,0.18035638268662524,0.36035355219405574,256,0.394373481439402,286
334,0.5199738910445717,0.2601770356373265,0.5199738910445717,256,-0.45390289756277014,94
335,-0.36528149909577223,-0.1827616318166747,-0.41353845157618707,192,-0.3550028898670803,321
336,-0.8453905908472166,-0.42300096928943276,-0.8453905908472166,256,0.6314369901215855,177
337,0.2461525863063514,0.12289104135015805,-0.25291104006373644,400,0.2601118003195211,362
338,-0.046071480964656075,-0.023042621804734154,-0.9299385339522814,448,0.6263619655875061,55
339,-0.31402486934422313,-0.15742545674737585,0.41254616183931603,128,-0.46575991635222636,371
340,-0.5642418895540402,-0.28216185226287394,-0.5642418895540402,256,0.34004134612655434,250
341,-0.5664991511955577,-0.28355056893855135,0.7055070536526955,384,0.7619957121953291,158
342,-0.2166709898960164,-0.10802782907822461,0.3034270218274884,64,-0.2911746321382793,422
343,0.41523312685933433,0.2076011192009446,0.41523312685933433,256,0.4022647951377962,287
344,0.11125265095219561,0.054794392408723525,0.15510925860007774,480,0.13734514574036893,288
345,0.10412848274575026,0.052389441602201714,-0.20483717220866993,192,-0.2143663125905988,89
346,-0.47454446401118844,-0.2381970249408596,-0.47454446401118844,256,0.3688981519238155,230
347,-0.02665253462845385,-0.013386274127526576,0.3666397134045951,128,0.34172508151408465,177
348,-0.6710479674829912,-0.33589836064180645,-0.6710479674829912,256,-0.4011420945535633,323
349,0.19650373755442274,0.09848983701462544,0.3144497870160876,64,0.3951011821609427,345
350,-1.1562435545035612,-0.5779923366399657,-1.1562435545035612,256,0.7022273623434501,229
351,0.07354392674545807,0.036798796653414456,-0.586547776634518,384,0.440744069477887,374
352,0.5619587430045669,0.2812815360793479,0.5619587430045669,256,0.3710053793403745,335
353,0.9589203060512546,0.4789459937109086,0.9589203060512546,256,-0.5240655426655394,240
354,-0.49314919611998675,-0.24599600456284065,-0.49314919611998675,256,0.3698806622988968,178
355,0.5830720381123342,0.29157371557073475,0.5830720381123342,256,0.4742281315460559,308
356,-0.7750038629457094,-0.3879103920023681,-0.7750038629457094,256,0.4556198883492186,238
357,-0.32742717858232595,-0.1629311904753763,-0.32742717858232595,256,0.3223610274966262,105
358,0.9174121890848141,0.45782069571259854,0.9174121890848141,256,0.6312324901836632,329
359,1.057104099114099,0.5286689398519968,1.057104099114099,256,0.6564599387236854,340
360,-0.3136061971119375,-0.157432069853769,0.358261266027057,384,-0.4279833444703627,370
361,0.015863080912112082,0.00807614774760168,0.2818606024342216,384,-0.2531561812490821,80
362,-0.06631468177442912,-0.03293407732329001,0.2583518302038783,128,0.209382364130704,145
363,0.39855333316580754,0.19865367853680027,0.39855333316580754,256,0.2905822206994344,339
364,-1.3938290149301338,-0.6978578971909428,-1.3938290149301338,256,-0.7923339147320121,327
365,-1.045889773367577,-0.5217456603827202,-1.045889773367577,256,0.7171487458520289,219
366,0.5138369979000004,0.2567059495780768,0.5138369979000004,256,0.435240664594744,315
367,0.1569500732734923,0.07840138130569585,0.49072800909544867,384,-0.3030227005495476,63
368,-0.29709470877716626,-0.14864467573309526,-0.29709470877716626,256,0.2600948035526187,248
369,0.23538106473955622,0.11788385057079154,0.4163299568998582,432,0.43509926146896305,308
370,0.32194102309824757,0.16111822346712756,0.32194102309824757,256,0.246309520992952,263
371,0.1386808995226545,0.06916901866838998,0.3717404198693828,128,0.2549813337653859,449
372,-0.6790463528411976,-0.3392277829768773,-0.6790463528411976,256,0.6837838494582229,200
373,0.6043508724823141,0.30215461649072495,0.6043508724823141,256,-0.5529335401212165,238
374,-0.21263717681881644,-0.10675491454367148,0.6052426323677338,128,0.39639703128290193,161
375,-0.07213869021330765,-0.035736942370135694,-0.361263062004312,128,0.3450435660709559,82
376,1.0309375815517114,0.5158596995538574,1.0309375815517114,256,-0.6559292157674292,232
377,0.502220522525846,0.25052847590291094,0.502220522525846,256,-0.48585942351637357,104
378,0.3554175184723931,0.17871403179492518,0.3554175184723931,256,0.3530294467502699,403
379,0.13580366235822794,0.06758069263923971,0.13580366235822794,256,0.17182042340584758,282
380,0.9878817910672808,0.49336323375672464,0.9878817910672808,256,0.6998009436509847,310
381,0.40665876203161133,0.2031119263002097,0.40665876203161133,256,0.35853630807349646,292
382,-0.010482350011272956,-0.004889016387664924,-0.16810018869917087,128,-0.20292664749496225,471
383,-0.3904168976281426,-0.19504684744637757,-0.7140138756116698,128,-0.6498138103015663,428
384,0.6645917874624558,0.332286870398832,0.6645917874624558,256,-0.6183148356901711,181
385,-0.629690094052421,-0.3144470445118941,-0.629690094052421,256,0.41353640430526184,119
386,-0.5838931621536574,-0.29197423418909807,-0.5838931621536574,256,0.38181747423223555,243
387,0.4333506076940523,0.21630949304073965,0.4333506076940523,256,-0.34755864848216333,122
388,0.1184072175780102,0.05905072631276198,0.1748466491020082,128,-0.15641836971200007,46
389,-0.3950638401404376,-0.19794196946446618,-0.3950638401404376,256,0.3042763845290608,113
390,0.02402606132523033,0.012782291911662469,-0.10256411170388446,168,-0.11703329774542226,218
391,0.14606818831884993,0.07252892465953664,0.4465944038158227,320,0.2791111188820423,323
392,0.22653686439537069,0.11307235871970533,0.22653686439537069,256,0.29432042127029945,340
393,-0.5358158487136677,-0.26828356891886074,-0.5358158487136677,256,-0.4461177920450723,315
394,0.30309627883133317,0.15122044934253154,0.6457964021840894,128,0.5319673195102155,391
395,0.8306965758824276,0.4148320815548914,0.8306965758824276,256,0.6578223198222304,300
396,0.29201676061899207,0.14485979223769618,0.29201676061899207,256,-0.2047549775464006,174
397,-0.003287597842899004,-0.0017899942225767518,0.2649625609725206,128,-0.2325272201418329,344
398,-0.3396922481922502,-0.17008435112916231,-0.3396922481922502,256,0.24070757819944788,109
399,0.3817916169322473,0.19026874844394115,0.3817916169322473,256,0.3484955779255188,313
400,-0.0163926280785347,-0.008871323721166391,-0.3312777233861368,128,0.2756190943992749,115
401,-0.2913737731134063,-0.1463092855652235,0.38338181226453116,384,0.3457702392039721,135
402,-0.5022062871537969,-0.2508278102125985,-0.5022062871537969,256,0.2878900397427344,244
403,-0.40938696392791485,-0.20515873921732464,-0.40938696392791485,256,0.3839579229562844,184
404,0.6459178823498064,0.32374887277754283,0.6459178823498064,256,0.6444576713179799,413
405,-0.019242643392658465,-0.0097255387606765,0.28313309922634744,224,-0.2749791640727608,343
406,0.10851046414560983,0.0532586152447152,-0.27698715627639103,384,0.30424450533735126,368
407,0.11755969412911327,0.057976888537041305,0.21191634291767514,304,0.23191824440573328,404
408,0.08324065218008059,0.04114156067885233,0.45856739668332125,128,0.30309764152684693,396
409,-0.01552577504892838,-0.007015640551145452,0.27611730168814574,96,0.29708852019366105,44
410,0.5960300279184594,0.29852225182457914,0.5960300279184594,256,0.3802909628135467,280
411,-0.5194643549291982,-0.2597746094432125,-0.5194643549291982,256,0.380147964367481,79
412,-0.36059150293138487,-0.17996459707288182,0.5041668822884731,320,0.3727345059205618,96
413,-0.19663892890508805,-0.09814562280692485,0.3505273131920319,128,0.3158909399812444,152
414,0.48421137613564724,0.2426895435522738,0.6236908238790875,128,0.5302929531744098,393
415,0.6941577629974631,0.34765082756879906,0.6941577629974631,256,-0.526115147969989,190
416,0.047612442855182735,0.024648216740530415,0.11266266239601919,128,0.12988528920715225,396
417,-0.11827706765157586,-0.05951359782500276,-0.15037755652329565,128,0.1449900453385169,106
418,-1.5189190130290626,-0.7603990011505743,-1.5189190130290626,256,0.8928145019698093,241
419,-0.7249941400245916,-0.3621681816882756,-0.7249941400245916,256,0.4007307891416758,246
420,-0.16266543935418554,-0.08115129949746347,-0.16266543935418554,256,0.15434162329134438,195
421,-0.4503122722356352,-0.22488989734557663,-0.7196900519093674,384,0.5167580808223278,106
422,-0.4982201860775035,-0.2485150151733535,-0.4982201860775035,256,0.49854046789818085,219
423,-0.2786459458408217,-0.14012111759592472,-0.2786459458408217,256,0.2566034595639053,216
424,0.7784810341376556,0.38887307866468745,0.7784810341376556,256,-0.5212090723218523,204
425,-0.24816204745042114,-0.12459417527571759,-0.37775698803835667,128,0.2986968662230538,118
426,1.2374398838335878,0.6194340747828733,1.2374398838335878,256,-0.8307277936824562,188
427,-0.4592454122528977,-0.229518181763666,0.5279332760066495,128,0.4951173597733032,153
428,-0.1936328493040662,-0.09626839137675347,-0.35899784625445363,64,0.30205714406082507,186
429,0.10780267870273974,0.05437899243335664,-0.6305105160590188,192,0.4386583758839038,318
430,-0.3486020377546879,-0.1742722389286655,-0.3486020377546879,256,0.3267583416704838,217
431,-0.6001564207858792,-0.29946363984984714,-0.6001564207858792,256,0.4125749150974798,227
432,-0.12700055168676272,-0.06350674629501896,0.17818529381955273,64,0.23495868182402546,216
433,-0.7519929231508513,-0.3760330609720768,-0.7519929231508513,256,0.4491101735615075,242
434,0.41092332077826654,0.20561389139174935,0.7764127098179472,128,0.5503127761843416,425
435,0.6984866584212455,0.3492208363078362,0.6984866584212455,256,-0.5488995305714184,218
436,-0.3727310286791692,-0.1854120266350776,-0.6419028771422859,128,-0.5482677197060184,427
437,0.06863727708713441,0.03444386666589594,-0.2871919485867238,160,0.26951166034484686,391
438,0.569914972222989,0.28537143536360077,0.569914972222989,256,0.46581401372844766,330
439,0.3655819679403862,0.18326962020177007,0.3655819679403862,256,-0.3041915935684756,186
440,0.3667785777680592,0.18347226848985088,0.3667785777680592,256,0.3546855662349344,312
441,0.32664154687796554,0.1631315985338233,0.32664154687796554,256,0.4204198274615578,354
442,-0.12329038298730666,-0.061959052440954565,0.3217495043089684,128,0.3177145748722694,154
443,-0.07347934274571344,-0.03661601329471864,0.6558085974750725,384,-0.44004169496577106,358
444,-0.09927794549568603,-0.049186276038767573,0.182520104625155,384,0.19490284564392368,199
445,-0.38656642262486685,-0.19363892920711123,-0.38656642262486685,256,0.2947036984389797,212
446,0.1699952709526542,0.08493476220775165,-0.20726430381955652,128,-0.27619605033950734,226
447,-0.1863120188992866,-0.09324385984419337,0.38916709581664577,128,0.31292068905241877,151
448,-0.3996782639967478,-0.1996771951572498,-0.7749767716924936,128,0.536461137252374,106
449,-0.2600545441501936,-0.1311140391646859,-0.3095988376662149,416,0.3900688068865179,151
450,-0.40693884472946706,-0.20260300688403277,-0.43137061469172977,384,0.4896350478411762,103
451,0.368753667673559,0.18424041133988567,-0.45235707176453843,160,-0.36527633549019356,108
452,-1.5534040390167831,-0.7771188794254442,-1.5534040390167831,256,0.7868351226361483,253
453,-0.20166829970071376,-0.1008565041371412,-0.20166829970071376,256,0.1906324771924517,201
454,-0.6232833413820629,-0.3116797156206701,-0.6232833413820629,256,0.546600851287053,147
455,-0.20353938417142103,-0.10143665797289714,-0.5059448168518657,128,0.4703019044771537,120
456,-1.1821814461341376,-0.5911226511940413,-1.1821814461341376,256,0.657255502343844,239
457,-0.2921455110850957,-0.14600483956726862,-0.5924247322747078,128,0.5017856558164056,116
458,-0.4811965409070069,-0.2407190799428065,-0.4811965409070069,256,0.38441489562018205,187
459,-1.1756689575868222,-0.586360486644395,-1.1756689575868222,256,0.7895410977749293,227
460,0.7358735284933005,0.36730016048272773,0.7358735284933005,256,0.42105782655795565,257
461,0.8279652749419313,0.41414946971070776,0.8279652749419313,256,0.5231456983706835,294
462,-0.1832157802977008,-0.09122916390927571,-0.30571491052512556,352,0.3669490253066101,203
463,-0.05644737178278092,-0.028478241270477156,-0.17659953194362288,32,0.16185944114265283,21
464,0.29864247497152974,0.14946937027249874,0.29864247497152974,256,-0.31200339877960914,206
465,-0.5704885954307599,-0.28549457693910085,-0.5704885954307599,256,0.3190433931183634,215
466,-0.26214318872359854,-0.1304038342894671,0.36493789911344265,288,-0.4010594987597642,407
467,0.4135902495056598,0.2066130431315969,0.4135902495056598,256,0.4318276371540719,316
468,-0.6059671223247278,-0.3027517949427647,-0.6059671223247278,256,0.5327027396662345,195
469,-0.3884362675366617,-0.19422740162357854,-0.3884362675366617,256,0.333400475374134,237
470,-0.2752749612858736,-0.13869685733806136,0.37231048014879775,128,0.4029044053667974,181
471,0.13843696711518305,0.06883936739495766,-0.1890940108664907,64,0.19115822612025113,395
472,0.6982533452948871,0.3486615450854629,0.7764583581204079,384,0.5620948240409689,384
473,-0.5979537496360763,-0.2991949913340761,-0.5979537496360763,256,0.4035167479482027,234
474,0.32166083347530616,0.16041722563272742,0.32166083347530616,256,-0.1689153962823866,245
475,0.8639850349257472,0.4314788481175924,0.8639850349257472,256,-0.5095745436569246,207
476,0.22267407487248647,0.11150600970276514,-0.5719121432818497,128,0.4485280215268972,352
477,0.16645364846641542,0.08271320836104223,-0.26697006904947784,384,-0.3130430255414183,170
478,-0.20985414416333015,-0.10407601898432972,-0.46961812545833936,128,-0.3298293522060476,389
479,-1.0730989602124907,-0.536287920759662,-1.0730989602124907,256,0.5362879207597189,255
480,-0.25915487757785627,-0.12970234233085876,-0.25915487757785627,256,-0.31463390470747754,281
481,0.6467191708715916,0.3230271633833013,0.6467191708715916,256,-0.45703488704896245,214
482,0.44726717279229433,0.22372785337270784,-0.4695320877791147,128,0.5056432777703321,282
483,0.301462530827024,0.15103430309918053,0.3069328466838215,192,0.2664588775580228,483
484,0.1395394037980111,0.06980645036418309,-0.1930683299381144,384,0.25208876253128665,310
485,0.746748132847614,0.3741746757816031,0.746748132847614,256,-0.5802335016852567,204
486,-0.5771968316266509,-0.28882319543265567,0.9078166767775997,384,0.7404892814768687,153
487,0.5844565858319299,0.29256500111171135,0.5844565858319299,256,0.4314691042142158,335
488,-0.341004067444203,-0.1702563708439584,-0.4043253295680671,128,0.30212280357784493,91
489,1.2153084356174588,0.6074638629273181,1.2153084356174588,256,-0.6230769573965631,251
490,-0.0811291104398606,-0.04065591276145142,-0.11518238229012923,384,0.15064686632001667,103
491,-0.23311765145058416,-0.11669563201650135,0.45691421674372634,128,0.4608267541869395,159
492,-0.24970420519193226,-0.12488346993833943,-0.2614049456376506,384,0.26023359457911965,88
493,-0.30447539098713605,-0.15171026990245196,-0.30447539098713605,256,0.3324139844833667,234
494,-0.045506816761474056,-0.023845961330550836,0.5659853006780509,128,-0.32991763443965283,343
495,0.7035157897261115,0.35133145898379325,0.7035157897261115,256,-0.404675433360012,206
496,0.8762776946003328,0.438156640266925,0.8762776946003328,256,-0.5656858025674296,240
497,-0.2796889647455032,-0.14009819823476732,-0.2796889647455032,256,0.2826861390778106,202
498,-0.1089946457278188,-0.0536037676861838,0.8458147027897809,128,0.5025470867794297,131
499,0.7771978264059385,0.3881355743969266,0.7771978264059385,256,-0.6215033537743011,230
500,-0.08599727903666121,-0.0420156293173477,0.28292197859065027,368,0.3071849293603748,84
501,-0.22930965685284832,-0.11462556877316388,0.2900496613707446,384,-0.3798659474127817,313
502,0.52665524025781,0.2631298250012719,-0.5747380961617097,128,0.53759079878796,318
503,0.030041090448321484,0.014535481837867792,-0.17336778874880565,416,0.1739516877135543,334
504,0.5983591873844603,0.2995966839559685,0.5983591873844603,256,0.3930836743767827,338
505,-0.18055367911009057,-0.09039929136085334,-0.28076046354084383,128,-0.24627447571828043,393
506,0.04673600783758047,0.023266338360201644,0.2706353350620816,192,0.20668873784927655,451
507,-0.2083835691550462,-0.10515124779857388,-0.3418984383708903,64,0.3781619578988398,168
508,-0.28690926780137715,-0.14408425683376436,-0.28690926780137715,256,-0.2740707275065688,395
509,0.1478528611218053,0.07428555810233206,0.4540102886337536,128,-0.3616260729226326,92
510,0.8710543623557783,0.4350490236163864,0.8710543623557783,256,-0.5265668465350473,246
511,-0.0177865675607336,-0.008235801010442856,0.17823852173938803,384,0.2212047257717984,181
512,0.14627630882441167,0.07350333888132354,-0.284296795490377,288,-0.31564448796240185,177
513,0.38991217013762025,0.19474960642065753,0.38991217013762025,256,0.32552670107867243,276
514,-0.22254781633245102,-0.11073268408171089,0.5094155982141899,128,-0.41574610039543813,345
515,0.11591410633010923,0.057509711561920085,-0.417682308747942,320,0.2975273383651711,301
516,0.5976177398910636,0.29934026970633454,0.5976177398910636,256,-0.37795957398890323,236
517,0.0034610320680599216,0.0006023600856792655,0.5205214641328837,64,0.33051835950988107,325
518,0.0985557300107871,0.050156171134688066,-0.3212186071335168,384,0.24056539958218082,372
519,0.1774587675529915,0.08918854218092065,0.5374921767794945,64,-0.3859025938503251,50
520,-0.6185325050427082,-0.309719040674878,-0.6185325050427082,256,0.46212316543540055,148
521,0.5585043093069828,0.28003923785561824,0.5585043093069828,256,-0.4048162323171596,174
522,1.1108318727864628,0.5550123216058296,1.1108318727864628,256,-0.6113366510551259,233
523,0.02476429615413167,0.012208771462269397,-0.8302805191076459,384,-0.4524272511764593,138
524,0.6443272161012032,0.3223212027943134,0.6443272161012032,256,0.33406100736675626,259
525,0.833343136500531,0.4170473360840674,0.833343136500531,256,-0.7206885971611428,189
526,-0.18139411437201147,-0.0902070891475546,0.22564381184352555,128,0.3112343238747428,184
527,-0.2934404399039181,-0.14721454714634774,-0.2934404399039181,256,0.3507371004857305,149
528,-0.21375312211793585,-0.1068701317282148,-0.4360820926953082,64,-0.29034131840569444,321
529,0.047526329574452575,0.023308452325125018,0.5523878450099602,128,-0.3208701931746134,124
530,-0.2612629543856144,-0.13011389314146982,0.36751873931081747,64,0.37702404903856745,200
531,-0.17235553953378258,-0.0863469369241443,-0.17235553953378258,256,0.2127125456816117,91
532,-0.0373680187202865,-0.018814604576277816,-0.8786927050230702,128,0.44928472882961046,126
533,-0.4758907951890876,-0.2377632238826095,-0.4758907951890876,256,0.4240465400480673,175
534,-0.17651171357522344,-0.08865640240105677,0.47909608445783647,192,0.47586648829971523,202
535,-0.5079457246929167,-0.25474004483896806,-0.5079457246929167,256,-0.43380111432520607,283
536,-0.2187838970023961,-0.10979609036894544,0.5832080195093283,128,0.4008876819165721,194
537,-0.6851535445908041,-0.3425321734116835,-0.6851535445908041,256,-0.44393058982871025,331
538,-0.321739613902821,-0.1608097412848224,0.35213114496900744,448,0.3633375174022717,198
539,1.2243115269106397,0.6113293035975857,1.2243115269106397,256,-0.6745945559326287,246
540,-0.3218421730155967,-0.16068808636313747,-0.3218421730155967,256,0.28954895590254637,158
541,0.46312024053074197,0.231421584862062,0.46312024053074197,256,-0.400371471643723,228
542,-0.22045249969011138,-0.11070080372400071,0.22531181456753302,144,0.2814677117801523,152
543,-0.4357803584072144,-0.21743409728219376,-0.4357803584072144,256,-0.44284620053633716,399
544,0.5146375155753731,0.257100006399412,-0.520345209597707,128,0.5174844466475861,320
545,0.39052340390225027,0.1953746160437504,0.39052340390225027,256,0.35200888009740083,338
546,0.3658802212929686,0.18308244611907298,0.3658802212929686,256,-0.24549481359292713,245
547,-0.37029456079284273,-0.18568630916104212,-0.37029456079284273,256,0.2809174591100714,221
548,-0.1747780357940769,-0.08717707480710146,0.593340099276702,192,0.4676657136385245,205
549,0.2256727913967893,0.11272963814133163,-0.25435498429573045,368,0.34564743820732247,300
550,0.16850712246417743,0.08481886898098878,-0.27876850974513445,320,0.266763114309299,301
551,0.7048403966236378,0.35245053956614925,0.7048403966236378,256,-0.5451416565124418,182
552,-0.34154847592594706,-0.17159531955786633,-0.3700802348158163,128,0.29618091971579474,115
553,-0.15333533863110915,-0.07648992622875994,-0.381528061761955,128,0.30658795377679837,53
554,-0.5169587221375593,-0.2582319484929769,-0.5169587221375593,256,0.4741388413805794,161
555,-0.06142618525112198,-0.031144231757252783,0.3162192682709133,384,0.35948251252574437,150
556,0.6497864805925246,0.3254386663494131,0.6497864805925246,256,-0.4258496193542669,154
557,0.7650617305824312,0.3829565350301891,0.7650617305824312,256,0.43770364691624764,274
558,0.7384889930301028,0.3695124544885857,0.7384889930301028,256,-0.43369519188229333,126
559,-0.4038239875365548,-0.2021428538090504,-0.4038239875365548,256,0.3685939645387464,188
560,0.5700312354929338,0.2846980149180922,0.5700312354929338,256,0.44401351046172977,416
561,-0.021800682821208284,-0.011151438088745635,0.6265668041370418,128,0.34165674475059404,136
562,-0.06959769760538848,-0.03519323859313772,0.24084296675016503,96,0.2108909209728438,228
563,0.35868235030187634,0.17975859367845715,-0.4737700293658804,384,0.39028309798447935,374
564,0.20535235677749597,0.10275466887193829,0.20535235677749597,256,0.19286119075530905,278
565,-0.6500028797893549,-0.3249748933080525,-0.6500028797893549,256,0.45891162569665767,206
566,0.5486189819517335,0.2744315751699844,0.5486189819517335,256,-0.3043986147704061,219
567,0.11472599711817111,0.05705646692541677,0.40921511394958543,384,-0.28845176978148857,120
568,-0.8988975027622246,-0.44918857589638606,-0.8988975027622246,256,-0.7184516390668705,306
569,0.1788902897739888,0.08922843596678831,0.1788902897739888,256,0.1881072400565813,285
570,-0.4051606353497732,-0.20414723314814864,-0.4051606353497732,256,0.4264632856719288,164
571,0.2363469711217192,0.11880115131995694,0.41919982787209165,384,-0.4205142946234588,98
572,0.5029256204422268,0.25170572030626204,0.5029256204422268,256,-0.4554190649365921,214
573,0.695453941362814,0.34764019345476527,0.695453941362814,256,0.5531286848270724,362
574,-0.2935833977414859,-0.14725348374082614,-0.2935833977414859,256,0.320656018403497,87
575,-0.21013554074141894,-0.1050645424848824,-0.43014636905644466,448,0.34594735507539554,186
576,0.4174542403435737,0.20930367770978364,0.4174542403435737,256,0.2692301252613447,279
577,-0.6493613308232113,-0.32394905461003987,-0.6493613308232113,256,0.707535307518242,200
578,-0.29851124908481097,-0.1489864393587368,0.8587711448235495,384,0.5556596096282078,153
579,0.549554865243266,0.2746570487109352,0.549554865243266,256,-0.4456895988892029,220
580,-0.4776359969821158,-0.23833143325816764,-0.4776359969821158,256,0.3560834444429588,213
581,-0.4828725456193297,-0.24151739932250393,-0.4828725456193297,256,0.5218947512250054,187
582,-1.0214449589032881,-0.510861854122993,-1.0214449589032881,256,0.6920642248947502,111
583,1.0719886233578677,0.5349142885786478,1.0719886233578677,256,0.6314253079377181,394
584,-0.1754727356489525,-0.08716840154860961,0.33459710934477016,384,0.3482367535146125,182
585,0.3765327478849656,0.18848080703230607,0.3765327478849656,256,-0.3473371010793542,50
586,0.1408018036472356,0.07068872908067192,0.5644449811098866,320,-0.4697473425693275,43
587,0.06153064104469763,0.030908890813009293,0.6302566022085898,128,0.40853629031556693,386
588,0.1004047462276958,0.04977101869707212,-0.366921408636415,384,-0.3580195555675516,154
589,-0.05385980415582026,-0.027109497474270938,0.16290265862789965,320,0.17157640860466472,237
590,-0.7658923169297509,-0.382241459434681,-0.7658923169297509,256,0.5158863755358425,185
591,0.7373483254853284,0.3681381796158689,0.7373483254853284,256,0.4782822779362732,258
592,-0.027730986218017506,-0.013069863712559027,-0.22054288151377932,320,-0.24576949601015485,345
593,-0.6158168170298097,-0.30849360414404714,-0.6158168170298097,256,-0.4387609010690312,293
594,0.12869038277736422,0.0644059935995358,0.34651598980246945,64,-0.2329165870216343,181
595,0.5884590380092902,0.29402515138036733,-0.5932037035835833,384,0.6422293095614009,358
596,-0.14919245444144735,-0.07449868792838288,0.3834198322999782,384,-0.2787428935395724,345
597,0.4722708352551308,0.2365968964772378,0.5553165994448364,128,0.3964182268107379,384
598,0.3615282850716426,0.18203948590786467,-0.68173384394062,128,0.4573266276064487,317
599,-0.13703607528231032,-0.06878257502796714,0.19883574381157132,136,0.26116963380962943,200
600,-0.017943804490812454,-0.008303956318172823,-0.614684336467235,384,0.3368929512404293,111
601,0.6848536101540219,0.34249489259713073,0.6848536101540219,256,0.5838685175223759,303
602,0.4116847704651718,0.20635641797912285,0.4116847704651718,256,-0.3779941006562808,200
603,0.5676867888807919,0.28430559130407573,0.5676867888807919,256,-0.48755025407638186,85
604,1.026361863109429,0.5127412486107801,1.026361863109429,256,-0.7564287427717886,158
605,-0.47007947185173293,-0.2355422465396373,-0.47007947185173293,256,0.29709716612332215,109
606,-0.9378383354099356,-0.46797212308075586,-0.9378383354099356,256,0.5373402769428139,236
607,-0.18592759200328146,-0.0935087116778277,-0.18592759200328146,256,-0.1819353644249304,269
608,0.2406896297793537,0.12022158808059658,-0.3379681660814562,32,0.3713468276578169,282
609,0.3899058260701054,0.19544020964568176,0.4670501438665724,128,-0.3670124613721697,92
610,-0.8962333966734093,-0.44803871853133614,-0.8962333966734093,256,0.4963177242922825,125
611,0.3763370916748272,0.1882243364369458,0.3763370916748272,256,0.35565657563961395,338
612,-0.16195268821269337,-0.08179825110534011,-0.16195268821269337,256,0.145573469671902,120
613,-0.043054020123918235,-0.02108370815759031,-0.3454734249208684,64,0.24252608734036585,61
614,-0.07437880156629717,-0.037323587034279626,-0.3750767472184151,128,0.44429462806381537,84
615,0.4299353014949645,0.21414635455039388,0.4299353014949645,256,0.28456978062394,395
616,1.1285933268358121,0.5644449201312227,1.1285933268358121,256,0.6912053453086173,304
617,-0.07389183442464287,-0.03659403656516247,-0.5340163020682098,384,-0.33815949534465517,390
618,0.07653468394914853,0.03720198222742965,-0.5242064386588936,128,0.3354493793495976,318
619,0.04473335297473113,0.022384808128265377,0.3798881737649822,128,0.21967715140800692,448
620,0.16735701732778807,0.08275636317290491,0.32942644449281033,384,-0.30438179824076883,97
621,0.46591617618418013,0.23373899373649465,0.46591617618418013,256,-0.3807566205662454,134
622,0.08559972691631401,0.042832924032239816,-0.14848894377735178,400,0.2067170401576277,301
623,-0.05046124677875241,-0.023996960294823566,0.23849132182706967,128,0.17396173923398806,143
624,0.13724125317307312,0.06910572543023363,-0.5070536052768375,96,0.46846681075317065,412
625,0.3058475741532334,0.153146627392573,0.3058475741532334,256,0.1934904923006684,385
626,-0.596827835305163,-0.2989127659377573,-0.596827835305163,256,0.35405892546285145,201
627,-0.3139711558505951,-0.15770301886936977,0.32537992499256063,128,0.4798821457146687,169
628,0.3192548663038792,0.15936627506033574,0.3192548663038792,256,-0.2553491238094239,234
629,0.21134431588222924,0.10567210380503411,-0.5279473415256604,128,0.36926046575854343,370
630,0.07331221842119362,0.03696551031126205,0.2224801338821294,384,-0.24966583846284607,85
631,-0.24857159142993623,-0.12466942234044609,-0.24857159142993623,256,0.27730452292576047,202
632,0.09976359220507902,0.04990802756555013,-0.4262839946518966,288,0.4271607714829315,408
633,0.09542773589350872,0.04755667962871257,0.8328171499700829,384,0.4888632910913202,396
634,0.09565873206216224,0.04833227864131118,0.13171288895904354,384,-0.11394133578998833,120
635,0.5855717245119365,0.29223570797421417,0.5855717245119365,256,0.3381052684362089,391
636,0.13032264706689034,0.06469052656905205,0.5177270978267643,448,0.3715243934111072,454
637,-0.2879501156842821,-0.14427655468784906,-0.322778629298341,192,0.39182049130397445,188
638,0.1508653949478571,0.07465273442784337,-0.26553779335637273,192,0.26823198021475037,294
639,0.18571979078421919,0.09262447686887754,-0.35715749473257574,128,-0.25541944228885427,214
640,-0.05649176020676805,-0.02916637257868615,0.6080492861740936,128,0.4622505148765299,162
641,-0.5424015632924579,-0.2713610318748749,0.7941259273198114,128,0.616212128313606,153
642,0.5175968473787975,0.2593728591155866,0.5175968473787975,256,-0.45192610804355127,174
643,0.25668437016071266,0.12846906271147418,0.25668437016071266,256,0.2244312507579025,283
644,0.05811209841891696,0.029656997840731947,0.13569251927606274,448,0.16736115365864634,326
645,-1.1465502401570973,-0.572933296021688,-1.1465502401570973,256,0.6541120693878781,231
646,-0.13174618898906942,-0.06510637861006785,0.7440924889195912,128,0.5589475592671818,155
647,0.36658116222497483,0.18323525931015183,0.36658116222497483,256,0.3794258932134653,300
648,0.29940685679005696,0.14941614152672855,0.29940685679005696,256,0.19836353867327716,267
649,-0.06798148229788126,-0.034259665617355495,0.3307020354214387,384,0.29649200840538015,150
650,0.1620473228453818,0.08127279954814526,0.33622309026442565,64,-0.42802983196352784,180
651,0.38280835346918707,0.19148734100693332,0.38280835346918707,256,0.37635008474745746,306
652,-0.16167173463659879,-0.08108749698260453,0.4426119813748812,128,0.42180503414471104,167
653,-0.15834805772757932,-0.07880371621510562,0.4093647777831393,416,0.41446696898620417,99
654,0.10607561542292387,0.05298265965899418,-0.21982418166096807,64,0.20532210212132895,313
655,-0.970896609637748,-0.48515620472218757,-0.970896609637748,256,0.5639654425917939,118
656,-0.17958411008328312,-0.0901273066668864,-0.5846382004888255,352,0.4721532714875991,157
657,0.1965285184452057,0.09761232057007874,0.328775673406426,288,0.33491561622668087,306
658,0.4185201749436658,0.20981264213307327,-0.48615414258460987,192,0.4126216478242668,308
659,0.694862712066481,0.3474891674287619,0.694862712066481,256,0.4515052125414627,270
660,-0.04850650287244207,-0.024728353327247987,-0.5708355715334648,128,0.38087373366857946,110
661,-0.9547035868553451,-0.47734016376765,-0.9547035868553451,256,0.5602556512164085,237
662,0.31240033064358386,0.15653275485186668,0.31240033064358386,256,-0.3228996259817336,198
663,0.45384234861745654,0.22647199087589343,0.45384234861745654,256,-0.33936252483715634,94
664,0.5340705745085756,0.2671390812358254,0.5340705745085756,256,0.3787618042093186,263
665,-0.45122980606680585,-0.22501394074112113,-0.5173747987116855,128,-0.4262563104791184,388
666,-0.5576430196519766,-0.2784416225906625,-0.5576430196519766,256,0.45424239928789234,231
667,-0.030740172359088547,-0.014927804194826422,-0.502100503419527,128,-0.3364081591192303,394
668,-0.35641616268429743,-0.17778311718484474,0.4893208173244261,128,0.5040517679521486,154
669,-0.2679164823108522,-0.1333782911547985,-0.2679164823108522,256,0.18740406123532694,249
670,-0.0960751551987471,-0.0481028174581013,-0.2201834814080712,288,-0.20514104820881585,417
671,0.6010990300009382,0.3012340391136945,0.6010990300009382,256,0.430856107196405,305
672,-0.9232229988230642,-0.4613878164770142,-0.9232229988230642,256,0.5698058552356997,223
673,-0.20728034064694612,-0.1031462047482421,0.3197105361376771,416,0.2528342576537739,224
674,0.5688744984877303,0.2844962735190393,0.5688744984877303,256,-0.4288412632572829,214
675,-0.39712671679961886,-0.19845480092612888,-0.39712671679961886,256,0.27818218319549715,205
676,-0.30200004099989997,-0.15043084621066782,0.34625960647397847,192,0.38404340474716037,80
677,-0.8475649950796651,-0.42407042924330085,-0.8475649950796651,256,-0.5590635706297462,321
678,0.582684973265799,0.2915279155864994,0.582684973265799,256,0.3505767766441181,402
679,-0.029025002717105508,-0.014786637779366174,-0.5377563919018513,128,-0.31831716267663523,389
680,-1.1652408130832157,-0.5827655438189083,-1.1652408130832157,256,0.6230455100754853,205
681,-0.9755156877625097,-0.4876476133354686,-0.9755156877625097,256,-0.5362041873537464,321
682,-0.23085618500729765,-0.11499304596276261,-0.49539043843020636,128,0.3699629258652948,118
683,-0.020422742676572625,-0.009624156954856744,0.5161490611324098,128,0.2998710304245549,130
684,-0.6222122931252443,-0.31197097556776043,-0.6222122931252443,256,0.5002662139703489,174
685,0.49209406514012244,0.24591241443988565,0.49209406514012244,256,0.43680076174871374,334
686,0.8404424514185962,0.420510733280679,0.8404424514185962,256,-0.553128450684909,223
687,0.09676180708618176,0.04917200410326927,0.41750714034895964,288,0.2970387385715867,352
688,-0.2805609196563523,-0.14032359337488742,0.408360301885466,320,0.3326609508951037,209
689,-0.005554495361678846,-0.002540019843479513,-0.6628198382491064,192,0.47593490021856155,183
690,-0.22098289949295236,-0.11061451568050984,0.22220567019009252,128,-0.2973927733210644,345
691,-0.2746228174839871,-0.13712885708588374,-0.321022722933094,192,0.30801282784307205,182
692,0.4383080845739187,0.21932302726162334,0.5657096783016868,128,-0.43243586297175796,62
693,1.4269802701255117,0.7136059425479004,1.4269802701255117,256,0.8098165985375658,328
694,0.2609636425218014,0.13123269894120426,0.39176708852437514,192,0.4378507273272021,325
695,0.43006447203293874,0.21440930893118093,0.43006447203293874,256,0.3381496163397628,298
696,0.5465308104569431,0.2728623526127194,0.5465308104569431,256,0.3738455441876454,321
697,0.1997069684477708,0.10093094516548717,-0.27015156625094505,208,-0.28016234713771837,181
698,-0.8713192770118781,-0.43478043263698396,-0.8713192770118781,256,0.4767702782742447,231
699,0.04878138940358667,0.02360702512220314,-0.3073618621300511,224,-0.2388108405577043,102
700,0.3246478434433584,0.16239947584642778,0.3808568418805294,448,0.4480223405453785,348
701,0.12469178887104704,0.0625928790502428,0.2541195673209131,32,-0.31295172781130987,153
702,-0.034266531190269234,-0.017188909754565884,-0.3033901740974585,64,0.24906549673534073,186
703,0.5379701319801882,0.26864408214686364,-0.6778609661159862,128,-0.5378287624816096,146
704,1.416223505618575,0.7082810211391859,1.416223505618575,256,-0.7436887586359262,248
705,0.18026511252918453,0.09005316631402138,0.3477139060490231,128,0.2839079984320847,468
706,-0.3904872326673967,-0.19540650434220197,-0.3904872326673967,256,0.4467312269842978,144
707,-0.31334657630563356,-0.15584011327177905,-0.31334657630563356,256,-0.2168513768033904,399
708,-0.2713486547251023,-0.13594849492670846,-0.2713486547251023,256,0.20893368373253907,117
709,0.9927520808887493,0.49646744171192836,0.9927520808887493,256,-0.5169787317295516,252
710,0.33266193016015677,0.166619361017041,0.5300567279192592,128,-0.37439809237375243,124
711,0.2993620982042273,0.14983495338455555,0.2993620982042273,256,0.3620393740396253,305
712,0.18991697743842906,0.09480696604589411,-0.2251393275196989,128,0.2802720539449979,330
713,-0.28306774340407515,-0.14125299063178431,-0.3444511704276181,128,0.3068721132800931,87
714,0.5219020393758456,0.26058108370460786,-0.6430167691872839,128,-0.4919395917170277,195
715,-0.16242836006480843,-0.08192412969202678,-0.532624673773114,320,0.4028132716800883,183
716,-0.7866747827566485,-0.3937280945209807,-0.7866747827566485,256,-0.5783410261188351,321
717,-0.19826351659543207,-0.09861652916723074,0.49829996826406386,384,0.4238012577888526,193
718,0.13179036305572822,0.06602928963002341,0.19771425169886925,288,0.20496667172460548,353
719,-0.07566183625934286,-0.03764225996351911,-0.27533376333400383,384,-0.2222598059955203,426
720,0.5324907269779828,0.26654263711293424,0.6853551509338445,128,0.5091323997785366,406
721,-0.4104073833562154,-0.20571097243271197,-0.43873994997551335,320,0.45458752002899416,55
722,-0.7736898743974621,-0.38672366510022016,-0.7736898743974621,256,0.5080286802029832,190
723,-0.6730972000210613,-0.33690879501330073,-0.6730972000210613,256,0.37173060794822277,239
724,-0.7509823172956658,-0.37532125320672094,-0.7509823172956658,256,0.5682256144842768,208
725,-0.12584635145637435,-0.06260887057851505,-0.2212815380679558,128,0.22907620161743125,97
726,-0.5260997163527463,-0.26267666770127107,-0.5260997163527463,256,-0.3055698386245922,275
727,0.1438854413231354,0.07196256006940871,0.5275175506552046,384,0.31995552068138977,394
728,-0.2644205173080536,-0.13251057640411545,0.375090412894167,448,0.4340860865198124,203
729,-1.0641962443184525,-0.5322216722554458,-1.0641962443184525,256,-0.5847289290485946,279
730,-0.3258359506358204,-0.16250018611700057,-0.3258359506358204,256,0.30578187643746446,222
731,-0.2599717544286193,-0.12996660372007796,0.5465063955108462,128,0.40030553384823975,197
732,0.12830901474379175,0.06434991730796469,-0.2474092574907445,384,-0.20459251102161602,150
733,-0.342894225672012,-0.171842004591781,-0.4003551561436396,64,0.4597140484204374,168
734,-0.9358757463524796,-0.4672879868442692,-0.9358757463524796,256,-0.5256962023795495,266
735,0.1891042673122456,0.09435697181862679,-0.23913531116153308,96,0.2990581480069068,282
736,0.6383214364014975,0.31895382925341664,0.6383214364014975,256,0.3729904668445556,286
737,0.7296986384483546,0.36535038114467966,0.7296986384483546,256,-0.4613893940535263,204
738,0.6987677299098891,0.34920873506001726,0.6987677299098891,256,-0.465872788402379,242
739,-0.12708231304759465,-0.06320993139982534,-0.2942886496539927,64,0.29459652767425837,183
740,0.539024466686584,0.26998350106475755,0.539024466686584,256,-0.2965052111380544,238
741,-0.38165138297640055,-0.18973281143220788,-0.38165138297640055,256,0.31779662329441294,178
742,0.26278506813756053,0.13145816135727273,-0.476593991595081,128,-0.4750318072966877,150
743,0.854951289785987,0.427428624292304,0.854951289785987,256,-0.6328127801296262,139
744,0.3655366764226642,0.18302950167631593,0.3655366764226642,256,0.26608625056178425,402
745,0.41663260121248413,0.20842374092273985,0.41663260121248413,256,-0.3041880487639901,235
746,-0.09026782437209135,-0.04514229165204142,0.39056739662169093,384,0.26899100846401325,182
747,0.44068340056981015,0.21983086265100837,0.44068340056981015,256,0.37497623296724214,403
748,-0.09532375884705857,-0.04767811507755937,-0.25541349744287345,272,0.25827859782248197,111
749,-0.038417957705320305,-0.01917808443718627,-0.5152545612331778,64,0.3627563710838615,182
750,-0.0797242581890032,-0.0407633114782584,0.19686465644156215,320,-0.20677166632697208,283
751,-0.24708174816979067,-0.12362336871657931,0.42694105796795156,416,0.3871245736542619,225
752,-0.2264999176782112,-0.11353232574612093,0.27281757781338456,384,0.3675546032348507,178
753,-0.6883848515311968,-0.34412339928846336,-0.6883848515311968,256,-0.4474578304024135,271
754,-0.04264939706217774,-0.021432383748731354,0.3181715275921988,384,0.25564866590474367,225
755,-0.3567583976177673,-0.1786423332635252,-0.3567583976177673,256,0.3580853005651363,229
756,-0.6778699328211246,-0.3395177014116655,-0.6778699328211246,256,0.4938194896279242,233
757,1.2019830973904106,0.6002023257271389,1.2019830973904106,256,0.7124070422007662,360
758,0.3546343491133541,0.1772633171917164,0.3546343491133541,256,-0.34810500285047397,239
759,-0.16559994309764647,-0.08341612738604454,-0.26798491851948825,128,0.2291451480595441,125
760,0.30851780166210574,0.15396674526766674,-0.3400280619862315,192,-0.321771892225172,242
761,0.18453240406364557,0.09156721345379992,-0.25427200792711346,384,-0.3117620669853238,149
762,-0.0006291092632579875,-0.0005081390815462328,-0.38747172112894646,128,0.22857141175268225,119
763,0.979588911131998,0.4900654144041994,0.979588911131998,256,-0.5687598926412534,233
764,0.39584079446839837,0.1985975233033912,-0.4364479055574293,448,-0.37625536278272875,73
765,-0.8840380297381216,-0.44200871524884633,-0.8840380297381216,256,0.5198445809729151,245
766,0.6604757832347161,0.33054975137054043,0.6604757832347161,256,-0.5158630346434165,227
767,-0.1319634082744301,-0.06626199201082272,-0.358271170892408,384,0.2833606829352959,118
768,0.1569790032133369,0.07783866279891072,0.2213277747392226,128,0.2783102012610925,422
769,-0.2654295143751426,-0.1334031751852649,-0.5798061240074048,320,0.44747084068876575,191
770,-0.2582262837188978,-0.12901952164202157,0.4219548801994506,448,0.2968933122791384,192
771,0.233237408721493,0.11712859822830524,-0.5471563034940488,128,0.39456528243317734,342
772,0.005635803613188273,0.002103405757964083,0.24494109812997067,272,0.17804014843284222,305
773,-0.06902121776423087,-0.034231173322496034,0.18232926022255924,384,0.12174965991556519,200
774,-1.6444706472875623,-0.8224940880674865,-1.6444706472875623,256,0.876593274202321,219
775,0.345373706868628,0.17312232873854327,-0.46952455954600225,128,-0.43845732759228895,185
776,-0.06615157785978454,-0.03350961125846652,-0.7358882827911373,128,0.4190195958298659,120
777,-1.0359457829412122,-0.5184226158682748,-1.0359457829412122,256,0.6634783573813081,242
778,-0.06389320892216688,-0.03180217222063675,0.31917595313956326,384,0.22639109109124433,133
779,-0.2042222512798446,-0.10289951891741111,-0.5740289935781107,320,0.47646336960650615,189
780,0.18648973688476644,0.09331434482470513,-0.7448537105674404,384,0.5229372749744812,364
781,0.8546569798822077,0.4275359258217577,0.8546569798822077,256,-0.5752128746815117,218
782,-0.8794758214231422,-0.4405664175853019,-0.8794758214231422,256,0.5196811170192746,215
783,0.06319880191287552,0.03231657504349528,0.31815307183143204,384,0.2796500205767529,416
784,0.42814832711621875,0.2142692143021918,0.5939194201207556,384,-0.5007547215811883,112
785,-0.6009569412422593,-0.2999580317904531,-0.6009569412422593,256,0.3837954954209408,233
786,-0.32463195624001173,-0.16268641942502882,-0.32463195624001173,256,0.2784153845242372,186
787,-0.8984010783017595,-0.4485721029157901,-0.8984010783017595,256,0.4485721029157901,255
788,-0.4708333177585189,-0.23564414233607067,-0.4708333177585189,256,0.4809247063693647,192
789,-0.057814538487917844,-0.029838516458255526,0.4704290563817892,64,-0.3081137991804894,443
790,-0.283524232806343,-0.14206469387016796,-0.283524232806343,256,0.31349444998710396,123
791,0.22949281831586177,0.11465030837609902,-0.24595100584014062,288,-0.37776374089725095,172
792,-0.46618577397930494,-0.23321626197122214,-0.5456588527520836,128,0.47070140834975405,118
793,-0.39784516428449024,-0.19840298459763517,-0.39784516428449024,256,0.2730386616597116,226
794,-1.0356944577043237,-0.5179536289966791,-1.0356944577043237,256,0.821699807897943,195
795,0.38288631433596265,0.19105030020773484,0.38288631433596265,256,0.3685252013032141,401
796,0.5191461469913179,0.26027625625866335,0.5191461469913179,256,-0.44771000543212836,155
797,-0.08133872515816165,-0.04097764914791924,-0.3723482550943231,384,0.26039515385171796,118
798,0.03683195308971676,0.017820992048370954,-0.2772852029953867,128,0.2194695669256248,299
799,0.2633660173661667,0.13214252834580975,0.2633660173661667,256,0.2563104241483529,368
800,-0.4683899137643266,-0.23493628152561996,-0.4683899137643266,256,0.3283008121993021,188
801,-0.32406150456822047,-0.16184771080776272,-0.32406150456822047,256,0.3829621319564467,174
802,0.13013882380735708,0.06525338934929437,-0.17171617199593925,128,-0.23904544876370437,140
803,-0.19745863136469666,-0.09915269253104952,0.6637390896095212,384,-0.5747874853217354,328
804,0.26274098875211394,0.13140658601813016,-0.34550939790494795,288,0.3112583176011867,349
805,-0.5093593349414789,-0.2546056893093862,-0.5093593349414789,256,-0.4236305142397896,277
806,0.1717259755810403,0.08610701278880128,0.44014248897565267,384,-0.3438337904291444,102
807,-0.9561148988104549,-0.47716522127916505,-0.9561148988104549,256,0.5496023332670461,209
808,0.7250767677969634,0.3628724134027266,0.7250767677969634,256,0.5029971650283755,282
809,0.01866307372290521,0.009534577067256578,-0.3669429128232764,272,-0.32642214441438,212
810,-0.05095605967213146,-0.02487472142800584,0.5731377759256446,128,-0.5218699931108404,357
811,0.06236295222328181,0.03111096722051343,0.626640143054658,128,-0.3526901399052349,115
812,0.31947225879702046,0.1599616057121409,0.31947225879702046,256,-0.2048541112245914,124
813,-0.7004329062701231,-0.35081671064182274,-0.7004329062701231,256,0.6419962493665139,212
814,-1.3057167815255184,-0.6523422121395868,-1.3057167815255184,256,0.7508833148997383,232
815,-0.27345539876677094,-0.13676587291647024,-0.27345539876677094,256,0.3398997480578032,155
816,0.6550419023425036,0.32731239627838704,0.6550419023425036,256,0.526725971383371,340
817,-0.33245197493016576,-0.16630962407177208,-0.38768398764705125,128,0.3526523786857467,122
818,0.07483043981127935,0.036929197893641685,-0.40314257025184475,128,-0.24463401837002152,152
819,0.7719846450860075,0.38634069101630075,0.7719846450860075,256,0.6321412043660644,399
820,-0.03181723104310663,-0.015462705228856066,-0.5237123793333822,64,0.32109318095600514,47
821,0.6232722769208294,0.31156420310912836,0.6232722769208294,256,0.37061617045037565,405
822,0.5610004519927827,0.28075042523508387,0.5610004519927827,256,-0.4838112270545025,242
823,-0.08327096927666844,-0.04171200758304394,-0.6421477237897477,64,0.4289069783186221,188
824,0.34538473516917634,0.17375734790300612,-0.7856081856585888,384,0.5166390929878162,380
825,0.882533088355558,0.44166180552858236,0.882533088355558,256,-0.5282678806514838,125
826,-0.15893281652421365,-0.07984872590185432,0.32104374987364537,32,0.3532786333797162,166
827,-0.6653338842884011,-0.3321857449072354,-1.130699239281597,128,0.796164768826003,87
828,-0.33614089108277767,-0.16798952820576574,-0.33614089108277767,256,0.33389163438081937,232
829,0.5432294612542705,0.2708150227795727,0.5432294612542705,256,0.43345774169716833,270
830,0.25500132860656777,0.12629994923133836,-0.4555410305701457,384,-0.348169978073372,130
831,0.5218105508404562,0.26047149677344805,0.5218105508404562,256,-0.45232833483703416,186
832,-0.49627289143256803,-0.24820518891817756,-0.49627289143256803,256,0.46401485535284337,225
833,0.07661524596943536,0.037235714368591744,-0.1302985560465686,96,0.16303307984270532,409
834,1.0150984083699086,0.5075025672153402,1.0150984083699086,256,0.5398606630638483,288
835,0.9775465547360227,0.48919726356456295,0.9775465547360227,256,0.5510191824405979,269
836,-0.3796159751851462,-0.1901194856314703,-0.3796159751851462,256,0.4152811625699542,151
837,-0.6643744230425455,-0.3332928012712273,-0.6643744230425455,256,-0.36961110013191956,274
838,-0.01839859263833432,-0.008371638554990568,0.48057187905533283,448,0.393132551226131,198
839,0.17224057634160772,0.08677821405353825,0.3556313162956144,224,0.33307834878939957,306
840,0.7909696355918641,0.3948420299847726,0.7909696355918641,256,0.5429427608031006,263
841,0.41055547955298266,0.20533408511113294,-0.5750846029547176,128,-0.45473097612935476,131
842,-0.2428410709266018,-0.12153297121724904,-0.2428410709266018,256,0.3385904595630791,210
843,-0.6991226517473876,-0.34931400697701065,-0.6991226517473876,256,0.5570642915239432,148
844,0.1395961197418103,0.0701996202363091,-0.23137311305958974,272,0.35536501468544657,301
845,0.40982568023778754,0.20524288528454804,0.40982568023778754,256,-0.29410109654395455,249
846,0.3232494197432345,0.16182853439553924,0.3232494197432345,256,0.3000632833060308,394
847,-0.16279490421285914,-0.08082045290043993,-0.16279490421285914,256,0.20427625910872393,213
848,0.7144963512325262,0.35719247553424793,0.7144963512325262,256,-0.4103665021846439,252
849,-0.008223935859859921,-0.004502307566667696,-0.6040745351641021,384,-0.33476989175107974,425
850,-0.7588815549968899,-0.3790717710105298,-0.7588815549968899,256,0.4555778320278421,189
851,-0.33809388697727627,-0.16969485293384423,-0.33809388697727627,256,0.2818694490562592,108
852,0.5516796946849922,0.27614135157415376,0.5516796946849922,256,0.3397973372914862,354
853,0.19647916919416275,0.09908322850404261,0.2426904683391058,160,0.2294395694975151,419
854,1.4854258574775372,0.7420182777548803,1.4854258574775372,256,-0.7630329348386056,251
855,0.05126645513587391,0.025941790359269135,-0.2676862546494476,272,0.2067668944845309,423
856,-0.2055445039901258,-0.10271754355250096,0.44810023934763876,352,0.45415890714645,164
857,0.472064859088448,0.23536614601425754,0.472064859088448,256,-0.36851928793751654,84
858,0.1102439015783716,0.054955053222954575,0.36764171510696997,128,0.28555749810470843,460
859,-0.3621187742224379,-0.18123045460444587,-0.3621187742224379,256,0.39515619196976104,180
860,0.08697078161679883,0.042996532946460775,-0.27667570611957615,96,-0.23654615152756975,38
861,-0.45874811080454947,-0.228890820399954,-0.45874811080454947,256,0.38998312552078573,216
862,-0.48562384279640014,-0.2428510394020691,-0.48562384279640014,256,0.36282068499659204,235
863,0.2257039184061682,0.1126670367456768,0.5768308607475632,128,0.3796398938932839,390
864,0.7819002910050017,0.3913026277168399,0.7819002910050017,256,0.696198543323419,339
865,-0.36624280465153447,-0.18235578386213547,-0.36624280465153447,256,0.4290176153941161,204
866,-0.08020767169782062,-0.039683444719059935,-0.3975069917327687,384,-0.2758947639111966,451
867,-0.19381854052434733,-0.09626104391691115,0.36265120167485065,208,0.3930817655414671,208
868,-0.18511071278149416,-0.09153135083525399,-0.18511071278149416,256,0.22637757881139464,180
869,-0.49241142699588636,-0.245669152571935,-0.49241142699588636,256,0.31019085852759076,231
870,-0.39315021790318383,-0.19612743028588397,-0.39315021790318383,256,0.5008410847013067,77
871,-0.255254855079869,-0.12830638823174922,-0.5606748378669977,320,0.4181998748753202,61
872,-0.08731944604119235,-0.043586283845399976,0.6948363135318942,128,0.6194713517124626,158
873,-0.5935130224107183,-0.2960437888865499,-0.5935130224107183,256,-0.38605125791593764,299
874,0.6464097854057229,0.3241950516846259,0.6464097854057229,256,0.5223762005767298,307
875,0.06474049076456367,0.03237893073384157,0.6130300976499115,128,0.43885853207115133,473
876,-0.42976142012378205,-0.21439956462617715,-0.42976142012378205,256,-0.4380247414958376,360
877,1.4935333027544573,0.7470308233687604,1.4935333027544573,256,0.7603280801763503,272
878,0.12932317442096064,0.06470618386197202,0.32742019187628557,384,0.3470113363856626,399
879,0.4183556136657671,0.20948418272803337,-0.4293672729608886,128,0.37474445687792013,368
880,-0.350246359353946,-0.1757867221835454,-0.350246359353946,256,0.2931525507193271,228
881,-0.15169314093353137,-0.07669947338627026,0.533037323304427,384,0.36155364838373316,204
882,0.06218108754507057,0.030358942665600352,0.21811190761953014,128,-0.15591875851089299,114
883,0.40735294022255175,0.20256766260450831,0.43795215504610496,384,-0.44153282867547716,120
884,0.06415003425229315,0.03184440848150416,0.4913987614725812,128,-0.42510532760526587,102
885,-0.185353515343877,-0.09347500934308073,-0.2861962086760741,128,-0.2907599502427729,406
886,-0.4979015537606699,-0.24870486372356027,-0.4979015537606699,256,0.3339887105375965,189
887,-1.3851880885107164,-0.6929174730907164,-1.3851880885107164,256,0.7194790765983328,254
888,-0.07389705437216776,-0.037226670735037715,-0.42805306928099185,128,-0.2804959415010444,400
889,-1.41638167969586,-0.7083489941583139,-1.41638167969586,256,0.7497762420118761,251
890,-0.2798034435119803,-0.13988531425158612,-0.2798034435119803,256,0.2112815887442423,249
891,0.16234545025045577,0.08059789518472371,-0.46746619970099346,384,-0.4221206998424236,163
892,0.6369681018241522,0.31949048328573326,0.6369681018241522,256,-0.4900494965016833,216
893,0.37629397156717914,0.18825773662928214,-0.40535237378117017,192,0.4407508799711195,280
894,-0.11134107136314242,-0.055773167724566974,-0.3582495142196649,384,0.25399922088496396,102
895,0.9236137990826307,0.462180009175313,0.9236137990826307,256,0.6355973319684836,387
896,-0.3925432407336302,-0.19633937858571926,-0.3925432407336302,256,-0.5555066479777224,342
897,0.10093701676709088,0.05067752606561271,-0.5356481359557392,384,0.4128180393738603,365
898,-0.6942366176147061,-0.34752637045369283,-0.6942366176147061,256,0.5572645284006086,110
899,-0.17564454946966634,-0.08722738492951976,0.39997060595035805,64,0.37464827319661254,196
900,-0.30289208834267356,-0.15104701860440173,0.31362014772988545,64,0.43352565885606964,216
901,-0.2137444901004244,-0.10692600499203309,0.5878144369883103,320,0.4319897550307701,199
902,-0.05145212602258198,-0.025761376795060187,-0.17737233548454157,64,0.23474446921949266,149
903,-0.5966206500663702,-0.29903709481487795,-0.5966206500663702,256,0.447245894901954,220
904,-0.5128919916306529,-0.2569312257100478,-0.5128919916306529,256,-0.41914025345550954,285
905,0.2896165308373213,0.14428157656095664,0.8405631386933976,128,-0.552337421878974,121
906,-0.7120256996201135,-0.3558570933670637,-0.7120256996201135,256,0.4512387256489774,243
907,-0.7255530018772163,-0.36268952019676703,-0.7255530018772163,256,-0.4748329923911001,361
908,-0.2438683937621704,-0.12197295720361012,-0.2438683937621704,256,-0.20319196589747435,287
909,0.625127733239907,0.31323812123608263,0.625127733239907,256,0.6371045747858943,300
910,-0.4266150641025206,-0.21432048171834595,-0.4266150641025206,256,-0.3279256619046578,409
911,0.45539714452016256,0.227620640260227,0.45539714452016256,256,-0.35723882469574164,153
912,0.6019187043266356,0.3012773203777499,0.6019187043266356,256,0.6483015098610849,319
913,-0.18090352169647872,-0.09061748440743145,0.37943230888454593,128,-0.3017984018975426,315
914,-0.34730462332353795,-0.17355417647473814,0.3529944173091337,160,0.35360907113093276,98
915,0.0969836683969163,0.04910446257636636,-0.35170268295712503,448,0.31845511678562843,308
916,-0.2639841953066764,-0.13310192796456022,0.5191725513012102,64,0.39720092379673133,211
917,-0.3162234754216513,-0.15705187144814658,-0.3337186863446959,448,0.5300232940129774,153
918,-0.144767558905869,-0.07246634373058214,0.41228235019747217,128,-0.3523373911415888,353
919,0.05696265377520149,0.028530116481476853,0.3886213181430094,128,0.37432572026932576,410
920,0.3190451179716547,0.15945193033445548,0.3190451179716547,256,0.2742680400972404,339
921,-0.572121394567148,-0.28640810660607485,-0.572121394567148,256,0.4709489835491496,93
922,0.5401154885053359,0.26974385474642304,0.5401154885053359,256,0.4665551581275622,282
923,-0.20565595558673522,-0.10312515450226556,0.2650157559190802,320,0.2425264989767868,193
924,-0.2648739072885178,-0.1327242781460427,0.308327822666115,128,0.35129428003548924,204
925,0.24710625352236093,0.12419675625520199,0.24710625352236093,256,-0.20853446682508547,172
926,0.17877760105938023,0.0887136129369992,-0.5675749530078065,384,0.38289746228019794,380
927,-0.7972720489435403,-0.3988502530961284,-0.7972720489435403,256,0.4189800081981616,125
928,-0.6796844805896569,-0.34032180884398144,-0.6796844805896569,256,-0.5157363223859761,293
929,-0.010031544632568057,-0.004627351090761067,-0.2905838361815256,128,-0.19612817997165166,393
930,-0.5590299872577589,-0.27973204298936594,-0.5590299872577589,256,0.41428876287616845,245
931,-0.5087151588448364,-0.25372849191606406,-0.5087151588448364,256,-0.3772209283900452,285
932,1.1346592058627607,0.5673694850395634,1.1346592058627607,256,-0.7399070917557538,217
933,0.26062924772639917,0.13077824575873365,0.26062924772639917,256,-0.22420602858483107,124
934,-0.591391427307741,-0.2955807951377949,-0.591391427307741,256,0.5132481045100405,153
935,-0.39617025776385617,-0.19765329602179804,-0.39617025776385617,256,0.3204434879886833,213
936,-0.5125449757847491,-0.25675280473654993,-0.5125449757847491,256,0.41516623865669544,201
937,-0.10574971320275495,-0.05309619455289294,0.12873984813762718,64,0.1870688098865685,209
938,-0.517524482362063,-0.2585864179002897,-0.517524482362063,256,-0.33446172992648826,269
939,-0.47651648560457716,-0.23824246617849099,0.5118746814732731,192,-0.525823240306579,310
940,-0.3249312764584147,-0.1616038494271379,-0.6075264792991248,128,-0.40958963276671057,411
941,-0.542717502471362,-0.27164125682048734,-0.542717502471362,256,0.45486893483581525,200
942,0.23128181840775142,0.11674611346521147,0.23128181840775142,256,0.21708550724400766,282
943,-0.00012556698845855863,-0.0004647518624665281,0.41049429373595103,128,-0.21988418185412684,303
944,-0.1003747784332063,-0.05008986888961431,-0.15072580785027867,128,-0.20417406808991245,425
945,0.3816070077419056,0.1913310485388422,-0.48673592301500435,128,-0.4196965602643843,137
946,0.37202700137160605,0.18556067583529057,0.37202700137160605,256,0.2971320863776441,286
947,0.27008311029408105,0.13511893070992187,0.41066578593500935,128,-0.4081857456740181,73
948,-0.5082983608006373,-0.25397688810593877,-0.5082983608006373,256,0.2852743554799133,253
949,-0.22010333481841826,-0.11002737180155009,0.24057487983768056,128,0.27390397035702563,227
950,-0.6827199640742379,-0.34087641797444235,-0.6827199640742379,256,0.5605551430266758,220
951,0.20319788414440154,0.10134018922781252,0.3658617967128066,192,0.41218430746880586,368
952,0.4335632245262673,0.21650842241109558,0.4335632245262673,256,0.5003120422271081,354
953,0.21734972221963744,0.10867418051350342,0.43837036133999163,128,-0.3747536848696029,118
954,0.0012198048618188295,0.0013256164306483242,0.7865710449778192,128,0.5764510452912077,416
955,-0.5838946452689413,-0.2914291456987712,-0.5838946452689413,256,-0.3771697039965147,325
956,0.8556266517424547,0.42720453135683556,0.8556266517424547,256,-0.4543452119188487,250
957,0.19654650787924766,0.09769509345670713,-0.7147791163717159,128,0.4542839892562256,374
958,0.5853345559870604,0.29414513332187653,0.5853345559870604,256,-0.48454579239803763,113
959,-0.16169207665075191,-0.0808478520775111,0.6155814839080023,128,0.43039260642518684,135
960,0.3253998827062219,0.1630325711435603,0.3253998827062219,256,0.34397659517617285,330
961,0.3301501362913086,0.16464205229823392,0.4902048961293417,128,-0.38289731408676175,102
962,-0.5105047592673202,-0.2548922674297671,-0.5105047592673202,256,-0.46528163571247205,305
963,-0.5294318900825203,-0.26464849550362146,-0.5294318900825203,256,0.41411399560490736,171
964,-0.09652953989990465,-0.04847283634376254,0.567941244533813,128,0.35709547000868724,140
965,0.12980231871875958,0.06575514784000802,0.4173705237229939,128,-0.30343354676629986,124
966,-0.37147899250069827,-0.1853782414420948,-0.37147899250069827,256,-0.35073120317053963,281
967,1.0768594535281864,0.5385011651221419,1.0768594535281864,256,-0.7163842162360083,147
968,-0.2504171513431004,-0.12525329319501566,-0.2539607275840723,128,-0.3203130997397352,411
969,-0.7492269408584207,-0.3748546939843891,-0.7492269408584207,256,0.40285377864668703,251
970,-0.09549229140313287,-0.047194521471283224,0.2820487092977544,128,0.23689437820394232,199
971,0.8548033166720757,0.42740223589268567,0.8548033166720757,256,-0.6352939745650019,220
972,-0.5395200348324636,-0.2702604960440169,-0.6709147534954809,384,-0.5188005326621123,408
973,0.1595654636342374,0.08031141658136676,0.41743042497000715,96,-0.42776994955349323,222
974,0.5752025405257086,0.2870574582741483,0.5752025405257086,256,-0.3650659823114495,174
975,0.6086543259905284,0.3038987056489191,0.6086543259905284,256,0.3442816549856502,284
976,0.18251638509514123,0.09144525634127376,0.18251638509514123,256,0.24403834172659344,282
977,0.38225599403062915,0.1912489410349565,0.38225599403062915,256,-0.26103598476629486,250
978,0.015180287915200097,0.007291388692124201,-0.39394438247461494,128,-0.33523054219301684,204
979,-0.6439209421509986,-0.3226404888261527,-0.6439209421509986,256,0.5889978503592772,196
980,-0.6964953611871181,-0.34842604437699265,-0.6964953611871181,256,0.453732211602329,249
981,0.4637297237977691,0.23257978679558278,0.4637297237977691,256,0.41372583603794055,368
982,0.4007859081684444,0.2012179810459429,0.5977465906369162,128,0.4074116602538993,386
983,0.7159697032645056,0.35749661764333496,0.7159697032645056,256,-0.45850043987218214,175
984,0.07376439395960688,0.03673441626727936,0.14528150712726529,272,-0.20209682108486504,173
985,-0.09806694318965015,-0.04827837888274189,0.2699623981175705,384,0.2912521835755797,164
986,1.2698039248640498,0.6354641213925447,1.2698039248640498,256,0.8945611009389154,280
987,0.12427411774285702,0.06276803349419424,-0.5523142713441587,128,0.48128121262169543,364
988,-0.22619384906212758,-0.11327041608635113,-0.22619384906212758,256,0.2612236809282962,101
989,0.20289933898237678,0.10131500654705405,0.43953427225909536,128,-0.3587053429740905,87
990,-0.19964431728647014,-0.09936528327844485,0.42297858119212606,384,0.4147838621161384,198
991,-0.13741891937968376,-0.06899317998113474,-0.15003236163209976,368,-0.1855234115870985,277
992,0.7497942048006507,0.3748352797690018,0.7497942048006507,256,0.4085172040112184,276
993,-0.19378615386980869,-0.09680724693001252,0.20668676282109288,128,0.23074894960134884,153
994,-0.33345037972006253,-0.1672453173354711,-0.33345037972006253,256,0.28936988001683517,194
995,-0.9845469954403256,-0.49230484739419467,-0.9845469954403256,256,0.5440503606295692,196
996,-0.4083289975752109,-0.20437172095267897,-0.4083289975752109,256,0.2561271931029978,119
997,-0.6544886810509922,-0.3271101837010235,-0.6544886810509922,256,0.4793710964895581,92
998,0.4240685266501316,0.21293738195672063,0.4240685266501316,256,0.37676876860263064,336
999,0.6215611409333519,0.31116899619246396,0.6215611409333519,256,0.45670931374473867,305
1000,0.13722219590437135,0.06918245825556824,0.23924075592921668,192,-0.1909700811131998,57
1001,0.3633634892854616,0.18255674544474232,0.3633634892854616,256,0.37661245791281317,399
1002,0.5306715128821793,0.2647824170371109,0.5306715128821793,256,-0.4255688098731696,171
1003,-0.0592814872504448,-0.02955022518676742,-0.3434417534546199,64,0.2028521299289423,63
1004,0.17658841334318254,0.08857341426363519,0.2071498864734167,384,-0.2645927716839651,119
1005,-0.17725897500935162,-0.08902247700314092,-0.7025051687465975,384,0.4213628291724234,125
1006,-0.5452934059350696,-0.27360149725279825,-0.5452934059350696,256,0.4135810651880121,107
1007,-0.3450365083197653,-0.17152815281448852,0.40252136609041145,384,0.4161377072088328,199
1008,0.5637598114714706,0.2823221300604928,0.5637598114714706,256,-0.50022049479972,178
1009,0.6347093472557788,0.3168288344261896,0.6347093472557788,256,-0.6782550089623669,172
1010,-0.22524821966749187,-0.11265514632540885,-0.7540555995393845,128,0.5220126664435725,116
1011,0.40021019689777404,0.19977982151715423,0.40021019689777404,256,0.31628817938906195,345
1012,-0.1438411842965195,-0.07134057922505121,0.4451552252628517,128,-0.31937035516011747,349
1013,-0.30236736899158245,-0.15096718024372535,-0.30236736899158245,256,0.17365689317364286,151
1014,-0.5338807288481178,-0.2668438389175094,-0.5338807288481178,256,-0.36799527609395,268
1015,-0.31717664397359613,-0.15869536102036363,0.4135246662577856,128,0.3425442104224601,224
1016,0.4457424170047375,0.22274011249578507,0.4457424170047375,256,0.510039811381148,424
1017,0.34089100414601603,0.17071473327166586,-0.6543747960152473,384,-0.6353704417144854,180
1018,0.5130866309415012,0.2561436269119213,0.5130866309415012,256,0.3481914852728778,305
1019,-0.6211690338381572,-0.3107053169393623,-0.6211690338381572,256,0.37888395985260104,235
1020,0.5636328070972354,0.2826187621573695,0.5636328070972354,256,0.448046199822727,282
1021,-0.021071395512365143,-0.010007091427496562,-0.33971232296909193,128,0.24100325726847416,115
1022,0.7175691137027229,0.359523170713544,0.7175691137027229,256,0.4688733621488268,418
1023,0.6372059367645022,0.3195513160979715,0.6372059367645022,256,0.5053604985174616,302
1024,-0.8152454199607178,-0.4068117409466083,-0.8152454199607178,256,0.40681174094663675,255
1025,-0.8373756217809785,-0.41812290216179804,-0.8373756217809785,256,0.5644846515193365,236
1026,-0.5593892511013223,-0.279307973986505,-0.5593892511013223,256,-0.36121409259311577,409
1027,-0.05183466803222814,-0.02609428329765251,-0.38999360353807333,384,0.29648442093684935,85
1028,-0.24815886703959222,-0.12404401161094825,0.2490623176814779,416,0.29326082804824694,102
1029,0.3284855317438087,0.1640604787846769,-0.40777802573052213,384,-0.4025307807085312,174
1030,-0.047938048597899297,-0.023755172501864763,0.26744092176153345,480,-0.26996486729035496,406
1031,-0.7973647849198073,-0.39819839532995616,-0.7973647849198073,256,0.5238227884479727,228
1032,-0.012774007799265519,-0.006181459280469426,0.5158037474886612,128,-0.26119814800375707,383
1033,-0.4015879517915266,-0.20045108868197303,-0.4015879517915266,256,0.389253625938494,179
1034,-0.589438347979808,-0.29497182687936174,-0.589438347979808,256,0.356367853900565,123
1035,0.20994342526617515,0.10505424031541111,-0.24693186379477083,192,-0.29886516488713255,231
1036,-0.6667247846246198,-0.33351278184613875,-0.6667247846246198,256,0.4605441272617554,93
1037,-0.3739519731311134,-0.18707784851793008,-0.3739519731311134,256,0.33480978115596827,201
1038,-0.20610519169079566,-0.10371409919764574,-0.7634795349117098,192,0.5008609384370004,163
1039,-0.7971111071714461,-0.3983251361749751,-0.7971111071714461,256,-0.7292005497537843,412
1040,0.22983729109824935,0.11546506307547588,0.22983729109824935,256,-0.23123689842904582,97
1041,0.5265209357380627,0.2631847449535485,0.5265209357380627,256,0.44513562882139013,419
1042,0.39396521946719076,0.1970797121443013,-0.4139716611181399,128,-0.42947596040789904,166
1043,-0.05979289529162202,-0.030240554362137573,0.5502422664437461,192,0.3912316152784854,82
1044,-0.18882871721487504,-0.09461047358939823,-0.18882871721487504,256,0.22254863906317723,147
1045,0.5849274044832384,0.2930631775769257,0.5849274044832384,256,0.4891714303115009,360
1046,0.2541429667975308,0.12814977039613495,-0.41441501027702543,64,-0.3248890452501314,100
1047,-0.2392288921178931,-0.11932285588605396,-0.2392288921178931,256,0.2759228005917578,77
1048,0.14651461664414,0.07275990893799644,0.5951838318891589,64,0.3521440509737772,448
1049,0.4344712899141996,0.2174773161754615,0.4534057545396877,128,-0.3800879049712904,122
1050,-0.33675260262845086,-0.16801985913679118,-0.33675260262845086,256,0.28452338191490867,104
1051,0.4930713340510806,0.24631227148830703,0.4930713340510806,256,-0.5771196530408531,160
1052,-0.08864688221325423,-0.04460099315036814,-0.2642816059628501,128,0.28818460784454203,89
1053,-0.13495320155482204,-0.06860865597860766,-0.15300349559839788,144,0.15102044258131286,111
1054,-0.21345126547447535,-0.10718308299004775,-0.835107672961044,384,0.5461240509919207,107
1055,0.4148482952648749,0.20773654735103264,1.0460247214999185,384,-0.6369240662654505,124
1056,-0.3620211770648609,-0.1806109139247951,-0.47476084682477904,128,0.36411039443107995,125
1057,0.10127952146609687,0.049782093601834276,-0.29047427344238486,448,-0.25443647766395827,96
1058,0.24674270955222255,0.12294242524927768,-0.4242309111488538,128,0.5422552119206898,305
1059,0.4381063849336897,0.21832076858078153,0.4381063849336897,256,0.23978997633719246,320
1060,0.04757817488581395,0.023786292936222253,-0.24327292332837658,64,-0.23628857845122297,198
1061,-0.12684584771548657,-0.06448306243714796,0.33201862259792847,192,0.3009882704508584,103
1062,0.3719425574494437,0.18623338587536864,-0.4526422306737743,128,-0.46443701867670484,216
1063,-0.10537516503254096,-0.052565954262291825,0.2345474823234781,320,0.2217955733720487,97
1064,0.3770146566037056,0.188627969176963,0.3770146566037056,256,0.29570504888039295,298
1065,-0.015613531899418831,-0.007869926653825132,0.3430645315480092,128,0.3056294506174311,229
1066,-0.31472729624852036,-0.15753394204315896,-0.31472729624852036,256,0.319097105840342,215
1067,0.6100654406640729,0.30506544016472503,0.6100654406640729,256,-0.36849997960305814,178
1068,-0.025625108892228354,-0.012727500965496574,-0.4639755059823756,384,0.37148165183388926,71
1069,-0.1385414171076036,-0.06930524394016402,0.4878277152059951,128,0.4847490511635897,147
1070,0.3330758528829847,0.16702809529988372,0.3330758528829847,256,-0.3489346041063186,231
1071,0.36566111710934024,0.1831007658828696,0.36566111710934024,256,0.22041184458652197,368
1072,-0.06832611724115623,-0.033189604506475234,0.09254423022503033,176,-0.1391718836068776,427
1073,-0.3205200363901497,-0.16020165058665725,-0.3205200363901497,256,-0.30828377943061014,375
1074,0.9790395900823228,0.4891935892117658,0.9790395900823228,256,0.6150056184370101,266
1075,0.23582499941605306,0.11787003984255762,-0.4439650095404204,288,0.4830353460436072,349
1076,0.058086871463132184,0.028903084046476124,0.5986389828889855,384,0.37848961261897784,412
1077,0.7672762319504045,0.38322255674296457,0.7672762319504045,256,0.5461227191830176,330
1078,0.11774264641530863,0.058182337151038155,-0.2886917309047021,128,0.22890865395442006,361
1079,0.35674508560407503,0.1781987234227813,-0.5613097695871403,128,0.6555864328011012,338
1080,0.7002812590976646,0.35017182472256536,0.7002812590976646,256,0.3849547239586286,259
1081,0.33472374725170084,0.16781801967673005,0.33472374725170084,256,0.20959320896474765,392
1082,-0.40275980694880786,-0.20104996071981418,-0.40275980694880786,256,0.29273316658226634,117
1083,-0.32732548427304664,-0.16348236239869607,0.4017392527518382,128,0.37418301733271164,184
1084,0.34113206440019894,0.1708679335756642,0.34113206440019894,256,0.3117037979658335,416
1085,-0.23469696992310674,-0.11707466774947761,-0.2715047372893764,128,0.21765453335766693,45
1086,0.07933192435402248,0.039299856979198466,0.267521501936443,128,0.23133503417852808,410
1087,-1.009463647362935,-0.5045881326781227,-1.009463647362935,256,0.5211030075046779,222
1088,-1.0529798126597711,-0.5266102554409144,-1.0529798126597711,256,0.5595005482030047,223
1089,0.20371551271321664,0.10231524307300788,0.3360580962076938,384,-0.29564295396864537,58
1090,-0.6073524102108081,-0.304271108311184,-0.6073524102108081,256,0.4574082335292644,148
1091,0.8684451113281568,0.4338815144389514,0.8684451113281568,256,-0.6039872184540229,235
1092,0.47410536961248795,0.23668234645714392,-0.4778755539125541,320,0.49538148102561763,318
1093,-0.31718960379612327,-0.1587550859330804,-0.42904969055206266,384,-0.43904196173070886,425
1094,0.17708158134220753,0.08843932536416332,0.3631593503833983,224,0.33763598986161014,288
1095,0.11761644983710084,0.05871033919453339,0.6592362536349583,128,-0.4543267959355717,106
1096,0.3305313573187618,0.1654158908812633,0.3305313573187618,256,-0.33643695575264587,182
1097,-0.546870240134183,-0.27306044760834425,-0.546870240134183,256,0.3980594802571886,171
1098,0.4794687662299282,0.23959103561594475,1.176154137656738,384,0.7077292391372794,384
1099,0.16595537083767908,0.08337167822281799,0.24308997195825555,224,0.2537181711161338,421
1100,1.2650768006779458,0.6330494605153376,1.2650768006779458,256,-0.7142557079062897,246
1101,-0.7173113652413292,-0.3585149819342348,-0.7173113652413292,256,-0.6627299885960838,347
1102,0.2913226514782252,0.14527747527762358,-0.4123280663262108,384,0.5075042221330364,311
1103,0.6848862285140171,0.34209981895838837,0.6848862285140171,256,-0.5693660261578657,143
1104,-0.06292509342389963,-0.03183525747579097,-0.18552552403500044,128,0.12105998869351708,43
1105,0.01872878180941484,0.00975134026748492,-0.17930408777021967,384,-0.22410283561134747,141
1106,0.8963830784326206,0.447714958876702,0.8963830784326206,256,0.7804880872721469,307
1107,0.631910948855193,0.3153953267353131,0.631910948855193,256,-0.3453601590213964,250
1108,0.47329396862227213,0.23731876821057085,0.47329396862227213,256,0.36602646094149804,415
1109,0.9575398548756766,0.47973880580209993,0.9575398548756766,256,0.7594539598038637,322
1110,0.3602693160540298,0.18002960411411095,0.3602693160540298,256,0.3114406985467326,354
1111,-0.5621946593645362,-0.28097400129891525,-0.7125543585114684,128,-0.5062411126418738,385
1112,-0.3741514870438323,-0.18767629547892284,-0.3741514870438323,256,0.30149758112148106,203
1113,0.26379774268389156,0.13184290930547604,0.26379774268389156,256,-0.2788929960941573,179
1114,-0.559727227485979,-0.280047328415975,-0.559727227485979,256,0.4053452782550835,93
1115,-0.5037094060510583,-0.2516703774521716,-0.5037094060510583,256,-0.39028033839775844,405
1116,-0.34478122563646707,-0.17164184346205502,0.42723619505113675,320,0.4335968646366126,96
1117,-1.114326425531317,-0.5570693530987683,-1.114326425531317,256,0.5992461164036058,243
1118,0.3390178206655037,0.1695468509196587,0.3390178206655037,256,-0.2002174145382014,214
1119,0.28953432293755554,0.14379574507853476,0.28953432293755554,256,0.3105976208638026,331
1120,0.4077408204190647,0.20355094341397262,0.4077408204190647,256,-0.3213045934621448,108
1121,0.06601621966251514,0.03280009754303137,-0.32898902286780185,320,-0.3908013041010463,201
1122,0.5822955017443974,0.29099163492821845,0.5822955017443974,256,-0.5437545962289505,206
1123,-0.3384839113885221,-0.16952940684208784,-0.3384839113885221,256,0.2916040541577445,133
1124,-0.2554137504739913,-0.1274976729884827,0.2997912463202397,384,0.3628501969363924,152
1125,0.40154591869446676,0.20120279723923318,0.40154591869446676,256,0.29986665643843935,262
1126,-0.4500343584261657,-0.22554248565114676,-0.4500343584261657,256,0.40144155339757503,98
1127,0.2178126877537352,0.10921260110245612,-0.44694286120945037,128,-0.38120465572370676,183
1128,-0.14768111124504912,-0.07346879387716854,0.40865613912014,128,0.4321631253145881,232
1129,0.369923340000355,0.18418134454179835,-0.43483335749800744,384,0.5228617221782201,295
1130,-0.08427566463359426,-0.04226065802430412,0.42476721737665457,192,-0.31278386304035166,318
1131,0.7999229527387115,0.39963992563025386,0.7999229527387115,256,-0.5551586946179725,119
1132,-0.2835487009390931,-0.14260987621645427,-0.38030654162372457,32,0.41635747231373443,223
1133,-1.4386704860580153,-0.7195432449785244,-1.4386704860580153,256,-0.7439897257617645,259
1134,0.1850676833949194,0.09332713078975985,0.2939924521021169,224,0.3566893356986043,425
1135,-0.2244618043770572,-0.11298646831141923,0.24520576064441002,192,0.3232804522274648,229
1136,0.45382807780566736,0.2277632849804263,0.45382807780566736,256,0.449889743124686,340
1137,-0.26280484328816556,-0.1315908832347077,-0.26280484328816556,256,0.24669080541522703,203
1138,-0.15117254355715204,-0.07523660174751967,0.3140798934392137,128,0.3642086258430197,163
1139,0.10346728209975709,0.05165649039571463,-0.20986436684201237,128,0.2553522610680261,342
1140,0.10552641058723111,0.0526749654784453,-0.28579879818784093,128,0.2350736379549403,356
1141,1.0495158256223078,0.5243630807163413,1.0495158256223078,256,-0.5869562039652578,233
1142,-0.2847261120869291,-0.14220166834186898,0.4424136904866174,128,-0.3580566950939783,311
1143,-0.14265426014856075,-0.07161246400505661,0.43964983474052133,384,0.27969485946132977,193
1144,0.437844385087061,0.21874264605770577,0.437844385087061,256,-0.32475413920911933,190
1145,-0.5930756362589307,-0.29704931846595173,-0.5930756362589307,256,-0.4140279385295571,293
1146,0.4779936292025013,0.2391355139560858,0.4779936292025013,256,0.45028476304889864,334
1147,-0.18355867196004283,-0.09224011076167926,0.30080962092313257,224,-0.28553606888743843,471
1148,-0.5433194041264642,-0.27126853567330045,-0.5433194041264642,256,-0.3604962203187938,401
1149,-0.5043294671561398,-0.25176390524291037,-0.5043294671561398,256,0.33243426284241195,244
1150,-0.6127977419697572,-0.30709423966470695,-0.6127977419697572,256,0.3769154262318466,123
1151,-0.16110869604608524,-0.0815861756524896,0.26798335654706307,128,0.27826812988337224,195
1152,0.6109732077619867,0.3051354161942754,0.6109732077619867,256,-0.4167001580333931,240
1153,0.15883966267858796,0.07934254896900939,-0.5977948623157658,288,0.5936823634031612,351
1154,-0.4870465085483886,-0.242569872387719,-0.5630635993691158,128,0.4773679818840151,103
1155,0.5067461001871152,0.2532208142416721,0.5067461001871152,256,-0.28396476343721133,123
1156,0.4200695441695643,0.2102454351801839,0.4200695441695643,256,0.325911693621606,282
1157,0.5445749674952935,0.27310738148690916,0.5445749674952935,256,0.36818462136574226,406
1158,0.38026264304303936,0.19019300087467172,0.38026264304303936,256,-0.31927096619338613,154
1159,0.8885711215185665,0.4437268147153759,0.8885711215185665,256,-0.5671537380446239,215
1160,0.5276874975468218,0.2627992661750227,0.5276874975468218,256,0.6957348245128969,344
1161,-0.16414902958121047,-0.08257693541230537,-0.37497033675640523,128,0.36790798528716095,87
1162,0.17647532569441182,0.08737690582125879,0.35936075411453317,192,0.2534781043889325,448
1163,0.3681666143110647,0.18438053083340833,-0.5135415734530966,128,0.39962246265309886,354
1164,0.5853949094194206,0.29335462897921616,0.8192590656255447,128,0.5868320756518983,400
1165,-0.1693912833291904,-0.08487183696036027,0.24988455934257559,128,-0.32045167180064027,297
1166,-0.1003346296605514,-0.050155653805092015,0.3523250470169046,416,0.2915884971178002,162
1167,-0.33992751862678006,-0.16991697311843268,-0.33992751862678006,256,0.337497596784317,110
1168,0.18206785879371523,0.09135952592987451,0.4200178242402899,384,0.37807486866529416,428
1169,0.5542258343694471,0.27651666359423643,0.5542258343694471,256,-0.5131112404820044,162
1170,-0.5243292040423171,-0.2622927229752463,-0.5243292040423171,256,0.4255280369591503,206
1171,-0.46469750047890557,-0.23316544784853477,-0.46469750047890557,256,0.5203373934601814,140
1172,-0.2611898950926559,-0.13073913061927556,-0.2611898950926559,256,0.23865579486673028,220
1173,0.15650783819668845,0.07766309298887109,0.46674552664254065,128,0.28408555261654556,385
1174,0.1412068863974696,0.07088844308191256,-0.680137564487552,128,0.4663510864733098,366
1175,0.5596195709375991,0.27978835404991287,0.5596195709375991,256,0.4160142405919487,304
1176,0.36871903787383076,0.18508972990500183,0.5678084962195271,384,-0.4815043436385338,102
1177,-0.3432489212948724,-0.1712584185175956,-0.6617023398932389,128,-0.43895655008998347,389
1178,1.042060699078263,0.5214166928244879,1.042060699078263,256,0.6048415066010193,276
1179,-0.47050344716885206,-0.23551598133977336,-0.475173804682413,448,0.37844772744193733,174
1180,0.8202684400983742,0.40952517775934894,0.8202684400983742,256,0.434517206963676,384
1181,-0.03319677596178394,-0.016884703311291105,-0.6251176187632268,192,0.4745070905049502,61
1182,0.298901609836264,0.14949736356794574,-0.4571457453168932,320,-0.4778865755695847,196
1183,0.04688527877269166,0.022984049640228932,0.12912673608718706,200,-0.1193747472011637,197
1184,0.014482395597269715,0.006887704511882475,0.5469864745275999,128,0.3143575621929813,401
1185,0.09069097434689866,0.046641848156582455,-0.25866662433276133,328,0.21434520807332547,390
1186,-0.22692543037302926,-0.11363112661476293,-0.3312033832583836,128,0.35886198200830677,53
1187,0.37627677376249835,0.18879963487711393,0.37627677376249835,256,-0.2609999070876512,126
1188,-0.10482902713417275,-0.052428742389480476,0.26407485484696736,128,0.2712040761666117,170
1189,0.6970949786726237,0.3487641424144101,0.6970949786726237,256,-0.40477061220761357,186
1190,0.04194482281303635,0.020842489887400006,0.25593449799271184,288,-0.26754293578545685,158
1191,0.217246081884781,0.1086161602306106,-0.24367579233236825,128,0.22211255258514484,372
1192,-0.04573262884892415,-0.023345249395788414,0.32173825820240154,192,0.2585822054817015,194
1193,0.062476527301384976,0.030813312671909898,-0.25838369066832456,416,0.2016065452870066,471
1194,0.4340072267445976,0.21686155300540122,0.4340072267445976,256,-0.23127977561711077,237
1195,0.029248952179131038,0.015180220076246087,0.20297901151644737,320,-0.18818712603825816,158
1196,0.2910190853396841,0.14464414394052483,0.2910190853396841,256,0.2288596511006631,287
1197,0.26491022863834246,0.13283057480097682,0.26491022863834246,256,-0.21857991042270442,146
1198,-0.4094188228383189,-0.2048533588646535,-0.4094188228383189,256,0.3135623950407478,102
1199,0.22220027017380062,0.11098047450008153,-0.7853257435594969,64,-0.5561150555587915,208
1200,-0.08782777391994046,-0.04378027304511534,0.24925535397774468,96,-0.25327032327567167,283
1201,0.45629047707979,0.22794897544127934,-0.4957333603147305,128,-0.46124674442918945,204
1202,-0.5660490137450722,-0.2826616312221688,-0.5660490137450722,256,0.505764612376737,155
1203,0.20719705962261514,0.10362006669856783,0.20719705962261514,256,0.21051503353527323,327
1204,-0.8285419027330647,-0.41494263062148207,-0.8285419027330647,256,0.49641577857340735,219
1205,-0.29201251169155285,-0.14710055490053264,-0.29201251169155285,256,-0.28991383899489165,316
1206,0.8571250920464593,0.4290851279998549,0.8571250920464593,256,-0.4408256609424086,215
1207,-0.9067675906580916,-0.4540000753582092,-0.9067675906580916,256,0.7222638888228516,222
1208,-1.0213259794742555,-0.5097783951974861,-1.0213259794742555,256,-0.8412742029663036,357
1209,-0.34441866779130237,-0.17185674711299725,-0.34441866779130237,256,-0.26783309756172,291
1210,-0.2469773604911154,-0.12359760281103149,-0.2469773604911154,256,0.30658183526736593,217
1211,-0.18377485272009153,-0.09170091657975377,-0.18377485272009153,256,0.18167656449361402,245
1212,-0.24282486538592707,-0.12030577964750933,-0.24282486538592707,256,0.2695570620824128,179
1213,0.14399387839449673,0.07245088070914107,-0.2968790397725698,64,-0.31671691631362364,204
1214,-0.47606235213623904,-0.23797203484804186,-0.47606235213623904,256,-0.3249888271636223,293
1215,0.3298426598892661,0.165051443607382,0.3298426598892661,256,0.2956285778772667,412
1216,0.3024034688864674,0.15183792751901137,-0.5178954849731099,128,-0.4527391873955935,141
1217,0.31953436828149506,0.15990358278685335,0.31953436828149506,256,-0.23453336828231386,244
1218,-0.017783162068127467,-0.00928385591737424,-0.8597579121672538,128,0.5016867251837169,122
1219,0.18463114634781164,0.09247955479207803,-0.49124708041478016,128,-0.5302797316416843,156
1220,-0.2804772217788809,-0.1406129858197005,-0.2804772217788809,256,-0.26214313322782345,285
1221,0.20899397821452226,0.10457270104794247,-0.44846290658836097,352,-0.5560110569441292,161
1222,0.2921088783031962,0.1461588941129719,0.47193558932102064,128,-0.3373821781538737,110
1223,0.22644533667678957,0.11327045856623386,-0.414507773604214,384,-0.3819980058790975,154
1224,-0.3494588201434681,-0.17439924439810284,0.4833290693943013,288,0.41151158681719835,224
1225,-0.2044295776764784,-0.1022104803117827,0.42224669731319864,320,0.347492039116716,75
1226,-0.4857071657294796,-0.24271557657502285,-0.4857071657294796,256,-0.4169914650842088,339
1227,0.1599989683823253,0.08038228948510096,-0.38167719144632883,320,0.4213913983921316,412
1228,0.15415801847109378,0.07690488231736481,-0.4008608306375976,128,-0.342402925723178,144
1229,-0.12677836300218814,-0.06300711326747432,-0.20795430675752868,96,0.27033059604201526,152
1230,-0.10681163304209917,-0.05317889898802264,-0.2854522689194141,384,-0.2078028079321257,453
1231,0.0014934725336956944,8.790229099986391e-05,0.43613417469124727,128,-0.32148851827074054,62
1232,-0.3586373503199525,-0.17923311181314716,-0.3586373503199525,256,0.31175947649668956,44
1233,0.006276136320707337,0.002630177841410841,-0.23675131698433916,352,0.19357560469268265,476
1234,0.1817914277499142,0.0915234350702292,0.6822291880626636,64,0.7045496639512976,334
1235,1.1716716895461445,0.5867612565843956,1.1716716895461445,256,-0.7783562350095394,227
1236,0.428935688229501,0.2141399392375547,0.428935688229501,256,-0.3264170682706009,84
1237,-0.45600876990820893,-0.22714075523671795,0.5257285020093434,128,0.5078932469892266,194
1238,0.5142577971325579,0.257335298183051,0.6793859086118914,384,0.5312642597216382,404
1239,-0.3454925731053038,-0.1730145227540163,-0.3454925731053038,256,-0.28155152182938536,397
1240,0.5282626208771148,0.26414158569420465,0.7139322096394949,128,-0.5408314372215557,104
1241,1.0968071802325312,0.5491209070498826,1.0968071802325312,256,-0.9082677182642556,186
1242,-0.149461138645961,-0.0745283970350954,0.18767307884047568,128,0.20092693499174175,166
1243,-0.4724606747485325,-0.23734541566182088,-0.4724606747485325,256,0.36965736620908274,208
1244,0.13836474749331273,0.06904524804673429,0.26684389116856266,64,0.2678794020326336,469
1245,-0.21942164229471928,-0.10874325405629293,0.4334134145200039,128,0.33842097051763176,151
1246,-0.39055219836279775,-0.1951065716786502,-0.39055219836279775,256,0.4019539503912313,195
1247,0.7551063614052111,0.3774113226399436,0.7551063614052111,256,-0.44710696657483595,238
1248,0.9481667781046781,0.47419964199903575,0.9481667781046781,256,0.5846655208288212,384
1249,0.34257154745722573,0.17145819363022952,0.34257154745722573,256,0.3933319966640738,313
1250,0.2844165967606216,0.14249628924613944,-0.4060027846620642,384,0.3601735252188405,300
1251,0.05910765836591736,0.029135905573696164,-0.6688670707498545,64,0.40500319437660437,446
1252,-0.7530987530848847,-0.37645242874390306,-0.7530987530848847,256,0.4948518723644497,224
1253,-0.635635253076714,-0.3170911079074301,-0.635635253076714,256,0.4137805457526156,117
1254,0.6745517668727246,0.3369794269352724,0.6745517668727246,256,-0.4771026717918403,234
1255,-0.617443557472825,-0.30815989216978323,-0.617443557472825,256,0.44683766636518385,101
1256,-0.18715804989264484,-0.09298545258923241,-0.34188471762854533,384,0.2926630316792682,124
1257,-0.525167853160724,-0.2633931378670127,-0.525167853160724,256,0.3584510236827896,202
1258,-0.7539799072655455,-0.3774863134336215,-0.7539799072655455,256,0.545938173801062,164
1259,-0.186157629136801,-0.09330304539156486,-0.5755549609993551,128,-0.41719777120181334,393
1260,0.34269049564619536,0.17156090663806367,0.34269049564619536,256,0.37518941190535315,328
1261,0.37945891538925025,0.19007387512866103,0.37945891538925025,256,0.223207364842267,404
1262,0.1726061004039252,0.08737538924694377,0.7369963771496941,288,-0.6318073760373863,155
1263,-1.0049852114607916,-0.5021352487715092,-1.0049852114607916,256,0.5566952991503342,187
1264,0.1602086684726487,0.07992030601354827,0.36969551634336995,192,0.31915429573422216,453
1265,-0.661511764252225,-0.33047736313065457,-0.661511764252225,256,0.4319577327233901,191
1266,0.5189165067831709,0.2597292628086336,0.5189165067831709,256,0.4672675681896976,282
1267,-0.05261885499177765,-0.027151738139423287,0.5900550074745752,384,0.3824803847674332,137
1268,0.7336649063100538,0.3669310463333204,0.7336649063100538,256,-0.43498401341082626,234
1269,-0.18794384529354602,-0.09432059990859898,0.2661583843166113,448,0.3169218008083732,87
1270,-0.031272833551582835,-0.01709269028390281,-0.609338430640264,384,-0.3902313078854718,422
1271,1.141085303770808,0.5700243300723855,1.141085303770808,256,-0.6900484132327733,248
1272,0.1739175282833969,0.08633916182344592,0.1739175282833969,256,0.22052910047943897,343
1273,0.1821566827161405,0.09011935945363803,0.43789698235519836,128,0.3517904636555045,419
1274,0.43467964152591776,0.21695747890203165,0.43467964152591776,256,0.2644817556319481,277
1275,0.005443455556189747,0.0030640226795810577,-0.2222530978858117,352,0.2343553518030035,348
1276,-0.1306918844776419,-0.06483219753161507,-0.614391691408585,128,-0.3936631289835759,417
1277,1.3051980307241706,0.6524562779159737,1.3051980307241706,256,-0.6569138705347655,246
1278,0.44988388680761204,0.22446935406293278,0.44988388680761204,256,0.41097796397991715,318
1279,0.37421094561076984,0.18748860736528172,0.37421094561076984,256,-0.24391969344179643,247
1280,0.058662162513059,0.029602097922577286,-0.15006938628448552,320,0.19389853347217922,438
1281,-0.09163991036095354,-0.045731360673727295,0.31448227207607715,384,0.31588391280828887,199
1282,0.29544313801864064,0.1465720141271163,-0.658837036980529,128,0.4725048711872546,317
1283,0.5466248431281997,0.27237249295609445,0.8730805779118072,128,-0.6991461859908554,122
1284,0.4076395434485107,0.20352686175499457,0.4076395434485107,256,-0.25753468572050053,94
1285,0.2809924625155702,0.14071641478122388,0.3943447040231405,64,-0.37871428031772325,180
1286,1.2282335027998386,0.6144278135583932,1.2282335027998386,256,0.7068168451217502,324
1287,0.13834221690643744,0.06899456763699163,0.13834221690643744,256,-0.19546417369883784,148
1288,-0.45114023337023923,-0.22584003828629307,-0.45114023337023923,256,0.36267760223374523,115
1289,-0.06082565533648676,-0.03069865814984496,-1.2365364171232756,128,0.6863041992701966,123
1290,0.015823449989255778,0.008140233115511819,0.3844553473311123,192,-0.3836001799864448,172
1291,0.03228106179102497,0.01581019207509371,-0.24421484311812947,384,-0.2247580413679202,140
1292,0.053088721592615684,0.02676280685395227,0.468189447402267,352,-0.36188477145105935,215
1293,-0.6867360789273391,-0.34393322990510455,-0.6867360789273391,256,0.4274035418383164,251
1294,-0.07262478062671107,-0.03659635247379356,0.1415232757115632,320,0.14681845221133472,231
1295,0.4324816055522547,0.21631291982592415,0.4324816055522547,256,0.38088869335638265,326
1296,0.14202404559398474,0.06960876350404988,0.3648599785903457,320,0.2796417963118074,451
1297,0.4384306808065048,0.21957423741119442,-0.6828681835024781,192,0.5115444460510048,308
1298,-0.10973650039301219,-0.05509795312775623,-0.19689216016001865,232,0.2803688399193476,103
1299,-0.3671173886121153,-0.18413471816910487,-0.3671173886121153,256,0.4161941425093403,203
1300,0.23928516438775205,0.1197730007091593,-0.5003212557155763,128,-0.35253343954016714,141
1301,-0.5184988330269107,-0.2587940563190898,-0.5184988330269107,256,0.5095606714451719,179
1302,-0.13875640917365217,-0.06899228376988731,0.6881557460234831,352,0.6120841038679146,160
1303,0.2738251463497363,0.1377597109213582,0.2738251463497363,256,-0.3124276663810406,206
1304,-0.3478780572349933,-0.17394266078707687,-0.3478780572349933,256,0.28873777872284734,58
1305,0.8484688497562161,0.42425566537320947,0.8484688497562161,256,0.5120530457147083,386
1306,-0.2964464565284288,-0.14870589356138453,-0.2964464565284288,256,-0.24440886598921452,307
1307,0.5313104199468626,0.2656044822854824,0.5313104199468626,256,-0.492490449923622,226
1308,0.6804406882911849,0.3403882578252535,0.7313835337899377,128,0.5480487802324774,390
1309,0.13139831513240097,0.06536761152807458,-0.4065990109014592,128,-0.4294535005739135,153
1310,-0.6695588553028529,-0.3346997548836157,-0.6695588553028529,256,-0.43157017649230056,263
1311,0.07232945580267369,0.03650054198044472,-0.28169265218191697,128,0.27921751365261116,370
1312,0.244865099695744,0.12310299149751813,0.3663538633236385,64,0.31937512171123217,330
1313,-0.21975129851350061,-0.10920499677570206,0.27294022493219927,448,-0.23612733063407632,441
1314,-0.1424989327330195,-0.07170142191944251,0.32629640987298103,192,0.3510898453164799,82
1315,-0.04341904875275304,-0.02204238314362783,0.3997012373510671,128,-0.3451445104644222,343
1316,0.36780150465133943,0.18373202205305006,0.36780150465133943,256,-0.29434145839491066,122
1317,-0.2562589036213012,-0.12804702704332271,-0.2562589036213012,256,0.2882620777582474,156
1318,-0.4862381638292561,-0.24311709346352472,-0.4862381638292561,256,0.34496942063711344,181
1319,-0.48498629681162697,-0.24219608859056052,-0.48498629681162697,256,-0.3369513693382373,339
1320,0.4084152853914702,0.20432608805984387,-0.7438981709109385,128,-0.6411443250826494,144
1321,-0.4747692275671227,-0.2371824025567264,-0.49111848597436847,128,0.4020915345137155,121
1322,-0.10988183959955222,-0.05463239771572148,-0.897267141388852,128,-0.541839917581342,409
1323,-0.17365884362342854,-0.08666589319759055,0.2579065394086868,64,0.2986784972261063,72
1324,0.18205393550385907,0.0908951298752072,-0.3160854550167187,384,-0.35733787783362914,170
1325,0.19792336628108842,0.0987633988609673,-0.29402459529134006,64,-0.2652247059955357,198
1326,0.08273265022768328,0.041490497852493036,-0.2518745902433466,400,-0.23946857641016095,182
1327,-0.08754584878209926,-0.04365243173177191,-0.16997930804303962,128,0.24948492118767263,105
1328,0.1980930082573309,0.09877341597132272,-0.5389961841943887,128,-0.42314852415250925,156
1329,-0.4250136329080192,-0.21230040173603015,-0.4250136329080192,256,0.2849286250093712,216
1330,-0.1889087345747953,-0.0939647068284728,0.38288042173275016,320,0.35338964058610145,80
1331,-0.3436030544775974,-0.17128098854189489,-0.3436030544775974,256,0.2896854606410102,211
1332,0.6952184121642233,0.3486878068650867,0.6952184121642233,256,0.44960137298852487,327
1333,-0.686614088328696,-0.34292398538681823,-0.686614088328696,256,0.6903426935082564,192
1334,-0.29498396312175146,-0.14788442087132125,-0.3569648226444002,128,-0.284093425650326,420
1335,0.26552416025700154,0.13236009825266137,-0.6287738278536779,128,-0.5233708475794288,163
1336,0.10322495267431009,0.051035055345096225,0.4467549779011222,128,-0.4006833855039815,97
1337,0.23799988912293202,0.11914907313934009,-0.2852846778386038,96,0.3104600185860136,284
1338,-0.3718746488079603,-0.18667390098119085,0.5633031322240356,128,0.5824279270404986,139
1339,-0.15503558187322142,-0.07752678363411292,0.345632318860396,384,0.4039998923982182,153
1340,1.190707416164912,0.5954961174160758,1.190707416164912,256,0.604258477121391,281
1341,-0.9503435269538159,-0.4749196023250022,-0.9503435269538159,256,0.6283599490125766,86
1342,-0.6198857994288005,-0.3094536327820663,-0.6198857994288005,256,0.4144632906669017,206
1343,1.097457860542562,0.5487890439729313,1.097457860542562,256,0.6308824206861914,282
1344,0.2373936961244567,0.11827723518109678,0.2373936961244567,256,0.2225242319653944,470
1345,-0.8557020207347819,-0.42709569638446965,-0.8557020207347819,256,0.42974464719773664,231
1346,0.4377650069851029,0.21921384359771423,0.4377650069851029,256,0.2933331545227702,333
1347,0.6229448784712872,0.31110603118474955,0.6229448784712872,256,-0.46586997743406755,168
1348,-0.6692253907990562,-0.3343170354133065,-0.6692253907990562,256,-0.4480190305243923,275
1349,-0.24814342758713792,-0.1241085712733252,0.43963260384643377,160,0.3410849870116408,224
1350,-0.3764469507368631,-0.18836154517097725,-0.3764469507368631,256,0.4764724662369417,211
1351,-0.4409724117350322,-0.22021809353049093,-0.4409724117350322,256,0.28254480140675753,94
1352,-0.455683072154045,-0.22810455201550894,0.5523177082797588,448,0.3957534946632819,70
1353,1.2842220193399498,0.6401912248429653,1.2842220193399498,256,0.672907688432872,266
1354,0.0965510348540306,0.04825994942916623,0.28578975866730616,320,-0.22574269155865068,188
1355,0.22349283922591212,0.11145749785674752,-0.44888760422628593,320,-0.3095818807901196,196
1356,0.3103879884193361,0.1554681493270209,0.3103879884193361,256,0.34107420407315203,329
1357,-0.06556840712056555,-0.032494260953058074,-0.2632641462418235,96,0.33617462773841567,147
1358,-0.1574206544618164,-0.07858247206641522,0.3110196079198033,192,-0.32345656656895017,299
1359,0.10489403003506936,0.052588679021965845,-0.3315327584815009,352,-0.35845562462495195,102
1360,0.07108615930718543,0.03603173251002545,-0.44074509190579647,192,0.35937669856986076,415
1361,0.05186555681981986,0.02650248821078094,0.4667303746866196,128,-0.40158606301615407,110
1362,0.9377558134214041,0.4690462713113277,0.9377558134214041,256,0.6305159125074056,271
1363,-0.4080010165617409,-0.20550084407568647,-0.4080010165617409,256,0.3112810680140399,150
1364,-0.1940075170081741,-0.09784566515958204,0.3923490253944806,128,0.38243836381650453,188
1365,0.05076525384461661,0.025351550813525137,-0.25701491420738876,352,-0.22165144187829355,227
1366,0.48915863148073413,0.24335465830637304,0.48915863148073413,256,0.4045517529116296,458
1367,0.10992067864870592,0.05519768490955812,0.32215165787403066,128,-0.34974460960246745,82
1368,0.2449018754911947,0.12195107149341311,-0.4643817697802035,128,-0.35197575459827135,150
1369,-0.7304394203287927,-0.3649198564096139,-0.7304394203287927,256,0.45198463085296225,250
1370,0.49521338321963526,0.24692491192320176,-0.9187618622246987,128,-0.7884101328372424,169
1371,1.0800673790735686,0.5408664236955758,1.0800673790735686,256,0.5707728184217444,272
1372,0.1204618960375683,0.06019148735362023,-0.258247434328041,336,0.2971396840747502,331
1373,0.31171358235789626,0.1551224914101681,0.31171358235789626,256,0.19780092545778416,305
1374,-0.26414147363090024,-0.13259732133496982,0.3133835125969995,128,-0.24501945407087078,363
1375,-0.3321874885069178,-0.16595100217759295,-0.4608004862414532,384,0.37557654254554507,91
1376,0.4089498374293896,0.20477741041958097,-0.4826531913427061,320,0.49724595241167435,416
1377,0.15650097414106767,0.07808216152130854,0.22745946737910572,320,-0.2416333752431683,152
1378,-0.1862692027518733,-0.0935977955754197,0.6271188907806646,128,0.4022568366446819,131
1379,-0.030787068262924322,-0.016133025151020775,0.4587919916338876,128,0.2747599236811311,181
1380,0.24889651521496603,0.12439463963096387,0.29466590628510403,96,-0.3806782186227906,81
1381,-0.2958849481483128,-0.1477679469921327,0.332000108465607,128,-0.30661656409398574,365
1382,-0.48824899697766,-0.24428945754667097,-0.48824899697766,256,0.37372665382613945,233
1383,0.25140514464456487,0.12527069985173966,-0.5441948170694104,448,0.4464457097146237,434
1384,-0.3948555645955878,-0.19731344867258827,-0.3948555645955878,256,0.41516268733479933,150
1385,0.9792855176281137,0.4894314936614137,0.9792855176281137,256,-0.6311898013103416,158
1386,-0.5411525175115912,-0.27097202501977335,-0.5411525175115912,256,0.3389351893736716,190
1387,0.49713922056366755,0.2488100428541884,0.49713922056366755,256,0.3195911273410843,390
1388,-0.05575194734299771,-0.02780486083227629,-0.4360360156341727,128,0.3092185110324408,82
1389,0.24265729587528995,0.12069780049279188,0.3044509939742852,320,0.3466915612227126,362
1390,0.14302018705279806,0.07142151383112605,-0.3811501710368361,448,-0.29092733391286174,204
1391,0.4348588008968477,0.21735222675846444,0.5763778939460167,128,0.4855820750349835,419
1392,0.6835124282430627,0.3417996756031698,0.6835124282430627,256,-0.6232342338105354,144
1393,-0.11718794962604306,-0.058181561965426454,0.48094466125581903,384,-0.36794196597242035,359
1394,-0.554803166214441,-0.277277917148524,-0.6322574619946408,384,-0.4642731377080054,385
1395,0.03224429672451379,0.016127570336720964,-0.2609628496523584,128,0.1873856677036656,318
1396,0.2678376429372804,0.1337080612941577,-0.4634815350521535,448,-0.42139879578994055,212
1397,-0.6631520148072525,-0.3317189595331058,-0.6631520148072525,256,-0.5099699955154051,393
1398,0.02767919207946079,0.014052515379006536,0.5287305651758913,128,-0.38508537998292525,104
1399,0.11709115259469627,0.058377876850443045,-0.2673777324749693,128,0.2579234327880613,358
1400,0.7851255509320652,0.3924076674736625,0.7851255509320652,256,0.41301049476419394,290
1401,-0.1798517700750608,-0.09058446219387406,-0.3451270782730944,320,0.31266721606610304,169
1402,0.49922658202271464,0.24920039939649996,0.49922658202271464,256,0.33579803457081425,325
1403,-0.4081279085341407,-0.20463372711338934,-0.4081279085341407,256,0.33281634579282127,104
1404,-0.2466809672899899,-0.12290728448854793,-0.2466809672899899,256,0.2671565717852218,172
1405,0.23023116302925928,0.11527677462171937,0.323378332958157,128,0.35023885073326255,412
1406,0.17252466160778113,0.08662279258621197,-0.6014512019749674,128,-0.49091300908330027,142
1407,-0.40561494932669007,-0.2022092368050039,-0.40561494932669007,256,0.29793756116123404,227
1408,0.29891371593620875,0.15013021457096443,0.30561347419288154,192,-0.3417345879288973,167
1409,0.21006454094475657,0.1054936796518291,-0.3343863475515718,384,-0.2638248481710548,164
1410,0.3361384059851673,0.16795209913084364,0.36188677601103336,192,0.3614376899827221,342
1411,0.6324755098905541,0.3163923764252843,0.6324755098905541,256,0.40619044509679725,339
1412,-0.21949272317198165,-0.11028082914612014,0.5073543477353155,448,0.38969999568379876,201
1413,-1.2232800108600657,-0.6118921417458978,-1.2232800108600657,256,-0.6588217089608861,289
1414,0.7248930940395439,0.36179068954913873,0.7248930940395439,256,0.48664494854631357,362
1415,0.18605527379685327,0.09205071425623146,0.4337845803392497,384,-0.3552720695723508,110
1416,-0.44977613527885296,-0.22495541631474225,-0.44977613527885296,256,-0.44387311982904976,329
1417,-0.3938103979843959,-0.19621963816774723,-0.3938103979843959,256,0.4291066634960998,158
1418,-0.10773864436509939,-0.05419888947221807,-0.29795871781539063,176,0.31592766922977944,170
1419,-0.13506434238587417,-0.06726722410877528,0.32949145307804883,416,0.3327469121781803,160
1420,-0.21080976410902963,-0.10642861524581804,-0.29464668184079557,64,0.3323796130367498,178
1421,0.15962440852490545,0.07934953708308967,0.38577931059330695,352,0.3087208457608881,292
1422,0.6577033457835455,0.3291718839848272,0.6577033457835455,256,0.454194802582208,288
1423,-0.08985794472414455,-0.044840178096620775,0.8585013304871296,128,0.5031742669297614,177
1424,0.19857864688455606,0.09934980309688513,-0.3562690741372876,128,-0.2785578125371444,196
1425,-0.05303209452446822,-0.026586584994504392,0.37367436809537935,128,0.2657352515630578,135
1426,0.2786012698461775,0.13978851712329288,0.49938345681596275,320,-0.4676624968108172,182
1427,-0.2958180263379404,-0.14812327173902418,0.43663343039744973,128,0.440234384650239,179
1428,0.05468432167458559,0.027424575119141537,-0.5345711157378332,128,-0.40602372223759176,153
1429,0.14448552630997824,0.07217435771593728,0.14448552630997824,256,-0.16695802904135348,210
1430,-1.0856231418805464,-0.5433405323041427,-1.0856231418805464,256,-0.6944168091285405,296
1431,-0.20124459332288325,-0.10124887680944994,0.23552743679914556,192,0.33112262128929615,217
1432,-0.510932143677195,-0.25564606705611936,-0.510932143677195,256,0.36470222159179855,127
1433,-0.23261071233096686,-0.11617321136844794,0.3283084807080172,288,0.43077968654787924,162
1434,1.1940649038619426,0.5975401147591697,1.1940649038619426,256,-0.8598324799666841,206
1435,0.8073727214601263,0.40376537701152415,0.8073727214601263,256,-0.5012177928526285,250
1436,-0.032324439690228246,-0.016105973173608845,0.39791135807746514,96,-0.3601252401718398,405
1437,-0.34967368976958824,-0.17506767474435492,0.8518018817873099,320,0.63311099125238,193
1438,-0.45211869776520075,-0.22626273241513672,-0.45211869776520075,256,-0.3934405861367054,327
1439,-0.3663801369027908,-0.18286418819383243,-0.3663801369027908,256,0.20213172352447373,223
1440,0.31964553324655753,0.1602092639153625,0.31964553324655753,256,-0.22154385679644406,226
1441,0.40388657169745557,0.20146891722595228,0.40388657169745557,256,-0.24407126411597346,237
1442,0.4929516316101683,0.24717319697191442,0.4929516316101683,256,0.4100847875636191,348
1443,0.5607956055357022,0.28048402729206146,0.5607956055357022,256,0.3084784045051947,264
1444,-0.2821401008662292,-0.14053747642086023,-0.2821401008662292,256,0.26252731179255306,193
1445,0.2926768357179981,0.14626790473170104,0.2926768357179981,256,0.3761786661443125,275
1446,0.2362923814033877,0.1181477120476302,0.2362923814033877,256,-0.2144706878580962,230
1447,0.3919196943708698,0.1956585269218749,0.4139112461345462,128,0.35458803645650505,432
1448,-0.5116049796037885,-0.256790223910059,-0.5116049796037885,256,-0.3380933540644264,401
1449,-0.5114164664809095,-0.25634105229983106,-0.5114164664809095,256,0.4803854523613609,171
1450,-0.21515339490193242,-0.10685438254799351,0.5395707359276685,384,-0.34422345547625355,363
1451,-0.05182671010160789,-0.02625343949728176,0.1490610790309006,272,0.18958259349857087,113
1452,0.09581435221841161,0.04794516251803316,-0.4413523918600504,384,0.3407728953048945,344
1453,0.10836330334711874,0.0544233252357742,-0.57599299172918,128,-0.4381927079206207,156
1454,0.1982088190678155,0.09877845755221415,0.40714737490414876,64,-0.29850618347222735,62
1455,0.3943751194818219,0.19688115419887708,0.3943751194818219,256,-0.3293811392976522,232
1456,-0.27384876872355335,-0.1372344623736126,-0.27384876872355335,256,0.21741416061499308,220
1457,-0.4251831176574683,-0.21286201240567948,-0.6779916657750391,128,0.5563332470487694,115
1458,-0.0906757860768721,-0.04466225872189966,0.25665859995162066,64,0.23068713266843588,207
1459,0.14355202684586743,0.07121580231739699,-0.5504396093693629,128,-0.3515275285175221,133
1460,-0.09774296709949226,-0.049244559531359755,0.24679340718489584,384,0.27186144958983505,136
1461,-0.777414022680091,-0.3886452022898652,-0.777414022680091,256,0.5027800241654461,228
1462,-0.32741621097389384,-0.1631637254913585,-0.32741621097389384,256,0.2924080341957165,174
1463,0.004018000345894279,0.002743932541562799,-0.4915669610906832,128,0.39503430053321154,358
1464,-1.2163387079332324,-0.6084469029587751,-1.2163387079332324,256,0.7192478033303331,126
1465,-0.4004890284353735,-0.20079262929090191,-0.4004890284353735,256,0.3327806006716685,244
1466,-0.06568092339813347,-0.03315512450518554,0.28029328143112764,128,-0.2187693498933072,362
1467,-0.21041124911161546,-0.1050020928505262,0.903040577445779,128,0.5859275718130164,165
1468,0.18751201852765575,0.0938505031304544,-0.5136191751061645,64,-0.3909887313389504,194
1469,0.5143695260643426,0.2570857900045098,0.5143695260643426,256,0.49515658898678794,398
1470,1.096631405394561,0.547294813261999,1.096631405394561,256,-0.7357582249075847,194
1471,-0.10692741391969207,-0.05338147398822457,0.6670285722568252,128,0.36147502558398514,129
1472,-0.7107417815137183,-0.3557317408837264,-0.7107417815137183,256,-0.400831620441636,257
1473,-0.657084976988159,-0.3282038765322568,-0.657084976988159,256,0.48560212882017595,229
1474,0.09050719116169148,0.044890611439825534,-0.24032603293483135,480,0.264667419104228,410
1475,-0.29511283629571494,-0.14755683532322905,0.36496883254375234,128,0.3518813707227082,162
1476,-0.6068074699494161,-0.30380521611823497,-0.6068074699494161,256,0.5052735103597286,199
1477,-0.4386822085326685,-0.21939621506214735,-0.5970684583740535,384,0.45447706014513756,121
1478,-0.44156111422702793,-0.2207546823588018,0.5909359292660383,384,0.47801457664215263,170
1479,-0.20751609393275317,-0.10364798044773238,-0.24860620686527568,192,0.29031843434088955,166
1480,-0.07489823837886433,-0.03715700263916233,-0.36142204933628364,320,0.40347729121739917,184
1481,-0.20543716843874904,-0.10195656641960227,0.29668536243815424,112,0.40868292283897745,212
1482,0.06331643376668694,0.03099672914521534,-0.35397442787507316,192,-0.30014157559295995,193
1483,-0.024044183617974113,-0.011570337317635904,0.37870324839116165,480,0.3475170263329517,35
1484,0.92507074960605,0.46231386646593364,0.92507074960605,256,0.519701604182103,268
1485,-0.06984438578055574,-0.03485118613306781,-0.4514739553740128,384,0.4052205427014428,108
1486,0.3265261676486091,0.16354343628185575,0.3265261676486091,256,-0.29104997329906723,225
1487,0.8245775691563608,0.4122711830604544,0.8245775691563608,256,-0.4782385165475489,250
1488,0.3688350215096534,0.18429032316913663,0.3994677127884074,384,0.5243479943563898,423
1489,-0.5059696384926724,-0.2535469905450327,-0.5059696384926724,256,0.36967938411575574,242
1490,0.580059585906298,0.28996440625468267,0.580059585906298,256,-0.46767995883828917,183
1491,-0.1780715515705822,-0.08921682152890753,0.20014151112638956,264,-0.25208906627790384,263
1492,-0.008032041439150817,-0.004352732962956907,-0.3186407419932493,384,0.2522826044925779,118
1493,-0.4617903524936082,-0.23117893393094846,0.47253920435908014,64,0.5795333328690333,204
1494,0.33541964069249275,0.1682746467785705,0.33541964069249275,256,-0.30020934516102216,229
1495,-1.1453608113035045,-0.5720160988324778,-1.1453608113035045,256,0.6005756382122343,254
1496,0.28450383082571307,0.14260508257717674,0.28450383082571307,256,0.2957986453570811,390
1497,-0.03332045649085558,-0.01617675346528813,-0.5924907846365954,192,0.361944265319039,185
1498,-0.40060250813002085,-0.20012244587260852,0.42947461621551497,128,0.39566191824496855,141
1499,0.07403902204691803,0.03701263543615596,0.47651186571465587,384,0.3385013880154588,395
1500,-0.9058834310792747,-0.45326056955423155,-0.9058834310792747,256,0.4950248402168711,250
1501,0.8193611727529628,0.40947304768860704,0.8193611727529628,256,0.5350760929368334,324
1502,0.08766766366113643,0.04298527628418469,-0.32752680127794065,192,-0.3364083855125273,232
1503,0.12012368729469358,0.060068223446535285,0.1508175459373433,320,0.13966265142556722,473
1504,0.5926039622590906,0.29632730053199907,0.6516236032273923,384,-0.5776655679062088,120
1505,0.2650770530636919,0.13172418708683153,0.2650770530636919,256,0.22666300688604224,330
1506,0.026687992474137445,0.012833105990353033,0.7207844725571135,384,0.48785108895361873,416
1507,0.4392737334016772,0.21924165134635132,0.4392737334016772,256,0.3942644425415551,287
1508,0.09033501020067547,0.04517876727200587,-0.30978305170140175,128,-0.3210073448082369,180
1509,1.0251524927959963,0.5121880496437257,1.0251524927959963,256,0.517461149586552,272
1510,-0.20201094386681007,-0.10131415938673172,-0.20201094386681007,256,-0.19831417390707884,323
1511,0.8102371961483072,0.4056373698499556,0.8102371961483072,256,-0.6273562475896028,216
1512,0.25228324798675317,0.12673031731722517,-0.3682111703977853,128,-0.5076684346364573,157
1513,0.025745841982285356,0.012912332927726311,-0.27745120429347736,64,-0.2276441121891537,70
1514,-0.32985394569715254,-0.16542948323149176,0.33324566259911137,128,-0.4335303496486631,291
1515,0.08656677099094168,0.04317111288497699,-0.4162848122912237,192,-0.3054366135105795,196
1516,0.605355455003405,0.30247387388283187,0.605355455003405,256,-0.39386562700136096,237
1517,-1.0375852915791768,-0.5177439573761831,-1.0375852915791768,256,0.5735611795606985,177
1518,-0.21105243626359993,-0.10610949608849296,0.5600882774588172,384,0.43331977535609667,145
1519,-0.22970187282410848,-0.11487113241125257,-0.22970187282410848,256,-0.25896006551528217,331
1520,0.43364904578416485,0.21606644732173663,0.43364904578416485,256,-0.2517269192775018,244
1521,-0.344517445291757,-0.17112123918477096,-0.344517445291757,256,-0.30080789870783065,419
1522,-0.43853123617734013,-0.21922656142956498,-0.6119805989442284,128,0.42086756519242385,126
1523,0.18375868053715294,0.09311690137255368,-0.19717888475963719,416,0.23858018028062133,470
1524,0.44776578945550227,0.22398070223201216,-0.604436585214728,384,-0.5570097014424391,218
1525,0.2462157205431197,0.12226612906709988,-0.452907905786077,128,0.41419337230348674,301
1526,-0.24197261627710986,-0.1209249748799266,-0.3727565798194803,128,-0.32121143656956974,428
1527,-0.16275786724213503,-0.08121287789620624,0.25724192755808417,384,0.28105875042959383,210
1528,-0.357594435123616,-0.17820199545187165,-0.611650692466867,128,-0.4867159407412487,420
1529,-0.04521727454249458,-0.022728885964227175,0.3733771766785594,192,0.24494805597824154,66
1530,-0.06812230042561396,-0.034527750481686326,-0.2795628888412125,288,0.3029565331357844,153
1531,-0.04014365616825444,-0.020888538191627504,-0.2102261889792203,128,0.18411901249402263,55
1532,-0.2968243927539902,-0.14848019451576988,-0.386215910421015,384,0.4027193896963155,115
1533,0.030912993258880306,0.01501237803688582,0.28541578093035014,416,0.21799634678933444,419
1534,0.18372518236253654,0.09211160205467195,-0.4979089971376993,192,-0.31336574774218207,208
1535,-0.6038751019513597,-0.3016062595497999,-0.6038751019513597,256,0.5008221671116786,122
1536,-0.2514319852788276,-0.12555188846505416,-0.332567074654321,384,0.2927600716194263,99
1537,0.3792189032690203,0.18920578778045183,-0.38850255195279715,64,0.32279837703509884,439
1538,-0.083401423807544,-0.04168928676318728,-0.3046498440829737,192,-0.2720305238657943,454
1539,-0.5703741813674696,-0.28490763577858047,-0.5703741813674696,256,0.48461979444837766,195
1540,0.36516795682533143,0.1820320628979175,0.4732819926543641,128,-0.40425877942041666,120
1541,-0.9768756163280159,-0.4872402217844183,-0.9768756163280159,256,0.6151569942940966,230
1542,-0.17178851828830943,-0.08652554495756704,-0.29827776617901236,384,0.26403162809955916,92
1543,-0.2720885851482251,-0.13587517091613677,-0.375790288674267,128,0.28546069753122083,121
1544,0.3317504762875956,0.16533059896659097,0.4035746062977523,128,0.3862756714119655,398
1545,-0.09129131549542535,-0.04523537935335753,0.6331804884223402,128,0.5039019738902368,166
1546,-0.5128454384646091,-0.256219685796907,-0.5128454384646091,256,0.4274033210592165,164
1547,1.211323515344759,0.6059710982484319,1.211323515344759,256,0.6484268059564329,260
1548,0.3154612732645319,0.15738106736461077,0.3154612732645319,256,0.3643401777238182,427
1549,-1.008467456537943,-0.5044528620566666,-1.008467456537943,256,0.6075344140166408,148
1550,-0.35786898444706594,-0.17940498943454486,0.6750927203067931,128,0.5100141528456561,133
1551,-0.260313221613103,-0.13064904682141787,0.5701382957087162,128,0.4591712961731389,147
1552,0.30383299463022695,0.15185777958913604,0.5456753206868967,128,-0.4125771770452076,120
1553,0.251187448101291,0.12486858447533677,-0.29225434332236944,128,-0.2963119553087381,139
1554,-0.4013614590379575,-0.20064382445349338,-0.4013614590379575,256,0.4936525914677361,163
1555,-0.031132842701481422,-0.015430465815398975,0.5553875661682923,384,-0.39501817316664756,361
1556,0.4836609598294501,0.24239529431923756,0.6103747807565014,384,0.4833847981535655,417
1557,-0.832175922330407,-0.41586309498651985,-0.832175922330407,256,0.6381521828152188,216
1558,0.7596873207633621,0.3804684690408351,0.7596873207633621,256,0.4499214877133113,286
1559,0.531252477921214,0.2651738624536506,0.531252477921214,256,0.5183745998175482,322
1560,0.04698404449715099,0.02343209615332853,0.24599460113745408,320,0.14887587790769885,320
1561,0.24359723113786913,0.1219404449320507,0.5963453437304906,128,-0.40107293929020216,122
1562,-0.6462104159238322,-0.3230447758717503,0.6660727467262433,128,0.6649729804218509,143
1563,-0.2863338042221244,-0.14329653355616756,-0.2863338042221244,256,0.24516120116808793,170
1564,-0.6107928265639657,-0.30523125012706487,-0.6107928265639657,256,0.36759799843207475,163
1565,-0.23641148843734072,-0.11820259438263747,-0.44326028792592354,128,-0.2900366440854327,417
1566,0.257307541343323,0.12845627809537064,-0.4084919869603709,384,-0.5113501936650096,141
1567,0.06597078703620696,0.03346853017404783,-0.2935305249135922,384,0.2813335526025753,343
1568,0.516755629485516,0.2584851117740925,0.516755629485516,256,-0.38142407873647244,217
1569,-0.9255227031129039,-0.46322751688580865,-0.9255227031129039,256,-0.5463183425243301,277
1570,-0.10938398913236824,-0.0543226077920167,0.36898542329913653,224,-0.35991691094966427,345
1571,-0.5595892955067825,-0.279465574330203,-0.6301008867080782,384,0.5596774455565168,122
1572,0.01070506797231019,0.005043209278483118,0.528936958692384,128,-0.33528721120926264,102
1573,0.5882848909096765,0.29396129851630803,0.5882848909096765,256,-0.41993740277592906,158
1574,1.0369325688189974,0.518066391286311,1.0369325688189974,256,0.7306371658934836,299
1575,-0.07849461520891055,-0.03981278802950783,-0.29779952758065065,384,0.2347150073092763,92
1576,-0.11268485603056888,-0.056598107762567906,-0.32738596477850024,384,0.2524212419085359,113
1577,0.40724755004220015,0.20308526575394126,0.40724755004220015,256,-0.33532270247548013,92
1578,0.12444270373217137,0.06230188290092542,-0.4916590234836917,128,-0.37252858598216676,142
1579,-0.17982118235076427,-0.08983948329114355,0.23783204252509904,384,0.24131810579834223,145
1580,-0.8023990356498132,-0.4018987947210064,-0.8023990356498132,256,0.40478753183262484,253
1581,-0.06452286976195865,-0.03210944548575867,-0.1470417058844049,128,0.1773496291373391,90
1582,-1.3290335006454086,-0.6647569840613698,-1.3290335006454086,256,0.6780491501285439,190
1583,-0.36388754334342366,-0.18260018256353305,-0.36388754334342366,256,0.28453811850357624,246
1584,-0.5839255805216794,-0.291495767867076,-0.5839255805216794,256,0.4259547325083872,232
1585,1.3344331953923074,0.6670891340697835,1.3344331953923074,256,-0.6868794547169159,247
1586,-0.75501212921057,-0.3780146488748528,-0.75501212921057,256,0.6567395611246241,227
1587,0.9123156634778411,0.45627670338885196,0.9123156634778411,256,0.5094317880005406,278
1588,0.2641911450110115,0.13261248562236005,-0.29834256748399923,64,0.36250159695953243,304
1589,-0.19879917674691683,-0.09971911780280607,-0.2650399572513038,64,0.2224981224323983,158
1590,0.35851076613050736,0.18004358897792372,0.35851076613050736,256,-0.25314134728330373,212
1591,-0.3936515350313812,-0.19659461333449713,-0.3936515350313812,256,0.29939420126392235,124
1592,0.5815533825522152,0.29080916220434005,0.5815533825522152,256,0.5370483886082411,334
1593,-0.2916787571653572,-0.14585726114171393,-0.2916787571653572,256,0.3256096024648656,115
1594,0.5104240211275339,0.2550603343216835,0.5104240211275339,256,-0.4752793502371162,209
1595,-0.0336126045845333,-0.0175484634517602,-0.2481443890267201,32,0.23889601905059976,154
1596,-0.06531053474103032,-0.03269287340930305,0.8317259348220318,384,0.43217179807686534,128
1597,-0.20579917763291178,-0.10266445448613126,-0.4179760130421073,384,0.3836187125287296,107
1598,-0.30188493712159925,-0.15069580190851184,-0.438342189989271,384,-0.3766051428120818,400
1599,0.027281609557434194,0.01369911206006691,0.326203974982775,384,-0.2521497304756224,100
1600,0.44921973978227925,0.2243447004337895,0.44921973978227925,256,-0.2901433467551726,188
1601,-0.011369995047260772,-0.005520737647259466,-0.45909860507663325,320,0.3881697437484206,170
1602,-0.7503612038747178,-0.37571770048302255,-0.7885296915587787,192,0.6877181959766574,183
1603,0.4839156782088878,0.24190722009348065,0.4839156782088878,256,-0.43565888236696537,208
1604,0.5371557829053586,0.2679769181796132,0.5371557829053586,256,0.3957163138638293,352
1605,0.1868732448509718,0.09314399333044321,0.3955230176379132,128,-0.24404087638913552,127
1606,0.8231756658707354,0.4118489470513964,0.8231756658707354,256,-0.49758931138262597,242
1607,0.2491123799798629,0.1240440093598636,-0.3107805001006909,320,0.29176827341910894,410
1608,-0.779665293517013,-0.3900219780648797,-0.779665293517013,256,0.5345907940658208,184
1609,0.3346651956568678,0.1677911843269726,0.3346651956568678,256,0.2687683396863463,408
1610,0.5888504842485816,0.29433757058831134,0.5888504842485816,256,0.38630723383340637,384
1611,-0.22456322327334988,-0.11192481712413382,-0.26424184240221393,288,0.2875779655244344,207
1612,-0.6308531125015122,-0.315103248265757,-0.6308531125015122,256,0.3510445832146445,222
1613,0.8848215159383699,0.4424215225467947,0.8848215159383699,256,0.45652277297153887,258
1614,-0.05427263291753093,-0.02672539214430003,0.1870881988075439,448,0.14311866069672874,81
1615,-0.31721382431084066,-0.15855286233110633,-0.31721382431084066,256,0.3003164426619662,141
1616,-0.33111552775514497,-0.1656410165799116,0.5785540809014833,384,0.564292486467366,148
1617,0.15318336532152443,0.0755749664533596,0.23917329860046266,192,0.22177405806456818,332
1618,-0.32047700232678267,-0.16021285662108653,-0.32047700232678267,256,0.4410559445950355,167
1619,-0.33358093646486964,-0.16610655925896367,-0.33358093646486964,256,-0.3209730606033645,322
1620,0.03608923621575855,0.01797986839915211,-0.5405557211769292,320,-0.3331161460121166,197
1621,-0.2678979816139133,-0.13440025700930391,-0.34618247947798864,384,0.34222138983896855,79
1622,-0.4884214300768406,-0.2437697523454574,-0.4884214300768406,256,0.4371805858868214,113
1623,0.5302902818806388,0.26456104851172313,0.5503485090677671,64,-0.5823557578850966,190
1624,-0.9742416524960333,-0.4872374009749194,-0.9742416524960333,256,0.4872374009750047,255
1625,-0.5292905340318441,-0.26453658653827006,-0.5292905340318441,256,0.5125317916145775,179
1626,-0.6937890625973466,-0.34637464404127627,-0.6937890625973466,256,0.4225987185248812,221
1627,-0.6694741098380348,-0.33548350101131064,-0.6694741098380348,256,0.34379385931836737,253
1628,-0.7966369023372977,-0.3991669709222947,-0.7966369023372977,256,0.564783179662669,149
1629,0.02969815580354407,0.015105868518048737,-0.23344092528247984,384,0.17072211238161117,348
1630,0.4885488875294186,0.24377115358748824,0.4885488875294186,256,-0.3311376947140161,233
1631,0.7312404982413909,0.3658026141351911,0.7312404982413909,256,0.5520004552259365,316
1632,0.3202568888116275,0.1609574019856268,-0.4660036507214613,320,0.49800932316031776,296
1633,0.09019816209195142,0.04539005957212794,-0.2694288533001554,192,0.17621612682461318,317
1634,-0.3967723691702929,-0.19920001108152974,-0.3967723691702929,256,0.36937397611484357,161
1635,-0.6636005512031034,-0.33215346124814005,-0.6636005512031034,256,0.4665975434920995,206
1636,0.4364044258305171,0.21833256872915285,0.4364044258305171,256,-0.25807674054033214,250
1637,0.011412051956995128,0.005613765255873204,0.4910631104843475,64,-0.33821612836006665,41
1638,-0.08309568345077878,-0.04077845055107332,0.23285372766497403,272,-0.2563639029638125,334
1639,-0.2767936958998689,-0.1384731122659275,0.3517205931985927,96,0.33738788070527903,227
1640,-0.01401925547881433,-0.00800445414108708,-0.5688291511069394,128,-0.3495331295002302,391
1641,-0.39695179871034725,-0.1987365632566025,-0.39695179871034725,256,0.28062990907983476,248
1642,0.5707574303581282,0.2854771759592438,0.5707574303581282,256,-0.6340898232685106,216
1643,0.7882507559632472,0.3935906431181593,0.7882507559632472,256,0.6429294789602977,290
1644,0.693842307119894,0.34707228903590703,0.693842307119894,256,0.36853541477955787,258
1645,0.5976071833392211,0.29850405512536327,0.8795762489562549,128,-0.6115457903866286,125
1646,0.07594945852699198,0.038834740815673285,-0.7025443232866309,64,-0.4063392856427157,68
1647,0.03253535950824471,0.016347956712195355,-0.24759009128459297,192,-0.29999771884018855,214
1648,-0.01537113722002914,-0.007228794845360653,0.4207694191482716,128,0.3246283104328995,182
1649,0.31768849130116905,0.15872223538946173,-0.46362122973562236,128,-0.3277218500304855,134
1650,0.1946681212641579,0.09772901003907464,0.23930993393628341,448,-0.21475359890485635,57
1651,-0.17345632276592937,-0.08588211390133438,0.35533634523847013,448,-0.3367332373246086,411
1652,0.06473215944149047,0.03244130465634498,0.24995754613343024,304,-0.20507320864717826,239
1653,-0.2624129444374148,-0.13112952813906986,-0.2750423980052119,480,0.28096652204934003,222
1654,0.1369824124482193,0.06832114920194954,-0.5831663522868666,128,0.43283754079863,359
1655,-0.5146859368805679,-0.256642728424481,-0.5146859368805679,256,0.4749127081074107,187
1656,-0.16429345865094547,-0.08145528985750161,0.3070283785694983,416,0.2738098905002744,164
1657,0.1733703528972228,0.08661769567675037,0.5011606554236323,128,0.39632032201473066,394
1658,0.04442603721111027,0.022253562877381228,-0.33333589285297194,64,-0.3052127167294145,76
1659,0.1136679548079087,0.05646994499295488,0.4016793552631839,384,0.2731451559253628,390
1660,0.5608508573047857,0.2799727789529243,0.9736907429355028,384,0.6900803594194826,386
1661,0.0591724941154439,0.02944495305956707,0.18361793121192704,384,0.18909570530786368,396
1662,0.403686376480465,0.20246394886379449,0.403686376480465,256,-0.5654769797616552,182
1663,1.109527525071826,0.5547241224658706,1.109527525071826,256,-0.5900943420738258,250
1664,0.36822542439171,0.18308167834010192,0.36822542439171,256,-0.3296236151925882,177
1665,-0.2487726830156589,-0.1241702304648129,-0.3933034364725927,384,0.2712546574507684,126
1666,-0.3213198689182093,-0.16088591391289242,-0.3213198689182093,256,0.25311498015042844,174
1667,0.10809719124722506,0.05410888506312972,-0.5323431139077002,128,-0.39488895978138316,134
1668,1.4133716358727497,0.7065882295516417,1.4133716358727497,256,-0.7188991589124782,254
1669,-0.3728717774028212,-0.18610590748221512,-0.3728717774028212,256,0.4096807119794619,178
1670,-0.43615240662384736,-0.21808960818563605,0.5043206147864794,128,0.4911631954155382,150
1671,0.6468833227671382,0.32222878266804855,0.6468833227671382,256,0.4717550352886519,457
1672,0.6595858104794843,0.32941869478918306,0.6595858104794843,256,-0.4165184560995385,215
1673,0.22339938350830835,0.11185320210682903,0.35594485953396315,160,0.342975788478725,352
1674,-0.11930532768786861,-0.05969962164215303,0.4972085169558227,128,0.4686203735684842,149
1675,0.11125404258010008,0.0560405061835354,-0.20905388071429343,384,0.18223116780677628,365
1676,0.12909631695362123,0.06413382071724527,-0.3271083715202394,192,-0.2947149745089348,202
1677,-0.4183797914380989,-0.2085321144196257,-0.4183797914380989,256,0.30604395542854945,203
1678,-0.015961605774492682,-0.008278309196384726,-0.13528573054543358,292,0.15105339797078443,91
1679,0.38273363457233245,0.19189172618058592,0.38273363457233245,256,0.3251363943356296,338
1680,-0.8039522141008888,-0.4014146187114136,-0.8039522141008888,256,0.5273597023676757,149
1681,0.025160826900048505,0.01243760538142169,0.21695676255649232,128,0.23948482612712496,408
1682,0.8209340615287886,0.41008316024721125,0.8209340615287886,256,-0.4766990241077025,124
1683,0.6402060007223156,0.3197952733418674,0.6402060007223156,256,-0.5913108352952179,110
1684,0.005446816634105289,0.0022791362837324414,-0.1319255906038279,448,-0.14106267064289568,198
1685,0.7231052512390477,0.36176901542222595,0.7231052512390477,256,0.5174160193136572,286
1686,-0.4889504882516178,-0.24403721085914754,-0.4889504882516178,256,0.26302266997828383,249
1687,-0.4911229624601674,-0.24663916930700225,-0.4911229624601674,256,0.3670679224521223,246
1688,-0.29238456044609507,-0.145918466568844,-0.29238456044609507,256,-0.30199456578611716,295
1689,-0.3306841442969244,-0.1652882636273887,0.4727476894080951,384,0.41682241459378133,157
1690,0.6885849558541679,0.3454730670558206,0.6885849558541679,256,0.6050964484508654,307
1691,-0.8198074071049746,-0.40982990895176385,-0.8198074071049746,256,-0.473233692069698,284
1692,0.0339035821079392,0.016879349705220648,0.6091474884884747,384,-0.3175368830948315,126
1693,-0.29213819103139826,-0.14548930337798538,0.3843675902249828,128,0.44775060865052296,203
1694,-0.059670675341948254,-0.030246773217584177,0.5619033472120236,384,-0.3658687609448066,372
1695,-0.07325725466262156,-0.0360622696542805,0.29622667140847625,432,-0.2906396583131823,491
1696,0.07922220880089981,0.040344054554225295,-0.37730040070783843,64,0.2832787363874445,427
1697,-0.0329440824291396,-0.01677880378321106,0.7097874611881707,224,-0.42431555807388577,415
1698,-0.026225919327202973,-0.0130067270839902,0.5100345577429692,64,0.3534787488520834,69
1699,0.24567749557115803,0.1227754088652091,-0.4153881506476864,384,0.3880454478600086,370
1700,0.16601936178170718,0.08275755585492561,-0.37466806612820847,128,-0.31735492731536397,195
1701,0.645686579916287,0.32248681109064137,0.645686579916287,256,-0.6009573574944795,190
1702,-0.07476644774050101,-0.037882718419325556,-0.3373212682119586,64,0.2841912718797772,51
1703,0.6318219592785681,0.31658772197221197,0.6318219592785681,256,0.42639791578062614,281
1704,-0.25995880742826216,-0.13015464608113803,-0.7762651279702624,128,0.49670879475797847,93
1705,-0.5373087332646946,-0.26928307619908765,-0.5373087332646946,256,0.424775328936704,211
1706,0.5655247345648036,0.2836980999400396,0.5655247345648036,256,-0.51957466271503,203
1707,-0.2983995337676788,-0.15010911892073864,-0.2983995337676788,256,0.3062295125916137,210
1708,0.40700942531259443,0.20418986993752242,0.40700942531259443,256,-0.2977532556546123,58
1709,0.2291772870720763,0.1143915549034773,0.2291772870720763,256,-0.19201585546673527,124
1710,0.7635792282613068,0.38090685779673095,0.7635792282613068,256,0.4133063970856483,320
1711,-0.29557324833558596,-0.14804787612234804,-0.29557324833558596,256,0.26240234840582843,231
1712,0.6506015755886665,0.32558020070359817,0.6506015755886665,256,0.44118895736153263,431
1713,-0.8798783576647509,-0.4399303625902746,-0.8798783576647509,256,0.5488504046256821,241
1714,-0.22519970297196323,-0.11303444774046056,-0.22519970297196323,256,0.23361554682765018,217
1715,-0.06545457603027671,-0.03294363310135395,-0.39537789327708595,128,0.31121156686424456,53
1716,0.18490482620256898,0.09260787625575517,-0.3370120647201702,384,-0.3440237905074355,156
1717,-0.9868726168303112,-0.4938426205318365,-0.9868726168303112,256,-0.4982066364468096,261
1718,-0.549739287300639,-0.2744507350979859,-0.549739287300639,256,0.5129351500627308,170
1719,-1.043302849834845,-0.5219546135340067,-1.043302849834845,256,0.5359644177468681,253
1720,0.6901627599251015,0.34514487291914975,0.6901627599251015,256,0.679921573953493,352
1721,0.6524222428263897,0.3257407314941929,0.6584475298382131,384,0.5341704573842208,400
1722,0.23006715457970017,0.11564190928999096,-0.35498796385742537,32,-0.36568421012492536,234
1723,0.3266254353417537,0.16296383177774487,0.4717299576699929,320,-0.40676198283199483,182
1724,-0.19345122131113612,-0.09682289527808052,-0.4530036487513627,128,-0.35390229109953,423
1725,-0.01738482807391506,-0.008739483024328365,0.22281216045018937,320,0.19697889017329828,84
1726,-0.08331926208006735,-0.04144316790890912,-0.32451975711560976,128,0.2049761136161692,118
1727,0.814397637050206,0.40740044700808653,0.814397637050206,256,0.6067834459125265,285
1728,0.5654073528701247,0.28302497965023576,0.5654073528701247,256,0.56183787021439,334
1729,0.285942789315925,0.14276054599065446,-0.37783026953263743,352,-0.31340496220678915,230
1730,0.44082054692989914,0.22062475088159772,0.44082054692989914,256,-0.4501288493173661,179
1731,-0.5070885633827231,-0.2536427995399606,-0.5070885633827231,256,-0.5730419166150114,334
1732,-0.06395068234439805,-0.031628218824408805,0.6613596616603843,128,0.42867658148378496,141
1733,-0.5201038574094525,-0.2596978070743887,-0.5336031482053869,128,0.44226378959395163,112
1734,0.01643128356147372,0.008578752010265589,0.44840448040088177,128,0.3019219843912424,390
1735,-0.3127924827478239,-0.15612217391753802,0.5276633000256368,128,0.40829808610862983,160
1736,0.26934356876310517,0.13462603781704274,0.26934356876310517,256,-0.2686826168137486,202
1737,-0.8320922565060016,-0.4158527617435652,-0.8320922565060016,256,-0.5918954610492619,305
1738,-0.11944211422508033,-0.059477162259952365,0.4765269117427806,128,0.40241779494604657,217
1739,-1.052144907339681,-0.526382196213973,-1.052144907339681,256,0.6782730806216932,209
1740,0.7477739729795871,0.37401738920303274,0.7477739729795871,256,0.5567580214490135,398
1741,0.5851966546869107,0.29269134691281806,0.5851966546869107,256,0.4836865678439608,312
1742,-0.3105098180697894,-0.15457159656330077,-0.6936328515224659,384,0.48907058862330643,115
1743,0.35147909184249215,0.17606940638557944,0.35147909184249215,256,0.3711233477632163,373
1744,-0.4993821059191532,-0.2501056072242136,-0.4993821059191532,256,0.45520880948436115,201
1745,0.1894793030401729,0.09465091809181558,-0.5294168325807647,96,0.36850751663280334,414
1746,-0.10503886422154096,-0.05221283369550633,-0.19646357766941946,128,0.1793342957215458,53
1747,-0.01585679929115713,-0.008115437122171443,0.44520332201945223,128,-0.2612776084138204,317
1748,0.49950372403503707,0.24976320232534022,0.49950372403503707,256,0.4108134150404794,268
1749,-0.38195035477917827,-0.19021287609209026,-0.38195035477917827,256,0.28144638980793957,246
1750,-1.0537055240596374,-0.5267357772176808,-1.0537055240596374,256,0.582610363996082,182
1751,-1.0661062469970943,-0.5331085392359398,-1.0661062469970943,256,0.8066649357349434,213
1752,-0.7244314156126563,-0.3622805340370405,-0.7244314156126563,256,-0.5233930508397293,385
1753,-0.5009039564803004,-0.24971581065952364,-0.5009039564803004,256,0.27579261377570674,188
1754,0.26720403629366274,0.13332589664588568,0.3153367139392458,128,-0.2676561260139465,46
1755,0.3578528610989906,0.1792295202576213,0.3578528610989906,256,-0.2970139802990417,63
1756,-0.9132429037967711,-0.45634240935456205,-0.9132429037967711,256,0.6119882944112476,231
1757,-0.53074109992275,-0.26515727075283735,-0.53074109992275,256,0.4798208112932798,197
1758,0.3324131286381089,0.1662961209411833,0.3324131286381089,256,-0.277640810401536,108
1759,-0.5852106002781738,-0.29344783930355334,-0.5852106002781738,256,0.4994628661495284,117
1760,0.08589788778976981,0.04268823486194151,-0.5406946471936749,128,-0.3625892440121845,178
1761,0.18770337921736768,0.09351899346461323,0.46502599524310995,128,0.30125584436848385,416
1762,0.5387807075563842,0.26914054884503,0.5387807075563842,256,0.4913292220969083,366
1763,1.0165909237806545,0.5077265692088986,1.0165909237806545,256,0.6149774697460089,347
1764,-0.14637463634574033,-0.07377601938702583,0.25288008402520745,288,0.26468651516191244,224
1765,-0.41436249503686895,-0.20685195780791332,-0.4779236803434017,64,0.39721840105909223,190
1766,-0.15701290552581781,-0.07838197664096924,-0.5634086381077879,128,-0.3997522675907135,410
1767,0.2774633194134708,0.1383013461230007,0.38251569735587054,96,0.2892160141553859,354
1768,-0.05603990952997151,-0.02770538787433452,0.9124725411990653,128,0.5674200031876637,149
1769,-0.5799873246133416,-0.2897733513705134,-0.5799873246133416,256,0.43048748482769383,198
1770,-0.2603969007805347,-0.13010133109790445,-0.33586585408460223,64,-0.2747417681339357,449
1771,-0.00045491474773484697,0.000422254931606858,0.23745739457376658,288,0.17293764804378498,354
1772,0.2708765289175403,0.13533430624164566,0.27610811840270344,128,-0.3083827330239046,115
1773,0.11996351632831193,0.060287942354989354,-0.46328445275423746,384,-0.44293489165625033,214
1774,-0.09964714095278282,-0.05058802356813885,-0.27187451392092044,224,-0.2581029835916411,424
1775,-0.2398997024310745,-0.11925863499953948,-0.3073782244985779,128,0.28553063518197064,85
1776,-0.5180706763786702,-0.25911332761478434,-0.5180706763786702,256,0.32092062829264023,127
1777,-0.0960274059099504,-0.047619206459444285,0.7429835060809182,128,-0.47724949210055456,338
1778,-0.3294082029278229,-0.1647271369492671,-0.6157392777585358,192,0.4291841394816345,188
1779,-1.1893049770800133,-0.5944187564917911,-1.1893049770800133,256,0.6540825317536019,238
1780,0.2301165512645298,0.11476876510630518,-0.39202848952312763,128,-0.31005210165378116,194
1781,1.9518131571761046,0.9759684356214962,1.9518131571761046,256,1.0741593745333944,282
1782,-0.02199946533701791,-0.011110090554325325,-0.44452185832386704,448,0.399338000605411,59
1783,0.6131371378770041,0.3056681192269366,0.6131371378770041,256,-0.5036837101936555,232
1784,0.3165006930439631,0.15820366294985888,0.3165006930439631,256,0.2761662938781342,397
1785,0.4039854966017913,0.20250388402033082,-0.5675344331255587,384,-0.5039468415333488,152
1786,-0.21767274964238936,-0.10862387027884779,-0.24129086467002026,192,0.23066189312059393,11
1787,-0.3772926210661467,-0.18883928773001912,-0.6220400189870361,448,0.5010568635026971,191
1788,0.044868429463150505,0.02213909986994622,0.34502358896105534,384,-0.28310013680574286,58
1789,0.5044295426425549,0.25335218951568095,0.5044295426425549,256,-0.3874708919769603,224
1790,-0.10457614899976875,-0.05344208724142163,0.4495132682632459,128,0.3573972531546019,155
1791,0.1681804309073982,0.08382319258083726,0.21895270040516834,160,-0.21876143107765245,92
1792,0.34476223966288444,0.17251041842180825,0.34476223966288444,256,-0.3149680478147161,186
1793,0.746952274824082,0.3738258561503187,0.746952274824082,256,0.45307814033816385,287
1794,0.35752172397010895,0.17940610608931706,-0.6260418767084417,128,0.48737744667670313,367
1795,0.4810752620677192,0.24026285498234756,-0.933179456449551,128,0.7349983799752522,371
1796,-0.08538183664921917,-0.04255701751247898,-0.32447540228145044,128,0.284998740183795,89
1797,0.0929365936646036,0.04667847920256918,0.5694968602410313,384,-0.32222529070941164,126
1798,-0.44264149475876025,-0.221438952604899,-0.44264149475876025,256,0.3006393740708688,164
1799,0.17231017563506157,0.08660445115876314,-0.37852644891343346,128,-0.24298904303000768,133
1800,-0.7050585913657414,-0.3532325920266999,-0.7050585913657414,256,-0.392946957517438,284
1801,0.5010181199442627,0.2497787759897392,0.5010181199442627,256,0.2851467849426399,420
1802,-1.15228988288834,-0.577502121299915,-1.15228988288834,256,0.721649024094404,248
1803,-0.5245749227062504,-0.26199099985939256,-0.5245749227062504,256,0.49208503097557355,218
1804,0.20652878058007218,0.10442024711551312,-0.44036100493781305,320,-0.3046609278206347,199
1805,0.07484931224803404,0.03711545342002864,0.7918096704540147,128,0.5079209441245212,402
1806,0.5997365543872206,0.30013431499602916,0.5997365543872206,256,0.4426463087435195,324
1807,-0.057694700544629995,-0.02853428973651262,-0.5615125552398155,128,0.31296645650009225,117
1808,-0.6531736686842464,-0.32580371054064017,-0.6531736686842464,256,0.47969638578555873,233
1809,0.1247086554217276,0.062288015451883894,-0.23158306375773918,384,0.25962405069077477,284
1810,0.43922649216756326,0.2192670012636313,0.43922649216756326,256,0.2192670012636313,256
1811,-0.4583560460256706,-0.2277401391874605,-0.4831657218648644,128,-0.41797838482682437,388
1812,-0.5037045277834409,-0.2521834749844061,-0.5037045277834409,256,0.38572445176723136,175
1813,0.24917758399038803,0.12456037910214945,0.3298058592502713,128,-0.262833731105502,126
1814,-0.03887582760171426,-0.018651503919187462,-0.16770883430928052,160,-0.13629495041533346,353
1815,-0.19276790192665771,-0.0968180472297604,-0.3095595556766284,384,0.32205073818795427,113
1816,-0.4919078161339314,-0.24636118312528765,-0.4919078161339314,256,-0.3987786009152501,281
1817,-0.21122783011253432,-0.10598508360322967,0.47368814598013387,384,0.44458764754384106,210
1818,0.14409645650610514,0.07182109865203756,0.14409645650610514,256,-0.21809050502841387,148
1819,-0.5972071940360593,-0.29926860055479665,-0.5972071940360593,256,0.3172517743222443,239
1820,-0.08331365045089001,-0.04152652391539391,-0.2674747989304649,128,-0.20683566118776753,459
1821,-0.455142398381696,-0.22737081870118914,-0.455142398381696,256,0.3067711963677482,167
1822,-0.29689900121334745,-0.14872919774023785,-0.29689900121334745,256,0.28702981532734384,210
1823,0.9114318465323663,0.45592103394156425,0.9114318465323663,256,0.5145932098717481,264
1824,-0.272235401149004,-0.13588426121194175,-0.272235401149004,256,0.2433125682130708,240
1825,-1.059174061011987,-0.5301635852439119,-1.059174061011987,256,-0.6793161381599475,291
1826,0.15751180705245815,0.07856847945379286,-0.3515114238295638,128,0.42357651501890814,306
1827,0.2822380126642088,0.13984698969750298,0.2822380126642088,256,0.28950410261501247,346
1828,-0.13516518540905054,-0.06813805682003249,0.28186026445604284,288,-0.32317438142609944,404
1829,0.01685494521802866,0.00819655519768503,0.3214229992217099,192,-0.2886814712006398,26
1830,0.6066790973341654,0.30313383334652144,0.6377058198412442,128,-0.47021411127326473,127
1831,-0.06506593665739047,-0.03349858087926805,0.4028262269607694,288,0.3454944245148681,170
1832,-0.2958954643932543,-0.14803640062223167,-0.3701016627925924,64,0.30773157314288824,37
1833,-1.3905108372766506,-0.6956543998113318,-1.3905108372766506,256,0.7132280532259472,254
1834,-0.2028992506278655,-0.10134195461554896,-0.5164631546198422,128,0.38170214289957016,115
1835,-0.02914809275313246,-0.014112303727614517,0.358843934960305,32,0.29659986018293694,173
1836,-0.02921524030392675,-0.014433714163118339,-0.14151529010774766,352,0.18599480291651105,83
1837,-0.23774403606324768,-0.11948718480067555,0.37154240454304954,320,0.3468223833079662,203
1838,-0.19276739202265958,-0.09619357331322931,0.3365102193095595,192,0.2539557485389281,84
1839,0.1934187606880755,0.09633443635539152,-0.33893880382640873,64,0.32441637161315384,444
1840,0.645857026548299,0.3231387805062411,0.645857026548299,256,0.5069598508147237,293
1841,0.3476372965166661,0.17329190139975026,-0.34893666874872054,128,-0.37347088892897773,144
1842,0.21771678365701064,0.1087932749344418,0.6639445751687276,128,0.4227361517029067,396
1843,0.19774218865345006,0.09931385874466514,-0.42260795275350915,192,-0.3566675069019709,198
1844,-0.1424343338362064,-0.071871786153622,0.15452802437948776,128,0.20526451266186996,145
1845,-0.12750859759682953,-0.06291952210366958,-0.2828684938778565,176,0.30252469629490975,141
1846,0.6479238223960522,0.3235615233945168,0.6479238223960522,256,-0.5279620427740497,199
1847,-0.6036139540005365,-0.3008563533169877,-0.6036139540005365,256,0.39055666623568186,215
1848,0.4790532332006876,0.23970843646850426,0.5085919154452938,64,-0.45652777577606685,188
1849,-0.7347291239286449,-0.36748648423397867,-0.7347291239286449,256,0.5483836280595824,110
1850,-0.1034988858255872,-0.051845241906022466,-0.2947437080869122,384,0.24480654074825736,122
1851,0.5040574897178374,0.2514515610616286,0.5040574897178374,256,0.4286191900177414,358
1852,0.41972232301642975,0.209685321732195,0.41972232301642975,256,0.41143016398632426,337
1853,0.5195676136631846,0.2589195428111566,0.5195676136631846,256,-0.40758650858515466,90
1854,-0.4279314020407128,-0.21427842224323967,0.5243973538519526,128,0.5226507157243816,209
1855,-0.7612252656485623,-0.3806895585529446,-0.7612252656485623,256,0.38246539728802986,247
1856,-0.6597732745287885,-0.3300327121659734,-0.6597732745287885,256,0.5001938788166314,108
1857,-0.3103380449852864,-0.15471616228248308,0.34498756407350584,384,0.3664929532672545,168
1858,-0.6946064182761233,-0.3470746230798909,-0.8095741221487742,384,-0.7470446445194057,407
1859,0.1837488504321243,0.0917066986120858,-0.22511289108700794,320,0.24953393323460205,313
1860,0.1097048722029399,0.054203707588953876,0.2594735818297522,128,0.29769130123702325,422
1861,0.0930393538561134,0.045814790444637765,-0.20271720336489807,128,-0.21265162089042633,207
1862,-0.8961707612446048,-0.4481039609532331,-0.8961707612446048,256,0.5529501726425394,207
1863,-0.34056792667846025,-0.17002630048443734,0.380779341465427,448,0.35041804840517443,81
1864,-0.08813885063585758,-0.04432532468007366,0.15804347364689875,112,0.17139790851351933,53
1865,-0.9500262572252325,-0.4747595839354233,-0.9500262572252325,256,-0.5756109623783345,291
1866,0.16491339486651668,0.08350174663928556,0.3912561712799345,128,0.34708337426485514,398
1867,-0.07471635346803396,-0.03764081677462627,0.10621581701622063,288,0.10459516377252953,232
1868,-0.21714329187653902,-0.1089947549670569,-0.7552915906947675,128,0.4697085901899243,91
1869,-0.1340838400247435,-0.0658612293442502,-0.3362875385184374,32,0.2928735089344343,214
1870,0.5629932130664486,0.28190853173774144,0.5629932130664486,256,-0.3688872193750967,241
1871,-0.2654538013021863,-0.13210885179040588,-0.2654538013021863,256,-0.35922057125878837,363
1872,-0.2578203259025713,-0.12945467333980787,-0.2578203259025713,256,0.2728291125554847,158
1873,0.18090346751924358,0.09082119535602828,0.4952154667868811,64,-0.40558219003705176,174
1874,0.3769787014293797,0.1887434448942713,0.5568819995954755,128,0.37306681642445483,384
1875,-0.2510840069687106,-0.12534277711449704,-0.641566825186203,384,-0.4169747182658625,388
1876,0.4693072023879381,0.23465214130567347,0.4693072023879381,256,-0.48159873195541536,212
1877,0.6412810552864698,0.32010004341378817,0.6412810552864698,256,-0.4805633010885231,233
1878,0.3066932095172774,0.15321919315903187,0.9269770847123482,128,0.5656411847646154,390
1879,-0.960153844274771,-0.47958780749416974,-0.960153844274771,256,0.6764677195054958,221
1880,0.5038440495794134,0.2509745575118245,0.5038440495794134,256,0.36925400486319404,327
1881,-0.06445081798042906,-0.03225036911109669,-0.19137868622202348,64,-0.21276419303615057,454
1882,-0.12069758787953333,-0.05940329205040484,-0.2890311020205445,320,0.2483713194316195,55
1883,-0.12139250971759452,-0.060047460861738955,0.4928366579369765,128,0.34906666028206246,166
1884,-0.3695117701847721,-0.1845924729647379,-0.9647079483146541,128,0.5744867985120834,127
1885,-0.46306263709212203,-0.23173538167841912,0.5052019360857685,64,-0.46776490700761997,311
1886,0.6082029563353046,0.30387541132665774,0.6082029563353046,256,-0.45467379216887593,236
1887,1.0048865974000023,0.5023027651891994,1.0048865974000023,256,-0.5268064290026473,250
1888,0.18402080524276698,0.09181958966519232,0.34540258469258234,32,-0.3447292633243535,218
1889,0.14843171790352017,0.07486980911320984,0.3674495717424975,320,0.3389585943604061,330
1890,-0.7850116695641418,-0.3920063178651958,-0.7850116695641418,256,0.5913428872382269,212
1891,0.4555211162335695,0.227766034329278,0.5405712744082507,448,-0.4587273428874141,55
1892,0.33128118597068124,0.16606326174991182,-0.45252712846257737,384,-0.43789172922708985,172
1893,-0.15134939710998196,-0.0764783758872909,0.48728598747750596,64,-0.44695153403318955,317
1894,0.63578300802493,0.31701616468535576,0.6470279380146735,192,-0.4856590766902116,190
1895,0.23404565244365472,0.1164873905848367,0.4384470832610532,192,0.39006175456876235,339
1896,-1.0182588081547692,-0.5096908929315873,-1.0182588081547692,256,0.7031444448724358,125
1897,0.20453296712881297,0.10251368214301237,0.49062130431877904,96,-0.36004847366588777,31
1898,0.3383075190234308,0.16906830704374443,-0.6472597486770155,320,0.4822821277784328,431
1899,0.2736290259939551,0.13684439041014684,0.2736290259939551,256,-0.20726820038123606,189
1900,-0.021849770032872584,-0.010303127234607246,0.42497902456099723,64,0.24224892436967593,208
1901,0.051829080444775855,0.025637802167352675,0.11454570052268309,192,0.12733652203235124,474
1902,0.6481039868099856,0.32375550708343326,0.6481039868099856,256,-0.3950094907694961,215
1903,-0.1581016975284797,-0.0794289608140275,0.3731377712281301,128,0.29431747996764557,163
1904,0.14609279238536033,0.07294558257842709,-0.5350480143816299,384,0.4611221751607104,352
1905,-0.020298417345344433,-0.00921960523908183,0.3436579608738839,448,-0.2528541440037202,319
1906,0.6245253310215162,0.3125993878586826,0.6245253310215162,256,-0.4060581481501231,116
1907,0.7670980326254835,0.3834240693295783,0.7670980326254835,256,-0.6477977304032265,187
1908,-0.1585250533046576,-0.07861102343267135,0.17309588078819615,32,0.19256660000689862,240
1909,0.2738620959606237,0.13696741251615663,0.2738620959606237,256,0.31753667502113103,298
1910,-0.3259647113414985,-0.16273097133185388,-0.3259647113414985,256,0.26042537227056073,177
1911,0.6521701865000296,0.32620290870139,0.6521701865000296,256,-0.44124463006525616,220
1912,0.1378513517682336,0.06813259930930826,-0.4881156625262406,128,0.33096583252734035,376
1913,-0.09378874288069028,-0.047094001739992564,0.18745285529837474,32,0.1625617571642124,161
1914,-0.568256774264114,-0.2845433504504342,-0.568256774264114,256,0.3470925654499979,199
1915,0.4563671152866675,0.22882568520410018,-0.8663730683561539,320,0.624094979957647,313
1916,-0.016562085435992913,-0.007783598772988398,-0.6061423087024878,128,0.48350472447535253,101
1917,0.23255026569339066,0.11681648342931794,-0.23783552145141584,384,0.32883929548273727,326
1918,-0.10246901938535302,-0.05147213472196199,-0.4979031924229105,128,0.38833594510971636,111
1919,0.26688793959590384,0.13364241729249215,-0.3017979521679308,384,0.3943075956128155,340
1920,0.6181122087739652,0.30926838686571045,0.6181122087739652,256,-0.38066034314616104,246
1921,-0.038254789419511326,-0.018844958570184644,0.16411419974542696,480,0.19945820107719214,105
1922,0.10153404661542709,0.05093782947650993,-0.19056757312563377,40,-0.1752181619510509,216
1923,0.8025593712876287,0.4013021275692381,0.8025593712876287,256,0.4311906581469316,280
1924,-0.33765980868048473,-0.16917521236979383,-0.33765980868048473,256,0.3042670244196586,191
1925,0.03340621999575433,0.016669124217060016,0.48466600952784233,192,0.3447237395619709,324
1926,0.1694003597281437,0.08480407282237934,0.3718821754575856,384,-0.22970398558732086,123
1927,0.1431441401343534,0.07224020952389765,-0.31728092045335643,384,-0.40682905849848794,172
1928,-0.22321010422413678,-0.11120645572987087,-0.22321010422413678,256,0.19783052048830996,224
1929,0.1332386006853028,0.06705781363436358,-0.24383192012231802,384,-0.35216770302358213,150
1930,-0.7794524202142554,-0.3899581464068831,-0.7794524202142554,256,0.48881467359871067,210
1931,0.36607524159757077,0.18301540857663667,-0.7981657208738824,128,0.5508193043702931,374
1932,-0.5330398828831449,-0.2665138809504697,-0.5330398828831449,256,-0.3345545963028371,263
1933,-0.7077206164395307,-0.35334338226491013,-0.7077206164395307,256,0.44166418365409754,231
1934,-1.0082863747862234,-0.5032360347787517,-1.0082863747862234,256,0.516335132079206,247
1935,0.5938937627686869,0.2966145924966668,0.5938937627686869,256,0.4379860910106572,400
1936,-0.17479888120732312,-0.08765677281456874,-0.17479888120732312,256,0.16080073526828187,71
1937,-0.9426479091313809,-0.4709208207887059,-0.9426479091313809,256,0.5762716172901605,184
1938,-0.4505709279292205,-0.22490087161409633,-0.4505709279292205,256,-0.3854953494719098,331
1939,-0.08522558977827543,-0.04320747202604025,-0.2460775560557522,192,0.25362078887432915,44
1940,0.06753947878996769,0.033792445498335155,0.1297391482244734,128,-0.0972655171989345,124
1941,0.43178868002101467,0.21673414965425764,0.43178868002101467,256,0.3762264368289152,353
1942,-0.36409754796511606,-0.18202257702927227,0.56407842051442,128,0.4634548275722352,158
1943,0.040221957083304005,0.019850315322457845,0.14423518468454688,128,-0.15258817341566555,93
1944,-0.4078895041052135,-0.20347922785163064,-0.4717295389298215,384,0.3485359021394032,125
1945,0.5748683232657754,0.28758589095113507,0.5748683232657754,256,0.43411523785374584,362
1946,0.16363564937384467,0.08191091664659211,-0.8272399045193879,128,-0.5468775384940443,152
1947,-0.6497696557088375,-0.3251721940779646,-0.6497696557088375,256,0.43347843609544157,234
1948,0.2010667972717215,0.10038990408065729,-0.39021696098706116,320,-0.3003175081581446,192
1949,0.022979810163263892,0.011754992774825723,0.2658727852395515,128,-0.18026636216684722,55
1950,-0.5510280782313544,-0.27535652112081266,-0.5510280782313544,256,0.5123821832794704,113
1951,-0.7387949901490742,-0.36845739108102293,0.8986284006631422,128,0.6512917811248826,199
1952,-0.08361372356088737,-0.041969037141257104,0.4089294566093713,448,0.4741747651492858,75
1953,0.8463325010267795,0.42348920934989565,0.8463325010267795,256,-0.5167500434729106,248
1954,-0.2859597705493968,-0.14266363606137134,0.516599245381542,384,0.43586953693792907,195
1955,-0.3646997036820778,-0.181994399410911,-0.3646997036820778,256,-0.3086795508323803,277
1956,0.09296327323406217,0.04717753833298843,-0.31660279341065234,128,-0.40768196279699964,172
1957,-0.08784038762533442,-0.04359977316119057,0.23379186213730918,384,0.17830931382914628,196
1958,-0.716335194973766,-0.35799096157751364,-0.716335194973766,256,0.5948771686267662,202
1959,-0.3934756987564185,-0.19718791362799948,-0.3934756987564185,256,0.40977071839557766,195
1960,0.06757502615704425,0.03459591680788776,0.16383570043615237,192,0.16084247000458163,332
1961,0.08544127362156928,0.04338542035040405,-0.4742164029360083,384,0.4840987228048448,340
1962,0.358059931872873,0.1782930334225057,0.358059931872873,256,-0.21133138807539353,127
1963,0.10861910777080652,0.05392890039007625,0.32835974488642705,352,-0.28775951988643556,91
1964,0.20378951218785346,0.1021572714442982,0.20378951218785346,256,0.22778976524131167,300
1965,1.2045984381385324,0.6023055426478834,1.2045984381385324,256,-0.7766398140015554,242
1966,0.04965644864162755,0.024275411142980374,0.1499887038335146,92,-0.2041976719534091,203
1967,-0.5502574707325039,-0.27541859216677267,-0.5502574707325039,256,0.3318459511242082,57
1968,0.9073106972090272,0.45362076479648294,0.9073106972090272,256,0.5468666102684097,332
1969,-0.37189947376128885,-0.18636373972066167,-0.37189947376128885,256,0.43702951092618036,107
1970,-0.08833360354498154,-0.044284200431036425,-0.23507000413025025,192,-0.23352806175972773,468
1971,-0.14461589156360333,-0.072235535499658,0.5221232928099369,128,-0.44419061843802865,355
1972,-0.5111008606673408,-0.2551255560027812,-0.5111008606673408,256,-0.406860033777491,329
1973,-0.7875399117341146,-0.39366211000245244,-0.7875399117341146,256,0.4860077801493503,230
1974,0.6579838732679377,0.3281667128405843,0.6579838732679377,256,-0.5401020373617484,154
1975,0.13927673350696068,0.06889637867897136,0.18571864004877625,96,-0.17642849605546473,92
1976,-1.2247379358364867,-0.6127130663610103,-1.2247379358364867,256,0.6507066142021358,219
1977,0.5458438416448814,0.27330002930727915,-0.5684578225198038,384,0.547343248849927,372
1978,-0.03898079264203602,-0.01924303406724448,0.3701181345449811,192,0.2751627877200207,70
1979,0.5785600497183907,0.288723078021917,0.5785600497183907,256,-0.4644556776364084,152
1980,0.6212411297381664,0.31096083018144327,0.6212411297381664,256,-0.4631235797041455,99
1981,0.2160989498300978,0.1077147327325747,0.378489730644219,192,-0.3512641379072363,44
1982,-1.196296175332435,-0.5971979188102807,-1.196296175332435,256,0.7062205922690623,237
1983,0.20684156219689953,0.1042211863423006,0.4576839154011054,384,0.33182810213332914,456
1984,-0.0024330789807436304,-0.0017716256361381966,0.18492433906880024,160,-0.20304693919644023,477
1985,-0.6714390672433979,-0.3354721269139702,-0.6714390672433979,256,0.5805224965028799,108
1986,-0.05924049175271762,-0.02842018511952915,-0.626849341827608,128,-0.40961401574725187,393
1987,0.3621327993040495,0.18092171966839032,-0.37321954937669943,448,-0.46179697695529853,194
1988,0.6615154903082612,0.3311346142118907,0.6615154903082612,256,0.39891655985508123,336
1989,-0.3927138592657684,-0.19597319208560293,-0.3927138592657684,256,0.3482742834989381,175
1990,-0.56033637377638,-0.28002793548239424,-0.56033637377638,256,-0.43209304456973996,281
1991,-0.08608502121128936,-0.042860607173992094,-0.41773871371498217,320,-0.35497119834883506,464
1992,-0.621799876924058,-0.3105754840813404,-0.621799876924058,256,0.5274736281063213,240
1993,-0.7679525572168586,-0.3842273027933345,-0.7679525572168586,256,0.42422052672682753,254
1994,1.2087507550366468,0.6037863302747724,1.2087507550366468,256,-0.6191683496579685,254
1995,0.5917206925886376,0.29520635905106474,0.5917206925886376,256,0.41303373385341047,263
1996,-0.8834832725122794,-0.44264154525160393,-0.8834832725122794,256,0.46977244082256675,251
1997,-0.15230229409471008,-0.07567337772891847,-0.19292951760340316,64,0.2804717453055048,176
1998,0.5842900888162319,0.29184217054432793,0.5842900888162319,256,0.49206511470049463,356
1999,0.45615144325236656,0.22804411871931052,-0.7477711478544506,384,-0.5506004780382625,137
